epoch,train_mse,validation_mse
1,0.5717247883478801,0.3446372252280318
2,0.18337957660357157,0.12616800417111615
3,0.0794337215522925,0.03303335792949702
4,0.03646770790219307,0.08674551006846541
5,0.05583817064762116,0.06933111404105434
6,0.04276780063907305,0.032268347027968235
7,0.02594959003229936,0.02965369261801243
8,0.035624432191252706,0.03641104805979907
9,0.02850911095738411,0.035941091945438874
10,0.02279871900876363,0.03096529526826669
11,0.03511877954006195,0.031043595209072426
12,0.02531254819283883,0.02604885169444239
13,0.0263101056839029,0.02452071135731663
14,0.026400142287214597,0.02710577299246403
15,0.020363951101899147,0.023158830755544226
16,0.013032465785120925,0.019656752792597695
17,0.014923494247098764,0.016746364369819775
18,0.012332183929781118,0.017044410837344884
19,0.01162602820744117,0.013632173951546566
20,0.007950599988301594,0.015238773549804244
21,0.007507855879763762,0.01249668743038792
22,0.005565306458932658,0.010455196338801136
23,0.008713251445442438,0.009924789532424184
24,0.010718303794662157,0.011758216811351418
25,0.003917439561337233,0.008631709925500369
26,0.004813099311043819,0.006958580995711872
27,0.006495813249299923,0.006453828428281603
28,0.005969814754401644,0.007270459485364946
29,0.006692165633042654,0.008295907286971103
30,0.006005050940439105,0.00821703380912425
31,0.0045191028194191555,0.006471593031938385
32,0.003398432893057664,0.006675674565371097
33,0.004119792549560467,0.00651902458300506
34,0.003061535085241,0.005307684285844874
35,0.0032651829921330013,0.005531970059543144
36,0.0024741767439991234,0.005621252830807618
37,0.00271818907931447,0.005770625377909874
38,0.0023410480624685686,0.006442049994888737
39,0.0031462883809581397,0.006224693473809817
40,0.0031560891773551704,0.0056437345910964045
41,0.0007697994355112314,0.005294003963881121
42,0.0008988912877005835,0.00488398291581259
43,0.0006735161684143046,0.0050766598139926206
44,0.0018614828770902629,0.004813782870769501
45,0.0017322553942600886,0.004653517230171857
46,0.001974043162772432,0.0047210902855621545
47,0.0015652832419921954,0.00429768793607556
48,0.001513371952266122,0.004378360182809548
49,0.001404439964486907,0.004322747993246307
50,0.0007576769217848778,0.004439913257076515
51,0.0012674691660019258,0.003873622147586402
52,0.0008855329787669082,0.004420096458001869
53,0.00046914969958985846,0.0038868944182639986
54,0.0011944394403447707,0.003616840490616682
55,0.0005217735733216007,0.004208970954275038
56,0.0012349010212346911,0.0033534780936682316
57,0.001301049922282497,0.003710545848791055
58,0.00032307405781466513,0.0035532678763462804
59,0.0010174074481862287,0.0032477259093264895
60,0.0003982669261555808,0.0036032284265310748
61,0.0003541104456720253,0.0032719508928107464
62,0.0011590046827526141,0.0037473679234193064
63,0.00036705045495182275,0.003223792011812916
64,0.0009404859233958025,0.0032318254976760686
65,0.0011427143608064702,0.003302909631839418
66,0.0009548965511688342,0.003238541910087499
67,0.0009233617320811997,0.00311136086596044
68,0.0007996648996292303,0.0030594048068279356
69,0.0003994317288743332,0.0033047664543892456
70,0.00031702989193339214,0.0032285790025131907
71,0.000490453802437211,0.0033863997160215077
72,0.0003944346991678079,0.0033947324350945595
73,0.0009725475936041524,0.0032478501785575876
74,0.0010841516040576002,0.0034078593094517867
75,0.0009836568312797075,0.0029534916283460114
76,0.0008861008177821835,0.0030347601341919636
77,0.0008718502280923228,0.003111264265076382
78,0.0004553373728413135,0.003117622558291503
79,0.00026618468691594897,0.003229503497833342
80,0.0002903518499806523,0.003127805382658647
81,0.0009314853426379462,0.0029845711386461897
82,0.0010460468368061508,0.003129521568166459
83,0.00041447851496438187,0.002858167338207012
84,0.0008593226162095864,0.0029194854698547227
85,0.0008337142935488373,0.0028218235967196817
86,0.0006858816118134807,0.002836691501631042
87,0.0004058204300235957,0.002858126616677431
88,0.0007603816125386705,0.0028643541580696745
89,0.0010701933371213576,0.002931937839337221
90,0.0004792306669211636,0.002985706266866425
91,0.0009835934964939953,0.0031135324755404876
92,0.0008529163703011969,0.0027257980500149915
93,0.0002836642573432376,0.0031430515878665168
94,0.0006637836787073563,0.0029271366221346254
95,0.00030035142650982987,0.0031231042056337117
96,0.0007623283832799643,0.002913789302990662
97,0.0003137633592511217,0.0028883482175549183
98,0.00030356769372398654,0.0030044834752838445
99,0.0007239818340167403,0.0029378845246406052
100,0.0008350895417000478,0.0029507372674979562
101,0.0008666628117983539,0.0029026105574618175
102,0.0007027044096806397,0.0027291744023444147
103,0.00041644425558236736,0.0029812795220045592
104,0.0007590765366330743,0.0027757570382178297
105,0.0003328854703189184,0.002993399445994163
106,0.0007320526230614633,0.002851274810496747
107,0.000321425060974434,0.0030379207716800098
108,0.0006587025010958314,0.002910804788134699
109,0.0006576724137024333,0.0028795222861794974
110,0.0007631247145279001,0.003040673284549413
111,0.00024622434478563566,0.002850001248875706
112,0.000670811141996334,0.0027257804722180517
113,0.0007060410629492253,0.002790306031146622
114,0.00021170007967157288,0.0026705825708689184
115,0.0007164904095892173,0.002868099028141949
116,0.00035318398537735146,0.002887375931453517
117,0.00029439313996893667,0.002939203446070979
118,0.00027994276218426724,0.003022065686839303
119,0.0007346883901239683,0.0030287526855905223
120,0.0002755698321076731,0.0029087009304386425
121,0.0006458621782561143,0.0027951846837880106
122,0.0007156732269019509,0.002809423916628511
123,0.0006889577275918175,0.0027826807652343447
124,0.0002705736473823587,0.0026670726177495294
125,0.0007834794281128173,0.002716588732735144
126,0.0002949636206418897,0.0028461917545499764
127,0.0008206361322663725,0.002647077701399176
128,0.00033641437670060744,0.0028745085734316685
129,0.0003233554472293084,0.0028976894783105437
130,0.000628984840780807,0.0027941058089179316
131,0.000657818551796178,0.002809179697449752
132,0.00023372927389573306,0.0027870674705587502
133,0.0007015649132275333,0.0029003943543969178
134,0.0002625650823271523,0.0028148178509839875
135,0.0002639457602829983,0.0029100345476992485
136,0.0006841145028981069,0.003041078057873437
137,0.0006009835575241596,0.0028850160187154305
138,0.0006700535159325227,0.0026715456427434297
139,0.0002699929658168306,0.0032178005056939726
140,0.0006592016628322502,0.0026138086627259497
141,0.000249198298358048,0.00295147876159882
142,0.00023820031395492455,0.0029088036032525575
143,0.0006414534582290798,0.003015811195758384
144,0.0002819660633880024,0.0028984073740173514
145,0.0006844677147455514,0.0029504832070995505
146,0.0002034983723812426,0.002988925225680738
147,0.0005626540660159662,0.002716739896655552
148,0.0002109144790059266,0.003120030137145613
149,0.0007852549160209794,0.002571151166508986
150,0.0007387921640959878,0.0027712179186541266
151,0.0008488755285119017,0.0031250012290524685
152,0.0004217971368537595,0.002904930085999759
153,0.0006029334064805881,0.003211702924133755
154,0.0007454550999682396,0.002895038721598978
155,0.0006330943642145333,0.0029460668974504696
156,0.0006263812499431272,0.0028636540161577737
157,0.0005404024530434981,0.0028501610660294848
158,0.0005503053413121961,0.002834134302505358
159,0.0006003165734000504,0.0027385864216159647
160,0.0005644503301785638,0.0028766625978815276
161,0.00016112845429840187,0.003029082388448434
162,0.00020067260969274987,0.0031432865231525242
163,0.000473245995817706,0.0030223308351096205
164,0.00019932725505592921,0.00325696842788946
165,0.0006304745426556716,0.002907270345631547
166,0.0005895840120501816,0.0027509446981854326
167,0.0004900199516365925,0.00293206183723812
168,0.0004683060008877267,0.002908802437266027
169,0.0004917973206223299,0.002764105760147722
170,0.0001843509031459689,0.0032363678878686557
171,0.0004986355022992938,0.0030708167423296163
172,0.0002193752753858765,0.0030172230514485068
173,0.0005312494526151567,0.003326562423933679
174,0.0005123674200149253,0.0031272949445552713
175,0.00027061295307551824,0.003081289618679388
176,0.0004920098324267504,0.003115993814440224
177,0.00041248327664410075,0.0030794674163962914
178,0.0006644752458669246,0.002765214767336376
179,0.000307210177804033,0.002719853916682127
180,0.00019982843950856478,0.002960980187837533
181,0.0004625664403041204,0.0030272509096058334
182,0.0002572920697275549,0.002953405286676771
183,0.00015329492938083908,0.0028716553017262398
184,0.0001763537996642602,0.0029576876912060686
185,0.00017648900005345542,0.0031977699350888337
186,0.0005165912501979619,0.0031333940367647044
187,0.00014704383502248675,0.003101010718859556
188,0.0004430965636856854,0.0029730981465165072
189,0.0004270856690709479,0.0030751739313283305
190,0.0001428340357961133,0.0028679504051921873
191,0.0003889308107318357,0.0029868434117300306
192,0.00047278107764820256,0.0028473543971190302
193,0.00016305525180844901,0.003074574100924289
194,0.0004761444336812322,0.002946525126490302
195,0.00043378984167551,0.003241419887507525
196,0.0005273393306803579,0.0030095440181573544
197,0.00040800566396986446,0.0030825534600793848
198,0.00044103489975289755,0.0029870575132567114
199,0.0005504502119341244,0.003073595772226026
200,0.00042664301581680776,0.0029146353178840924
201,0.0001960034394869581,0.003212866586024367
202,0.00013368270786789555,0.002929646323809004
203,0.0001339137350441888,0.003344897224795161
204,0.0003762363126346221,0.003051777634271017
205,0.0005482676371078317,0.0029979023759759316
206,0.0003958328379667364,0.0029256814856111536
207,0.000508659709400187,0.0027129254193873856
208,0.0003610342847726618,0.0030622486993083804
209,0.00015606184994491437,0.0030712878448873994
210,0.0003993871369554351,0.003232873785566157
211,0.00014511952710260327,0.0032109871990685388
212,0.0003887595899868757,0.003295238217793581
213,0.00015604089033634713,0.0031048829527938458
214,0.00036521339886045706,0.0032178329993186035
215,0.0001431721742847003,0.003248626974917303
216,0.0003726888743888897,0.003228453963290988
217,0.0003461474324770582,0.003116656281787345
218,0.0003479942310756693,0.00323276724813022
219,0.00016606503292374933,0.0029363229423468038
220,0.0003669282368112666,0.0032208954886071327
221,0.0003310500527732074,0.0031249779386548545
222,0.00013918964104959742,0.0031850305422553866
223,0.0001635351616035526,0.002944663936990922
224,0.0004448313460064431,0.0031759227208030504
225,0.0004129879487057527,0.003225666918153838
226,0.00022781312194031973,0.002846603050798647
227,0.00039737162199647477,0.004128727959248964
228,0.0005014199031090053,0.0028049174465209713
229,0.0004248196695698425,0.00389695028943105
230,0.00039491698844358326,0.002717384333377631
231,0.0004066042146102215,0.0038192188807242497
232,0.00024925853164556127,0.0029066380307694356
233,0.00043950382387265564,0.0034294061905403776
234,0.0001433990357327275,0.0033387066429759575
235,0.00014765387556205193,0.0032423471841286486
236,0.00036315466374314077,0.0032753852804697403
237,0.0001548939006170258,0.0032347136903114206
238,0.0003630251943832263,0.0028591742042422762
239,0.00034625254823671033,0.003130846370862225
240,0.00012592958034171413,0.0032286505603532152
241,0.00011190670872262369,0.003074693266214348
242,0.00034655943066657833,0.003312446037674044
243,0.00011978807306149975,0.0030678265882054653
244,0.00031067269834845015,0.0030369181589289442
245,0.0001570334323332645,0.0031090033218616575
246,0.0003683720686240122,0.003192813744343172
247,0.00028816883568651976,0.002871687370022451
248,0.0002866625050955918,0.003175072855954095
249,0.00029915661725681274,0.0027571114836128677
250,0.00014264906058087946,0.0034074667386534644
251,0.00010154064075322822,0.0031277611411697284
252,0.00028928256118282056,0.003376520818143379
253,8.682675252202898e-05,0.0030505221161082033
254,0.00029657408207034073,0.0030527710401284415
255,9.312481561210006e-05,0.0029834727353350386
256,8.235779775228972e-05,0.00295255388551223
257,8.736077191618581e-05,0.0031478069722652435
258,0.0002968514372090188,0.0031106155805700406
259,0.0003207464168857162,0.002788007054037935
260,0.00032287262147292497,0.0029952491112933384
261,0.00012285163102205844,0.0029200865249112834
262,0.0003151779324980453,0.0027946097992624587
263,0.00033011209573790743,0.0034147173708935423
264,0.00030615118836673595,0.002831598289134934
265,0.00028031817249332864,0.0031756883905100543
266,0.00010106704236629108,0.0031741710790381657
267,9.225433071454366e-05,0.0029720368824429867
268,0.00010156235948670656,0.003171580014970359
269,8.386857468091572e-05,0.0032037466060458207
270,7.313823589356616e-05,0.00287632775074971
271,0.00027652437662860997,0.0029009146923859286
272,0.00010085728814980636,0.003108416947968832
273,6.952644471311942e-05,0.0029365708978157344
274,8.26078379759565e-05,0.0030645303699503262
275,0.0003255384780156116,0.003205812363848677
276,0.00014556986570823938,0.0029927401282773243
277,0.00023541302459004025,0.0032680391399996485
278,0.00019211198862952492,0.0030171695260668365
279,0.0003185397765870827,0.0031938864079516702
280,0.0001466085280602177,0.0029201073000046213
281,0.0002897451389192914,0.002980428711166532
282,0.0001923249505731898,0.0029695820408015268
283,0.0003373129613464698,0.00303212006569026
284,0.0002606384960624079,0.0030183839193713945
285,0.00028395431969935694,0.0031508882493367345
286,0.0003282836269742499,0.0031635744321182016
287,0.00015061158143604795,0.0030555638785320005
288,0.00010534064955815362,0.002922713789560898
289,0.0002746986404721004,0.0032789862208713696
290,0.00024325976313169424,0.002705679135763739
291,0.00011942054892036444,0.0029910353019716234
292,0.00013488248999541004,0.0028734475183557337
293,0.0003367151167670575,0.003022669513863841
294,0.0001457986538298428,0.0036739688513316507
295,0.00013026645853339385,0.0028080832026165536
296,0.00011828849092125893,0.002887875336684345
297,7.713433490910878e-05,0.003121098078142001
298,7.17454180024409e-05,0.002957233051791435
299,7.894931671520074e-05,0.0031479467586504194
300,0.00025836262939264997,0.0029163286603224557
301,7.973327592480928e-05,0.0027328754745893124
302,0.00027131930546602233,0.0030361536347607927
303,0.00019283750395212944,0.003051343799282716
304,0.00031618053326383234,0.0029377614635622174
305,0.00023391116604519387,0.0028088586184922167
306,0.00041169199200036624,0.0030905298859350326
307,0.00021473464439623058,0.0026625867430707367
308,0.00013237241461562613,0.0034473724736590085
309,0.0003506567794829607,0.0029578639201702566
310,0.0003265036027490472,0.0028677327983726666
311,0.000143383953642721,0.0028077670864350215
312,0.0002607724027863393,0.002866532770902153
313,9.234057458039994e-05,0.002643511746093396
314,7.590290285103644e-05,0.003086510048372539
315,0.0002390186709817499,0.003000581277695697
316,8.889412517116095e-05,0.002705294723204506
317,7.004240566554169e-05,0.0027375186382844223
318,0.00023429480837269996,0.002727593914935673
319,7.15723137545865e-05,0.0027089960447798564
320,7.471127173630521e-05,0.0028890717231969195
321,0.00010164416938399276,0.0034742942079901695
322,0.00029264757516405857,0.00269074099666373
323,0.0003290033215307631,0.0029730612749424507
324,0.00027481997288608304,0.0025451877997733478
325,9.72109570284374e-05,0.002774302444354756
326,0.0002998198450465376,0.0029731012704804186
327,0.0001752784344716929,0.0027108532706583578
328,0.000313503257833266,0.002646458837548344
329,0.00024313444931370516,0.0030918908195467446
330,0.00015630506386514752,0.0024930116043088766
331,0.00029363918874878434,0.00328041141574073
332,0.0001273873650158445,0.002733515153866349
333,7.603968503341699e-05,0.002728343438943775
334,0.00027590394020080564,0.002769702810823448
335,9.437280047374467e-05,0.002784095249894097
336,7.11806191247888e-05,0.002538525822066416
337,0.00025399910470393176,0.0026348035591911142
338,0.0001000729127554223,0.0025733504609358826
339,8.263550165186947e-05,0.0030795667012493443
340,0.0002469440970647459,0.0025226175528400997
341,0.00010461934483222043,0.0024276601377962613
342,0.0002494046076511343,0.0029182829270799327
343,0.0003168324319024881,0.0025605692447522492
344,0.0005101331684272736,0.002652886470295782
345,0.00020908907948372264,0.0027956782517529377
346,0.000248743119542875,0.0030778754267870912
347,8.943780218639101e-05,0.0026938178517863036
348,0.00024848624986285964,0.0024294800786888154
349,8.943589928094298e-05,0.0026295401089949403
350,0.00020517853340606962,0.0024707999857743893
351,5.3928117267787457e-05,0.0025844726652845622
352,0.00020823386100043232,0.002588951322213402
353,0.0002328622368319581,0.0023897454164570242
354,7.342721219174563e-05,0.0025232094816687537
355,0.00010302961066675683,0.002433302068870192
356,0.00021322762477211655,0.003139004536618398
357,0.00023709167871857061,0.0024723099566644102
358,0.00012691912100611566,0.002354999363429727
359,0.00010447649838170036,0.0028851989539354804
360,7.445703522535041e-05,0.0027630783536830754
361,6.708125038130674e-05,0.0024887243373774167
362,0.00024690629506949333,0.0027935379074783776
363,7.25977811574315e-05,0.0024000784624221287
364,0.00026589916475738086,0.0025437516563637987
365,0.00014145529858069494,0.0031400191942303197
366,8.76100884246019e-05,0.002838575017205843
367,0.0002567545726681904,0.0024026869172890353
368,0.00021368268159373353,0.0021715911955931992
369,0.0001462954130450574,0.002453802641129165
370,0.00028960963876064244,0.0034168608574651357
371,0.00017266911017941312,0.00245021518107181
372,0.00013621633673513618,0.0023599216296506208
373,0.00024035690682164084,0.002448743223909318
374,8.282418226978431e-05,0.002259345659179481
375,0.00023137211537687107,0.002481695704572783
376,0.00020575137217141066,0.0025076600172974934
377,0.0003179123918622887,0.002757129175075161
378,0.0002249426669247138,0.0022514336036635546
379,0.00037764384663508587,0.002724865686119072
380,0.00019306926308975864,0.002480331870661242
381,0.00019808834864913175,0.0025449506058467654
382,0.00040721282615171123,0.0025057724611027036
383,0.00026052109751617536,0.002259145215828353
384,0.00024212359955223898,0.0028028715599885605
385,0.00010513018205529078,0.002440151875823971
386,0.000348180170597819,0.002429966482986498
387,0.00024650521227158605,0.0029539635815606343
388,0.00024982919421745464,0.0025324941810777805
389,7.159968129902458e-05,0.0023642075798056255
390,6.905583286425099e-05,0.002166474131705958
391,0.000182749392115511,0.00245005222345431
392,0.00022202804539119824,0.0022488415725235864
393,0.00019452664952647561,0.0021623902363834655
394,6.62120141593429e-05,0.0022633424245085067
395,0.0001920735866103011,0.002401855304895893
396,0.00024684864329174163,0.0022756604067101253
397,0.00017927075823536142,0.0021829380045138946
398,0.00017638283607084303,0.0026190475025397587
399,0.0002869781785799811,0.002144405918056512
400,0.0002494662495640417,0.0020880688519921064
401,0.0002757685064959029,0.002548696256910018
402,9.977196702190364e-05,0.002310405455999018
403,0.0001813120659790002,0.002321345031290777
404,0.0002080271631712094,0.0024905181783214797
405,0.00022714579633126657,0.0021344589071318975
406,0.0001937799243023619,0.0021126207796578096
407,0.00013417831990712633,0.002166137332096696
408,0.0001064154622630061,0.0023539811116093257
409,8.869322433990116e-05,0.0024450639057464487
410,0.00024311518160781512,0.0020823971195124444
411,0.00028373311458077904,0.002046163871290353
412,0.00022336659846284118,0.002331325516662025
413,0.0002149173907431153,0.0022552867592349063
414,0.0002392435979951794,0.0021211780501368244
415,0.00027434676594566553,0.0022804413951464054
416,0.00019009891499687607,0.002408702095134521
417,0.0002223247743434816,0.0019641089331959996
418,9.339321792746583e-05,0.002025376001600264
419,0.00016786359677401682,0.0022746661318627398
420,0.00022578301917140683,0.0019790447476561966
421,0.00021321739865622172,0.0021390396456314824
422,0.00013847866988119978,0.002126769581626309
423,0.00010520705982344225,0.0026712930343282502
424,0.00010018298732272039,0.0021862173471306487
425,9.218788036378101e-05,0.0019962655858862706
426,8.103059468946109e-05,0.0021766640665742943
427,0.00023199292578889678,0.002387414862379784
428,0.00019314681752196822,0.0019249010539620997
429,0.00015766570698663902,0.00196237945755005
430,0.0001577626887107423,0.002119181024581634
431,0.00016308541259301516,0.0021687937024100793
432,0.00021518046269193293,0.002161832863655616
433,8.274850697489455e-05,0.0019355977919341366
434,0.00023582927145374317,0.0019557069396732127
435,0.00021309189808865387,0.001922766936073945
436,0.00030825812718831,0.002419031753138764
437,0.0002036589382138724,0.0020726316546155945
438,0.00013928042074743037,0.0020942452086839735
439,0.0002985246447982111,0.0020725522703659814
440,0.0002816590659980041,0.002342900891942302
441,0.0003115728604219233,0.0021232664685945694
442,0.00017841414082795382,0.0018804845478987014
443,0.00017315451599036653,0.0019692378503629775
444,0.00011430204661640649,0.0020540282661901917
445,0.0002895400786655955,0.002009710662734262
446,0.0002121179020226312,0.002391521646604529
447,0.0002569482232502196,0.002359580035930074
448,0.0002038928971160203,0.0017870446368245276
449,0.00024145832867361605,0.002066642540052357
450,0.00035840672596047324,0.0019831112182633146
451,0.00021419021650217473,0.0021297806602587383
452,0.00012876897720464814,0.002058037967369782
453,0.00016823400947032496,0.0017327986594370206
454,0.00022231158703410377,0.002227138186159624
455,0.000295759483318155,0.001900436013834331
456,0.00016205218465377888,0.0022228248050715042
457,0.0002676104568915131,0.002354881264210686
458,0.0001238904658142322,0.0018925993065313093
459,8.522839780198411e-05,0.002009535012180059
460,0.00017087743302302745,0.0018716824633311334
461,0.00016324999790716296,0.0019642004200558024
462,0.00012336037325439976,0.0018176809269531565
463,0.0002866079448722303,0.0016015275389755395
464,0.0002371468018585195,0.0019773204332422904
465,0.0009574381343554706,0.0019398255183867466
466,0.0008082282891943275,0.0021734955055111153
467,0.0005319438457566624,0.0018308554770512962
468,0.00020425998081918806,0.0018658986311464562
469,0.00023833422358923901,0.001701892991586933
470,0.0002434372300437341,0.0018000002147439192
471,0.00019363197109972436,0.0019666066697586007
472,0.00022853075449044506,0.0018146872003911077
473,0.00021882138583653916,0.0017470160861752604
474,9.164825605694205e-05,0.0017988773605485601
475,0.00023373222599426907,0.0017477085559049576
476,0.0001993175595998764,0.0016807339233932943
477,0.00011188799374698041,0.001911751642698554
478,0.00023232436457571264,0.001753938344479575
479,0.00024149482584713647,0.0017121994435259206
480,0.00020704828687788298,0.001853298714868431
481,0.0003333190979901701,0.002052615684966784
482,0.00023844408278819173,0.0017284358325451025
483,0.00010078218086467435,0.0017254935947840842
484,0.00015464565221918748,0.001722144924780706
485,0.00015077289620724817,0.0017738938647850352
486,7.12580838201878e-05,0.0018107962838601408
487,0.00023705526837147772,0.0017396889179651662
488,8.944732592984413e-05,0.001927513269868892
489,0.00016722249565646053,0.0021127839242731494
490,0.00026051888902050755,0.002082632341253476
491,0.0002204678962395216,0.0016110063735377336
492,0.00015742140822112561,0.001726362241916065
493,0.00020702266871618728,0.001790647556286628
494,0.00022377665736712516,0.0016914761547772875
495,7.046511188188257e-05,0.0016542653469313817
496,0.00023408836156401473,0.001528011250637809
497,0.00015463501137370864,0.001544010853871527
498,0.00018580742665411283,0.0015653775524582685
499,4.602968923184865e-05,0.0015686071618995446
500,0.00013285215973155574,0.0015796203368827408
501,7.191833307539734e-05,0.0015470293821678973
502,0.00013515041064238176,0.0015509446301886182
503,5.677527636483622e-05,0.0017180003933461867
504,5.5493038720063247e-05,0.00166476630481092
505,0.00019292834719332556,0.001488010399960216
506,0.00012332578771747648,0.0016567638605891719
507,0.0002878364844946191,0.0016776357922248365
508,0.00048114424377369386,0.0016026917517764539
509,0.0002045358356554061,0.0022323177064086978
510,0.0002710916295958062,0.0015911286743541108
511,0.0001662394609108257,0.0014540780538245743
512,8.142529004544486e-05,0.0014915899928167873
513,8.108283655019476e-05,0.001587452430197397
514,0.00017068335606988208,0.0016990810257793353
515,0.00022841441386844963,0.0013838817675297303
516,9.614782175049186e-05,0.0014563403674401343
517,5.4862172146386004e-05,0.0014815378109612832
518,5.0686707982094956e-05,0.0015239518570739365
519,0.00013427143324709807,0.0015060798155957847
520,7.347727563076963e-05,0.0015115258063915678
521,0.0001761000559781678,0.00158940944600645
522,0.0001697241702155831,0.0014431727367203947
523,6.122257133635381e-05,0.0015569806919803505
524,0.00017288515664404258,0.001762964575749448
525,0.00021631035391086093,0.0014816641791056343
526,0.00017127130122389643,0.0014690339114282309
527,0.00013049463644468535,0.0014409121895010957
528,3.619530568054567e-05,0.0015234089498664801
529,0.00019153004056230807,0.001406314520176324
530,0.0001635091524804011,0.0014690558105710835
531,0.00023789663585678986,0.0013700472413265242
532,7.483793403177212e-05,0.0014543054720724193
533,0.00015283508885962269,0.0014568628407794777
534,0.00014855451930391914,0.0014706790130072105
535,5.007726904295851e-05,0.0017108663652590879
536,0.00020771190853944668,0.0015565667660745579
537,8.689609094290063e-05,0.001489547726159226
538,5.7022569975136625e-05,0.001504174159568419
539,4.290015058359131e-05,0.001467661145161544
540,6.443926079858405e-05,0.001490638936928466
541,0.00017074079854258647,0.0013935904020414226
542,0.00023099131600853677,0.0014918435919080222
543,0.00021501211376744321,0.0015979826433848091
544,7.649110023824809e-05,0.0016002107611454027
545,0.00018974569829879328,0.0014109604269647458
546,0.00024119473891914822,0.0014208346654800332
547,0.00025627250579418615,0.001496207056105078
548,0.00034756009505751233,0.0015674553232681828
549,0.0002837241462354238,0.0015062110747878007
550,0.00025709492523067943,0.001455300531577407
551,7.014358052401804e-05,0.0013705597632183274
552,4.035537846599861e-05,0.0013976842041244716
553,0.0001303021754817261,0.001414468928559236
554,0.00022340246844881523,0.0013260753425644843
555,0.00010201199887281595,0.0012859547163330488
556,9.328704448610855e-05,0.001377262230082525
557,0.00012321058796563495,0.0014380937626431367
558,0.0002039414437604137,0.0014416194247268874
559,0.0001457644734424927,0.0012831005000135327
560,0.00016317591992750144,0.001308707235973167
561,0.00016125223434452587,0.001363565171812111
562,0.0003224544634576887,0.0014866567968471547
563,0.00042130313619660834,0.0014106516907812926
564,0.00013319087932662417,0.0013448264343044391
565,0.00018794457646436057,0.0016734730178448115
566,0.0003449909097980708,0.0012800792240405705
567,0.0002752084178306783,0.0012771131816378786
568,0.00020435381350883592,0.001507094962243724
569,0.0002360980215598829,0.0014035394804838195
570,0.00012177940467760588,0.00137672182534616
571,0.0002808176369095842,0.0012360785374652566
572,0.00022343568125506862,0.0014323929396245305
573,0.00022259388157787422,0.0013433908282845157
574,0.00024564418320854506,0.0013134227181036816
575,0.00027068884301115757,0.0014542117009056718
576,0.00024280011712107807,0.0013036346539679006
577,9.031939710742638e-05,0.0014581243149151542
578,0.00012883252347819507,0.001203987365185217
579,9.684761219735568e-05,0.0012883942869425875
580,0.0002236935213052978,0.001250534812465134
581,0.00023684224070166237,0.0013295920459392267
582,0.00010764978117852783,0.0016273575261289434
583,0.00010128002977580764,0.0015371288496021944
584,0.0001930529651872348,0.0013655620209110065
585,0.0001599312238492227,0.0014172275857743258
586,0.00014851485126807045,0.0013751665200840125
587,0.00014931318728486075,0.0014680193831793978
588,0.0001706801383988932,0.001488253951355023
589,0.0002563356470394259,0.0013282069808979496
590,0.00015697575193674614,0.00131803309392756
591,9.119190702525279e-05,0.0013220469342676673
592,7.246362171523894e-05,0.001274876162688446
593,6.773515827565765e-05,0.0013789060383743615
594,0.00014447103943287704,0.0015612448199629678
595,0.0002601778881701951,0.001519457983510985
596,0.00019986560170461113,0.0011500937911850496
597,0.00013021393194018554,0.0012192840497266119
598,0.00014682851324323564,0.0012548614548167259
599,0.00011874571840356415,0.0013465835119544447
600,6.882668773566062e-05,0.0012945311568406095
601,0.00011805075240166237,0.0013029518308975976
602,0.00016888161820437139,0.0012210988133456412
603,7.731345782910163e-05,0.001303293242661913
604,0.00011957974202232435,0.001286658759304051
605,7.923921269442265e-05,0.0012109680816267184
606,7.376641988230404e-05,0.0011814781061307651
607,0.0001266410215369736,0.0012766302452793007
608,0.0002160740017037218,0.001289359490959135
609,0.00033006816908406715,0.0011763782742319584
610,0.00023120656405808404,0.0014107723912984082
611,0.0003756802820134908,0.0016864526642882448
612,0.00027924740182546276,0.0015081720224785157
613,0.0004333751295537998,0.0012628853421449279
614,0.00041228188977887235,0.0012512545511089853
615,0.0005135848497351011,0.0018659862103014011
616,0.0006874005261731024,0.001364691599820352
617,0.0005982440498579915,0.0016561815493590496
618,0.0003888219109891603,0.001527427535448645
619,0.00017362867074552924,0.0017363773211142449
620,0.00021246026541727286,0.0016873987790279174
621,9.93694312152608e-05,0.0011479257070642756
622,0.0002482179023597079,0.0011272346382038521
623,0.00010392656743836899,0.0013267831938977418
624,8.549766474364636e-05,0.0014526980267250984
625,0.00017367373923965108,0.001430049549067974
626,0.0001929052586395604,0.001397352267261118
627,0.00012840946971361215,0.0013323113013803225
628,0.0001921760476155517,0.0010905365719034623
629,0.00010479309615523865,0.0011767938553894628
630,0.00020122022203092154,0.001493882807189375
631,0.00015497811412690983,0.0011844767468860446
632,0.0001949268946191296,0.001269449257416977
633,0.00029928169484871127,0.0012186615891035281
634,0.0001869055995484814,0.0013670736723753632
635,0.0002042275620624423,0.0013317104674670406
636,0.00017951708287000656,0.001115624859102261
637,0.00040681774553377183,0.0011688528549683272
638,0.00036836392537225037,0.0014057291834082364
639,0.00020674124534707515,0.0014481652836502332
640,0.0002933941893085527,0.0016218659748835672
641,0.0002970688627101481,0.0015130027020386764
642,0.0005242811903978388,0.001267445778717584
643,0.00040746290663567684,0.0015996257790229576
644,0.0003629745818519344,0.0014355836721132238
645,0.0004872234615807732,0.0012216787635418403
646,0.00042307813904092956,0.001640573660953073
647,0.00043097349407617003,0.0010841921969650563
648,0.0002166997466702014,0.0011245347513619253
649,0.0002901382940763142,0.0013254319668718152
650,0.0002775268959036718,0.0015637125609033304
651,0.00010918845364358277,0.0016736262727723142
652,0.00021208495115085195,0.0013373101648009944
653,0.0002781807170928611,0.0012270647535828404
654,0.0001749550593861689,0.0013820429921047542
655,0.00020792958142313485,0.0012921703614773023
656,0.00014087184123733702,0.001229224373630819
657,4.4505991051361583e-05,0.001233008623591924
658,3.495358396321535e-05,0.0011349594840178573
659,4.727920944181581e-05,0.0011293125032001783
660,0.00013119759181184538,0.0011122725413806047
661,8.661729419448724e-05,0.0012109886099963439
662,0.00017085575333718832,0.0011730121270346447
663,0.00012990702380193396,0.001266285776690943
664,0.00015837308116412412,0.0012390766778408997
665,0.00019827744787714134,0.001206813307806614
666,6.609789585733475e-05,0.0013501446269652288
667,0.00014776596096150268,0.0013534638056003096
668,3.5715689106533927e-05,0.0012882628488880546
669,0.00011375600424798905,0.0010969205270200512
670,0.00014491061204656338,0.001187705926788012
671,0.00012268175050849094,0.001329182177962468
672,4.512686112623972e-05,0.0012158124221124005
673,0.00013974755699261248,0.0011323841400288676
674,0.00010190492466790601,0.0011777523468624604
675,0.00023300301108974963,0.0013743487487249875
676,9.647360032734771e-05,0.001635443663678781
677,0.00011876857606694103,0.0012360998085912754
678,5.372872304481765e-05,0.0011308464363394269
679,6.592212351582323e-05,0.0011362133456685572
680,5.5978705010299264e-05,0.0011778268881458844
681,0.00016268028169482326,0.0013388581184670787
682,0.0001627020751281331,0.0012957802716665877
683,6.343649147311226e-05,0.001235344440392223
684,0.00017355508365047475,0.0011436311841124714
685,0.00018661711607516432,0.0011719116550885365
686,0.00011127915252776196,0.001190281457287868
687,5.45271495260143e-05,0.001211385585105115
688,0.00012488172457475837,0.0015752957235493762
689,0.00021806109264919845,0.0019262607253383932
690,0.00016688263616136586,0.0014844597920552667
691,0.00019688224031900366,0.0011546098995302055
692,7.197562711856639e-05,0.0010651780330662168
693,0.00016096663506080707,0.0011201680731538208
694,4.516133461341572e-05,0.0010592572308648707
695,0.00011547753044093649,0.0011396848530969828
696,0.00010217710077995435,0.001287665352440775
697,0.0001802897665281004,0.0013642537710188125
698,0.000292365646843488,0.0010213002180506467
699,0.000281677736590306,0.0012096830587969326
700,9.998651997496684e-05,0.0011583476878613726
701,5.8506364924445126e-05,0.0014245325452409772
702,5.742042267229408e-05,0.0012683363688630043
703,0.00011808142929415529,0.0012543504555193124
704,0.00018908133327689332,0.0013152271246548565
705,0.00016433978501784925,0.0015032788790514012
706,0.00014833823273268837,0.0013860484835699542
707,0.00010713836672948673,0.0012512003520996802
708,0.00013235448156289446,0.001141726617444917
709,0.00013906332023907452,0.001470350975505712
710,0.00030170111761738857,0.0010919814401529762
711,0.00024866679256471496,0.001158263587008043
712,0.00014749365024423848,0.0012612655722993558
713,0.000159399375358286,0.0012871215019011172
714,0.00018261276551735742,0.001303975152742763
715,0.0002179541188525036,0.0013530397180319576
716,0.00010366935312049464,0.0011838548725074905
717,0.00012428302118981568,0.001312304371106255
718,5.4036155294549344e-05,0.001649654082180272
719,0.00013237495974559958,0.001517687974464791
720,0.00011081118233657132,0.0011337085295419068
721,9.01513662635504e-05,0.0010119821868495883
722,0.00012442528629132236,0.0012847071421409656
723,5.324271842255257e-05,0.0011080753635230114
724,0.0001430764231675615,0.001094907305720315
725,0.00014880434124885748,0.0011698941515869664
726,9.216603890915091e-05,0.0012121242181898754
727,0.00033947339785906174,0.0012408447701449132
728,0.00024893056688597427,0.001095594184456657
729,0.0003164716540292526,0.0011566878460516317
730,0.0006896913303838422,0.0029170028077013144
731,0.0002003353842155775,0.002476161853666967
732,0.00017466715653426945,0.0020982158632937994
733,8.259280875790864e-05,0.0019278105501430182
734,0.00016891452978597953,0.0017379757656723143
735,0.00023268871591426433,0.0013835323638994041
736,0.00025487695820629596,0.0011350192660642294
737,0.00033741981848531093,0.0011778818854480508
738,0.000497714162338525,0.0016370475107499612
739,0.0008621841960120946,0.0016705905571744932
740,0.000635307579068467,0.002537162013362917
741,0.0005305849675399562,0.0034534968600762406
742,0.0003360060078800113,0.002136762639852314
743,0.00021481184715715546,0.0014706523424976021
744,0.00022197007201611995,0.0011467576781739816
745,0.00016003955436948066,0.001171247664523986
746,0.00020745453560569633,0.0017382566153445816
747,0.00016366967853779593,0.002161518896115929
748,0.00015200586252224943,0.0013276117971381465
749,0.00019505284920645256,0.0015555292963303302
750,6.539060462576648e-05,0.0016300540925489415
751,0.00015488669863164735,0.0012467787326056893
752,0.00013390751021991794,0.0014527422718806412
753,6.614042067667469e-05,0.00157682231341408
754,5.0933306314012344e-05,0.001458988827126152
755,0.00013383235345827417,0.0019991113767614515
756,0.0001305335977425178,0.0019371341231029745
757,0.0001365297905673894,0.0013283434269883794
758,3.0515170389359508e-05,0.0013068254109413371
759,0.00012773273265338504,0.0019552121319309406
760,8.763811104775717e-05,0.0012071796166518059
761,0.00020411336396743233,0.0011370496697598743
762,0.00020945704697320858,0.0016014856539802319
763,0.0002587530432113757,0.0015271038209330144
764,0.00013666711129189935,0.0012200733882903971
765,0.00013763199094682932,0.0012301033843761515
766,8.130195831957583e-05,0.0013963840589042767
767,6.757103741013755e-05,0.0014975682252974022
768,6.0257854299076524e-05,0.001380290184811667
769,0.00011053762815815086,0.001371504304431907
770,0.00016233800973471565,0.0011535452494437176
771,6.140734476502984e-05,0.00114092555129786
772,4.4501866674787986e-05,0.0011175627291455084
773,0.00014920175817678683,0.001171421838280796
774,6.765015229272345e-05,0.0012358329482294076
775,3.7986864723886055e-05,0.001215019999917571
776,0.00011856504752358888,0.0015796487775125254
777,0.00011665836767254708,0.0017337694729304338
778,7.84407685083958e-05,0.0011837350367980928
779,0.00010763086853936936,0.0012007690421864756
780,5.2347497936959066e-05,0.0012936129116253399
781,4.9304145795758815e-05,0.001167068299406582
782,0.00013701392793639874,0.0014036799985897089
783,0.00011503607189903657,0.0016014506766759593
784,9.53058804346559e-05,0.0012999484232442608
785,0.00020038424991071225,0.0009778734494156963
786,0.0002501020557247102,0.0009975724519969708
787,0.00025264507858082654,0.0009971581050166154
788,0.0002102306117497695,0.0011717632666380189
789,0.00015388407531039168,0.0015388531004230852
790,0.00016122689169909183,0.0015881028105174816
791,4.589902904020467e-05,0.0015883735082236918
792,4.288886399687423e-05,0.001253811285260874
793,3.8850248893140814e-05,0.0010223967814683391
794,0.00014951286818056057,0.0014686115254743362
795,0.0003063111003333082,0.0016509540464754737
796,0.0007833147188648582,0.0015068424484732848
797,0.0005867007275810465,0.0027101844857175517
798,0.000645063491538167,0.0015885239081112595
799,0.00031358512933366,0.001202673442824698
800,0.0003060426436907922,0.0010992892791443058
801,7.094781988901863e-05,0.0012123672632861691
802,0.00011594873600794623,0.0014606778900410364
803,7.587263535242527e-05,0.0014334386491902378
804,0.0001223075489785212,0.0016302352250502335
805,0.00010757977894778984,0.0014289484598112886
806,0.00013287433260605514,0.0015647748231293825
807,8.606132711671913e-05,0.0013104872081399434
808,5.492443318265335e-05,0.0014311687147252144
809,6.143243711752197e-05,0.0011984668610783434
810,0.00013588132035996143,0.0010989608796137865
811,0.00023842931065397958,0.0012362817106181829
812,0.0001637250582765167,0.0017884568431355999
813,6.716116307264504e-05,0.0014056290700842854
814,0.00011509905743878335,0.001217475436697989
815,0.00015832772575474034,0.0015465268685563107
816,0.00017242984079833453,0.0016572248716801993
817,9.187297788836683e-05,0.0014698165610953285
818,0.0001719099943632803,0.001417349407533697
819,0.0001585085470045063,0.0015649307472448005
820,0.0002360007126602189,0.001343578113266817
821,9.879959349442894e-05,0.0015036254221991467
822,5.691115584340878e-05,0.001197941569078853
823,0.00020139329814507315,0.0012506710300790366
824,0.00012156310015901303,0.0011613591396301163
825,0.00016369887792582933,0.0011420567366222376
826,0.000398990228616943,0.0010867484145812456
827,0.0003850935162821164,0.0010150807677810796
828,0.00011525909746220956,0.001247303954853381
829,0.00011065524013247341,0.001759727729995933
830,0.00020160208805464208,0.0022951278012377893
831,0.00020204804556366677,0.0016926768965520493
832,0.00016500147467013448,0.001672954985589581
833,0.0001869462556593741,0.0015636820627530435
834,0.00014113408736496542,0.0017098530271735892
835,0.00016378539124464926,0.0012725422937536657
836,0.00011332350550219417,0.0013036892640974564
837,0.0002634995093103498,0.0018290455075435517
838,0.00010984166292473673,0.0016727081099415096
839,0.00016737918873938423,0.001150990247829106
840,0.00011841948750467661,0.0012121819532393866
841,0.00013025750425488998,0.001311044964488361
842,0.00014784019973982745,0.0012020575276559483
843,0.00012238945588857557,0.0014510478606212913
844,0.00015994780793941268,0.002010436558098657
845,0.00015476465632673352,0.0018164523580206896
846,0.00015140568114778338,0.0016362888401183556
847,0.0001392383598916543,0.0015568513002459283
848,0.00011419368117155197,0.0015155984396774938
849,0.00011452065373305232,0.0012277699761756322
850,0.00010205719202834491,0.001172794934028052
851,8.432509251482164e-05,0.0012148120739601744
852,0.00014890505844959988,0.0014495495303467971
853,7.438450120389462e-05,0.001563823716824977
854,6.13180544557205e-05,0.0015084333039497532
855,5.0406177736779984e-05,0.0017734509361101182
856,0.00012701929566295196,0.0014521834971273216
857,5.087755635031499e-05,0.0014109477441112592
858,0.0001366520698259895,0.0011295878098531457
859,0.00011467934794685182,0.001396329874103141
860,6.535536425265794e-05,0.0013362395491883687
861,3.25138060967826e-05,0.0015088617609168484
862,0.0001584524351831836,0.0015624338659223197
863,5.706879552841807e-05,0.0014210460844127036
864,0.00010863637847554249,0.0013267980539239943
865,7.096215825489102e-05,0.0011615553063223153
866,5.4887011841249964e-05,0.0013125613054506275
867,7.050832282402552e-05,0.0013758082471707264
868,0.00011801242823518502,0.0012726994367925025
869,0.00018095700264287491,0.0012976745776942101
870,0.00016046842574723996,0.0016989980578627877
871,0.0006069026344145338,0.002417797593979209
872,0.000451565146795474,0.001836681801745096
873,0.00033782849980828664,0.0019081871265428155
874,0.0004311833588872105,0.001987874624777703
875,0.00015368064341600985,0.00204268943217737
876,9.83854729080728e-05,0.0017463479165398465
877,0.00021356304787332193,0.0020264969849005695
878,0.00011951402314783385,0.0016131984261524548
879,9.662680483112733e-05,0.0010479686210687295
880,7.119259086418121e-05,0.0010340352532156839
881,0.0001379296746260176,0.0011363853106924192
882,8.977598772617058e-05,0.0012427121506248578
883,8.23253557124796e-05,0.001156979770533462
884,4.7539745961936813e-05,0.0013280516746087278
885,7.581992952812774e-05,0.0014248395308404868
886,8.860922534950077e-05,0.0013872393238262867
887,0.00013695003811638648,0.001460347154570054
888,0.00020627045111420254,0.0019163037558621544
889,0.00018863360649750877,0.0023060401875936373
890,0.0001773642154148547,0.0018897817349134702
891,0.0001916846241025875,0.0016349071277466816
892,0.0001180079339974327,0.0021937051980470226
893,0.00011225890193600208,0.0019422690805751743
894,4.8219934978988024e-05,0.0017871770221285345
895,0.00013345019251573831,0.0015858353650028722
896,0.00012814871976540114,0.0018880113704482049
897,0.00010067834324824313,0.001886911914815877
898,0.00016456653199081,0.001201797207756936
899,0.00017589997538986307,0.001110105464550278
900,0.00019856829167110845,0.0014178088667259853
901,4.2838707304326815e-05,0.0013859222538120254
902,7.148781369323843e-05,0.001311501363424335
903,0.00010863697522533282,0.0013497132344142072
904,9.874314127955586e-05,0.0012433125179601965
905,0.0001577404929169764,0.0012869801781118268
906,0.00021456034058549753,0.001853251483247388
907,0.0004940973226136218,0.0018047842226453184
908,0.0003517215644630293,0.0017951422423219646
909,0.00045805839472450315,0.0025938761046552282
910,0.00027252522777416744,0.0019376733281656982
911,0.00033429765317123384,0.0016081252192169076
912,0.0005046611574168006,0.0022148978080615165
913,0.00026372243106986083,0.0019502444174434022
914,0.00011744161820388399,0.002146013475235874
915,0.00013564409697816397,0.001897582499215042
916,0.00017056475432279208,0.001472845612603467
917,0.0001094057234392191,0.0017595081732197715
918,5.953555992164183e-05,0.0015467704882419955
919,0.0001146101524985473,0.0017628260369331936
920,0.0001029782975820126,0.0013356326852822457
921,8.318433150028189e-05,0.001511036059965827
922,3.1992560252547264e-05,0.0019422350973844176
923,9.220436089284098e-05,0.0018838158309987681
924,4.391728798509575e-05,0.001537035874322086
925,0.00013232313600989679,0.001431060942324377
926,0.00023868150213578095,0.0017720627906460931
927,0.00012930607966457803,0.0023418041679450848
928,0.00021311957680154593,0.001525840216030286
929,0.0001689322234597057,0.001248211286848367
930,0.00011430106533225626,0.0012761016356150113
931,0.00029957508813822643,0.0011763521335495628
932,0.00022871204710099845,0.001135797315234993
933,0.00010123868584438848,0.001776668101028488
934,0.00010299429535128486,0.0013940614088086456
935,0.00013891667622374372,0.0012306686642939064
936,6.67111960259111e-05,0.0013878619555919248
937,0.00010776595712134925,0.0013689654611150081
938,0.0001732954823334391,0.0015569944567171725
939,0.00013953882007626816,0.001462662325783332
940,0.00025294433774737023,0.0013253708347342689
941,0.00024399884860031306,0.0011150703386070874
942,0.00026016958775774887,0.0010902057815476973
943,0.00039229304190181816,0.002358976933980493
944,0.0006328414233090977,0.0019728911089102233
945,0.0004735990587505512,0.0014088247484696193
946,0.0005184793774484812,0.001942179293195739
947,0.00026795040224290764,0.0017557516547403937
948,0.00039748084576179585,0.002616374368420032
949,0.0007687110376233856,0.0018340570450665092
950,0.0004550639016088098,0.0018059233887355746
951,0.00025322012176426747,0.0018522234057904933
952,0.00018421748924689988,0.001959539402650273
953,0.00010629646664407725,0.0016966136869072444
954,0.00010498587683590206,0.001394802464289576
955,5.9841871916432865e-05,0.001214735007590035
956,7.499238308810164e-05,0.0013040120158377506
957,0.0001337720079997477,0.001520401213362109
958,6.940804232726804e-05,0.0018114166583601884
959,0.00015048299683257939,0.0016347504345568147
960,0.000245684240750658,0.0013611437056184285
961,0.00021097010661227009,0.0015953075192047385
962,0.00025379880292651554,0.0015552324306139151
963,0.0002591772228091334,0.0018641862112618102
964,0.00017851396842161193,0.0014542892770511723
965,0.0001394423445162829,0.0012400544007440779
966,5.658960484045868e-05,0.0016635374824230478
967,4.102094814394756e-05,0.0014068244252441907
968,2.80872254127947e-05,0.0012373756876263005
969,0.00012090620875824243,0.0018437769021985568
970,0.00018853424165475493,0.0023426665579826815
971,9.137800589087419e-05,0.001787898184797602
972,7.001563474962798e-05,0.0017032119716832957
973,0.00011436850618338213,0.0019190515928689067
974,9.790519688976929e-05,0.0018074679459760508
975,0.00012354446177293237,0.001549629092135826
976,3.2785147292694696e-05,0.0016537165199589775
977,4.569273429903357e-05,0.001515941552755489
978,4.809250579758858e-05,0.0013535047631974765
979,4.57267908132053e-05,0.001497562322032264
980,9.315959323430434e-05,0.001502361953419846
981,0.00017454556946177034,0.001234143882335391
982,0.00018174100672088873,0.001451429411380251
983,0.00018578416493255644,0.0015846355286551507
984,0.00023696285885913918,0.0015688409385322703
985,0.0002898429852696912,0.001500218723970282
986,0.00046024075224219513,0.004131741902431634
987,0.000894617863620321,0.0032020670977809767
988,0.0006032088810267547,0.0025948824005304124
989,0.0008199258765671403,0.0032057220677251187
990,0.0005004469596315176,0.0012425820212114574
991,0.0003458689408338008,0.0011743840457382063
992,0.0003929196759903183,0.0012198533798892448
993,0.00033870236062891006,0.0014385961586935812
994,0.0002070847568878283,0.0016051631798513057
995,0.00024555622294428756,0.0018741526846282595
996,0.00043747163532922666,0.0015526302387996569
997,0.0003449813782935962,0.0010611169001474375
998,0.0004702295487125715,0.001196751819500025
999,0.00033163437765324486,0.001363047513667142
1000,0.0003054375585634261,0.0011548378734435065
1001,0.0003282361683280518,0.0010796610376427288
1002,0.00038047985241670783,0.00099156763096153
1003,0.00028058303675303854,0.002840801683899866
1004,0.00015858705325323778,0.0026854171718316755
1005,0.00014337348378224609,0.002119155485168334
1006,8.252585345568756e-05,0.0014751424250288273
1007,6.018825952196494e-05,0.001444660668906675
1008,3.6114786113709366e-05,0.0015029674235504033
1009,8.926208720367867e-05,0.0015156879098939262
1010,9.978116504498758e-05,0.0015205369297943013
1011,0.00010121222342907761,0.0014721538654279228
1012,0.00011015001048993629,0.001515102319742047
1013,0.0003118547315049606,0.0019128211264271202
1014,0.00019932474630574387,0.0023531183191597108
1015,9.511473666255673e-05,0.0018016018695747992
1016,0.00012268956052139402,0.0018039798184378644
1017,0.0001810463290894404,0.0017606732499690389
1018,0.00012363658167184136,0.0015351529999482116
1019,5.811572445963975e-05,0.0016365282431860843
1020,0.00014363399144106854,0.002041148531477986
1021,0.0002073968042774747,0.0015288705746899908
1022,0.00014334467693212597,0.0012552991837600437
1023,7.427597738569602e-05,0.0011145061193177052
1024,6.302238883411822e-05,0.001198481226396769
1025,3.2312840873297924e-05,0.0011644006157238917
1026,9.726496888712669e-05,0.0012386196126105396
1027,7.407007118066152e-05,0.0016688310676877657
1028,0.00012955695941248754,0.0019595757306472756
1029,0.0001476203765681324,0.001463385012393128
1030,0.00017268425435759127,0.0015182840549863698
1031,9.02497541877286e-05,0.0013305427965810742
1032,4.2646032185681784e-05,0.0015812837889997333
1033,2.0325435374009735e-05,0.0019217040426442473
1034,3.905884780882237e-05,0.0018433766058228147
1035,3.1290883392406006e-05,0.0014816726283830275
1036,0.0001893232912455763,0.0015434532629795313
1037,8.045052381930873e-05,0.0015527681836227732
1038,0.00015507122764878053,0.001603082783050894
1039,0.00010060926336639872,0.0014082201835369384
1040,7.407823626029616e-05,0.0014915058272890747
1041,0.000162944243735789,0.0020857068534031156
1042,0.00028813797689508647,0.0025398348747774605
1043,0.00011696795942649866,0.0016325998209842194
1044,0.00011276351967050383,0.0014567060843403415
1045,0.00013618380762636662,0.0017355683829826047
1046,0.00016423794004367666,0.001423254084322367
1047,0.00010074046682954456,0.001258171504266252
1048,0.00010439633333589882,0.0012933285744204442
1049,0.00010929298393117885,0.001324783055951423
1050,0.00019721803643430274,0.0009973531397101726
1051,0.0002402411788352765,0.0010814944682752815
1052,0.0001155880730948411,0.0014197093147718472
1053,0.0001364186488596412,0.0010970529255009895
1054,0.0003138298585933323,0.0015034843896200337
1055,0.00016829011825999867,0.0022717607482593124
1056,0.00024719768389331876,0.0016257514357640166
1057,0.00020128519487722468,0.0013368536093030271
1058,0.0001613595464732498,0.0018237329337481907
1059,0.00014017637222423217,0.0019613014402117316
1060,0.00019893879895486558,0.0013993384443062144
1061,7.80930922095043e-05,0.0015530767607663972
1062,0.0001283313244736443,0.0016881230325753412
1063,0.0002615905754889051,0.0013816454663220059
1064,0.00016479687067961398,0.0015720952234384933
1065,0.0001244721007727397,0.0017034354258519341
1066,7.514731829966574e-05,0.0015966476291403408
1067,7.880085298287062e-05,0.001775704753240497
1068,4.844542830445183e-05,0.0016239850922106346
1069,8.288969511340837e-05,0.00160708379433087
1070,3.8347272493410856e-05,0.0018565721395535496
1071,0.00012359663523966446,0.0019032151491461893
1072,8.71001653043398e-05,0.0016426836208286366
1073,0.00013217432278906928,0.0014760847355598423
1074,0.00011459014822321479,0.001581908454825207
1075,0.00016679055649243917,0.0015645927921905526
1076,0.00014298075208595644,0.0014859726625003331
1077,0.000289653119398281,0.0014008496407654108
1078,0.00013818406829765688,0.002057754694975502
1079,0.00018615906083141454,0.002285204994616898
1080,0.00014514211046237808,0.0019987399761352367
1081,0.00017277529356457915,0.0016776045608356243
1082,7.233058349811471e-05,0.0018784625558402595
1083,5.463299227509803e-05,0.0015363547232324682
1084,0.00010697240359149873,0.0015052808590753986
1085,0.0002608966916644325,0.0016590244609745234
1086,0.00012223041606678937,0.0014647080280678713
1087,0.0001386628447410961,0.001216361799193033
1088,6.692886211870549e-05,0.0012826607409061673
1089,0.00012242975256716211,0.0013752619288568422
1090,4.711330790693561e-05,0.0014862629060640813
1091,3.047607794239108e-05,0.0016926876580943978
1092,9.846599180794632e-05,0.0014239302011368078
1093,5.567298455086226e-05,0.0017405178940554304
1094,0.0001035008283603626,0.0016928281182217904
1095,3.546072590931241e-05,0.0017956900859515616
1096,0.00017681408886952946,0.0017407964869204351
1097,0.00022009906388120726,0.0013984994993519449
1098,0.0002922436494069795,0.0011738334369009698
1099,0.00018834308333074052,0.001073606444273408
1100,0.00013796771818306298,0.0012017395070068333
1101,0.00010401019923544179,0.001371624881830653
1102,0.00011772625487841045,0.0015575664849423868
1103,0.00011682887100808634,0.0014227836770482184
1104,6.47522603685502e-05,0.0014485134967734787
1105,5.107426089428676e-05,0.001728407135709944
1106,8.937903742965622e-05,0.0016773950233395527
1107,8.508357180592914e-05,0.001959488768401871
1108,7.308525431047505e-05,0.0016811876273604008
1109,0.00013468572700124545,0.0018970955861732364
1110,0.0002794977646165838,0.001979678685916221
1111,0.00025352990245058513,0.0018548999544541081
1112,0.00027345289126969876,0.0015108801807665567
1113,0.0001588984673920398,0.0016840119391503766
1114,0.00020975712371485618,0.0021757665667756216
1115,0.0004936481447657571,0.0027295444674027246
1116,0.0002228496204528104,0.0020626973815438317
1117,0.00031939728554182995,0.0016496856128576938
1118,0.00022066443343646825,0.0018367548894841137
1119,6.053134105362309e-05,0.001514776468672973
1120,0.00010380514213466085,0.0021932961714387997
1121,0.00015051936061354353,0.002115974142252812
1122,0.00012123323152385031,0.002471098348161015
1123,9.626920000300742e-05,0.0023351090127880884
1124,7.823013511369936e-05,0.002374850363859276
1125,0.00014333345461636782,0.002090873812713961
1126,0.00020399261023461198,0.0020478249556846973
1127,0.000247775385408507,0.0013300093274937546
1128,0.00023989518910335998,0.0015257518192181203
1129,0.0001117160990058134,0.0013957296174540235
1130,0.00018719690657841663,0.0015109458440496755
1131,0.0001494810462948711,0.0016379101544721272
1132,8.574444655096158e-05,0.001823254975519605
1133,0.00015539837040705605,0.0017476903382820758
1134,0.00014018525277303222,0.001555772123337672
1135,0.00019440782537761455,0.00269135007429428
1136,0.000597546078885595,0.0030195177771063066
1137,0.0005546828149817884,0.0012482395344396917
1138,0.0009239768492989242,0.001546765361989691
1139,0.0006108607747592032,0.001970824005456245
1140,0.0004433215304743499,0.0019390820883082476
1141,0.0004114501304381217,0.0024346650328751153
1142,0.000502115903267016,0.003102839524733035
1143,0.0005081230638703953,0.001267136109893863
1144,0.00022700093395542354,0.0008255861251336324
1145,0.00018404720030957834,0.001042451934547963
1146,0.0002289970094958941,0.0010637476562254688
1147,0.0002429948382390042,0.0013174816405063304
1148,0.00015290776512604982,0.0013774410992453798
1149,7.156329350740027e-05,0.0013821912538920214
1150,0.00020304618640996827,0.0015684249462545152
1151,0.00013969017503162224,0.00139272659027025
1152,6.673016590260279e-05,0.0011905688392805068
1153,8.191848028218373e-05,0.0011963169030867165
1154,0.00016578524373471736,0.0018115602021186253
1155,7.468146747366214e-05,0.0020665225057723367
1156,0.00010691595768245558,0.0016105782385460855
1157,0.00014810681944557775,0.0013750518945331767
1158,0.00012929026561323554,0.0012321212071390074
1159,5.586962203475802e-05,0.0015235245548643349
1160,7.195406615210232e-05,0.0016499686753377318
1161,7.066351778727646e-05,0.001673394208223977
1162,8.819849923990357e-05,0.001533811382113362
1163,3.7421873336522064e-05,0.0013806058513733933
1164,0.00010079652711283415,0.0019151330668860534
1165,9.416749926458579e-05,0.0016994358793883694
1166,6.090874570266654e-05,0.0011849043023218877
1167,6.273993603826966e-05,0.0010817968895004359
1168,0.00013843884225934745,0.0012115925803916222
1169,0.00010812692926265299,0.0012867919945774057
1170,0.00016527762296997633,0.0014766901419828022
1171,0.00015782156551722438,0.0017868328507710982
1172,0.00010502257088470893,0.00209505753188328
1173,0.00010413619747851044,0.0014431396151863508
1174,0.0001818981176863114,0.0015922866332689373
1175,0.00029491261617901426,0.001768743100495437
1176,0.0002415981492958963,0.0018818594220160383
1177,0.0001882601320782366,0.0016261803877253935
1178,0.00012412271535140463,0.0016256399245522036
1179,0.00012645872508680137,0.0014679366310207745
1180,0.00011067834748246241,0.001199852606450303
1181,0.00012102481899394964,0.001384425640663528
1182,0.0001019945567046913,0.0016017260408490955
1183,5.5504698805937855e-05,0.001591987220394447
1184,4.19809917123833e-05,0.0014890917919678833
1185,7.384531757755515e-05,0.0017402410538368456
1186,3.546467517783943e-05,0.0017595515617602102
1187,2.878028002063123e-05,0.0015036814408853473
1188,2.8676581374990445e-05,0.0013587152109642727
1189,9.286754138884134e-05,0.0015511047975050184
1190,0.00042784257675521076,0.0011651403159288118
1191,0.00054929792531766,0.0011790451809770095
1192,0.0011388383844556907,0.0022658152949416965
1193,0.0014115408839037022,0.004948796637953941
1194,0.0008451671126143386,0.006643871197432984
1195,0.0007323837955482305,0.0012726579833130434
1196,0.0003150200257853915,0.0008230214340346004
1197,0.00026267830204839505,0.0016958793757234033
1198,0.0004289811768103391,0.0009706128236478356
1199,0.00029313926158162457,0.0018132446089935467
1200,0.0004159786990688493,0.0018224115767626193
1201,0.00032878051861189305,0.001417368196691643
1202,0.00014356518925827307,0.0014328227074098165
1203,0.00018623547172561908,0.0011182739846243368
1204,0.0003514448326313868,0.0019854745006291415
1205,0.0003086018676791961,0.0025018102243748
1206,0.00023699184821452947,0.0012523149095263009
1207,0.00013977041429219145,0.00119502033889807
1208,0.00013195260689826682,0.0014100421254897094
1209,6.980266898608534e-05,0.0019336715551445216
1210,4.5349736501520967e-05,0.0017277606227618502
1211,8.024184571695515e-05,0.001490628570464887
1212,4.306212091857257e-05,0.0016427383552796728
1213,7.777585842632107e-05,0.0015716825567889871
1214,0.00011827233805282352,0.0017596342157220513
1215,5.4001801557509074e-05,0.0013770570155365142
1216,9.987593948608264e-05,0.0012662453140594124
1217,0.00012302888014043372,0.0015370426754518522
1218,0.0001913199812406674,0.0013615380987290321
1219,0.0001003971690806793,0.0013352781034617384
1220,6.145543278156159e-05,0.0013542532761339245
1221,5.085985127758856e-05,0.001769380788795474
1222,6.859070927021094e-05,0.0019217475920578274
1223,6.203244968977136e-05,0.0018812104322632232
1224,4.240151223105689e-05,0.0014105640974181786
1225,0.00010796671728409516,0.0014354187030873196
1226,0.00012926104949049962,0.0015121821358095942
1227,0.00013927780043256158,0.0019444023766811555
1228,8.961882898195957e-05,0.0018322687883912695
1229,0.00013118809001753107,0.0015902370196129159
1230,0.00012047539688258742,0.0012262465448786071
1231,9.929688579480474e-05,0.0013395472916437122
1232,0.0001752981304889545,0.0016196236494693934
1233,6.320618219130362e-05,0.002043864468853246
1234,4.1794724165811206e-05,0.001798239731831168
1235,0.0001437702924401189,0.0018131961499700162
1236,0.00019446693380208065,0.0011030329344610824
1237,0.00010510373564708668,0.0012920877197757363
1238,4.306910850573331e-05,0.0016272440901040797
1239,0.00010990151301181565,0.0020964776145616973
1240,0.00010764256488376608,0.0018196804008967294
1241,6.89175439523145e-05,0.0013293675751989986
1242,8.634021566346443e-05,0.001450088369205418
1243,7.471195713151246e-05,0.0013212235479461631
1244,0.0001679740419300894,0.0015295519095691523
1245,0.0001962644285716427,0.0013939546096673984
1246,0.0003346387520044421,0.001797782985024213
1247,0.0005353023734642193,0.0018659519676969747
1248,0.00047821870927388467,0.0016100136059021034
1249,0.000466184724549142,0.0019816978528406325
1250,0.000999501262170573,0.0019751460379444238
1251,0.0004997071033964554,0.0013109429321592348
1252,0.00047401388680251935,0.001160703667332071
1253,0.0005993678331530343,0.0017626140647985804
1254,0.0003474157808038096,0.003015687515020488
1255,0.0003574283153284341,0.0017927183767809994
1256,0.0004323926647581781,0.0015866147559576147
1257,0.00047761653743994735,0.0010489970843232507
1258,0.0006131475645815953,0.0012554130395059703
1259,0.0006372001739994933,0.0015743419907961451
1260,0.000435878635228922,0.004450919406349206
1261,0.0003130732375817994,0.002105211235003502
1262,0.00014843397948425264,0.0011039854949257725
1263,0.00010873341816477477,0.001142729599923482
1264,0.00023487959891402472,0.0017432942271496602
1265,0.0004156110381397108,0.0021522319325663914
1266,0.00040290258281553787,0.0021378751239174696
1267,0.00029523944249376655,0.0015579509800006672
1268,0.0002578927524155006,0.0014079971840297142
1269,0.00017225082653264204,0.0015525296486283498
1270,0.0002362859978651007,0.0020064883132091186
1271,0.0001603047957663269,0.0016247246196258842
1272,0.0001091376447827012,0.001063961666774034
1273,7.824457134120166e-05,0.001711120888568813
1274,9.445567120565101e-05,0.001795938952576633
1275,8.262677874881774e-05,0.001638487648717531
1276,2.8395855285149688e-05,0.0016892340105745618
1277,9.272552730787235e-05,0.0017946072483772603
1278,9.269322496644843e-05,0.0014917663166548792
1279,4.5581909216707575e-05,0.0012956899004130382
1280,8.319561050787646e-05,0.0019395295539724193
1281,8.216360838559922e-05,0.0017181412228859784
1282,9.144783592394864e-05,0.0013343027103545628
1283,8.409494997370832e-05,0.0015917739997742565
1284,7.467155082849786e-05,0.0018235963831589681
1285,0.00011421145560840766,0.0016418329878218883
1286,7.924710929122133e-05,0.0016738798425305547
1287,6.135531924276924e-05,0.0016241039435459872
1288,0.00010020092898533524,0.0017726002655204709
1289,0.00011430090526118875,0.001640095652308403
1290,8.881193765167458e-05,0.0012861688123597932
1291,2.6113899972794268e-05,0.0016098571849590916
1292,9.542163509953146e-05,0.0015971446455654314
1293,0.00011927206651307642,0.0019392699643045546
1294,0.00010870612265231708,0.0018425759452387809
1295,0.00013732264342252164,0.0020632579020686504
1296,0.00017720852677787963,0.0017608675498911363
1297,0.00012407483397206912,0.001469180928396545
1298,0.00019216636331596723,0.0015219857473491038
1299,0.00019748589402297513,0.0015610805941804304
1300,0.00019579711273157348,0.0017266892232220825
1301,8.414571445124845e-05,0.0020389175895000186
1302,6.081288302084431e-05,0.0016520266791468295
1303,0.00013252533353806938,0.0016389839327344159
1304,5.603337946619528e-05,0.001949189586462233
1305,2.8057939319599732e-05,0.0017827154901685325
1306,5.633325442128504e-05,0.0016457992743363413
1307,4.126552181939284e-05,0.0013930497848700116
1308,8.511915511917323e-05,0.001307152967907371
1309,0.0001100695369435319,0.0015320375398549392
1310,7.966626435518265e-05,0.0018277448834851384
1311,4.13992866621508e-05,0.0015157125821505769
1312,0.00016673179779900238,0.0019818949668968873
1313,0.00011695353108128377,0.0014869570585451727
1314,0.0001464259442097197,0.0013619694339962105
1315,0.00016113405727082863,0.0018500095704482413
1316,0.00012800960927658405,0.001556709220845575
1317,5.1662993791978805e-05,0.0013787421901109004
1318,3.465958143351599e-05,0.001371943873103972
1319,0.0001543714948638808,0.0013313988557334725
1320,0.0001606639086579283,0.0014652700739084031
1321,6.656240669447774e-05,0.0017719233140906716
1322,3.648341983838085e-05,0.001484040807983948
1323,7.841156087427711e-05,0.00227269439547374
1324,0.00014639096140551072,0.0020512014647623097
1325,0.00010858403208355108,0.0015220990098323527
1326,0.0001186427262534077,0.0016559632999206505
1327,7.648112368769943e-05,0.0017547754710173513
1328,0.00011296687880530953,0.0015098277725074
1329,3.277904143033084e-05,0.0014441628073246812
1330,6.449853390222415e-05,0.0015658055125977698
1331,0.0001449650318439429,0.001972304522353188
1332,0.00011074441572418436,0.0019211084838575265
1333,9.12312922688822e-05,0.0016680114854889826
1334,6.979502092387216e-05,0.001790908678603454
1335,0.0001231984431797173,0.0016344006248478463
1336,0.00012855768242540458,0.00180295373654125
1337,7.156833623109074e-05,0.0014234454266536306
1338,3.0416572068740304e-05,0.0014828925734151183
1339,3.1371843700374784e-05,0.0016519656573517586
1340,0.0001019099533247451,0.0024944975491847815
1341,0.0003528325934894383,0.0020335070114201447
1342,0.00038343883061315865,0.00116629867290154
1343,9.486022609053179e-05,0.0011623298616870855
1344,0.00019181028207337174,0.0014744933591935578
1345,0.00034574999978455404,0.001404033109406376
1346,0.000450214056763798,0.0016482766822171141
1347,0.00014632761594839393,0.0014457505408997141
1348,0.00012371348857413976,0.0018683859939122294
1349,0.00015312250373729816,0.0023617605902401246
1350,0.00016249811936480302,0.0018209812128696385
1351,6.294451862534819e-05,0.0016925246463941894
1352,0.0001461942646225604,0.001956211249930711
1353,0.00016207711305469275,0.00170873614361759
1354,0.00014102310112017828,0.0012233226956968291
1355,0.0001148616778664291,0.0015561190373300918
1356,0.00010560488129461495,0.002124908528708684
1357,9.324386549754611e-05,0.0020443234816340246
1358,0.0001754852967375579,0.002025931381517801
1359,0.0002455212612403557,0.0017666479968649195
1360,0.00022883417987031862,0.0015063712751038196
1361,0.0001118834647058975,0.0014234776237400204
1362,0.00015576998024092366,0.0013026185425394398
1363,0.0002282634231960401,0.0020625551623534265
1364,0.0001914848175753529,0.00208753039308743
1365,7.735697193614518e-05,0.001564329744895964
1366,0.00022998194423659395,0.001219181980530724
1367,0.00039282251382246616,0.0016142520402726813
1368,0.0001805615136011814,0.0017933220754736874
1369,9.87551175057888e-05,0.0010931645423782564
1370,0.00012347326022184765,0.0011974949326446851
1371,6.692237681515205e-05,0.0013578525330966676
1372,4.519294234341942e-05,0.0012780279915699164
1373,0.0001370592474510583,0.0016763974494469448
1374,0.00020700659830860484,0.0017248926112266975
1375,0.00011790351418312639,0.0015941652649001578
1376,0.00015365867172173847,0.0015503481831621584
1377,9.224214009009301e-05,0.0014125023460690314
1378,0.00011767286850954406,0.001382386953547949
1379,0.00019287463122357924,0.0010683589860018686
1380,0.00026483020240751406,0.0013759770195960529
1381,0.000286785433612143,0.0016403864907819454
1382,0.0001308877079281956,0.0015107311260717825
1383,0.0002928925100907994,0.0015188993915446162
1384,0.00029152802114064494,0.001675031000315615
1385,0.0002730451276875101,0.0009875390953641002
1386,0.00011736333447818955,0.0011108092717115041
1387,0.00019205126639765998,0.0014002295664702286
1388,9.855393485243742e-05,0.0016575942263300494
1389,0.00012518490475486033,0.0016547288685142406
1390,0.00014464583655353634,0.0018881144053412703
1391,0.00015114982185574868,0.0016377959886243142
1392,0.00021083588847735276,0.001052877390674704
1393,0.00011463262150452162,0.0016227832933022517
1394,0.00016179256102380652,0.001692600199938055
1395,0.00010631363208328064,0.0014263743201938025
1396,9.005414588803736e-05,0.0016213827940642716
1397,9.557186737462568e-05,0.0014669749387136596
1398,8.290104039285021e-05,0.001456655836920804
1399,2.2397286132521308e-05,0.0015334341304714051
1400,3.225516362969453e-05,0.001500544929785258
1401,7.600374337926041e-05,0.001709013159834142
1402,4.139606195773619e-05,0.001831157396980158
1403,8.963338441390079e-05,0.001713531414472212
1404,9.582925631548277e-05,0.0016822936215005286
1405,0.00010586080170469359,0.0013839375515519751
1406,4.589729433064349e-05,0.0013564812233964876
1407,3.3007546880980955e-05,0.0013994433542192863
1408,8.461427811804849e-05,0.0015516968821652057
1409,8.036526875609222e-05,0.001386393422139882
1410,8.863859232709123e-05,0.001412024394257038
1411,0.00010037724059657194,0.001619188840075682
1412,0.0001209163645398803,0.0015972133315219654
1413,6.710745995709052e-05,0.0011228330829364107
1414,0.00013275361804213995,0.0012722860372764624
1415,0.00010153387192985974,0.0014359651121501555
1416,0.00014233142113274274,0.0012826054030662681
1417,7.29059218429029e-05,0.001558670846518041
1418,9.206160805964221e-05,0.0019547939841364193
1419,4.192733589055327e-05,0.0019094912742271901
1420,5.051127712552746e-05,0.0019100955705796405
1421,9.711917543124098e-05,0.0017612351537278788
1422,8.145309063062693e-05,0.0014176348556111764
1423,8.916509165525591e-05,0.001541717527030901
1424,4.405021172715351e-05,0.0016117948904912185
1425,0.00012166689072425166,0.0016801963793113828
1426,0.00025632402879030753,0.0016674681852652331
1427,0.0001751688042228731,0.0018981701747594973
1428,9.733017019849891e-05,0.0021018794559924973
1429,6.396954389250216e-05,0.00196568829678439
1430,8.326608573649234e-05,0.0018097029285740079
1431,8.778024202911183e-05,0.001538771119401387
1432,4.117086355108768e-05,0.0014371836886147228
1433,7.891495297371876e-05,0.0012391671597018956
1434,7.209864803977931e-05,0.0014862953341478026
1435,0.00014531547155153626,0.0013306296483694216
1436,9.101849912743395e-05,0.0015482627979193733
1437,0.0001638436719076708,0.0014374252013664135
1438,0.00017782693224338192,0.0014598329118856294
1439,0.00018292254001911107,0.0018967471606149448
1440,7.70838594083519e-05,0.002823029472455969
1441,0.00022858094525872729,0.0011459411081571982
1442,0.0003837847306082646,0.0018176260682952216
1443,0.00044883325269135335,0.0024481580691690756
1444,0.00028088301478419454,0.003919577671537601
1445,0.00030744627850557056,0.004072002877708612
1446,0.00020406621770234777,0.004599096382075305
1447,0.000301798394745371,0.003135939438526673
1448,0.00016448644552535067,0.0015089770505850122
1449,0.00010766152748450016,0.0011215726771633926
1450,6.722336790213983e-05,0.001157138752613554
1451,0.00011267654384331157,0.001127601405477342
1452,0.00015349238043806205,0.0016809852636147907
1453,0.0003667392195590461,0.0024593550451539868
1454,0.0002189199474135724,0.0018724977189132313
1455,0.00015508351110232372,0.001114575386205028
1456,0.00019367671047803013,0.0015051005001172541
1457,0.00018868191594568391,0.0017279457176236186
1458,0.0002684972035543372,0.001212590663486681
1459,0.00035145984147675333,0.0014671085193371913
1460,0.0001882475747455222,0.0027920824079590988
1461,0.00030657144573827583,0.0031350707217288297
1462,0.00019127230286054934,0.0019426380658126253
1463,0.00012052323048313458,0.0012724513786580912
1464,8.791683843204131e-05,0.001642565741607054
1465,4.254177535282603e-05,0.0016152149049829193
1466,8.537195705381843e-05,0.0017881129114837276
1467,9.003897939692251e-05,0.0017069359914964344
1468,5.623334194145476e-05,0.0014574795816548346
1469,9.713726467452943e-05,0.0017268063498690255
1470,4.82172153472978e-05,0.001801292778645444
1471,0.0001045846859900242,0.0017568031197604467
1472,0.00010723763904631293,0.0014342651894961402
1473,8.519861003151164e-05,0.0015348357810294182
1474,0.00012352412207595383,0.001529992551645484
1475,9.74621194473002e-05,0.0014263540203866408
1476,8.446616581447112e-05,0.0019132485659059694
1477,7.766164344502613e-05,0.002142007833926051
1478,0.00012130820396123454,0.0019188444322620437
1479,9.916969623494273e-05,0.0016733844614199062
1480,0.00018325472628930584,0.0012148246132424028
1481,0.00011448462319094688,0.001282773707538667
1482,0.00015994581444829238,0.0012251689093275451
1483,0.00017311923559949112,0.0014581750312042752
1484,0.00022940352694907537,0.0014047459781712551
1485,0.00017584345284073303,0.0017103698442866072
1486,0.0003565688180970028,0.002899209394919004
1487,0.00031259174284059554,0.003234707193053144
1488,0.0002489416632063997,0.0018737304728390193
1489,0.0002617354233128329,0.0010886085086766132
1490,0.00040174128031746174,0.0014271663525233442
1491,0.0008503938132586579,0.001155657376122375
1492,0.000466232131778573,0.0011699281139739269
1493,0.0005759419524110854,0.0014043882162416514
1494,0.0005967939311328033,0.0036369949408740863
1495,0.00044007442775182424,0.0008919682352818314
1496,0.00043730121202922113,0.0007747820612660968
1497,0.0001773040639818646,0.0006147197799526928
1498,9.538206541037653e-05,0.0008834096081518223
1499,7.622065046840968e-05,0.0015939097387686842
1500,0.00010732608304048578,0.001218040790005521
1501,7.831626135157421e-05,0.0008355017125150042
1502,8.325642362857858e-05,0.0011351922184126232
1503,0.00017865184272523039,0.0021564602113042877
1504,8.908750727035416e-05,0.0018228937057763572
1505,6.0074646413947144e-05,0.0014706432166707328
1506,0.00010864305222639814,0.0014601070974682143
1507,9.303995696730756e-05,0.0014016273171149605
1508,7.641611658376254e-05,0.0014188423492454403
1509,3.525396799280619e-05,0.0016430244069751791
1510,0.00011846255098741191,0.0017527332786089322
1511,7.796705879930717e-05,0.0015793807115259133
1512,0.00015765830321470275,0.0014913716173811456
1513,0.00015730780141893775,0.0014596292657381672
1514,8.944260989665053e-05,0.0013310786801405017
1515,5.322307139673891e-05,0.001562478375533141
1516,4.558983864626498e-05,0.0016602191177570796
1517,3.5997511804453095e-05,0.0019555421194105637
1518,3.2316955427328745e-05,0.0014622937979572636
1519,3.4869070077547804e-05,0.0013111236034965832
1520,0.00010945972656675925,0.0017632045929767484
1521,7.22185077999408e-05,0.0016303385514399315
1522,4.9242509218553704e-05,0.0014100148348049736
1523,6.341608823277057e-05,0.001327612629576447
1524,0.0001615658092002074,0.001308213968900597
1525,0.00011938709552244594,0.0017999875777232365
1526,0.00010714202896148588,0.0021308621705150394
1527,0.00010393896178963283,0.001537383757678308
1528,0.00010100783353360991,0.0013459248658027646
1529,9.494719706708566e-05,0.0015702831602882681
1530,0.0002540114112586404,0.0014482553137143649
1531,0.00031272182629133263,0.0013325306285341366
1532,0.00022042017662897705,0.0010482426796944474
1533,0.00035544991163381686,0.0012583288168864632
1534,0.00012210374989081175,0.0015836570257922327
1535,0.00011337891725512842,0.0010654031091432022
1536,4.562306009271803e-05,0.0012705307939698495
1537,4.128331602260005e-05,0.0013200466564167145
1538,7.673279105802067e-05,0.0014234934841817993
1539,3.303924628805059e-05,0.001472131656226152
1540,4.098504068679176e-05,0.001489369814672808
1541,3.6229890489873166e-05,0.001514605640646393
1542,0.00010178526742189812,0.0014180227033390599
1543,0.00012932886080913402,0.0012742429334618973
1544,0.000383830105420202,0.0012577586526813821
1545,0.00013649404766814162,0.0012526011151054463
1546,0.00010788174210271487,0.001182431573741226
1547,5.5097563260157284e-05,0.0016611003863265898
1548,0.00014875133832295735,0.0018274513032932684
1549,5.5272792572698866e-05,0.001004688139944374
1550,0.00010131846987254297,0.0012260873047598294
1551,9.142930527256491e-05,0.001845051594056541
1552,9.978636468683059e-05,0.001495124565026774
1553,8.112404633114541e-05,0.0014818942295314055
1554,4.5691786302389424e-05,0.0013582365304106979
1555,3.6958448981749824e-05,0.0016299485619451235
1556,4.239228413401482e-05,0.0014009469717660347
1557,3.300813095847843e-05,0.0013001521716561667
1558,2.0580150582342564e-05,0.001259329551409226
1559,3.503850348351989e-05,0.0015508777821275192
1560,9.974606218747795e-05,0.001523278363041697
1561,3.718665078243551e-05,0.0012806106952759693
1562,3.551750342012383e-05,0.001340217861772229
1563,9.212392881939498e-05,0.0017976078661305346
1564,7.872309336865631e-05,0.0018125506361770466
1565,6.599565967917443e-05,0.0014045841132077996
1566,0.00011961671795385579,0.0013448016224869006
1567,8.505537504485497e-05,0.001709097558192498
1568,0.0001848006824729964,0.0019644638303461977
1569,0.00010320569187266907,0.0021739069823410334
1570,0.00011464252408283452,0.001521975514258984
1571,0.00011169699331124624,0.001301825797738962
1572,0.00010383918197476305,0.001392270915950905
1573,0.00010764518277331566,0.0014561409906183524
1574,0.00014481093821814284,0.0013722956847898133
1575,8.239386030860866e-05,0.0015497704505861745
1576,4.898797942587407e-05,0.0013371457627197126
1577,8.616081753037482e-05,0.001242473327342098
1578,0.00010349283572092342,0.0016062583235334459
1579,0.00010934047992729271,0.0015660702538727892
1580,0.00011990172739994402,0.0020739666743599993
1581,7.673195214010775e-05,0.0016144787513203626
1582,0.00016678836739932498,0.0017619171907655954
1583,8.346859782856578e-05,0.0012630752565551873
1584,0.0002429491993098054,0.0015097260539324617
1585,0.00012242545756938246,0.001851880255587927
1586,8.23325998984122e-05,0.0012921474440441298
1587,8.482833072775975e-05,0.001366441077589402
1588,8.025171797877798e-05,0.00160500342044686
1589,0.00010604732669889927,0.0010800300888794173
1590,0.00013297743765482058,0.0015655214417960466
1591,0.00026437973331970473,0.002202266670477496
1592,0.0006297601697345575,0.0016271313574480436
1593,0.0006043743710809697,0.002127501264757176
1594,0.0002679919610576083,0.0023969669943660734
1595,0.00016795535824106386,0.001959150338061447
1596,0.00031516318946766354,0.0012025538640368114
1597,0.00028643382005005455,0.0015019651696701922
1598,0.0002826404592876012,0.0019295573872550734
1599,0.0003252833237638697,0.0012529150034689645
1600,0.0004041623566687728,0.001091746551509008
1601,0.0005523969855858013,0.001220152639567588
1602,0.0003955468302592635,0.0012726559856902867
1603,0.0005583526576325919,0.001550668497628525
1604,0.00023594389591986934,0.0015924101829250146
1605,0.00015754963727279876,0.002106103767442891
1606,7.770247320877388e-05,0.0015536573491843901
1607,9.480242151767015e-05,0.0013482460814462167
1608,7.546031107873811e-05,0.001385203911006216
1609,0.00012705382105195894,0.0016782853585543243
1610,7.22629098163452e-05,0.0015713634743083885
1611,0.00012222220830153673,0.0014800120266081076
1612,9.941318312485236e-05,0.0013312134867915371
1613,0.00019027837018559997,0.0011116581859881073
1614,0.0001074265620748823,0.0015100515310058561
1615,6.826024061107697e-05,0.0017318888677386787
1616,5.667155467866299e-05,0.001599753359846008
1617,2.5773704207191863e-05,0.0015439560057551372
1618,0.00010218535074576114,0.0014359591433441075
1619,9.87803493141352e-05,0.0016060842587942565
1620,4.048452222680983e-05,0.0013304245080725532
1621,8.147628662603286e-05,0.0013344133044519704
1622,2.680870481223489e-05,0.0012627652365948976
1623,8.602948813252927e-05,0.0013937990577143477
1624,0.0001748948638123693,0.0015464059144119167
1625,0.00014627550578249308,0.001519864885224484
1626,0.00012016147350853619,0.0016930037880257712
1627,4.800290892793176e-05,0.0017607909628175433
1628,0.0001225190647043443,0.0013265681057053759
1629,0.000103419163012101,0.0014228981774755
1630,7.571935493615456e-05,0.001337378267492131
1631,8.843029524238469e-05,0.001581263373693906
1632,6.200232116195062e-05,0.0018656134026081073
1633,0.00011720332743910451,0.0013846019686265725
1634,0.0001502971543231979,0.0011124405964079687
1635,0.00014740746749642615,0.0012008374979477522
1636,0.00014260178650147282,0.0012063312208587965
1637,0.0002884272534477835,0.0012455334415747308
1638,0.00017949351846861342,0.0017480673589267014
1639,0.00014741423462207118,0.001960044594730918
1640,0.00019036538530296335,0.002181597241002509
1641,0.0001757718011504039,0.003888077255683093
1642,0.000511055268968145,0.0019192648166973935
1643,0.0013975739343247066,0.001821468432074574
1644,0.0008315868908539414,0.004550950249701034
1645,0.0007243684454200168,0.0026826240419314837
1646,0.0008087865222478286,0.0011012797834148047
1647,0.0005673536448739469,0.0014677987918924008
1648,0.00026681619298566755,0.0020019203996447126
1649,0.0003357780253281817,0.0026498451429294552
1650,0.00012309743300041495,0.0011433608008192954
1651,0.00011444543124525808,0.0008488462132852759
1652,0.00012841319088086796,0.0012510141062616247
1653,0.00021651821249785524,0.0011457452196701188
1654,0.00014669425751587066,0.0018435358198168944
1655,0.0001548201296827756,0.0011955371023867074
1656,0.00016792642321282377,0.0012050084325147602
1657,0.00011490334472910035,0.00145611191612089
1658,0.000126966450867864,0.0008899475349063846
1659,0.0001684761877792577,0.0015772576847179669
1660,0.00015101139506441542,0.0016074930152701816
1661,6.04897444039428e-05,0.001215778892093492
1662,7.382019296831762e-05,0.0013774028799577256
1663,7.283683250231358e-05,0.001401216912772653
1664,3.55439883909033e-05,0.0015263950056213095
1665,0.00013983082899358124,0.0019214494744183746
1666,9.409503254573793e-05,0.0012282756964793415
1667,9.29445530346129e-05,0.001133291045750132
1668,5.857524035188059e-05,0.0015103079096274816
1669,3.2234015331293144e-05,0.001665455313018105
1670,7.076252243981192e-05,0.0016385091754688521
1671,8.885364295565523e-05,0.0012668388914940218
1672,4.0923796283702056e-05,0.0013317395735891375
1673,8.38821031114397e-05,0.001400958349759595
1674,5.970090909007316e-05,0.0014804640517196083
1675,0.00012424279023737957,0.0016716251545769022
1676,7.53100711638884e-05,0.0015661297210191531
1677,8.094149319125185e-05,0.0013111038582663485
1678,2.8081036725779994e-05,0.0012537066469071653
1679,0.00010058668946536879,0.0017301723751510809
1680,0.0001504445669221847,0.0015759746283732765
1681,0.00016006705797432612,0.0014193646314619916
1682,0.00010453566016318897,0.001659441725570914
1683,0.00010651326641285171,0.001455332684205977
1684,7.851543244517719e-05,0.001507598689507957
1685,9.104968388176834e-05,0.0016050339469275488
1686,0.0001226794515484168,0.001325889346171464
1687,9.301840254920535e-05,0.001666539201080271
1688,8.019145534490235e-05,0.0017563941655680537
1689,0.00010570736703812145,0.0012823678342273504
1690,4.272867712037017e-05,0.0012601545822117331
1691,3.3989060708942514e-05,0.0014252589225373048
1692,2.0509674747396882e-05,0.0015383450402401565
1693,8.069071530674895e-05,0.0013549482338973797
1694,0.00011547001631697639,0.0011923799747747816
1695,0.00014454705233220012,0.002074519738804285
1696,0.00011838655142734447,0.0021129544919694034
1697,0.00016100110272721698,0.001489816145516756
1698,0.00015607488700576747,0.0016471970666889248
1699,0.0001052714464700936,0.0014910015523228355
1700,8.560241525022624e-05,0.0012659530368941566
1701,0.00011611619544661759,0.001859121935764753
1702,0.0002723777036104972,0.001671662385480141
1703,0.00034186330400795366,0.001224411963155185
1704,0.00022818628737392526,0.0014618550089011923
1705,0.00013967711614289632,0.0011863722067186975
1706,0.00011668995527240138,0.0009802688676524747
1707,7.513470773119479e-05,0.00115354803934378
1708,9.766313960426486e-05,0.0012638774039553785
1709,7.888752879807726e-05,0.001992090049705754
1710,0.00017450439918320626,0.0022646394360253193
1711,0.00020121343259233982,0.0014088233391109004
1712,0.0004605627793353051,0.0010274997734745202
1713,0.0002467418099210287,0.0009390654785255627
1714,0.00027512315821998833,0.001087060175042262
1715,0.00020360781551668575,0.0019599827626118746
1716,0.0003208358447106245,0.0025532715422225986
1717,0.0002134118238852049,0.001556241899494111
1718,0.00013697535711495827,0.0013233388170937267
1719,0.00021302528184605763,0.0012053650804780657
1720,0.00019115322017266106,0.0016056501992252163
1721,0.00031788358270811535,0.0019469506741596723
1722,0.0002767194838573535,0.0009323800308423623
1723,0.00013370964297791942,0.0013069903870355191
1724,0.00014886720358238867,0.0018231476488427853
1725,0.0003067896468564868,0.00365155708048434
1726,0.0002992972658830695,0.004061146520122181
1727,0.00020890294302565356,0.002317722969299813
1728,0.00013454977403550098,0.0016700911581310936
1729,9.598690521670506e-05,0.0016719695587649823
1730,0.00010507606687800337,0.0020728206159326976
1731,0.00010853242626277886,0.0025347803726675005
1732,0.00015341209267110873,0.0019448155630746578
1733,0.00014390774983136605,0.0016691851700971446
1734,0.00021582017555677642,0.0009498849505875773
1735,0.00023328862492538366,0.0009608781797074398
1736,0.00019351901088763648,0.0013529174882317269
1737,0.00016390244345529937,0.001548251574382362
1738,0.00015883609497298798,0.001617640352213946
1739,0.00025396936883529027,0.0015564716767563712
1740,0.00010095713175057123,0.0013996818190895198
1741,0.00017360050066296632,0.0015551495085301713
1742,5.897590793514003e-05,0.001350604802989731
1743,0.00016545403147271524,0.0011858681952910805
1744,0.00011317281120379144,0.0013193491824323267
1745,2.484798509006699e-05,0.0013072904686106178
1746,4.3175668542971836e-05,0.0015166177506939927
1747,0.0001398788141765787,0.0010037845599659403
1748,0.00018296603254081372,0.0013326665690887396
1749,8.588523972624292e-05,0.0017958004595931825
1750,5.7735510078297615e-05,0.0012959610349058694
1751,9.268816065741703e-05,0.0014653711975735472
1752,7.231566196423956e-05,0.001388081049227603
1753,3.902160484964649e-05,0.0012735164198129781
1754,2.6327621768966006e-05,0.0012977678043672477
1755,0.00011619745540277411,0.0013772370522900476
1756,3.469025941740256e-05,0.0015219270836517918
1757,7.125389729480957e-05,0.00155347355872422
1758,6.0406596700583276e-05,0.001329011151816432
1759,8.279653526794088e-05,0.0013003915650990066
1760,7.30069458465247e-05,0.0012730490370455572
1761,0.00013708469026217548,0.0014099949630762003
1762,8.115447247594906e-05,0.0017030421501450885
1763,0.00010352651976669828,0.0015572352870184137
1764,0.00012664647219935433,0.0017383644810151748
1765,7.363984586845617e-05,0.0015686580298952466
1766,0.00020479984571769211,0.0012410149403561757
1767,0.00011933831071170668,0.0016031969598985798
1768,0.00015900687527998041,0.001820633401470919
1769,0.0001220980904084475,0.0019986654382463044
1770,6.528921512654051e-05,0.001584585065821435
1771,0.00010472138019395061,0.0012479384899997394
1772,5.241129814142672e-05,0.001629647985834071
1773,0.00011341040662955492,0.001771258112358472
1774,8.390122384298593e-05,0.001245715905175229
1775,8.053151747541657e-05,0.001124350498448764
1776,5.033069780135217e-05,0.001134442769111992
1777,9.526772240254407e-05,0.0013327976678659422
1778,0.00010856225465734799,0.0016224518414645448
1779,0.00011163993209872085,0.0017976615097608389
1780,0.00015255467442329974,0.0018560313198011456
1781,0.00011277358037962889,0.0015735293887042272
1782,0.00018924112494763298,0.001524193613885308
1783,0.0002045945671852678,0.0012970590101386325
1784,0.0002841271426101836,0.0013196812149716586
1785,0.0001291131673497148,0.001460209166205774
1786,0.00013103193778079002,0.001472778323172467
1787,0.000106582624236277,0.001735447552128453
1788,0.00018779624563952286,0.0014078550496299965
1789,0.00016282092401525005,0.001148584403746622
1790,0.00011294188067646852,0.0014922765200942989
1791,9.736784268170595e-05,0.0017218149677798973
1792,3.9588409951344756e-05,0.0016148343707955493
1793,4.237684333929792e-05,0.001587823391745351
1794,7.180186560920751e-05,0.0016586424308044352
1795,3.884572834067512e-05,0.001540191843739058
1796,4.2214283894281834e-05,0.001489720103792905
1797,6.973317795200273e-05,0.0015950621652057555
1798,0.00010725129941420164,0.0015848885990649932
1799,0.0001720857348118443,0.0013563843905984416
1800,0.00012827124495136863,0.0017390719891753135
1801,9.911694020653764e-05,0.001828401865562292
1802,0.00012009788891494584,0.001510585028509514
1803,0.00010448901278626484,0.0011205858927711434
1804,0.00016250701252526294,0.0014061161768842694
1805,0.00027653935831040144,0.0015583176845977978
1806,0.00024788865509132546,0.0016186679209267178
1807,0.00020043304490779216,0.0018593629842301406
1808,0.00033205737515042225,0.0012707791523091261
1809,0.0002536895030061714,0.0014072925688361558
1810,0.0001246698860389491,0.0013369820332777957
1811,9.385929406562355e-05,0.0013276182796153437
1812,4.0256326368156196e-05,0.0016235493143697776
1813,8.410153459408321e-05,0.0016064922404145515
1814,3.799836558755487e-05,0.0014714731240835716
1815,2.8325296928718064e-05,0.0013706919665661033
1816,3.817377704156873e-05,0.0012081985304124771
1817,7.462246430804953e-05,0.001379257746363484
1818,0.0001145574370942389,0.0010722951171094712
1819,0.00010798052365619999,0.000976417806926715
1820,0.00014550320265698246,0.0009858890462485252
1821,0.00011548977539253732,0.0013712425367892022
1822,0.0002305801686209937,0.0019032920125915897
1823,0.00017847701771340024,0.002310721194518246
1824,0.0001502028593677096,0.0018312422362500875
1825,0.00012044950854033232,0.001339666251144482
1826,0.0001371944027293163,0.0009838986528146367
1827,0.0001575485289019222,0.0009848545636572897
1828,0.00019712572102434934,0.0013033746838877638
1829,0.00010360335339404022,0.00214031136660712
1830,0.00011139638906267161,0.002009594933987837
1831,9.359396863146685e-05,0.0011749718119170311
1832,8.061640158606073e-05,0.0013209051222496438
1833,0.00015997818554751574,0.0017856972816392897
1834,7.355447402611996e-05,0.0013515070551918364
1835,0.00016740958283965787,0.0015338113770717535
1836,0.00021771062747575343,0.0010469536025234768
1837,0.000192839908413589,0.0015883194795978351
1838,0.00024425003478730406,0.0017474728762942153
1839,0.0001592581868559743,0.0013506077807469983
1840,0.00019735645764740184,0.0011292364261311105
1841,0.00015390977981345107,0.001524111909579163
1842,7.036203436049012e-05,0.0015447449904323856
1843,0.0001371511190275972,0.001354209510847838
1844,0.00019541815078506867,0.0019792273592966515
1845,0.00010588541141866396,0.002362730342704128
1846,8.581657384638674e-05,0.0016692120226202752
1847,7.650959693516294e-05,0.0015622375974812964
1848,3.472464522928931e-05,0.0015742335923192069
1849,7.877959724282846e-05,0.001177019404117238
1850,6.771979921419795e-05,0.0014976764365473366
1851,6.808769564183118e-05,0.0017210455404183878
1852,8.034700313146459e-05,0.0020256187183797124
1853,6.342551581231723e-05,0.0022164792625424196
1854,0.00024503361782990396,0.002078705271119325
1855,0.00018067701700298736,0.0017132104629298717
1856,0.00022199569648364558,0.0013584200188326906
1857,0.00022262321532859157,0.0011591533442783192
1858,0.0002669303852599114,0.002358528749629311
1859,0.0005581101907106737,0.0015125339117458487
1860,0.0002842750148071597,0.0023844585145317665
1861,0.0001632728446566034,0.0033219502175476138
1862,9.570126906813433e-05,0.0020188999263291048
1863,0.0001999417295640645,0.0013338087968102943
1864,8.21469383178434e-05,0.0010589355124824306
1865,0.00011340375349391251,0.0014113407141133029
1866,0.00010297418242165198,0.0018150823000143831
1867,0.0001170202221449775,0.0017397924726022275
1868,0.00012877129580980787,0.002128163501106965
1869,0.00010907193476062578,0.0018893592637105603
1870,6.0549194070821004e-05,0.0017837203881431987
1871,6.028308537982715e-05,0.0015013750090711112
1872,6.372293185753127e-05,0.0015160427282117014
1873,5.397053828346543e-05,0.001564796343922439
1874,3.974220235249959e-05,0.001381397508561435
1875,0.00013762890739599243,0.0009544338356322191
1876,0.00019020254597611105,0.0011095042165376128
1877,0.00015512664831476286,0.0020236984274797434
1878,8.404243223291512e-05,0.0014793612677090633
1879,9.668368341711661e-05,0.0013624520754206954
1880,0.0002402249844938827,0.0016125707417785182
1881,0.0002189952496943685,0.0014427457798609701
1882,0.000135356799485938,0.0014721165479006848
1883,0.00010976124225029102,0.0015159373695954798
1884,0.00016631386000274991,0.0013464202767047356
1885,7.25095102097839e-05,0.0017536919954504202
1886,0.00012839597984566354,0.0018178902540766583
1887,7.418942744455611e-05,0.0015535728041610616
1888,6.485646930135166e-05,0.001526464635733603
1889,0.00012444672344524103,0.0022148748357435615
1890,0.00014152650692267343,0.0015176242184421914
1891,0.00013719100534217432,0.0009886164357519056
1892,0.00013740213835262695,0.0012551859140581283
1893,0.00012790610247369235,0.0010117663185829004
1894,0.00017877496550984992,0.0017412481059532936
1895,9.731599760319417e-05,0.0029385922197985837
1896,0.00011769509886410864,0.0017703225328330333
1897,0.00016984034640093643,0.0014238658986296358
1898,8.4116448124405e-05,0.0010213820065745687
1899,5.7558783737476915e-05,0.0011607215672870732
1900,7.372783544875952e-05,0.0013208257824578505
1901,6.652589678803148e-05,0.0013172486444062545
1902,6.638506141219599e-05,0.0013839905086068774
1903,8.621951419627294e-05,0.0014920218272031997
1904,7.302626715196917e-05,0.0013624759621030879
1905,8.589344348971887e-05,0.00160555388067123
1906,9.563513012835755e-05,0.002164901230542913
1907,0.00018999801735238483,0.0012959595943808438
1908,0.00015351843709746996,0.0012181675676659746
1909,0.0001122716503838698,0.001301748878377541
1910,7.159931750114387e-05,0.0013723177161603052
1911,6.738142959269074e-05,0.0012523509799429457
1912,4.6583342918893325e-05,0.0013885474406314764
1913,5.9265849570995974e-05,0.0013550236934839976
1914,8.976752469607163e-05,0.0014387817254040655
1915,4.648393987736199e-05,0.0013257088616314367
1916,0.00016723088835230254,0.001031292989248718
1917,0.0003726396040292457,0.0012928552464508694
1918,0.00016274922624385604,0.001229289696161364
1919,0.00013306393520906568,0.0018686620430566194
1920,0.0001301828030894588,0.001451251570018023
1921,0.00013804722451216851,0.0013296363144694996
1922,0.00010906627558142646,0.001350884784130365
1923,0.00012766942042314138,0.001202973866226577
1924,4.794354548115128e-05,0.0012638473793438923
1925,5.497944875969552e-05,0.0014337145147742484
1926,8.934582147048786e-05,0.0017327573920387451
1927,0.00011953403930723047,0.0016351320925645353
1928,0.00012619216771175463,0.0016782287092087424
1929,0.00013741091315750965,0.001824086188250698
1930,0.00011481605106382631,0.0010750054414558233
1931,0.0001930637217204397,0.0010767426274397858
1932,0.00029158606290972483,0.0015609749899003801
1933,0.00020163050285191276,0.0017573872111796393
1934,0.0003459908257354982,0.0010823313463992608
1935,0.00045077068110307056,0.0033264350014056746
1936,0.00030751199616740145,0.002453412191473006
1937,0.00016330035893285337,0.0011261772906580045
1938,0.00017044059689699982,0.0011152722524464364
1939,0.00011376193312268394,0.001242664848421297
1940,5.427015106154916e-05,0.0013560173734215887
1941,8.892987073825983e-05,0.0015361308391521296
1942,2.7451228985834555e-05,0.001422388507071589
1943,7.026903416165927e-05,0.001212948654121976
1944,7.82045079783226e-05,0.0013492567470209217
1945,3.627531526338619e-05,0.001025027349109094
1946,0.00011352434958098457,0.0011771613182903332
1947,8.626486402742254e-05,0.001693010067119901
1948,3.271702335041482e-05,0.0014498552566900205
1949,7.484713520777101e-05,0.0012305861549345616
1950,9.400815712676072e-05,0.0010957618651445955
1951,7.484471182882165e-05,0.0018600961532605094
1952,7.925673695960237e-05,0.0024953217898297498
1953,0.00016405587860693533,0.0014108428859892557
1954,0.00012739967399587234,0.0010868995826266061
1955,0.00011349409760441631,0.0014248892168081768
1956,5.8301336927494656e-05,0.0010261598632553607
1957,9.381239894234265e-05,0.0010464217928128215
1958,7.566386630060151e-05,0.001575720467142702
1959,9.877745372553667e-05,0.0013409099687352836
1960,9.823267949589838e-05,0.0015201445670769088
1961,9.221844338753726e-05,0.0011295334545539794
1962,4.330987115584624e-05,0.0011432780309004608
1963,8.971726735277723e-05,0.0011223620030658657
1964,8.65233305376023e-05,0.001448016191143396
1965,8.329106422024778e-05,0.0017213417303301101
1966,0.0001187840651255101,0.001823233852096958
1967,0.0002156436996301636,0.0017947572921439418
1968,0.00015571471206688632,0.0011434482596631302
1969,0.00015598049115700025,0.0009271266661546794
1970,0.00016607922249628853,0.0016521588756196845
1971,9.432443342423842e-05,0.001293186897202945
1972,8.983047349223247e-05,0.0015180937086019342
1973,0.00010673369833966718,0.001785704142810029
1974,0.00035704878391698005,0.0010012463125041375
1975,0.00023164669303999593,0.0008593937940546083
1976,0.0002685722545720637,0.0022549140752901827
1977,0.00024750404021081824,0.0016742209843396553
1978,0.00032878874602223124,0.001324659769833968
1979,0.00016127013538304406,0.0013631512718018527
1980,0.00014666550826708164,0.0014392686783204105
1981,0.00013444653959595598,0.001082663502114253
1982,0.00012475826661102475,0.0012505126578044
1983,0.00010240692645311356,0.0016993028166755212
1984,6.174314136539275e-05,0.0018591465736468007
1985,6.039951452597355e-05,0.0014682762319310092
1986,0.00014161246799631043,0.0011820116801752056
1987,9.817598620429636e-05,0.0012435796693532075
1988,8.461939869448542e-05,0.001220242103367428
1989,8.539587506675161e-05,0.0013412482679938883
1990,6.700845078739803e-05,0.001248614698938116
1991,2.668648218483819e-05,0.0015842264039647273
1992,8.078768199387317e-05,0.0018976523539080746
1993,7.113901386522533e-05,0.0014342985149861614
1994,5.018286077150454e-05,0.0009904911429492948
1995,6.683825728638718e-05,0.001470550046830372
1996,6.25092502256545e-05,0.001294590489696858
1997,0.00013371412496780976,0.001330942305090918
1998,9.094201814150438e-05,0.0017867285224763075
1999,9.959220284751306e-05,0.001820175452927846
2000,0.00010713587253121659,0.001362052047166856
2001,0.00011328976421888607,0.001494446253737684
2002,9.047101436105246e-05,0.0014387074304289939
2003,8.98707687156275e-05,0.0012825841320619927
2004,0.00019019284554815384,0.0012861912970167152
2005,9.32889820736212e-05,0.0012713067199646194
2006,9.17770950763952e-05,0.0013709034194150484
2007,8.003399222313116e-05,0.0010538544595437712
2008,7.933917950140313e-05,0.0009062384465144669
2009,5.998739458542938e-05,0.0009865672022789922
2010,3.23197411489673e-05,0.0010090322051780284
2011,7.797922638322538e-05,0.0010893576838970772
2012,5.310007521378187e-05,0.0015123349992103698
2013,0.00010805556473011771,0.0012144412837123248
2014,4.692662963255619e-05,0.0011402814077052074
2015,0.00011492427292978392,0.0011378387691623596
2016,0.0003116285651534175,0.0007735018629333125
2017,0.0002041666555063178,0.00077734515970384
2018,0.00014810241312564662,0.001271803404101882
2019,0.00010895156010519713,0.0015455920544386965
2020,6.469097497756593e-05,0.0013663041346713783
2021,4.96606357046403e-05,0.0014738581687813318
2022,9.497860640597841e-05,0.0022755912083428443
2023,0.00012397660369363925,0.002115626279521352
2024,0.0003601594032564511,0.0016828659050144607
2025,0.00017835594965921094,0.0015688030364076188
2026,0.00013608866235396513,0.0015896176461013048
2027,9.81558749723869e-05,0.001999523464084317
2028,0.00012040941946906969,0.0015668395959852835
2029,0.00016892896334563072,0.0011844018657094118
2030,0.0001206847868161276,0.0015320059051370527
2031,9.641104285644057e-05,0.0010835525655832992
2032,0.00012930715990175183,0.0013089584480919765
2033,0.0001551858649084655,0.0014218620980693776
2034,0.00018966315207459653,0.001195053662554779
2035,0.0001114424934106258,0.0013652307436962826
2036,6.525671487906947e-05,0.0013979070409252418
2037,7.449010930334528e-05,0.001332819298657728
2038,7.913049078827802e-05,0.0012225201935507357
2039,4.99049934054104e-05,0.0014149625528985122
2040,7.903558556184483e-05,0.0013565892746899364
2041,9.9446605599951e-05,0.0012454591099334163
2042,8.331943996987926e-05,0.0013761303811994066
2043,0.00012372282362775876,0.0010500115623851636
2044,9.121373198771229e-05,0.0012401351178116275
2045,8.547815377824008e-05,0.001253289063772788
2046,9.21991949629349e-05,0.001332116774356682
2047,4.2540525343307914e-05,0.00121240380841608
2048,0.00010776051312859636,0.001184467061039603
2049,7.256279404828092e-05,0.0013880498879625806
2050,8.500188559992238e-05,0.0015933622320101956
2051,6.134914389501015e-05,0.0014314576364708991
2052,0.0001154509043165793,0.0009455744450495718
2053,7.390701648546383e-05,0.0011010422067914715
2054,0.00011637922386095548,0.0015307256968427948
2055,0.00011348252398117135,0.0011785587746884645
2056,6.811010583381479e-05,0.0010371873172194382
2057,5.21331254276447e-05,0.0013867843933733487
2058,7.53947538517726e-05,0.0010494534904778913
2059,3.7552214841222546e-05,0.0011851048545259248
2060,0.00012070489853310088,0.001535660524001917
2061,0.00021607609354153587,0.0010049478926624385
2062,0.0003245605369253705,0.0012846017860455483
2063,0.00032021462514724894,0.0015907804394602835
2064,0.00019760683159499118,0.0008875823620233344
2065,9.801791020436212e-05,0.0010517749178688973
2066,0.0001270123791376439,0.0013305130025085912
2067,8.647142676636577e-05,0.0010002078276492405
2068,6.421816287911497e-05,0.0009884624455516469
2069,0.00011072966202239817,0.0010908174942207236
2070,0.00010819604285643436,0.0015267561754490446
2071,0.0001180711265381736,0.0011393542249786015
2072,5.0783773864774655e-05,0.0016117079456622794
2073,6.7262012817082e-05,0.0019411652909929124
2074,0.00011897790391230955,0.0011099114020421046
2075,8.67116551186579e-05,0.001267764760423305
2076,0.00011546806199476123,0.0011385852247788241
2077,6.798060433842087e-05,0.0012718859494399778
2078,3.0552385578630495e-05,0.001473686563888726
2079,4.511075749178417e-05,0.0014302601114714768
2080,8.436506698975185e-05,0.0014089289846404742
2081,7.716686898978272e-05,0.0012011062319474807
2082,0.00011283525285155823,0.0010781115176262495
2083,6.872228113934398e-05,0.0010203699839478322
2084,9.038708716010054e-05,0.0011070477026863038
2085,5.373750803604101e-05,0.001125019259327348
2086,7.525569259693535e-05,0.000993536066128249
2087,9.192032424228576e-05,0.0012633684975843086
2088,9.590199091083681e-05,0.0012193619549516442
2089,7.77197148030003e-05,0.0015304856841987747
2090,0.00014645385041755314,0.001562096051116452
2091,0.00013850524604398136,0.0015258303308111475
2092,0.000173059514296862,0.0016338035719117194
2093,6.068430181282262e-05,0.0014328530074764541
2094,4.0784109539041914e-05,0.001262630937542165
2095,0.00010929516138276085,0.0015464026543245775
2096,8.21217974589672e-05,0.0015166275309560103
2097,0.00019587511984961263,0.0016148420835397845
2098,0.00015103419524772714,0.001461787044352991
2099,0.00031251305772457273,0.0017597337196559066
2100,0.00017072847210026037,0.001283706976632463
2101,0.0001679119206528412,0.001620657244737546
2102,0.00010840738153395553,0.0014249888110326558
2103,9.510897555931782e-05,0.0013788049819688569
2104,8.943163459965339e-05,0.0011161755271783965
2105,0.00010147996120698129,0.0010907386741729262
2106,6.329793759505265e-05,0.0010381332581668476
2107,8.397783652374831e-05,0.001328387181962085
2108,0.0001634578170220872,0.001410445306582127
2109,0.00019032299557390311,0.0014011363588698853
2110,0.00015104796912055463,0.0015288315769321629
2111,0.00014982217107899486,0.0014303305514494148
2112,0.0001700761242924879,0.0010432743677763108
2113,0.00018882221969154973,0.0010141892350410792
2114,0.0001582094836824884,0.000939657443046513
2115,0.00026833081259004153,0.0009327963021846018
2116,6.793193218375866e-05,0.0010833224260127245
2117,0.00013746954161130513,0.0010763049577353669
2118,0.0001673047944980984,0.0015826669336465283
2119,0.00013423564232653006,0.002009984813483916
2120,0.00011636045279980559,0.0017144825973174
2121,0.00010876314797011824,0.0013361443246634106
2122,0.00015635539942498628,0.001851387404448052
2123,0.00016837470708802965,0.0011650800028807616
2124,0.00022172893319899838,0.0008875629642916894
2125,0.0001303714646686179,0.0010509864450294862
2126,9.588194346482245e-05,0.0011274883333148111
2127,4.875229569734074e-05,0.0010112743431933253
2128,8.000310384280359e-05,0.0011049203868445713
2129,8.13632626280499e-05,0.0011989448162705058
2130,0.00012226962571730836,0.0011359957705882533
2131,0.00011782287668514376,0.0014944400493510244
2132,0.00021266467471529418,0.002044804670616955
2133,0.0004486582630003492,0.0010569732053477847
2134,0.00040602865531885377,0.0008927663963739064
2135,0.00035705773285978163,0.0022558476968382404
2136,0.00021921518006517242,0.00113606186449921
2137,0.0001809179089226139,0.0006405133820544148
2138,9.969529831626763e-05,0.0008201259186635285
2139,0.00010513385641388595,0.0011163169472738661
2140,0.00013580283375631553,0.0008516185728186379
2141,8.213969849748536e-05,0.0010067532802647801
2142,6.660478951137823e-05,0.0012432131930034402
2143,0.00010127846423226098,0.0011462066194233228
2144,9.96099435724318e-05,0.0013421846124688237
2145,4.159513531097521e-05,0.0012038337084186066
2146,7.832697689688453e-05,0.0013233582185779324
2147,0.00014634054581013817,0.0012421121295563525
2148,0.00016433529769225666,0.0012963286232740405
2149,0.00033689625755262874,0.0009034163104076906
2150,0.00018149451449668655,0.0011828250996951805
2151,0.00016671954557144394,0.001441858886689769
2152,8.256045742503678e-05,0.001235198438090573
2153,8.452282442400853e-05,0.0010541404760626004
2154,9.846061414767368e-05,0.0012444936414615904
2155,4.6007429530921703e-05,0.0011212395625115614
2156,9.854281621907527e-05,0.0008739506468079676
2157,3.741334136672473e-05,0.0009824041131421865
2158,0.00010959438647356971,0.001131731008250985
2159,4.782432515639812e-05,0.0009815580085310424
2160,3.367651249088037e-05,0.0010691606541628046
2161,3.4705262805800885e-05,0.0010743615594252533
2162,3.4503146162023766e-05,0.001299887345132132
2163,5.511079652933404e-05,0.0012368481357831244
2164,9.870849850509936e-05,0.0009188633363998283
2165,4.223194446240086e-05,0.0010116731976690578
2166,3.708832597718962e-05,0.001139010029100615
2167,8.112491268548183e-05,0.0014085165815295902
2168,8.510727663330423e-05,0.001505838823963074
2169,7.369876232890723e-05,0.001228602620952682
2170,0.00011042823073997473,0.001182475488213089
2171,0.00017406338592991234,0.001116411243226218
2172,0.00030347635232222576,0.0012539046987025875
2173,0.0002919260684090356,0.001268635375157556
2174,0.00012987143515298764,0.0011569699916464285
2175,0.00022585874733825525,0.00132154976751098
2176,0.00021537025071059664,0.0017191679546917518
2177,0.00014616209130811816,0.0015779589701583243
2178,0.00011683303334090549,0.001389440013403733
2179,0.00014490043880262723,0.0012394486327002953
2180,0.0001593679902725853,0.0009484579131249192
2181,0.00011765512075119962,0.0010499595919673012
2182,0.00011792689329013229,0.0012666397328363864
2183,0.00010925392513551438,0.0014088820312245507
2184,6.111760012572631e-05,0.00127133975349968
2185,0.00011161916797088148,0.0012288552685549086
2186,0.00012305842683417721,0.0014851599840967967
2187,0.00014983473035196465,0.0019695005731613147
2188,0.00038244734945086143,0.00143328009495937
2189,0.00021710653782065493,0.001802337063498443
2190,0.0003122954435336093,0.0030721599569793526
2191,0.0004560131230391562,0.0023616977424661474
2192,0.00024767629705214255,0.0007881313428024299
2193,0.00011679778787462661,0.0008759904247442788
2194,8.195958071155474e-05,0.0008217628705397791
2195,7.655999337051375e-05,0.0007540780256179668
2196,9.971877419350979e-05,0.0011335550555336019
2197,9.42698447033763e-05,0.0013225172228348537
2198,0.00016083212006681908,0.0010121427938171597
2199,0.00021455976724003752,0.0008820827047667818
2200,0.00019485884016224493,0.000737423562022168
2201,0.00014290824619820342,0.0010155980492663373
2202,0.0001145405333469777,0.0013545351976063102
2203,9.202205474139191e-05,0.0011759382483776746
2204,7.97490036347881e-05,0.0013141746382507693
2205,0.0001268152744160034,0.001071658655982758
2206,9.519202843269644e-05,0.001023474169801554
2207,6.693472666180848e-05,0.001071355007240534
2208,2.4324713952713257e-05,0.0012089656808002903
2209,9.754526181495748e-05,0.001560302186797659
2210,7.126423539981867e-05,0.0016986109210016924
2211,0.00014718909903119008,0.0011937859432412472
2212,9.931577078532427e-05,0.0012595182354951564
2213,0.0001869037398137152,0.0009596492966483934
2214,0.0001333412728854455,0.0011545946144619883
2215,0.00014016293862368913,0.0014290028704535655
2216,0.00014892858210563038,0.0012269017931007904
2217,4.715604530550384e-05,0.001223361363000141
2218,9.282853619273131e-05,0.001346642581386653
2219,0.0002284815811435692,0.0011370972923633797
2220,0.0001295036228839308,0.0008686523893472232
2221,0.00014700522636606667,0.001125306597664241
2222,8.134676354529802e-05,0.0012107193064380907
2223,0.00014501065840401376,0.0009446172958045582
2224,0.0001790028681474117,0.0009996292323853058
2225,6.42819713903009e-05,0.0011661895651619617
2226,6.405263314566886e-05,0.0008982244481866094
2227,9.323081806845342e-05,0.0011496969994146554
2228,5.126299268643682e-05,0.0011102268460855679
2229,0.00011837009854692345,0.0012299856812671179
2230,0.0001740068871489105,0.0011639782254158806
2231,0.0001899737209896557,0.0009308205605241632
2232,5.4395213252670754e-05,0.0013161870210035521
2233,6.636162106588017e-05,0.001113466191560206
2234,8.96503127781519e-05,0.0009678507353890482
2235,7.522046216763556e-05,0.0009542029171331427
2236,7.061719352350338e-05,0.0012486112275615511
2237,8.297062837906803e-05,0.0012519380515881294
2238,8.16738921760892e-05,0.0011449351727570165
2239,4.125956281010683e-05,0.001297377700748758
2240,8.385308586487857e-05,0.0012401313189596788
2241,9.382163358774657e-05,0.0012241708897109194
2242,0.00013180111369971806,0.0008689528629145384
2243,0.00010561660553018251,0.0009179632536934938
2244,0.00012986097863176838,0.0009132987374117173
2245,6.922280347983663e-05,0.0008890470462359899
2246,0.00014575938015089682,0.0010482736702322755
2247,0.00013565446376257267,0.0012981055187992752
2248,0.0001686021297549208,0.0021753489932661335
2249,0.0001036843954352662,0.0014156709128613108
2250,6.276882583430657e-05,0.0010468396648084452
2251,3.5742754213667165e-05,0.0009701338273062422
2252,7.282479897791442e-05,0.0010148864514451092
2253,4.28127430495806e-05,0.0011576190393777404
2254,0.0001277259822624425,0.001489199293038522
2255,0.0001421939688346659,0.0010654084628730221
2256,4.913680095341988e-05,0.0010057584486634096
2257,4.96436157845892e-05,0.00113663471149882
2258,3.6060675241363546e-05,0.0009375921158714946
2259,0.00011619764554779977,0.0010759040875329203
2260,0.00010565658728107034,0.001633682473393993
2261,6.009561402606778e-05,0.0017198348146547952
2262,8.852244548810026e-05,0.0010227359975477329
2263,9.681101219030097e-05,0.0009368924053035691
2264,4.763644768293792e-05,0.0011945873923786719
2265,4.4674994084440794e-05,0.0009905173138240499
2266,5.32786126617187e-05,0.001159002808954816
2267,6.98904240077051e-05,0.0014570469076114552
2268,7.4984013675324e-05,0.001363686669533559
2269,6.686199194518849e-05,0.001259599107420292
2270,7.185128779383377e-05,0.0008972863203572755
2271,6.41530117718503e-05,0.0010923768866231563
2272,5.3032148571219295e-05,0.0011473149017661838
2273,6.672412879803839e-05,0.001016270054076197
2274,0.00012775581223346913,0.0010998240957590276
2275,0.00026960682783586283,0.001208138480272848
2276,0.00025130984189066413,0.0013190434961928069
2277,0.00021794784067121024,0.001591177920326884
2278,0.00018028228951152414,0.0013447928876711393
2279,0.0001714390122894353,0.0016565951830377495
2280,0.0003133762559931104,0.0017212881155744724
2281,0.00029431220415669185,0.0008704153700976557
2282,0.00013349795481190085,0.0008571601752260531
2283,0.00015645640378352254,0.001206728136377761
2284,0.00013821265893056988,0.0011530300083489517
2285,0.0001162953941578356,0.0011506081804771556
2286,8.157139260826322e-05,0.0011354829567414891
2287,8.77780856778069e-05,0.0012463053494075856
2288,7.927921445419392e-05,0.0010216410084367238
2289,6.171757510552804e-05,0.0008960674244953561
2290,9.265618621914959e-05,0.0008562824848808319
2291,0.00014911089213759016,0.0009005254128348361
2292,0.00010071252133154,0.0011167172743575867
2293,0.00010353094379145962,0.0011706827854642307
2294,0.0001016728617590464,0.001515076791786948
2295,0.00012772066620527766,0.0011796454727598356
2296,5.977507559388565e-05,0.0009940046945166971
2297,7.079907906396936e-05,0.0009802483802745631
2298,3.856287342690242e-05,0.0009780325781321153
2299,3.151042789492446e-05,0.0009582143772611629
2300,8.017960208235308e-05,0.0010620179747902296
2301,3.707795852581815e-05,0.0011408150800610122
2302,7.822231988636e-05,0.0010074329991938591
2303,9.56513332009005e-05,0.0010721651033093185
2304,9.874486471138274e-05,0.001078857285636074
2305,0.00010521156218601391,0.001145603869469675
2306,6.734854638731727e-05,0.0012996437194881829
2307,4.6113942759499574e-05,0.0013049782563631577
2308,2.443052850746123e-05,0.0010246075378129566
2309,7.58397259536044e-05,0.0008841979593051392
2310,8.640828164061532e-05,0.0009075684596695727
2311,7.322340267516363e-05,0.0009479916018210319
2312,0.00012631983772735112,0.0009374742046242404
2313,6.358167374855838e-05,0.0014724539589195504
2314,0.00010265901801176369,0.0011963549867092713
2315,0.00010898771324718837,0.001152000427117762
2316,0.00010386761981256617,0.001235754919599551
2317,8.409892761847004e-05,0.0011107894769818412
2318,0.00019645976717583836,0.001204667343871712
2319,0.00019615807589919618,0.0009084826144073562
2320,0.0002988053446946045,0.000853077619911518
2321,0.0003226869953020165,0.0011826181854396383
2322,0.0002276996907312423,0.0012540225385079585
2323,0.0004678393287273745,0.0013789888242200956
2324,0.00023162306266992042,0.0024175752943389
2325,0.0003855779378985365,0.002560279794096008
2326,0.00022992478043306618,0.001683473364288706
2327,0.00027791221315662067,0.0013744409510491812
2328,0.00043267479243998724,0.0014332340288665292
2329,0.0003005466259007032,0.0009535350143592291
2330,0.00024860204527309783,0.0009102543951062611
2331,0.0003742258297279477,0.003102832042986131
2332,0.00031344921929606545,0.0012513649022925322
2333,0.0006509018091795345,0.0025112010853907724
2334,0.000936166086466983,0.002809087474515119
2335,0.001046543118233482,0.0012293468233139262
2336,0.0005193955730646849,0.006045701829203236
2337,0.00039013745602763567,0.0010387307961286214
2338,0.00010722939817545315,0.001072681346194595
2339,0.00013543821502632152,0.0009508854574358869
2340,0.00012654097808990629,0.0010131372947348501
2341,0.00010242545055613542,0.0008561356947419286
2342,0.000105445267399773,0.0008748235110592008
2343,8.548471281149735e-05,0.0010219104888236634
2344,0.00016817258826146524,0.0014155358387758648
2345,0.00011413083993829786,0.0010754299580335422
2346,0.00011272336802600572,0.0010339875528396394
2347,0.00015972014662111179,0.0015139807438235876
2348,6.190197079073793e-05,0.0013410905696906326
2349,3.6971108541668704e-05,0.0010685739030660034
2350,8.16598423019362e-05,0.0008593002985864987
2351,0.00013955204146138083,0.0010829190519642026
2352,9.820007398957387e-05,0.0008800185719659867
2353,0.00012189530583176142,0.0007904409553523828
2354,8.43619414808927e-05,0.0011508422167527152
2355,9.232275612400068e-05,0.001047759760064843
2356,0.00012741202032581593,0.001376287114263813
2357,0.00011442448194429745,0.0007409668138193876
2358,5.248675903809878e-05,0.000718045884835686
2359,8.531730006022069e-05,0.0008776340457804659
2360,0.0001594132986307765,0.001023708981568155
2361,0.00013632246142757746,0.0011807945501939284
2362,0.00010684528339576597,0.000828152119574379
2363,0.000136585841634466,0.0010076505412745444
2364,0.00011209308649995364,0.0010999322636969621
2365,0.00010592268105635109,0.0011621302921383633
2366,2.9222967593038145e-05,0.0010822231628781728
2367,3.147202466304104e-05,0.0009534743136229492
2368,5.116659570679379e-05,0.000994309764877915
2369,2.7171906792015457e-05,0.0010006368388495166
2370,7.091006276217134e-05,0.0009591958574230203
2371,2.0787374523933977e-05,0.0010464197761694512
2372,1.9543715037192063e-05,0.000926726519938661
2373,7.124951140819273e-05,0.0009494055068032362
2374,8.93125000099341e-05,0.001152885543580321
2375,5.597656721268625e-05,0.0009614902013508552
2376,8.522886467593101e-05,0.0009554387219195203
2377,3.7103128124726934e-05,0.000834482117822095
2378,7.508838449818237e-05,0.0010177246353352501
2379,7.995013911568094e-05,0.0012783704712385619
2380,6.938511893774072e-05,0.0012607625593966621
2381,3.583655755695266e-05,0.0011974575965551615
2382,8.979044238609883e-05,0.001255605350098184
2383,9.021178120747209e-05,0.0010899476561233342
2384,9.19497906579636e-05,0.0015460068853132016
2385,0.0001852137337361152,0.0019307841297503063
2386,0.00015707502607256174,0.0009276872825130268
2387,0.0001569495090128233,0.0007895672668984313
2388,0.00013479316391264243,0.0010465946348473855
2389,0.00012069349468220025,0.001540195847234476
2390,8.20480243419297e-05,0.0011110723096103678
2391,6.759867780298615e-05,0.0008134896103631867
2392,0.00012705477468747024,0.0011542613964571845
2393,0.00012033050952595659,0.0014670325702562284
2394,9.631273011715773e-05,0.0010398155551286428
2395,5.063488121474317e-05,0.0008898872354434639
2396,0.0001359330633325347,0.0009885062953992564
2397,0.00011798088332094873,0.0015675467622327053
2398,7.94686396451046e-05,0.0010876432420982884
2399,4.8335144735271264e-05,0.0009176091557528134
2400,9.192042513556468e-05,0.0013148528267079452
2401,3.646408731583506e-05,0.0013102964593434898
2402,6.902200730110052e-05,0.0010607980023730386
2403,0.00010675688342113669,0.001015817575792848
2404,7.77106050615354e-05,0.0011790698732425436
2405,3.732393864387025e-05,0.0011164104484853987
2406,8.423130748269614e-05,0.0010007479930237875
2407,0.00023235829721670597,0.001259656740108681
2408,0.00034665970403390624,0.0014889676114232609
2409,0.00020556665404001251,0.0010240594171240602
2410,0.00012659436567143226,0.0011278880051040186
2411,0.00012487801529156666,0.0012526324673786788
2412,6.42533831220741e-05,0.0009602219189240369
2413,0.00010532951758553584,0.0009656199238054073
2414,7.877616456729205e-05,0.0011820227539535305
2415,8.059827741817571e-05,0.0013902507943291892
2416,6.226842039419959e-05,0.0012722664689608506
2417,7.776843315999334e-05,0.0010630147678064416
2418,8.539414084225427e-05,0.0009888314346848863
2419,4.953497724879223e-05,0.00101843819743587
2420,0.00013291570406484727,0.0010424537534227845
2421,0.00011832345383785044,0.0013502963564695982
2422,0.00025979997978235286,0.0010342529758776164
2423,0.00022919118540206304,0.0014564365040378895
2424,0.00010684695492576186,0.0014846026287854129
2425,9.236068338699018e-05,0.0010480277359899955
2426,0.00013521137201072026,0.000939990230996389
2427,8.935674850363284e-05,0.0008003002198323182
2428,0.00012239306282329682,0.0010243677874471567
2429,7.454745973518584e-05,0.001020337971052023
2430,3.3547842546492274e-05,0.0011718789258546483
2431,3.305099004743776e-05,0.0013887510359045264
2432,3.6064491238600266e-05,0.0012275915231746365
2433,0.00010258547869549754,0.0010841375388256384
2434,0.00013335125695448368,0.001034262684525878
2435,0.00010001635664593777,0.0011844025341808562
2436,7.012917097502699e-05,0.001195752976726242
2437,7.946119585540145e-05,0.0011934369535957221
2438,8.264392939357397e-05,0.0009825162897317296
2439,0.00010980173295441395,0.0012673575153361683
2440,0.00010703703495285784,0.0010751969287333292
2441,0.00011548277737650399,0.0010189640992193316
2442,0.0001470397342927754,0.0010111333142808368
2443,0.00016295743165149664,0.0008952291414240654
2444,6.0078372189309445e-05,0.0009282272468247922
2445,6.886015204751553e-05,0.0010492810680426466
2446,4.73442989459727e-05,0.0012618123492277337
2447,7.216683491909256e-05,0.0015062009746128122
2448,0.00011957732034109844,0.0010784744075591141
2449,0.00010157957246216635,0.0009502412426018699
2450,9.042617724238274e-05,0.0009246662748481631
2451,6.663089322197871e-05,0.0009422063780879771
2452,8.40447732116445e-05,0.0011710374795751075
2453,9.310294335591607e-05,0.001617512790812546
2454,4.7463667578995226e-05,0.0014281495296447648
2455,5.665984596513833e-05,0.000936848298563094
2456,4.881787802636002e-05,0.0008830465698066097
2457,0.00010173745977226645,0.0009919825654181717
2458,6.194636904789755e-05,0.0011500379814964345
2459,8.978804253274575e-05,0.0015593370212806667
2460,9.08529551452375e-05,0.0011395292020197519
2461,4.4015330786351115e-05,0.0008528454661324408
2462,8.794049839101111e-05,0.000918683265558147
2463,0.00023088321807639053,0.001053322346534536
2464,0.00023424776057557513,0.0008227042224204102
2465,0.00010158521351210463,0.0012298588311908342
2466,0.00010411683906568215,0.0009833258075051111
2467,0.00010896522532372425,0.0007107360658027768
2468,0.00015307971480069683,0.0009059486759739001
2469,0.00011351576686138287,0.001132543017610167
2470,0.00015288270175612222,0.0013967312049252662
2471,0.00016633183501350382,0.0015796398923651675
2472,0.00015961855242494494,0.0009294671827939148
2473,5.72415529556262e-05,0.001088488146749336
2474,8.667554648127407e-05,0.0010145729816496724
2475,7.983804801673008e-05,0.0013952524493829766
2476,4.6776074062411986e-05,0.0012517861669468803
2477,7.351161548285745e-05,0.0010123823267063053
2478,3.504490390090117e-05,0.0011280586649242085
2479,6.315282250094849e-05,0.0011386490137294287
2480,5.9090125068905765e-05,0.0011351521889583801
2481,3.2554832675183816e-05,0.001196121830881874
2482,6.10987983236555e-05,0.0009868602721798821
2483,3.3235305090784094e-05,0.0010558861272508557
2484,0.00010467169486219063,0.001344552468948477
2485,7.09347984714744e-05,0.001357966263991172
2486,9.564433639752679e-05,0.0011950021347958654
2487,0.00014668668760956885,0.0009924654197360308
2488,4.819443323261415e-05,0.0010002037351236012
2489,7.274899956731437e-05,0.0014076997644238644
2490,3.779996380520364e-05,0.0012024085395593621
2491,6.779383790368835e-05,0.0010279606471817178
2492,4.602267993808103e-05,0.0010247921589926971
2493,7.618489714028935e-05,0.0011452742124445677
2494,3.235821228978845e-05,0.0012766389610744484
2495,9.122673800447956e-05,0.001267642847456654
2496,9.073818703958144e-05,0.0010703207872712647
2497,5.436758632034374e-05,0.0011255634972902645
