epoch,train_mse,validation_mse
1,1.6461553732554117,5.041826957792748
2,1.72178955078125,4.803584080042802
3,1.4504613399505615,4.5847208668866495
4,1.410026482741038,4.36808820409099
5,1.3594287872314452,4.152038795741524
6,1.5860920588175456,3.939401329971674
7,1.3893863916397096,3.7256770622073194
8,1.2573132673899332,3.525261715641172
9,1.271453070640564,3.33338596126226
10,1.145688247680664,3.154054737466527
11,1.1501348932584128,2.976291177779671
12,1.3082606196403503,2.791288148699783
13,0.8713354746500651,2.622514172801821
14,0.9706076780954996,2.463596315834466
15,1.0175511280695597,2.320621796480314
16,0.8151840289433797,2.1858675160745937
17,0.7306340416272481,2.0656654609469918
18,0.7470536410808564,1.9522560205985242
19,0.9542440533638,1.832482588572765
20,0.8195799668629964,1.7170394659042358
21,0.5297046264012655,1.60874931267866
22,0.8302696545918783,1.5104079002470483
23,0.826072382926941,1.412829949161199
24,0.6244730393091837,1.318370286873945
25,0.5961326797803242,1.2258043955630205
26,0.5588516473770142,1.1416003638365138
27,0.590520731608073,1.0612625681509182
28,0.7248241861661275,0.9845445986807816
29,0.6075480222702027,0.9101847968702241
30,0.5254578153292339,0.84127493777613
31,0.6175777236620585,0.7737344836625527
32,0.4854167421658834,0.7148077689756559
33,0.6186696132024129,0.6568365974689093
34,0.4654079516728719,0.6026018318228834
35,0.5076617519060771,0.5477787725568757
36,0.4255438963572184,0.5016134848275523
37,0.40998877088228863,0.46413579348504075
38,0.3264071504275004,0.4294694946037503
39,0.3132190684477488,0.39752666617003013
40,0.2781345854202906,0.369956390125545
41,0.3302303194999695,0.3461725700089312
42,0.3215670228004456,0.3235290925803147
43,0.3740533649921417,0.2996363250289376
44,0.3386306524276733,0.2779493686251753
45,0.4090903480847677,0.2541507854471056
46,0.37351653079191843,0.23094031285113237
47,0.25869143605232237,0.20957698068750186
48,0.30843202670415243,0.1906944884089973
49,0.3304518242677053,0.17381076966449033
50,0.3526644428571065,0.16168557565043293
51,0.24533316294352214,0.15200560581027053
52,0.2280792792638143,0.1432044467940105
53,0.24675644238789876,0.13384157554136486
54,0.24433716932932537,0.12455974255255826
55,0.24154235223929088,0.11608654196102788
56,0.21515095829963685,0.10828114564963214
57,0.20494565566380818,0.10089483593157896
58,0.30930591821670533,0.09191480320035003
59,0.17848612268765768,0.0821109254822487
60,0.2973432699839274,0.07277226081396651
61,0.17981738845507303,0.06659211856349716
62,0.22919573386510214,0.06224934105563352
63,0.1386910617351532,0.058533696047081724
64,0.22105928659439086,0.05378327885363984
65,0.2103935405611992,0.050267205492952674
66,0.22387106517950695,0.04704180228575243
67,0.1761431634426117,0.044166941584388573
68,0.223881200949351,0.042614465000063884
69,0.18996708194414774,0.04072356013595823
70,0.25775110522905986,0.03858868895817225
71,0.26573771635691323,0.03660259873965594
72,0.24082161188125611,0.03562429235646809
73,0.1959627628326416,0.03451914222192342
74,0.1727271318435669,0.03300115814447168
75,0.21217826406160992,0.031860943307997436
76,0.2287927895784378,0.030871587237123195
77,0.23695914049943287,0.030315278090653926
78,0.17548097670078278,0.029998937020386297
79,0.2086746136347453,0.02824306674668287
80,0.21333253979682923,0.026052001746386055
81,0.21949895819028217,0.024617512248397814
82,0.20037155350049338,0.02380753268201755
83,0.22390807271003724,0.023095796152392007
84,0.19148771663506825,0.02213047440787117
85,0.1763309439023336,0.02162783500173782
86,0.17193416208028794,0.02099887029575844
87,0.17216834674278894,0.0203425965517554
88,0.17412644773721694,0.01930149790178251
89,0.2240757515033086,0.018344455849613965
90,0.16807067940632503,0.017617011347448263
91,0.14937957922617595,0.017309111528333247
92,0.1754227340221405,0.016459382238145186
93,0.15387491782506307,0.015395521791285182
94,0.17335418661435445,0.014660802651490048
95,0.15286264022191365,0.014127803394409616
96,0.2406687120596568,0.013712339792547263
97,0.12701809902985892,0.013497347848152551
98,0.19291129509607952,0.013428127693789682
99,0.167703781525294,0.013404566970631832
100,0.1478573977947235,0.013434055495977872
101,0.21026710271835328,0.013328191809590877
102,0.12559196452299753,0.013168675744334075
103,0.14696650803089142,0.013009537466046378
104,0.17130293647448222,0.012950682403945079
105,0.18845135072867075,0.012944506136627178
106,0.18986490567525227,0.012935511349869056
107,0.18562619686126708,0.012972297916907495
108,0.17842404743035634,0.013025918117482362
109,0.1423656831185023,0.013090942509648368
110,0.21037514408429464,0.013150498703650133
111,0.17633871734142303,0.013264224321882087
112,0.13674757679303487,0.013264246614957889
113,0.17696874638398488,0.013345416239279461
114,0.16578379770119986,0.013451778615905545
115,0.139738592505455,0.013569203858065792
116,0.17670211990674337,0.013660604779527881
117,0.14097835421562194,0.013687175397915164
118,0.16770118077596027,0.013542871702257105
119,0.11671018898487091,0.013410840410827182
120,0.14263007342815398,0.01337244605102877
121,0.21966284016768137,0.013411185762837646
122,0.13068884313106538,0.013405654696732994
123,0.19536719719568887,0.013281552326374166
124,0.13248065908749898,0.013245847420840283
125,0.14960599839687347,0.013219848568514577
126,0.15468867421150206,0.013151451167980516
127,0.12365297675132751,0.013181178749898288
128,0.14115330080191293,0.01330482494819352
129,0.15226144095261893,0.0133186123942531
130,0.15103158056735994,0.01335655635325458
131,0.18014610409736634,0.01342874112736991
132,0.15293974032004673,0.01358789632346217
133,0.10664750436941782,0.01375729251858287
134,0.11652254263559977,0.013851110478789787
135,0.14852361480395,0.01403155097165915
136,0.11508709639310837,0.014176552323257829
137,0.16517638961474101,0.01423127776173156
138,0.17131433387597403,0.014029472831666
139,0.22817009687423706,0.013918378075042108
140,0.1400961846113205,0.013877047387164408
141,0.13778411050637562,0.0137371482019584
142,0.12619770367940267,0.013588055762953646
143,0.1368203471104304,0.013537966316257874
144,0.13953617413838704,0.013535006426450774
145,0.15111063520113627,0.013593939609649613
146,0.12810012896855671,0.013605727968136156
147,0.20960223476092021,0.013769474085860364
148,0.16071348488330842,0.013783759987495077
149,0.11622901211182277,0.013588671477174196
150,0.14304971595605215,0.013563717356112998
151,0.136387570699056,0.013432617130593991
152,0.12205367386341096,0.013165523921410868
153,0.13293754955132803,0.01318953705467577
154,0.15886366466681162,0.013078591426995795
155,0.13599030276139576,0.012972959280600698
156,0.15078656872113547,0.013069665044780791
157,0.14829050302505492,0.013165729956364069
158,0.11542808115482331,0.013384933004111756
159,0.107123002409935,0.013250940164008478
160,0.1330002357562383,0.012973091381741322
161,0.11674818098545074,0.012794466601230028
162,0.11701168119907379,0.012817845291157407
163,0.1109461138645808,0.01278959774214217
164,0.1275399145980676,0.01284490098927434
165,0.15163652896881102,0.012883935461011459
166,0.11114449600378672,0.01292400943540682
167,0.1394484837849935,0.012894063792008114
168,0.13460488319396974,0.013013278992157283
169,0.14798804422219594,0.013059006974570395
170,0.10496252179145812,0.013091525048252166
171,0.12381293773651122,0.013245137701705685
172,0.12752812951803208,0.013391655158456854
173,0.13303573628266652,0.013478236258264602
174,0.14053049584229788,0.01357419384042109
175,0.15015312135219575,0.01381347661353941
176,0.16551801115274428,0.013662298070633506
177,0.11669684449831645,0.013421678299626967
178,0.1165792167186737,0.013206917411229742
179,0.13392660816510518,0.012957919667672924
180,0.12224696253736814,0.012907602860936968
181,0.13044835329055787,0.012730250941721474
182,0.13665851354598998,0.012677500889761242
183,0.12553227494160335,0.01248832881509319
184,0.1198233316342036,0.01249251032145474
185,0.18316580653190612,0.01242596648750812
186,0.1018243670463562,0.01222028326624491
187,0.1487741286555926,0.011901173535294421
188,0.1478659639755885,0.011642734659469033
189,0.13034300208091737,0.011444560354795512
190,0.11188518106937409,0.01146957633914206
191,0.10668612867593766,0.011402401347153299
192,0.10714062452316284,0.011309403581471424
193,0.14158094575007757,0.011457883884880955
194,0.1360187828540802,0.011658662196806096
195,0.1251987521847089,0.012151206762889239
196,0.1022695059577624,0.01256565453381989
197,0.1322922393679619,0.013069811944417127
198,0.12997981607913972,0.013415101475602998
199,0.12339947422345479,0.013686637064134042
200,0.1117735356092453,0.0137788468869183
201,0.1260264277458191,0.013445586435438141
202,0.1087778647740682,0.01297845392245946
203,0.14761675596237184,0.012806041752846222
204,0.13602832754453023,0.013046453890251362
205,0.09225574185450872,0.013324033131632279
206,0.12137271414200465,0.013377977300464637
207,0.1234463115533193,0.01349920625468408
208,0.13826102018356323,0.013209502894695349
209,0.12214827537536621,0.012851764777983268
210,0.1306847145160039,0.012621529327016177
211,0.08731224437554677,0.012529321293544582
212,0.1396594911813736,0.012728946224793675
213,0.10171159307161967,0.012825729633410147
214,0.10665618181228638,0.012636606075514959
215,0.13536037902037304,0.012622919974951293
216,0.10410666565100352,0.01279880446711863
217,0.11771771013736725,0.013049972104275321
218,0.12279699047406514,0.013044291813894519
219,0.10904184331496557,0.01283663215013001
220,0.11855203757683436,0.012378329880476937
221,0.15681159148613613,0.011973497303804075
222,0.0911819338798523,0.011892810405239346
223,0.11686563516656558,0.011766006744752719
224,0.10893669873476028,0.011691053229288793
225,0.10525658975044887,0.011596204243659035
226,0.11586962739626566,0.011474262629672298
227,0.10809961954752605,0.011503652940819583
228,0.11768058637777964,0.011663979242049803
229,0.10395381997028987,0.011864131199210648
230,0.08241868267456691,0.011775507892327985
231,0.08029480377833048,0.01178509262427101
232,0.16357531249523163,0.01199059019701218
233,0.1038637101650238,0.012151222514707273
234,0.12155333310365676,0.012342976904877527
235,0.1058952863017718,0.01201995764309027
236,0.08830021371444066,0.011694228892603258
237,0.09237441221872965,0.011333777620567111
238,0.14900872260332107,0.011205546279239842
239,0.09729082385698955,0.011016406368200235
240,0.07880061020453771,0.010980026165800771
241,0.0962121809522311,0.010833231116256377
242,0.09669250597556432,0.01073870407490749
243,0.07718474566936492,0.010635780023894911
244,0.09557534257570903,0.010653885330740862
245,0.12127847671508789,0.010880387292837534
246,0.08788921733697255,0.011002553274899017
247,0.096127982934316,0.010925145570452757
248,0.0783688853184382,0.010973330587148666
249,0.11072749694188436,0.011086760015468898
250,0.1448404848575592,0.010901522903343824
251,0.09198281516631444,0.010833714524005342
252,0.1134626567363739,0.01087861588796762
253,0.0927654651304086,0.010804014060440965
254,0.08540856043497722,0.010892382287603664
255,0.08023304740587871,0.010847805375893286
256,0.06966769695281982,0.010749046991425237
257,0.10490563760201137,0.01063532967443072
258,0.12442761858304342,0.010682862222664
259,0.10769751965999604,0.010530634951873088
260,0.11970658749341964,0.010171953962719816
261,0.10666293899218242,0.010288508330273815
262,0.08661520779132843,0.010440641515484945
263,0.09810267239809037,0.010511372355729576
264,0.08030005445082983,0.010542798450025986
265,0.05803139259417852,0.010605352043401538
266,0.07781403511762619,0.010516681627729747
267,0.10148570835590362,0.010508727912945071
268,0.07145352239410083,0.010814098245280934
269,0.10091705719629923,0.011125223901797467
270,0.08160445143779119,0.011614708039234943
271,0.09651932468016942,0.011879452892879802
272,0.0802078440785408,0.011755528412465974
273,0.09078295429547628,0.011791269756912246
274,0.1102941632270813,0.011601316676599773
275,0.08418951680262883,0.011192242402260699
276,0.09361914197603861,0.011048862842593606
277,0.09032527158657709,0.011008065619219945
278,0.07235442747672399,0.011080171648911603
279,0.07575804690519969,0.010988116983001627
280,0.08216494619846344,0.011061135811481888
281,0.09958615899085999,0.010917281335967732
282,0.09282708565394084,0.010883895826973314
283,0.08543307433525721,0.011269069988075205
284,0.08200193991263707,0.012060612308110778
285,0.06123876124620438,0.01272129131055723
286,0.09293482849995295,0.012676509991874845
287,0.09323204159736634,0.012626492851010458
288,0.09535554349422455,0.012712617500091162
289,0.0738578716913859,0.013026373460888863
290,0.07765045613050461,0.012898180721782324
291,0.0796840324997902,0.01250471267115882
292,0.06663499971230825,0.012122290458266191
293,0.08327914079030355,0.011230068926618793
294,0.08722370713949204,0.010547046190289061
295,0.08442410230636596,0.010287968881838904
296,0.09247490664323171,0.010089284234394239
297,0.08317342350880305,0.009717982277039468
298,0.10134035137792428,0.009564357575058467
299,0.08703801433245341,0.009465759458738988
300,0.06251173888643582,0.009311569414622202
301,0.09012558460235595,0.009159826680900544
302,0.09042110592126847,0.008964293313718686
303,0.09233917891979218,0.008660416214132872
304,0.10043668647607168,0.00829811283482576
305,0.08731531103452046,0.008232391329379533
306,0.09509123216072718,0.008256411517229606
307,0.07390129814545314,0.008230209027922998
308,0.06131980220476786,0.008064947963699581
309,0.08633345017830531,0.007983943124807725
310,0.05546232014894485,0.0079639170054845
311,0.08566890954971314,0.007820298411245421
312,0.09309155245621999,0.0075223819228021176
313,0.09056882411241532,0.007207429601158213
314,0.07968918060262999,0.007146781596435806
315,0.06416511833667755,0.007095607598935526
316,0.05906815032164256,0.007067323904337845
317,0.05450282072027524,0.007154348174359385
318,0.08131339997053147,0.007295103142345984
319,0.07786237051089605,0.007384877233934684
320,0.07812500894069671,0.0074130243834430775
321,0.08056155641873677,0.007395276667799536
322,0.08520756910244624,0.007454503569605313
323,0.07401720186074574,0.007755424394675596
324,0.07949716970324516,0.008113023978988016
325,0.05584903260072072,0.008264195430642508
326,0.0811401754617691,0.007932343248893895
327,0.07652022242546082,0.007670396924253524
328,0.049255487074454624,0.00761719259954109
329,0.0694429208834966,0.007458113471236754
330,0.08706887165705363,0.007333397799296173
331,0.05441397180159887,0.007189700541299159
332,0.07698224981625874,0.007122003114012282
333,0.08319430649280549,0.006853263656513428
334,0.06198993002374967,0.006746411998206236
335,0.06770075460275014,0.006576615811039613
336,0.0805503914753596,0.00650155484881692
337,0.0511157418290774,0.0064425775451277655
338,0.06972614700595538,0.006413198222853537
339,0.06592509746551514,0.00642850860865332
340,0.08184902667999268,0.006602857951221504
341,0.07106366256872813,0.006772564680088224
342,0.05945251335700353,0.0070873493490022
343,0.057374370346466703,0.007142481335446121
344,0.050797336548566815,0.007203386590530084
345,0.06507378419240316,0.007122701466611521
346,0.08721784551938375,0.00711921650887005
347,0.049241624275843304,0.0071880922718780245
348,0.065491783618927,0.00727410168628993
349,0.09649224405487379,0.006984945716644366
350,0.09229058424631754,0.006572628870430424
351,0.0892922172943751,0.006198479141306689
352,0.06134838263193766,0.00609424815139198
353,0.059100511173407234,0.006044430573888886
354,0.07004659287631512,0.0059648704289744685
355,0.05538228750228882,0.005954267988788096
356,0.05005850444237391,0.0060795529664853425
357,0.054707353562116624,0.006318092683520842
358,0.05856565348803997,0.006390057878172773
359,0.05548119048277537,0.006495432539542359
360,0.06190545459588369,0.006816374907988732
361,0.05429857994119326,0.006784220886101404
362,0.060308863719304405,0.006615757846867475
363,0.059835612773895264,0.006425042130698369
364,0.07553442666927973,0.0063306771614772125
365,0.05317374815543493,0.0062875734847478975
366,0.08465973436832427,0.0063455266159350475
367,0.058354832728703815,0.006617770383618478
368,0.05248247583707174,0.0068967230544667545
369,0.055851435164610545,0.006746551505927964
370,0.06625964939594269,0.0064104277068587736
371,0.06155550479888916,0.006071565907419197
372,0.07804055064916611,0.005665712931200745
373,0.05218498110771179,0.005325463930452902
374,0.07362618918220203,0.00517000760296433
375,0.07669914936025937,0.005080003683697286
376,0.06629449377457301,0.005076995988442438
377,0.06053034911553065,0.005111319331936245
378,0.057875873148441316,0.005188099174635617
379,0.0636325145761172,0.005238146374486093
380,0.06845803608496984,0.005261039310024949
381,0.041076525052388506,0.005351723175437197
382,0.07769204278786977,0.005763063331933942
383,0.05640623966852824,0.006192989148727552
384,0.04956398010253906,0.00640902170310105
385,0.07826341986656189,0.006205255972353492
386,0.05595270370443662,0.005928636249888131
387,0.05390240252017975,0.005529880380683292
388,0.052595667789379755,0.005233636723581966
389,0.06495240529378256,0.0050754145587112495
390,0.055869420617818834,0.004901568841658474
391,0.04692174221078555,0.004869794729715726
392,0.049873229364554086,0.004893652302777674
393,0.07543992896874746,0.005115467310685107
394,0.06510380605856578,0.005324478814833042
395,0.04380374600489934,0.0054820606991003345
396,0.06803230543931325,0.005384668370518159
397,0.06741273899873097,0.005279818733083451
398,0.04605595692992211,0.0052528185073256965
399,0.044599745174249014,0.005253041749746781
400,0.05666740188995997,0.005241654464960333
401,0.07577418858806292,0.0051373614980949195
402,0.04989361564318339,0.005015290393604068
403,0.04465361423790455,0.004989115264648058
404,0.06804288923740387,0.004985739671309867
405,0.062378145505984625,0.00495124045451443
406,0.04046015292406082,0.004888235936014671
407,0.09005272189776102,0.004788890092333001
408,0.05775083924333255,0.0047405877601589975
409,0.051567631463209786,0.004722321492172484
410,0.08374739388624827,0.004737285645971969
411,0.0682235263288021,0.004743549215614679
412,0.06045764187971751,0.0047437870768668846
413,0.06038832316795985,0.004751191379165087
414,0.05357365608215332,0.004780140430409843
415,0.04305917595823606,0.004774414970884173
416,0.06054738722741604,0.004803343523865727
417,0.06108797192573547,0.004763983630054579
418,0.04527465999126434,0.0046762189109201035
419,0.05275354087352753,0.004590188813080469
420,0.06726846471428871,0.004569360066029265
421,0.046838126083215074,0.0045429382502563355
422,0.07256210148334503,0.004618158780302354
423,0.03758309309681256,0.004637527455553765
424,0.05032507578531901,0.004600446271585432
425,0.06925705472628275,0.0044908462436943075
426,0.05708251645167669,0.004315834701442578
427,0.051898874590794244,0.004205161536948418
428,0.05231763000289599,0.004177468506194006
429,0.0333746242026488,0.004155320357384644
430,0.0551548625032107,0.004114877586582984
431,0.040923324724038444,0.004133214191423627
432,0.05477900902430217,0.004090336342085534
433,0.04759151637554169,0.004066884508503117
434,0.098967806994915,0.004090918856856274
435,0.030754720916350682,0.0040916221373985835
436,0.06443586299816767,0.004063145380364511
437,0.04621243923902511,0.004091700848822636
438,0.05672732889652252,0.004185899758462127
439,0.056168318291505176,0.0043397065340064645
440,0.04854158212741216,0.004454266958261334
441,0.05320857812960943,0.004618109464205391
442,0.051209586982925735,0.004708434055434672
443,0.07064696699380875,0.004659734483016288
444,0.044364123791456225,0.004496029695481297
445,0.043562853584686916,0.004385216715268966
446,0.04427943627039591,0.004247708682440163
447,0.05080802539984385,0.004141792852988863
448,0.03582140083114306,0.004157507971779803
449,0.04902445798118909,0.0041593224961515955
450,0.049610536793867746,0.004210503826900495
451,0.06847962637742361,0.004242578847700451
452,0.060090611378351845,0.004304364990941652
453,0.04546523888905843,0.00432818215047046
454,0.04970458745956421,0.00448139900282964
455,0.04769743730624517,0.004761824395331576
456,0.054593380788962045,0.004906411117720087
457,0.056282254060109456,0.0048211326485309075
458,0.055596049129962924,0.004572897049503063
459,0.04398481746514638,0.004607987021807376
460,0.04571203589439392,0.004648795571383529
461,0.053613567849000295,0.004863208783130477
462,0.061132632692654926,0.004871420833597502
463,0.031052590534090995,0.004970467374403411
464,0.03771968732277552,0.005065974592429212
465,0.0409092033902804,0.005186229188904518
466,0.055533433953921,0.00539620439925297
467,0.0401139035820961,0.0054216161736939834
468,0.03616866891582807,0.005186993203411891
469,0.03787611598769824,0.004840846037800152
470,0.04474618236223857,0.004578264529164147
471,0.04512545615434647,0.004424953048564787
472,0.041931598881880444,0.004293214632418212
473,0.026958821093042692,0.004236772374110663
474,0.03705180784066518,0.004176307176276455
475,0.05159065003196398,0.004072129865741636
476,0.03361848791440328,0.003957658784288004
477,0.05503985186417897,0.003797266859649204
478,0.047715795785188676,0.00359121784127838
479,0.038333096106847125,0.00344021965962226
480,0.03495680366953214,0.0033755488638714777
481,0.040844674408435824,0.0032879217128144707
482,0.04500933140516281,0.0032225431540731605
483,0.03355264241496722,0.003176487720109464
484,0.05000055879354477,0.003194942084089743
485,0.05642587492863337,0.0031854345785879245
486,0.05086187968651454,0.003193267907096645
487,0.04517996211846669,0.0032864735630436207
488,0.04727690319220225,0.0032108910345127733
489,0.043865150213241576,0.0030944072164771127
490,0.04003182674447695,0.0030495603513852583
491,0.04563949952522914,0.0030127703487198417
492,0.04102031216025352,0.002968953187232764
493,0.03232547876735528,0.0029584910614254673
494,0.04521252562602361,0.0029309572547483514
495,0.03636557211478551,0.0029399663743409
496,0.04717152615388234,0.0030338369661898124
497,0.042136717091004056,0.0031743458926853704
498,0.03751872380574544,0.003302952527677215
499,0.04574228810767333,0.0033666186298676364
500,0.030549855157732963,0.003320018033035041
501,0.05387673030296961,0.0031661992016299738
502,0.055908888081709546,0.0029862311753026376
503,0.037388419111569725,0.002867594639968684
504,0.03918187506496906,0.002833138290594706
505,0.040615976850191755,0.002832526700409848
506,0.03776241963108381,0.0028316115467317813
507,0.051122058431307474,0.002882717840930843
508,0.04197245438893636,0.002928327704875136
509,0.05838014011581739,0.0030069450240978223
510,0.05965827504793803,0.003053397944428056
511,0.06893813970188299,0.0032363750726189904
512,0.03653512547413508,0.0033146266602749725
513,0.04044755424062411,0.00329228867336697
514,0.03934761981169383,0.0032637198561047184
515,0.028307777643203736,0.003167884162165166
516,0.043279312551021576,0.0031431227795024382
517,0.03402578309178352,0.0032433163490161064
518,0.047948237011830014,0.0032938503166184004
519,0.034636068840821585,0.003332174342312652
520,0.03264416605234146,0.0033463638658107323
521,0.037699830656250315,0.0032248617856631303
522,0.038294228414694466,0.00307749239471191
523,0.032947524636983874,0.0029369729005467647
524,0.03405451476573944,0.002842936197325118
525,0.03661315863331159,0.0028123575556971954
526,0.03727853409945965,0.002766502938621978
527,0.03633026281992594,0.002718765724919678
528,0.034725424647331235,0.002688340994888755
529,0.026452869549393652,0.002675340946316426
530,0.02591947540640831,0.002636616365749418
531,0.03770224613447984,0.0026110785749308236
532,0.038384863485892616,0.002615267518123128
533,0.04383166233698527,0.002659004063374825
534,0.032049746811389924,0.002689654503464992
535,0.038105514645576474,0.002702317938509243
536,0.035140770177046456,0.0027704843802113586
537,0.02738017464677493,0.0028341390232841566
538,0.040358690172433855,0.002946950761073335
539,0.03432469815015793,0.0030152404746847357
540,0.024630822241306305,0.0031911971553514793
541,0.031365190943082176,0.0032925928308533167
542,0.044499900192022324,0.0034929786288128125
543,0.02910462108751138,0.003600199529021157
544,0.03326948781808217,0.003601058617263563
545,0.03632771124442418,0.0037847302824728134
546,0.026311217248439787,0.003949151326733546
547,0.02824896536767483,0.003998122629012883
548,0.024398596212267875,0.003994867964611044
549,0.033085243155558906,0.0038972220229586277
550,0.03111701880892118,0.0038041076329573403
551,0.029241137330730756,0.003671691441307152
552,0.030292032410701115,0.0034289264402491606
553,0.030422050257523855,0.0032321373935730205
554,0.028159275899330774,0.0030685766805403345
555,0.034721583935121696,0.0030107308879465332
556,0.027146674940983453,0.0029400429948724396
557,0.027459950745105745,0.0029493624520466086
558,0.0343687670926253,0.0030186733846941332
559,0.03950008451938629,0.0028969872354229135
560,0.031203887859980264,0.0028755198504159768
561,0.022381434341271718,0.0029283529440835704
562,0.03245114708940188,0.0028580458006110246
563,0.03888464787354072,0.002717182522375635
564,0.036788516740004225,0.0025366333608449563
565,0.027531416714191438,0.002482888446460793
566,0.034752073635657625,0.002428842658969009
567,0.03284611652294795,0.0023855246341325286
568,0.030678941309452055,0.002403777496940566
569,0.04132271483540535,0.0024595832421011694
570,0.03376159518957138,0.002490961559366171
571,0.03694455325603485,0.00253812301909463
572,0.03587481652696927,0.002572924446857234
573,0.03686657523115476,0.0025759355905722444
574,0.018065916374325752,0.002625667833811127
575,0.03152380126218001,0.002642257404458658
576,0.02992487276593844,0.0026256990564921066
577,0.03495808243751526,0.0025899181835441374
578,0.024752217220763366,0.0024926410140066343
579,0.0352259690562884,0.0024212807935743235
580,0.034721982975800834,0.0024271352311933604
581,0.02838379641373952,0.0025237453102288166
582,0.029291463643312456,0.0026105271760506307
583,0.03020871604482333,0.0026992714467025765
584,0.026132025693853696,0.0029099441305770885
585,0.02798173949122429,0.0031163633698377555
586,0.028309555848439534,0.003197365178264619
587,0.023297543078660964,0.003098270656012996
588,0.038326230148474374,0.0030030623558674036
589,0.04772739931941032,0.0029444282427136823
590,0.02469500700632731,0.0030109803852309863
591,0.025968664636214573,0.0029749772016428354
592,0.021928218007087708,0.0029713080748622342
593,0.03947014833490054,0.002867751470656963
594,0.032016794010996816,0.0027357681542561634
595,0.025626227880517643,0.0025872834490641484
596,0.030266773079832394,0.002461774080375752
597,0.021898493046561877,0.002328911959376978
598,0.022431430158515772,0.0022492679239316717
599,0.020664237067103387,0.0021573339018780063
600,0.02645999143520991,0.0020955888202457917
601,0.030017429341872532,0.002063643916026051
602,0.028959118078152338,0.002077723047091061
603,0.020534020910660426,0.0021144209143625
604,0.027890216062466302,0.0021316641900417078
605,0.035438102980454765,0.0021368645477167322
606,0.02365373820066452,0.002125663979356654
607,0.021416194985310236,0.002143181268745432
608,0.033513136208057404,0.002143747323581318
609,0.018981689711411794,0.002131482178810984
610,0.0360413874189059,0.002113569879402062
611,0.02159183050195376,0.002101111403156776
612,0.022844399511814117,0.002111910139971347
613,0.027974656224250792,0.002165552172773173
614,0.02565054769317309,0.002289163569303772
615,0.019903897680342196,0.0023075741281234257
616,0.027163372188806535,0.002193375010965539
617,0.026897179583708446,0.00208112647858683
618,0.028505244851112367,0.0020303194308891803
619,0.021124801288048427,0.0019633883386245363
620,0.02894355816145738,0.001928806130766986
621,0.03123655803501606,0.0019232838315610577
622,0.023043137167890866,0.0019656429731829722
623,0.025048260390758515,0.002061380301217189
624,0.027188840508460998,0.0022299974097129633
625,0.027489947651823363,0.002331276791808232
626,0.033011813958485924,0.002337966822857756
627,0.03054683959732453,0.002300972438886703
628,0.026678886264562607,0.0021994658424995665
629,0.024879737695058187,0.0021867775715755547
630,0.025929178794225058,0.0023186875683233496
631,0.034650984406471255,0.0024077804845310455
632,0.025109949335455895,0.0023419304996523567
633,0.026302619526783626,0.002217889752414987
634,0.021465035776297253,0.002079753841797814
635,0.025290358563264212,0.002034163880748601
636,0.0251476193467776,0.0020151648401854723
637,0.02200240728755792,0.0020029927566317532
638,0.022916416078805922,0.001981529183997443
639,0.024775421619415282,0.0019662239530131103
640,0.026981630300482114,0.0018958740764092215
641,0.02556170498331388,0.0018566067543203436
642,0.0313242394477129,0.0018502690086386892
643,0.015844858437776565,0.0018693384632842219
644,0.023827371249596278,0.0019029487613276908
645,0.023712781692544618,0.0019617696729485002
646,0.024732791508237522,0.002045110273669936
647,0.027892938628792763,0.0021051186380731893
648,0.021546114111940066,0.0021106154842606534
649,0.03479499816894531,0.0020505674563780956
650,0.026164069523413977,0.001982833352764907
651,0.02909619448085626,0.0020126120820293187
652,0.018076951305071514,0.0020672685503831324
653,0.024504699930548667,0.002100726971576929
654,0.02365858753522237,0.002076439019778421
655,0.019786093259851138,0.0020521932747215033
656,0.01837372441465656,0.0020703708411077054
657,0.019834825396537782,0.0021123707981497842
658,0.022657304536551237,0.002131076715703262
659,0.024109954883654913,0.002184242789274243
660,0.026670803005496662,0.002263277273636135
661,0.026294410725434623,0.0022650899995287042
662,0.02891348091264566,0.002247435976677816
663,0.02865065149962902,0.002299497696923048
664,0.027193980726102986,0.0022366355222789205
665,0.020604047055045763,0.0021766359105662215
666,0.025016391153136888,0.002105362350341138
667,0.02577838848034541,0.002101559467855694
668,0.026003674852351347,0.002105044756051681
669,0.021913069859147073,0.002116594557314891
670,0.019546376665433247,0.0020890842069501395
671,0.018418400610486666,0.002045443140366298
672,0.019530748886366685,0.0020092360198215443
673,0.018259313454230628,0.001989310088257606
674,0.026091812054316203,0.0019901440429361903
675,0.016981471392015616,0.0020349022568438174
676,0.03626609394947688,0.0020967624833125357
677,0.019407681624094644,0.002182366595031532
678,0.018006844694415727,0.002244400481535782
679,0.017271159713466964,0.0022252074091724584
680,0.028487866247693696,0.0021804964722603503
681,0.028245941549539567,0.0021168266090300434
682,0.028267919644713403,0.002138719453080374
683,0.0241644782324632,0.002083211192608202
684,0.01784159578382969,0.0020384263734454216
685,0.018966098812719188,0.0019775850622269406
686,0.02212075305481752,0.001984406988627798
687,0.01644125543534756,0.0020141725987104305
688,0.026546305418014525,0.002008658774219101
689,0.01717190785954396,0.001978511920457295
690,0.021527724837263427,0.0019321835876669822
691,0.026412604997555416,0.0018994984160613738
692,0.021768167366584143,0.0019223092297572409
693,0.01582584952314695,0.001976294043807562
694,0.021662968893845877,0.0020386092855199057
695,0.02438321535785993,0.0020842256888886548
696,0.016923375179370245,0.002060191223891012
697,0.019459420628845692,0.0019437657489522
698,0.02938736875851949,0.0018385244640210041
699,0.020909391095240912,0.001760871004309564
700,0.018410432587067285,0.0017320853279899865
701,0.019080772623419763,0.0017246269762120027
702,0.020916458095113437,0.0017286113870795816
703,0.0221197330703338,0.0017223510426912809
704,0.01834597655882438,0.0017200863421032954
705,0.01834616574148337,0.0017315782003900343
706,0.01727678142488003,0.00176540316645364
707,0.023151475191116332,0.0018069107540586128
708,0.018549121667941412,0.0017968539880060656
709,0.011840381970008215,0.0017983792743858273
710,0.01942555941641331,0.001784507239990919
711,0.033145916151503724,0.0017777431621509568
712,0.026183820019165676,0.001764165332190707
713,0.02077576108276844,0.001788530209308901
714,0.024892164021730424,0.0018330645134698189
715,0.019252332920829455,0.0018310425022761813
716,0.01729818731546402,0.0018428225250361032
717,0.021960706263780595,0.0018682087096477324
718,0.013382635141412417,0.0018383157632027671
719,0.021596079381803673,0.0018133604621760342
720,0.016819097474217413,0.00181715593051796
721,0.018844296659032502,0.001829142548193363
722,0.02119894673426946,0.001818500987188084
723,0.01987588554620743,0.0018191049439194576
724,0.017002418637275696,0.001824341565654723
725,0.014392582948009174,0.00179988848594087
726,0.01819650667409102,0.0017961537822719855
727,0.01953470886995395,0.0017827953870580568
728,0.01506949986020724,0.0017811982562686646
729,0.016354237186412015,0.0017766637264019407
730,0.019977078524728617,0.0017836697873527434
731,0.01947121744354566,0.0017947747665879089
732,0.022388185063997906,0.0018048893647015418
733,0.017686706657210987,0.0018108946440363758
734,0.01475578173995018,0.001821366455231786
735,0.01926508074005445,0.0018591546860530854
736,0.018661369321246943,0.001894180772241249
737,0.01883417914311091,0.0019295713096567407
738,0.02086097002029419,0.0019455958406649912
739,0.019093298663695652,0.001873129101765276
740,0.018002164488037427,0.0018063553535163138
741,0.018122286473711332,0.0017651634952640088
742,0.030349330604076387,0.001743241115752791
743,0.013409309089183807,0.0017275197203885252
744,0.021425749734044076,0.001724234267915269
745,0.015610447339713573,0.0017326975664798553
746,0.012756450350085895,0.001788433176221502
747,0.01981702943642934,0.0018086686373347284
748,0.014385270451505979,0.0017931152549462291
749,0.023582308366894723,0.001776755220251246
750,0.014458254352211953,0.0017578693214019277
751,0.02437351445357005,0.0017254030888608665
752,0.014531424393256505,0.0017200556002084284
753,0.015746858343482016,0.0017122567443848095
754,0.015833065596719584,0.0017101486466960674
755,0.01528965514153242,0.0017499535861993428
756,0.012779497044781844,0.0017703293648999418
757,0.019736000833412013,0.001769369699548578
758,0.013258038461208344,0.0017388896678856714
759,0.01422799788415432,0.0017031695240903207
760,0.019819958259661992,0.0016668058585102383
761,0.014247670210897923,0.0016533738869796031
762,0.019512355451782544,0.0016576637882660472
763,0.015902237594127656,0.0016577558966186705
764,0.015493018925189972,0.0016458815968124283
765,0.019644474610686302,0.0016202809922507134
766,0.030108241736888884,0.0016226647060784314
767,0.01797080347314477,0.0016503472139648213
768,0.01614765152335167,0.001692573876554645
769,0.01746012798200051,0.0017141085814713962
770,0.02485484244922797,0.001760714961028856
771,0.01641535566498836,0.0018042743750976207
772,0.014619002863764764,0.0017488995483548445
773,0.01380089105417331,0.0016309539770283992
774,0.012841097638010978,0.0016030516356502946
775,0.01557257945338885,0.0015984252127305436
776,0.015694135862092177,0.0016017334343678515
777,0.014250155041615168,0.0016306921840630705
778,0.017038297777374586,0.0016403453617987378
779,0.01929456666111946,0.0016317833467078666
780,0.009080290980637073,0.0016034516886538482
781,0.016948337977131207,0.0015824452848320343
782,0.01820919004579385,0.0015869406780675346
783,0.009831158816814423,0.0016038345604287973
784,0.010147974578042824,0.0015763755510542835
785,0.01572931787619988,0.0015219282429925658
786,0.016208732686936855,0.0014976480544689587
787,0.021063389256596565,0.0014711966671418092
788,0.015734756800035634,0.001472113896816727
789,0.014017265010625123,0.0015383448194406237
790,0.02355381374557813,0.0017166361661891886
791,0.009240714025994141,0.0018876452108031125
792,0.01830631624907255,0.0018576102839566503
793,0.010261162494619688,0.0017977860581137122
794,0.013750113050142924,0.0017329032815200842
795,0.01402410479883353,0.0016328010920757853
796,0.013012571384509404,0.001581247582001333
797,0.018178487320741017,0.001573799548104156
798,0.014543092188735804,0.001580577280453047
799,0.01643349081277847,0.0015869174301798464
800,0.010605053727825482,0.001587579801048915
801,0.014350546834369501,0.0015614141952328927
802,0.013055515848100186,0.001547297702297407
803,0.010892137450476487,0.001538310976039919
804,0.012345335756738981,0.0015263138695273504
805,0.015499136907358964,0.0015071831866099654
806,0.01183886155486107,0.001499171346090514
807,0.013344487734138965,0.0015407462663239045
808,0.014691236056387424,0.001538892797933246
809,0.015660489350557326,0.0015253605332278728
810,0.016425417736172676,0.0015192211445881141
811,0.015620698407292365,0.0015186162904504408
812,0.015818953141570093,0.0015065115020568226
813,0.012669307179749012,0.001507929019244043
814,0.014242090719441573,0.0014978754244777777
815,0.016680776514112948,0.0014898770716358489
816,0.009171465908487638,0.0015048840723466128
817,0.01116924708088239,0.001515857598173256
818,0.016437117072443167,0.0015170656240409547
819,0.011394293544193109,0.0015234068101620316
820,0.01200077577183644,0.0015250731243084618
821,0.01380697110046943,0.0014981917260530016
822,0.01668515373021364,0.0014611081947576196
823,0.016589285681645076,0.0014350583348753238
824,0.015517925160626571,0.001432947910140547
825,0.013512208995719751,0.0014315444770302095
826,0.018821389724810917,0.0014361500518678828
827,0.014995048816005389,0.0014704493315355104
828,0.013394865797211726,0.001525830074605774
829,0.011662885763992865,0.0015631103283161019
830,0.012531193345785141,0.001616901328272047
831,0.01655805998792251,0.0016207642677720402
832,0.017099732036391892,0.0015442114445751195
833,0.012966015003621578,0.001510694394058614
834,0.01632472624381383,0.0015125594974502803
835,0.012285742287834486,0.0015487348865699316
836,0.010670502111315728,0.0015693584660537482
837,0.010996484197676182,0.0015233851097043837
838,0.013576223825414976,0.00147649201662573
839,0.014490635072191557,0.001455540283432773
840,0.010238657208780448,0.0014376210857285406
841,0.014958053703109424,0.0014289495620902217
842,0.016411939449608327,0.0014631599545346823
843,0.013436946893731753,0.0014535081123669199
844,0.011677078406016032,0.0014561924402323354
845,0.014833041280508042,0.001441842872478933
846,0.011425655335187912,0.0014261295246675346
847,0.014436442963778972,0.001427046961506726
848,0.009128379387160141,0.0013860947522151424
849,0.00896069190154473,0.001355929120066099
850,0.01577664234985908,0.0013642814238399898
851,0.01224673402806123,0.0013907942616135087
852,0.011326875785986583,0.0013999028228072993
853,0.016685246552030245,0.0014037320472957296
854,0.011651902707914512,0.001431235925151919
855,0.008098305265108744,0.0014459748631989488
856,0.019318439190586408,0.001452118288333744
857,0.01658102696140607,0.001459376873768404
858,0.019003633968532087,0.0014757973078489816
859,0.014267023714880148,0.0014802069099817982
860,0.011905109075208505,0.0014941595578621192
861,0.013936317463715871,0.001471497910922232
862,0.01094302125275135,0.0014666784174307652
863,0.014751529445250829,0.0014516276300070793
864,0.012420173610250156,0.0014169819645700962
865,0.01007990874350071,0.0013930416683387745
866,0.015187715863188107,0.0013899048900334384
867,0.011603033977250259,0.0014384982256790784
868,0.012212861391405264,0.0015110683104474331
869,0.015147013838092487,0.0015747981225268724
870,0.018804311379790307,0.0016608780779780482
871,0.013054664867619673,0.0016615929354282873
872,0.018852220848202705,0.0016693708406189296
873,0.008734789676964283,0.0016817010409294034
874,0.011937225982546807,0.0015952786367467245
875,0.0077490818376342455,0.001505146108798712
876,0.01301073053230842,0.0014478745015510395
877,0.013392183867593607,0.001401503256308538
878,0.009514138537148635,0.0013454504129816007
879,0.008615176565945149,0.0013086174904161653
880,0.012700240810712178,0.0012923787876424622
881,0.009768539232512315,0.0012619073103286517
882,0.011455408856272697,0.0012439234329132715
883,0.01792064346373081,0.0012362985796108108
884,0.01034258579214414,0.00124439805703454
885,0.013921858742833138,0.0012574955668872383
886,0.008708229133238396,0.0012932648424743894
887,0.009498133075733979,0.0013191978167902906
888,0.011506540762881438,0.001342300995879561
889,0.010780033282935619,0.0013655936515039404
890,0.010259817106028397,0.001386003138971383
891,0.00757706630975008,0.001409833693251703
892,0.007169286720454693,0.0014482694077598826
893,0.0087232348198692,0.0014602090513946005
894,0.01304259082923333,0.0015165887348625193
895,0.009184763021767139,0.0015991313596564075
896,0.013320378710826237,0.001610810991273973
897,0.006099704497804244,0.0015362140706072995
898,0.008667757300039132,0.001487055398554974
899,0.010904007529218992,0.001505420843458287
900,0.009542323276400566,0.0014744048257996365
901,0.009893485407034556,0.001441991567844525
902,0.009173941053450107,0.0014215741663122564
903,0.01027756854891777,0.0014004220149762138
904,0.0080801360309124,0.001417287556623204
905,0.010867734005053838,0.0013938995344494652
906,0.006891241297125816,0.0013270044092484933
907,0.011072768891851107,0.0012580718692505777
908,0.012205673816303412,0.0012342448482211077
909,0.007747219533969959,0.0012252381426423392
910,0.008718220268686612,0.001230822261535163
911,0.01017259880900383,0.001243711385498278
912,0.01040436364710331,0.0012577839959302816
913,0.008172074891626835,0.0012807075265844493
914,0.014805382334937651,0.0013145043760561933
915,0.010260967817157508,0.0013701522862172033
916,0.009244300068045656,0.0014467459959417992
917,0.008717771929999193,0.0014696990680151186
918,0.011264722514897584,0.001537811988231352
919,0.009442350392540296,0.00164639189615699
920,0.010074715968221426,0.001645630550493787
921,0.008409418786565462,0.001634421900435402
922,0.0068164658111830555,0.0016057823604068125
923,0.00854109109689792,0.0015169538724360855
924,0.013528644666075706,0.0014591632180803228
925,0.007977611944079399,0.001406042414486379
926,0.010548749938607216,0.0013818095216351584
927,0.010381634285052618,0.0013998093713243588
928,0.012568118174870808,0.0014685693299617824
929,0.0085880554591616,0.0015372448297415486
930,0.009459562972187996,0.0015908075009809998
931,0.0093633567293485,0.0016224772342128724
932,0.009653166495263576,0.0015983435991733504
933,0.009819424649079641,0.0013963679102887436
934,0.00801076510300239,0.001297487295003549
935,0.007204852253198624,0.0012728916813425104
936,0.007154766470193863,0.0012814483522138682
937,0.010985221403340498,0.0013040271850062652
938,0.008498453876624505,0.0013256442722109124
939,0.007698317741354307,0.0013273809319197046
940,0.006024698067146043,0.001317101776394553
941,0.009370774092773596,0.0012821955253428771
942,0.00880829431116581,0.001283418894314581
943,0.007147289626300335,0.0012958436829906953
944,0.0061758145069082575,0.0013263035046787361
945,0.010608744000395139,0.0012977708538528532
946,0.012033496331423522,0.0012862534323197562
947,0.012968075399597486,0.0013214422737735903
948,0.010223214142024517,0.0014237442262852052
949,0.005678021162748337,0.0015902956677270746
950,0.013438076960543792,0.001880036461658365
951,0.0069785311507682005,0.0020031161664977788
952,0.012476921764512856,0.001965563526142418
953,0.011092136365671952,0.0018136626994970629
954,0.008274099851648013,0.0016780458794041413
955,0.013004824394981067,0.0015107899401006913
956,0.011432842506716648,0.0013113225948644847
957,0.009949885681271553,0.0012245395007235268
958,0.011323357870181402,0.0012086991938683534
959,0.007987693728258213,0.0012063563447977292
960,0.005319679404298464,0.0012073982059547686
961,0.010866969202955564,0.0012237125796043153
962,0.008246114725867908,0.0012251611798543365
963,0.013512067155291636,0.0012190185831474712
964,0.014913921741147836,0.0012337092988974026
965,0.008294508047401904,0.0012717377435687313
966,0.009786948810021083,0.0013749933477095145
967,0.007543270165721576,0.0014987569073156462
968,0.00620518196374178,0.0016261329393151883
969,0.007412795877705018,0.0017383234139062523
970,0.011528874561190606,0.0017869269326842559
971,0.00968694444745779,0.0017385771589749676
972,0.007046154824395975,0.001709359484416704
973,0.007147136827309926,0.0016471815174518842
974,0.00651074880734086,0.0014825443444795555
975,0.010637802009781202,0.0014047474287794976
976,0.006358633500834306,0.001373446383101015
977,0.0067140130326151844,0.0013731816810130428
978,0.0062589216977357864,0.0013711202076606922
979,0.007671505150695642,0.0013931579681619357
980,0.00834726154183348,0.0014617316884091344
981,0.0075888424180448055,0.0014820843678349117
982,0.008901185573389132,0.001504538332361464
983,0.007148561999201775,0.0015136498218130936
984,0.01031865548963348,0.0014860829188099761
985,0.010407456134756406,0.0014114235995308034
986,0.012038304470479488,0.0013210794017155193
987,0.011249766622980436,0.0012872285722006903
988,0.009561895330746969,0.0012997319806352492
989,0.006032290806372961,0.0012811892720922006
990,0.006496713745097319,0.001279598828996385
991,0.0067584009220202764,0.0012914899525353612
992,0.006638003916790088,0.0013124172974058874
993,0.011077097989618779,0.0013421152628532898
994,0.0073899490137894945,0.0013402696862985476
995,0.006572938772539298,0.0012969098614866105
996,0.007947033705810706,0.0012736199066174898
997,0.007145992914835612,0.00127704443953616
998,0.006646900934477647,0.0012851800085742055
999,0.0072377399230996765,0.0013089219152223406
1000,0.005388374952599406,0.0013361084646193355
1001,0.006335315542916457,0.0013557547457263197
1002,0.008776707978298267,0.0013900135825278136
1003,0.007792824289451042,0.0013560365973036795
1004,0.008192558586597443,0.0013335893433871055
1005,0.008802444922427337,0.001355648320809916
1006,0.008411305397748947,0.0014137826244874792
1007,0.012054712139070034,0.0015090760274416232
1008,0.005925849049041669,0.0015464002031862266
1009,0.007323988092442353,0.001542226700607218
1010,0.006044075079262257,0.0014860067103153432
1011,0.00785319401572148,0.0014227943753412976
1012,0.00947265960276127,0.0014188888974993776
1013,0.007750918405751387,0.001530948898472684
1014,0.006060765590518713,0.001534842946529975
1015,0.007563296519219875,0.001560093949119905
1016,0.004519379045814276,0.0015843868499445751
1017,0.0060046601419647535,0.0015650200075469911
1018,0.005542272919168075,0.0016388247622814997
1019,0.0100412476186951,0.0016748660306380254
1020,0.007803322126468022,0.0016164507709560902
1021,0.0055650039575994015,0.0015925519699120792
1022,0.010722982014218967,0.0016128588050757864
1023,0.007887153948346774,0.0015475614661878841
1024,0.0048845192727943266,0.0013666537679240518
1025,0.009046397420267265,0.0012757026677030893
1026,0.006823555690546831,0.0012436729136718744
1027,0.005957403096059958,0.0012134449571594742
1028,0.006906792086859544,0.0012202510059312515
1029,0.006936347670853138,0.0012752430684915854
1030,0.005941581663986047,0.0012884834111213507
1031,0.007137653107444446,0.0012685386001088429
1032,0.007592671178281307,0.001272089143905158
1033,0.0044119037066896755,0.0012491918828954377
1034,0.009821926709264517,0.0012547242343810747
1035,0.009703661315143108,0.0013445667880330617
1036,0.004541604671006402,0.0013794593369096928
1037,0.006453372382869323,0.0014139726491256316
1038,0.006945456129809221,0.0013884573874217787
1039,0.005338444809118907,0.00129377151386607
1040,0.0036408191236356894,0.0012319949595349306
1041,0.005030717452367147,0.0011942843880456704
1042,0.009566652340193589,0.0011739060903741708
1043,0.0070476627287765345,0.001181106193093803
1044,0.006357758057614168,0.0011837111965214144
1045,0.010421278638144333,0.001149011967088624
1046,0.007294341828674078,0.0011236535461562663
1047,0.004027214273810387,0.0011151244277895363
1048,0.0055685465301697455,0.0011070004221387427
1049,0.005426835392912229,0.0011018664289887364
1050,0.005445148050785065,0.0011169700552186906
1051,0.006037199000517527,0.0011433522000644854
1052,0.007277063963313898,0.0011576034243706262
1053,0.004802481892208259,0.0011596930370020762
1054,0.006068626573930184,0.001162408150074358
1055,0.00461522297312816,0.0011690950954303615
1056,0.00899368611474832,0.0011325528559652633
1057,0.007285997830331325,0.0010838481307939047
1058,0.005814323481172323,0.001077907453941944
1059,0.005374919002254804,0.0011145845699531034
1060,0.005390721963097652,0.0011219311747094982
1061,0.005850404500961304,0.0011191077442843408
1062,0.006041693408042193,0.00112114664520995
1063,0.006933065441747506,0.0011501230279306375
1064,0.007901858103772004,0.0011898705613887393
1065,0.005068613775074482,0.0012634495684811038
1066,0.004797994593779246,0.0013218782305915466
1067,0.009875557540605465,0.001461751276432852
1068,0.004232398265351852,0.0016662630694368342
1069,0.0067656510199109714,0.0018064011929659392
1070,0.00518842035283645,0.001887494161006386
1071,0.00554863503202796,0.0019380432208926659
1072,0.007994441439708073,0.0018815067321736748
1073,0.00746901457508405,0.001720544539289329
1074,0.006745976768434048,0.001619933276642554
1075,0.00543855590124925,0.0015938645815403443
1076,0.0053012710064649585,0.001600924328860541
1077,0.006741725498189529,0.0017672594431347734
1078,0.005572668804476658,0.00188283839604018
1079,0.0052280910313129425,0.0017728587148681753
1080,0.00511063989251852,0.0016091926840104632
1081,0.004146733678256472,0.0015231604439455751
1082,0.006116450640062491,0.0015196303509755105
1083,0.004316459099451701,0.0015288776700663578
1084,0.004158012398208181,0.0015300903597655962
1085,0.006160341544697682,0.00153012286209846
1086,0.006841732654720545,0.0015419825859272515
1087,0.006659708078950643,0.0015288001988779782
1088,0.005404081692298253,0.0014152884287173002
1089,0.004216772954290112,0.0013188978306047149
1090,0.005949087875584761,0.0012589773345613984
1091,0.006342349573969841,0.0012427653478436524
1092,0.0066544935417672,0.0012300264914831749
1093,0.006243482045829296,0.001205303397773963
1094,0.00858350470662117,0.0011610537352623404
1095,0.00499815670773387,0.0011271968868691255
1096,0.005342437047511339,0.0011192648507715166
1097,0.005740976116309564,0.001114525272388114
1098,0.003137145579482118,0.0011061346088490252
1099,0.0066367382183671,0.0010978706795438083
1100,0.0042075094146033125,0.0010782980760440275
1101,0.004472639753172795,0.0010651166526294555
1102,0.007776092831045389,0.001083065965808708
1103,0.006962136644870043,0.0010972292720263194
1104,0.00853857093801101,0.0011356931819587828
1105,0.006182694559295972,0.0012081733462034072
1106,0.004263944271951914,0.0012872204313780673
1107,0.004519637922445933,0.00134497549793661
1108,0.005345395610978206,0.0013790736199488613
1109,0.007187278103083372,0.0013634294553799189
1110,0.004895691573619842,0.001303481472945794
1111,0.007207514966527621,0.0012811234988103525
1112,0.006479603052139282,0.0012558199374525859
1113,0.006026460742577911,0.001220394155298411
1114,0.006115082806597154,0.001235100729885973
1115,0.005105021161337694,0.0013138391673344913
1116,0.007383896131068468,0.0014525780327779454
1117,0.003541510117550691,0.001540363759378074
1118,0.005463998640576998,0.0015149502758318046
1119,0.006762751347074906,0.001546905107895191
1120,0.007737577830751737,0.0016635337222998185
1121,0.004598894994705916,0.001719337447150427
1122,0.004753425344824791,0.001640222503759671
1123,0.0039134698764731485,0.0015864910843862792
1124,0.006095195996264616,0.0015309668415570705
1125,0.006498718075454235,0.0014658613601611472
1126,0.0037485270760953425,0.0014185799161104235
1127,0.005419810302555561,0.0014078244264420913
1128,0.005680865608155727,0.0014459193852825428
1129,0.00429632943123579,0.0014155497879897222
1130,0.007694339752197266,0.0014465844087251352
1131,0.004201539326459169,0.0015033393265041486
1132,0.005824946193024516,0.001551453807889887
1133,0.004660245620956024,0.0016073679659647617
1134,0.006662401215483745,0.0016675793591476096
1135,0.006971801786373059,0.0017346527168937908
1136,0.004204748322566351,0.0017312864248648168
1137,0.003822693166633447,0.001642191214266959
1138,0.005492321735558411,0.0015253539102731317
1139,0.0028113842476159335,0.0013853375892536202
1140,0.003945973406856259,0.0012602539811884677
1141,0.005123771370078126,0.0012252030996825751
1142,0.007128653799494108,0.0012484564900574252
1143,0.007014936705430349,0.0013139400412108544
1144,0.0046096959461768465,0.001338921945659429
1145,0.0037630837100247542,0.0013072175463280222
1146,0.0041228493054707846,0.0012488192681582484
1147,0.0040831075515598055,0.0012143926603781926
1148,0.0038252355841298896,0.0012427419797594358
1149,0.0041923838046689825,0.00125857189391175
1150,0.005706150146822134,0.0012448549597876102
1151,0.004947387372764448,0.001258240590572328
1152,0.008834839736421903,0.0012806369822223004
1153,0.0056435347845156985,0.001301055580678242
1154,0.004574965095768372,0.001281663920734019
1155,0.0056399119086563585,0.0013167502158724768
1156,0.005913097908099492,0.0013284609954635517
1157,0.006458434307326873,0.0013410027604550123
1158,0.004385774349793791,0.0013041544442549055
1159,0.005163088627159596,0.0012963245321233852
1160,0.0052056380237142244,0.0011764984581560836
1161,0.006053591736902794,0.0011103540882614889
1162,0.005493477669854959,0.001015363461622147
1163,0.004210320642838875,0.0009732877145389344
1164,0.004719504496703545,0.0009801967052777672
1165,0.004124352180709442,0.0009825338448414315
1166,0.004096547762552897,0.0010026247998219217
1167,0.004549398987243573,0.001031292896208126
1168,0.0034561228627959886,0.0010464593830452425
1169,0.004147986105332772,0.0010232199762588527
1170,0.0062154975098868215,0.0010126811306919962
1171,0.004698128718882799,0.0010096045239832193
1172,0.007093787829702099,0.0010131728749696576
1173,0.005028822210927804,0.001019247815124764
1174,0.005685080448165536,0.0009689421764681277
1175,0.00831079725176096,0.0009657630184023663
1176,0.0038213769594828287,0.0009875077901840739
1177,0.005826052930206061,0.0010211354671101137
1178,0.003276563606535395,0.0010354617648614995
1179,0.0036966397116581597,0.0010365069012879943
1180,0.005688069264094034,0.0010141052026576619
1181,0.00623756634692351,0.000989561844122134
1182,0.0031841817932824292,0.0009540504890294218
1183,0.0027608633041381835,0.0009271337340886551
1184,0.003540629195049405,0.0009117223408098853
1185,0.0038503998580078284,0.0009129362192401831
1186,0.004402566576997439,0.0009139826984532493
1187,0.0062116612835476795,0.0009309927049261613
1188,0.0042490256950259205,0.0009406597851262259
1189,0.0035082954137275616,0.0009270766296233307
1190,0.0060153821638474865,0.0009299905941588804
1191,0.0040795515601833665,0.0009262890949814147
1192,0.004324791859835387,0.0009354188041184024
1193,0.00501857710381349,0.0009457921938362025
1194,0.004263869176308314,0.0009389939101726389
1195,0.006663264955083529,0.0009511448908138903
1196,0.006721759401261807,0.0010155185123934872
1197,0.007288580853492021,0.0010868861096155807
1198,0.003951892318824927,0.001176854665666144
1199,0.0035202265717089176,0.0011867553455843114
1200,0.005090467693905035,0.001112118928957232
1201,0.007697295925269524,0.0010777232853611419
1202,0.004402156298359235,0.0010607850535747075
1203,0.003770547391225894,0.0010466915371967114
1204,0.002509072795510292,0.0010399391843046348
1205,0.003875530743971467,0.0010393078046608863
1206,0.0034751903265714647,0.0010605392836430293
1207,0.004336648155003786,0.0011023261646674139
1208,0.00284794089384377,0.0011606859396153138
1209,0.004773929994553327,0.0011609136149851884
1210,0.003628443833440542,0.001125351188513707
1211,0.006665472779422999,0.0010649793747882176
1212,0.003307324927300215,0.0010320450246653072
1213,0.005245445730785529,0.0010055060272460702
1214,0.003896876393506924,0.0009648336008682436
1215,0.007278411028285821,0.0009562537997849212
1216,0.003849958721548319,0.0009729319202116008
1217,0.005215263304611047,0.0009724430756608581
1218,0.004706165784349044,0.0009670278312286406
1219,0.0031804582414527733,0.0009630980428654744
1220,0.005901320992658536,0.0009892796242781951
1221,0.0035303867732485133,0.0010307703128700533
1222,0.0031833975886305173,0.0010832601298365419
1223,0.002897589731340607,0.0011134622169394544
1224,0.004183185457562407,0.00114038303415621
1225,0.004138065905620655,0.0011615637226000898
1226,0.0038530096877366304,0.0011228163411298136
1227,0.004953121021389961,0.001089831626255388
1228,0.004059755274405082,0.0011294506472814094
1229,0.00637328140437603,0.0011659211623042411
1230,0.0074507604042689,0.0011078429222290264
1231,0.004276490506405632,0.0010423487795729513
1232,0.003706995987643798,0.0010073403532224465
1233,0.003155636399363478,0.0010057747221733334
1234,0.003307173199330767,0.0010158775361001815
1235,0.0030629858219375214,0.0010410318511820539
1236,0.007737328422566255,0.001100292147227057
1237,0.003832826328774293,0.0011389191706085533
1238,0.004533731347570817,0.0011757690973733881
1239,0.0032214082932720584,0.0012306917291941253
1240,0.004008361231535673,0.0012583211068921964
1241,0.002838657610118389,0.0012846795262724865
1242,0.0037761994947989783,0.0012223715073517048
1243,0.005947092392792304,0.0010899182090051765
1244,0.003026234855254491,0.0009663833984023503
1245,0.003555253893136978,0.0009309588560255201
1246,0.0029341993232568104,0.0009300315714355074
1247,0.0043589579251905285,0.0009201764956155176
1248,0.002418522823912402,0.0009166315747021631
1249,0.005184394462654988,0.0009065674482450608
1250,0.004358105144153039,0.0008941444637772707
1251,0.0030251819795618453,0.0009073774812937399
1252,0.0038339574821293354,0.0009242545620365963
1253,0.003471235341082017,0.0009424912570939055
1254,0.004119610196600358,0.0009523963000658372
1255,0.0025963091136266786,0.0009826407680749952
1256,0.0047810775538285576,0.0010446471230431246
1257,0.003983333396414916,0.0011594547169635028
1258,0.0021992890707527597,0.0012843352760826274
1259,0.005239954963326454,0.0013508509356880516
1260,0.004948178896059593,0.0012793173838414134
1261,0.0031698867368201416,0.001187826757498936
1262,0.0044643384094039595,0.0011292883757809838
1263,0.0030136867891997097,0.001077422965455463
1264,0.0032073212787508965,0.0010506878833847458
1265,0.004638363172610601,0.0010410735565127703
1266,0.007988721194366614,0.0011172014202438588
1267,0.004447496744493643,0.001204894310208111
1268,0.00550950774922967,0.0013026766557847774
1269,0.0037215125126143296,0.0013842706799536474
1270,0.004014660759518544,0.001403664717245407
1271,0.006143143897255262,0.0014639588798887617
1272,0.002347941262026628,0.0014271144361022536
1273,0.003904471166121463,0.001366709342490383
1274,0.0034469625291725,0.0012357868891260696
1275,0.004060740520556768,0.001134946271795486
1276,0.0032471619235972565,0.0010534488061153308
1277,0.0029564841572816175,0.0010034317942702864
1278,0.005274665324638287,0.0009595702393585449
1279,0.004032213473692536,0.0009757722617955659
1280,0.0033029697913055617,0.0010265017599307411
1281,0.002904736918086807,0.0010884855447637694
1282,0.003059191854360203,0.001157453397791246
1283,0.0034362425717214744,0.001151863115245667
1284,0.0039873778820037845,0.0011418058310532723
1285,0.0037022963166236877,0.0011682456256601754
1286,0.003180998982861638,0.00113601947393943
1287,0.005270125577226281,0.001112072478785495
1288,0.0031086790841072798,0.0011282207281145408
1289,0.0021378989641865093,0.0011123193365587729
1290,0.002425877780963977,0.0010736573086024856
1291,0.002438809567441543,0.0010820549906334128
1292,0.00525855574135979,0.0011212571705581519
1293,0.0027717874695857366,0.001164394389108322
1294,0.0019227517923961083,0.0011636437751961447
1295,0.002840331941843033,0.0011570002030265906
1296,0.002397813554853201,0.0011659221820841273
1297,0.0038271389125535886,0.0011720949413592187
1298,0.003685573705782493,0.0011940815272433022
1299,0.004018183704465628,0.0012523729636473215
1300,0.003318099429210027,0.0013369313188219868
1301,0.00279137819694976,0.0013908751219085704
1302,0.0030807665161167582,0.0014112360810303664
1303,0.003983739266792933,0.001402852968789461
1304,0.0037614242794613045,0.0013688848900249388
1305,0.0026858676457777618,0.0013811124331046512
1306,0.004510137935479482,0.0013972128389447224
1307,0.0034312681139757237,0.0014696165673640064
1308,0.0029069733805954455,0.0013976226676270132
1309,0.0029564928573866684,0.0012643513380637848
1310,0.004523516415307919,0.0012224262395111008
1311,0.0024792051796490946,0.0012552033890750054
1312,0.002646237192675471,0.0013327371153987826
1313,0.0035405451121429603,0.0014065170310452347
1314,0.006749786312381426,0.0014997895203868118
1315,0.0026274289935827254,0.0016621644984505426
1316,0.004974016733467579,0.0017308880333004035
1317,0.002257194214810928,0.0016895775906888284
1318,0.007245613262057304,0.0015474772832437058
1319,0.002284067713965972,0.0013872506445288424
1320,0.003251277826105555,0.0012355365091018145
1321,0.0046211738760272665,0.0011725169968585976
1322,0.003709120334436496,0.0012376155799592105
1323,0.002736716391518712,0.0012843971494511943
1324,0.0030494782763222854,0.0012839643282845147
1325,0.0035753154506285986,0.0012381184790246776
1326,0.004535238475849231,0.0011742807490252487
1327,0.0030808292329311373,0.0011238583279260265
1328,0.002484895195811987,0.001128080884896688
1329,0.0021677648182958364,0.0011612457845646038
1330,0.0028202916495501996,0.0011986730236186111
1331,0.0036115239607170226,0.0012250586731843358
1332,0.0026506515840689342,0.0012047767160665683
1333,0.005252253108968337,0.0012136894932720723
1334,0.0017982940810422102,0.0011907358136849376
1335,0.0022884094156324863,0.0011332300922459388
1336,0.002789155750845869,0.0010927696056905987
1337,0.0031876321726789078,0.001094830827420856
1338,0.0019828074146062136,0.0010994781394430444
1339,0.002565792800548176,0.0010925222222150604
1340,0.004128645414796969,0.0010889850444101737
1341,0.0023552392919858295,0.0011094391435810078
1342,0.003538532741367817,0.001091127180289037
1343,0.005557864035169283,0.0010581705448819017
1344,0.0022215377849837143,0.0010642858646538725
1345,0.002820844971574843,0.0011163268666384435
1346,0.006762434604267279,0.0012057441292242623
1347,0.0031806258484721184,0.0013045045729601888
1348,0.0030301486607640983,0.0014065183592798906
1349,0.0030016984324902295,0.0015021548047295119
1350,0.0030373808229342105,0.0015698937070372655
1351,0.0017640172193447749,0.0016006657003065732
1352,0.003568187014510234,0.001524993009483955
1353,0.003550192279120286,0.001375830469205682
1354,0.002688643056899309,0.0012567917569760439
1355,0.003091586947751542,0.0011787753553115065
1356,0.004156611813232303,0.0011262892301773697
1357,0.004243880820771058,0.001096348525263281
1358,0.002838981430977583,0.0010677035719222265
1359,0.004006070115913947,0.0010604346766847912
1360,0.002291880629491061,0.0010398422527368965
1361,0.0018186039756983518,0.0010235859587601583
1362,0.0029598909430205824,0.0010043317486447701
1363,0.0038665730661402147,0.0009578013550636806
1364,0.003563557557451228,0.000928059340625136
1365,0.0020107295208921035,0.0009079312135219779
1366,0.004598353368540605,0.0009041710902925757
1367,0.0033087407471612098,0.0009134013320807016
1368,0.0029746785294264555,0.0009136506093676957
1369,0.004411505504200856,0.0009304544192694831
1370,0.002928534584740798,0.000988330844905242
1371,0.0032942122779786587,0.001106405111880401
1372,0.0027947659914692243,0.0012337153820562961
1373,0.003204855959241589,0.0012756566664636664
1374,0.0029446891819437343,0.0013304763009742372
1375,0.002388299567004045,0.0013566885627512857
1376,0.002666611084714532,0.0014013483988370482
1377,0.0036305050986508527,0.0014014287895750342
1378,0.0030434617772698404,0.0014212938643419955
1379,0.002920910584119459,0.001438821404695687
1380,0.001732424801836411,0.0014064365788912913
1381,0.0024736519747724137,0.0013138928027148907
1382,0.0022992501345773537,0.0011569998239893027
1383,0.004875118851972123,0.001046713569483859
1384,0.00262160439354678,0.0010226828467346522
1385,0.002212549839168787,0.0009932100074365735
1386,0.002896202790240447,0.0010025181303875096
1387,0.0032929240725934504,0.0010120638755725798
1388,0.004877725235807399,0.0010267942653433603
1389,0.0035457066881159943,0.0010535013197378556
1390,0.00311146507350107,0.0010914776421988045
1391,0.0027891370312621198,0.0011330226946834798
1392,0.0029868314663569133,0.001195384536899157
1393,0.003015404179071387,0.0012407006231121953
1394,0.003971346033116181,0.0013421761865661604
1395,0.003469735337421298,0.001444405173941508
1396,0.002011116221547127,0.0015023005585457513
1397,0.002991269645281136,0.001484892491478561
1398,0.0027416258429487548,0.0014340941799716568
1399,0.0034926646078626317,0.00143496181236536
1400,0.0031124664780994254,0.0014117049405307281
1401,0.001876700196104745,0.0012763694857291174
1402,0.002454810822382569,0.0011234632189070263
1403,0.0018543062188352147,0.0010021901038644
1404,0.0016486944475521644,0.0009492740420510949
1405,0.002291355328634381,0.0009509757654759739
1406,0.0028873000759631396,0.000987731325018447
1407,0.0036267610887686414,0.001035251932431335
1408,0.003198609858130415,0.0010514241170255453
1409,0.002054127678275108,0.0010609384827814467
1410,0.002652535013233622,0.0011036213804549706
1411,0.002185827144421637,0.0011279965465793049
1412,0.001967144121105472,0.001111347069707149
1413,0.002777359914034605,0.0010844284946311589
1414,0.0016394584827745954,0.0010500235985377877
1415,0.005858305321695904,0.0011245867697610044
1416,0.0025881637974331777,0.0012144818058692096
1417,0.002321813115850091,0.0012746219226254488
1418,0.003057803741345803,0.0012457704998362134
1419,0.0025707664045815665,0.001139173418004799
1420,0.0022777659197648365,0.0010730397367783946
1421,0.004321025374035041,0.001012434390938188
1422,0.00169565889518708,0.0010366764347670293
1423,0.0020666359923779964,0.001073902571852517
1424,0.00258633183936278,0.001094510246207571
1425,0.0017731148128708205,0.0011048244590152378
1426,0.003415226299936573,0.0011495182407088578
1427,0.0032984974794089796,0.001247459682947626
1428,0.0018682925030589104,0.0012562175484843493
1429,0.002829449127117793,0.0012346387663892814
1430,0.0022126239258795978,0.001194697200214329
1431,0.0031596869385490814,0.0011975532498459999
1432,0.003415061393752694,0.001211459614156826
1433,0.0027189371796945733,0.0012227610939761669
1434,0.002757920417934656,0.0013364955478560503
1435,0.0036003235417107742,0.001531676194945893
1436,0.0022969527170062067,0.0018308112098960074
1437,0.0024104834961084028,0.0020966566365769527
1438,0.002234212091813485,0.0021149823515433964
1439,0.002969915218030413,0.001996975298604275
1440,0.00296116997487843,0.0017095387090129528
1441,0.0020702599547803404,0.0014813946684690443
1442,0.001529372592146198,0.0013502737815220525
1443,0.0043660466559231285,0.0012865115257757386
1444,0.001384954364039004,0.0012695136687197672
1445,0.002209479035809636,0.0012887595028902485
1446,0.0041637964391460025,0.0013090163445481518
1447,0.002067625770966212,0.0012561610989697922
1448,0.003129597706720233,0.0012266136143048564
1449,0.0021412240186085302,0.0011661072544878217
1450,0.005092840828001499,0.0010970292120665956
1451,0.0031302421120926738,0.0010819414609449175
1452,0.005371567358573278,0.0010797231257379818
1453,0.004153938110296925,0.0010218600908433653
1454,0.001611803254733483,0.0009786585312864678
1455,0.0020276276705165704,0.000969349915403726
1456,0.0020568695462619265,0.0009300845742086316
1457,0.001500277267768979,0.0009026631731704962
1458,0.0022765298917268714,0.0008990191148711354
1459,0.0019580145987371602,0.0008961022581710795
1460,0.002088616384814183,0.0008910227650373177
1461,0.0024818341868619123,0.0009442441934063356
1462,0.0021348190028220417,0.0009899142635509549
1463,0.0020441450489064057,0.0010814965834591802
1464,0.0020859091465050975,0.0011126364651869425
1465,0.0020481423164407414,0.001091925185320415
1466,0.002253473736345768,0.001098089329403363
1467,0.0019187464533994595,0.0011713810427312365
1468,0.0020580314255009093,0.00118417045657017
1469,0.0013852129535128672,0.0011502429897948278
1470,0.002286669018212706,0.0011422331124089481
1471,0.0025376565133531886,0.001159763961891079
1472,0.003411384865952035,0.0012117251121314375
1473,0.002349830325692892,0.0012724858068853735
1474,0.0027799667480091256,0.0012660852457418686
1475,0.0022713398405661187,0.0012159799473125516
1476,0.002483608744417628,0.0011348697250547605
1477,0.0020862032116080323,0.0011127772145193276
1478,0.0018560437951236964,0.0010591923304114814
1479,0.002503946733971437,0.0010511722226854501
1480,0.002980849302063386,0.0010410877330573349
1481,0.0018723702756687998,0.0010796596161383168
1482,0.00166516473206381,0.0011125148840497915
1483,0.0023059607793887455,0.001112937397418881
1484,0.002482143820573886,0.0011217063013280882
1485,0.0022528338711708786,0.0010752147040696536
1486,0.0019180112207929294,0.0010656605751480995
1487,0.0028885034921889504,0.0010612596474463252
1488,0.003202312299981713,0.0010366792104016314
1489,0.00183182160059611,0.0010208261994952997
1490,0.002421480587994059,0.0010338686232447742
1491,0.0017045274764920274,0.0009981999998750883
1492,0.0023760995517174404,0.0009836935979959474
1493,0.002556065656244755,0.0009756625614378337
1494,0.002265705113920073,0.0009698274668661775
1495,0.0031532868277281524,0.000955452946817693
1496,0.0016434426264216502,0.0009318370130059757
1497,0.0019491407244155805,0.0009488926281030546
1498,0.001293258434937646,0.0009787960310730585
1499,0.002742384436229865,0.0010240678968802682
1500,0.0012260981369763614,0.001020698013851111
1501,0.001802786571594576,0.0010727308365135035
1502,0.001988743245601654,0.0010987427690631057
1503,0.0022405537000546854,0.0011640759194123111
1504,0.002837666543200612,0.0012468198070478603
1505,0.0030078479166453084,0.001330992406762139
1506,0.0017253100716819365,0.0013639631875475326
1507,0.0025131653683880964,0.001389041046179303
1508,0.0024613463319838047,0.0014473067809218966
1509,0.0036879851793249446,0.0013215475226202467
1510,0.0016649405316760144,0.0011962251146470644
1511,0.0013543752022087574,0.001126147750270091
1512,0.0027150879536444942,0.001075930286136522
1513,0.0036447106472526987,0.001070334838233947
1514,0.00233621826240172,0.0011116100574190926
1515,0.0020080061241363484,0.0012095065830517414
1516,0.002330744344120224,0.0013272873314801516
1517,0.0018015141831710935,0.0013453982235115812
1518,0.0018788331964363655,0.0013537015252577977
1519,0.001963267351190249,0.001294426688755767
1520,0.0031812483289589484,0.0013441227671624285
1521,0.002811241305122773,0.0014159462440348281
1522,0.0024039268804093203,0.0014466681878823112
1523,0.0017400182317942382,0.0014192622492280533
1524,0.002547809334161381,0.0012922441443853725
1525,0.0012997370368490616,0.0011606399748129697
1526,0.0015942474516729515,0.0011269132103440976
1527,0.0022300422890111802,0.0011439812360478081
1528,0.002418499703829487,0.0011617855487875348
1529,0.0014708914483586948,0.0011966108091498219
1530,0.0012882805739839872,0.0011981489232147304
1531,0.0023822904797270892,0.0012570000441532259
1532,0.0021195233644296725,0.0012615004968719455
1533,0.0019218118007605274,0.001194040391385174
1534,0.0022093401135255893,0.0011153801859495795
1535,0.0021903557392458123,0.0010616224026307464
1536,0.0034882452649374804,0.0010570626876382965
1537,0.002744226592282454,0.0010766237525005392
1538,0.003193577673907081,0.0011277902480874827
1539,0.001959780774389704,0.0012131925052633202
1540,0.002469477461030086,0.0012352766187707564
1541,0.001412959722802043,0.0012121148165462055
1542,0.002436483589311441,0.0011833042605765398
1543,0.002798271769036849,0.0011238447673743459
1544,0.0014226813490192094,0.001095039361178523
1545,0.002208447828888893,0.0011255585970760388
1546,0.002962664452691873,0.0011030132497301486
1547,0.0036260759147504966,0.0011134608969547031
1548,0.002428785719287892,0.0011144030388209997
1549,0.001879956891449789,0.0011410565902918988
1550,0.0023224334077288707,0.001151722566202635
1551,0.0025774579960852863,0.0011759469291107274
1552,0.002175499692869683,0.0012084584757428999
1553,0.002526726488334437,0.0012012071023863836
1554,0.0024643855712686976,0.0012445848986990457
1555,0.002419834661607941,0.0013116688493228568
1556,0.0038844031281769277,0.0013878699263748457
1557,0.0018619869680454335,0.0013750881565309416
1558,0.0012372638758582374,0.0012902360799993704
1559,0.0017716175876557826,0.001280124709890114
1560,0.00146564282476902,0.001260381418841297
1561,0.002326702295492093,0.0011426107233800875
1562,0.0019051390855262676,0.0010629189581111602
1563,0.00201719260464112,0.0010105440403173464
1564,0.0019395478380223115,0.0010105061416301553
1565,0.0011213462489346663,0.0009821723439862701
1566,0.0021671979998548825,0.0009404639823464896
1567,0.0026561394954721135,0.0009492939057591276
1568,0.002754953115557631,0.0010120482220659106
1569,0.0024632343867172796,0.0011298370086514633
1570,0.0011445318038264911,0.0012707278860263585
1571,0.0021536280595076582,0.0013926633804171222
1572,0.0016505779543270667,0.0014663591099110997
1573,0.00204940444479386,0.0015008759851692112
1574,0.0018035355334480605,0.0014827713942316574
1575,0.0017596367513760924,0.0014056829280975297
1576,0.0013296439312398434,0.0013355941834353555
1577,0.002533452740559975,0.0012821193718476089
1578,0.002470661416494598,0.001275536088148264
1579,0.0019950100996841986,0.001277330496502439
1580,0.0021032335081448156,0.0012117942765824438
1581,0.0025185376638546587,0.0011477024582265986
1582,0.0017617235309444368,0.0010851554345251537
1583,0.0022364028729498385,0.0010481793337178923
1584,0.0012712401493142048,0.0009933760418101968
1585,0.002197028696537018,0.000991153758107208
1586,0.0015808865272750458,0.0009965458472340008
1587,0.0014543733249107996,0.0009678920234120855
1588,0.0019363487449785073,0.0010071055767471044
1589,0.0016457404320438702,0.0010507353581488132
1590,0.0022187042360504467,0.0011045125140771858
1591,0.0023137516031662623,0.0010857393696544853
1592,0.002101910579949617,0.0010377096752892797
1593,0.0023838967240105073,0.0010793178881276545
1594,0.0014581689223026235,0.0011071912975483171
1595,0.002226139868920048,0.001185826607063178
1596,0.0019366637415563067,0.0012778108174120641
1597,0.0013987639375651875,0.0013320403894057542
1598,0.002494915823141734,0.001345115182114633
1599,0.0023313079960644244,0.0013590640045599792
1600,0.0011880584371586642,0.0013422872513664636
1601,0.001509948750026524,0.0012798720263091363
1602,0.0022336662436525027,0.001179858146594676
1603,0.0014668992487713694,0.0010678613101000216
1604,0.0016141632610621552,0.0010126813371687776
1605,0.0013110700839509568,0.00098178026589059
1606,0.0019361598727603753,0.0009658461377963307
1607,0.0014031299545119206,0.0010002408333408728
1608,0.001601257361471653,0.0010314600516521321
1609,0.0019049976331492265,0.0010110168267723437
1610,0.003424343777199586,0.0010323452329681086
1611,0.0015947032331799468,0.0010781587613929854
1612,0.0018701869683961073,0.0011198554012931765
1613,0.001551005228733023,0.0011730804442662717
1614,0.0025383540739615756,0.0012467444854179822
1615,0.002348504929492871,0.0013109247299189877
1616,0.0024241235107183455,0.0013460285950628087
1617,0.001910920673981309,0.0013953099085942029
1618,0.002733881569777926,0.001446303191932109
1619,0.0012844641149664918,0.0013873968071736924
1620,0.0024112017670025426,0.001304860659471647
1621,0.005525332192579905,0.0013120128905151304
1622,0.0021454858981693786,0.0012284581302885172
1623,0.002272189947931717,0.001131366915436183
1624,0.0017921333046009144,0.0010235622826794998
1625,0.002887117552260558,0.0009498558422884222
1626,0.0019058162656923135,0.000923007092343306
1627,0.0024317613841655355,0.0009115028873866967
1628,0.0019569442917903262,0.000923119374692044
1629,0.00208445955067873,0.0009889519855006063
1630,0.001802201933848361,0.0010731134680099785
1631,0.0018662115869422754,0.0011499720615496141
1632,0.0018373799587910373,0.0011710392079301412
1633,0.001703210904573401,0.0011046694043481092
1634,0.0018687029524395863,0.0010409069753537967
1635,0.0024567008949816227,0.0010356734118123693
1636,0.0018797326056907574,0.0010301713432060687
1637,0.001554486722064515,0.0009881102683491946
1638,0.0022071470816930135,0.0009758918152894736
1639,0.0011327333593120178,0.001022798905706429
1640,0.0019057337505122027,0.0011285948095014538
1641,0.001485775193820397,0.0012250368246867313
1642,0.0014016708669563134,0.001201677545868447
1643,0.0018507777014747262,0.0011383901161369024
1644,0.0021424795966595413,0.0011193199916449412
1645,0.0016000133628646532,0.0010864603554089297
1646,0.0018252863160644968,0.0010179106987587463
1647,0.001907311643784245,0.0009693792135652712
1648,0.0013205023482441903,0.0009679043084368345
1649,0.002326399087905884,0.0010451876061535843
1650,0.0012767611381908257,0.0011351766325093395
1651,0.0029026554509376484,0.0012260720965188495
1652,0.001354057372858127,0.00130169311681337
1653,0.0019509852242966493,0.0013332032602221713
1654,0.0014726998439679544,0.0012981639634157846
1655,0.003069440578110516,0.0012981783191666125
1656,0.002069951097170512,0.0012142539237933894
1657,0.001903860860814651,0.0011132597019455916
1658,0.0027625237746785086,0.0010774320071218462
1659,0.0021299371340622506,0.0011179186985827982
1660,0.001635755350192388,0.001167013187980734
1661,0.0018435776854554811,0.001147042241270148
1662,0.001885490926603476,0.001181361569810336
1663,0.0017253606657808027,0.0011355661907174633
1664,0.002785631727116803,0.0010587481569176115
1665,0.002276791841723025,0.001027072477796093
1666,0.001735714403912425,0.0010320893662989022
1667,0.002610639544824759,0.0010283502656599785
1668,0.0017752848099917174,0.0010303470258432345
1669,0.0017974513272444408,0.0010246034238604815
1670,0.0012095089536160232,0.0009800463550042097
1671,0.001463224645704031,0.0009521993532993164
1672,0.0015576969909792146,0.0009770556880109834
1673,0.0014095787269373735,0.0009781373263699714
1674,0.0016958214497814577,0.00098682012304473
1675,0.001703635564384361,0.0010229853155113405
1676,0.002551102840031187,0.0010344218325207201
1677,0.0019273845168451468,0.000983931400123837
1678,0.0023460629551361003,0.0009667907679255495
1679,0.0018778468598611652,0.0009097912193891981
1680,0.0010019622665519516,0.0008853074528944245
1681,0.0023502563592046498,0.0009275165479996894
1682,0.0034581879153847694,0.001001714110488116
1683,0.0027168627828359606,0.0010464621380550832
1684,0.00136705432087183,0.0009850753021177169
1685,0.0013592122277865807,0.0009132271855299574
1686,0.0024328742176294325,0.0009128148310018454
1687,0.0015170563478022815,0.0009895654869133857
1688,0.0020116461751361688,0.0010832913410593207
1689,0.001334994868375361,0.00112769899955826
1690,0.0038616878601411978,0.00125628181157531
1691,0.0016653758551304538,0.0013649486148304593
1692,0.0022385516824821633,0.0013610754844065257
1693,0.0012140312620128194,0.0013363946130220581
1694,0.0023238064876447122,0.0013042905855571896
1695,0.002159836795181036,0.0012614338124339564
1696,0.0018208733915040891,0.0012007251498289406
1697,0.0032664158536742133,0.0012161028433928457
1698,0.0015693193456778924,0.0012082245249455193
1699,0.001376034210746487,0.0011896881472876692
1700,0.00216005213248233,0.0011295037212099616
1701,0.00174549565029641,0.0010574148348202622
1702,0.0014844565303064883,0.0009591313272413951
1703,0.0014956542911628882,0.0009327010603577602
1704,0.0018951719626784324,0.0009141105825748793
1705,0.0011092851869761943,0.0009009081278615962
1706,0.0016083902912214399,0.0009096516651471739
1707,0.001619198266416788,0.0009811199829349016
1708,0.0015419180815418561,0.001047433164212706
1709,0.0024424123267332712,0.0011017952599254707
1710,0.002442839074259003,0.0011294349261713544
1711,0.0034261671748633186,0.001073050035409424
1712,0.0017061978268126646,0.0010477412298622387
1713,0.00215324357462426,0.0010561498278920634
1714,0.002274994427959124,0.0011010955951330581
1715,0.0019437244161963462,0.0010498212907081982
1716,0.002371245785616338,0.0009841912996214558
1717,0.0023763670275608697,0.00099891649722305
1718,0.0016064270709951719,0.0009858284414173875
1719,0.001781102417347332,0.0009313796854973954
1720,0.0012735236746569474,0.0009046321566121315
1721,0.0020717563883711895,0.000869134149750636
1722,0.0016403900769849618,0.0008728949888884346
1723,0.002071765623986721,0.0009191778147461142
1724,0.0016632782062515616,0.000958614080675005
1725,0.0015714834289004406,0.0010282547487217317
1726,0.0016792297673722109,0.001153395846247761
1727,0.0020677245998134215,0.001182878898240362
1728,0.0021922622186442216,0.001148678002123699
1729,0.0025032571982592346,0.0010387471457209995
1730,0.0017184137366712093,0.0009802311418695361
1731,0.0017980380837495128,0.001032261979054865
1732,0.0037700953427702187,0.0012098949638151336
1733,0.0015026538788030545,0.0013800370873604704
1734,0.0017771362870310744,0.0014878690864260154
1735,0.002015858795493841,0.0014802975402264966
1736,0.0012593409822632868,0.001397490102658415
1737,0.0016574012814089655,0.0012257212862797726
1738,0.0019042840537925561,0.0010944670854561675
1739,0.0014285445678979159,0.0010129726028040521
1740,0.001964113861322403,0.0010436733599796188
1741,0.001518449140712619,0.001075772608458028
1742,0.0016264886983359853,0.0011244151694516792
1743,0.0012031862667451303,0.0011308045551826165
1744,0.0012233978350802014,0.0011443042120250955
1745,0.002742471033707261,0.0012399677749114536
1746,0.0011489115344981353,0.0012860148200970582
1747,0.0011979955558975538,0.0013183386213564145
1748,0.0014424249607448776,0.00133615464896081
1749,0.0018722433674459656,0.0013448454010645
1750,0.0015036100366463264,0.0013148633031702535
1751,0.001712065221120914,0.001260919962994989
1752,0.001794073071020345,0.0012294324531997225
1753,0.0012397868713984886,0.001198484212174777
1754,0.001592499832622707,0.0011185731208978558
1755,0.0018643881504734358,0.001051286858777831
1756,0.0017602192626024287,0.0009663699338703937
1757,0.0016457589343190193,0.0009587435180130671
1758,0.0012315464982142052,0.0009376591556855866
1759,0.0015866629391287764,0.0009145261110246592
1760,0.001819310337305069,0.0008938754063125289
1761,0.0016053807688876987,0.0009214344356982697
1762,0.0019088781283547482,0.000923756422478647
1763,0.0031038145340668657,0.0009428848944215734
1764,0.0020453763815263906,0.0009644422088896372
1765,0.0011970833720018467,0.0009493152065547256
1766,0.0016881488108386597,0.0009104520450052842
1767,0.0012067024673645696,0.0009069205655929023
1768,0.0017256602800140779,0.0009433692110350399
1769,0.0018404737580567597,0.0010087215657873945
1770,0.0024069714747990173,0.0011438692298417134
1771,0.0017105094312379757,0.0012753865233343829
1772,0.0012343760346993804,0.001338716809029185
1773,0.0014669885393232107,0.0013096767769187807
1774,0.001797585926639537,0.0012090718868650555
1775,0.002314559541021784,0.0011633866220001337
1776,0.001633241834739844,0.0011808923010230357
1777,0.00229548547261705,0.0011183629807004134
1778,0.0014125828631222249,0.0010373706317059403
1779,0.0018835065886378289,0.0009930320707421134
1780,0.0017513146701579293,0.0009523708351308436
1781,0.001962851407006383,0.0009431648806038159
1782,0.0010363683376150826,0.0009733851225386689
1783,0.0011329675636564693,0.0009721405652909004
1784,0.0019121058285236359,0.0009328973737149316
1785,0.0016762790425370138,0.0009219735841574807
1786,0.001726662980703016,0.0009629322874990445
1787,0.0013821167638525366,0.0010211422904687897
1788,0.0015815503313206137,0.0010950128551513896
1789,0.001539202135366698,0.0011984152085969123
1790,0.0011237517542516192,0.0012933698292146986
1791,0.002372964999328057,0.0013381968157028588
1792,0.0007282782540035744,0.0012368697812414075
1793,0.001337270981942614,0.00114402350443452
1794,0.0016644276989003022,0.001113383325392483
1795,0.0016182669904083013,0.0011029475974469027
1796,0.0013206150460367402,0.0011187361889724128
1797,0.0024939473407963914,0.0011111306119160214
1798,0.0014730177664508423,0.0010053959540384785
1799,0.0015158189305414756,0.0009410270465919234
1800,0.0015469315617034833,0.0009494275477986167
1801,0.0018158375285565853,0.0009604712983036018
1802,0.0012515285595630606,0.000977687117841652
1803,0.0017616985753799478,0.0011114732079999887
1804,0.001915192836895585,0.0011744183418524311
1805,0.0017407640504340331,0.0012082450800413984
1806,0.0016953866618374983,0.0013312327457357226
1807,0.0010106540091025333,0.0013324506599162742
1808,0.0013793076543758313,0.0012452603898957138
1809,0.002870486738781134,0.0010887587068998438
1810,0.0016998411738313735,0.0009878296372994018
1811,0.001593002878750364,0.0009671929145715837
1812,0.0018135017870614925,0.0009990449363226437
1813,0.0013387011674543222,0.0010344952846305284
1814,0.001872999135715266,0.0009778385567588833
1815,0.0023177969579895336,0.0009012471439452534
1816,0.0016589570324867964,0.0008575091549602344
1817,0.0015722834039479494,0.0008554633296146167
1818,0.0018687994219362737,0.0008619505094866613
1819,0.0019457063210817675,0.0009402108308125844
1820,0.0018637517001479863,0.0010044274042272485
1821,0.0020781682338565587,0.0010256356771441368
1822,0.002195051312446594,0.0010617701941734458
1823,0.0019236927231152852,0.0011187583935909032
1824,0.0014490940763304632,0.0011277611992563906
1825,0.0015530989660571019,0.0010920173734221168
1826,0.0015453320850307743,0.0010799009506004004
1827,0.0013679152665038903,0.0011231154877157134
1828,0.001346837170422077,0.0012015157601957423
1829,0.002533249370753765,0.001136480814109989
1830,0.0013517963234335184,0.0010461086154306732
1831,0.0016641263850033284,0.0010582705763513296
1832,0.0012427723151631654,0.0011353005387446308
1833,0.001909301026413838,0.0011046560188777393
1834,0.0017958443029783666,0.001047871805687149
1835,0.0021315892537434895,0.0010129210903991278
1836,0.0018876969814300537,0.0010208750219729648
1837,0.0011634069106852016,0.0010386071196302595
1838,0.0009557688453545173,0.0010207652638659
1839,0.0011220801815701028,0.0010142465549205818
1840,0.001317725470289588,0.001031091302453621
1841,0.0016003243159502744,0.0010614956061788432
1842,0.0009153046955664953,0.0010533209406132773
1843,0.0025226001530730476,0.0010001770510360247
1844,0.00114564784647276,0.0009197782418932619
1845,0.0021142372240622836,0.0008769952941880246
1846,0.0010115235423048337,0.0008627272212848537
1847,0.002821965826054414,0.0009165820379202496
1848,0.001126168241413931,0.0010413652901009721
1849,0.0026468225444356602,0.0011027777997417536
1850,0.0010475210302198926,0.0011247525997203226
1851,0.0008907601392517487,0.0010892567284383232
1852,0.0011323788901790976,0.0010741448504703603
1853,0.0023129955399781464,0.0010167499921673278
1854,0.0013352224137634038,0.000969029310815711
1855,0.0021807090379297733,0.0009816457942773507
1856,0.00148149651940912,0.0010350097551039882
1857,0.002687981716978053,0.0011241169111055182
1858,0.0013186078518629073,0.0011646365985186315
1859,0.0015026357568179568,0.0010998907222185196
1860,0.0012636538594961166,0.001057574596516348
1861,0.001047789677977562,0.0010517240138944444
1862,0.001621186244301498,0.0011057573234053754
1863,0.001871933105091254,0.0010738045377766815
1864,0.0024270507235390443,0.0010925073636783742
1865,0.001450053625740111,0.001189200460129806
1866,0.0011890693955744307,0.001185420164508437
1867,0.0013679672653476398,0.0011109140381678998
1868,0.001669746668388446,0.001068225169855016
1869,0.0018317368812859058,0.001035788083654337
1870,0.001372654646790276,0.0010036806682286066
1871,0.0010929024390255412,0.0009898930415877794
1872,0.0011437778283531466,0.0010027622870044915
1873,0.0011535298234472671,0.0010658368187787847
1874,0.0012823695394520958,0.0011398683083940326
1875,0.0012339392521729072,0.0011665828541603204
1876,0.0010837735064948598,0.0011230336436195167
1877,0.001906646244848768,0.0010524692108275324
1878,0.0012091037972519795,0.0009982277663043281
1879,0.0010587706929072738,0.000973694058553147
1880,0.001546539447735995,0.0009598125892463983
1881,0.002065815986134112,0.0009755013133839184
1882,0.0018593450542539359,0.0010217066902821282
1883,0.001383725196744005,0.0010827244277750179
1884,0.0012789090552056829,0.0011068297656414313
1885,0.0009693286148831249,0.001077270144450031
1886,0.0012201782160749038,0.0010676294717365715
1887,0.0011078811483457684,0.0010666218939178631
1888,0.0007746811490505934,0.0010521866158420938
1889,0.0014903351198881864,0.0010114983640845837
1890,0.0012843256661047538,0.001017050564153428
1891,0.0011463793460279703,0.0009743888994429525
1892,0.002273473640282949,0.0009063724627787996
1893,0.0012823778204619884,0.0008996127800755643
1894,0.0010942152856538692,0.0009081952560759024
1895,0.0016213933005928994,0.0009761119177051651
1896,0.0013566450991978247,0.0011079542129850527
1897,0.0013326052809134125,0.0011409018211631383
1898,0.0009998142098387082,0.0010988016371747229
1899,0.0013752059390147527,0.0010616544952183433
1900,0.001278578620015954,0.0010412726757541943
1901,0.0024379343182469406,0.0009906440675368634
1902,0.0018838883998493353,0.0009565579051364536
1903,0.000842830336963137,0.0009008234691729139
1904,0.0017853094808136423,0.0009205453489690755
1905,0.0021859570251156887,0.00098279324373025
1906,0.0013671690753350656,0.0010428584421852854
1907,0.0015528571559116245,0.0010800719844162698
1908,0.0015742273069918155,0.0010307965420670515
1909,0.0014473523401344816,0.0010016297231296328
1910,0.002604553126730025,0.0009893108568132275
1911,0.0013693990961958964,0.0009654179876798573
1912,0.001265825874482592,0.0009235838381390227
1913,0.0012304258494017025,0.0008936434925541165
1914,0.0014891665390071769,0.0009176625671253841
1915,0.0010124664753675462,0.0009762809266277596
1916,0.0015460026916116476,0.0010609837220505057
1917,0.002354797914934655,0.0011264745363283638
1918,0.0014121760769436756,0.001136864653759174
1919,0.0015502036626761158,0.001099937676551099
1920,0.0012454044384260972,0.001053548889146663
1921,0.0014517583729078372,0.001030370533946667
1922,0.0012952442319753268,0.001044442029266552
1923,0.0018904597498476505,0.0010195899508182165
1924,0.0008877168991602957,0.000993969910283111
1925,0.0011488172206251571,0.0010238298316720845
1926,0.0015727139504936834,0.001020929945255153
1927,0.001089429467295607,0.000955918658062757
1928,0.0013828607431302469,0.0008726854788920454
1929,0.0013369824388064443,0.0008218178865188132
1930,0.0025465140274415414,0.0008399423097689291
1931,0.0011982846694688003,0.0008929873159884908
1932,0.0017330766810725133,0.0009625602612550569
1933,0.001600513622785608,0.0009987938449732725
1934,0.0017633686618258556,0.000992144131208
1935,0.0008816598293681939,0.0009730564390023159
1936,0.0014129738866661987,0.00099768794066544
1937,0.0015717661706730723,0.001054346776846063
1938,0.0012980195383230845,0.0010748820949536492
1939,0.0014726699291107556,0.0010134169431293282
1940,0.001134466465252141,0.0009625541829086078
1941,0.0007626660556222002,0.0009359279143308678
1942,0.0014294380748954912,0.0009127500037090691
1943,0.001179137034341693,0.0009074332790658259
1944,0.0010964863312741121,0.0009395606691149746
1945,0.00121154075798889,0.0009920334688197146
1946,0.0011490159279977281,0.001122459705083037
1947,0.002032821998000145,0.0013688370699106943
1948,0.0012089972073833148,0.0016073263442789123
1949,0.0011569636641070246,0.0016122184882644477
1950,0.0015258509510507187,0.001500908751040697
1951,0.0008299494705473384,0.0013697189544730885
1952,0.0015737771056592465,0.0012153793918335532
1953,0.001004516752436757,0.001106209348058548
1954,0.001897382875904441,0.001037164012384491
1955,0.0014725113287568092,0.0009670571830145663
1956,0.0009483353855709235,0.0009510066586190937
1957,0.001911694750500222,0.0009419796431499467
1958,0.0015966786382098992,0.0009216239394466062
1959,0.0017470037254194418,0.0009111070704800407
1960,0.001468432197968165,0.0009145894455430134
1961,0.0012045452759290734,0.000943332712769171
1962,0.0010059451529135306,0.0009896977150108753
1963,0.0011343255328635374,0.0010339512437486684
1964,0.0015646531867484252,0.0010153258395359272
1965,0.0018866708502173423,0.0009779897898868255
1966,0.0007983413524925709,0.0010113603743453195
1967,0.001171563232007126,0.0010483816791303808
1968,0.0017544286791235208,0.001050800889891785
1969,0.0012432308557132879,0.0010872721501560074
1970,0.0011960108686859408,0.0011133270642507498
1971,0.0008719191032772263,0.001085076847308
1972,0.0014737800074120363,0.001112743431617924
1973,0.0013329921600719293,0.001191825276849366
1974,0.002122673283641537,0.0011300350888632238
1975,0.001311946342078348,0.0010727043992355759
1976,0.0012233543287341793,0.0009890643886187826
1977,0.0015657153135786453,0.0009112836658774955
1978,0.0011890067408482233,0.0008684463460295366
1979,0.0011911927411953607,0.0008519239002732398
1980,0.0012247732762868206,0.0008431971027317831
1981,0.0011775082908570766,0.0008955891134114716
1982,0.001308614450196425,0.0009508707774179716
1983,0.0011875958492358525,0.0010152609109526545
1984,0.0008778325282037258,0.0011493483733378469
1985,0.001311606370533506,0.0011116441391503776
1986,0.0020620595663785935,0.0010139650021731032
1987,0.0009684169199317694,0.0009825752322070711
1988,0.0013771567571287354,0.0009608771500735008
1989,0.0014623940844709674,0.001022791418001261
1990,0.0009044330761147042,0.0010629717290848786
1991,0.0008910895092412829,0.001049468212203658
1992,0.0009199735553314289,0.0010614377308057576
1993,0.0012178273793930809,0.0010322694828015144
1994,0.0014618301298469304,0.0010508966822851832
1995,0.0011418922571465374,0.0010879739878816516
1996,0.001411152231351783,0.0011031714801522574
1997,0.001389793426884959,0.0011095023525174795
1998,0.0020061412826180456,0.0011121563972743946
1999,0.0008947180351242423,0.0011166869832283457
2000,0.0011336564163987835,0.0010359816406266837
2001,0.0011627967585809528,0.0010012688374652814
2002,0.0016471317658821741,0.0010114894894787704
2003,0.0008275674888864159,0.0009830616465879706
2004,0.0014739330392330885,0.0010246130340827967
2005,0.002396337385289371,0.0011210973144464898
2006,0.0011466930775592724,0.0012196744984661148
2007,0.0008798664047693212,0.001295565746680606
2008,0.0013260989915579557,0.0012660893074449475
2009,0.0012287386305009325,0.0012013331742216577
2010,0.001051607836658756,0.0010875181096063296
2011,0.0016141832495729128,0.0010660483234187985
2012,0.0017110770645861824,0.0010781787784117471
2013,0.0014368793151030939,0.0010834367460879227
2014,0.0012099097793300947,0.0010644722799587204
2015,0.0010399522104611,0.0010307512963814
2016,0.0013203035962457458,0.001029292937353488
2017,0.0017426294973120094,0.0010201753154727006
2018,0.0011581538865963617,0.0010232430741586905
2019,0.0011338175584872563,0.0010070213580533392
2020,0.0018301815881083408,0.0010304865683978936
2021,0.0008604934012206892,0.0010348570195767353
2022,0.0009391504960755507,0.0010137243744528551
2023,0.001473531670247515,0.0010386446351552104
2024,0.0009373445413075387,0.0011033430360037628
2025,0.0018431145775442321,0.001183226905345154
2026,0.0011807806867485246,0.0012815480659473834
2027,0.0013802265282720327,0.0012420965629028463
2028,0.00129507581392924,0.0010963617970682973
2029,0.0011388522223569452,0.000996206624902726
2030,0.001200829066025714,0.0009376132181537609
2031,0.001494873206441601,0.0010283270105536236
2032,0.0012253773825553556,0.0011416504395150352
2033,0.0018913860743244488,0.0012532009277492762
2034,0.0012342050982018312,0.0012118354504817995
2035,0.0014165156288072466,0.001205362534924139
2036,0.0014147896009186903,0.0011651912712360051
2037,0.0010111150021354356,0.001141405510386144
2038,0.0009552951746930678,0.0011551830845180986
2039,0.001623334704587857,0.0011387094268648643
2040,0.0017546321963891388,0.0010958748936513805
2041,0.002051659937327107,0.0011136591439978695
2042,0.0008897203020751477,0.0011507942919678047
2043,0.0013376683772852024,0.0011853540057727085
2044,0.0011298605628932517,0.0012111441753841349
2045,0.0013653468495855728,0.0012700640977778303
2046,0.001072121737524867,0.0013841081540811602
2047,0.001049048030593743,0.0013928203431038757
2048,0.0019092965250213942,0.0013812936431779636
2049,0.0017933705355972051,0.0012645377180773736
2050,0.001065348437987268,0.0010939316675580275
2051,0.0011649983702227474,0.0009731700805228526
2052,0.0009631021142316362,0.0008995313569536711
2053,0.001315500862741222,0.0008948313184155841
2054,0.001163471428056558,0.0009264112922260318
2055,0.0009615245352809627,0.0009451614826638985
2056,0.0010998096860324344,0.0009623393269739751
2057,0.0010918566297429303,0.0009977945619754082
2058,0.0008504528591098885,0.0010180006969690793
2059,0.001301617152057588,0.0010845697123747994
2060,0.0010145942370096842,0.0011669174657115257
2061,0.0012790039996616541,0.0011096817531116951
2062,0.0010553889675065874,0.0010110373218272497
2063,0.001269874085361759,0.0009710581603782676
2064,0.0007785659787865976,0.0009577144349844554
2065,0.0016824191280951104,0.0010274016499101353
2066,0.0011373935810600718,0.0011108459200798058
2067,0.001118857436813414,0.001195585076499173
2068,0.0009908900363370776,0.0012283838123970437
2069,0.0014290224760770797,0.0012003675237936004
2070,0.001403291601066788,0.001125752420336976
2071,0.001097972854040563,0.0010677677804721505
2072,0.0011940079314323763,0.0010894739035128315
2073,0.0005968146064939599,0.0011258935908728287
2074,0.0016872970542560022,0.0011107360304325937
2075,0.0011823973463227352,0.0010199800209787593
2076,0.0019764041683326167,0.0010631931776100198
2077,0.0010969885004063447,0.0010918547792587517
2078,0.0007229308520133297,0.001148451664155041
2079,0.0007548948478264113,0.0012215748021386446
2080,0.0019082160200923682,0.0013012840567472002
2081,0.0012436144674817721,0.0013006796091464972
2082,0.0008582676528021693,0.0011965935214745306
2083,0.0011709755441794794,0.001098354432757533
2084,0.0007293850649148226,0.0009884033874630576
2085,0.0013915394432842732,0.0008900442658410239
2086,0.0013854969060048462,0.0008932153199795693
2087,0.001248917841197302,0.0009729741805775721
2088,0.0014709469862282277,0.001071002204649473
2089,0.0020594281144440175,0.0011502810873963878
2090,0.0013002294193332393,0.0012063062942300842
2091,0.00196291192745169,0.0011257452626279958
2092,0.0010062091207752625,0.0010513073978322288
2093,0.001147120267463227,0.001020966976327367
2094,0.0009476150929306945,0.0010571195473564482
2095,0.0009846849367022513,0.0010392208249990161
2096,0.0007805022100607554,0.0010043009304382846
2097,0.0010938414993385474,0.00098532442540649
2098,0.0010423894350727399,0.0010326682882361466
2099,0.0009240118088200688,0.0010917183739595174
2100,0.0013911628164350986,0.0011204014684432957
2101,0.001380720199085772,0.0011392400341519104
2102,0.0008573629272480806,0.0010443814460914143
2103,0.0011949315356711546,0.0009654403048178811
2104,0.0014356811375667651,0.0008741605684975176
2105,0.0008128409623168409,0.0008001011518090523
2106,0.0013846040858576695,0.0007963069250777834
2107,0.0010285517239632706,0.0007821571179958955
2108,0.0012912756220127145,0.0007966101879077986
2109,0.0007931305871655543,0.0008691960169317744
2110,0.001311135726670424,0.0009974999092959278
2111,0.0008949842963678141,0.001082960769211448
2112,0.0009949218481779098,0.001262107520276226
2113,0.0012050129473209382,0.0013748502375294021
2114,0.0008905835915356874,0.0013748838843073783
2115,0.0011897885473445059,0.0012458015896020618
2116,0.0007373489943953852,0.0011145025615463048
2117,0.0006291906426971158,0.0010267842792920534
2118,0.0008204545903330048,0.000974078810275129
2119,0.001978362468071282,0.0009646288203588856
2120,0.0010993225499987603,0.0009212223292735412
2121,0.0012296884475896757,0.0009086197462138229
2122,0.00133144857827574,0.0009070558528008864
2123,0.0009811409826700887,0.0009363945623984428
2124,0.0009729686348388593,0.0009209051577916999
2125,0.0011951083783060313,0.0008983244227087785
2126,0.0011448969754079977,0.0008842678182377062
2127,0.001338192711894711,0.0009231012805885686
2128,0.0010154540728156765,0.0009573314230757083
2129,0.0008767721825279296,0.0009775960178107141
2130,0.0007525906898081302,0.0010079831919838182
2131,0.0015742625265071789,0.0011211984949443107
2132,0.0017751370401432117,0.0012174381399673857
2133,0.0009797316044569016,0.0012246000160661152
2134,0.001086739543825388,0.0012346058836441459
2135,0.0011777831086268028,0.0012283676577086642
2136,0.0013732170686125756,0.0011985643169160668
2137,0.0011506873221757512,0.0011754959191958324
2138,0.0009791533074652156,0.0011286843768834305
2139,0.0012231323557595412,0.001130356538149814
2140,0.0011610626592300833,0.001135949165043311
2141,0.001354253711178899,0.0011348210574919724
2142,0.0008955547818914056,0.001146951746690549
2143,0.0015730012518664202,0.001154761991507601
2144,0.0014028866464893023,0.0011856624390013282
2145,0.0008291684867193301,0.0012439972909871401
2146,0.000989579133844624,0.001236297184231097
2147,0.0010681842104531825,0.001211458498128052
2148,0.000997238396666944,0.001186549779042367
2149,0.0013871929375454783,0.0012445316432725903
2150,0.000921966143262883,0.0012443226273538266
2151,0.0011718480149284006,0.0012336085783317685
2152,0.0010772474847423534,0.0011795442711789248
2153,0.0010810774906227986,0.0010738938503282688
2154,0.0015399098163470625,0.001029513721761301
2155,0.0020561981170127788,0.0011292814284445732
2156,0.0014454683987423778,0.0011246896726555945
2157,0.0007250388114092251,0.0010447035819534066
2158,0.001219927224641045,0.0010717986293657734
2159,0.0011250342475250363,0.001106323594113768
2160,0.0007035695093994339,0.0011681381459017909
2161,0.0010707045051579673,0.001185052136718259
2162,0.001036814305310448,0.0012297683164448016
2163,0.0012728141387924551,0.0013171587135701432
2164,0.0009953966441874702,0.0013928591387390387
2165,0.0009606817931247254,0.0014536281484802524
2166,0.0020539664624569316,0.0013355989812132646
2167,0.0015254248942558964,0.0011635992321273768
2168,0.0011361672620599469,0.0010740716321078517
2169,0.0006923944611723225,0.00101880745514934
2170,0.0012742340719948213,0.0009407178209141249
2171,0.001282705646008253,0.0009114589596233206
2172,0.0007751944552486142,0.0009096932256462302
2173,0.0014934284457316,0.0009007590706460178
2174,0.0008145440990726153,0.0009047040618648093
2175,0.0009509445168077946,0.0009571306327702551
2176,0.0008755638690975805,0.000989846848538072
2177,0.0011437161127105355,0.0010330810891757683
2178,0.001051640681301554,0.0010355685665235511
2179,0.0017731508084883293,0.0009824825628609287
2180,0.0014314508220801751,0.000980718379865921
2181,0.0012493057797352473,0.0010258372181909173
2182,0.001527830979709203,0.0010030825895543292
2183,0.0009342858606639008,0.0009868453063371437
2184,0.0011815385737766822,0.0009634240491931715
2185,0.0018521900405175985,0.0009393182248115451
2186,0.0008255318428079287,0.0009251550819878797
2187,0.001323696505278349,0.0008840273005161875
2188,0.0014956149350230893,0.0008403343860312974
2189,0.0011870849295519293,0.0008450806529103507
2190,0.001368172839283943,0.0008978144470583941
2191,0.001293332672988375,0.000926320657856381
2192,0.0008695920618871848,0.0009960505976634995
2193,0.0013111411516244212,0.0009961292490465786
2194,0.0013208536431193352,0.0009641812135296778
2195,0.0010333212985036274,0.0009438439123845828
2196,0.0005925481479304532,0.0009200212529193112
2197,0.0010671374155208468,0.0009967367376538185
2198,0.0008116579925020535,0.0010745534622917084
2199,0.001781119251002868,0.0011399965215379035
2200,0.001173566832828025,0.0011209074456398705
2201,0.000991758785676211,0.0010548291781066557
2202,0.0008418570350234707,0.0010292709596073767
2203,0.0007446824883421262,0.0009857817914146255
2204,0.0011124794953502714,0.0009340149727209992
2205,0.0010011513368226588,0.0008812880576184885
2206,0.0014774210751056672,0.0008518543971178129
2207,0.0007692633022088558,0.0008664718656305693
2208,0.0007200674115059277,0.000893627873880378
2209,0.0007575015226999918,0.0009099766731218207
2210,0.0009845341245333353,0.0008941325663834605
2211,0.0011665862596904237,0.0008815908958075759
2212,0.0011422500712797046,0.0009334793077840463
2213,0.001146727423959722,0.0009682816357029177
2214,0.0008672066653768221,0.0010022970716703655
2215,0.0008224789674083392,0.0010079190100169206
2216,0.000782680631770442,0.0009898493161762324
2217,0.0007796226108136276,0.0009575971680891326
2218,0.0012448971314976613,0.0009113478118656423
2219,0.0008385147433727979,0.0008752134254598242
2220,0.0008882796702285608,0.000928464551652437
2221,0.0015378574879529574,0.000985583828993171
2222,0.0012781432111902784,0.0010361398692154801
2223,0.0012909251498058438,0.001090428209405275
2224,0.0011714332737028598,0.0011042238526618269
2225,0.0010388000286184252,0.001155189744482829
2226,0.0007427908208531638,0.0011209493313226702
2227,0.0008658751224478086,0.0010827928836508764
2228,0.0009177277407919367,0.0009889685096013852
2229,0.0006985726649872959,0.0009325337912484006
2230,0.0014362088249375423,0.0009123489112175239
2231,0.0009029905389373502,0.0009111622527175708
2232,0.0007225982573193808,0.0009387095310307277
2233,0.0011386206412377458,0.0009160446851902942
2234,0.0008873717238505681,0.0009045708618827135
2235,0.0007989188675613453,0.0008828371034946117
2236,0.0009049400376776854,0.0008840834154512763
2237,0.0011476898100227118,0.0008660563179310117
2238,0.0010515449723849694,0.000896297588414608
2239,0.0010510468894305328,0.000940326246520959
2240,0.0006044570667048296,0.000987863934903193
2241,0.0007309950888156891,0.0010137061096221853
2242,0.001613530113051335,0.001070118819979408
2243,0.0012391682791834076,0.0010896911083786624
2244,0.0017475949910779793,0.001140759055187383
2245,0.0008564270528343816,0.0010895588165735753
2246,0.0007229834659180294,0.0010261434216536289
2247,0.0008137846093935271,0.0009619875542460171
2248,0.0009643796598538757,0.0009583000941147046
2249,0.0007777809941520293,0.0009469231838125765
2250,0.0006287659013954302,0.0008941344129871283
2251,0.0009646846369529764,0.0008559121093052755
2252,0.0017143623903393746,0.0008517329048963015
2253,0.0010070782504044474,0.0008326065201792631
2254,0.0012972080187561611,0.0008402596407489279
2255,0.0015671007024745146,0.0008594547276931456
2256,0.0008333205167825023,0.0009062140627753165
2257,0.0010413246151680748,0.0009563707262570933
2258,0.0009289131499826908,0.001012128665969949
2259,0.0010921423556283117,0.0010515925663296046
2260,0.0011407898894200722,0.0010802323781467212
2261,0.0008745700043315689,0.0010564010755312958
2262,0.0008795281096051137,0.0010441473839203203
2263,0.0014935218108197053,0.000990918475408547
2264,0.0009920747950673103,0.0009828929154121677
2265,0.0009206079916718106,0.0010871105276480846
2266,0.0007261922971035043,0.0011185626132692408
2267,0.0008795979782007634,0.0011223167562343943
2268,0.0009400395715298752,0.001181583834159386
2269,0.0009750368384023508,0.0011744846518364127
2270,0.001027110832122465,0.0011267301797918154
2271,0.0008446374442428351,0.0010892325337594887
2272,0.0008658360922709108,0.0010015679125520071
2273,0.0009226617868989706,0.000972098753857243
2274,0.0009765381226316094,0.0009814718367869226
2275,0.0008191819768399,0.0010178771793959648
2276,0.0006436336746749779,0.0010168059416459947
2277,0.000980407108242313,0.0009655527010611368
2278,0.0007347924052737653,0.0009328950946787592
2279,0.0011234736846139034,0.000882936536387621
2280,0.0010746427423631152,0.0008399929456214795
2281,0.0007804528577253222,0.000828063175518535
2282,0.000982671663708364,0.0008968929709741978
2283,0.0007872403444101413,0.0009599547923953222
2284,0.0009827409405261279,0.0009604631281479841
2285,0.0008451719554917266,0.000979268679112988
2286,0.000983292500798901,0.0010245834962156872
2287,0.0008491823410925766,0.0011177760412307881
2288,0.001522874739021063,0.0012147698911662236
2289,0.000804610891888539,0.0011858830574943912
2290,0.0007451946303869288,0.0011063772304108234
2291,0.0008824823268999656,0.0009833525359359255
2292,0.001456779163951675,0.0009090972616975232
2293,0.0006500297885698576,0.0009273406989894456
2294,0.001123205649976929,0.0009389728125309439
2295,0.0009666854670892159,0.0009639634403370791
2296,0.0008040027188447614,0.0009344628976298658
2297,0.00070415116691341,0.0008787383095317292
2298,0.0008607131700652341,0.0008609368865502866
2299,0.0013526110754658778,0.0008679909831440941
2300,0.0011877798475325107,0.0009394022897362533
2301,0.0009225521857539813,0.0010679396635698757
2302,0.0009920942597091199,0.0011722454187042249
2303,0.0007856385394309958,0.001181546790253987
2304,0.0013955813987801473,0.0011887921948044553
2305,0.0009766884497366846,0.001071040942993631
2306,0.0009968679087857405,0.0010169054753711726
2307,0.0009166247754668196,0.0009630712543936871
2308,0.0009310387579413752,0.0008973125528771519
2309,0.000710458925459534,0.000850917311984767
2310,0.0008653625690688689,0.0007964024021414908
2311,0.0005285191543710729,0.0007752429270671358
2312,0.0013254075078293682,0.0007819576856018389
2313,0.0009714200316617886,0.0008524501341941408
2314,0.0008458664019902547,0.0009438734117521369
2315,0.000877656158991158,0.001045672860506218
2316,0.00102378378311793,0.001089018858477884
2317,0.0005985844453486304,0.0010758996510320878
2318,0.001185145485214889,0.001124878094520596
2319,0.0009118098726806542,0.0011728982304545544
2320,0.0009064910778154929,0.001223072104383348
2321,0.0006687056661273043,0.0011779455821887832
2322,0.0010930093238130211,0.001057378963776314
2323,0.0009765397408045828,0.0009424943191835319
2324,0.0007821740737805764,0.00090347961100977
2325,0.001172810591136416,0.0009044080768257204
2326,0.0007918007827053468,0.0009147053241627071
2327,0.000668862764723599,0.0009386345068557466
2328,0.0008320303323368232,0.0009472281305398059
2329,0.0009706800493101279,0.0008939478462048637
2330,0.0006609829841181635,0.00088342763511024
2331,0.0007226750235228489,0.000931891924829963
2332,0.0010003159443537394,0.0009938284331258004
2333,0.0009519136743620038,0.001028411529452254
2334,0.001031026275207599,0.000992520578025921
2335,0.0016738062724471093,0.0009626919783167835
2336,0.0008975585340522229,0.0009585520995993489
2337,0.0009842504591991504,0.0009836983691908301
2338,0.0005882562409775953,0.0010009339687920462
2339,0.0006875327710683147,0.0009918446477509917
2340,0.0009637202679490049,0.0010022767315303364
2341,0.0009119476424530148,0.0010431924725765377
2342,0.0007942602271214128,0.001009490436738665
2343,0.0008544995139042537,0.0009540140974394039
2344,0.0010368244489654898,0.0009090510232733401
2345,0.0006789994464876751,0.000905461431990605
2346,0.000648020685184747,0.0009260454983267141
2347,0.0007689867013444503,0.0009780929746531595
2348,0.0008067368064075709,0.0010274524578648642
2349,0.0006667684414424002,0.0010831410740868841
2350,0.0010634866698334615,0.001069119100194923
2351,0.0007788810490941008,0.0009512470505295659
2352,0.0009121143569548925,0.0008819419070234977
2353,0.001213269323731462,0.0008749827216874338
2354,0.0010642499973376593,0.0009409440901335769
2355,0.0010969799167166153,0.0010611843386496322
2356,0.00100043552617232,0.001179833708085325
2357,0.0009978710130477944,0.0011580504791437113
2358,0.0008314361291316648,0.0010929256104717515
2359,0.0013626932515762747,0.001049070960501077
2360,0.0013248511434843142,0.000965285917934705
2361,0.0012083313738306364,0.0010329058923663234
2362,0.0009862098144367338,0.0011021810415105557
2363,0.0007207966332013409,0.0010787881250808558
2364,0.000606480916030705,0.001010020157160956
2365,0.0010323190363124013,0.0009561092015282493
2366,0.0006083161259690921,0.000937568700063871
2367,0.0006472324680847426,0.0009512991330945703
2368,0.0007468278442199031,0.0010233964513451975
2369,0.000654457633694013,0.0010508936664866885
2370,0.0009563861531205475,0.001032326352144555
2371,0.0006222256924957037,0.0009906168533929103
2372,0.0006807117800538739,0.0009724330578703345
2373,0.0008399452199228108,0.001000850249217515
2374,0.0009098809290056428,0.0011064895441550322
2375,0.0006650753804327299,0.0011171956031443917
2376,0.001278884724403421,0.0011056438908824242
2377,0.0008076710704093178,0.0011101043796878103
2378,0.001000035833567381,0.0010483846944705473
2379,0.0008302572454946737,0.0010131022358481868
2380,0.0008692941317955653,0.001019283249611255
2381,0.0010498074620651702,0.0010224968423208911
2382,0.0006900300116588672,0.0010211016587715039
2383,0.0010969044291414321,0.001049973799363072
2384,0.0006943315752626707,0.0010563517621843012
2385,0.0012743312244613966,0.0010495370310753232
2386,0.0006825264465684692,0.001019159262710229
2387,0.0010392240597866475,0.0010109608800436451
2388,0.0007330047742774089,0.0009563859766642526
2389,0.0010657097678631543,0.0009230943039191638
2390,0.0007074285919467608,0.0009204555540272277
2391,0.000625514747419705,0.0008731923257660737
2392,0.0009132642143716414,0.0008551889863671867
2393,0.0007583088299725205,0.0008969303162302822
2394,0.0008829539486517509,0.0009178084607316754
2395,0.0006007300418180724,0.0009209126134139053
2396,0.0009119550852725903,0.0009189183703682378
2397,0.0007575752252402405,0.0008902937576255402
2398,0.0006520880347428222,0.000895487142297784
2399,0.0007282843270028631,0.0009390044224991162
2400,0.000790724903345108,0.0009858712341313757
2401,0.0006853154588801166,0.000967559059550179
2402,0.0009384254148850839,0.0009690593647601919
2403,0.0010979077933977047,0.0010083132156713565
2404,0.0007748426132214566,0.001078588620385551
2405,0.0006300592251742879,0.0011219749113500822
2406,0.0012213071924634278,0.0012049490739921415
2407,0.0012160882470197976,0.0012179787617220771
2408,0.0006769916003880401,0.0011191971138977688
2409,0.0007356559314454595,0.0010426354257199238
2410,0.0006619808652127782,0.000934954568116713
2411,0.0012025846246009073,0.0008681833734424184
2412,0.0007227349871148666,0.0008134938396997456
2413,0.0008801763566831747,0.0008252405270010116
2414,0.000657154821480314,0.0008755553968426749
2415,0.0009559654359084864,0.0009060205399484088
2416,0.0006458050028110544,0.0009513870032878197
2417,0.000637130249136438,0.0009464339314644613
2418,0.0007219689354921381,0.0009204532486371931
2419,0.0008064330167447527,0.0009507135337761302
2420,0.0006937074261562278,0.0009521467924690036
2421,0.0009441699677457412,0.0009505310523008385
2422,0.0010138916472593944,0.0008954671465912761
2423,0.0009219745174050331,0.000861147321223494
2424,0.0013797309249639512,0.0008643952850985715
2425,0.001298212291051944,0.0008596623585445763
2426,0.001089902330810825,0.000897763790581082
2427,0.0007110376221438249,0.0009602412396279259
2428,0.0009440058376640082,0.001019120228744486
2429,0.0007834712431455652,0.0010398756437678272
2430,0.0006167141681847472,0.0009907369532138402
2431,0.0006687066440160075,0.0009883318140398798
2432,0.001158080102565388,0.0010479785402041427
2433,0.000943429636148115,0.0011050836609375818
2434,0.0009272216081929704,0.0011179732941604388
2435,0.0012691519882840415,0.001188846529593442
2436,0.0010223763529211283,0.0012332301918695878
2437,0.000988642875260363,0.00118332214911989
2438,0.0005687629260743657,0.0011278045694637076
2439,0.0007011800228307644,0.0010440337863992753
2440,0.0006545867460469404,0.0009583365809223724
2441,0.001044561853632331,0.0009770814918795615
2442,0.0008275617612525821,0.0009700452091216337
2443,0.0009854281515193483,0.000941660322567932
2444,0.0007208271378961702,0.0008986195946739268
2445,0.0011437383092318973,0.0008665591578721619
2446,0.000741338764782995,0.0008329485852901977
2447,0.0009425830872108539,0.0008090713277264813
2448,0.0011281003477051853,0.0008216643717193125
2449,0.0008141203317791224,0.0008637668635039846
2450,0.0008942685555666686,0.0009308918026334599
2451,0.0008234679543723662,0.0010663269566166707
2452,0.0006740364478901029,0.0011324693717421803
2453,0.0011377237116297087,0.0010808416867746026
2454,0.0005249090182284515,0.0009844041549541996
2455,0.0006042334367521107,0.0008914213633076765
2456,0.001061274646781385,0.0008493727260987883
2457,0.0007334096202005943,0.0008262745810555308
2458,0.0006383264282097419,0.0008305779726548839
2459,0.0007387774414382875,0.000853520142479147
2460,0.0013694253478509684,0.0008524856844084616
2461,0.0007293140961943816,0.000853390397832135
2462,0.0010568179811040561,0.0009337231057593379
2463,0.0006692225346341729,0.001042365976957619
2464,0.0006255485660706957,0.0010907138967299907
2465,0.0007571222260594368,0.001107105385790777
2466,0.0008776787280415495,0.0010113953136083648
2467,0.0007757614909981688,0.000993757739692457
2468,0.0012104988447390497,0.0009522175402142196
2469,0.0010166731973489127,0.0008991368355112165
2470,0.0009171544768226644,0.0009062886467262164
2471,0.0008015910473962625,0.0009023958205714763
2472,0.0007506145513616503,0.0008936275977377347
2473,0.0006835690699517726,0.0008900379670387882
2474,0.0012863168803354105,0.0009591412165854859
2475,0.0010443068575114011,0.0011266292518327438
2476,0.0005652542070796093,0.001271847806005614
2477,0.0011176316378017266,0.0012785280517515118
2478,0.0007555103647367407,0.0012566523088369606
2479,0.000625426407592992,0.001176341165473142
2480,0.0005745607505862911,0.0010710528434811557
2481,0.0007686288173620899,0.000956766965971365
2482,0.0007823955500498414,0.0008616629088715481
2483,0.0007399137519920866,0.0007855611886301144
2484,0.000737559306435287,0.000763358962726706
2485,0.0007142091984860599,0.0007984653029565179
2486,0.0005554572523881992,0.0008399377372592512
2487,0.0009500521429193517,0.0009179797425030137
2488,0.0008223863240952293,0.0010167589258974579
2489,0.0008876345818862319,0.0010947820631508518
2490,0.00046830677116910615,0.0011586156168651922
2491,0.0007312589945892493,0.0011726203314982003
2492,0.0005293929018080235,0.0011903424339376272
2493,0.0007663494596878688,0.001164393014124206
2494,0.0006873086638127764,0.0011265796712805025
2495,0.0007101355896641811,0.001063424659852584
2496,0.0009216493577696383,0.000966762745749264
2497,0.000832342030480504,0.000933443197034534
2498,0.0008942041119250158,0.0009592980766067589
2499,0.0009100397815927863,0.0009760998673443719
2500,0.0008479573957932492,0.0009440353642562477
2501,0.0007130550065388282,0.0009773619102651445
2502,0.00065239694279929,0.001000736152577236
2503,0.0014297622450006504,0.0010168760282530148
2504,0.0008480311526606481,0.0010488078050410713
2505,0.0008012174706285199,0.0010630949162034773
2506,0.0008970999935021003,0.001061085726163812
2507,0.0009091940398017565,0.0010715379369606478
2508,0.0008053250610828399,0.0010737149534365675
2509,0.0006940666120499372,0.00105594370493988
2510,0.0008625367501129707,0.0010086005621435723
2511,0.0005962765814426044,0.0010068462607010788
2512,0.00084811772685498,0.0010026933205511978
2513,0.0006627080302375059,0.0009779191597027513
2514,0.0007452256667117278,0.0009977325698998793
2515,0.0006831376114860177,0.0009765257017584298
2516,0.0006764247780665755,0.0009339509475022906
2517,0.0007341579689333837,0.0008917346275429879
2518,0.0010237163476025065,0.0009057720012570489
2519,0.0008933639289656033,0.0008577147054606975
2520,0.0006850382507157822,0.0008738032584793601
2521,0.0007403039373457432,0.0009404320749234203
2522,0.0008968833057830731,0.000993651890206906
2523,0.0006394856104937692,0.00099588129311932
2524,0.0006855364500855406,0.001002395333993564
2525,0.0010701863754851123,0.0010045508704676228
2526,0.0005725799671684702,0.000939974866121802
2527,0.0008250976097770035,0.0009060634669525124
2528,0.000818289633995543,0.0008725373743112954
2529,0.0004604205877209703,0.000849405288701789
2530,0.0005694172461517156,0.0008535911913458845
2531,0.0008359669397274653,0.0009168811826728373
2532,0.0005769984563812613,0.0009808065782220463
2533,0.0010167888676126799,0.0009878959115337963
2534,0.0008180626900866628,0.0009871685884775608
2535,0.0008387572830542922,0.0010530778305883717
2536,0.0012520860376146932,0.0011127060737578184
2537,0.0005285043191785614,0.0011034888617775043
2538,0.0006756272943069537,0.0010107588637106883
2539,0.0006623765919357538,0.0009807692859028503
2540,0.0009318712788323561,0.0009714721204294992
2541,0.0007462542659292618,0.0009429236469739007
2542,0.0006385633954778313,0.0008672472031321377
2543,0.0006658687333886822,0.00085851885529609
2544,0.0008485455919678013,0.000868951322008511
2545,0.0005605110956821591,0.0008916598581983964
2546,0.000767092996587356,0.0008751789981491981
2547,0.0008570053459455569,0.0009080158529608826
2548,0.0011506757621342937,0.0009845702777851345
2549,0.0010143941656375925,0.0010700785375280877
2550,0.0010265195975080132,0.0011901060608765623
2551,0.0007681952905841172,0.001218966834474443
2552,0.000671631113315622,0.001220631854989984
2553,0.0006016839412041009,0.0011427789824780105
2554,0.0006385066895745695,0.0010015348648087774
2555,0.0007517333220069607,0.0009083651041971358
2556,0.0005267406348139047,0.0008410325000707911
2557,0.0009289614972658455,0.0008111730397598245
2558,0.00046011942904442547,0.0008368577884224163
2559,0.0008883354952558875,0.0008805484344126789
2560,0.0007771413773298263,0.000956218695638364
2561,0.000705999112688005,0.0009689412307082199
2562,0.0008283124887384474,0.0009517586541611437
2563,0.0007495944388210774,0.000979314218586912
2564,0.0008081407286226749,0.0010320420223874898
2565,0.001113899719590942,0.0010419049754914805
2566,0.0006321287791555126,0.0010963600540467662
2567,0.00048233767738565804,0.001116433385741259
2568,0.0008766531672639151,0.0010622118564879918
2569,0.000720891379751265,0.000960499804245132
2570,0.0007261840665402512,0.0009125851224887911
2571,0.0010791295363257328,0.0009293275281207592
2572,0.0007191841723397374,0.0009897279642031007
2573,0.0006267077988013625,0.001006463416998722
2574,0.0007790071579317252,0.0010211461285077857
2575,0.0007457682086775701,0.001016503776053304
2576,0.0007840056088753045,0.0010364604687618868
2577,0.000736023928038776,0.0010055671358943045
2578,0.0009564615320414305,0.0010341625132663983
2579,0.0008775048733999332,0.0010695650020438269
2580,0.0004895377516125639,0.0010271657163856596
2581,0.0007751214162756999,0.0009659507305463996
2582,0.0005826893573005994,0.0009041915328689213
2583,0.001118121660935382,0.0008981734391404535
2584,0.0007078344856078426,0.0009564882896906571
2585,0.0008493230522920688,0.0010176320211030543
2586,0.0011302402631069223,0.001051089470641409
2587,0.0007905065508869787,0.0010376119964176744
2588,0.000526621596266826,0.0009908276806240828
2589,0.000789768163425227,0.0009793797943293756
2590,0.000832361332140863,0.000981263012449279
2591,0.00044221160545324285,0.0009489886235357739
2592,0.0004283002732942502,0.0009103885397597355
2593,0.0007699209575851759,0.0009018531342781347
2594,0.0008986700481424729,0.0009597445215743886
2595,0.0008664925660317143,0.0010060658265917202
2596,0.0008155177036921183,0.0009705186083612186
2597,0.0007754591875709594,0.0009521443539346737
2598,0.0008063709343938777,0.0009375882940458529
2599,0.0008687270805239677,0.0009202790649618778
2600,0.0008360904719059666,0.0009615449363175104
2601,0.0006810281192883849,0.0009976019624503344
2602,0.0006237007580542316,0.0010339839376626522
2603,0.0007053877032982806,0.001014155490180903
2604,0.0006867840032403668,0.0010045603830660657
2605,0.000765833902793626,0.000947302232100445
2606,0.0011149402552594742,0.0009053126486260298
2607,0.0011320568174899867,0.0008924407570523863
2608,0.0006753940600901842,0.000905202632251115
2609,0.0008603346922124426,0.0008662414171468965
2610,0.0006877848800892632,0.0007707275334272651
2611,0.0011137373629026115,0.0007682172212599388
2612,0.0012452162491778532,0.0008341309767561107
2613,0.0006705670695131024,0.0009332054659474905
2614,0.0005483769423638781,0.0009848016931118047
2615,0.00047540394977356,0.001075946553573599
2616,0.0008517862142374118,0.0011838700674569572
2617,0.000788554985774681,0.0013023425351029012
2618,0.0005923927082524945,0.001425343700391277
2619,0.000866726110689342,0.0013965063913556652
2620,0.0006348030098403493,0.0012088835997484976
2621,0.0008792808667446177,0.000974930080357851
2622,0.0009437950716043512,0.0008922615785181053
2623,0.0005913528070474665,0.0008510122926792086
2624,0.0007121241341034571,0.0008687628934977532
2625,0.0005844793321254353,0.0008874617908406621
2626,0.0005824966977039973,0.0009194608430807134
2627,0.0008893199691859384,0.0009219337075556386
2628,0.0006395397086938222,0.0009622808307955614
2629,0.0007595075410790741,0.0010332102001842669
2630,0.000725750190516313,0.0011068583547695005
2631,0.0005996567818025748,0.0010676098543798596
2632,0.0007798190577886999,0.000993394393264866
2633,0.0009383374631094436,0.0009087148419486021
2634,0.0005610857275314629,0.0008424117585541461
2635,0.0008897274422148863,0.0008159731482668949
2636,0.0006026467386012276,0.0008264591227153565
2637,0.000890947711498787,0.0008986783025998944
2638,0.0009364770026877523,0.0009951789159415745
2639,0.0013196403393521904,0.0011497681399470004
2640,0.0007818560581654311,0.0012101513406034472
2641,0.0006974036087437223,0.0011487930154200556
2642,0.000618351324616621,0.0010786821591799829
2643,0.0009808718032824496,0.0009784428233200113
2644,0.0009070085381002476,0.0009394195244746561
2645,0.0006742165385124584,0.0009231678641943891
2646,0.0007969140928859512,0.0009122750204877825
2647,0.0008193065489952763,0.0009153671255591876
2648,0.0006618184735998512,0.0009049274649298713
2649,0.0007892416440881788,0.0009178862367082006
2650,0.0006251063663512468,0.0009584339919012392
2651,0.000984489747012655,0.0009755294494547214
2652,0.0007568740208322803,0.0008913399683729577
2653,0.0006694914967132112,0.0007900989061683475
2654,0.0008918809432846805,0.0007429214991449459
2655,0.0007868019475912054,0.0007316506658882401
2656,0.0008724559661156188,0.0007444615985723359
2657,0.0010278551140800118,0.0007806317189820184
2658,0.0008142763360713919,0.0008219791338852365
2659,0.0006647969596087933,0.0008845891886918739
2660,0.0009410660170639555,0.000938480398406854
2661,0.0005449867884938915,0.0009251127498935703
2662,0.0005637700281416377,0.0009186861520508436
2663,0.0008002554221699635,0.0009678474271772649
2664,0.0006417447157825033,0.0010309986477739757
2665,0.000637063339430218,0.0009624705421664994
2666,0.0004539909384523829,0.0008988550105168829
2667,0.000624182684502254,0.0008438969666677285
2668,0.0006059029469421755,0.0008609881821660487
2669,0.0006968861756225427,0.000873271652953846
2670,0.0005276039514380197,0.0008870926584799107
2671,0.000611673000579079,0.0009091949614230543
2672,0.0007391759388459226,0.0009232013436826313
2673,0.0010000443551689386,0.000938323716904352
2674,0.000525778456358239,0.0009574051455990594
2675,0.0008674805440629523,0.0009360875206537486
2676,0.00043106537389879426,0.0009338031454180463
2677,0.0007971414520094792,0.0009650327751090325
2678,0.0006953031988814473,0.00102887366253032
2679,0.00092150770748655,0.0010470165128592314
2680,0.0007475782884284854,0.0010453563588708051
2681,0.0005943143507465721,0.0009862578063323272
2682,0.0007775382099983592,0.0009543701401805343
2683,0.0009169164889802536,0.0009697357011137633
2684,0.000567006579755495,0.0010386135971804304
2685,0.0009141383382181326,0.0010008661985749334
2686,0.0007357702590525151,0.0009158836800502394
2687,0.000539595113756756,0.0008140884724346642
2688,0.0006277212562660376,0.0007810101736204948
2689,0.000736079434864223,0.0007762445483400714
2690,0.0007630999384370322,0.0008151603497814123
2691,0.0005795877698498467,0.0009058946814648367
2692,0.0007368881759854655,0.0009535917861929794
2693,0.0006292011026137819,0.0009712098632924494
2694,0.0006582681555300951,0.0009437074213780052
2695,0.0006983096750142674,0.0009325478756690295
2696,0.000891467851276199,0.000925300479224905
2697,0.0007238767691887915,0.0009195420150388413
2698,0.0008993692463263869,0.0009304114228286817
2699,0.0005652725774173935,0.0009273684163775852
2700,0.0007781170502615471,0.0009517838878696417
2701,0.0005252172045099239,0.0009709072189761223
2702,0.0007276246168961127,0.0009682968198816754
2703,0.0005246648021663228,0.0009416849897829743
2704,0.0011346359931242963,0.0009359540784452844
2705,0.0008258995056773226,0.0009422693818653603
2706,0.0005862715110803644,0.0009334496067521551
2707,0.0006641521351411939,0.0009184684434824982
2708,0.0007147254383501907,0.0009289623589225583
2709,0.0006938073124426107,0.0009384746569315133
2710,0.0005274587892927229,0.0009370429542623314
2711,0.0006734994472935796,0.000955528419695824
2712,0.0008292899544661244,0.000935364967417412
2713,0.0006861350188652675,0.0008812480279350815
2714,0.0009465650150862833,0.000923237176685352
2715,0.0006900944281369448,0.0009659903571302966
2716,0.0007308307336643338,0.0010087714456278448
2717,0.000725773877153794,0.0009860980991772779
2718,0.0008530715170005957,0.0009621150963976393
2719,0.0007681932455549638,0.0008930905115255338
2720,0.0010050100507214665,0.0008753077434119218
2721,0.0006673174114742627,0.0008824043442022172
2722,0.0006003153199950854,0.0008968240363747028
2723,0.0006052023420731226,0.0008605823244378851
2724,0.0006880456814542413,0.0008084188088477685
2725,0.0008431699980671208,0.0008753908896180764
2726,0.0007172462064772844,0.0009745097614634107
2727,0.0008978640233787398,0.0010566653928528796
2728,0.00056099157469968,0.001036651115809516
2729,0.0008318852400407195,0.0009354811792415897
2730,0.0008254357730038464,0.0008653479245102663
2731,0.0007933555248503883,0.0008393715245293556
2732,0.0008845866269742449,0.0008594488434486208
2733,0.0007448298390954732,0.0008727297875260215
2734,0.0007260620477609336,0.0008430372381410525
2735,0.0009747650939971209,0.0007907789348125985
2736,0.0008376393855238954,0.0007871859370067158
2737,0.000607693544588983,0.0008176190122745667
2738,0.0006550109518381457,0.0008519361108196826
2739,0.0005939409680043657,0.0009168486989022591
2740,0.00047945467522367833,0.0009721767232482006
2741,0.00080256230236652,0.0009832091200510113
2742,0.0006192998960614204,0.0009802081017190312
2743,0.0007099289020212988,0.0009833068928798646
2744,0.0007359077377865711,0.00099247028935686
2745,0.0006327356134230892,0.0009699173869315799
2746,0.0008378577806676427,0.0009406238357081833
2747,0.000653146692396452,0.0009294575681601922
2748,0.0006001246472199758,0.0009002731104682046
2749,0.0008225458208471536,0.0009316515812730989
2750,0.0006027963594533503,0.0009724581022893526
2751,0.0008472367112214367,0.000998835645865385
2752,0.0008226991475870211,0.0010780201345777477
2753,0.0006539233804990848,0.0011115241690362826
2754,0.0007368134489903847,0.001096475946416301
2755,0.0007650554645806551,0.0010544255075198928
2756,0.0007864123986413081,0.0009891486714784731
2757,0.000873907651597013,0.0009628320167823804
2758,0.000597387117644151,0.0009343582491929401
2759,0.000862626537370185,0.0008870818978542183
2760,0.0007826533663319423,0.0008740913974007548
2761,0.0006304559375469883,0.0008895782676826078
2762,0.000562884386939307,0.0008777506215457519
2763,0.0006197836560507615,0.0009074761691745224
2764,0.0007255614347135027,0.0009507075525952254
2765,0.0006226700070934992,0.001037655040753756
2766,0.0008135014427049707,0.0011644198038563954
2767,0.0005071481883836289,0.0011540498876922184
2768,0.0007152358361054212,0.0011492176797226305
2769,0.0005003250145819039,0.001077706926945949
2770,0.0006929454005633792,0.0009921203696491622
2771,0.0007875251428534587,0.0009005036240344589
2772,0.0005941633212690552,0.0008611684932289132
2773,0.0009482375578954815,0.0008505209038349411
2774,0.00047844439977779986,0.0008267470480558851
2775,0.0006643389274055759,0.0008339558120296286
2776,0.0006562776630744338,0.0008836609568523873
2777,0.00047889047224695486,0.0009713730729903704
2778,0.0007256107560048501,0.001061291040167007
2779,0.0006206886377185583,0.001068433906652004
2780,0.0005793855370332797,0.0010222371307377681
2781,0.0006024648202583194,0.0009371746882821954
2782,0.0005569568291927377,0.0008445447510178018
2783,0.0007213616433242956,0.0007875688501457706
2784,0.0007879664422944188,0.0007809510527409643
2785,0.0004558210299971203,0.0008496794917008392
2786,0.00046858473991354306,0.0009053658660112579
2787,0.000755004167634373,0.0008982419067036771
2788,0.0007146773704638083,0.0009094367590256211
2789,0.0007947677940440674,0.0009516569637733797
2790,0.0008174022465633849,0.001005334405166163
2791,0.0006486353386814396,0.0010291764894903702
2792,0.0006851877512720724,0.0010250187061881045
2793,0.0007767576530265312,0.0009881346037347368
2794,0.0006656659262565275,0.0009283884174069463
2795,0.000580162601545453,0.0008344070829623415
2796,0.0006311685894615949,0.0007651306550828813
2797,0.0007213522447273135,0.000757521728106855
2798,0.0006070184831817945,0.0007952815829226234
2799,0.0006183036311995238,0.0008854653656952024
2800,0.0006229571804093818,0.0009357424044530604
2801,0.0007714992777133981,0.000899567037103991
2802,0.0005674757451439897,0.000799071302914288
2803,0.0005307375763853391,0.0007420511702928091
2804,0.0008413847691069047,0.0007633654254957975
2805,0.0008731346266965071,0.0008279575435096384
2806,0.0006540936185047031,0.0009061047859126922
2807,0.0009637551246366153,0.0009728663190319313
2808,0.0006236320439105233,0.0009748267269267986
2809,0.0004863457831864556,0.0009339549079148729
2810,0.0005267236963845789,0.0008499244836206717
2811,0.0008956094272434712,0.0008141173411428371
2812,0.0006953230282912651,0.0008049375525635381
2813,0.0005986789939925075,0.0008242541798537113
2814,0.0004839715159808596,0.0008621762630870698
2815,0.0010609529446810484,0.000899531544639003
2816,0.0004925599593358735,0.0009510206717697126
2817,0.0007312843420853218,0.0009332647699290725
2818,0.0008483291293183963,0.0009230863979896604
2819,0.0007485191454179585,0.0009645218974690679
2820,0.0006438969246422251,0.0010377281009930912
2821,0.0007844880533715089,0.0010450243964556633
2822,0.0008842192473821342,0.0009853088725028253
2823,0.0006963115263109406,0.000912611007023104
2824,0.0007440064024801055,0.0008771714601321073
2825,0.0006552748517909397,0.000841493876220101
2826,0.0006777219241485,0.0009099031064300028
2827,0.0009964607656002046,0.0009811864430213156
2828,0.0008689519755231838,0.0010802672807435235
2829,0.0009091746682922046,0.0010709924147625667
2830,0.000532749753134946,0.0009652893361452175
2831,0.0006367856559033196,0.0008473905574761361
2832,0.000614816159941256,0.0008008703960685103
2833,0.0006818639541355272,0.0008018574213121438
2834,0.0007517038301254312,0.0008094206630659297
2835,0.000983586065315952,0.0008099902424444335
2836,0.0004660037190963825,0.0008426532165356362
2837,0.0006294920303237934,0.0008564611858372965
2838,0.0007640069583430886,0.0008675955764410328
2839,0.0005812816826316218,0.0009098582363441792
2840,0.0005886865934977928,0.0009441751634746086
2841,0.0006839841060961286,0.0009806964085364025
2842,0.0007480271044187248,0.0009928011687428463
2843,0.0006562498824981351,0.0009510296783740009
2844,0.0005327490895676116,0.0009003827487224875
2845,0.000540140337155511,0.0008576849746374838
2846,0.0005617645957196753,0.0008374689881117853
2847,0.0004963539230326812,0.000842235492923715
2848,0.0004043173995645096,0.0008837792545274692
2849,0.0009290186688303947,0.0009558993615356721
2850,0.0006606120790820569,0.0009902718238162214
2851,0.0008258882987623414,0.0009538695128179911
2852,0.0006169564750355979,0.000923140318679264
2853,0.0005288238171488047,0.0009258049077310372
2854,0.0006204013887327164,0.0008647532177553695
2855,0.0006617367694464822,0.0007867837408612533
2856,0.0006994100520387291,0.0007482698579331655
2857,0.0008319310378283262,0.0007854198244506655
2858,0.00052392438131695,0.0008909268172707144
2859,0.0004938479629345238,0.0009901662990560857
2860,0.0007231201666096847,0.0010319327675246113
2861,0.0006620477885007858,0.0010245264174167331
2862,0.000607692306706061,0.0009583396416370148
2863,0.0007862982262546817,0.0008948865563399708
2864,0.0006212865623335044,0.0008396216323067559
2865,0.0006638425479953487,0.0008204969958820211
2866,0.0005382466013543307,0.0008259000548612561
2867,0.0005871103339207669,0.0008279279962468041
2868,0.0008942717220634222,0.0008674730956059419
2869,0.0005184772812450926,0.0008993321584214963
2870,0.0009665456290046374,0.0009199752947627236
2871,0.0006428850659479698,0.0009842825027762026
2872,0.0006476448519000163,0.0009665440565880799
2873,0.00047340772968406476,0.0009165036218886183
2874,0.0005051609594374895,0.0008452243838957915
2875,0.0006016105491047104,0.0008241993214249406
2876,0.0006505893388142188,0.0007916207857957975
2877,0.0006338959598603348,0.0007381079444390406
2878,0.0005846001227231075,0.0007483013502256139
2879,0.0007565574642891686,0.0007983279965843595
2880,0.0006634888801878939,0.0008727717437913392
2881,0.0005877000784190993,0.0009333073197292002
2882,0.0005904654506593942,0.0009476510694664793
2883,0.0005706502823159098,0.0009715459880136745
2884,0.0005586359649896622,0.0009215470026687198
2885,0.0005204617395065725,0.0008884057355402991
2886,0.0004323132879411181,0.0008368013230955419
2887,0.0007369671055736641,0.0008271005583054379
2888,0.0005544501977662246,0.0007978227763165405
2889,0.0008301138101766506,0.0007801944507729614
2890,0.0005447969577896098,0.0008198616212219235
2891,0.0007015540613792837,0.000842594171509396
2892,0.0006913864752277731,0.0008481448095962845
2893,0.000779025179023544,0.0008953827860449829
2894,0.0006989870162215084,0.0010189617320337868
2895,0.0006423009714732567,0.0010765163451579847
2896,0.0006571738592659434,0.0010261776092586907
2897,0.0004937737559278806,0.0009329176304392576
2898,0.00046390640006090204,0.0008837303227385668
2899,0.0005377163004595786,0.0008689623525894181
2900,0.0008327894844114781,0.0008860321421685856
2901,0.0004870792152360082,0.0009033526759136351
2902,0.000600574848552545,0.0009793351930529467
2903,0.0008610090299043804,0.0010093856510324916
2904,0.0007126668312897285,0.000991078925971675
2905,0.000523486554933091,0.0009638480305869689
2906,0.0007544615771621465,0.0009651129916823638
2907,0.0005723330347488323,0.0009458415204747103
2908,0.0006782646756619215,0.0008607938403069357
2909,0.0006684214419995745,0.0008097276676860528
2910,0.000564342353027314,0.000804258021205209
2911,0.00048405240134646497,0.0008134468163887963
2912,0.0005553972558118403,0.0008365868406982608
2913,0.0006552458275109529,0.0008690070134484921
2914,0.0006815682242934903,0.0009064422402435576
2915,0.000618581958891203,0.0009294254489895689
2916,0.0005649926179709534,0.000940044558795873
2917,0.0009973874043983717,0.0009282346300168447
2918,0.0006167473620735109,0.0008666298270141192
2919,0.0006573127194618185,0.0008371474611385924
2920,0.0005190314220574995,0.0008159175264927757
2921,0.0006554764074583848,0.0008328156011806082
2922,0.0008117443571488063,0.0009363593259096644
2923,0.0005769643098271142,0.0011084591607768528
2924,0.0005937649810221046,0.0012352895005386117
2925,0.0006146247304665546,0.0012268139742402815
2926,0.0006625912229840954,0.0011730616899412565
2927,0.0006731978462388118,0.0010968086219898712
2928,0.0006118229124695062,0.001008019425565245
2929,0.0004645741117807726,0.0009580048041300862
2930,0.0006590006252129873,0.0009044781299747937
2931,0.0008157065759102504,0.0008841508043394607
2932,0.0005941561617267628,0.0008603393393073701
2933,0.0004870757615814606,0.0008369927745088789
2934,0.000604271776198099,0.0008838168305517211
2935,0.0006106567957128088,0.0008896780679255402
2936,0.0006622936925850809,0.0008575310096452673
2937,0.0007250385126098991,0.000815540952030496
2938,0.0007067681212599079,0.0008374472014884663
2939,0.0007282586302608252,0.0008936780525507097
2940,0.0005262532465470334,0.0009445689692378309
2941,0.0005888669441143672,0.001003118044436418
2942,0.0004974491816634933,0.000996112927526793
2943,0.0005210892957014342,0.0009615580119581263
2944,0.0005370225175283849,0.0008985431968898138
2945,0.00047295302307854095,0.0008362480375079776
2946,0.0006392919303228457,0.0008715838780553322
2947,0.0006075968034565449,0.0009038990847473069
2948,0.0007950086457033952,0.0009464699491733817
2949,0.0006771845975890756,0.00098870081119386
2950,0.0007097908606131871,0.0010004769401133471
2951,0.00046809276876350243,0.0009538818212174701
2952,0.0008043489147288104,0.0009029300335252027
2953,0.0005838504119310528,0.0008931458301156554
2954,0.0006407688643472891,0.000895893669643212
2955,0.000527343157834063,0.0009474920252829379
2956,0.0006144380041708549,0.0009757747475376837
2957,0.000727036102519681,0.0009932557824911094
2958,0.0006525002419948578,0.0010117358270497244
2959,0.0009988272950674096,0.0011331704880594914
2960,0.0005718624025272827,0.0011494008111070813
2961,0.0006119129946455359,0.0010260222873863156
2962,0.0005296890429841975,0.0008941395242614158
2963,0.0005644043286641439,0.0007782926939713849
2964,0.0005424313790475328,0.0007371151796679606
2965,0.0008752050130472829,0.0007177118846081476
2966,0.0004934088055354853,0.0007676278406205975
2967,0.0005425689082282285,0.0008547740505355609
2968,0.00042015323609424137,0.0009544821619697824
2969,0.0004068869243686398,0.0009896605810440168
2970,0.0005414014080694566,0.0010227494168197956
2971,0.0006747005274519325,0.0010141452745072485
2972,0.0005280568768891195,0.0009930936182394447
2973,0.0007422298425808549,0.0009594946910854517
2974,0.0006169431998083989,0.0009154847538461689
2975,0.0004298385349102318,0.0008484769956755093
2976,0.0005174128687940538,0.0008120107240828238
2977,0.0004958653919554005,0.0008025490037187582
2978,0.0005544620876510938,0.000780832821294284
2979,0.0005561251426115632,0.000794832119406531
2980,0.0005458892594712476,0.0008145320336022745
2981,0.00047887874534353615,0.0008129009751944004
2982,0.0006121499657941362,0.000822060135803662
2983,0.0006392094888724387,0.0008647265536050627
2984,0.0006763070433711012,0.0008866818058927815
2985,0.00051950269844383,0.0009201864024906559
2986,0.0005697658401913941,0.0008912563759844574
2987,0.0004075399386541297,0.000870559681261941
2988,0.0007949759329979618,0.0008841688764431902
2989,0.0007876884347448747,0.0009769956914957348
2990,0.0007450449746102094,0.0010849574161876784
2991,0.0007149245667581757,0.0010461997544194946
2992,0.0008357449434697628,0.0009280398376212697
2993,0.0006358370495339235,0.00080222821992448
2994,0.0005759034693862002,0.0007365356596126258
2995,0.0007301741493089746,0.000712871186111643
2996,0.0005295994381109873,0.0007088612006540872
2997,0.0006174664245918393,0.000719744390368051
2998,0.0007049076181525985,0.0007702097247215355
2999,0.0007344409668197234,0.0008380372743177278
3000,0.0008123451727442444,0.0009015628840686299
3001,0.0007580048132998248,0.0008956152252764918
3002,0.0005093844956718385,0.0008635151884738561
3003,0.0007384122232906521,0.0008649470939531952
3004,0.0006761869415640831,0.0008460784385505125
3005,0.00047699080702538293,0.0008313083408426083
3006,0.0004785496935558816,0.0008473609469640325
3007,0.0005552348409158488,0.0008715046507830724
3008,0.0006672367065524062,0.0009059676083307127
3009,0.0006826503512760003,0.0009180964252592512
3010,0.00043034409754909574,0.0009118926238844274
3011,0.0007880871940869838,0.0008726842792184041
3012,0.0006330313393846154,0.000829779621815001
3013,0.0005464787439753612,0.0008049436542847171
3014,0.0006701391888782382,0.0007881919569684207
3015,0.0005068833551680048,0.0007975748955550802
3016,0.0006448640643308561,0.0008280895181517227
3017,0.0006518532638438046,0.0009042842359021746
3018,0.0007089421075458328,0.0010194253262616401
3019,0.0005844706417216609,0.001065474860626823
3020,0.0006680932322827479,0.0011157761905415673
3021,0.0006883465762560566,0.0011330555797202557
3022,0.0005215655857076247,0.0010347224833392428
3023,0.0004903673039128383,0.0009364689600389949
3024,0.0007558645641741654,0.0008479430118858022
3025,0.0006647586861314873,0.0007838861656780391
3026,0.0005658511033592125,0.0007749923917842574
3027,0.0004640233858178059,0.0007767524377958057
3028,0.0006653464942549665,0.0007669682150218988
3029,0.0006417331635020674,0.0008058182262232541
3030,0.0006471850424228857,0.0008606190284930434
3031,0.000528305183009555,0.0008642576317720878
3032,0.0005871838695990542,0.0008845812103465405
3033,0.0007090508006513119,0.000954686995416029
3034,0.0005722375800057004,0.0010509848962244614
3035,0.0005870952503755688,0.0010005189307532676
3036,0.0006577784370165318,0.0009144812072517248
3037,0.0008174616882267098,0.0008368704705884108
3038,0.0006473320458705227,0.0008193916010058038
3039,0.0005252834254254897,0.0008771678448405381
3040,0.0006252858632554611,0.0009042165005179928
3041,0.00046726261110355456,0.00089975960271279
3042,0.0005816515845557054,0.0008992699067031334
3043,0.0005114750548576315,0.0008693426305714144
3044,0.0005190897713570545,0.0008327510873842104
3045,0.0005339775544901689,0.0008125392874559813
3046,0.00042453991482034327,0.0008472477179387306
3047,0.000523461401462555,0.000889007883938396
3048,0.0005213658577607323,0.0009482949669656204
3049,0.000586944108363241,0.000990229682157212
3050,0.00048198584311952194,0.000988610255198304
3051,0.000516575559352835,0.00094693189708692
3052,0.0005739157379139215,0.0009007895345649294
3053,0.0005850338415863614,0.0008469973429560837
3054,0.0005389339212949078,0.0007871090583219083
3055,0.0008013643557205797,0.0007731752189638929
3056,0.000599077099468559,0.0007776751428866378
3057,0.0005451235667957614,0.0007767629815177538
3058,0.000640650616454271,0.000830249918632092
3059,0.00047443296837930876,0.0008725964844201171
3060,0.000514676672173664,0.000868052357851755
3061,0.0006642027447621028,0.0008947867444096734
3062,0.0005374363778779904,0.000882040557321381
3063,0.000407408179792886,0.0008511857984873546
3064,0.0006241786642931402,0.0007863863827119853
3065,0.0005237708896553765,0.000771663078578101
3066,0.0003935647662729025,0.0007629192000672984
3067,0.0004359039788444837,0.0007736200430544137
3068,0.0005094965842242042,0.0008149471582650522
3069,0.0005793545996615042,0.0008803978005486474
3070,0.0006752849731128663,0.0009289019340997576
3071,0.0006438723610093196,0.0008998815690746575
3072,0.00075093051030611,0.0008230218045068832
3073,0.0007083617616444826,0.0007991296562089357
3074,0.0006294961320236325,0.0008067478429009097
3075,0.0005490025680046529,0.000813888121207472
3076,0.0008405742584727705,0.0008167003808033425
3077,0.00037246726375694074,0.000822095840703696
3078,0.0005284898021879295,0.0008427815380740881
3079,0.0005201666596500824,0.0008597687811693396
3080,0.0006155405387592813,0.0008938730786935844
3081,0.0004553947830572724,0.0009172595927389119
3082,0.0007337423351903757,0.000880456576994657
3083,0.0006834197925248493,0.0008692670162990836
3084,0.0005777175150190791,0.0008788232762168536
3085,0.0005898323550354689,0.0008850050081799585
3086,0.000334796264845257,0.0008804684825237899
3087,0.0005574351564670602,0.0008539226938288394
3088,0.0006043095296869675,0.0008149411521052693
3089,0.0006837985788782437,0.000761965653853579
3090,0.000477260653860867,0.0007918848480578277
3091,0.0005328392299513023,0.0008356151854854048
3092,0.00046779279752324023,0.0008139664071885223
3093,0.0006129139374631147,0.0007861278510943979
3094,0.000505715519345055,0.0007892688731736262
3095,0.00046041691481756665,0.0008028792893407705
3096,0.0004965490040679773,0.0008278981778829351
3097,0.0007775932851169879,0.0009050952996160307
3098,0.0008144423055152099,0.0009265463543949487
3099,0.0004383155610412359,0.0008787300575645567
3100,0.0007675977889448404,0.0008929183584725939
3101,0.0007474096530737976,0.0009126356155721573
3102,0.0006571887565466265,0.0009046088190067295
3103,0.0004478352959267795,0.0008862433566869508
3104,0.00048651229590177534,0.0008510833587332475
3105,0.00045298926997929814,0.0008164649529292755
3106,0.0005177282029762865,0.0007824584552752382
3107,0.0006292422690118353,0.0007787582476661856
3108,0.000787539966404438,0.0007617990982463935
3109,0.0005980284496520956,0.0007787169630806087
3110,0.0004993130123087515,0.0008218553407423888
3111,0.0006887057757315536,0.0008565626188738667
3112,0.0005742899025790394,0.0008387748349327814
3113,0.0006729505005447815,0.0007805287367966774
3114,0.0004415897613701721,0.0007424571633423261
3115,0.0005103226285427809,0.0007269495990911983
3116,0.0006716393438788752,0.000753279701246528
3117,0.000410952124123772,0.000807331490658561
3118,0.0005947247981869926,0.0008470412354282008
3119,0.0006410113613431653,0.00089914723016197
3120,0.0006102116235221426,0.000930531668168764
3121,0.0006481629563495517,0.0009022638672416457
3122,0.0005585215442503492,0.0008831193205885824
3123,0.0005473780756195386,0.000845261896899938
3124,0.0005152146099135279,0.0008119702917582348
3125,0.0005795458409314354,0.000785933000605744
3126,0.00044360802664111055,0.0007797350403926093
3127,0.0005545293330214918,0.0008163191485823696
3128,0.0005338351397464673,0.0008731953239189388
3129,0.0006492156535387039,0.0009041124485950095
3130,0.0005165506658765177,0.0009333437066213558
3131,0.0007175031350925565,0.0009515120397600544
3132,0.0005350622930563986,0.0009443836646909848
3133,0.00047159040113911035,0.0008903425303746132
3134,0.0008047855459153652,0.0008538586954223212
3135,0.0004842028642694155,0.0008351986216725855
3136,0.0007214565334531168,0.0008494176126844213
3137,0.0007052583037875593,0.0008796991351405232
3138,0.0005056689493358135,0.000899437340123095
3139,0.0006059236203630765,0.0009181326606739899
3140,0.0005479856549451749,0.0008842188573449733
3141,0.0005946055597936113,0.0008283708270686847
3142,0.00044040498711789646,0.000797443467698346
3143,0.0005884826105708878,0.0007831290037477551
3144,0.0005578620378704121,0.0007777841668667667
3145,0.0006478100665844976,0.0007849685805593067
3146,0.00046564961085096004,0.0008476356373949519
3147,0.0004298524232581258,0.0008792657953756678
3148,0.0006332448334433139,0.0009191147785993131
3149,0.0006153368003045519,0.0009153044008462888
3150,0.0005377466441132128,0.0009198852708860205
3151,0.0004197109917489191,0.0009138123343119354
3152,0.00048765526929249366,0.0008876541210980132
3153,0.0005554728869659205,0.0008708930995560977
3154,0.0004514820233453065,0.0008384276520163848
3155,0.00048441316078727444,0.0008140367918233497
3156,0.000887951476033777,0.0008717563180216243
3157,0.0006676579515139262,0.0009404034924411076
3158,0.00042885711106161275,0.0009291442411339394
3159,0.0006182368534306686,0.0008581647466992827
3160,0.0004745583903665344,0.000793371285178046
3161,0.00039937274802165725,0.0007341712577805642
3162,0.0006611201795749366,0.0007415790680069917
3163,0.0005495671415701508,0.0008558536383349038
3164,0.0005734578667518993,0.0009453763908479274
3165,0.0004631882339405517,0.0009893166716210544
3166,0.0006579118121104936,0.0010118825144801787
3167,0.000657666684128344,0.0009822225173858295
3168,0.0004680741267899672,0.0009254232190153379
3169,0.0006215855906096597,0.0008602474860143005
3170,0.0006646236715217431,0.0008688366861452942
3171,0.0003649774434355398,0.0008652613140316313
3172,0.00048223000679475567,0.0009278865051217466
3173,0.0006169572472572327,0.0009863428997451541
3174,0.00048820761342843375,0.0009520175797116803
3175,0.0005269810712585847,0.0009192512097940817
3176,0.0006124135184412201,0.0008443318642895874
3177,0.0004861206980422139,0.0008443546409014701
3178,0.0005891669308766723,0.0008853221780576515
3179,0.0005838901891062657,0.0009272081555622652
3180,0.0004365609531911711,0.0009485297883571103
3181,0.0005434487791111072,0.0008815463823009664
3182,0.0005151991616003215,0.000811715000749045
3183,0.0004299941123463213,0.0008097233312153148
3184,0.0005644180908954392,0.0008161893998104052
3185,0.0005930022511165589,0.0008789538926037953
3186,0.0006432605519269903,0.0009938534995445644
3187,0.00044637167593464255,0.0010515292831439907
3188,0.0007695405433575313,0.0010379270103202736
3189,0.0005264296720270068,0.001001318553682622
3190,0.0005698136519640684,0.0009302903579980663
3191,0.0007500641707641383,0.0009416690917582963
3192,0.0006573367805685848,0.0009410658481853508
3193,0.0005035197090667982,0.0009192491193598972
3194,0.0006645177956670523,0.0008776364907600337
3195,0.0005692198562125365,0.0009024695135326689
3196,0.0007790858042426407,0.0009380282103597355
3197,0.0006935683467114965,0.0009172260403765116
3198,0.0004652068174133698,0.0009205608111237887
3199,0.0005772490170784294,0.0009274081059815876
3200,0.0005445418297313154,0.0009288805638674617
3201,0.000589154742192477,0.0009698777204731436
3202,0.00037854886031709614,0.0009703506265517589
3203,0.0005382048082537949,0.0008928194299695911
3204,0.0005685208248905838,0.0008462304542735806
3205,0.0004638631052027146,0.0008395025508907279
3206,0.000473601541792353,0.0008698880287917609
3207,0.0004931332698712746,0.000852368704197327
3208,0.000643904012395069,0.000825565730910895
3209,0.0008494614196630816,0.0008306898874245349
3210,0.0005174909252673388,0.0008297742887099427
3211,0.0004915316239930689,0.0008332323054709714
3212,0.0006513748473177353,0.0008570612949047854
3213,0.0005812215463568767,0.0008384385155367218
3214,0.00044696849848454195,0.0008384714583228306
3215,0.0004390565756087502,0.000838348756802789
3216,0.0005359683263426025,0.0008458952938745488
3217,0.0005514869970890383,0.0008402708917856216
3218,0.0006822803911442558,0.0008537505494841324
3219,0.0006741647724993527,0.000927064560929416
3220,0.00044979081333925325,0.0009747893360670744
3221,0.0006401120219379664,0.0009443904016548254
3222,0.0004408124485053122,0.0009360008508216325
3223,0.0006257219395289818,0.0008994120044366082
3224,0.0005274767929222435,0.0008899711107277847
3225,0.0004902424077348163,0.0009002291684966593
3226,0.0005354174606812497,0.000898731239488363
3227,0.0008066469493011633,0.0009088899021762914
3228,0.0006695760103563468,0.000876967908858549
3229,0.0005009107214088241,0.0008416524492424187
3230,0.0005500613052087526,0.0008021486418021065
3231,0.0005196243990212678,0.0007788433643391605
3232,0.0004208766506053507,0.0007736697198555431
3233,0.0006014308504139384,0.0008049492747614556
3234,0.0005328730097971856,0.0008221488545912751
3235,0.0004429900300844262,0.0007819354012342698
3236,0.0005590846296399832,0.0007467337122726012
3237,0.0005393326398916542,0.0007624766711690133
3238,0.0003947185818105936,0.0008096369620463921
3239,0.0006937777157872915,0.0008806553094072165
3240,0.0006769556901417672,0.0009209979298033231
3241,0.00042642162879928945,0.0009368694115587782
3242,0.0006238090417658289,0.0008566263377002815
3243,0.000612443860154599,0.0007960095524505573
3244,0.0004034952338164051,0.0007661404858130639
3245,0.0006924629715892176,0.0007678323973512907
3246,0.0005514551225739221,0.0008069770092118942
3247,0.0005907595274038613,0.0008607588992105783
3248,0.0005082168461134037,0.0008649102872325562
3249,0.0005925885285250843,0.0009050284208469533
3250,0.0004042475154468169,0.0009494883567003138
3251,0.0004618122242391109,0.0009922627822539997
3252,0.0005664695985615253,0.0009954566334000254
3253,0.0005413796675081055,0.0009252545467346877
3254,0.0004416060633957386,0.0008454363500721401
3255,0.0004499860612365107,0.0008466968243652001
3256,0.0007803652862397333,0.0008882897013182363
3257,0.0006196416390594095,0.0009280895231306318
3258,0.00042230080774364375,0.0009106998643507873
3259,0.00037484203348867593,0.0008869171717779814
3260,0.0006356787402182817,0.0008499478931835757
3261,0.0005156962103986492,0.0008023737885761918
3262,0.0003836678729082147,0.0007671715551208132
3263,0.000555065677811702,0.0007610656681982067
3264,0.000631878012791276,0.000800953602544802
3265,0.0004054088999206821,0.0008118562520652144
3266,0.0005983136555490395,0.0008302383259118454
3267,0.0005321163412493964,0.0008302932237568275
3268,0.0006688607080529134,0.0008588074988366552
3269,0.0005506156361661851,0.0009108057323986239
3270,0.00045693706488236785,0.0009133542393330544
3271,0.0004300861386582255,0.0008809073075586124
3272,0.000481024351514255,0.0008668907105420371
3273,0.0005011849260578553,0.000825580220951838
3274,0.0004589726178285976,0.0007920666200413156
3275,0.0005342958029359579,0.00077592254195575
3276,0.0005694649221065144,0.0007723779912568688
3277,0.0004975554979561518,0.0007809485902589944
3278,0.0007552062316487233,0.0007829788563989367
3279,0.0006580292945727706,0.0007927255408460729
3280,0.0006147727253846824,0.0007879831516513909
3281,0.0005073906776184837,0.0008016525195750195
3282,0.000604434796453764,0.0008071726036815368
3283,0.0006529741338454186,0.0008265517659368008
3284,0.0005625856070158382,0.0009055062269106302
3285,0.0006682567298412323,0.0010209153041951212
3286,0.0004387685718635718,0.0010310811573624845
3287,0.0005515889031812548,0.0009375705203136767
3288,0.0005596863261113564,0.0008191546211184156
3289,0.0005230489652603865,0.0007868034897581124
3290,0.0005225054221227766,0.0008014330232981592
3291,0.0004840727623862525,0.000827111067079873
3292,0.0005572063149884343,0.0008519654277726773
3293,0.00041445106035098433,0.0008488829480484128
3294,0.0006007183090938876,0.000831212700843283
3295,0.0007204306001464526,0.0008380888007016574
3296,0.00048423771513625977,0.0008132175623079924
3297,0.00047993543169771633,0.0008037681473642734
3298,0.00029789568992176404,0.0008070284998462367
3299,0.0005013728553118805,0.0007807163031923944
3300,0.0005130193855923911,0.0007606456536335841
3301,0.0009341997560113668,0.0008031825947952934
3302,0.0005972207640297711,0.0008965347651538886
3303,0.0004585840584089359,0.0009252397470931545
3304,0.0006145763133342067,0.0009349548722173667
3305,0.000556450061655293,0.0009362717639420211
3306,0.0005980881125045319,0.0009664058266849235
3307,0.000561327487230301,0.000914999959196558
3308,0.0006491804262623191,0.0008443124295765989
3309,0.0006796052368978659,0.0008120042314078278
3310,0.000567167648114264,0.0007814801673681703
3311,0.0003961660540274655,0.0007793429504949819
3312,0.0006664098201630016,0.0007930593566252213
3313,0.0005543871161838372,0.0008005011028346172
3314,0.0006009158057471117,0.0008465922499482527
3315,0.00047886127528424063,0.0008440415998719134
3316,0.0004717045929282904,0.0008330304912606797
3317,0.0005248155580678334,0.0008718559997867587
3318,0.0005221417949845393,0.0008932569432695668
3319,0.0004787553024167816,0.0008943886993412574
3320,0.00042727736096518737,0.0008548684170704305
3321,0.0005492203558484714,0.0008450773004699117
3322,0.0006144794868305325,0.0008289498887959809
3323,0.00045348162141939006,0.0008212619352953758
3324,0.0006349448037023345,0.0008728826066981414
3325,0.00067260282424589,0.0008899548206034696
3326,0.0005953101092018187,0.0009440098518843022
3327,0.0004912249239472052,0.0008916427444585958
3328,0.00044655804134284457,0.0008179577512989246
3329,0.0005169954150915146,0.0007590033486577146
3330,0.00040305628208443524,0.0007534674710253121
3331,0.0005627433381353816,0.0008582689264957889
3332,0.0006409637455362827,0.0009412936617411292
3333,0.0005142369229967395,0.0009768840553895314
3334,0.0005034837580751627,0.0008810661619943457
3335,0.0006008190878977379,0.0007786715777194876
3336,0.0004601397765024255,0.0007388558539866257
3337,0.00044725282156529527,0.0007178654014128334
3338,0.0005149547398711244,0.000749960237509923
3339,0.0005084097851067781,0.0007670225314777638
3340,0.00046639344266926247,0.0008150115193236311
3341,0.0003094647351341943,0.0008415712379826614
3342,0.0006367786477009456,0.0008483100276876711
3343,0.0005164957644107441,0.0008549290498595787
3344,0.0005398600439851483,0.0008606118838464122
3345,0.0005666500830557198,0.0008324058756221262
3346,0.0004829750512726605,0.000849924227415298
3347,0.00045853610499762,0.000883474440257043
3348,0.0005155927152372897,0.0008581008126878538
3349,0.0003453812678344548,0.0008194286323071816
3350,0.0004658907496680816,0.000784163065593851
3351,0.0004946252738591284,0.0007709226706001072
3352,0.0004578440256106357,0.0007401763235345321
3353,0.0005726970421771209,0.0007759889925318572
3354,0.0005138286137177299,0.0008164630078996612
3355,0.000756503416535755,0.0008033655441089305
3356,0.000768055433096985,0.0008502309882049045
3357,0.0004972649408349146,0.0008934214207028427
3358,0.0006105992535594851,0.0008586825524258801
3359,0.0005272091055909793,0.0008666411073838075
3360,0.000673369423020631,0.0009056538296221778
3361,0.0005844953120686114,0.0008813390023841369
3362,0.0005854156954834858,0.0008417313093939195
3363,0.0004927090330359836,0.0008012472223820473
3364,0.0006933196331374347,0.000833713366351215
3365,0.00045824322927122315,0.0009164117500332631
3366,0.0006628268126708766,0.0009498577349540579
3367,0.0005522499520642062,0.0009459566041244208
3368,0.0006391382388149699,0.0008922175492350687
3369,0.0005081726742597918,0.0007974949430932811
3370,0.0006104416369150082,0.0007418962037392459
3371,0.0004741638336175432,0.0007433653139971256
3372,0.00044168461269388594,0.0007762888702655607
3373,0.00040918462521707016,0.0008300413075315686
3374,0.0005724833075267574,0.0009019940717541796
3375,0.0005755519630232205,0.0009552226809777436
3376,0.0004414824186824262,0.0009823504097000732
3377,0.0007606125009867053,0.0009061050709927322
3378,0.0005514873929011326,0.0008070958296101042
3379,0.0007101145650570592,0.0007637341091533991
3380,0.0004804959656515469,0.0007584675950342862
3381,0.00043378901900723574,0.0007708923809604324
3382,0.00045799286065933606,0.0008480669563914847
3383,0.0004042982899894317,0.0008972055415300227
3384,0.0005684843849545966,0.0008650072414875324
3385,0.0006737142335623503,0.0008483097359618744
3386,0.0004231876693665981,0.000880397996025556
3387,0.0003738484209558616,0.0008925358516413454
3388,0.0005020967723491291,0.0009053251628147981
3389,0.0005514742728943626,0.0008540535645878426
3390,0.00045526675918760396,0.0008230169991665615
3391,0.0004061446331130962,0.0008263105323068857
3392,0.0005734291781360905,0.0008401815531093363
3393,0.0003722705141020318,0.000836916805490646
3394,0.0005401532417939355,0.0008756120253343311
3395,0.0006007334838310877,0.0009009332577587934
3396,0.0004434934623229007,0.0008842776860403792
3397,0.0006105211330577731,0.0008871402920546435
3398,0.00048022455691049495,0.000883839586538842
3399,0.00042718018715580305,0.0008873739763342695
3400,0.000502953565834711,0.0008461759009767016
3401,0.0005054365649508933,0.0007865990300783814
3402,0.0005828309338539838,0.0007887111998971654
3403,0.0003866786079015583,0.0008353791596078291
3404,0.0003509960564163824,0.0008244111033534177
3405,0.0005096600740216673,0.0008213888229545587
3406,0.00041595903458073734,0.0008536903370963777
3407,0.0006758328760042787,0.0008786265909264788
3408,0.00037385849864222107,0.0008783499040186229
3409,0.0006652513674149911,0.0008617585044130537
3410,0.0005176220380235464,0.0008621129670682708
3411,0.0004525735741481185,0.0009012292304230253
3412,0.0006923972978256643,0.0008907951756039502
3413,0.0005690424664256473,0.000909660740958996
3414,0.00043048028795359035,0.0009187926182167707
3415,0.000587693159468472,0.0009496216391814565
3416,0.0005179395743956168,0.0009795424700751313
3417,0.0005694521591067314,0.0010140527252430521
3418,0.000565636969016244,0.0010319969160335622
3419,0.0004298453025209407,0.0009266591046966143
3420,0.000491304121290644,0.0008073032640679703
3421,0.00046430891379714014,0.0007250473251810121
3422,0.0005711248765389124,0.0007237460655361912
3423,0.0005226362690639992,0.0007715926886725012
3424,0.000547917668397228,0.0008098688704194501
3425,0.0005342551507055759,0.0009183838310849479
3426,0.0006052305339835584,0.0009872513797086495
3427,0.0006390331274208923,0.0009992597601743136
3428,0.0007185577686565618,0.0009244771850273365
3429,0.0005074001577061912,0.0008202922192684514
3430,0.0006457904664178689,0.0007851325036448199
3431,0.0003577217168640345,0.0007975334841272185
3432,0.0003952111078736683,0.0007944132903073805
3433,0.00047556050897886354,0.0008099442808503857
3434,0.0005769120994955302,0.0008504791453381722
3435,0.000441647421879073,0.0008771431588340462
3436,0.00034971056738868355,0.0008749329956160404
3437,0.00038023036904633045,0.000813746033557214
3438,0.0005474170359472434,0.0007917489622734252
3439,0.0005378810921683908,0.0008045537454556439
3440,0.0007016339727366964,0.0008114749140850467
3441,0.00047610566252842546,0.0008375682241529021
3442,0.0005986846828212341,0.0008588850981277215
3443,0.0005293408719201883,0.00088805160517291
3444,0.00038174622071286045,0.0008776133369441753
3445,0.0007055298192426562,0.0008472445311838775
3446,0.000579237126900504,0.0008196991439322083
3447,0.0004926845741768678,0.0008438441017367621
3448,0.00045982476440258323,0.0008515019673766114
3449,0.00041822606387237706,0.0008924925953285461
3450,0.0004685817926656455,0.0008807775894946265
3451,0.0006286078753570715,0.0008851204825543219
3452,0.0006254672402671228,0.0008562658436772391
3453,0.0006171394527579347,0.000808700965098692
3454,0.00047571791413550575,0.000806400174156792
3455,0.000480613496620208,0.0008160542928399224
3456,0.0005399535390703628,0.000846286457834956
3457,0.0005305833687695364,0.0008255353128247872
3458,0.0005081987241283059,0.0008564138769879791
3459,0.0004474917717743665,0.0009143860860797394
3460,0.0006931326041618983,0.0009293393149429302
3461,0.00038560133737822373,0.0009217398185246279
3462,0.0005702456614623467,0.0009058719376234089
3463,0.00047725356028725704,0.0008647421899244306
3464,0.0005283921491354704,0.0007985624038764664
3465,0.00041471796381908156,0.0007811011570069469
3466,0.00047576346551068125,0.0007998655537807008
3467,0.0005317873399083813,0.0008508519344691803
3468,0.0004851976914020876,0.0008828426100768325
3469,0.0004620218804726998,0.0009207659871702441
3470,0.000353498721960932,0.0008974740273451184
3471,0.0007091807744776209,0.0008759928189353709
3472,0.0005001590393173198,0.0008921820102497847
3473,0.0005229969538049772,0.0008673060451190567
3474,0.000496194053751727,0.0008373558088150756
3475,0.0005983350274618715,0.0008328441527257783
3476,0.0005601351692651709,0.0008653421653892962
3477,0.0004981433895106117,0.0008851552960063206
3478,0.00038696969859302043,0.0009246590729678182
3479,0.0004957876672657828,0.0008761419581916681
3480,0.0005079317003643761,0.0008514237083223333
3481,0.0003744958822305004,0.0008411396347081626
3482,0.0004989291463668148,0.0008045312814234836
3483,0.0003862606691351781,0.0007862309961007746
3484,0.000574369899307688,0.000822806408203493
3485,0.0004638504392156998,0.0008751302164627283
3486,0.0006417071466178944,0.0008848120960751622
3487,0.00044223186171924074,0.0008975194068625569
3488,0.0004504731429430346,0.0009158174101699613
3489,0.0005487017566338182,0.0009498163396822597
3490,0.0006297893550557394,0.0009218669928679991
3491,0.00045819823086882633,0.0008718422206126037
3492,0.000444866258961459,0.0008214037245740806
3493,0.0004692695569247007,0.000813135960323582
3494,0.00044693174422718587,0.000786035613722432
3495,0.0005039703256140153,0.0007701230177648482
3496,0.0005799019515203933,0.0007859417837751135
3497,0.0005870219475279252,0.0008406130325206827
3498,0.0005151381289275984,0.0008955335397617965
3499,0.0005930903600528837,0.0008669585176545569
3500,0.0006345147732645274,0.0009084178039008443
3501,0.000552468226912121,0.0009830907742514855
3502,0.0005100556144801278,0.0009839844062198393
3503,0.0005363570409826935,0.0009759071087794686
3504,0.00040861073648557067,0.0008939682181986914
3505,0.0005121076324333747,0.0008110224072707773
3506,0.0004387008569513758,0.0008403247723715218
3507,0.0005582976737059653,0.000892179264864833
3508,0.0004131129205537339,0.000874092490513127
3509,0.0004397735930979252,0.0008413586087202228
3510,0.0004477212632385393,0.0008489837469881415
3511,0.00042604538418042164,0.0008805486507435131
3512,0.000457834656117484,0.000938731605484055
3513,0.00035614031561029453,0.001018934522014786
3514,0.0005674991135795911,0.001045535038973344
3515,0.0004309691061886648,0.0009919712959337746
3516,0.000628468351593862,0.0008587979408637364
3517,0.0007043822202831507,0.0007947875160676258
3518,0.0005819654926502456,0.0008026341155792887
3519,0.0006697501676777999,0.0007994324868356105
3520,0.0005266549240332096,0.0008160394326990881
3521,0.0004847166632922987,0.0008802475677216499
3522,0.0006821351048226158,0.0009268077443753494
3523,0.00038530825016399223,0.0009123358353477441
3524,0.0005867817594359319,0.0009081549057920324
3525,0.0005143821006640791,0.000966355460787588
3526,0.0004183029057458043,0.0009990474417728673
3527,0.0005872734861137966,0.0010312878811827267
3528,0.0004968393749246995,0.0010249849826401817
3529,0.0005155192086628328,0.0009178778983461927
3530,0.00043072937599693734,0.0008457503228825994
3531,0.0005513455679950614,0.0008266094171874753
3532,0.0004945595050230622,0.0008388625682005292
3533,0.0005389717756770551,0.0008626465358419388
3534,0.0005321481827801714,0.0008459067028052518
3535,0.0004420467768795788,0.0008865770020826507
3536,0.0005625406610003362,0.0009176875107122336
3537,0.0005143586992441366,0.0008679924910433415
3538,0.00040194413353068136,0.0007548802597567395
3539,0.00035805684941199917,0.0006852002767891821
3540,0.0006549021733614305,0.0006908861285796953
3541,0.0004766241026421388,0.0007268789655842459
3542,0.0006375184728919218,0.000808780751874905
3543,0.00044123486150056125,0.0008978762418237024
3544,0.0004941604022557537,0.0009674823629361849
3545,0.0004907781956717372,0.0009079391739925178
3546,0.0005407705786637962,0.0008468406831095817
3547,0.00038607657964651786,0.000791272064386757
3548,0.0004621390893589705,0.0007662874870836427
3549,0.0005756156325029831,0.0007630179495932021
3550,0.0005552426911890507,0.0008102485651790172
3551,0.0005491696627965818,0.000879340892653971
3552,0.0005193652197097739,0.0009369017445394315
3553,0.0003938244927364091,0.0009668942451051722
3554,0.000604267589127024,0.0009322016404604348
3555,0.0005148506199475378,0.0008422751898609659
3556,0.00041619240461538234,0.0007871921177894815
3557,0.000692626783469071,0.0007683841321859362
3558,0.0004383499928129216,0.0008131625299437309
3559,0.0006093563046306371,0.0008577117192243614
3560,0.0004072412964887917,0.0008598366985097528
3561,0.000420212687458843,0.0008791131137019596
3562,0.0007024196772060046,0.0009088658108504298
3563,0.00044895815663039686,0.0008496546924873219
3564,0.00036043603904545307,0.000790769557191763
3565,0.0005054164406222602,0.000764159849724791
3566,0.0004227736343940099,0.0007980852186181179
3567,0.0005932097323238849,0.0008250080886861588
3568,0.000397999509004876,0.0008342907884099528
3569,0.000550985421674947,0.000873027567606874
3570,0.00044142016946959,0.0008702066715066065
3571,0.0006197726198782523,0.0008550622710393463
3572,0.0004715830747348567,0.0008811321671901814
3573,0.0004754122773495813,0.0008599091457353362
3574,0.0005386446990693609,0.0008282785839676182
3575,0.00038713000637168683,0.0008039885553701847
3576,0.0006514332490041852,0.0008155287767753122
3577,0.00041542145578811566,0.0008466053003808264
3578,0.0005209805211052298,0.0008265747162550101
3579,0.0005206761066801846,0.0008475494320783031
3580,0.0006023798914005359,0.0008907483360825444
3581,0.0005635756067931652,0.0009211330109928536
3582,0.00037874936630638936,0.0008874992401372114
3583,0.00044777541479561477,0.0008547743241573999
3584,0.0004183907469268888,0.0008753510952861173
3585,0.0006044347149630388,0.0009036040294266445
3586,0.0005739393721645077,0.0009220021244736139
3587,0.0005360736822088559,0.0008609309688478151
3588,0.000607569810623924,0.0008411879970244769
3589,0.0004637860848257939,0.0008613242457004807
3590,0.0004054487217217684,0.0008772884192601521
3591,0.0005527275187584261,0.0008233203735994542
3592,0.0004988690993438165,0.0008029830092050898
3593,0.0004329027433414012,0.0007918786366816654
3594,0.0006843159683436776,0.0008088146076504669
3595,0.00045427905473237237,0.0008482822612584312
3596,0.0006290698540396989,0.0008743004213402591
3597,0.0007854665125099321,0.0008961836604390469
3598,0.0005601654721734424,0.0009607115217785197
3599,0.000629929464776069,0.0010037006570601937
3600,0.00040946413840477663,0.000911269585352655
3601,0.0007074057163360218,0.0008092015673677752
3602,0.0005170781631022691,0.0007644409821854582
3603,0.00040194120180482665,0.0007803086716201391
3604,0.0004902286649060746,0.0008248383281055808
3605,0.0006665396523506691,0.000871442320919779
3606,0.0005275175072407971,0.0009248761655432795
3607,0.0006070886350547274,0.0009334309227804939
3608,0.0004658415331505239,0.0008521019769869158
3609,0.000553608740059038,0.0008141974756754495
3610,0.0004146821292427679,0.0007791919935096833
3611,0.00041497723820308846,0.0007428618351466895
3612,0.0005369713762775064,0.0007464787425513665
3613,0.0003725171962287277,0.0007895778266045698
3614,0.000604986174342533,0.0008505126427012078
3615,0.0004033684206660837,0.0008507551786702449
3616,0.0006473888914721708,0.0008604730601792818
3617,0.0004124705408078929,0.0008755768999901021
3618,0.00026682850439101457,0.0008630094170665706
3619,0.0005897995317354799,0.0008814799398601818
3620,0.0004085174082623174,0.0008509324530806891
3621,0.0004945113866900404,0.0008272808675349903
3622,0.0005287283565849066,0.0007766561662204431
3623,0.000552985887043178,0.0007453064223857758
3624,0.0004808039094010989,0.0007744954912015787
3625,0.0004451853921636939,0.0008482899162533334
3626,0.0005419232028846939,0.0009219888366271162
3627,0.000328323842647175,0.0009584908486402586
3628,0.00037724979144210615,0.0009475090292531733
3629,0.0005227858045448859,0.0008800578526840876
3630,0.0003873121866490692,0.000799009404566843
3631,0.0004301072040107101,0.0007517912752117859
3632,0.0005684987525455653,0.0008250336132037974
3633,0.0004981589503586292,0.000938397094077526
3634,0.0004022409596169988,0.0010220801093850256
3635,0.00044432772944370905,0.0009823990532006393
3636,0.0005051496011825899,0.0009355813672300428
3637,0.0006931075748677055,0.000904793488310914
3638,0.0005374828741575281,0.000860315231481699
3639,0.0006368680119824906,0.0008332300046642172
3640,0.0004780957397694389,0.0008543550744276919
3641,0.000487676573296388,0.0008317771376666107
3642,0.0004920804310434808,0.0008002016079194081
3643,0.0005411195384416108,0.0007744352366476445
3644,0.0005048350896686316,0.0007814610236934863
3645,0.000608626570707808,0.0008601589842450138
3646,0.0006153264936680595,0.0008782565277014808
3647,0.000534038992676263,0.0008800000451435518
3648,0.0007010471638447294,0.0008684239757254603
3649,0.0003881180697741608,0.0008082656910749314
3650,0.0004945068309704462,0.0007511353962156394
3651,0.0006195292652895053,0.0007310847580610724
3652,0.0004397430379564563,0.0007789933409607844
3653,0.000554113497491926,0.000894288496227979
3654,0.00044340984507774316,0.001027477653073807
3655,0.00039658362705570954,0.0010453489458731075
3656,0.0005432787700556218,0.0009850064892043162
3657,0.0004444178349028031,0.0008717599747918811
3658,0.0006142614021276434,0.0008353471971853951
3659,0.0004235999581093589,0.0007870979641479858
3660,0.0006458730902522802,0.000764174610866769
3661,0.000576261217550685,0.000789262960856509
3662,0.00044981679335857433,0.0008414183146554947
3663,0.0005754350762193402,0.0008813619433066214
3664,0.0005463866361727317,0.0009029830192256073
3665,0.0005373479798436165,0.0009061265491612813
3666,0.0004525170021224767,0.0009273345131650713
3667,0.000571381327851365,0.0009109798988866378
3668,0.0003808843456984808,0.0008873637932019059
3669,0.00037140893594672284,0.0008735938493151394
3670,0.0004591513677344968,0.0008650357109919836
3671,0.0007174407520021002,0.0008620658763830997
3672,0.0004523411237945159,0.0008578330214689009
3673,0.00042952144673715035,0.0007932404264501538
3674,0.0005605081794783473,0.0008027180098913845
3675,0.0005663767457008362,0.0008853396011688783
3676,0.0004426639759913087,0.0009594532394393046
3677,0.0006804120261222124,0.0009730031794509081
3678,0.0005487366579473019,0.0008708009455998348
3679,0.0006792736162121098,0.0008395641098462602
3680,0.0006680836978678902,0.0008372666999903016
3681,0.000600004568696022,0.0008619494457072835
3682,0.0005771318450570106,0.0008888540949441463
3683,0.0006430791225284338,0.0009051955758326313
3684,0.000506495918186071,0.00088250343747415
3685,0.00047690355762218436,0.0008440213346685187
3686,0.0005104388537195821,0.0008311925816173688
3687,0.0005763194911802809,0.0008275265257492089
3688,0.0005616312439087779,0.000814699325628036
3689,0.0005388748676826556,0.0008305417450317218
3690,0.0003993713646195829,0.0008494552654786197
3691,0.00047189140459522603,0.0008398218462647005
3692,0.0005337636490973333,0.0008460265072337608
3693,0.00044534950672338406,0.0008602652320176304
3694,0.00039505223588397106,0.0008399696863901721
3695,0.0003393213274345423,0.0007986496149939962
3696,0.00037577677673349775,0.0007332270668441884
3697,0.0005625370695876579,0.0007107184119806735
3698,0.0004430636453131835,0.0007433209465825784
3699,0.00038313944824039934,0.0007676199626491046
3700,0.00042784797648588816,0.000801955062486268
3701,0.00042609350251344346,0.000839255018687741
3702,0.0004936270027731856,0.0008772020743826155
3703,0.0005490386198895673,0.0008941174970158764
3704,0.0005230134178418666,0.0008759038265259188
3705,0.0003955042629968375,0.0008921430702412896
3706,0.0005302060240258773,0.0009221633890273387
3707,0.0004599820434426268,0.0009380539461665999
3708,0.0006263638691355785,0.0009101104059102615
3709,0.0006000308863197763,0.0008637519602803146
3710,0.0005756162398029118,0.0008385861138941529
3711,0.0002995637400696675,0.0008367653894898166
3712,0.0004924080451019109,0.0008330654557317671
3713,0.0006065157009288669,0.0008173069504628647
3714,0.0005576529152070482,0.0008329241231769529
3715,0.0006371021464777489,0.0008799074285051338
3716,0.0006007937889080494,0.000878366941217641
3717,0.0004925936266469459,0.0008152881523779425
3718,0.0005246806191280484,0.0007569886050572046
3719,0.0004478812450543046,0.0007576819477872336
3720,0.0005067735056703289,0.0007826558693071944
3721,0.0005784981573621432,0.0008062222332227975
3722,0.0005934522196184844,0.0008311904233506345
3723,0.00042295592332569263,0.0008331065109241607
3724,0.00031503431964665653,0.0008106159966844171
3725,0.00039381000678986313,0.0008190032871583052
3726,0.0005475103389471769,0.0008048362778793052
3727,0.0004471282591111958,0.0007866709684452599
3728,0.0004913256348421176,0.0007449867823491181
3729,0.0005603518841477732,0.0007440061648752115
3730,0.00042173239053227006,0.0007577448661437288
3731,0.0004880342457909137,0.0007951792446881768
3732,0.00038895236793905496,0.000844345862200799
3733,0.000607682236780723,0.0008903075888199277
3734,0.0005012281724096586,0.0008709595809547656
3735,0.000362611324332344,0.0007761290911530094
3736,0.0004321076325140893,0.0007386074775433916
3737,0.0005876267872129878,0.000768078334458121
3738,0.00040173851496850453,0.0007968823628052775
3739,0.0004301575943827629,0.0008261309208817721
3740,0.00040941454935818913,0.0008359199370794717
3741,0.0005302007698143522,0.0008073298945311662
3742,0.0004424348551159104,0.0008039602972695413
3743,0.0004158551610695819,0.0008044042365577834
3744,0.00039055250332846,0.0007745897944871791
3745,0.0005748524990243216,0.0008040197529577041
3746,0.0005131713153483967,0.00082451135287241
3747,0.0004330539202783257,0.0008038190881195515
3748,0.0003725752700120211,0.0007988357472812801
3749,0.00042491730418987573,0.0007909604337471574
3750,0.0003255594871006906,0.0008008914419191369
3751,0.000556765467626974,0.0008187464421879002
3752,0.0005644285352900624,0.0007955506044086142
3753,0.0003736093814950436,0.0007167097954968666
3754,0.000509644493771096,0.0006996589089701627
3755,0.0003555421639854709,0.000710031507613768
3756,0.0005369033431634306,0.0007470859890468199
3757,0.0004997915665929516,0.0008229594416439709
3758,0.0004203975375276059,0.0008883592807852817
3759,0.00036346437700558455,0.0008818168148644063
3760,0.000599216140108183,0.0008803559927816144
3761,0.0003780925665826847,0.0008706586750766893
3762,0.00038017589831724764,0.0008112124692626649
3763,0.0003957228851504624,0.0007486797089589481
3764,0.0004516393334294359,0.0007591217193215367
3765,0.0004344635953505834,0.0008130898714289216
3766,0.0005680943606421352,0.0008483629593053671
3767,0.0004803359120463332,0.000878293124278714
3768,0.0005393041181378066,0.0008581636137123711
3769,0.00037373375380411744,0.000832353356728829
3770,0.0006426165346056223,0.0007468358097702456
3771,0.00037064125450948874,0.0007167340205399334
3772,0.00044692951487377284,0.0007394962375992763
3773,0.00042742774821817874,0.000758813451663921
3774,0.0005321543857765694,0.0007907745556027709
3775,0.000721744397499909,0.0008255034083808501
3776,0.0005086669232696294,0.0008403131319851592
3777,0.0004959184909239412,0.0008171464618585095
3778,0.00042308828172584373,0.0008040019659340147
3779,0.0004235935378043602,0.0008354952844642616
3780,0.0005658711733606954,0.0008691469788107669
3781,0.0006090165814384818,0.000893930043827185
3782,0.0005415158695541323,0.0008522652098304028
3783,0.0004635608095365266,0.0008053100119275224
3784,0.0005693571913676957,0.0008293072198972282
3785,0.0005943891281882922,0.0008837316743479528
3786,0.0004965249022158484,0.0009119588577859544
3787,0.0004241150377007822,0.0009093367167854843
3788,0.0006083208097455402,0.0008568525216707182
3789,0.0004768482797468702,0.0007959749384858374
3790,0.0004219342217159768,0.0007550742449220564
3791,0.00041436064057052133,0.0007625604096495759
3792,0.0003936549881473184,0.0008358182921807656
3793,0.0003888217004714534,0.0009128807371988247
3794,0.0006448035749296347,0.0009487834323644932
3795,0.0005825622628132502,0.0009148631588185544
3796,0.000373906217282638,0.0008356918312249867
3797,0.00043351285081977644,0.0007246721512546367
3798,0.0006182206678204238,0.0006942198883126101
3799,0.0005129953535894553,0.0007212919786464291
3800,0.0005021907932435473,0.0007916232527464658
3801,0.0005904783572380742,0.0008600169765729985
3802,0.0005347892845747992,0.000896384175289349
3803,0.00043858895854403577,0.0009076495670464154
3804,0.0005436784995254129,0.0008432581555785787
3805,0.00046888984506949783,0.0008028642790975035
3806,0.00048627517729376755,0.0007842913683408534
3807,0.0006097073239895205,0.0008077996688542931
3808,0.0004548073280602694,0.0007834206610243386
3809,0.0005754537686395149,0.0007650280941010079
3810,0.0005037900681296984,0.0007893400878405315
3811,0.00043057118309661744,0.0007999008342689709
3812,0.000447432203994443,0.0008352903136341855
3813,0.0004922421862526487,0.0009047076281152783
3814,0.000498799739095072,0.0009162369959687036
3815,0.0006344926155482729,0.0008836596760546832
3816,0.0003633850486949086,0.0008469821365484162
3817,0.0006330303537348906,0.0008234893836678688
3818,0.00042215765182239314,0.0008023240194219626
3819,0.0005159517556118468,0.0008031031027240092
3820,0.0005966170205889891,0.0008386127080348519
3821,0.0005119021593903502,0.0008523204585254984
3822,0.00044024004600942137,0.0008309657004154031
3823,0.00033991546370089055,0.0008379908775412074
3824,0.0004581206284152965,0.0008502179329598865
3825,0.000516843741449217,0.0008986590629054864
3826,0.00036749106172161795,0.0009174818536505015
3827,0.0004813030983010928,0.0008625836708806602
3828,0.0006724866863805801,0.0008540217877882643
3829,0.0005701462039723992,0.0008829875132362322
3830,0.0004922647087369115,0.0008835077552055192
3831,0.000464620398512731,0.0008988235254431011
3832,0.00041221702316155036,0.000964637711693672
3833,0.00045630991226062176,0.0009452389602688705
3834,0.00041974148674247164,0.0008988535131591805
3835,0.00042998140949445464,0.0008526911725763115
3836,0.000678389006255505,0.0008177189992861749
3837,0.0005047815075765054,0.0008060587519655136
3838,0.0007085078667538862,0.0009021164616111549
3839,0.00043662271151940026,0.0009625892942738316
3840,0.0003869959308455388,0.0008803190898120873
3841,0.0005226332849512498,0.0007752617705369544
3842,0.0006197362517317136,0.0007760469166022967
3843,0.0004452425326841573,0.0008232882506476245
3844,0.0005305351728263001,0.0008710433261956668
3845,0.0006271764907675485,0.0009231242036362596
3846,0.0005073824897408486,0.0009295871342884333
3847,0.00042354727435546616,0.0008752511027745727
3848,0.0004490057084088524,0.0007593560366667661
3849,0.0003357559791766107,0.0007287451324115441
3850,0.00044055662389534217,0.0007886081010673386
3851,0.0005542535800486803,0.0008177930581077244
3852,0.0004502733354456723,0.000813486357150768
3853,0.0004546262905932963,0.0008080494818121825
3854,0.0004445439980675777,0.0008670775866957279
3855,0.00040922282884518307,0.0008248810519557813
3856,0.0005391661019530147,0.0007622112892659777
3857,0.0003655145759694278,0.0007569320709811245
3858,0.0004023446429831286,0.0007660908101577547
3859,0.0003357213844234745,0.0007504778968007121
3860,0.000411557505140081,0.0007279383971476854
3861,0.0003388735970171789,0.0007421778345170732
3862,0.0006660514355947574,0.0007723228031756562
3863,0.0004877873541166385,0.0007850630342910858
3864,0.0004806866558889548,0.0008421092707568442
3865,0.0005982237072506299,0.0008760319991077582
3866,0.0006962149636819959,0.0008816006579656359
3867,0.0005048039408090214,0.0009091416273933402
3868,0.0005323638441041112,0.0008879847729241284
3869,0.0005653815887247522,0.0008241486136148882
3870,0.0005304599821101874,0.0007977304449873265
3871,0.0005069920637955269,0.0008256021216988388
3872,0.00047085628805992505,0.0008160290507669378
3873,0.0004174322510759036,0.0008217068766032925
3874,0.0004583250770034889,0.00082989103929873
3875,0.00033511080934355654,0.0007946312958722948
3876,0.00049499643209856,0.0007887056788776114
3877,0.0005598713333408038,0.0008209669255783532
3878,0.00043045919155701993,0.000874047769383916
3879,0.00043469156759480635,0.0008987100406707536
3880,0.00034969924793889123,0.000896752508555165
3881,0.0004501995591757198,0.0008503350822940674
3882,0.0005167057698902984,0.0008304444417599442
3883,0.0005300295733225842,0.0008199567045818457
3884,0.00048597465890149274,0.0008930661394737485
3885,0.000564250530442223,0.0009067598310955544
3886,0.0004409969202242792,0.0009047766291723388
3887,0.0005925432352038722,0.0008621324535723277
3888,0.0005719783444268008,0.0008155034412034076
3889,0.00036537357373163105,0.0007726163057955055
3890,0.0005350124711791675,0.0007852740696031879
3891,0.00048252723839444417,0.0007756780272699878
3892,0.0003980054927524179,0.0008108706314824375
3893,0.0003976237901952118,0.0009116828670783893
3894,0.0003923338372260332,0.000922515271754026
3895,0.00039029003819450735,0.0008952811644064248
3896,0.00042638176625284057,0.0008510337758893661
3897,0.0004283799052548905,0.0007624018365126763
3898,0.0005934856987247864,0.000744068589726991
3899,0.00047885714254031577,0.0007882242013771806
3900,0.0003098815233291437,0.0008209441691329043
3901,0.000546797978070875,0.0008534202084044273
3902,0.0004332147693882386,0.000914167844705049
3903,0.0006617771286983043,0.00087713749229534
3904,0.0004224636980021993,0.0008199318841706566
3905,0.00063296514757288,0.0008139333312581183
3906,0.0005670460600716372,0.0007799081274035101
3907,0.0003831793185478697,0.000763006836398666
3908,0.00048819577787071464,0.0007544999146296855
3909,0.00040145654153699674,0.0007488874177261454
3910,0.00045189506684740387,0.0007736672267801766
3911,0.0005887966680650909,0.0008449783948833109
3912,0.00047119146135325235,0.0008848987963860928
3913,0.0005310694337822497,0.0008619751737225712
3914,0.00032398661909004053,0.0007855993688453033
3915,0.0003678683346758286,0.0007519721841635769
3916,0.0005189110098096232,0.0007393123457340275
3917,0.00036660964445521435,0.000745605940904879
3918,0.0004887782638737311,0.0007599487130284515
3919,0.000348597081998984,0.0007470282848592569
3920,0.00036357662756927314,0.0007509663100647703
3921,0.0003426211381641527,0.000761449476337339
3922,0.0003151130862534046,0.0007878440333939135
3923,0.0006487806715692083,0.0008481756232194896
3924,0.00044651682449815176,0.0008154260585869215
3925,0.0004863348789513111,0.0007491714302056257
3926,0.00044026197865605355,0.0007331141117844716
3927,0.0005314579349942506,0.0007643482664336017
3928,0.0004734448700522383,0.0007960627083052463
3929,0.0004471628926694393,0.0008315982314937668
3930,0.000464243337046355,0.000852156497169594
3931,0.00043026718970698614,0.0008051876179455948
3932,0.00047761823904390134,0.0007829914509096938
3933,0.0003981918329373002,0.0007954653360290585
3934,0.0005705655979303023,0.0008956178970997934
3935,0.0005695155744130413,0.0009298309464718941
3936,0.0006072288214151437,0.0008826166254790925
3937,0.0005491183061773578,0.0008579350872273285
3938,0.00039780266815796493,0.0008215652672183428
3939,0.0003929454949684441,0.0007989889545426667
3940,0.00037228520571564637,0.0007735617913940086
3941,0.00031769602404286467,0.0007498573408027613
3942,0.0006479708477854729,0.0007707611751636329
3943,0.0005055354287226995,0.0008093148672047592
3944,0.0003914118278771639,0.0008087286580808637
3945,0.000595874636201188,0.0008105725594466244
3946,0.00039432681902932626,0.0008415792435985132
3947,0.00033761905894304315,0.0008087544173770401
3948,0.0006145164215316375,0.0007713027861048137
3949,0.0005784773617051542,0.0007547045299117857
3950,0.0005400923585208754,0.0007722147386479851
3951,0.0005013520906989773,0.0007834653937836237
3952,0.0004356373838769893,0.0007711401628376183
3953,0.0005061034268389145,0.0008106889437167268
3954,0.00044118865625932815,0.0008747404281739292
3955,0.0007840605278033764,0.0009327192138147166
3956,0.0005040379939600826,0.0009378438884682044
3957,0.0003824159502983093,0.0008456555053529396
3958,0.0005380766233429313,0.0007900687311106823
3959,0.0004702099269100775,0.0007594296522851022
3960,0.00047184750437736513,0.0007935557239432269
3961,0.0005029726094411065,0.000831133837941814
3962,0.0004365759474846224,0.0008692783246267822
3963,0.0006146070547401905,0.0008423094909022174
3964,0.000511183733275781,0.0008063177908376578
3965,0.00041242497585092984,0.0007893845590663795
3966,0.00038210121953549485,0.0007640769628177243
3967,0.000492666681141903,0.0007472177519413503
3968,0.0005845699983183294,0.0007967164156285635
3969,0.0005738517347102363,0.0008145833973943322
3970,0.0004582137141066293,0.0008003447658802184
3971,0.0004232421905423204,0.0007685144551283511
3972,0.0004148468840867281,0.0007454794804074281
3973,0.0003987863194197416,0.0007666832116371989
3974,0.00035623002234691135,0.0007937855580381638
3975,0.00048170226315657295,0.000847524753863388
3976,0.0005895362856487434,0.0009039683960924497
3977,0.0006882971036247909,0.0009185341603899975
3978,0.0004988655001701166,0.0009025217370335453
3979,0.0003951940588497867,0.0008473545817042313
3980,0.0004426205608372887,0.0008196957227425636
3981,0.00033038403101575873,0.0008489353024019442
3982,0.0005840395945900431,0.0008902344199568473
3983,0.0006770275455589095,0.0009091410776288579
3984,0.0005209715648864707,0.0009331135223637972
3985,0.0003811856411630288,0.000869836982735616
3986,0.0004841210242981712,0.0007865719046209037
3987,0.00043889275984838606,0.0007690197994884866
3988,0.0005721650901250541,0.0008308430482802077
3989,0.0006864991621114314,0.0009020952756267305
3990,0.00045311194844543934,0.0009260868282867669
3991,0.00045452706981450317,0.0008828180290274616
3992,0.0005429447744973003,0.0008092791647109475
3993,0.0003707300629078721,0.0007695758311484947
3994,0.0005420974717708305,0.0007495291198339811
3995,0.00039726654067635537,0.0007651270116041378
3996,0.0004288046698396405,0.0008322716487560597
3997,0.0005998206712926427,0.0009447804012328503
3998,0.00041576645841511585,0.0010337660118468165
3999,0.00048240981996059416,0.0010248949793882404
4000,0.0006176344041402142,0.0010091128418090072
4001,0.00037392478358621396,0.0009210670640046789
4002,0.0003599338427496453,0.0008343614813849682
4003,0.000528894974074016,0.0007889224240404195
4004,0.0003972091595642269,0.0008004858164487069
4005,0.00035096318461000917,0.0008179136090380265
4006,0.0005157612458181877,0.0008016047990325413
4007,0.00047354837491487466,0.000809543301451284
4008,0.0005385690368711948,0.0008438348077607935
4009,0.0003500705914727102,0.0008184991219616312
4010,0.00039892341010272503,0.0008002248027556261
4011,0.0005381325880686442,0.0008252002956532675
4012,0.0003828086502229174,0.0008512753594527388
4013,0.0007379014898712436,0.0008898040726157565
4014,0.0004319351981393993,0.0009163546934632189
4015,0.0004801333377448221,0.0009226617611867677
4016,0.000397608809483548,0.0008311137675278359
4017,0.00040461525786668063,0.0007884469824910942
4018,0.0005587261325369279,0.0008018088855186668
4019,0.00047350805252790453,0.0008412655532327077
4020,0.00045176513182620205,0.0009209778344104667
4021,0.000603760154141734,0.0009141734665567715
4022,0.0003634958372761806,0.0008610444439952739
4023,0.0003545092651620507,0.0008293962487437594
4024,0.00038329222976850964,0.0008037531528187418
4025,0.0004800424057369431,0.000793372765806775
4026,0.0005661385929367195,0.0007464001010223402
4027,0.0004974776801342766,0.0007578951638241438
4028,0.0005453488440252841,0.0008143143438253787
4029,0.0005157220953454574,0.0008012147038931203
4030,0.0004912273065807919,0.0007993336370504484
4031,0.00034986890386790037,0.0007846641936797766
4032,0.00039670670812483875,0.0007662908273783887
4033,0.0005410670458028714,0.0008171326824551903
4034,0.0005335570002595584,0.00086036646774398
4035,0.00046300531054536503,0.0008780942894298378
4036,0.0004989375864776472,0.000864357974675418
4037,0.000696575870582213,0.0008523990292428428
4038,0.0003953234467189759,0.0008232375635769159
4039,0.000526422425173223,0.000777550923498714
4040,0.00065837365303499,0.0007653350678985704
4041,0.00031228449273233613,0.0008248396728400463
4042,0.00039705751502575975,0.0008586210126055434
4043,0.0003935888526029885,0.0008285622042328794
4044,0.0003661067884725829,0.0008241042209922989
4045,0.0005484620730082194,0.00080041150463008
4046,0.0004438078438397497,0.0007970297654566362
4047,0.000506586932654803,0.0007944064308553715
4048,0.00031942331697791814,0.0008281868387253838
4049,0.0003662601967031757,0.0008757064590142585
4050,0.00044363094493746755,0.0008690014053466107
4051,0.00044246622128412126,0.0008629901688930937
4052,0.00038993294389608006,0.0008376657954320003
4053,0.0004826363428340604,0.0007808758684949157
4054,0.0005412063173328836,0.0007482416447486699
4055,0.0005617025308310986,0.0007845473664356249
4056,0.0004803003976121545,0.000858199153155983
4057,0.0005334071116521955,0.0008606895321785788
4058,0.0005367146106436849,0.0008153430630561097
4059,0.00041773935469488304,0.0007743558968558512
4060,0.0006641147658228875,0.0008038448034162362
4061,0.00048665819534411036,0.0008334842440397222
4062,0.0005087302667864909,0.000842966354501573
4063,0.00037133739291069406,0.0008645421810682834
4064,0.0004927080241031945,0.0009187746659658233
4065,0.0004655842281257113,0.0008930304008866037
4066,0.00040142080203319587,0.000866966716226513
4067,0.00041417536170532305,0.0008221882483445284
4068,0.0003348537701337288,0.0007720561845889902
4069,0.0004451070553235089,0.000716990327891549
4070,0.00048587277997285127,0.0007273318439879726
4071,0.0005453319133569797,0.0007576120344282121
4072,0.00040378982666879895,0.0007968162985997069
4073,0.0005630529175202052,0.0009031868979745494
4074,0.0005126853880938143,0.0009225705183866456
4075,0.0004390112628849844,0.0008176591972165969
4076,0.000431041675619781,0.0007248754256980596
4077,0.0005666351411491632,0.0007345881073609156
4078,0.0004944262017185489,0.0007962240441289811
4079,0.0004100482367600004,0.0008727952037703275
4080,0.0003756777111751338,0.000865728064077195
4081,0.0004967417102307081,0.0008307797149076736
4082,0.00039580391409496467,0.0008151054051869702
4083,0.00038923152800028523,0.0008577769668039492
4084,0.0004806853268140306,0.000903526997774854
4085,0.0005061218786674241,0.0008713389198226106
4086,0.0005937776159650336,0.0008335593628594432
4087,0.0005453440729373445,0.0008022695247910726
4088,0.0004618573080127438,0.0007547218942424415
4089,0.0005468157469294965,0.0007608095177093623
4090,0.00041640298053001364,0.0007404934809227862
4091,0.000368650711607188,0.0007428977849657691
4092,0.0007378256414085627,0.000790644338992461
4093,0.00039403977959106363,0.0008687385026545184
4094,0.0003818616271018982,0.0009618652443672846
4095,0.0007814566294352213,0.0009539547661873035
4096,0.0004081004997715354,0.000935386137818683
4097,0.0003600328617418806,0.0008469055541726856
4098,0.00040316426117594043,0.0007559777157038348
4099,0.0004850288232167562,0.0007595362758867105
4100,0.0003764644827848921,0.0007624016535252068
4101,0.0003882327097623299,0.0007587509994270412
4102,0.0005262820438171426,0.0007581648309797592
4103,0.000515713996719569,0.0007861981106056707
4104,0.0004582226742058992,0.0007973926192961677
4105,0.0006666860620801648,0.0008228019173907879
4106,0.00034377524668040375,0.0008046297348694744
4107,0.0004658408851052324,0.0008041511408253169
4108,0.00053308301527674,0.0008706695658675446
4109,0.0003568690658236543,0.0008778195908635957
4110,0.00043106712012862166,0.0007965360864617414
4111,0.0005338476660350958,0.0007614090420648558
4112,0.0003728127204036961,0.0007628771970525208
4113,0.00032177395381343863,0.0007700112591704764
4114,0.00040836952005823455,0.0007855834419459588
4115,0.00042292533131937183,0.0008049175843567126
4116,0.0006193069353078802,0.000761266862634408
4117,0.00041693632956594227,0.0007599224394882157
4118,0.0004385070332015554,0.0007629061133122277
4119,0.00043872209110607706,0.000788362420967956
4120,0.0004236957194128384,0.0007850974426956804
4121,0.0003547970244350533,0.0007663735667038269
4122,0.0004470987400660912,0.0007509431216451449
4123,0.0004032156915248682,0.000716944149393757
4124,0.0004371519976605972,0.0007025674010689304
4125,0.000564880467330416,0.0007393600573391089
4126,0.0005231127763787905,0.0008195845146001661
4127,0.0005206664364474516,0.0009110684655093419
4128,0.0006013424339471385,0.0009235455180191999
4129,0.0004885592342664798,0.0008839514754129588
4130,0.00043288269080221653,0.0008590119023712014
4131,0.0005694190195451181,0.0008209863678537544
4132,0.0005603923113085329,0.0007863364412264136
4133,0.00038653976128747065,0.0008023933229755288
4134,0.00033493250763664645,0.0008332597361749229
4135,0.00030192010259876646,0.0008190807444822616
4136,0.0005685140805629392,0.0008011851734738416
4137,0.00030752378127848107,0.0007442106709606564
4138,0.0004277561247969667,0.0007714661896754951
4139,0.0005761504056863487,0.0007988599640744423
4140,0.0003848126798402518,0.0007882435334246884
4141,0.0006240869949882229,0.000767907863583665
4142,0.00042994841933250425,0.0007516621697032238
4143,0.00037134638405404984,0.0007546659987319012
4144,0.00036720241769216955,0.0008125826095388542
4145,0.0004137740257040908,0.0008779582056477226
4146,0.0004896644502878189,0.0009274635586326604
4147,0.0005058938909011583,0.0009294991364508251
4148,0.0005203157585735122,0.0009322832629550248
4149,0.0005380731619273623,0.0009139799249384141
4150,0.00048695342460026346,0.0009262259968457465
4151,0.000496623005407552,0.0008727167091354376
4152,0.0006636229886983831,0.0008755247092596805
4153,0.0005407288864565392,0.000857082899113545
4154,0.00031316826643887905,0.0008327834716976041
4155,0.0004952670094401886,0.0008041672759201729
4156,0.0005549917540823419,0.0008040181591219497
4157,0.0005536347588834663,0.0007944456985684141
4158,0.0005398307150850693,0.0007923623296252532
4159,0.0004030881177944442,0.0008060531311450291
4160,0.000452265872930487,0.00081111425048063
4161,0.0003656674389882634,0.0007949842722842646
4162,0.0004821109818294644,0.0008119515892242881
4163,0.00040128562056149046,0.0008372465762956889
4164,0.0005088735100192329,0.0008425768936881576
4165,0.0003476833924651146,0.0008472342212092293
4166,0.0003921437989144276,0.0008024684633366675
4167,0.0003769521446277698,0.0007917744841556777
4168,0.0005012142258541038,0.00082842471934195
4169,0.0004884042641303192,0.0009286431096105535
4170,0.00046532225678674877,0.0009381293415872923
4171,0.0005609256545236955,0.0008654367000159741
4172,0.0003597346415820842,0.0007718960613866638
4173,0.00035207554853210844,0.0006895145046383538
4174,0.00039210494239038475,0.0006902193795320373
4175,0.00043438915939380727,0.0007395450776079889
4176,0.000502616287364314,0.000827429562671418
4177,0.0004074400407262146,0.0008444501720478861
4178,0.0003848335589282215,0.0007710167454091803
4179,0.000542485824553296,0.0007045102374688686
4180,0.000460376706905663,0.0007303729020865766
4181,0.0003572629143794378,0.0007965589854472104
4182,0.0003404110611882061,0.0008320110199439493
4183,0.0004623859926747779,0.0008050251391663136
4184,0.00048147756218289335,0.0007795051838395985
4185,0.0003537763647424678,0.0007739059087833184
4186,0.00047491766745224597,0.0007883633690195041
4187,0.0005610441556200385,0.0008264498138437267
4188,0.00031697701973219713,0.0008113542445623646
4189,0.0006491295993328094,0.0008162945301792635
4190,0.0005233610592161616,0.0007731191248827299
4191,0.00040505144279450177,0.000789811952483261
4192,0.00031891525140963494,0.0007641500134321707
4193,0.0006362304246673981,0.0007440782365009673
4194,0.0005050704232417047,0.000839155400630204
4195,0.0004509791731834412,0.0009369833869712911
4196,0.000592189336506029,0.000892800935516574
4197,0.0005063563119620084,0.0007930462189957383
4198,0.00037492979414916285,0.0007569495498937899
4199,0.00038491501472890375,0.0007420063492480857
4200,0.00046090341250722605,0.0007530932700147809
4201,0.00042404585983604195,0.0007904279828355757
4202,0.00037264279865970213,0.0007863510198392502
4203,0.00030085302423685787,0.0008161059930447606
4204,0.0004937930537077288,0.0008452161628657614
4205,0.00040764113267262775,0.0008578854372383894
4206,0.0003749124084909757,0.0007670000040817522
4207,0.0006620476992490391,0.0007314421704009645
4208,0.0005856961011886597,0.000777733561149285
4209,0.00041592200674737495,0.0008643928857512889
4210,0.00042487941100262107,0.0008501824166618404
4211,0.00035916379808137813,0.0007790172767988589
4212,0.00047421342460438607,0.0007563540589396189
4213,0.0003663024263611684,0.000747465791398894
4214,0.0004248523289182534,0.0007640629588336661
4215,0.00038747714424971493,0.0007948688977108315
4216,0.0005444444832392037,0.000850085339804114
4217,0.0004510978605442991,0.0009153219706224878
4218,0.0005198468066131075,0.0008976260169434882
4219,0.0003361774288350716,0.0008309636826262127
4220,0.0005026670017590126,0.0007842037395718984
4221,0.0004407089940893153,0.0007406754839036057
4222,0.0004692709500280519,0.0007481435278300416
4223,0.0006286190745110313,0.0008163891345863854
4224,0.0004036832057560484,0.0008728317192234979
4225,0.0004840692641058316,0.0008562829205216326
4226,0.00048124159220606086,0.0008284196776189423
4227,0.00038613924213374656,0.0007602106304298426
4228,0.0003607495493876437,0.0007247212385313263
4229,0.0004691794611668835,0.0007307446010843447
4230,0.0003934085873576502,0.0007850136489865891
4231,0.00041269329764569797,0.0008360583406889547
4232,0.00035241031631206475,0.0008782648319180498
4233,0.000428553216625005,0.000883051967679149
4234,0.00034025716789377235,0.000824547094782433
4235,0.0004171839216724038,0.00082736101787992
4236,0.00042967965127900244,0.0008218675888717307
4237,0.0004931803559884429,0.0008032392777134041
4238,0.0005840659141540527,0.000792211745489814
4239,0.0004334973462391645,0.0008036205282674985
4240,0.0005366423167288304,0.0008728804092443599
4241,0.00038387356131958463,0.0009058749607551521
4242,0.0005463815915087859,0.0008714579776347446
4243,0.0006224003775666157,0.0007975011756671152
4244,0.00041834228904917835,0.0007875952072162914
4245,0.0005729388756056627,0.0007974932017904802
4246,0.0005807822298568983,0.0007996212216240801
4247,0.000527316607379665,0.0007492518003188499
4248,0.0004916549776680767,0.000780229214954696
4249,0.00041928912008491656,0.0007885302855600199
4250,0.0005287417288248737,0.0008516784390254958
4251,0.00040342948438289264,0.000851757907607468
4252,0.0004487769891663144,0.0008163206459400721
4253,0.0004298674679982165,0.0007611726558268598
4254,0.00037159768398851154,0.0007596135281088696
4255,0.0006435910783087214,0.0007893383664750003
4256,0.00030986487593812246,0.0008515419299149607
4257,0.0003975573112256825,0.0008526912935749137
4258,0.00033829487899007896,0.0008480650593717326
4259,0.0007164913190839191,0.0008473356319023077
4260,0.0003383857760733614,0.0008554521468688008
4261,0.0004312967008445412,0.0008232564997435804
4262,0.0005094601927946011,0.0007659397868294723
4263,0.0003940759343095124,0.000744229608731469
4264,0.0004758603017156323,0.0007498930240467953
4265,0.000510771725870048,0.0007983317176351235
4266,0.0002904771400305132,0.0008395427106247158
4267,0.0005397629846508304,0.0008383927961690425
4268,0.0005867195044023296,0.000777062228019166
4269,0.00048543449568872653,0.0007479943343764538
4270,0.0003719426051247865,0.0007586128154712707
4271,0.0004899193998426199,0.0007669825070651292
4272,0.00039166653684029974,0.0007770200215067392
4273,0.00043003595201298597,0.0008845474948193584
4274,0.0004006521427072585,0.0009175085897583104
4275,0.0005060467480992278,0.0008697323212363413
4276,0.0003732790103337417,0.0007595809323916681
4277,0.0004109239283328255,0.0007540158027742704
4278,0.0003709762454188118,0.0007850220968889981
4279,0.00034054801993382475,0.000823388939244878
4280,0.0005415905965492129,0.0008821453913811624
4281,0.000468833038272957,0.0009394396184925284
4282,0.00035689276410266757,0.0009276483924766108
4283,0.0005176497468103965,0.0008830893007895403
4284,0.00044525360378126305,0.0008098327399618323
4285,0.0005801939327890675,0.0008092198948748043
4286,0.0004860768676735461,0.0008412791809294461
4287,0.0005190849440017094,0.0008787025835486056
4288,0.00044043622134874266,0.0009425485210573873
4289,0.0005616498723005255,0.0009351238699109243
4290,0.0003784923581406474,0.0008806603778278323
4291,0.0004984009836334735,0.0007947407071396166
4292,0.00036052899862018724,0.0007310222186272832
4293,0.00047516888201547166,0.0007138729801742492
4294,0.0004849756291757027,0.0007782112428914815
4295,0.00035690419802752635,0.0008499135208723142
4296,0.0005218585177014271,0.0009247062044441846
4297,0.00036088630246619384,0.0009281413279488448
4298,0.00042193646853168804,0.0008506078399556476
4299,0.00045134490161823727,0.0007941157311406427
4300,0.0004427733481861651,0.0007820704140183406
4301,0.000553660715619723,0.0007846776882322197
4302,0.0005351272993721068,0.0007529622181016203
4303,0.0005321644867459933,0.0008043693654710338
4304,0.0005726717664704968,0.0009143865432619579
4305,0.0004947135224938392,0.000912112717362722
4306,0.0003968356371236344,0.0008619961094598865
4307,0.00039941062762712437,0.0008367871942170932
4308,0.00043394047922144335,0.0007884307227310116
4309,0.0004157186602242291,0.0008080293407011044
4310,0.0003865212376695126,0.0008178975865772859
4311,0.0005081929615698755,0.0008667298756708487
4312,0.0003864979778882116,0.000842988815325437
4313,0.0004221809717516104,0.0007924845021201562
4314,0.0004488052645077308,0.0008350311115972595
4315,0.0004158933957417806,0.0008512526474651096
4316,0.0004010206883928428,0.0008275630413169614
4317,0.0004659679737718155,0.0008136449644331065
4318,0.0005939866416156292,0.0008128880320105878
4319,0.0003583368728868663,0.0008570643567652478
4320,0.0005541123527412613,0.0008450890215220091
4321,0.0003561711753718555,0.0007826150289560691
4322,0.0004880535649135709,0.0007242726952233535
4323,0.0004726888223861655,0.0007161035865415107
4324,0.000407797967394193,0.0007355550532531742
4325,0.0005689107075644036,0.0007712545765263182
4326,0.0003337479623345037,0.0008303257666517225
4327,0.0003998642593311767,0.0008223741349679836
4328,0.00038808790656427543,0.0008266119874911163
4329,0.0004717909207101911,0.0009030883656961359
4330,0.00039142499833057324,0.0009627720250795764
4331,0.00035005819130068025,0.0009192529704612424
4332,0.00041778249433264134,0.0008186864163396572
4333,0.0004944736700660239,0.0008064267171939146
4334,0.00037943038623780014,0.0007967762957284902
4335,0.00037676975480280814,0.0008358122296466339
4336,0.00046922618057578804,0.0008523868984454788
4337,0.0004408029606565833,0.0007976905812186695
4338,0.0006678645421440403,0.0007309437671898109
4339,0.0005804022774100303,0.0007913158830680599
4340,0.0004941743526918192,0.000832751177101924
4341,0.0006242180398354928,0.0008672782013469603
4342,0.0005051023908890784,0.0008716773898084098
4343,0.0005555041056747238,0.0008418734592622087
4344,0.0004989024891983718,0.0008067184973024126
4345,0.0004350716403375069,0.0008011845043149051
4346,0.00035428037711729605,0.0007863491067780168
4347,0.0004523782175965607,0.0007898749500159247
4348,0.00034534260048530997,0.0008199350501861658
4349,0.0005115474419047435,0.0008846444848239216
4350,0.0005613589193671942,0.0009694368464828241
4351,0.0004777900758199394,0.0009891940124963565
4352,0.0005509320239070803,0.0009668044625381814
4353,0.0003911220779021581,0.0008719826316988961
4354,0.00037303800345398483,0.0008061516951626592
4355,0.0005167107369440298,0.0007631023880552617
4356,0.0005408571373360853,0.0007429892789869474
4357,0.00041238256574918826,0.0007371015287110744
4358,0.0003081325558014214,0.0007821063744362561
4359,0.0004387916958269974,0.0008232714115609011
4360,0.000328281915669019,0.0008526930235340956
4361,0.00042665125026057166,0.0008102375211920149
4362,0.0003386116586625576,0.0007722525743723619
4363,0.0004297387922027459,0.0007230859428807345
4364,0.0004730108853739997,0.000723895032919474
4365,0.0005849544560381522,0.0007885774965563011
4366,0.0005342697724699974,0.0008935604746798127
4367,0.0004665409370015065,0.0009389742929305089
4368,0.0003813060640823096,0.0008859109964430713
4369,0.0005948554627442111,0.000833892936526805
4370,0.00044454905049254496,0.0008094556361306678
4371,0.00043284567849089705,0.0007855554369569749
4372,0.0005079485708847642,0.0007935183990827403
4373,0.0004943151803066333,0.0008058015969361905
4374,0.0005017562051458905,0.0008387500885415705
4375,0.00047029125465390583,0.0008977482544063906
4376,0.0004445953411050141,0.0009258509259285978
4377,0.0004246913323489328,0.0008974040417994306
4378,0.0003607196384109557,0.000812056927559494
4379,0.000527120940387249,0.000769732516775949
4380,0.00038753178669139745,0.000799244155948725
4381,0.0005290481126091133,0.0008268276475622928
4382,0.0004395673672358195,0.0008332498962156783
4383,0.0004449518940721949,0.0008398636359277761
4384,0.0002980968604485194,0.0008356803970862415
4385,0.0005433512075493733,0.000787114611080679
4386,0.00029467805288732054,0.0007272428600575892
4387,0.00031913451966829597,0.0007274020881452561
4388,0.0004296502661115179,0.0007751476555635536
4389,0.0004948960267938673,0.0008474807458926051
4390,0.00044017985928803684,0.0008427239055002812
4391,0.00041914848843589426,0.0007923365563500716
4392,0.0006314917855585615,0.000783310007229704
4393,0.0005988866459423055,0.0007884607653318736
4394,0.00048003605334088204,0.0008575237286460447
4395,0.0004984798996398846,0.0008529143712270683
4396,0.00043707055350144706,0.0007925865740660124
4397,0.0003541741859711086,0.0007548274490230636
4398,0.000578312862974902,0.0007659656066249499
4399,0.00038339798726762334,0.0008118349756755844
4400,0.0004705088445916772,0.0008584010986772578
4401,0.00043799669171373047,0.0008582731479261892
4402,0.0006006644805893302,0.0008267026147566824
4403,0.0003994997978831331,0.0008195774255258097
4404,0.0006294409055650855,0.0008177714164306476
4405,0.0005601595505140722,0.0008029665676033579
4406,0.0005087821821992596,0.000787225518789047
4407,0.0003986568093144645,0.0007933521506699227
4408,0.00044222176657058296,0.0008140823435575489
4409,0.0003525621296527485,0.0008315667505449373
4410,0.0005287314144273599,0.0007751086519620432
4411,0.00039261033137639366,0.0007773299818843838
4412,0.00036381093862776953,0.0008101164930276426
4413,0.0005032831405211861,0.0008817541818171153
4414,0.00038451925890209773,0.0008529201750350221
4415,0.00048675856669433415,0.0008347715170023684
4416,0.00035784236970357595,0.0008040367011265008
4417,0.0003771589098808666,0.0007868798772298445
4418,0.00039422888463983935,0.0007709375617926662
4419,0.0005791220619964103,0.0007666723403252852
4420,0.0003506717582543691,0.0007936760759591602
4421,0.0004498198725438366,0.0008303212806514618
4422,0.00048050377905989685,0.0008720137670683843
4423,0.0003692671734218796,0.000863611203843845
4424,0.0005186866309183339,0.000844865913849368
4425,0.0005167273765740295,0.0008087209872736442
4426,0.0003825148101896048,0.000791316121627804
4427,0.00048003437696024774,0.0008132342785628014
4428,0.00045928019486988586,0.0008127711030176115
4429,0.000446694177420189,0.0007727287138407082
4430,0.0004373477306216955,0.0007759387326228807
4431,0.0004061618742222587,0.0007768391604502282
4432,0.00040167303329023224,0.0008662037137074499
4433,0.0003757488952639202,0.000875438636628999
4434,0.00036847522327055536,0.0008116700325810211
4435,0.0004153678290701161,0.0007683881442750049
4436,0.0006261621757100026,0.0007534232059324996
4437,0.0005692751612514258,0.0007666538277683104
4438,0.0004135427841295799,0.0007985546936530355
4439,0.00037303551992711923,0.0008285059297996331
4440,0.00044783124079306923,0.0008237851597093721
4441,0.0004593148090255757,0.0008291201849328721
4442,0.0004295315438260635,0.0008442518609533762
4443,0.00038601120468229055,0.0007973104877137088
4444,0.00037674543758233386,0.000734517376000927
4445,0.0005221228930167854,0.0007247054291931237
4446,0.0003879726476346453,0.0007560918636768543
4447,0.00045111810128825407,0.0008489172179233577
4448,0.0004472976666875184,0.0009711644388588629
4449,0.0003324549043706308,0.0009517726631868103
4450,0.00043109882584152124,0.0008509315499452888
4451,0.00045140221482142806,0.0007476610962052163
4452,0.0003562858192405353,0.0007448441630383353
4453,0.0002965785679407418,0.0007229740125279301
4454,0.0005849841400049627,0.0007335133031313125
4455,0.00039372918351242937,0.0008285718078094381
4456,0.0006005323841236532,0.0009242952462124426
4457,0.0003966102027334273,0.000855211272338904
4458,0.00037092716859964033,0.0007825409005832397
4459,0.00038855290428424873,0.00075950523160992
4460,0.0005211202272524437,0.0007777554416152699
4461,0.00042213243044291935,0.000827223728924227
4462,0.0005062609678134322,0.0008951677431125105
4463,0.00047014830828023455,0.0009281794780289652
4464,0.0003644122994349649,0.0008627667540260847
4465,0.00048497795748213924,0.0007690081400815104
4466,0.0003474373758460085,0.0007552861605677387
4467,0.0005291243238995472,0.0007783411128912121
4468,0.0004101832125646373,0.0008292681996813264
4469,0.0004585359264941265,0.0008136742323450011
4470,0.0004559881441916029,0.0007843244929113206
4471,0.0005282590495577703,0.0008061415359779357
4472,0.0005082008273651202,0.0007967206897666883
4473,0.00035278228654836614,0.0007626051296329669
4474,0.0003673644814019402,0.0007169064347825643
4475,0.0003612655603016416,0.0006768379447978049
4476,0.0004970214921437825,0.0006827099621616758
4477,0.00037606822055143613,0.0007044707889454145
4478,0.0005127771485907336,0.0007519061979883549
4479,0.0004951378408198556,0.0008114211314667647
4480,0.00039079662722845874,0.0008481392668061486
4481,0.00044984943039404847,0.0008326352889719236
4482,0.0004954633768647909,0.0008154290900831514
4483,0.0003977933820957939,0.0008043328573511121
4484,0.00042944768404898543,0.000824935471879201
4485,0.00036009404575452206,0.0008249676510907974
4486,0.00040642752622564634,0.0008680301853162273
4487,0.0005786005912038187,0.0008436095434255663
4488,0.000516344925078253,0.0008118110941493825
4489,0.00045192816760390996,0.000828063411672057
4490,0.0005034149663212399,0.0009150361987362491
4491,0.000776776229031384,0.0009738471836592327
4492,0.0005061496844670425,0.0009882443116548815
4493,0.0004438405914697796,0.0009137357809254533
4494,0.00041649143871230385,0.0008196218482834675
4495,0.0004746898737115165,0.0007786347593114836
4496,0.000572804109348605,0.0008211494915005861
4497,0.00046644791727885605,0.0008499769508374825
4498,0.00031675710342824457,0.0008352948311444988
4499,0.0004909194850673278,0.0008175585418481263
4500,0.000492559033834065,0.00080488919288261
4501,0.00033520766689131655,0.0008044440661810016
4502,0.0005218887856851021,0.0008200786620063164
4503,0.0004436575109139085,0.0008128175269500683
4504,0.0005173598843005796,0.000767773428407505
4505,0.0004366724577266723,0.0007602736052752685
4506,0.0004116143914870918,0.0007862395670642622
4507,0.0003334245760925114,0.0008156549324846174
4508,0.00044871883583255114,0.0008482898319209743
4509,0.0002982655346083144,0.0008584062867214917
4510,0.0005600739270448685,0.0008605203243416154
4511,0.00041134476972122985,0.0008043784663763162
4512,0.0004005575048116346,0.0007310308693398494
4513,0.00046515766880474987,0.0007316488810442755
4514,0.0004111585090868175,0.0007892112314332585
4515,0.0006149247443924347,0.0008821813249868877
4516,0.0003183864251089593,0.0008831210372562513
4517,0.00048090155081202587,0.0008252591033801656
4518,0.0004258751093099515,0.0008265352272841068
4519,0.0005552219673215102,0.0008042842043402392
4520,0.00039641737239435313,0.0007664078207664543
4521,0.00047164998250082135,0.0007753113361935344
4522,0.0006013281274742136,0.0007932897988068835
4523,0.0006291499749446909,0.0008549901714555802
4524,0.0005085287761176005,0.0009058137485247809
4525,0.00032340231894825895,0.0009167398070351873
4526,0.0005275895586237311,0.0008261249064720845
4527,0.0004632566473446786,0.0007636093252199138
4528,0.00035434516612440346,0.0007477367272065204
4529,0.0004580332509552439,0.0007674801528891989
4530,0.00035092509739721814,0.0007971663223478694
4531,0.0005230070305212091,0.0008368726006679707
4532,0.00046324429179852206,0.000849610601559164
4533,0.00048519154079258443,0.0007466834291034766
4534,0.000598241836996749,0.0006985018029465252
4535,0.0004741180338896811,0.0007649869498783928
4536,0.00037204722951476773,0.0008363059895364274
4537,0.0005749605208014448,0.0008460616263905613
4538,0.0004123468262453874,0.000831421602523783
4539,0.00040488157731791337,0.0007743135803446951
4540,0.0005081587044211725,0.0007966799233209591
4541,0.00044482980544368423,0.0007607480002325175
4542,0.0005089780238146584,0.000771652062319945
4543,0.0005363902775570751,0.0007562344860813514
4544,0.0005499764384391408,0.0007840992863827173
4545,0.0003898177043690036,0.0008349557763321222
4546,0.0003530764758276443,0.0008070458579894639
4547,0.00036459344749649366,0.0007367688330856526
4548,0.0003613187504621843,0.0007295985298238578
4549,0.0005637933713539193,0.000733981971050554
4550,0.00043735324094692867,0.0007861839864250845
4551,0.0005098963078732292,0.0008449830030279938
4552,0.0004932574345730245,0.000831130177390351
4553,0.0005386586960715552,0.0007927795754301941
4554,0.0004717434251991411,0.0007985038190115771
4555,0.0004036771676813563,0.0008184761960493899
4556,0.00041240187905107933,0.000815666479028314
4557,0.00039147222026561697,0.000785430112883896
4558,0.00036553215856353444,0.0007620069256059709
4559,0.00038060086856906615,0.0007628836331240041
4560,0.000399143694085069,0.0007649566894571304
4561,0.00033153654852261145,0.0007735856336185811
4562,0.00039826933255729575,0.0007897235026196246
4563,0.00044766573701053857,0.0008091279755824971
4564,0.0003255544346757233,0.0007872110167169929
4565,0.000474389906351765,0.0007837544369289476
4566,0.0005075066990684717,0.0008139087985623555
4567,0.00042073035147041085,0.0008648164964722851
4568,0.0004061514550509552,0.0008771450411873011
4569,0.0004773089565181484,0.0008018881728318997
4570,0.0004501139977946877,0.0007654845396718597
4571,0.00035633218164245287,0.0007531305081366862
4572,0.00035685666953213515,0.0007723079412015096
4573,0.0005308957595843821,0.0007901542163939824
4574,0.0006048152844111125,0.0007928175435540831
4575,0.0005130728745522599,0.0007586297399215914
4576,0.0004515748509826759,0.0007550600066177885
4577,0.0005848240340128541,0.0007610656858438362
4578,0.0005252775425712268,0.0007860937434675788
4579,0.0003870885508755843,0.0007986441608903357
4580,0.0004163784207776189,0.0007863713324795968
4581,0.00028766490674267213,0.0007720474005029647
4582,0.0004316014897388717,0.0007588180229131968
4583,0.000419082201551646,0.0007602596016349565
4584,0.0004835872872111698,0.0007859019110690597
4585,0.00039767685423915583,0.0007478054246212554
4586,0.00047665192590405544,0.0007578579142440375
4587,0.0004245296275864045,0.0007041411624564129
4588,0.0004998923453968018,0.0007157779095225095
4589,0.0004644523238918434,0.0007805437468107804
4590,0.00034516296194245417,0.0008157037545039546
4591,0.0004031956564479818,0.0008501268298352343
4592,0.0003076634951867163,0.0008316094356664185
4593,0.0003538164640000711,0.0007869237339523746
4594,0.00037869473453611135,0.0007601384038892098
4595,0.00043367530840138593,0.0007726471456579908
4596,0.000491593199937294,0.0007887675902874055
4597,0.0005166197176246593,0.0008832379214476618
4598,0.0003859685656304161,0.000971359480584891
4599,0.0005064674265061815,0.0009117474679571143
4600,0.000431232542420427,0.0008012558124807304
4601,0.00033178127099138993,0.0007415350884525472
4602,0.00048718362037713326,0.0007394922297497419
4603,0.0005975229238780836,0.0007918435816907903
4604,0.0005665576163058479,0.0009235075840407499
4605,0.0005503101002735396,0.0008891627919405523
4606,0.0003699809642663846,0.0008087649567448717
4607,0.00045170864711205165,0.0007873674715762796
4608,0.0005454900596911709,0.0007901627356809835
4609,0.00036401384277269245,0.0007495661111462377
4610,0.0003587455100690325,0.0007414279744399374
4611,0.0005081747968991597,0.0007754390465515467
4612,0.0004347848395506541,0.0008582414728754354
4613,0.0003853349034519245,0.0008937520276128102
4614,0.0005410986719653011,0.00085730176450186
4615,0.0004104422482972344,0.0007829914092018422
4616,0.0004750477421718339,0.0007123737324416037
4617,0.00042470075422897937,0.0007493184651633152
4618,0.0003823484138896068,0.0008080940568493312
4619,0.0005899696300427119,0.0008560359910200167
4620,0.0006565588215986887,0.000900277760435321
4621,0.0006374999725570281,0.0008549377029783672
4622,0.0005113054454947511,0.0008328371173903844
4623,0.0004098205283905069,0.0008101968034436399
4624,0.0006005278148222715,0.0008088010959107223
4625,0.000571390187057356,0.0008413798586414086
4626,0.0006543148697043459,0.0009498387659023567
4627,0.0005545798068245252,0.0009220293111178848
4628,0.0003333482309244573,0.0008635296189321543
4629,0.00047655770322307944,0.0007753546508285767
4630,0.00042856461950577793,0.0007659529596356323
4631,0.00042028810130432246,0.0007437511477170248
4632,0.0004771254840306938,0.0007067609194062988
4633,0.0005151631776243448,0.0007715418731553597
4634,0.0005217487477542211,0.0008834337608936412
4635,0.0003282169035325448,0.0008861434514868975
4636,0.0003416146462162336,0.0008342777441648077
4637,0.0006430756048454593,0.0008354376658694599
4638,0.00041602313867770133,0.0008295598867492325
4639,0.0003891256880403186,0.0008297837387466084
4640,0.0004152878071181476,0.0008276972805578848
4641,0.00047829259807864825,0.0008911339703151648
4642,0.00043260417490576707,0.0008656749218577651
4643,0.0004990407847799361,0.0008451038323925794
4644,0.00032845913665369153,0.0008698495544445532
4645,0.0003733579224596421,0.0009043800936073182
4646,0.00040683923095154265,0.0009058130800533365
4647,0.0005090666469186545,0.0009288289167140941
4648,0.00045141382142901423,0.0008927730336513986
4649,0.00043023509982352456,0.0008725148346550088
4650,0.0003185163465483735,0.0008120928195719497
4651,0.00036004088954844825,0.000778756439562073
4652,0.000511955776407073,0.0007929952950840156
4653,0.0004624324617907405,0.0008224896233213522
4654,0.0004945406961875657,0.0008065004501442286
4655,0.00033221798366867006,0.0007983493711707718
4656,0.00045961327850818634,0.0007747196644869097
4657,0.00039707653146858014,0.0007687094376154801
4658,0.00044724154092061025,0.0007805551697204887
4659,0.00038201058438668646,0.0008131487787275861
4660,0.0004451270195810745,0.0008580429868141967
4661,0.00040641771047376094,0.0008423432421789863
4662,0.000474241094586129,0.0007738333682879791
4663,0.0004337350643860797,0.0007512707423187763
4664,0.0003565184209340562,0.0007798705741810781
4665,0.0003708227906220903,0.0008089022586483317
4666,0.00039110189536586406,0.0007780182239962522
4667,0.0003174666858588656,0.0007474465355484226
4668,0.0003469527524430305,0.0007625832331255005
4669,0.0004239082414035996,0.0008226832804383754
4670,0.000619907050471132,0.000866546269916878
4671,0.0004344498428205649,0.0008845222519442996
4672,0.0004312516093098869,0.000854390591756976
4673,0.00041972671169787645,0.0007962785627075112
4674,0.0004761741613037884,0.0007424048162074613
4675,0.0005400515627115964,0.0007864370104292129
4676,0.000475446282265087,0.0008619962317188908
4677,0.00044647154475872716,0.0008521627544931422
4678,0.0005295188631862402,0.0008501988865653288
4679,0.00041765747785878676,0.0007931861276399183
4680,0.00037553972603442766,0.0007731021654848963
4681,0.00036317484045866877,0.0007586253495973088
4682,0.0004495697988507648,0.0007500891485728148
4683,0.0004603609054659804,0.0007283552932483327
4684,0.0003942376817576587,0.0007249066365770922
4685,0.0005207094616101434,0.0007529781649382345
4686,0.0003401779104024172,0.0007963069394005346
4687,0.000399851791250209,0.0008022855807097599
4688,0.0003217247120725612,0.0007927091018797273
4689,0.0005397728023429711,0.0007896009520040898
4690,0.00035409639628293613,0.000785079123896884
4691,0.0005327876036365827,0.0008025306256810628
4692,0.00039914036557699243,0.0008058542419842803
4693,0.00044092839428534113,0.0008164224096603222
4694,0.0004570260886490966,0.0008965975233247342
4695,0.0004272276535630226,0.0008167640991714292
4696,0.0003917783382348716,0.0007828098314348608
4697,0.0004738294752314687,0.000789598287514037
4698,0.0003949512921584149,0.0007985588533237327
4699,0.00038921220305686196,0.0007542494170442883
4700,0.00040715618524700403,0.000769910131609544
4701,0.00042521398281678555,0.0008192019114054475
4702,0.0003175705263856798,0.0008356011331477385
4703,0.0006282609965031345,0.0008601170935206056
4704,0.0003563716076314449,0.0008080385707403115
4705,0.0004277804361966749,0.0007777702067676183
4706,0.00034308088943362235,0.0007477109129109794
4707,0.0005382864968851208,0.0007969934237097926
4708,0.0004801392516431709,0.0008755662583005358
4709,0.00039598802492643397,0.0008580851104838304
4710,0.0005300817526100824,0.0007938897592615058
4711,0.00037949906739716727,0.0007388823260974843
4712,0.0004916866620381673,0.0007135925137788043
4713,0.0003600769521047672,0.0007842878246630403
4714,0.00048519840153555074,0.0008141366285033613
4715,0.0004175295665239294,0.0007943823625604937
4716,0.00047806820754582683,0.0007341546173790456
4717,0.0003065260321212312,0.0007558089771947831
4718,0.0004184462673341235,0.0007977807287293611
4719,0.000492036179639399,0.0008396142142674497
4720,0.00043708907517914973,0.0008783177738481267
4721,0.0005948876651624839,0.000899795580318007
4722,0.0005344921761813263,0.0008498385223637034
4723,0.0007158887533781429,0.0007755785834916874
4724,0.0006878192536532879,0.0007690376114910542
4725,0.0004629001564656695,0.0007884912222612825
4726,0.00035976520351444684,0.0007964313423488378
4727,0.0003988689005685349,0.000773563277408092
4728,0.00036788297584280374,0.0007980655085645602
4729,0.0004166369093582034,0.0007851935852517
4730,0.00047724408408006034,0.0007610626953679657
4731,0.00045747566812982164,0.0007492656249820629
4732,0.00030043322088507316,0.0007866228666884355
4733,0.0005217419025332977,0.0008158027341105338
4734,0.0004761608239884178,0.000793058311637293
4735,0.0003850946629730364,0.0007735884429402943
4736,0.0004740467566686372,0.0008227228206274371
4737,0.0003733000291200976,0.0008318715548467287
4738,0.00044649473081032434,0.0008548440148835767
4739,0.0004756709521946808,0.0008664153612312297
4740,0.000338233665873607,0.0007965648568585501
4741,0.00038423311974232396,0.0007179683876658357
4742,0.0005516307273258765,0.00069682946940609
4743,0.00032189576886594297,0.0007227120774809095
4744,0.00045105605386197567,0.0007609565862395808
4745,0.0004426963355702659,0.000773405161567993
4746,0.0006220533861778677,0.000756822378185805
4747,0.0004916329441281656,0.0007352125003666243
4748,0.00034053730487357823,0.0007371397486862206
4749,0.0005231493075067798,0.0008122076553807733
4750,0.000532222172478214,0.000828960752774646
4751,0.0004952765613173445,0.0008595266366124475
4752,0.0004970149137079715,0.0009393111138520249
4753,0.0004337761279505988,0.0009422433201872604
4754,0.00041141695498178403,0.0009910418252335994
4755,0.00034928794484585525,0.0009827501434781479
4756,0.0005584730863726387,0.0008239594671332578
4757,0.0004889170251165827,0.0007127044422462158
4758,0.0005492892096905659,0.0007359885625994038
4759,0.00040934934901694456,0.0007761532056244369
4760,0.00040510075632482767,0.0008387689134491035
4761,0.0003962111610841627,0.0008901787816829187
4762,0.0004470199715190878,0.0009277064550767
4763,0.0004656808489623169,0.0008759079239785847
4764,0.00045376498019322753,0.0008705753214770972
4765,0.0004811189603060484,0.000845640240508447
4766,0.0005729686818085611,0.0008628970856767324
4767,0.0004887661741425594,0.0008850225933101468
4768,0.0004113048509073754,0.0009163234290743877
4769,0.00045580899653335414,0.0008952745605868794
4770,0.00029085986316204073,0.0007721166521508804
4771,0.0004165311489487067,0.0006907273365338663
4772,0.0004234314120064179,0.0006718547579577544
4773,0.0006499338274200757,0.0007574424359811778
4774,0.0004904077854007482,0.000894819435573689
4775,0.0004522738881253948,0.0010046859892400525
4776,0.0003555071928227941,0.0009857944447059536
4777,0.0004074997113396724,0.0008645154069192473
4778,0.0004117052390938625,0.0007908401204599435
4779,0.0004394511051941663,0.0007717817952795922
4780,0.0003437997850899895,0.0007641320584312551
4781,0.0006081145819431792,0.000776710042452227
4782,0.00037176556264360746,0.0008104221471841997
4783,0.00036438150564208625,0.0008588955970481038
4784,0.00042681281532471377,0.0008631648514584792
4785,0.0003615913039539009,0.0008527503122472916
4786,0.00033075323444791137,0.0007969376942285843
4787,0.0004490211644830803,0.0007703229531739274
4788,0.0004250116607484718,0.0007408626326478974
4789,0.0005016680108383298,0.0007755479167626189
4790,0.0003033866019298633,0.0008057699954470869
4791,0.00037731639652823407,0.0008490562792335762
4792,0.0004957306936072807,0.0008748120107636677
4793,0.00034032010977777343,0.0008521227291638516
4794,0.0004914716506997744,0.0008437825796766368
4795,0.0005264968378469348,0.0008526076991239371
4796,0.0005929071611414353,0.0008417591593534444
4797,0.0004177054225389535,0.0008019848429234918
4798,0.0008947937982156873,0.0008235760490312864
4799,0.0005661153447969506,0.000854942155749845
4800,0.00039418869419023396,0.0008341250981261045
4801,0.00046554588479921224,0.0008194774626910056
4802,0.00040365915241030357,0.0007999140584078713
4803,0.00038616173163366814,0.0007868732913996746
4804,0.0005794394276260088,0.0007973444460401693
4805,0.00046919189626351,0.0008098369743399997
4806,0.0006305772306707998,0.0008106033492367715
4807,0.00038706823252141474,0.0007999396541955199
4808,0.000514128478243947,0.0008009607426081528
4809,0.0003771471441723406,0.0007778231421665208
4810,0.0006608106816808383,0.0008029253327463731
4811,0.0005407962404812375,0.0007686064208263723
4812,0.0004370262613520026,0.0007531556957832163
4813,0.0005513891441902767,0.0007543035800748424
4814,0.0006285815732553601,0.0007649212330854754
4815,0.0004571248534678792,0.0007856721521399212
4816,0.0004693332128226757,0.0008264395282750465
4817,0.0005455167964100837,0.0008592048378507276
4818,0.0003986678047416111,0.0008578733735860832
4819,0.0004177537300468733,0.0008264073911150477
4820,0.0003871667276447018,0.0008287140918532606
4821,0.0005961679387837648,0.0008427514515883164
4822,0.00036771680461242793,0.0008357322974658505
4823,0.0005285058015336593,0.0008807425053999209
4824,0.0005044653352039556,0.0008872479290195455
4825,0.0005634212129128475,0.0008214821573346853
4826,0.0004478416871279478,0.0007641500849313447
4827,0.0005340940707052748,0.0007569525414008985
4828,0.0003036898211576045,0.0007872850150392413
4829,0.0005080517730675638,0.0008162701636274147
4830,0.0004899663695444663,0.0008592998895860152
4831,0.0004225142144908508,0.000892668930624839
4832,0.0005705943719173471,0.0008738291796799162
4833,0.0004491782553183536,0.0008450073130909119
4834,0.00038217731829111773,0.0007675546227164171
4835,0.0004078895435668528,0.0007239462610464324
4836,0.0006578537713115413,0.0007524447188818989
4837,0.00040966214146465063,0.0008251574324713433
4838,0.00034719425796841583,0.0008352665476066494
4839,0.00040398544321457544,0.0007798156825235246
4840,0.00043863267443763714,0.0007260783817701585
4841,0.0004414733324665576,0.0007589609912407812
4842,0.0005753829143941402,0.0008348213756451472
4843,0.0004512992280069739,0.0008649725366592788
4844,0.0002976924840671321,0.0008119901992365953
4845,0.00037423192018953464,0.0007217517308249161
4846,0.00040367912733927367,0.0006610563882639426
4847,0.0003414944473964473,0.0006503541691468912
4848,0.00043491891507680216,0.0007320025339484303
4849,0.00056240096843491,0.0008429132785105447
4850,0.00047147503743569057,0.0009412953202011372
4851,0.00032036428262169163,0.0008725565564855347
4852,0.00035749346716329455,0.0007292908876694328
4853,0.0003284486670357486,0.0006333398691142037
4854,0.0004219040429840485,0.0006286234299088077
4855,0.00030694847616056603,0.0007023596035006757
4856,0.000484357929478089,0.0008064238784246249
4857,0.00031831560966869195,0.0009004225020340872
4858,0.0003745510436904927,0.0009127243806509022
4859,0.0004316428812065472,0.0008357418655219862
4860,0.0005408416114126642,0.0007657633565446934
4861,0.000539267051499337,0.0007744186873388235
4862,0.0004944749855591605,0.0008157003366371881
4863,0.0006160095722104113,0.000827523233349743
4864,0.0005145446397364139,0.0008407260334132034
4865,0.0004200669509979586,0.0008441557847403401
4866,0.0005419553878406683,0.0007833826345782067
4867,0.00043506790146542095,0.0007546393856851706
4868,0.00042924655523772043,0.0007664116032331757
4869,0.0005160438750560085,0.0008290115441149834
4870,0.00047206716262735424,0.0008714552773951046
4871,0.0003367211630878349,0.0008672397933427361
4872,0.0003151535172946751,0.0007766138831672339
4873,0.0002841603398943941,0.0007384756662952531
4874,0.00048079159071979426,0.0007579148714714793
4875,0.00046356157399713994,0.0008157720661210629
4876,0.00033985304568583764,0.0008581258153990205
4877,0.0004725845317201068,0.0008394316477723068
4878,0.0004480531594405572,0.0008179951010237074
4879,0.0005345756226840119,0.0008052696745914195
4880,0.0005255876303029557,0.0007874968203424483
4881,0.00043065852175156274,0.0007597609320206303
4882,0.00039768293402933825,0.0007722649688229302
4883,0.0004365102581990262,0.000832295262733269
4884,0.0004062882624566555,0.0008566148319477802
4885,0.0004278157061586777,0.0008190979537834582
4886,0.0004655463621020317,0.0007379924909186029
4887,0.0004483497080703576,0.0007069269676443454
4888,0.0004702669820593049,0.0007220170043333705
4889,0.0005063252639956773,0.0007465269064116401
4890,0.0004984064221692582,0.0007398489410196079
4891,0.0003611904064503809,0.000734228747069568
4892,0.0005724773063169171,0.000772857186741995
4893,0.0005132309529775132,0.0008488776516095977
4894,0.0004999857240666946,0.0008326581604577103
4895,0.0003512718287917475,0.0007997200758779407
4896,0.0004579327224443356,0.0007268428080852737
4897,0.0003727265982888639,0.0007249399791398328
4898,0.00034265374415554106,0.0007823427345495539
4899,0.0005095492699183524,0.0007972384694831695
4900,0.0005513202107977122,0.000798529073688583
4901,0.0004670042272967597,0.0008313397836356285
4902,0.00036231501144357026,0.0008554273996755158
4903,0.0004213901391873757,0.0008188184576684712
4904,0.00040547218134937186,0.0007720935911464498
4905,0.000545294148226579,0.0007513230593185725
4906,0.0005381705549856026,0.0007857422519238725
4907,0.000498394047220548,0.0008426899007681068
4908,0.0004531763105963667,0.0008645177380902341
4909,0.0003841771278530359,0.0007852874756983196
4910,0.0004368978707740704,0.0006650477853112334
4911,0.0003904529556166381,0.0006773797023466671
4912,0.0006680260800446073,0.0007617679435125457
4913,0.00047367324975008767,0.0008724511822861597
4914,0.000456249793448175,0.0009010774995508332
4915,0.000404011879193907,0.0009100162511229456
4916,0.0003949399998721977,0.0008522084669859009
4917,0.00043284004010880986,0.0007726814164495917
4918,0.00041312824469059707,0.0007670874569673223
4919,0.0003429886341715852,0.0008154738283996639
4920,0.00045032814765969914,0.0008329654271268895
4921,0.0005233290256001055,0.0008494800740878618
4922,0.0006022448438064505,0.0008143686208650323
4923,0.0005557959511255224,0.0007776223605693003
4924,0.0004518470319453627,0.0007850818885316134
4925,0.00043566664680838585,0.0008191427364432084
4926,0.0004353581927716732,0.0008470318237765083
4927,0.000550830220648398,0.0008152614836443553
4928,0.0004474585934076458,0.0007379451813817933
4929,0.000398221747794499,0.0006975686844134902
4930,0.00046629573140914243,0.0007454098069831348
4931,0.0006583912918965022,0.0008895341474214555
4932,0.0003942455048672855,0.0009949372748580328
4933,0.00037663429199407496,0.0009649996386793273
4934,0.0002922171358174334,0.0008639334852249897
4935,0.0003244046645704657,0.0008062361643326975
4936,0.0003815211084050437,0.0007577492131560117
4937,0.00031830340546245374,0.0007387567415794974
4938,0.00043208743445575235,0.0007393709253281443
4939,0.000338866866271322,0.0007708432111846958
4940,0.0005366969659614066,0.0008840938715179869
4941,0.000403937582935517,0.0009131816708057473
4942,0.0005347054684534669,0.0008632470493839218
4943,0.0004347985843196511,0.0008182492620251178
4944,0.0003762181654262046,0.0007468016579147707
4945,0.0004688425494047503,0.0007669044156443313
4946,0.0006088940077461302,0.0007996316233789181
4947,0.0005810539742621283,0.0007967248946972792
4948,0.0004963999924560388,0.0007755621641188655
4949,0.0004524777818005532,0.0007976966147635528
4950,0.00043345928813020386,0.0007959633221616969
4951,0.00032036218326538803,0.0007757408981895309
4952,0.00046334635699167847,0.0007820319448273233
4953,0.00040769727784208956,0.0008283860319867862
4954,0.0004362724333380659,0.00087290045467946
4955,0.0003766649402678013,0.0008655611077767217
4956,0.0004186723497696221,0.000888565154177848
4957,0.0004062072761977712,0.0008282365584947667
4958,0.00046330652354906003,0.0007752286103887733
4959,0.00042859813353667654,0.0007511663319832668
4960,0.00034327423200011256,0.00077370382564905
4961,0.0005120905232615768,0.0007852426071020621
4962,0.0005170458074038228,0.0008112793648752978
4963,0.0005224697524681687,0.0008988967655761916
4964,0.00042950116330757736,0.0008985526538014001
4965,0.0003738632154030105,0.0007754843066745313
4966,0.00047370393682892126,0.000720368242546674
4967,0.00043041167858367163,0.0007546674936833814
4968,0.0005186896868205319,0.0008312353896853463
4969,0.00045924937973419825,0.000884078306697793
4970,0.0004880910855717957,0.0008301348377323497
4971,0.0004203460062853992,0.0007735740807728739
4972,0.0003601198045847317,0.0007234484432347662
4973,0.00041133170404161014,0.0007047087576755462
4974,0.0005286485480610281,0.0007742498615182804
4975,0.0005340649979189039,0.0008539069374275254
4976,0.0005232041197208067,0.0009239718632398569
4977,0.00048235510863984626,0.0008742840067798815
4978,0.0004395477590151131,0.0007831162664678139
4979,0.00044235540941978493,0.000762129753968297
4980,0.00044721994490828367,0.0008091121969522732
4981,0.00043668973182017605,0.0007921258712005911
4982,0.00036210739829887947,0.0007834746170052012
4983,0.00037749649103110033,0.0007993020466757997
4984,0.0005344714232099553,0.000820952422360479
4985,0.0004277088485347728,0.0008364942630177261
4986,0.0004210868248871217,0.000897166581584258
4987,0.000319760458660312,0.0008738941747207546
4988,0.0005089815085132916,0.0008060357998139921
4989,0.0005542837752727792,0.0007683383266525857
4990,0.0005382123092810313,0.0007781340901265067
4991,0.0003487821163920065,0.0007655673571422285
4992,0.000529122775575767,0.0008040265324314704
4993,0.00046832432077887156,0.0008197107219859576
4994,0.0005542442513008912,0.0008209080909246828
4995,0.000344617556159695,0.0007658577525271397
4996,0.00045688141447802386,0.0007487835022703356
4997,0.0005067725316621364,0.0007853961465366947
4998,0.0006344968064998587,0.0008967537208328273
4999,0.0004421433492098004,0.001034678058977437
5000,0.00037569719715975226,0.000972442457949244
5001,0.00047683309530839325,0.0008040961326378596
5002,0.0005293871741741896,0.0007375488480540198
5003,0.00036502575191358727,0.0006787005074479889
5004,0.00031460370519198477,0.0006700643641561614
5005,0.0004081934690475464,0.0007436003005012914
5006,0.0004788726781650136,0.000831636297699856
5007,0.0004629583136799435,0.0008612963950534637
5008,0.0004217862132160614,0.0008761305419277165
5009,0.0004935554422748586,0.0008883839796249586
5010,0.0004363642442816248,0.0008514723625936084
5011,0.00034335683837222555,0.0007423073338440026
5012,0.0004142150127639373,0.0007212795255871629
5013,0.0005877878672132889,0.0007959795747031127
5014,0.0003912270301952958,0.0008800574957611274
5015,0.00039058436329166094,0.0008765603977119858
5016,0.0004524206393398345,0.0008201786680385382
5017,0.00047347634293449424,0.0007967249523320301
5018,0.0004495600141429653,0.0008541088041163776
5019,0.0005839103910451134,0.0008769304591036717
5020,0.0005508843692950905,0.0008453182769777972
5021,0.0003852144698612392,0.000803099960885304
5022,0.000472462666220963,0.0007960822642460011
5023,0.0004584763975193103,0.0008326529845591694
5024,0.0005060943930099408,0.0008550913946924907
5025,0.0003658258588984609,0.0008481727841064539
5026,0.0005248555641931792,0.0007923879216316955
5027,0.0004832735750824213,0.0008135449237971178
5028,0.00028770028826935836,0.0008243693900019606
5029,0.0004741168542144199,0.0007935008552020753
5030,0.0004724728739044319,0.0008263866468442707
5031,0.0005219375578841815,0.0008838223836542379
5032,0.0004306783822054664,0.0008576902011812731
5033,0.0007321807361828785,0.0008281209424970393
5034,0.00042127138779809076,0.0007877166278240469
5035,0.0004275174772677322,0.0007709581085240585
5036,0.00037478447193279863,0.0008208123080415916
5037,0.0003971309866756201,0.0008482200479250415
5038,0.00040397384436801075,0.0008183745750983239
5039,0.0003184902248904109,0.0007972021052782519
5040,0.00029029794580613574,0.0007757407322747809
5041,0.00033625325886532664,0.0007567779649384539
5042,0.0004260281178479393,0.0007756126474627609
5043,0.0003329462643402318,0.0007971455228485637
5044,0.000489042033344352,0.0007872309693406651
5045,0.0004175265901722014,0.0007909116875811106
5046,0.00030352934263646605,0.0007857744225418181
5047,0.0005237636738456786,0.0008213860802049932
5048,0.0003072132977346579,0.0008079091688080903
5049,0.0006285448713848988,0.0007920111322135657
5050,0.0004408841603435576,0.0007634926330679514
5051,0.0005416281657138218,0.000753454413946982
5052,0.0005101421498693526,0.000755196603841889
5053,0.0003543155132016788,0.0007755381992915426
5054,0.0005365109109940629,0.0007921076157656462
5055,0.000344910913069422,0.0008203776814061854
5056,0.0003669102278460438,0.0008371535069437506
5057,0.00046792656260853015,0.0008122385342011419
5058,0.00030434164024579027,0.0007725515787619878
5059,0.00044030175583126643,0.0007514916542563661
5060,0.0005315541076318671,0.0007648652987316339
5061,0.00048305737630774577,0.0008225593078601005
5062,0.00037157092010602354,0.0008417812425150045
5063,0.0002676980502049749,0.0008130791742816626
5064,0.0004837958646627764,0.0008119312543550315
5065,0.0005320398835465312,0.0008080584084382281
5066,0.00037991916760802267,0.0007691557878237878
5067,0.0003900065533040712,0.0007245309960727733
5068,0.00044463090016506613,0.000713820295595366
5069,0.000537054151451836,0.0008109022038677106
5070,0.00044244161884610854,0.0008238763672182351
5071,0.0005631670297589153,0.0007647486171212164
5072,0.0005506224697455764,0.0007769186754379143
5073,0.00041256642046694957,0.0008070981165524353
5074,0.0003263476576345662,0.0007892298921447717
5075,0.0003911305412960549,0.000745575767680526
5076,0.0006537372712045908,0.0007852587063327491
5077,0.0003355962185499569,0.0008915873376403268
5078,0.00046575792075600477,0.0009422912046965945
5079,0.0003908497824644049,0.0008607964404018991
5080,0.00043634392398719986,0.0007881302944307516
5081,0.0005063505338815351,0.0007812089761572443
5082,0.00053815683349967,0.0008268916981036254
5083,0.0003276331544232865,0.0008863901227206637
5084,0.00046362433349713685,0.0008997647593615533
5085,0.0005069826147519052,0.0008573511779935312
5086,0.00034209592655921975,0.000830189655599089
5087,0.00041024421225301924,0.0008066978436660051
5088,0.0004601063944088916,0.0008513682969207839
5089,0.0004968151780000578,0.0008531659080712931
5090,0.0004977717229242747,0.000836592860378721
5091,0.000366932883237799,0.0008096501671646788
5092,0.00035749031230807303,0.0007816854853817357
5093,0.0005264052364509553,0.0008248956750264377
5094,0.0004576736071612686,0.0008633556476918848
5095,0.0004359045259964963,0.0008839323507588884
5096,0.0005791097976422558,0.000859614318662037
5097,0.0004340609399757038,0.0007656169984229349
5098,0.0004604485584422946,0.0007385846349322714
5099,0.00048321498713145653,0.0007789539378118064
5100,0.00040391750517301264,0.0007660750888185356
5101,0.00036914811935275795,0.0007554298814699626
5102,0.0005116953514516353,0.0008639067472838687
5103,0.0004399182595079765,0.000925806446109099
5104,0.0005558750107108305,0.0009060138598172449
5105,0.00045515937575449545,0.0008009870920016789
5106,0.000457692837032179,0.0007759688689518265
5107,0.0004933665021477888,0.000808806528931293
5108,0.0004727723387380441,0.0007874457973172874
5109,0.00037723473506048324,0.0007733163724270261
5110,0.0003535866077678899,0.0007992212551299439
5111,0.000462455857389917,0.0008807513334854381
5112,0.0005548086250200867,0.0009061750941213191
5113,0.0004526684138303002,0.0008369269273216345
5114,0.00032791457682227094,0.0007961060695751666
5115,0.0003155995257354031,0.0007861646442943597
5116,0.0006715340772643685,0.0007883354481337152
5117,0.0004039209452457726,0.0008116704996172925
5118,0.0005245235030694554,0.0008086294158523183
5119,0.0004932265845127403,0.0008204486883359074
5120,0.000375232461374253,0.0008461116879580792
5121,0.0006077869601237277,0.0008535697641663297
5122,0.00028649874536010127,0.0007878227218276066
5123,0.0004454569910497715,0.0007566753017494279
5124,0.0004361367396389445,0.000759265184705879
5125,0.0004193084314465523,0.0008004666881280123
5126,0.000399813981493935,0.0008586343200455647
5127,0.0004978314313727121,0.0008508109688799183
5128,0.0004439914288620154,0.0008014857956468619
5129,0.00043522196356207135,0.0007898303174586072
5130,0.0003741013303321476,0.000871396830028627
5131,0.00035527711540150143,0.0009391932394428868
5132,0.0004074230518502494,0.0009080970595227774
5133,0.0003404182459538182,0.0008219628705731116
5134,0.0003328100351306299,0.0007590655916678448
5135,0.00044512176730980476,0.0007449558013215969
5136,0.00041162834192315736,0.0007878627705316272
5137,0.000402529543498531,0.0008813013177361398
5138,0.00034620083364037175,0.0008972096598366143
5139,0.0003167088725604117,0.0008244297317528041
5140,0.00045125987380743025,0.0007643707994441319
5141,0.0003519954547906915,0.0007220233040522622
5142,0.0005529321623422826,0.0007552076432456109
5143,0.00041333381474638976,0.0007899484563230236
5144,0.00046592215076088903,0.0008500958569430358
5145,0.00042364028049632905,0.000864805820981026
5146,0.0004267554613761604,0.0008204610489847828
5147,0.00035545631350638966,0.000767570377971911
5148,0.0004184472491033375,0.0007531963636884172
5149,0.0004748706764075905,0.0007846532608373237
5150,0.0004744129915100833,0.0008306933440200207
5151,0.000553090109800299,0.0007910064593925485
5152,0.0005488942008620749,0.0007865646670482628
5153,0.00041978032871459924,0.0008102940008416405
5154,0.0005622562021017075,0.0008352201187471661
5155,0.0005320228985510767,0.0008700036710287686
5156,0.000443658457758526,0.0008376272983975547
5157,0.00037694616282048324,0.0008315498806356533
5158,0.00034351185895502566,0.0008250882616037444
5159,0.0004890198858144382,0.0008062754160042588
5160,0.0003426196868531406,0.00078196893022194
5161,0.0004642088858721157,0.0008005782017460474
5162,0.0004159002002173414,0.000764955641719234
5163,0.0003726184794989725,0.0007407913926583678
5164,0.0006872353687261541,0.0007639984660057762
5165,0.0003897410157757501,0.0007766641874194483
5166,0.0004336407834974428,0.0007873673127656143
5167,0.0004691499751061201,0.0008570244292889934
5168,0.00042334642882148424,0.0008820564759708208
5169,0.0003832884627627209,0.0008878673996967007
5170,0.0003488758889337381,0.000813360214847558
5171,0.0003235510162388285,0.0007608391607627566
5172,0.0004974027804564684,0.0007852011847889095
5173,0.00039735984755679966,0.0008238094251998883
5174,0.00044491914838242034,0.0007983367074524808
5175,0.0003852668043691665,0.000757482811587672
5176,0.00037469272889817753,0.0007429245294953557
5177,0.0003636721327590446,0.0007509882080618028
5178,0.000513355511551102,0.0007568747656535371
5179,0.0003440483589656651,0.0007658406079647784
5180,0.0005410906354275843,0.0007949361317987209
5181,0.0004640506813302636,0.0008441070665323036
5182,0.000485245188853393,0.0008350458468437033
5183,0.00048246463605513174,0.0007792384427647642
5184,0.00039917679193119207,0.0007473867296976382
5185,0.0003234490150740991,0.0007342037803944435
5186,0.0004421867701845864,0.0007922086381402937
5187,0.0004500371947263678,0.0008307000380156078
5188,0.0003979694505687803,0.0007930722128412885
5189,0.00043947055237367747,0.0007432948995709757
5190,0.0005651779259399822,0.0006900899526209379
5191,0.00045154186664149166,0.0006886857110772311
5192,0.0004503450666864713,0.0007355775697066038
5193,0.0005422341055236757,0.0008032809663151471
5194,0.000409072486218065,0.000851789359452467
5195,0.0003833749874805411,0.0007822141353788925
5196,0.00035315533168613913,0.0007368167849692083
5197,0.00038204657612368466,0.0007187917056964622
5198,0.0003706403406492124,0.0007709888231484073
5199,0.0003548692252176503,0.0008393272802904688
5200,0.00041890129602203767,0.0008428163739841607
5201,0.0003203045732031266,0.0008033555243705128
5202,0.0003905031306203455,0.0007637376188003554
5203,0.0004947823414113373,0.0007260316111125404
5204,0.0004552285594400018,0.000720551959674358
5205,0.0003378154515909652,0.0008154640601687574
5206,0.0003381668978060285,0.0009003005304014472
5207,0.000319079317462941,0.0009146837428703493
5208,0.0005316192963315795,0.0008189687688695634
5209,0.0003369500763559093,0.0007589723690051777
5210,0.0004851564842586716,0.0007258024278434185
5211,0.00039087474384965997,0.0007526938388477938
5212,0.0003432203239450852,0.0008368143150912906
5213,0.00032865419440592327,0.000871219061311393
5214,0.00045043925056234004,0.0007715138227919
5215,0.00036198503027359645,0.0007251929686547763
5216,0.0004774542952266832,0.0007105362514495909
5217,0.0004989309217004726,0.0007192252771461412
5218,0.0005577162102175256,0.0007675763478091969
5219,0.0003636350738815963,0.0007945809675578585
5220,0.0005615349082897107,0.0008042337294754125
5221,0.0003754913651694854,0.0008485312766109513
5222,0.0005338197166565806,0.0008335325898562272
5223,0.00041192614007741214,0.0007992316721241892
5224,0.0004675389694360395,0.0008251619695751803
5225,0.00046899942002103976,0.0009116668808255638
5226,0.00042407735406110685,0.000978244285926032
5227,0.00032981987266490856,0.0009091509188485046
5228,0.0005000699466715257,0.0008186555034884318
5229,0.00042887338010283806,0.0007732577117088463
5230,0.0003892145313632985,0.0007383188812106144
5231,0.0005066395426789919,0.0007581220527031041
5232,0.00033117485387871665,0.0008069984698493958
5233,0.0004245184914907441,0.0008111518912437174
5234,0.0003737236877592901,0.0008108569862546516
5235,0.0005097641221558054,0.0007991660854964348
5236,0.0004982689240326484,0.0007869161831125192
5237,0.0005281820427626372,0.0007987695896913715
5238,0.0004979214301177611,0.0008239622460907384
5239,0.00040943342028185723,0.0008334246684987773
5240,0.00046743604665001236,0.0007872931546014624
5241,0.0005296714138239622,0.0008025557684114452
5242,0.00035311904114981494,0.000836016253227236
5243,0.000366039399523288,0.0008175645661118668
5244,0.00035517498035915197,0.000834310419974834
5245,0.00031208751412729424,0.0008435291403127233
5246,0.0003179395648961266,0.0008485501702676901
5247,0.0003836108876081804,0.0008127442330780153
5248,0.0005361328328338762,0.000777653076110305
5249,0.0003659196392012139,0.0007482786559981961
5250,0.0003223987626067052,0.0008040727126479927
5251,0.00041906050755642356,0.0008424587937816244
5252,0.00035159854839245477,0.0008403886080715864
5253,0.00045073534323213,0.0008100101063816302
5254,0.0003902471779535214,0.0007648693594034747
5255,0.00037204157561063764,0.0007767147635747715
5256,0.00047431213315576317,0.0008057616255750263
5257,0.00036899363234018284,0.0007836820807960617
5258,0.0005288889321188132,0.0007815301526240696
5259,0.0003504358833500495,0.0008054904028540477
5260,0.00035150858263174694,0.0008434822219588947
5261,0.0004609590396285057,0.0008542184767452633
5262,0.0004146257919880251,0.0008316441420988202
5263,0.00032318152952939274,0.0008035678378449328
5264,0.00036034243336568274,0.0008114660534582386
5265,0.0005308190845729162,0.0008306423447133357
5266,0.0004188322306921085,0.0008239841391607444
5267,0.00037994934245944023,0.0007797608779482984
5268,0.00046629365145539245,0.0007600110255898614
5269,0.0004418414629374941,0.000753459993976271
5270,0.0004480301848767946,0.0007602579663205144
5271,0.0005266727705020458,0.0007930505394249949
5272,0.0005659908929374069,0.0008251367301375818
5273,0.0006317813647910952,0.0008403535924969227
5274,0.00046201359364204107,0.0008296396523277737
5275,0.00042155185947194694,0.000809005776389986
5276,0.00033257390993336836,0.0008295455327171348
5277,0.0004278937354683876,0.0007978685345275211
5278,0.00048210806756590803,0.0007468777001509076
5279,0.0005577739590080455,0.0007256490675004669
5280,0.0002973340121873965,0.0006989820080710296
5281,0.0004649003657201926,0.0007506111537300666
5282,0.00032035923019672435,0.0008762488324987138
5283,0.00045133215996126335,0.0009276681257903165
5284,0.00039943999533231057,0.0009277080922244542
5285,0.0004594454929853479,0.0008557731825143363
5286,0.0004276354991210004,0.0008051103257343144
5287,0.000432947080116719,0.0007242763424833034
5288,0.0003266309591708705,0.0006873362065053648
5289,0.00038733469555154445,0.0006978261747097736
5290,0.00038581567738826074,0.0007763030219458293
5291,0.00036228219008383654,0.000825390474289641
5292,0.00045904107003783186,0.000856012360772162
5293,0.0003934504095620165,0.0009187588978771443
5294,0.0003808898152783513,0.0009877433762958963
5295,0.0005230655583242576,0.0009483694111264685
5296,0.0005484197017115851,0.000841886849430441
5297,0.0004813415464013815,0.0007369836647288991
5298,0.00033785077199960747,0.0007021759192580284
5299,0.0005201228467437128,0.0007215291385421544
5300,0.0006949391060819229,0.000758884210867338
5301,0.0004769320716150105,0.0008703539725237225
5302,0.0003902887867297977,0.0009517279255577899
5303,0.0005110677292880912,0.0009279461294746275
5304,0.0004532462218776345,0.0008398547182391273
5305,0.00035426791291683914,0.0007887263680344418
5306,0.0003872290641690294,0.0007373611612326107
5307,0.0003442306537181139,0.0007256753524989036
5308,0.00031976872123777865,0.0007117960935364126
5309,0.0005136143959437807,0.0007288757337882425
5310,0.0004625654856984814,0.0007523406933127777
5311,0.0005977579935764273,0.0007729373547325541
5312,0.00045401448151096704,0.0008145307011280839
5313,0.000542950079155465,0.0008235740808561063
5314,0.00035800726618617773,0.0008149071740707031
5315,0.00037143999943509696,0.000780377071809141
5316,0.00041740439288939036,0.0007930331481675668
5317,0.0004172455208996932,0.0007969364819509219
5318,0.0004571080217525984,0.0008089693864041162
5319,0.0003149991117728253,0.0008630287704263323
5320,0.00048747792995224395,0.0008540390980362114
5321,0.0006342890672385692,0.0008656204371955099
5322,0.00041798561772642037,0.0008869371926925314
5323,0.00039403388897577923,0.0008977869107098296
5324,0.0004427936354962488,0.0008230888686696522
5325,0.0004791299152808885,0.0007107075768193839
5326,0.0005218141867468755,0.0007051133092833815
5327,0.0005961981990064184,0.0007839043615303391
5328,0.00044434326700866223,0.0008741006516167659
5329,0.00041150598553940654,0.0008458475411345258
5330,0.0004760072799399495,0.000846639047761807
5331,0.0007573085138574242,0.0008766030114488749
5332,0.0004870804686409732,0.0008567968600220597
5333,0.00035226909482541184,0.0007887807017921903
5334,0.00048721949569880963,0.000754600461488993
5335,0.0004944797217225035,0.0007526185078221909
5336,0.00039368231567398957,0.0007594701122239554
5337,0.0003679374019460132,0.0007865503489949161
5338,0.00036858054421221216,0.0008563913742270996
5339,0.0005042759003117681,0.0009204271427304374
5340,0.0004257185539851586,0.0009230415432578261
5341,0.0003297301513763765,0.0008368065998262513
5342,0.0005348914652131498,0.0007747599473965582
5343,0.00034343580870578686,0.0007501661679643302
5344,0.0005578740868562212,0.0008119512168327566
5345,0.0005044566156963507,0.0008313126209389976
5346,0.000359435942179213,0.0008333075489559188
5347,0.0003955425422949096,0.0007932804866123753
5348,0.00048664610367268326,0.0007681589683391315
5349,0.0004911448263252775,0.000784506710217789
5350,0.00047218639325971405,0.0008518165454092458
5351,0.0004101314853566388,0.0009006268031323167
5352,0.0003757398206895838,0.0008424401649239099
5353,0.0003813008040500184,0.0007538345096290009
5354,0.00033851204595218104,0.0007172641354680839
5355,0.00036865269454816976,0.0007116567189016886
5356,0.00045279342060287794,0.0007213841957946703
5357,0.00039224401504422225,0.000754618563727791
5358,0.00034808114869520066,0.0007997887417826229
5359,0.00046322635995845,0.0008687499732303426
5360,0.0005634391369918982,0.0008614098776487531
5361,0.0004163720567400257,0.0008155465471846102
5362,0.0003814415540546179,0.0007865568821173616
5363,0.00046850470049927633,0.0007879782824888899
5364,0.0005507392498354118,0.0007442388407185703
5365,0.0004592136402303974,0.0007315042002885566
5366,0.0004421811007584135,0.0008018369252259997
5367,0.0003604913867699603,0.000887901723196026
5368,0.0002978976738328735,0.0008507273493354818
5369,0.0004186692298389971,0.0008315520038402925
5370,0.00036430650119048853,0.0008135367527248441
5371,0.0005673195351846516,0.0008015852747164212
5372,0.00036695708986371755,0.0007590527776179571
5373,0.00042977861982459824,0.0007558502067809954
5374,0.0003536065438917528,0.0007584245587189454
5375,0.0005846627444649736,0.0007594736557871866
5376,0.0003211628218802313,0.0007865932615616865
5377,0.0004856388627861937,0.0007917096130925737
5378,0.00046596614217075206,0.0007822137186441233
5379,0.00046664353382463254,0.0007691473100154741
5380,0.0005560634114469091,0.0007605547155070258
5381,0.0003496849676594138,0.0007756123716638636
5382,0.0004747277649585158,0.0007874037806672506
5383,0.0004271695079902808,0.0007899848677357292
5384,0.0005240503310536345,0.0008091538535856356
5385,0.0003776502252245943,0.0008003778528104954
5386,0.0004510826819265882,0.0008236148924471473
5387,0.0005207705699528258,0.0008429252098206298
5388,0.0004924336836362879,0.0008391444989540578
5389,0.00038854342225628596,0.0007994436465504426
5390,0.0005755279446020723,0.000783863881768798
5391,0.0004508738483612736,0.0007335132933345506
5392,0.00043812372411290804,0.0007305958244801081
5393,0.00033626758183042207,0.0007709418724824521
5394,0.0003668785657888899,0.0007944986306444383
5395,0.0002788534407348683,0.0007934474324858857
5396,0.0004425622037767122,0.0008300881406363819
5397,0.00041260890817890563,0.0008255682237570973
5398,0.0004894110762203734,0.000802685437434331
5399,0.0003663706146956732,0.0007519445285351404
5400,0.00042686662442671756,0.0007043964707674862
5401,0.0003727255098056048,0.000710034930522143
5402,0.0004818922723643482,0.0007573657712209823
5403,0.0004224688629619777,0.0008422753178490707
5404,0.0005707617965526879,0.0008515942040610853
5405,0.0005466358309301237,0.000851397228190734
5406,0.0004297910335784157,0.0009020814643696126
5407,0.0004070944773654143,0.0008196559287543504
5408,0.000647853142193829,0.0007749000572467472
5409,0.00044822811032645403,0.0007770131448674287
5410,0.0004384170286357403,0.0007585295750787041
5411,0.00046686807181686165,0.0007569202977942127
5412,0.0003939093963708729,0.0007752827992002795
5413,0.00031414538195046284,0.0007760087360433618
5414,0.00047532088744143647,0.0007932859765802049
5415,0.0003873085603117943,0.0008235425229081664
5416,0.0003924614303590109,0.0008647665803093375
5417,0.0004043665054875116,0.0008920300951297212
5418,0.0005050319732011606,0.000800887936053387
5419,0.0005204139432559411,0.0007926668237535445
5420,0.0004786739940755069,0.000785572071171065
5421,0.00046272229325647156,0.0007619525819941695
5422,0.00038866048756365973,0.0007582107374598603
5423,0.0004737437101236234,0.0008049492515013076
5424,0.0004139000220069041,0.0008469228957015215
5425,0.00037458649603649974,0.0008604625203531221
5426,0.00043127786678572494,0.0007883756341069834
5427,0.00032114124430033066,0.000649597729083268
5428,0.000639888970181346,0.0006308371367186902
5429,0.0004084206574286024,0.0007123911407717511
5430,0.00037761587106312314,0.0007587702686836078
5431,0.0005581727833487094,0.0007846100930964179
5432,0.0006739814106064538,0.0008198232576755191
5433,0.0005303951853420586,0.0008133838865741003
5434,0.0004411272568783412,0.0007855618907886697
5435,0.00045441060598629216,0.00074253982830404
5436,0.0004529191355686635,0.0007097373845323363
5437,0.0004666166574073335,0.000729000353984036
5438,0.0004531541004932175,0.0007876489668035894
5439,0.0005377103516366333,0.0008987070063099735
5440,0.0004773209026704232,0.0009364090109606985
5441,0.0005121724544248234,0.0009321117059576992
5442,0.0004918146179988981,0.0008718922429930741
5443,0.0003886235159977029,0.0007810117668833392
5444,0.0005488427355885506,0.0007284183639989007
5445,0.0004551975696813315,0.0007660638727293548
5446,0.0004573420990103235,0.0008096841307619117
5447,0.0004423485021106899,0.0008020531657696371
5448,0.00036704191782822214,0.0008209699629182656
5449,0.0004538137698546052,0.0008269032706574383
5450,0.00043417951092123986,0.0008442604785517415
5451,0.00048432492767460646,0.000835681351096054
5452,0.00034152886752660075,0.0007941746107104609
5453,0.00029657022096216676,0.0007883353377912399
5454,0.00045763861465578277,0.00074363767279873
5455,0.0005258597200736403,0.0007368364597315071
5456,0.0005676167046961685,0.0008345728038395865
5457,0.0004999319983956715,0.0008690653150666535
5458,0.00032543753331992775,0.0008564303380686525
5459,0.00043266745439420143,0.000828694372633142
5460,0.0005336287644846986,0.0007793559499385613
5461,0.00048417517294486366,0.0007578622548397279
5462,0.00037086501833982766,0.0007768267233751523
5463,0.0004003068432211876,0.0007745815703634349
5464,0.0003509859476859371,0.000743420926146356
5465,0.00037825070515585445,0.0007590141242936503
5466,0.0003364829462952912,0.0007944608970699231
5467,0.00044425556746621926,0.0008362360102927503
5468,0.0004836737100655834,0.0008880061119901178
5469,0.0005446997374140967,0.0008952539250544295
5470,0.0005241423728875816,0.0008663365082983954
5471,0.0004946510520918916,0.0008196063681393789
5472,0.00037259522165792686,0.0007720842986600474
5473,0.00047892401150117315,0.000762849276739642
5474,0.00037622808789213497,0.000775719244137597
5475,0.0005118020538551112,0.0008221947818107199
5476,0.00046478766792764265,0.0008576290134714521
5477,0.0005439904052764177,0.0008519327430252543
5478,0.0005939958694701394,0.0008667832090130706
5479,0.0005560127785429359,0.0008811182193513079
5480,0.0004560750986759861,0.0008865069065382337
5481,0.00042581544839777053,0.0008258194903023614
5482,0.0004189855845955511,0.0007645719833387883
5483,0.0004385452271283915,0.0007415463249373257
5484,0.000415447221409219,0.0007561790947316537
5485,0.00038562561385333536,0.0007672801098876126
5486,0.0003838493236495803,0.0008413140842137404
5487,0.0006512761678701888,0.0008663181201774832
5488,0.0003540428549361726,0.0008450708034407993
5489,0.0005920400610193611,0.0008233233717523193
5490,0.0004304971351909141,0.0009018570937740609
5491,0.0005661414295900613,0.0009592667058858228
5492,0.0005305744998622686,0.000899252844066909
5493,0.0004125597421079874,0.0008000212639715068
5494,0.0004092742456123233,0.0007249732906508487
5495,0.00035557141915584605,0.0007259105092719359
5496,0.00038542565889656546,0.0007625834195504303
5497,0.00046053004528706274,0.0008057621108298373
5498,0.0004704122664406896,0.0008415799037054709
5499,0.0003621680351595084,0.0008859883638201501
5500,0.00045321534077326456,0.0009007898246865779
5501,0.0003887411148753017,0.0008468207555793696
5502,0.00048419091423663,0.0008512856461672391
5503,0.0004433614492882043,0.0008759388975582752
5504,0.0003300441254395992,0.0008353935105462125
5505,0.000648826981584231,0.0008176449298084985
5506,0.0004914860823191702,0.0008302673785241438
5507,0.00043494211471018694,0.0008400090367168437
5508,0.0005591872769097488,0.0007986417540952226
5509,0.0005258861153076092,0.000778081838323874
5510,0.00037042510618145265,0.0007904447866310402
5511,0.0004446936926494042,0.0007971703109476261
5512,0.00041712257855882245,0.0007996518705929373
5513,0.0002646568085765466,0.0007536694088695923
5514,0.0003528421511873603,0.0008128982329031628
5515,0.0002826162400500228,0.0008453150150571459
5516,0.0005296361341606826,0.0009286791793397064
5517,0.0005447698407806456,0.0009277041971236173
5518,0.00029686485844043395,0.0008832593722311105
5519,0.00033196651687224704,0.0007606397492226257
5520,0.000564039257975916,0.0007183578510000553
5521,0.0004057412889475624,0.0007525157483842767
5522,0.00035855010307083525,0.0007670312423458851
5523,0.00045612012424195805,0.0007855039804680713
5524,0.0004975283421420803,0.0008305664885583825
5525,0.00035307101109841217,0.000818094654227827
5526,0.0004915744221458833,0.0007685531946183292
5527,0.00042102715621391933,0.0007207868934707995
5528,0.0005044484045356512,0.0007170197288904478
5529,0.0003023329695376257,0.0007282848892491457
5530,0.00041856239549815656,0.0008046770678955959
5531,0.0005296547276278337,0.00085271072645459
5532,0.0005957275861874223,0.000811371308458991
5533,0.000474037821792687,0.0007905303431843503
5534,0.000551393946322302,0.0008100569579341471
5535,0.0003243913447173933,0.0008173224994707412
5536,0.00037166055602331957,0.0007662299979665118
5537,0.00035022635711357,0.0007678882394666146
5538,0.0004182714367440591,0.0008187746745075914
5539,0.00038392615194121995,0.0008233987999434663
5540,0.00046077582131450373,0.0008830349602714533
5541,0.0004675168932105104,0.0009101042310857602
5542,0.0004556402331218123,0.000907865193430481
5543,0.00044027608431254823,0.0009079000029866914
5544,0.0005465248133987189,0.0008769286693326807
5545,0.00039328200315746166,0.0008105061527554268
5546,0.0004904260063388695,0.0007225422023183219
5547,0.0005037881433963776,0.0007306437705772724
5548,0.0003493633538406963,0.0007724179075040862
5549,0.0004420353565365076,0.0008195926504957629
5550,0.00039018071644629043,0.0008456520801529245
5551,0.000489276220711569,0.0008167280421608795
5552,0.00042579623016839225,0.00083262448893002
5553,0.00048431560959822186,0.0008309639712582951
5554,0.0004910413331041734,0.0008090714804643003
5555,0.0004689853017528852,0.0007706891720579189
5556,0.00044323201679314175,0.0007827520465815631
5557,0.00040707279307146865,0.000795788728626533
5558,0.00028350421926006677,0.0008288491936675529
5559,0.0003428484817656378,0.0008062755301279404
5560,0.000395114062121138,0.0007700458624790694
5561,0.0005220711037206154,0.0007754245531877254
5562,0.00048412338170843817,0.0008367035493500325
5563,0.000534591816055278,0.0008793930405307209
5564,0.0006086313592580457,0.000903267758498775
5565,0.0005162566570409884,0.0008824866555638494
5566,0.000452908060591047,0.0007986532603060519
5567,0.0005180129936585824,0.0007649513138421466
5568,0.0005575449749206503,0.0007768332199459368
5569,0.00045525990620565914,0.0007698616885129127
5570,0.0005484729025435324,0.0007560330640852789
5571,0.00044829420221503824,0.0007609315527058537
5572,0.0004185762159371128,0.0007890134086872737
5573,0.0004501380045743038,0.000795186320700184
5574,0.0006297853038025399,0.0008648617748138091
5575,0.0003403206433479985,0.0008407193210844948
5576,0.0003835325837523366,0.0007833765894605404
5577,0.0007490022612425189,0.0008080840628918656
5578,0.00033838412491604686,0.0008271594250420709
5579,0.0005730677124423286,0.0008274054894495139
5580,0.00034502800942088165,0.0008210217624657061
5581,0.0004307600960601121,0.0008011036728945099
5582,0.0005048577208071947,0.0008414594264514011
5583,0.0004691635025665164,0.0008622141317537744
5584,0.00033103548533593613,0.0008486066014491257
5585,0.0003775153891183436,0.0008406144423377296
5586,0.00047478988223398724,0.0008207599986042079
5587,0.0005952184282553692,0.000838201895551426
5588,0.0003067022771574557,0.0007956199895445712
5589,0.00039610743406228723,0.000712605740386428
5590,0.00032368586786712207,0.0007087117451514433
5591,0.0004365372161070506,0.00074316963840342
5592,0.00054757459826457,0.0008268989491969435
5593,0.0003227825257151077,0.0008449918081971091
5594,0.000565003570712482,0.0008189376057712288
5595,0.000362440631336843,0.000831641059957342
5596,0.00036758047062903645,0.0008618347095848084
5597,0.0005043210578151048,0.000853016971166825
5598,0.00045852195859576265,0.0008490825334094524
5599,0.00039027201322217785,0.0008265027183054866
5600,0.0004571479046717286,0.0008386303004982888
5601,0.00038211838885520897,0.0008382838345215267
5602,0.0004063961134913067,0.000802651439347913
5603,0.00040377231974465154,0.0007871514387698257
5604,0.0003065131449451049,0.0007326019359303374
5605,0.00033562839574490986,0.0007152896628606932
5606,0.0004143726963472242,0.0007488107002582255
5607,0.0004411220521433279,0.0008020511209390925
5608,0.0005384886288084089,0.0008179961952818998
5609,0.00041733337954307593,0.0007843516422591473
5610,0.0003187784537052115,0.0007484427549670941
5611,0.0002921627135947347,0.0007414296574204955
5612,0.0003523507504723966,0.000785657994845134
5613,0.00041592632963632545,0.0008640011965469494
5614,0.0005023696343414485,0.0009111636781177711
5615,0.00045549857895821333,0.0009058356990003739
5616,0.00037375287308047216,0.0008289430641769028
5617,0.00040798124585611126,0.0007448397704224125
5618,0.0004004602475712697,0.0007009647804262909
5619,0.00039118006049344937,0.0007075523708050513
5620,0.0003842496351959805,0.0007719435670878738
5621,0.0005366813158616424,0.0008283693420858394
5622,0.0003550584854868551,0.0008983460541880564
5623,0.0005131607448371748,0.0009298629155400847
5624,0.0003878833182776968,0.000878808438304929
5625,0.00048351632819200555,0.0008227305282154817
5626,0.00037175156952192384,0.0007531144391556498
5627,0.0004262766238146772,0.0007260258774287764
5628,0.0006316677085123956,0.0007740734617123161
5629,0.0003908658865839243,0.0008245751719580831
5630,0.0006678199667173127,0.0008508603120182355
5631,0.00036580444235975544,0.000817845580209318
5632,0.00045107860350981357,0.0007844256396647396
5633,0.00034825581824406984,0.0007896447455919325
5634,0.00040660822996869684,0.0008728270105903925
5635,0.0005390519761325171,0.0009531238085157642
5636,0.000328419340075925,0.0009003471666543678
5637,0.0003279232594650239,0.0008146358771005821
5638,0.00029077777483810984,0.0007288363032541641
5639,0.00036063235602341593,0.000733131779470998
5640,0.0006676724801460902,0.0007546142662149363
5641,0.0005187749591035148,0.0008054323408268686
5642,0.0003247162812234213,0.0007918609066052348
5643,0.0006963269164164861,0.0007980851059840024
5644,0.00037857900800493854,0.0007662445617982693
5645,0.0006085530660736064,0.0007511201847663633
5646,0.00038149960649510223,0.0007291428927436662
5647,0.0005006241049462308,0.0007460960268371145
5648,0.0004288314919297894,0.0008068937267677301
5649,0.0005294396774843335,0.000883835156110856
5650,0.0003962544782552868,0.0008483850571334245
5651,0.0006024779189222803,0.000748119247329282
5652,0.0005132245869996648,0.0007290854307824716
5653,0.0003453561900338779,0.0007942337292983512
5654,0.00035356759326532483,0.0008292136607071986
5655,0.0004905324584494035,0.0008025487707735325
5656,0.00033755928355579573,0.0007698591702295042
5657,0.0005224419447282951,0.0007408069607441489
5658,0.0004360528352359931,0.0007540910619569532
5659,0.000436117616482079,0.0007821521321889086
5660,0.00048188828707983097,0.0008215986736032628
5661,0.0003870125161483884,0.0008089945410510276
5662,0.0003568703890778124,0.0007793292901423709
5663,0.0003984229115303606,0.000784971994988613
5664,0.00033715317646662395,0.0007849123925208957
5665,0.0005290137099412581,0.0007877812327131424
5666,0.0003736101226725926,0.0007996567277243272
5667,0.0004393195267766714,0.0008327084062730996
5668,0.00043560450819010537,0.000806608376887033
5669,0.0005246387464770426,0.0007895590015824547
5670,0.0004447592965637644,0.00075856319332576
5671,0.00048424226503508786,0.0007805194778828039
5672,0.00045307260976793867,0.0008227732804820206
5673,0.00044584204248773556,0.0008767811193288575
5674,0.0004074007389135659,0.0008839708750638524
5675,0.0004113307484658435,0.0008379052548740778
5676,0.0004096416562485198,0.0007607663405727317
5677,0.00035481672966852784,0.0007382816412553969
5678,0.0004643392749130726,0.0007932333017407924
5679,0.0003720239755542328,0.000889446359956417
5680,0.00031254737405106425,0.0008642457723049227
5681,0.0003217338429143031,0.0008120062972068801
5682,0.0004356366970265905,0.0007739311458146948
5683,0.0004337957827374339,0.0007766726348635293
5684,0.0005753620256048938,0.0008543173154159705
5685,0.00043464982494090997,0.0009107294070303411
5686,0.0004614939020636181,0.0008016240719557322
5687,0.0005652319407090545,0.0007064985107918321
5688,0.000374129352470239,0.0007135078211165561
5689,0.00036912294259915747,0.0007389935563542095
5690,0.00044191939911494653,0.0007885745315176369
5691,0.00045301502686925235,0.0008048927912160417
5692,0.0004214302093411485,0.0007960421463344466
5693,0.00043882456957362593,0.0008672491104642707
5694,0.0004783921487008532,0.0009212654162341304
5695,0.0004523470357526094,0.0008369150570837605
5696,0.0005008330917917192,0.0007373544387061032
5697,0.0004206630071469893,0.0006921262068739967
5698,0.0005154368293005974,0.0007369965148721198
5699,0.0003230283735319972,0.0008054779599352893
5700,0.00043091341891946894,0.0009042187257006207
5701,0.0004120233041855196,0.0009703663815780887
5702,0.0004883089413245518,0.0009429293673661515
5703,0.00048360411698619525,0.0008492576523031306
5704,0.0003395573042022685,0.0007711164841215735
5705,0.00035788389504887164,0.0007506632391596213
5706,0.0005006561288610101,0.0007908777465565335
5707,0.0002963118584981809,0.0008085828632442648
5708,0.00035846017223472394,0.0007766511440909593
5709,0.0005041166693748286,0.0007680805543699763
5710,0.00037932137493044136,0.0008157705432115724
5711,0.0003827507530028621,0.0008730061948537738
5712,0.00038334588170982895,0.0008863278052322273
5713,0.000375476066255942,0.0008714498171040158
5714,0.00035518455551937224,0.0008328683226548986
5715,0.0005156636315708359,0.0007822665890750263
5716,0.00036306674980248014,0.0008083729829188201
5717,0.00030327204149216413,0.0008384794446889047
5718,0.0006240438747530182,0.0008944678849056657
5719,0.00041193380020558833,0.0008697629098204793
5720,0.0003735928699218979,0.0008599378689243568
5721,0.0004964139351310829,0.0008616665035383556
5722,0.0004573293069067101,0.0008191594160317744
5723,0.0004637937954006096,0.0008041495955723345
5724,0.00039800540156041583,0.0008199418503992758
5725,0.00045148481731303034,0.0007879015579168854
5726,0.0005566698033362627,0.0007780214123552533
5727,0.00035284624124566714,0.0007959478783401052
5728,0.00041209882474504413,0.0007847511197172662
5729,0.0004248785010228554,0.0007399546326684407
5730,0.0005440697093339016,0.0008044517510818083
5731,0.0004447027187173565,0.0008610386627599759
5732,0.0005949123995378613,0.0009127882328507762
5733,0.0005279963137581944,0.0008301873229385361
5734,0.00043789932193855443,0.0007586133111530445
5735,0.00043539227917790415,0.0007113965326625905
5736,0.0006648277087757985,0.0007050224926137534
5737,0.0004815130999001364,0.0007851114636378758
5738,0.0004156356172946592,0.0008890484801152589
5739,0.0005289849825203419,0.0009045103637274266
5740,0.0005358626251108945,0.0008515018727318714
5741,0.0005202807912913462,0.0007688362380777536
5742,0.00039672925292203826,0.0007467841445129203
5743,0.000485994853079319,0.0007694258259959505
5744,0.0003488320430430273,0.0008365327893851662
5745,0.00039351099403575065,0.000862882592656657
5746,0.00032100138875345387,0.0008643380442806556
5747,0.00035456075177838403,0.000826836868205775
5748,0.0005596755188889801,0.0008241699341185919
5749,0.0004483479851235946,0.0008575679304895879
5750,0.0004269309419517716,0.0008356061600896669
5751,0.00041565777307065826,0.0008632776913632764
5752,0.0005377479324427743,0.0008896501103735082
5753,0.0003770368096108238,0.0008486175415102451
5754,0.00045869914659609395,0.0008268289977966947
5755,0.0003459651430603117,0.0008319467225929678
5756,0.0004193898387408505,0.0008193703877508611
5757,0.00044696117208028834,0.0008391408899644991
5758,0.000410603821122398,0.000803088765879213
5759,0.00035651499250282845,0.0007776183787298822
5760,0.0004021575916946555,0.0007747253359526425
5761,0.0005733394995331764,0.0007833391057893883
5762,0.00026474657546107967,0.0007858143505909825
5763,0.0003299008511627714,0.0007847310465533198
5764,0.0005025718205918868,0.0008079371084853288
5765,0.0004121845083621641,0.0008139226305588171
5766,0.00036088582516337434,0.0007776953072578639
5767,0.0004055205965414643,0.0007737037241293895
5768,0.0003724778944160789,0.0007928999541437356
5769,0.0004263856370622913,0.000866086375771281
5770,0.0003411535600510736,0.0009124492493084096
5771,0.00046675850559646883,0.0008701726649411199
5772,0.0004144872228304545,0.0008012745469830578
5773,0.000562978737677137,0.0008210120176095296
5774,0.00043514313098664084,0.0007950703930393902
5775,0.0006281321363834043,0.0007291054112495722
5776,0.0002497197400468091,0.0007372556954822099
5777,0.0005873013054952025,0.0007863754341717971
5778,0.00034857543068937956,0.0007660333797066128
5779,0.0003970007683771352,0.000789617954599341
5780,0.0006179805107725164,0.0008166995550107989
5781,0.0003433680123028656,0.0008124777136047877
5782,0.0003453207687319567,0.0007888405196740856
5783,0.00038081750390119853,0.0007981435210383534
5784,0.00048139416224633654,0.0008486743828952753
5785,0.0004296966944821179,0.0008347831257640964
5786,0.0005535558855626732,0.0008215886142194696
5787,0.0004619958926923573,0.0007515634718538064
5788,0.0005862077232450247,0.0007107330665613826
5789,0.0004936084539319078,0.0007191175561926262
5790,0.0003430784485923747,0.0007533126289078115
5791,0.000552289995054404,0.0007980807801693913
5792,0.0005526542469548682,0.0008740715986607215
5793,0.00040935395712343356,0.0008560800851564708
5794,0.000366442926072826,0.0008189924424294177
5795,0.0005755092909870049,0.0007817410892810614
5796,0.0004697566696753105,0.0007991145278316167
5797,0.0005695863083625834,0.0008641771005565579
5798,0.0005274816571424405,0.0008723354125193753
5799,0.0005325903495152791,0.0008390865796960626
5800,0.00039761866986130675,0.000776191602514206
5801,0.000388457531031842,0.0007790403017099565
5802,0.00046241067660351596,0.0008162078086706611
5803,0.00039611484195726615,0.0008257977065435926
5804,0.0003675853154466798,0.0007929893035907298
5805,0.00048208787726859253,0.0007726917533510123
5806,0.00031363010251273714,0.0007404990730977683
5807,0.0002979279631593575,0.0007024995658838183
5808,0.0005149994666377703,0.0007536849299194585
5809,0.0005600277644892533,0.0008357320799891962
5810,0.0004783848921457926,0.0008852897034536344
5811,0.00041768664571767053,0.0009138060579677736
5812,0.00047003092089047035,0.0008873216632302616
5813,0.00042472264418999355,0.0008228114406453578
5814,0.0005709551468801995,0.0007799233213217386
5815,0.00044519203753831487,0.0007274875206062497
5816,0.00047440651105716823,0.0007077064236816694
5817,0.0005708432930987328,0.0007946321727684149
5818,0.0003970284286576013,0.0008754999182960678
5819,0.0004729934424782793,0.0009040089704987307
5820,0.00046156874547402066,0.0008518964459653944
5821,0.000509565668956687,0.0007971155986109176
5822,0.00042139674769714475,0.0007429654728557079
5823,0.00045207157575835784,0.000741715876405736
5824,0.0003622620269500961,0.000773476501816781
5825,0.00042651764039571086,0.0008255692765366022
5826,0.0004479455373560389,0.0008230056159022287
5827,0.0003368685720488429,0.0007845945491301497
5828,0.0003440958137313525,0.0007567893203593585
5829,0.00044380387213702004,0.0007787614857537789
5830,0.00028344695650351547,0.0007865948612411235
5831,0.0005419375918184718,0.0007967136003485858
5832,0.0005083866989783321,0.0008317404080596643
5833,0.0005254432015741865,0.0008161087528670456
5834,0.0004927671436841289,0.000830836571990439
5835,0.0003902882046531886,0.0008615318198338165
5836,0.00032485205059250196,0.0008207968394702858
5837,0.00030682997312396764,0.0007589166780235246
5838,0.0003102158351490895,0.0007455872720580431
5839,0.0003887934610247612,0.0007578686831196345
5840,0.00033492504444438965,0.0007859516749525164
5841,0.00037551195515940586,0.0007739389894115848
5842,0.00034309601178392766,0.000826846439928535
5843,0.00040882207395043224,0.0008722272324357476
5844,0.00041180297751755763,0.0008594141652033936
5845,0.00036235843629886706,0.0007649281650678966
5846,0.00035909980263871454,0.0007445442587216054
5847,0.000371357969318827,0.000812751397089006
5848,0.0005613562107707064,0.0008119505617674073
5849,0.0004226454242598265,0.0008257618269059939
5850,0.00047141402028501035,0.0007249961753708575
5851,0.000547052586140732,0.0006968232813473666
5852,0.000525222080371653,0.0007462111504186554
5853,0.0003586880911219244,0.0007607887311578237
5854,0.0005630586344826346,0.0007358688174670848
