epoch,train_mse,validation_mse
1,9.265589714050293,1.2414546946840963
2,8.498375701904298,1.2132308870319306
3,7.161501185099284,1.1880156318033774
4,7.085252316792806,1.1638319827909545
5,6.821495246887207,1.1411649249200746
6,6.281176503499349,1.1179943643217012
7,7.047386487325032,1.0950343226353954
8,8.509749094645182,1.0720594792854128
9,6.707634607950847,1.050661707018304
10,5.529045295715332,1.0304703933047497
11,4.725872262318929,1.0116842689476615
12,7.207668940226237,0.9935741152350358
13,6.278180519739787,0.9758523930245497
14,6.34018505414327,0.9577318291495166
15,5.370729478200277,0.9400178020394693
16,5.434280109405518,0.9221388315121959
17,5.264217662811279,0.9053754224551944
18,4.64086929957072,0.8886584461204649
19,4.490994167327881,0.8715656146289795
20,4.563339106241862,0.8557126632356268
21,4.331469090779622,0.8400988445037932
22,4.879361136754354,0.8248201467859464
23,4.521933587392171,0.8100075411984301
24,4.765135447184245,0.7961431826193501
25,4.522778908411662,0.7825595075924565
26,3.6860416571299237,0.769099166778129
27,3.635464350382487,0.7567064811394909
28,4.037581586837769,0.7442826201596598
29,4.303763008117675,0.732357425248529
30,3.751679706573486,0.7209346225177209
31,3.439004898071289,0.7093495088299429
32,3.4337316036224363,0.6976619107047404
33,3.8926777203877765,0.6865651102985922
34,3.7546612580617267,0.675983254365095
35,2.997800350189209,0.6664606184940639
36,3.3318413575490315,0.6573727660057113
37,3.2192668596903484,0.6491148037703958
38,3.0480842431386312,0.6413843409986947
39,3.287782096862793,0.6344828247789323
40,3.049368953704834,0.627047114836888
41,2.7215824921925864,0.6195341020118533
42,2.4519296328226727,0.6117506250152438
43,2.9593297958374025,0.6037330891438356
44,2.6109432220458983,0.5947379650562767
45,2.573852268854777,0.5861145166430887
46,2.5018767674763995,0.5786571722096345
47,2.305074628194173,0.5703719051804129
48,2.2234505653381347,0.5618276835426571
49,2.557400608062744,0.5532935188980553
50,2.300400733947754,0.5456443610857791
51,2.0369144916534423,0.5388214104757534
52,2.210132662455241,0.5317573845386505
53,2.75569330851237,0.5252138257730664
54,2.2303173700968424,0.5186067191869255
55,2.314512316385905,0.511111106576882
56,2.1613122781117755,0.5034941872508507
57,2.076706870396932,0.4959194263604682
58,2.14592223962148,0.4886891017044623
59,2.0910311698913575,0.48196593777635904
60,2.0533710956573485,0.47586279597104064
61,1.785497244199117,0.47022466056459533
62,1.7300182660420735,0.46464571339173577
63,1.411660861968994,0.45863790070916727
64,1.7024819294611613,0.4533855022173228
65,1.514590040842692,0.44844146900054976
66,1.3424547513326008,0.44417609127722385
67,1.7194494167963663,0.43989056753595984
68,1.6203689495722453,0.43558788463825315
69,1.511153554916382,0.43069270065450294
70,1.1952735424041747,0.42629565562554234
71,1.3977643648783367,0.42181831932678
72,1.8766093651453655,0.41805229201091554
73,2.0621585051218667,0.4138004236568616
74,1.467171343167623,0.4086089302587697
75,1.504403026898702,0.4036263158236902
76,1.6218197266260783,0.39819928381856035
77,1.5848830302556356,0.39262588492294
78,1.5858937899271648,0.3869013643757565
79,1.2924711465835572,0.38181347458616016
80,1.1272733449935912,0.3769883861339937
81,1.4551358540852866,0.37287387457184906
82,1.3070459524790445,0.36866156721678306
83,1.1207283020019532,0.36404772161498783
84,1.209212565422058,0.3593387823170564
85,1.0419156471888225,0.35448452466585506
86,1.46897394657135,0.3503982878224118
87,1.3365755558013916,0.34670393603054556
88,1.3606607755025228,0.34257298232767525
89,1.274887752532959,0.3380899660465286
90,1.1173545757929484,0.3334785882295586
91,1.164693530400594,0.3288894921071886
92,1.3734195232391357,0.32473561631178294
93,0.926871411005656,0.3204982679073266
94,1.0801518122355143,0.3165579302104439
95,0.9687656005223592,0.3127346517532829
96,0.931162707010905,0.30881994135501817
97,1.090091594060262,0.30459418452865494
98,1.002688999970754,0.30091510748300027
99,0.8661930561065674,0.2969786579332014
100,0.7677330493927002,0.29258750232420566
101,1.1651162981987,0.28938868612520335
102,1.0481995582580566,0.2866254336838647
103,0.812719750404358,0.28356741973030286
104,0.9664591948191324,0.2801651034181512
105,0.9744662602742513,0.2764501927171166
106,0.9081864595413208,0.27292807763955723
107,1.157564655939738,0.26859346630535724
108,0.8914382815361023,0.2644900588069375
109,0.8155248483022054,0.26054582122977327
110,0.8224769830703735,0.2564126081236704
111,0.8838695685068766,0.2526182314073007
112,0.8099030494689942,0.249089320872243
113,0.8101834932963053,0.2458344520780984
114,0.9144227504730225,0.24334749526630237
115,0.7935921669006347,0.24085545968117678
116,0.8509552160898844,0.23800328127511844
117,0.9426743348439535,0.23523042345140863
118,0.8171783924102783,0.23223336293237415
119,0.9164885520935059,0.22940455723231232
120,0.7285056908925375,0.2265711625025967
121,0.7344531853993733,0.22362641937385394
122,0.7562151511510213,0.2204226261283469
123,0.8802858034769694,0.21750210225582123
124,0.7061027765274048,0.21455128561324022
125,0.9891767104466757,0.2113813844722087
126,0.6923577825228373,0.20782664253955752
127,0.7575005928675334,0.20430281523644456
128,0.8369824091593424,0.2008282179672887
129,0.839640466372172,0.197551046945448
130,0.6784535010655721,0.19523470332538048
131,0.8256688435872396,0.19362619929895628
132,0.8109732627868652,0.1917056335708288
133,0.6648844877878824,0.18967373903811446
134,0.7729983886082967,0.1869129278059081
135,0.7575964947541555,0.18377779089794385
136,0.594298259417216,0.18057339239542877
137,0.7075721979141235,0.17763066432607455
138,0.5358675916989645,0.17495643517633122
139,0.6608656883239746,0.17277298245843
140,0.7209900061289469,0.17063948183547795
141,0.799941070874532,0.16874732376318277
142,0.6384594360987346,0.16675417817483737
143,0.5915542244911194,0.16481610117700157
144,0.5599491596221924,0.16282038496235224
145,0.7574091990788777,0.16044697071623615
146,0.6828803698221843,0.15835481090104486
147,0.9427316506703695,0.15642181959912532
148,0.6800852139790853,0.15521925177395812
149,0.7246411164601644,0.15418783809960357
150,0.626372770468394,0.152803966907535
151,0.7265482147534689,0.15106763104050178
152,0.6660501003265381,0.14909167294427167
153,0.7067121982574462,0.14701548676321827
154,0.6846009572347005,0.14485707984665247
155,0.5931762973467509,0.14233845308071047
156,0.5610231955846151,0.13997617064733206
157,0.6704071362813314,0.1383055818127835
158,0.5510320782661438,0.1365895938333564
159,0.7197255690892538,0.13436814479705855
160,0.6206854065259297,0.13228457626395337
161,0.610874609152476,0.13007382256543543
162,0.6975304484367371,0.12814746316023698
163,0.6282229900360108,0.1262576741379077
164,0.40047653516133624,0.12466053300955164
165,0.5718634645144145,0.12334550131024338
166,0.3321620454390844,0.1219727188700766
167,0.6347594718138377,0.12076227302391698
168,0.5650687158107758,0.12000527667013679
169,0.7392234325408935,0.11928433719582444
170,0.6205946127573649,0.11857430830480546
171,0.6241111278533935,0.1177303072387778
172,0.5759236892064412,0.11675083332174406
173,0.628166929880778,0.115752106459122
174,0.6385533571243286,0.11435007632482709
175,0.5621691068013509,0.11285285440486247
176,0.6418818394343059,0.11157514102111651
177,0.4661563038825989,0.11011812695133405
178,0.45102327267328896,0.1086099253395411
179,0.7622020661830902,0.10685070803550285
180,0.5407310048739116,0.10519638370106539
181,0.5532063225905101,0.10407294960707192
182,0.6129931608835856,0.10289880486689215
183,0.6402937889099121,0.10123959711686832
184,0.46970209081967673,0.09957381948007374
185,0.7426055312156677,0.09872974912951311
186,0.5068401376406352,0.09797067388774842
187,0.5638765970865885,0.09735568243218219
188,0.6957738121350606,0.0964259859027825
189,0.44673152367273966,0.0955204114200562
190,0.6755194743474324,0.0942044251664417
191,0.6099392970403036,0.09297571835790093
192,0.3906128148237864,0.0920964209582862
193,0.6316574096679688,0.09189404365349943
194,0.490782900651296,0.0914815715917452
195,0.45060987075169884,0.09073184049270284
196,0.46953034003575644,0.09020216540088803
197,0.6164534648259481,0.08952332880553299
198,0.44407634139060975,0.08959652911725006
199,0.5614808082580567,0.08943598946248453
200,0.5577853361765543,0.08887410996936437
201,0.5187086264292399,0.0881607366476472
202,0.6378751873970032,0.08733022013517815
203,0.5631095965703329,0.086581836711234
204,0.4670001824696859,0.08580235004659713
205,0.5470081130663554,0.08550956874616503
206,0.4747827212015788,0.08499758508731062
207,0.6545241355895997,0.08500051257882531
208,0.5198811133702596,0.08480079683262533
209,0.5659924109776815,0.08464445625468502
210,0.612703283627828,0.08428739028887486
211,0.5905305743217468,0.08328038190058835
212,0.5280722697575887,0.08215274831910771
213,0.5303025285402934,0.08104380384439558
214,0.4649248162905375,0.08030628348429372
215,0.5184077183405559,0.07951576028048522
216,0.5879425366719564,0.07839991856278397
217,0.5648038029670716,0.07761636294248536
218,0.621312431494395,0.0767382991712863
219,0.6306578874588012,0.0760343882042592
220,0.6055710196495057,0.0760999662200297
221,0.48157927989959715,0.07661526878987711
222,0.501644742488861,0.077030009993418
223,0.49522061347961427,0.07738618939880311
224,0.5561793327331543,0.07744383307423179
225,0.42969915866851804,0.07678025256930374
226,0.521637225151062,0.07627873897083162
227,0.48875272274017334,0.07567080127911305
228,0.41076989968617755,0.07481552566599659
229,0.5440903385480245,0.07416302822236939
230,0.631994613011678,0.07386964377690489
231,0.6060550967852275,0.07333260346350708
232,0.5476248343785604,0.07326244533531309
233,0.487600972255071,0.07310225398052396
234,0.5074169913927714,0.07332887694122285
235,0.4376490036646525,0.07322069486295145
236,0.4844968537489573,0.0729626130870008
237,0.4010164817174276,0.07241691889490669
238,0.5262455453475317,0.07205644490446632
239,0.44920477668444314,0.07185163847574098
240,0.5907406111558279,0.07142291487905923
241,0.4556036114692688,0.07092954376785773
242,0.6144025405248006,0.07081360463786313
243,0.5471514801184336,0.07090474365968404
244,0.45373348395029706,0.07080692868298433
245,0.5406465252240499,0.0706199978984247
246,0.5964360912640889,0.06996099234331311
247,0.4656243522961934,0.06927896420082708
248,0.6505486925443014,0.06863918255163928
249,0.5373708605766296,0.06809963033659251
250,0.5831023653348287,0.06748490622193795
251,0.49868160088857016,0.06690513061022195
252,0.5889231284459432,0.06648675540066142
253,0.4140066087245941,0.06575033209455294
254,0.48155461947123207,0.06490489494378172
255,0.4282498240470886,0.06426271373831381
256,0.5344992280006409,0.06380331222935924
257,0.3635800222555796,0.06322727809975466
258,0.36903250217437744,0.06276376920891559
259,0.48068904081980385,0.06239590447718703
260,0.48538345893224083,0.06232127459265116
261,0.47503383954366046,0.06201210101758401
262,0.7421882152557373,0.06208070543572659
263,0.46609996557235717,0.06210712114657004
264,0.5180424014727275,0.06258834481943311
265,0.4555483857790629,0.06302292369247421
266,0.8173171401023864,0.06316153089127202
267,0.5086946249008178,0.0634468849601708
268,0.5797032316525778,0.06390181923006463
269,0.45393160184224446,0.06364822563693279
270,0.5567960341771444,0.06329610345401163
271,0.4027855416138967,0.06340037491612548
272,0.45059948762257895,0.06344442257261652
273,0.446832815806071,0.06294661678197816
274,0.4390532573064168,0.062202801619927715
275,0.4927935183048248,0.0613472984414401
276,0.5384580930074055,0.06038823823525211
277,0.38445356289545696,0.05990887163426933
278,0.5611406366030375,0.05968817493577642
279,0.5208725253740947,0.05927572264446048
280,0.41161234776178995,0.05887793227443545
281,0.48064007560412086,0.05861570574636534
282,0.3795260310173035,0.058266802918253924
283,0.47109676599502565,0.0580361024366589
284,0.5247526009877522,0.058116003225638174
285,0.46582963864008586,0.05842853965252403
286,0.39242950280507405,0.05845663397330937
287,0.4742729584376017,0.058595002577530114
288,0.5876871844132742,0.05890958838340804
289,0.4761761824289958,0.05921135479071009
290,0.435812371969223,0.05936167019558704
291,0.35503689845403036,0.05934041744376731
292,0.4498759110768636,0.05913891995281685
293,0.5305047353108724,0.05846251136674656
294,0.46529242197672527,0.05793605304843798
295,0.5247958461443584,0.05756498204441521
296,0.4602976719538371,0.05702586694965212
297,0.5657884319623311,0.05654935661967345
298,0.526790463924408,0.05542479965865143
299,0.39839914838473,0.05443499125833586
300,0.4848150372505188,0.05346299919087117
301,0.4660650730133057,0.05279931637245839
302,0.44020284016927086,0.052342457212801057
303,0.3999365051587423,0.05197707534305693
304,0.5329471945762634,0.05207853371233452
305,0.43579108715057374,0.05207523879573101
306,0.4323069930076599,0.05189039839768973
307,0.4193371593952179,0.051486687397393656
308,0.3588446259498596,0.05112173642933838
309,0.38701814810434976,0.050514870565237964
310,0.4726072390874227,0.050117990163367564
311,0.781521342198054,0.05083849762133726
312,0.446665503581365,0.05107722249556714
313,0.44121277729670205,0.05102622579401872
314,0.5430208623409272,0.05060862069289515
315,0.4240382711092631,0.05022389177731642
316,0.35957740545272826,0.049489460240198874
317,0.6643053770065308,0.04896210450825729
318,0.4621476928393046,0.0488195920905729
319,0.466602901617686,0.048430168487894255
320,0.4858096996943156,0.048425273925769986
321,0.5438770890235901,0.04831880870766527
322,0.4280442158381144,0.048530785000230385
323,0.50439954996109,0.048723373943426476
324,0.4005738178888957,0.04875445823500475
325,0.4132158060868581,0.049060102112180606
326,0.3229008634885152,0.049138152517202334
327,0.4180212338765462,0.04896210245494768
328,0.4184826632340749,0.04866026265649345
329,0.5442525327205658,0.048249843200360694
330,0.591051725546519,0.04878903174494195
331,0.47193399667739866,0.0488071938844647
332,0.4521465261777242,0.0487926004557159
333,0.43456163108348844,0.0490928526645101
334,0.3585029780864716,0.04901070332550627
335,0.39015454053878784,0.048669727797817995
336,0.4101558605829875,0.04811927849265534
337,0.45752865076065063,0.04774800277366413
338,0.4717140038808187,0.04780974321243331
339,0.49241036375363667,0.048329341540655754
340,0.33538614511489867,0.049021377983525044
341,0.4794113318125407,0.04989265603577997
342,0.5724961241086324,0.05043758663136189
343,0.5316837549209594,0.05035312890302478
344,0.45851160287857057,0.05071878808689868
345,0.3767221450805664,0.05039092974634621
346,0.5037703712781271,0.050086071700092376
347,0.36718801259994505,0.050203551750952806
348,0.4647411545117696,0.04987382566131006
349,0.4733635266621908,0.04924183984206417
350,0.427746589978536,0.04849446509180107
351,0.43116443157196044,0.048181996805461376
352,0.4999294320742289,0.04808861642019955
353,0.5809735774993896,0.04801501929173319
354,0.4181501944859823,0.047349250604083216
355,0.6262510259946187,0.04676920879544236
356,0.4598161776860555,0.046155780729815715
357,0.3471326112747192,0.04551372360291443
358,0.34892887671788536,0.04460094833937217
359,0.38741408189137777,0.043747423583362983
360,0.5122826735178629,0.04243258380983758
361,0.47809834480285646,0.04137459235984509
362,0.5011460343996684,0.04025853240466493
363,0.4581800033648809,0.03945279637659629
364,0.5374347925186157,0.03935189146225847
365,0.4906808574994405,0.03914215266117899
366,0.3744390904903412,0.03836001344318465
367,0.461734668413798,0.038081444389238134
368,0.36776321530342104,0.03753267372335036
369,0.46719149748484295,0.0373967292857921
370,0.4048909584681193,0.03758310623408303
371,0.41953438917795816,0.03749889056161633
372,0.3959987282752991,0.03740694951706045
373,0.37959279616673786,0.03758596972100378
374,0.31417810916900635,0.03750162037808125
375,0.37674866418043773,0.037342773237096984
376,0.5915798068046569,0.03698435768954397
377,0.2805650333563487,0.03676562495236322
378,0.46688190996646883,0.036744406402815045
379,0.34987615545590717,0.03703236104700509
380,0.35942564606666566,0.03757958378144136
381,0.3953377644220988,0.0380379239639898
382,0.42352773745854694,0.03818511126900283
383,0.46291778882344564,0.037532714701543644
384,0.3976632356643677,0.03688128471491844
385,0.46519466241200763,0.03682746667796233
386,0.49236902793248494,0.03690451060927759
387,0.4388856212298075,0.036457779017959054
388,0.5098024487495423,0.035996072844961494
389,0.39942317406336464,0.03556087463507502
390,0.35073956549167634,0.03505398752534483
391,0.48955715298652647,0.034980096978934734
392,0.2991505344708761,0.03492885681353216
393,0.3762553513050079,0.03500832133288458
394,0.38213103214899696,0.03521612183902207
395,0.36662921408812205,0.03532991479114285
396,0.4099915107091268,0.035094150261381477
397,0.4402864873409271,0.03473432910606617
398,0.27644076347351076,0.034227165444864066
399,0.2604142705599467,0.03383891586595633
400,0.5247755368550618,0.03386580756330115
401,0.5243337392807007,0.03383343745991001
402,0.3821828305721283,0.03351815877936956
403,0.5117339491844177,0.0334233814982448
404,0.47390291690826414,0.033671112951096586
405,0.2819598933060964,0.03366600507943649
406,0.3110528747240702,0.033439018565604064
407,0.4181009332338969,0.03282892484012551
408,0.39744290510813396,0.032349505997079565
409,0.381833561261495,0.03184723355404035
410,0.41208749810854595,0.03137943207278965
411,0.511790418624878,0.030966798620899832
412,0.35267266432444255,0.030447700566898182
413,0.5376217683156331,0.030179565376418784
414,0.386849582195282,0.030018530727371456
415,0.3946210523446401,0.02979647784721194
416,0.4384886940320333,0.030126315284901718
417,0.5131643056869507,0.03044533782352613
418,0.33603084087371826,0.03065964629448305
419,0.4395704964796702,0.03148546990916485
420,0.4904702325661977,0.032295255474452896
421,0.40253005822499593,0.033329183807757894
422,0.48507328430811564,0.034985949175329656
423,0.4024067958196004,0.036403625235548166
424,0.3778802553812663,0.0370389079073752
425,0.3882884701093038,0.03705486907499043
426,0.44543145497639974,0.03694145041187917
427,0.38702906370162965,0.03635244089083409
428,0.38316731452941893,0.03569672981233109
429,0.41566141446431476,0.034728504248022096
430,0.34941728512446085,0.03337967950176066
431,0.4754629611968994,0.03250708199274822
432,0.34718509912490847,0.032557958575684255
433,0.3840325713157654,0.032522538691524445
434,0.3989094813664754,0.03259044310708684
435,0.5070561250050862,0.0329524852687449
436,0.3970009684562683,0.032658293755270365
437,0.29031383991241455,0.031898389533748774
438,0.41820874214172366,0.031325991316808494
439,0.48413612445195514,0.03104910750206061
440,0.5026541610558828,0.031120500725320004
441,0.36864139636357623,0.030923057464868065
442,0.4075187047322591,0.031090885870100008
443,0.515933624903361,0.031124279753664347
444,0.419428296883901,0.030801799764314037
445,0.35857923825581867,0.0305881434538233
446,0.3132911503314972,0.03049211790711861
447,0.32763060728708904,0.03047044856811133
448,0.4057878454526265,0.030421486872387684
449,0.31951918403307594,0.030325470360245292
450,0.3117391179005305,0.030891474131054766
451,0.3745904286702474,0.03149899036630871
452,0.4658560415108999,0.03206746464991194
453,0.2726737419764201,0.03216807787695269
454,0.4570511360963186,0.03217911380013143
455,0.3837745010852814,0.031809249086173504
456,0.4226464410622915,0.03125819933461392
457,0.4285164455572764,0.0301228048001218
458,0.3598783612251282,0.029237392233816658
459,0.4729158778985341,0.02906829769921115
460,0.40199141899744667,0.02898192232636016
461,0.4280729373296102,0.028782471163770345
462,0.4381346762180328,0.02840961163907539
463,0.38582504987716676,0.02789844226414763
464,0.3240812003612518,0.02753556531479978
465,0.35430579582850136,0.027190111636176822
466,0.3960695068041484,0.02688252180814743
467,0.2929804046948751,0.026871105553362314
468,0.3690242866675059,0.02670891741364021
469,0.2817027231057485,0.02660679726267424
470,0.40746087630589806,0.02665261613337074
471,0.4945694923400879,0.027069595239059194
472,0.35200202465057373,0.027243348850509313
473,0.32554128964742024,0.027471628069408296
474,0.3975992520650228,0.02776694039660176
475,0.3480051000912984,0.028294137554375206
476,0.3713688254356384,0.028587959149456398
477,0.3379948377609253,0.028540286316177037
478,0.31072099606196085,0.028609228591749986
479,0.42066850264867145,0.02877626110484281
480,0.3832750697930654,0.028674648414681276
481,0.37284671465555824,0.028696484599761138
482,0.4342553953329722,0.02842162942557823
483,0.33251837889353436,0.028136694642502492
484,0.3747006177902222,0.02755687341798009
485,0.3231857736905416,0.026969414673686968
486,0.3648658812046051,0.026878038875934644
487,0.3703719139099121,0.026905016606952263
488,0.3480880677700043,0.026739161226927766
489,0.33499796589215597,0.026574451153672587
490,0.29048370321591693,0.02661205599392493
491,0.380318687359492,0.026841816382379983
492,0.3516145666440328,0.02696166768318086
493,0.3287504017353058,0.027274624715874513
494,0.48652302424112953,0.027845749323527645
495,0.40374107162157696,0.028519732569615673
496,0.30846057534217836,0.028963603255316966
497,0.4359597126642863,0.02933907523516595
498,0.3312742869059245,0.02930484483326514
499,0.4358290692170461,0.029232858379525464
500,0.33065993984540304,0.028868967652555526
501,0.3749963442484538,0.028277536135489546
502,0.3756032625834147,0.02741842397202657
503,0.2867189447085063,0.026707067205680637
504,0.32256003220876056,0.026591299556371732
505,0.34152470429738363,0.026527168595884727
506,0.29644866387049357,0.026248603941887383
507,0.4740355710188548,0.026359021429001817
508,0.34328912397225697,0.026110878668901487
509,0.38751033147176106,0.026197083265058638
510,0.32673876682917274,0.026684622214300426
511,0.3493919531504313,0.026721903218293753
512,0.36130460500717165,0.02634052685865267
513,0.27433470884958905,0.02556762281130618
514,0.44678709308306375,0.025170531681203468
515,0.3622336447238922,0.024858730339159175
516,0.2674039175113042,0.02480241855767768
517,0.3116066892941793,0.024889081071211596
518,0.3122936109701792,0.025164758889224585
519,0.31420678496360777,0.025477042143035124
520,0.3560775379339854,0.025473564540542018
521,0.4172610918680827,0.025915612327301597
522,0.32048566738764445,0.026443662811217346
523,0.3379502375920614,0.026928258869122333
524,0.3910540848970413,0.027188169850608495
525,0.30761728684107464,0.027535169378040344
526,0.2306153972943624,0.02767740412959902
527,0.3502936323483785,0.02756184401122604
528,0.43552668889363605,0.02731583695712052
529,0.3752893646558126,0.0271786784269209
530,0.3750995437304179,0.026835594854251608
531,0.3197842637697856,0.02696107099140723
532,0.351699693997701,0.026575852302819725
533,0.3781471769014994,0.026120453339627408
534,0.37613810896873473,0.025799016020898746
535,0.29430091381073,0.025740775653696434
536,0.3409200251102448,0.0253304904546794
537,0.3476540525754293,0.025299859739194706
538,0.319136913617452,0.025053082019325316
539,0.23913104931513468,0.02479191265237613
540,0.4219505310058594,0.02461843218977057
541,0.38339503208796183,0.02422329290645329
542,0.32023767828941346,0.024141886190870616
543,0.24956067601839702,0.024027638460003484
544,0.35054476658503214,0.02364471983017884
545,0.3157783309618632,0.02353405741256053
546,0.47294105688730875,0.023658047540215995
547,0.30776655475298564,0.023985751941213457
548,0.26577575306097667,0.02399392965741045
549,0.3560260732968648,0.024023686484323712
550,0.32711037397384646,0.02381808829941149
551,0.255962206919988,0.023819790346415962
552,0.413009974360466,0.02369822723072345
553,0.2802370230356852,0.02339239632637482
554,0.4147297422091166,0.02348317695766922
555,0.2969234863917033,0.02424981468540477
556,0.28056365450223286,0.02492930701985134
557,0.4639377454916636,0.025815281870327597
558,0.30573220252990724,0.026533783567468012
559,0.3646852016448975,0.027330508000972704
560,0.3153533180554708,0.027668115719566195
561,0.3498827258745829,0.02749087447373886
562,0.322877037525177,0.026936785149292684
563,0.34538445472717283,0.02627050413156119
564,0.3861414949099223,0.025704435798830874
565,0.35588016112645465,0.02576632803584647
566,0.3385247846444448,0.025658669346195505
567,0.3642552117506663,0.025768452331306427
568,0.3079661846160889,0.02539674104668024
569,0.2932180364926656,0.025420250737760948
570,0.3928308606147766,0.025461002538992663
571,0.37967002391815186,0.025324344840340726
572,0.3203993380069733,0.025126051216378925
573,0.33356555700302126,0.024713290429960087
574,0.31147830486297606,0.02441791169286713
575,0.2813276966412862,0.024208642689027185
576,0.28244301279385886,0.024290843800766262
577,0.3076683282852173,0.024175660552706306
578,0.29901246627171835,0.024090828535359675
579,0.20616243680318197,0.023905492849706663
580,0.5627591292063395,0.024557081351834018
581,0.2634451230367025,0.025432433463691725
582,0.3212545027335485,0.025913203355130247
583,0.2900988976160685,0.02607315335804083
584,0.27448440392812096,0.025956280001505152
585,0.293789013226827,0.02583503388748394
586,0.2702328006426493,0.025553027827908675
587,0.3126861572265625,0.025344964219477233
588,0.2842268983523051,0.024896796719413104
589,0.319522758324941,0.024235249489663154
590,0.3025921503702799,0.023656934851736533
591,0.3858652154604594,0.02333799341884185
592,0.3427177389462789,0.02326263826135106
593,0.35944305260976156,0.02321112908305615
594,0.2737435261408488,0.02321208374002787
595,0.2150949001312256,0.02310825947408132
596,0.25209091901779174,0.02292888598355252
597,0.34466965893904367,0.023456787499855823
598,0.3310542285442352,0.023947705096733853
599,0.29723115762074787,0.024112729179694897
600,0.33635846376419065,0.02374300835874137
601,0.2559001684188843,0.023389433957929685
602,0.26895785232385,0.02298005457644857
603,0.261291762193044,0.022286413545448948
604,0.2874752442042033,0.021910658648868247
605,0.20802727341651917,0.021549573901483394
606,0.2128130316734314,0.021153328133614983
607,0.3189016977945964,0.020740249040206587
608,0.2848898708820343,0.0199415120259514
609,0.21361140410105386,0.019604687923638838
610,0.32228333353996275,0.01920299025208462
611,0.2674863358338674,0.018866363648823867
612,0.35268867909908297,0.018674444861886068
613,0.3065427939097087,0.018537249372113408
614,0.2975679914156596,0.018227875364695008
615,0.22650317549705506,0.01796311101927532
616,0.22588948011398316,0.01761822706073757
617,0.3137172301610311,0.017313983599384
618,0.32098231712977093,0.01706781156185105
619,0.28582314451535545,0.016916130090088355
620,0.32506547470887504,0.017065395872423967
621,0.3128659278154373,0.017476717787464773
622,0.2927315870920817,0.01774492333313142
623,0.27472805976867676,0.017986444125729282
624,0.21482889652252196,0.01818233555344146
625,0.277911243836085,0.018263817258824512
626,0.30026327768961586,0.018380694971309872
627,0.2757063627243042,0.018305694713719248
628,0.27089385290940604,0.018037572341758436
629,0.2910122176011403,0.0176346539336396
630,0.29865296483039855,0.0173314732066759
631,0.35050145785013836,0.016953906323027422
632,0.3260038077831268,0.016831606171849207
633,0.31633630990982053,0.016936399497267766
634,0.2921177566051483,0.017020136147268175
635,0.32774858474731444,0.017188872804674578
636,0.21777261197566986,0.016971608931858707
637,0.34226471980412804,0.01681777240899135
638,0.3137837529182434,0.016934546722671178
639,0.22529918452103934,0.017168095203365867
640,0.32476870020230614,0.017058154421411162
641,0.2637127161026001,0.0167197080578391
642,0.2538781980673472,0.016291083724010648
643,0.34832324186960856,0.015822904257793126
644,0.28210357228914895,0.015609584411415528
645,0.36400203704833983,0.015439833785722576
646,0.3231076538562775,0.015096958946641974
647,0.3137107888857524,0.014799273814859354
648,0.24394648869832355,0.014711859452677525
649,0.3071621795495351,0.014925619279305765
650,0.2610567152500153,0.015061761875908205
651,0.2766806960105896,0.01527464826862643
652,0.2484706978003184,0.015553048041861826
653,0.3062516748905182,0.01584604598112463
654,0.33172785441080727,0.01618525834651444
655,0.21088477472464243,0.016579072291808803
656,0.23838518659273783,0.01688346161147741
657,0.2770802279313405,0.01678415277870152
658,0.28642849226792655,0.016562590155545183
659,0.2695695380369822,0.016252373513860965
660,0.27055509090423585,0.016181417572216725
661,0.25434284210205077,0.01634195610499523
662,0.272733610868454,0.0163175844125391
663,0.2837234099706014,0.016381652395086963
664,0.23070611755053202,0.016428652182808073
665,0.26207351485888164,0.016502593152635678
666,0.2645630101362864,0.016323557328872793
667,0.24646973013877868,0.016218104143076995
668,0.279643714427948,0.016310470384054296
669,0.26917678117752075,0.01650127262522386
670,0.2855014761288961,0.016990867260051525
671,0.24131153027216592,0.017320600770941868
672,0.20689093818267187,0.017599644594070478
673,0.17900273700555167,0.017834400875479217
674,0.2731026420990626,0.01814149650121768
675,0.2622289399305979,0.018424228523073235
676,0.27789692878723143,0.018454900407415674
677,0.35569294889767966,0.01828976465374466
678,0.20429892440636951,0.018044154313722933
679,0.31948217153549197,0.017812866732243478
680,0.23157431681950888,0.017118771479824397
681,0.28675375680128734,0.016563945222558
682,0.23529860178629558,0.016047003202316328
683,0.2108418345451355,0.015591017300571044
684,0.2809863924980164,0.01564486393719677
685,0.22345434526602428,0.015723895501550726
686,0.27084564765294394,0.015724817261569143
687,0.25274385809898375,0.015794136950115518
688,0.22161362568537393,0.015658339338861113
689,0.2687579115231832,0.015269928677814213
690,0.20722112754980723,0.014775510877370834
691,0.27428846756617226,0.014520861780432265
692,0.2695680777231852,0.014327670894856528
693,0.22605788310368854,0.014013475144472648
694,0.27136046489079796,0.013553451849367674
695,0.2772619773944219,0.013303638164570012
696,0.21643636226654053,0.013125684669637304
697,0.19114973346392314,0.012870490807658575
698,0.22551547686258952,0.01249535418460219
699,0.20136091907819112,0.012234626895212751
700,0.2275671144326528,0.01206880913475367
701,0.2935892661412557,0.011898409428558951
702,0.24002484281857808,0.011693751006790503
703,0.19844674666722614,0.011567700764266994
704,0.2511786957581838,0.011995343506101548
705,0.20044496556123098,0.012712511321984407
706,0.2791541745265325,0.013365855946491553
707,0.2868356982866923,0.013744586792693832
708,0.27627087632815045,0.014230542046230608
709,0.29850478172302247,0.014329736054999622
710,0.21354826887448627,0.014219481945331172
711,0.2491389513015747,0.014148304084917223
712,0.29296072721481325,0.01426593462137256
713,0.1979572981595993,0.014396021611929878
714,0.2349457542101542,0.014200990139616756
715,0.25191851854324343,0.013721311736235938
716,0.2956257959206899,0.013183699466112092
717,0.2125386784474055,0.012903899291720916
718,0.20191263755162556,0.012685054766498213
719,0.2562329411506653,0.012498513201442291
720,0.3359493186076482,0.012172153718241556
721,0.23064891695976258,0.01149756415182446
722,0.3088174432516098,0.011199433026527325
723,0.29073906342188516,0.010962170292073347
724,0.2470634698867798,0.010842209725868045
725,0.25144493182500205,0.010999907350798291
726,0.203449018796285,0.011146811753746093
727,0.22387392123540242,0.011433099653190516
728,0.22175878087679546,0.011715192619095168
729,0.2581680039564768,0.011693561779643138
730,0.21209147870540618,0.011643645441614267
731,0.21241116722424824,0.011383426507685597
732,0.23000809252262117,0.011184252021232927
733,0.27666488687197366,0.011246071563754964
734,0.25779231389363605,0.011443702254708357
735,0.19384718040625254,0.011539889154882412
736,0.2774809936682383,0.011666180837283454
737,0.1878225525220235,0.01174084782072409
738,0.20161967277526854,0.01188145021313992
739,0.1962045619885127,0.012034861590918593
740,0.25000688632329304,0.011942723604637807
741,0.19500474532445272,0.011861978333414071
742,0.28359809319178264,0.011953990833144489
743,0.21183257897694904,0.011925016214528421
744,0.21014270385106404,0.011889448536075944
745,0.2412123680114746,0.011943922106792607
746,0.20124032894770305,0.011844173770427234
747,0.2336553712685903,0.011754864386803522
748,0.1436625192562739,0.01162633521291684
749,0.22079545656840008,0.01166420626476055
750,0.21077333291371664,0.01186490344162297
751,0.19084314107894898,0.012070788671885888
752,0.2652314523855845,0.01241660704762917
753,0.17985171874364217,0.012628682786378805
754,0.22180216312408446,0.012598277406957676
755,0.22372524638970692,0.012484942687543358
756,0.1989579200744629,0.012520478965025249
757,0.2238813579082489,0.012375754920223097
758,0.2141807456811269,0.01208869404504149
759,0.22774924635887145,0.011811746915025035
760,0.20114626487096152,0.011678634336086239
761,0.22163788278897603,0.011481675422039088
762,0.2183536966641744,0.011566919428626383
763,0.24653468628724415,0.011594635661779425
764,0.19939078291257223,0.01163904315344696
765,0.2598832110563914,0.01170217285416727
766,0.2378603259722392,0.011810078087636806
767,0.19646717309951783,0.011781184604083459
768,0.30635531346003214,0.011712113380666793
769,0.1809905156493187,0.011866244575463411
770,0.26550221840540567,0.012403786937728173
771,0.20463837186495462,0.012722837144699623
772,0.237337992588679,0.012683630715615637
773,0.2925298055013021,0.012942530948111392
774,0.15953045586744943,0.01341059929361259
775,0.21405027707417806,0.013669766397692087
776,0.20714239279429117,0.01380100301430216
777,0.23387926816940308,0.0140113834599693
778,0.28514192899068197,0.014473243279191922
779,0.22702322006225586,0.014649759963389457
780,0.1257563889026642,0.01447418983292392
781,0.17155949970086415,0.014374283648382022
782,0.20168193380037944,0.014368168540357605
783,0.19862258831659954,0.014197910277862248
784,0.21704904238382974,0.014019213184186323
785,0.16533001760641733,0.01401937702362697
786,0.18466747105121611,0.014017021818834496
787,0.14093652864297232,0.01390574701629051
788,0.146434223651886,0.013789989200868005
789,0.2253442406654358,0.013836774080405085
790,0.2228383501370748,0.013899331773066615
791,0.23641941944758096,0.013813359508892214
792,0.14375212987263997,0.013622891634526684
793,0.19690268933773042,0.01344478392137552
794,0.19625089168548585,0.013392451739921344
795,0.2028659780820211,0.01337203822707332
796,0.2351432204246521,0.013558619274339807
797,0.18167542020479838,0.01372222221038473
798,0.23681966761747997,0.013716324731179579
799,0.17851585547129314,0.013722989931849278
800,0.16399136185646057,0.013783077016384818
801,0.15890904267628989,0.013614868869873013
802,0.24620906710624696,0.013375950251214616
803,0.16436721881230673,0.013164013752523135
804,0.23647857308387757,0.012850815921611204
805,0.2746288041273753,0.012515131831462458
806,0.21038698355356852,0.012088104132856206
807,0.23612956802050272,0.011711102290680325
808,0.17691434423128763,0.011512572840442808
809,0.197586985429128,0.011112985443177186
810,0.20160024364789328,0.010837594681514764
811,0.18543980220953624,0.010863598300452073
812,0.22055685073137282,0.010854749867003265
813,0.2841572523117065,0.010880545771673439
814,0.18845500747362773,0.010649835107862715
815,0.20524484117825825,0.010353155639462583
816,0.15602627793947857,0.010130680983842124
817,0.17925888697306316,0.010067470602720506
818,0.22239604393641155,0.010021854742012155
819,0.16367906431357065,0.009979326013974317
820,0.2107920487721761,0.010084369637834744
821,0.20657668312390645,0.010294827119278626
822,0.1475270559390386,0.01049188808281356
823,0.16631382703781128,0.010782413169976295
824,0.16300365229447683,0.01089922553588321
825,0.1556613286336263,0.010995342058870266
826,0.22755420804023743,0.01108156952009661
827,0.1827167789141337,0.0111633705701239
828,0.20373302201430002,0.011170153480433808
829,0.18033898125092188,0.011595802649298288
830,0.22904796401659647,0.011981671456042238
831,0.14572222232818605,0.012464403167484314
832,0.20140202442804972,0.012629930102303037
833,0.18116223414738972,0.012765468314554043
834,0.21929349799950917,0.01277763718797818
835,0.21512626012166342,0.01258913814053526
836,0.2459079662958781,0.012590836403583447
837,0.1580120454231898,0.012768922586316667
838,0.18370831807454427,0.012858182565844435
839,0.175315893193086,0.013143980992943283
840,0.18106019695599873,0.013290298439004995
841,0.24990557730197907,0.013270799682922954
842,0.13399470448493958,0.013451739460024544
843,0.17450831830501556,0.01366522626247345
844,0.18664211630821229,0.013759497487110885
845,0.20167286098003387,0.013864118312522182
846,0.24508757491906483,0.014244191036889637
847,0.17890283664067586,0.014511775856060305
848,0.16685234506924948,0.014438660302030759
849,0.1858321785926819,0.01426945017342727
850,0.19814279476801555,0.01395626397304765
851,0.1896215538183848,0.01369620142064578
852,0.27296064496040345,0.013457879237097315
853,0.1358502169450124,0.013152493534272346
854,0.16438419421513875,0.01267080875040274
855,0.1580710639556249,0.012174994054096422
856,0.22395640810330708,0.011836512289266653
857,0.1887576162815094,0.011979906255100656
858,0.2026074041922887,0.011852715641084149
859,0.15849724213282268,0.01169270088558826
860,0.16806943118572235,0.011599636721006763
861,0.1380944122870763,0.011499501860106554
862,0.16218076199293135,0.011179632723595448
863,0.17490951319535572,0.010853388618061862
864,0.16020790835221607,0.01061373743719942
865,0.22252318064371746,0.010606009989800885
866,0.16381362974643707,0.010675951508497159
867,0.1880664030710856,0.010660505472264421
868,0.23681084513664247,0.010540567125802435
869,0.1875395973523458,0.01042484793826703
870,0.18213218847910564,0.010378420536267006
871,0.23216681977113088,0.010284133996139831
872,0.18622166415055594,0.010190076319368805
873,0.13476830621560415,0.010341121529148319
874,0.18741065760453543,0.010317075264266156
875,0.23826473355293273,0.010196631473643103
876,0.1343555212020874,0.010323926498453448
877,0.1468415175875028,0.010486397650239504
878,0.13100741902987162,0.010624675417509605
879,0.15249270647764207,0.010757497790467552
880,0.1338718518614769,0.010838789139382951
881,0.18509015043576557,0.010769890518639032
882,0.18016910950342815,0.010638067425470653
883,0.16664151748021444,0.010608779713804797
884,0.17101142605145772,0.010561891398795946
885,0.20148451129595438,0.010520995843891554
886,0.21944014032681783,0.010483143447832329
887,0.18404963215192158,0.010535859260854758
888,0.13754763007164,0.010564402948448978
889,0.19310847918192545,0.010494521225061943
890,0.21521357695261636,0.010352881529962454
891,0.16034013032913208,0.010342223716415758
892,0.11845748027165731,0.010460319881158786
893,0.1488400359948476,0.010476305281494076
894,0.11356577575206757,0.010465416217618805
895,0.18279478351275127,0.01049974833901121
896,0.16107160598039627,0.010531437825264894
897,0.20307072699069978,0.010528711822089247
898,0.20388624668121338,0.010520016407872748
899,0.21537553270657858,0.010361926710805085
900,0.18043891787528993,0.01027452978342185
901,0.17153856779138246,0.010181960844119467
902,0.15622355143229166,0.009884321306810134
903,0.13670334617296856,0.009762829873622873
904,0.12435307055711746,0.009710483648997592
905,0.1729257841904958,0.009707200707589079
906,0.22467411359151204,0.009497614082418324
907,0.14304085473219555,0.009259505468736015
908,0.13891856074333192,0.008998033883944741
909,0.1185242235660553,0.008858323823220618
910,0.1461031248172124,0.008804218249586155
911,0.1522599458694458,0.008788844475185308
912,0.14239710966746014,0.008812756024623714
913,0.16829889118671418,0.008796352522785034
914,0.14782704710960387,0.008781601388858059
915,0.1666676104068756,0.008768092235916947
916,0.14451262801885606,0.00890096626061154
917,0.15261367162068684,0.009135428097421728
918,0.16719582279523212,0.009156647237296414
919,0.18384109338124593,0.009178758353200249
920,0.148349566757679,0.009231034068640058
921,0.16161662141482036,0.009267524156103454
922,0.1389324237902959,0.009307448587226352
923,0.14257136980692545,0.009286913415783738
924,0.17026397188504536,0.009121549341416969
925,0.2073405196269353,0.00878351057446965
926,0.19105595548947651,0.008666354792529907
927,0.1354033147295316,0.008619586038806542
928,0.15661802689234416,0.008677452927323307
929,0.1354129821062088,0.008743759105348681
930,0.15569257934888203,0.008787241207039732
931,0.10045377512772878,0.008812644262248136
932,0.1433712641398112,0.008783207648969072
933,0.2722277949253718,0.008913112210300495
934,0.17222616175810496,0.009077475824224667
935,0.146625354886055,0.009316821197619823
936,0.12715726097424826,0.009529626304943731
937,0.1526799241701762,0.009447564499262045
938,0.11925987551609675,0.009425256067637618
939,0.13623426953951517,0.009443291528957096
940,0.1459107518196106,0.00931866079070202
941,0.14645094672838846,0.009501891335340466
942,0.11630170941352844,0.009490999994491498
943,0.20101714134216309,0.009774266027178116
944,0.14740801652272542,0.010454302642670438
945,0.1398407260576884,0.010883954953123618
946,0.1422688941160838,0.011475134360435324
947,0.17291346291700999,0.011753333538154683
948,0.13510056833426157,0.011729441836153664
949,0.18860359291235607,0.01144494278921093
950,0.14546183149019878,0.010971400844607883
951,0.1164869248867035,0.01052223800637532
952,0.17092064718405406,0.010218998400758452
953,0.0835035170118014,0.009991591451616268
954,0.11554095794757208,0.009669602960421462
955,0.14824588398138683,0.009297690216789212
956,0.1986147125562032,0.009030447854829116
957,0.1469068706035614,0.009033814937932285
958,0.16109204292297363,0.009002433792783284
959,0.17609339356422424,0.008923517406265449
960,0.09497830470403036,0.008972273210034245
961,0.11785763998826344,0.008953158549348436
962,0.1511948267618815,0.008995855612108323
963,0.13708588381608328,0.009125071768392258
964,0.14802214999993643,0.009103062984306277
965,0.1618440051873525,0.009188201661610345
966,0.1828682710727056,0.009397402640402787
967,0.14716582298278807,0.009438330069272301
968,0.13222778340180716,0.009212865415359223
969,0.18231132825215657,0.0091175411967194
970,0.1317305733760198,0.00915267337736945
971,0.18196002542972564,0.009424601468866266
972,0.24889838695526123,0.009799326771840923
973,0.13829647103945414,0.009601820931278579
974,0.0982047696908315,0.009236185969124863
975,0.15083053708076477,0.008924324318443932
976,0.18037097454071044,0.008992191008108807
977,0.15791848798592886,0.009106816899940723
978,0.1091989720861117,0.009157363721352863
979,0.12976729969183604,0.009100280841445828
980,0.15368857185045878,0.009161607699659397
981,0.1452530304590861,0.009195826768024466
982,0.12664932111899058,0.009099970161034835
983,0.159511732061704,0.00906638938229619
984,0.09585308184226354,0.009017095644408323
985,0.1238448957602183,0.008820819884802647
986,0.1260915865500768,0.008512521265294608
987,0.14076890548070273,0.008468199088641508
988,0.1396372139453888,0.008432006657739558
989,0.11784367561340332,0.008284116013518234
990,0.13740965525309246,0.008258280971300179
991,0.10966140826543172,0.008326989198910204
992,0.14576910833517712,0.008236561304207628
993,0.09336765557527542,0.008160625780587943
994,0.16144097248713177,0.008223079683948455
995,0.14069292644659678,0.008329567055797248
996,0.11094347139199574,0.00830242084339261
997,0.10951678057511648,0.008188596108972322
998,0.12097009817759195,0.008198318385159758
999,0.09847237840294838,0.008286299699125445
1000,0.18769531846046447,0.008343576812955339
1001,0.11012763778368632,0.008483329619185662
1002,0.1293505291144053,0.008372840702563054
1003,0.1453980714082718,0.008182270899708346
1004,0.1461367259422938,0.00821320920463974
1005,0.1100148821870486,0.00818365542804749
1006,0.09078764816125234,0.008251896608386218
1007,0.10822046995162964,0.008385581925042032
1008,0.13712906142075856,0.00862060928731922
1009,0.15157411595185596,0.008972416265214991
1010,0.1329738994439443,0.009364942627716956
1011,0.11924262593189876,0.009467854731034224
1012,0.08998187830050787,0.009711411864108106
1013,0.12440756956736247,0.009984469032061733
1014,0.11852830251057943,0.010139208862660672
1015,0.1465597261985143,0.00977205898150743
1016,0.14198917796214422,0.009219961292220382
1017,0.1376405715942383,0.008907450348373473
1018,0.12002143462498983,0.008762684584719928
1019,0.13833210368951163,0.008810853959596533
1020,0.15426600178082783,0.008873659391396158
1021,0.0777985726793607,0.008890448779777044
1022,0.1360205168525378,0.0085766816357752
1023,0.16559271216392518,0.00815757824562666
1024,0.1475244591633479,0.007827548306494013
1025,0.12120354076226553,0.007473813644867009
1026,0.10587602456410726,0.007253865033065475
1027,0.14224627216657001,0.007048889946955161
1028,0.13136705954869587,0.006938930446883355
1029,0.15526142120361328,0.006925339579552881
1030,0.14308040340741476,0.007034134941072915
1031,0.1291343649228414,0.007247661555728574
1032,0.13615384052197138,0.007380624026734763
1033,0.10732228755950927,0.007452764379696583
1034,0.10954567392667135,0.007493135830988799
1035,0.15379240612188974,0.007627275900724601
1036,0.10407771368821463,0.0077021610263119065
1037,0.17734235574801763,0.007966898939036947
1038,0.11301791369915008,0.00812848406572511
1039,0.12988640169302623,0.008155593945549464
1040,0.09595502565304438,0.008079582788636835
1041,0.1049591064453125,0.007899416669264553
1042,0.08297360142072042,0.007661880565968554
1043,0.12381256918112436,0.007430202650331606
1044,0.0957041343053182,0.007322982833610745
1045,0.1101886918147405,0.007290904476182667
1046,0.1072467178106308,0.007255787447857575
1047,0.14169954061508178,0.007243416257437289
1048,0.09373593926429749,0.007262214996272654
1049,0.13313748836517333,0.007341819393675862
1050,0.11623760759830475,0.007313591123771245
1051,0.15868099729220073,0.007415158102127511
1052,0.1282289390762647,0.007726681580048377
1053,0.10351448406775793,0.00789420340048868
1054,0.09100784560044607,0.00799134534629663
1055,0.15615972876548767,0.008032688533696602
1056,0.11073797742525736,0.008021108743800657
1057,0.12844327986240386,0.007904895357640945
1058,0.0957923635840416,0.007856286570840464
1059,0.1549346476793289,0.008035571673723657
1060,0.11441148122151693,0.008317643439206551
1061,0.11843304832776387,0.008483750719987736
1062,0.09447012543678283,0.008600322359175546
1063,0.12403212090333303,0.008559036132784224
1064,0.12280198633670807,0.008766784974351877
1065,0.08957799275716145,0.009078713592259199
1066,0.10378472407658895,0.009419530580612265
1067,0.12523296078046162,0.00979764815823241
1068,0.08393874267737071,0.00985578482963262
1069,0.09801802734533946,0.009904472348023587
1070,0.11192682286103567,0.009857970132221153
1071,0.10806462764739991,0.009743239318101308
1072,0.1150406281153361,0.009419918368299177
1073,0.12250161866346995,0.009021051724874012
1074,0.0955578585465749,0.00880269787098303
1075,0.0638788695136706,0.00863554422728952
1076,0.10336618771155676,0.008432247098461966
1077,0.08594337304433187,0.008335257125065082
1078,0.09712736209233602,0.008158657703490004
1079,0.08865740150213242,0.007929382358098359
1080,0.09621217747529348,0.007723251181676632
1081,0.13030572881301244,0.00757810811504839
1082,0.0869718740383784,0.007498459366157534
1083,0.12172599732875825,0.007525833165933062
1084,0.09140066901842753,0.00760373340068957
1085,0.08807098517815272,0.0077301896796891775
1086,0.09431050767501195,0.00804248766599619
1087,0.10119915058215459,0.008474580747420041
1088,0.11657652457555136,0.008713105357963387
1089,0.10540654361248017,0.008748915200451696
1090,0.10034317225217819,0.0086330125735354
1091,0.09482138504584631,0.008624751118972427
1092,0.0830524908999602,0.008611121244259237
1093,0.10706676741441092,0.008653041517992658
1094,0.11265886873006821,0.008637905058516996
1095,0.11058890024820964,0.008396558606571803
1096,0.11746277709801992,0.008404671988178661
1097,0.08375101760029793,0.00869847819627094
1098,0.09823176711797714,0.008846622239064983
1099,0.12493744790554047,0.008835839677792718
1100,0.08027905474106471,0.008566087287828678
1101,0.09157371570666631,0.008363291903538263
1102,0.10422397802273432,0.008134455988403615
1103,0.08462423433860143,0.008106095252529257
1104,0.1401528706153234,0.008182693516659572
1105,0.09690634409586589,0.008356819134645574
1106,0.10127215981483459,0.008549869372179424
1107,0.09335761268933614,0.008770732311751898
1108,0.12484005888303121,0.008927446062214614
1109,0.1085828830798467,0.008835614891722798
1110,0.06739308387041092,0.008863912519492855
1111,0.10964408914248149,0.008694263981787239
1112,0.10979367544253667,0.008137698690443644
1113,0.10022678176561992,0.007756261131176212
1114,0.059808204571406044,0.00753846936345863
1115,0.09259960254033407,0.0074886298302091715
1116,0.1052596002817154,0.007566993748109172
1117,0.14609433511892955,0.007577426469422818
1118,0.09304231156905492,0.0075969451902742225
1119,0.07450102269649506,0.0076995984335818625
1120,0.07034305284420649,0.007708724192160321
1121,0.10920931994915009,0.00764514523096324
1122,0.0967279980580012,0.007681445273622049
1123,0.08367200096448263,0.007894119313793389
1124,0.0950694461663564,0.007934990194149491
1125,0.09405778050422668,0.008088436540524204
1126,0.08667991409699122,0.008064329816673802
1127,0.07087674935658773,0.0077773691815008796
1128,0.061925379931926726,0.007558496305939015
1129,0.07469580893715223,0.007593860420743077
1130,0.07730613350868225,0.007728746468861272
1131,0.105149906873703,0.007983867619846633
1132,0.1071259488662084,0.008303518298881377
1133,0.07838223725557328,0.008515819984187526
1134,0.10380133191744487,0.008464724872275953
1135,0.09849977393945059,0.008589869368762717
1136,0.09323499053716659,0.008775619289463781
1137,0.07294274469216665,0.008870343336703505
1138,0.083068052927653,0.008857011157051316
1139,0.08840919335683187,0.008586783486411093
1140,0.08581341256697973,0.008321584433346517
1141,0.07412717243035634,0.00796880721532571
1142,0.11944379011789957,0.007666748167404275
1143,0.0812598963578542,0.00729917139401586
1144,0.09483479956785838,0.0071076947286373045
1145,0.10683892667293549,0.007018172348974141
1146,0.09711835583051046,0.006911439830290638
1147,0.069576629002889,0.006831833179746791
1148,0.07554269954562187,0.006785551731394032
1149,0.08154370486736298,0.006638910790069366
1150,0.06471150169769922,0.006499631807032063
1151,0.08807165821393331,0.006398875379978906
1152,0.08508156140645345,0.006211901776580595
1153,0.0678422157963117,0.006207798383983336
1154,0.09036544660727183,0.006259111779206615
1155,0.07861881852149963,0.006283665255562762
1156,0.07918969988822937,0.006363853966215934
1157,0.0794521227478981,0.006506479194930454
1158,0.07134747778375944,0.006607940270176788
1159,0.08878569602966309,0.00656444540863314
1160,0.059882745643456775,0.006590875246980059
1161,0.0859399527311325,0.006553069824044864
1162,0.0830292746424675,0.006652870002811349
1163,0.11920801152785619,0.006833957156210433
1164,0.08965375423431396,0.006886416868358029
1165,0.07348800202210744,0.0069157913745212275
1166,0.06780232439438502,0.006887893775463339
1167,0.06806208690007527,0.006845647362830836
1168,0.07015592654546102,0.006901763005578142
1169,0.09051917244990666,0.007007322725143254
1170,0.08631334006786347,0.007089226873312879
1171,0.07718094487984975,0.007165224599380662
1172,0.07512249251206717,0.007242807238472728
1173,0.06852924674749375,0.007233293496042959
1174,0.08280926346778869,0.007244987438953533
1175,0.08028516918420792,0.007201037333002241
1176,0.06055024911959966,0.007317734830902787
1177,0.10251433352629344,0.007420976510579426
1178,0.06134464542071025,0.0074926942117570896
1179,0.0794166440765063,0.007474706328554651
1180,0.08723456015189489,0.00734615556191741
1181,0.07479968518018723,0.007418192556406569
1182,0.09045373300711314,0.007768809227052871
1183,0.07181941866874694,0.008461335012102573
1184,0.07392418086528778,0.009004911838656687
1185,0.07325082570314408,0.009527078013881807
1186,0.08308687855799993,0.009696170011183291
1187,0.0956217994292577,0.009766915303427638
1188,0.08114884595076242,0.009291367040668417
1189,0.06163347611824672,0.008895389851197366
1190,0.10197453995545705,0.0085676366107641
1191,0.10293123771746954,0.008362603804653906
1192,0.06312481860319773,0.0082329051297774
1193,0.09770834843317668,0.008206366330355876
1194,0.06483097498615582,0.008380991351739394
1195,0.10752159456411997,0.00851550185686256
1196,0.09444799820582071,0.008284948678232554
1197,0.07882749189933141,0.007912637599868568
1198,0.07952572206656137,0.007592892549257344
1199,0.08230661948521932,0.007452158598361287
1200,0.09213272382815679,0.00726556380125364
1201,0.0854360098640124,0.007074482445641766
1202,0.08036042948563894,0.006972845731757757
1203,0.07948217988014221,0.006773870533669558
1204,0.06562774330377578,0.0065157483001862925
1205,0.10400548726320266,0.00638893434015198
1206,0.07884589930375417,0.0063730222539697574
1207,0.07423859238624572,0.006331906672273799
1208,0.0818355567753315,0.006262655498269271
1209,0.06362144152323405,0.006162626148150193
1210,0.06532770693302155,0.006212439538368325
1211,0.06993861496448517,0.006227864715175366
1212,0.05276408369342486,0.006189849682328269
1213,0.042521204551060995,0.006082059602861799
1214,0.0778312181433042,0.005873614548170191
1215,0.04125322252511978,0.005907976860547159
1216,0.07539893289407094,0.005986090503838353
1217,0.06593276262283325,0.006129645885474335
1218,0.06841512968142828,0.006282213682998118
1219,0.07861690521240235,0.0064858128151702365
1220,0.08781197120745977,0.006988393839478023
1221,0.060298357903957364,0.007450893508475714
1222,0.060562365750471754,0.007499223151500887
1223,0.06865306496620179,0.007487737080522292
1224,0.04956365351875623,0.007310536906387158
1225,0.056957324718435606,0.007062075314969998
1226,0.07763074114918708,0.006919642934194348
1227,0.09618902802467347,0.006642978590744452
1228,0.10076313118139903,0.006441571449083606
1229,0.04251045398414135,0.00640141423498317
1230,0.07621404429276785,0.006314248466262902
1231,0.06326151738564173,0.006156087816348226
1232,0.08715712378422419,0.006056546695589081
1233,0.0795044536391894,0.006150379863120322
1234,0.07113268102208774,0.006289543866319215
1235,0.06748944570620855,0.00645624731821338
1236,0.0763167438407739,0.006490955286930631
1237,0.052986053129037224,0.006541826474428998
1238,0.06973003248373667,0.006537629302415087
1239,0.054539881894985834,0.006556949877055494
1240,0.058282101651032765,0.0067322866305503555
1241,0.06652107735474905,0.0071332226397366975
1242,0.09114592224359512,0.007557968541202466
1243,0.09123067657152811,0.007771241669286424
1244,0.0614685907959938,0.007363332501487938
1245,0.08014479080835978,0.007073844218347955
1246,0.06026137868563334,0.006944365810426905
1247,0.06419916202624638,0.006885084503249625
1248,0.05407852381467819,0.006767524675810783
1249,0.06604370574156443,0.0066187690144155435
1250,0.0603348841269811,0.006438342696715762
1251,0.09019422133763631,0.006347194654999051
1252,0.07210391312837601,0.006268733485389178
1253,0.09359464049339294,0.006353142249625264
1254,0.048684453467528026,0.006485891741091811
1255,0.050622277955214186,0.006519936886799383
1256,0.04877421657244364,0.00645468079331001
1257,0.06733632832765579,0.006337153754659056
1258,0.09224618449807168,0.006247465707743027
1259,0.056621025999387106,0.006107834688439144
1260,0.0763466661175092,0.006063257842728003
1261,0.0591768150528272,0.006072165272161951
1262,0.07232077618439993,0.006015569235630861
1263,0.05569738248984019,0.005989236667326938
1264,0.06126127019524574,0.005923257673188575
1265,0.05454646696647008,0.00585892788449845
1266,0.06199337194363276,0.0058022066327471904
1267,0.07768411884705226,0.005873288280939258
1268,0.056239500641822815,0.0060899330002409735
1269,0.05969002321362495,0.006578543318772879
1270,0.08818729122479757,0.007313830028178068
1271,0.050489164888858795,0.00783779236715375
1272,0.04405645504593849,0.00818525248859811
1273,0.06785482168197632,0.008287244520377456
1274,0.07093274593353271,0.008566265234606355
1275,0.062003986537456514,0.008667971981014676
1276,0.07871528367201487,0.008627196137727363
1277,0.05728093112508456,0.008518708871648186
1278,0.07319236944119135,0.008061624308094734
1279,0.057316616425911585,0.007694820644275293
1280,0.049999375144640604,0.007618629061946954
1281,0.04582258413235347,0.007785321645966665
1282,0.06368844310442606,0.00784421818125553
1283,0.04763405323028565,0.007922211495103446
1284,0.04498864548901717,0.007756655157624384
1285,0.05262051199873288,0.007283073420981018
1286,0.04309269239505132,0.006889891825381696
1287,0.049319307506084445,0.006427301389099223
1288,0.041070821384588875,0.0060763080553041665
1289,0.04656865298748016,0.005709514560867247
1290,0.0603117639819781,0.005515574842442091
1291,0.07006258964538574,0.005494318216833777
1292,0.06272166272004445,0.005426990872938332
1293,0.06881611744562785,0.005326149266535842
1294,0.06103623509407043,0.0053334090158372646
1295,0.0597474992275238,0.005409403594108079
1296,0.04513771819571654,0.00549271365436982
1297,0.04875036949912707,0.005552949292189259
1298,0.042151613036791484,0.005712887692067215
1299,0.03998915267487367,0.005760150494083293
1300,0.0831617126862208,0.005740789960571161
1301,0.054122494161129,0.0055168360750388916
1302,0.0513181338707606,0.005489637712236699
1303,0.0688786635796229,0.005623182562348528
1304,0.04844464932878812,0.0057318058876892715
1305,0.04571730767687162,0.005900353262948943
1306,0.05377283195654551,0.00607707793274381
1307,0.05048026343186696,0.006383492186020209
1308,0.05543307835857073,0.006519222463385796
1309,0.058568252126375835,0.006482399466601531
1310,0.05370081166426341,0.0063517335417321115
1311,0.05599477340777715,0.006098242546248389
1312,0.04238275811076164,0.0058175644518323535
1313,0.05287345225612323,0.0058793514127307754
1314,0.05025473286708196,0.005699116377321284
1315,0.05120208511749903,0.00563293919113912
1316,0.049735452483097714,0.005745602095147639
1317,0.05940811882416407,0.005818714356548556
1318,0.052789088090260824,0.006041980134029909
1319,0.04943568805853526,0.006380847004410906
1320,0.06341956903537115,0.006559763244888562
1321,0.04743011792500814,0.006513413208661469
1322,0.05783863166968028,0.006393357539388139
1323,0.07384610697627067,0.006104080527140869
1324,0.0548534964521726,0.005715523688782622
1325,0.050606897970040636,0.005633770189372691
1326,0.035116405536731087,0.005818156551159038
1327,0.06619186103343963,0.00598835383952544
1328,0.04899763117233912,0.005699651438640211
1329,0.05318432599306107,0.005389494352101341
1330,0.05269821584224701,0.0050931471935290054
1331,0.05379898399114609,0.004897925632411804
1332,0.05075498757263024,0.0048774733156787126
1333,0.04925622443358103,0.0050230191829871
1334,0.045173536986112595,0.005102139739979674
1335,0.05230112324158351,0.005322359911144132
1336,0.05429699718952179,0.005639136556213296
1337,0.07443239341179529,0.006053692389895597
1338,0.0338018370171388,0.00637998272606179
1339,0.05636288474003474,0.006449778736605654
1340,0.04750892122586568,0.006391911857255448
1341,0.059616827964782716,0.006203777886428467
1342,0.07356086025635401,0.006400448898968148
1343,0.04755260273814201,0.006439298077845785
1344,0.029911163449287414,0.00655977832021441
1345,0.04983318969607353,0.00662940000293879
1346,0.04487663805484772,0.006480708784299103
1347,0.054512266318003336,0.006588708444344481
1348,0.04282201826572418,0.007158688324554933
1349,0.04717218776543935,0.007215200679552719
1350,0.06407093231876691,0.0073920738604653065
1351,0.04801497807105382,0.007746025014258041
1352,0.0664975384871165,0.00831563827237041
1353,0.05324052721261978,0.008733431916815911
1354,0.06157682339350382,0.009136093707065883
1355,0.046254237492879234,0.008901679294374515
1356,0.051433229446411134,0.008675911989957681
1357,0.055167659123738604,0.008316910891669003
1358,0.03128207673629125,0.007919274369533371
1359,0.041679988304773964,0.007525807266732252
1360,0.02871403967340787,0.007217406130241831
1361,0.05748943636814753,0.0066917895167098035
1362,0.0472665565709273,0.006473583163781546
1363,0.046916133165359496,0.006523041776931427
1364,0.04215450137853623,0.006447045776010381
1365,0.04499715715646744,0.0062600303419286345
1366,0.03520649348696073,0.006084791402970477
1367,0.04006464853882789,0.006120275256891302
1368,0.041412436713775,0.006118499730735665
1369,0.03984945590297381,0.006049245936928067
1370,0.048707962532838184,0.005767940385927131
1371,0.0692442278067271,0.005579170464780035
1372,0.049641806383927664,0.005428500997826574
1373,0.05587586909532547,0.005344849591341427
1374,0.043031045794487,0.005320678289070373
1375,0.0493220975001653,0.00533542049843378
1376,0.05311888804038366,0.005424090672108367
1377,0.038572920858860014,0.005400281140991435
1378,0.051593610023458795,0.005438919923466256
1379,0.039970878263314566,0.005278036121176336
1380,0.0376164215306441,0.005158716669731487
1381,0.0523553063472112,0.005058058842789294
1382,0.03716376249988874,0.004899123628572451
1383,0.05851424137751261,0.004825790328391659
1384,0.027758454779783885,0.004780802919756709
1385,0.04040727367003759,0.004888957984173509
1386,0.031349392731984456,0.005153907037626101
1387,0.04471709728240967,0.005207950095316087
1388,0.04597643887003263,0.005269829526646282
1389,0.04834429696202278,0.005482664102629766
1390,0.04425313249230385,0.0058234260989514395
1391,0.029702065760890642,0.006174670222516018
1392,0.050487776597340904,0.006565708901703827
1393,0.053789970775445305,0.006804994154376836
1394,0.035624068975448606,0.00681110373404845
1395,0.04494582662979762,0.00693650413707896
1396,0.050886515776316324,0.006906135297402387
1397,0.06357589215040207,0.006567691711298241
1398,0.04742081711689631,0.006459733801270563
1399,0.03993805150190989,0.0059797308301391796
1400,0.04145439279576143,0.005807391283520329
1401,0.032789187878370284,0.005959301160311136
1402,0.04481944342454274,0.005848897602702454
1403,0.028745454673965772,0.005595154823794022
1404,0.03698526596029599,0.005355519990576064
1405,0.031011743346850078,0.005078827126288977
1406,0.036480390032132465,0.004877637772945555
1407,0.03612791448831558,0.004748203274683924
1408,0.029886917769908906,0.004521697935626263
1409,0.035704488307237624,0.004508873165445769
1410,0.0365611510972182,0.004630172839681581
1411,0.04767830322186152,0.004623185760730247
1412,0.03406141599019368,0.004674809764865346
1413,0.03133808026711146,0.00469977221283035
1414,0.03747698267300924,0.0045471017094930325
1415,0.032168715323011084,0.00446612979138754
1416,0.05476994862159093,0.004387364932702575
1417,0.036121220265825586,0.004416007158075144
1418,0.029434607550501823,0.00444159543831048
1419,0.02696254538993041,0.004506572652938153
1420,0.03303460565706094,0.004575698961885133
1421,0.031838322927554445,0.004662125249481283
1422,0.03570070490241051,0.004774046148811504
1423,0.03319084234535694,0.0047664256100946175
1424,0.03764317532380422,0.0048450873312210355
1425,0.03122471844156583,0.00497232579743475
1426,0.04116142019629478,0.004861616569857194
1427,0.03049910416205724,0.004828564531177165
1428,0.029029084742069243,0.004856100142750097
1429,0.0429430549343427,0.004992144994481694
1430,0.04709493505458037,0.005440325032567649
1431,0.03903029511372248,0.005871127828896984
1432,0.03448572928706805,0.006017129123944232
1433,0.04646802395582199,0.0060808887122213605
1434,0.026184715703129767,0.0060368170613408325
1435,0.03546210005879402,0.00607952936259135
1436,0.029779694974422455,0.005832158547906777
1437,0.03835817277431488,0.005383233510427118
1438,0.04445621967315674,0.005170570312463861
1439,0.03142744849125544,0.005124319348425612
1440,0.03771886850396792,0.005167824925678804
1441,0.02645219142238299,0.005392237997239852
1442,0.031235663096110027,0.005479579820759653
1443,0.03439863050977389,0.00556270118186793
1444,0.036087974160909655,0.005575242578821976
1445,0.02291555218398571,0.005529035606942191
1446,0.03749263187249501,0.005367773189942727
1447,0.023059790084759394,0.005398730623653144
1448,0.027668622011939686,0.005432974331733573
1449,0.03013324961066246,0.0054608658616115725
1450,0.025049229338765144,0.005568724736116651
1451,0.03353207210699717,0.005817258796529976
1452,0.035669646908839545,0.005985154599816663
1453,0.04204564789930979,0.005820616399575993
1454,0.028859376286466915,0.005615524678146393
1455,0.030024056633313496,0.005082739647257868
1456,0.02733698164423307,0.004687044593527561
1457,0.028852733472983044,0.004544472695863623
1458,0.0312688567986091,0.0044925629040299675
1459,0.03685267319281896,0.004472714282322939
1460,0.02997748889029026,0.0044623962090182025
1461,0.026406888291239737,0.004526432680596751
1462,0.03624962605535984,0.004523989914982455
1463,0.025257361059387525,0.00443411235858899
1464,0.03211048394441605,0.0042954861006780165
1465,0.035295225928227106,0.004215836442464332
1466,0.04910442655285199,0.004199458112001536
1467,0.02248593494296074,0.004083609356962907
1468,0.030556202431519828,0.004102708208998006
1469,0.026738704244295756,0.004310827832449023
1470,0.026929946740468343,0.004578513747785153
1471,0.04019925942023595,0.0048087076503988795
1472,0.05607667565345764,0.004934030553824672
1473,0.051598526040712994,0.005223869824576683
1474,0.048078577717145285,0.0053175286037891395
1475,0.03392887810866038,0.005342987850931745
1476,0.019990920772155127,0.005258929756228027
1477,0.031494091575344406,0.005019485352810208
1478,0.029082134862740836,0.004968863813844546
1479,0.030098529160022737,0.00498581199364106
1480,0.041992472112178804,0.004886686468247589
1481,0.032659087950984635,0.004804224309357484
1482,0.02711104800303777,0.004650492873776147
1483,0.027232268700997035,0.0045371603433365425
1484,0.028680478781461717,0.004321795613248283
1485,0.043273618320624034,0.004234616376100269
1486,0.03829434464375178,0.004428867409262425
1487,0.02172112986445427,0.004496747360190773
1488,0.019474312911430994,0.0044229369295218325
1489,0.036511939764022824,0.004348321168822801
1490,0.03615596294403076,0.004491777874265365
1491,0.020667663589119912,0.00464755966049421
1492,0.03388262117902438,0.004608713491915131
1493,0.03325666040182114,0.004594503194240369
1494,0.020756677041451135,0.004641615620660265
1495,0.031675514827171965,0.004712313197289161
1496,0.037344309190909065,0.004742617462211707
1497,0.02423088699579239,0.004899533965998864
1498,0.032531666258970894,0.004842874203537275
1499,0.02238666688402494,0.004596595074908119
1500,0.023188026001056034,0.004592432346246315
1501,0.030429319043954215,0.004533204588283763
1502,0.018502421180407205,0.0044722165417395475
1503,0.026708495616912842,0.004472971562934145
1504,0.03840722516179085,0.004352595471945686
1505,0.025299628575642902,0.004388580748657366
1506,0.02960114081700643,0.004425637020663483
1507,0.022385579720139503,0.004551878945139332
1508,0.027781946460405986,0.004790984867800643
1509,0.021278951317071915,0.005027213772780841
1510,0.03661993518471718,0.005390784304449702
1511,0.023620542138814926,0.005560642181653676
1512,0.018827096993724503,0.005630074969976847
1513,0.020858761916557948,0.005612821961701738
1514,0.02840598610540231,0.005234867770694138
1515,0.03999684887627761,0.005027188853485378
1516,0.03555430173873901,0.004712884884518314
1517,0.031059333433707554,0.004626874881613207
1518,0.02553423705200354,0.004444986317805418
1519,0.03285340666770935,0.004215575270648078
1520,0.023298551266392072,0.003913192765963242
1521,0.026568056643009187,0.003955131759647075
1522,0.027952173600594203,0.0039335930074645776
1523,0.029011150697867076,0.0038714910285386045
1524,0.029970770701766014,0.0035245004275036374
1525,0.02014702633023262,0.0032303868774617986
1526,0.025840287655591966,0.0030182279778395112
1527,0.0284628763794899,0.0029441514620777423
1528,0.019728352377812067,0.003010944793308814
1529,0.025038487712542214,0.0031300618287586554
1530,0.03513967047135035,0.0032496905049646464
1531,0.024729148546854655,0.0033007340788049257
1532,0.02826875075697899,0.003238679575330512
1533,0.023914249738057454,0.003147148629870471
1534,0.02715509043385585,0.003127265822391693
1535,0.03397873379290104,0.0031814189503101384
1536,0.019087745745976766,0.0032296498951421477
1537,0.02497661908467611,0.0034471183518446453
1538,0.0326085701584816,0.0036848968355073118
1539,0.0289229283730189,0.003810922787561426
1540,0.029910588202377162,0.003828726442142089
1541,0.02685035696874062,0.003774348290739801
1542,0.01806216568996509,0.0037659602358893264
1543,0.023371179401874543,0.003946528494116065
1544,0.021338245272636412,0.0041401851711442735
1545,0.025440824528535206,0.004328547698247621
1546,0.02538437892993291,0.004581755515752639
1547,0.027828937768936156,0.004530388720729571
1548,0.03500543733437856,0.004191064144719363
1549,0.016852146138747533,0.003913542610505141
1550,0.02169181282321612,0.003707397958322421
1551,0.020776899655659993,0.0035079001031053346
1552,0.022325788189967475,0.0033700111776766347
1553,0.033194015423456825,0.0032147040643809937
1554,0.023500330249468484,0.003187059147987427
1555,0.02898540124297142,0.0033106344218519846
1556,0.016355801125367483,0.0033860149972991444
1557,0.026304749647776286,0.0033896406507486197
1558,0.016727106521526973,0.003351541100377877
1559,0.025763144592444102,0.0032335381558912944
1560,0.025229399278759956,0.0031773740852867644
1561,0.01907264975210031,0.0031223686587974783
1562,0.026674068594972292,0.003042409662157297
1563,0.01606632818778356,0.003007260598535613
1564,0.03082399753232797,0.003046732832215668
1565,0.022997970009843507,0.002979423508862048
1566,0.028343664233883223,0.0030373300620039384
1567,0.01907285222162803,0.003044637688252283
1568,0.022700513154268263,0.003202268004043424
1569,0.021719036375482878,0.003379797573956683
1570,0.01710114081700643,0.003651368340081352
1571,0.015029045256475608,0.004024437096109247
1572,0.02460091238220533,0.004496770532339753
1573,0.030234811392923198,0.004689433481764253
1574,0.01984054030229648,0.004857733724712152
1575,0.014283597158888975,0.0050075054700361695
1576,0.021530952428778012,0.0052842178132649015
1577,0.022956339021523792,0.00576345687805433
1578,0.021677277237176894,0.006052573906316415
1579,0.022392306476831436,0.0060450255405157804
1580,0.030146940176685653,0.006037554188492143
1581,0.014276599635680516,0.00579590856933629
1582,0.02435966009895007,0.005695136162217736
1583,0.019795297582944234,0.005531731258718458
1584,0.022310341025392214,0.0050893668946993395
1585,0.02035565326611201,0.004758156966198031
1586,0.020860477350652218,0.004552900103676155
1587,0.02530211756626765,0.004356815476945828
1588,0.027600214878718058,0.0042453168563207425
1589,0.015483021301527818,0.0041425075862322035
1590,0.018699093845983346,0.0037653690321356294
1591,0.0297501303255558,0.0035844275555536736
1592,0.026471859216690062,0.003671599119373663
1593,0.02537047564983368,0.003676684951871692
1594,0.02012689709663391,0.003617398179590878
1595,0.02701784794529279,0.003613258958574179
1596,0.023795362065235772,0.0035987957142381453
1597,0.016561721016963325,0.003516881569933997
1598,0.037983747820059456,0.0036082723696796797
1599,0.021386163185040157,0.0034751818042365818
1600,0.020630290855964024,0.003445537804853259
1601,0.014125580216447513,0.0034309267433081554
1602,0.02234286889433861,0.0033451601721742373
1603,0.0226106446236372,0.0031675530714899537
1604,0.01779290537039439,0.0030334042742716396
1605,0.017362638749182223,0.0030289696415842283
1606,0.026806282500425976,0.003092127565228505
1607,0.01952422745525837,0.003127474532147327
1608,0.01816686801612377,0.003023208667135497
1609,0.019112368673086168,0.002942054887214221
1610,0.022121862260003886,0.002957380410672466
1611,0.020579224545508625,0.0031135577037490494
1612,0.02728343059619268,0.0034296234591138057
1613,0.01943808694680532,0.0037683063309537027
1614,0.02111929332216581,0.004157938946801143
1615,0.01675818165143331,0.0043565155534939035
1616,0.01829798296093941,0.004404992259320195
1617,0.016260541478792825,0.004305127294968784
1618,0.02267983971784512,0.004446868626144165
1619,0.02470709246893724,0.004823082226592549
1620,0.013525932716826597,0.005087043530872371
1621,0.02096257247030735,0.005360401780014549
1622,0.026501443733771644,0.005329808772094254
1623,0.018368977556626,0.005506454627799589
1624,0.014269429010649521,0.005701460692239558
1625,0.019878202428420384,0.005977631735388102
1626,0.01604340523481369,0.005962705298319576
1627,0.01983661043147246,0.005817661401045721
1628,0.023371140410502752,0.005965017046280733
1629,0.02105960709353288,0.005991871263391859
1630,0.01923846664528052,0.005868041105055082
1631,0.022445415829618773,0.005597602383519603
1632,0.0169206444794933,0.00544717945671809
1633,0.016191848864157993,0.0053057093649926616
1634,0.02645530514419079,0.005406011750290948
1635,0.025350783516963325,0.005834657955533407
1636,0.01957569345831871,0.006016283901041653
1637,0.019473791619141898,0.006196942834887566
1638,0.01893089823424816,0.006087585407360567
1639,0.01824077914158503,0.006008452143681448
1640,0.027748497699697814,0.0060122036925099025
1641,0.023480366667111716,0.005723811447708391
1642,0.015082789833347003,0.0052193280540436034
1643,0.021796250094970066,0.0048664345636993175
1644,0.023890226955215137,0.004524601620665978
1645,0.02227637767791748,0.0042489898990561055
1646,0.02122690106431643,0.003967992024584197
1647,0.019396761432290077,0.0037282342998692253
1648,0.011106508721907934,0.003576504855827377
1649,0.02228362001478672,0.003507409137527011
1650,0.023694473256667455,0.0034029760661967627
1651,0.02630315168450276,0.0033501743689164755
1652,0.018016580740610758,0.0034925089168222987
1653,0.017926553326348463,0.003577580061323178
1654,0.02074230561653773,0.003584620606990194
1655,0.020222128368914127,0.003499936592933817
1656,0.014044509828090667,0.0035360524088041637
1657,0.017121860509117445,0.003408059439306536
1658,0.01686219610273838,0.003242267827378718
1659,0.023016174137592316,0.003052089323003696
1660,0.012147949015100797,0.003057769430969937
1661,0.02579123874505361,0.0030464817014500853
1662,0.01927152511974176,0.003092627195956728
1663,0.018494136879841486,0.0033706412971474405
1664,0.011575451120734215,0.003615703159671893
1665,0.01337125680098931,0.0037106674624694967
1666,0.016616867979367574,0.0037185312807926627
1667,0.015078426338732243,0.0036579290437915427
1668,0.016996867830554645,0.003670899340457569
1669,0.017019150716563066,0.003528334418546379
1670,0.01639968007802963,0.0034020585026298686
1671,0.01515254427989324,0.0033549339965161847
1672,0.01613034661859274,0.003287260379370918
1673,0.013799865543842316,0.0032736425696850177
1674,0.018950152272979418,0.0034678345188630497
1675,0.02043850232536594,0.003731205272048301
1676,0.023024276395638785,0.003790865990509257
1677,0.02709059144059817,0.0037686232492093025
1678,0.021958002696434657,0.0035429172819172305
1679,0.015320329957952102,0.0036021955586295193
1680,0.012599406639734904,0.0035666983536129277
1681,0.01600758396089077,0.003513941607313363
1682,0.01759563125669956,0.003412233096342094
1683,0.024538359915216763,0.00313566762433336
1684,0.019125824669996898,0.002905696576395197
1685,0.017387392185628413,0.002656045905131055
1686,0.026078365991512933,0.00262110296996149
1687,0.016668889174858727,0.0026384797588900086
1688,0.01163429735849301,0.0026357491275178285
1689,0.015534847353895506,0.0026002723006824926
1690,0.01306820586323738,0.00255432846409628
1691,0.013670277843872706,0.002515610757533197
1692,0.012810789483288924,0.0024474150809188056
1693,0.017193376024564107,0.002468486843579339
1694,0.015012211290498574,0.002600514234637651
1695,0.021613007442404828,0.0028242902916408782
1696,0.01868979794283708,0.0030280361932841695
1697,0.019638845945398012,0.003154938958959258
1698,0.02662981723745664,0.003392108430073956
1699,0.024687648254136243,0.0034953397643701064
1700,0.016826631625493367,0.0035489091996147525
1701,0.017699734369913737,0.0037211851788846056
1702,0.019274342929323514,0.0038273760803249172
1703,0.013312327240904172,0.0038733887431160437
1704,0.01346266803642114,0.003960437589603674
1705,0.021912382046381632,0.003875553726189308
1706,0.010289945701758067,0.0036063688187529955
1707,0.01520394707719485,0.0032285030603071484
1708,0.01390497883160909,0.0029147761208408577
1709,0.016696941666305067,0.0028112528902500514
1710,0.012047553000350793,0.002678762520040114
1711,0.0192111536860466,0.0025991490770747344
1712,0.018643325567245482,0.0025631141927694593
1713,0.0189107699940602,0.0025187601870673847
1714,0.013873091588417688,0.0025072379402566966
1715,0.020007904743154843,0.002521669491208855
1716,0.014231905216972034,0.002588974884857871
1717,0.021544703096151353,0.0027099472991242183
1718,0.030754974981149038,0.0027913373508160625
1719,0.012597622039417425,0.0028132284435949573
1720,0.00995816153784593,0.0028354602482712527
1721,0.01326662190258503,0.0027352025948728866
1722,0.012430042152603467,0.002746787664707838
1723,0.01585896871984005,0.0027620323858495188
1724,0.010504017832378547,0.0027475379266240817
1725,0.015114966655770938,0.0027803059311686303
1726,0.014870281393329302,0.002839173399293282
1727,0.01826126252611478,0.002828078790875812
1728,0.014817420641581218,0.002842935947078009
1729,0.020718674982587497,0.002795505351166967
1730,0.016274824365973474,0.0029244033159600115
1731,0.0159213088452816,0.0030699892108893303
1732,0.012730873376131057,0.0031870085714883574
1733,0.013005838294823964,0.0032455698563167313
1734,0.01748618818819523,0.0030699772641106736
1735,0.014382325236996014,0.002933212984023308
1736,0.011350132711231708,0.002783563589369218
1737,0.01930206666390101,0.00268603265138827
1738,0.009566967686017355,0.002742407587723528
1739,0.013327042448023955,0.002844101058201879
1740,0.013412260388334592,0.0028928619319954375
1741,0.010941166679064434,0.0029424097733645456
1742,0.02364174652223786,0.0030973017537475043
1743,0.012460196732232968,0.003354209873047987
1744,0.008073266968131066,0.0035570405458474137
1745,0.014998820796608924,0.0037788504846467392
1746,0.016330968836943308,0.003799963492247474
1747,0.011758035359283289,0.0037757309546004834
1748,0.018635192016760508,0.0037217331393878525
1749,0.01716356575489044,0.0036259446124450897
1750,0.013381601745883624,0.003197140497610149
1751,0.014152509098251661,0.0028682000023921525
1752,0.013131249323487281,0.0028303909797485417
1753,0.013592449327309927,0.002715799690766891
1754,0.011240066650013128,0.002682708289499915
1755,0.010701705142855645,0.0026850092882935808
1756,0.014921509226163228,0.0026877339783593955
1757,0.01163188014179468,0.0026298265424777026
1758,0.010122880650063356,0.002510335101144696
1759,0.017794988676905633,0.0024640609947487887
1760,0.018731094027558962,0.00251469370637705
1761,0.01521653172870477,0.00257135450145171
1762,0.015309832990169525,0.0026178218334487924
1763,0.01833097500105699,0.0027666657963239653
1764,0.014990185325344404,0.0029529223665888385
1765,0.01304829902946949,0.0031045517654114175
1766,0.009390680057307085,0.0031945244014981813
1767,0.014136728706459205,0.003214894031269813
1768,0.013061498353878657,0.0031719784720756817
1769,0.011464819746712844,0.002965243794042324
1770,0.028826014138758183,0.002889535985667053
1771,0.01253999484082063,0.002726193047660278
1772,0.010758966145416101,0.0025677036436267315
1773,0.0158521664639314,0.00255502902217004
1774,0.013341646393140156,0.002731332977991698
1775,0.01885599096616109,0.002958266356479611
1776,0.008406564438094696,0.003080587565997894
1777,0.01019543968141079,0.0028959903041062157
1778,0.022102673724293708,0.0027579462800108954
1779,0.016460219398140907,0.002851376893900804
1780,0.012180125216643016,0.002782485671946412
1781,0.011208935330311457,0.0026660675905263564
1782,0.012959087764223417,0.0024788276187884878
1783,0.010221923608332873,0.002251644452436145
1784,0.011769328887263933,0.0021909536847910718
1785,0.012160171009600162,0.0022733999882810054
1786,0.02066454216837883,0.0023470250380914805
1787,0.006515996561696132,0.0024365474622124643
1788,0.01048792985578378,0.0025608220717899034
1789,0.015552971512079239,0.002684123665607703
1790,0.013953074192007383,0.0027517271145635585
1791,0.013045074294010799,0.0027267870229236253
1792,0.013125061492125193,0.0026688437256228736
1793,0.011322053956488769,0.0025376596902387115
1794,0.012102636819084486,0.002310008525126064
1795,0.0107710812240839,0.0021800886744295987
1796,0.01052595612903436,0.002102323534154135
1797,0.014051323632399242,0.002002989947080876
1798,0.012188850715756417,0.0019655608756313702
1799,0.013927015413840612,0.0020056869128836302
1800,0.012044350430369378,0.0021224491642861383
1801,0.01145383728047212,0.0023086158820889947
1802,0.015124985078970591,0.0024985222986488656
1803,0.014261802813659111,0.002674098019341491
1804,0.01460698371132215,0.0028854297972687585
1805,0.016432991127173106,0.0031088113012048965
1806,0.016019353146354356,0.003157223825522618
1807,0.010023267691334088,0.00295068957159061
1808,0.012617886687318483,0.002781837306894714
1809,0.009752996017535527,0.0026592863288224036
1810,0.010017896878222625,0.0026083186646468763
1811,0.01011973712593317,0.002528816702185331
1812,0.020325848087668418,0.002318275112963069
1813,0.008431129902601243,0.0022409312403210858
1814,0.014461184789737066,0.0022060211200641074
1815,0.012838552892208099,0.002241894194863619
1816,0.009118773167332013,0.002351559477209253
1817,0.009665332548320294,0.002375099648021191
1818,0.012104490026831626,0.0024057407221778873
1819,0.020709660152594248,0.002477435946490205
1820,0.010675259865820408,0.002500738096093451
1821,0.013369452332456906,0.002450630890102837
1822,0.011538552617033323,0.0023888431060472577
1823,0.013046381125847498,0.0022614750883718
1824,0.011067266638080279,0.0021935401518286507
1825,0.016305707457164923,0.0021374937454898524
1826,0.011636104062199592,0.0021023354401415962
1827,0.011836189031600951,0.0020776914105398625
1828,0.015154871220390002,0.002106821622358503
1829,0.01062460218866666,0.00224419800137485
1830,0.00616173359254996,0.002415308937811711
1831,0.010695994397004445,0.0026698975551572783
1832,0.00835871851692597,0.0028936597628621604
1833,0.012009191202620666,0.002965762570966035
1834,0.012674922371904056,0.002887000310542722
1835,0.016246941313147543,0.0026465170067097024
1836,0.013994620740413665,0.0024351071136431606
1837,0.00875140515466531,0.0022727001662820752
1838,0.01424720361828804,0.0021614558439276466
1839,0.008636865019798278,0.0021307734173528236
1840,0.00830935500562191,0.0021738355743742776
1841,0.011236012168228626,0.0021826519674848855
1842,0.012096129823476076,0.002187019264908493
1843,0.011407542104522387,0.002270921436871776
1844,0.012798989253739516,0.0023561493873112196
1845,0.012063223433991273,0.00245840771776426
1846,0.011168096587061882,0.0026114025956668753
1847,0.010167270650466282,0.0026602242728621943
1848,0.012690811169644196,0.0026577273924563694
1849,0.011431808521350225,0.002517772603809364
1850,0.007460610444347064,0.002399005692939853
1851,0.010906138519446055,0.0024043000981534327
1852,0.011837737262248993,0.0024763038766929717
1853,0.012652395851910114,0.0024711235030370903
1854,0.02447882518172264,0.0025757299965306177
1855,0.013550273329019546,0.00258320271437181
1856,0.008483059518039227,0.0025703327828380243
1857,0.010871865755567948,0.002486700614672301
1858,0.00633158100148042,0.002439940231393905
1859,0.010304952909549078,0.002490834659332131
1860,0.007951276873548825,0.00250947394836364
1861,0.007332160075505575,0.002564977082895027
1862,0.009059979238857825,0.0025666331502014962
1863,0.010248108084003131,0.002353738760804816
1864,0.016523643955588342,0.0021817860334257294
1865,0.011337669690450032,0.0020361282545559873
1866,0.01401107224325339,0.0019991368671336512
1867,0.010583745191494624,0.001987897526054812
1868,0.00926197989222904,0.0019943255621309238
1869,0.01337363173564275,0.001979728536882005
1870,0.01069868498792251,0.0019064794586032747
1871,0.011537378964324793,0.0018676936807015573
1872,0.007101463340222836,0.0018446514058462161
1873,0.008268185891211033,0.001891021061721661
1874,0.010212064410249392,0.0019329526886989281
1875,0.015084667007128398,0.0019298268231841933
1876,0.012921070586889983,0.0018968827610901433
1877,0.008888301532715559,0.0018715091681247211
1878,0.006762147912134727,0.0018118656901312685
1879,0.014559643995016813,0.0018089596447021532
1880,0.00992151281485955,0.0018458584232776477
1881,0.00971707571297884,0.0018440262546513494
1882,0.009404919172326724,0.0018169015460816308
1883,0.009790272638201713,0.0018019971417585813
1884,0.010074543518324692,0.0019043926525435697
1885,0.005986571001509826,0.0019545004470273852
1886,0.010164563357830048,0.002114480374175615
1887,0.008133975168069204,0.00227855466760871
1888,0.009618214766184489,0.002414451204386987
1889,0.01308861921230952,0.002532902082490669
1890,0.008646632730960845,0.00261422727343179
1891,0.020126627385616304,0.0025914461360181
1892,0.011602125565210978,0.0025687711929818103
1893,0.01020098285128673,0.0024258217585958744
1894,0.012313238407174746,0.002183250476300027
1895,0.007646609532336394,0.0019978899355174782
1896,0.009364503342658282,0.0018532789996586827
1897,0.014961722306907177,0.0017607230147691517
1898,0.010872950963675975,0.0017552006055644941
1899,0.01209925493846337,0.0017739425160771779
1900,0.0075557575871547066,0.0018096780569446603
1901,0.011998637268940607,0.0018778135821289259
1902,0.010964091060062249,0.001938777283204382
1903,0.018480691437919933,0.0021195113487032014
1904,0.0063628250733017925,0.0022911325192874607
1905,0.012775643977026145,0.002331602297297965
1906,0.008733971665302912,0.0023773851642645456
1907,0.011404223305483659,0.0024414261934571115
1908,0.009894329588860273,0.002476214884741848
1909,0.011647404357790946,0.002330661194461332
1910,0.013963201642036438,0.002055123495121347
1911,0.010430451855063439,0.0018634402567124743
1912,0.018552278727293016,0.0018410535662629326
1913,0.008924876215557258,0.0018276395892640063
1914,0.00666786798586448,0.0017846661054265252
1915,0.010405091817180316,0.0017737629025895883
1916,0.007305553772797188,0.0017827085989773068
1917,0.00931772713859876,0.0018445233959708304
1918,0.010470975935459138,0.0019059766083497436
1919,0.005968316520253817,0.001979120787256947
1920,0.011884496298929055,0.001984426959584592
1921,0.009926363080739974,0.001963710723358654
1922,0.010153661482036114,0.0019682191276105166
1923,0.013168093686302503,0.0019449180344533997
1924,0.007514207530766726,0.0019912460234976837
1925,0.023029120328525703,0.0019677623592621435
1926,0.01022939511264364,0.001986319508805035
1927,0.009730304405093194,0.001995238021756779
1928,0.008151519795258839,0.0020394851332145385
1929,0.013564882799983025,0.0020564960058701526
1930,0.01105229053646326,0.001987293380950614
1931,0.012007140989104907,0.0018284799715350053
1932,0.011057060025632382,0.001715646925158652
1933,0.0048867586379249895,0.0016797395357972113
1934,0.012488467432558537,0.0017079167243544246
1935,0.007612014779200157,0.0017514435927783263
1936,0.009565639961510896,0.0017864609886085482
1937,0.01072814166545868,0.0018185219123838543
1938,0.010108696358899275,0.0018054841211850308
1939,0.008453916758298874,0.0017556150972762505
1940,0.008804078524311384,0.0017050471515248082
1941,0.010530374199151992,0.0017337200456889214
1942,0.006950331479310989,0.001816379293656402
1943,0.00946279540657997,0.001931965193439891
1944,0.005886439730723699,0.002047581942137844
1945,0.009852139030893643,0.0020980749143595535
1946,0.00942642663915952,0.0022693090671334253
1947,0.007841218697528044,0.0024166003634555513
1948,0.012237485870718956,0.002516506192105727
1949,0.008465935414036115,0.0025875963571785738
1950,0.01045222741862138,0.0025872859753682973
1951,0.007647873585422834,0.0025689029066060763
1952,0.010050827109565338,0.0026317688049363546
1953,0.013727986191709837,0.0026803999700616516
1954,0.011410298570990563,0.002633117221151002
1955,0.009455150365829468,0.0025934406384774374
1956,0.00700677124162515,0.002529114243706439
1957,0.008248826923469703,0.0025608365159980424
1958,0.00716481680671374,0.0025371179973713936
1959,0.010033161782970031,0.002530190145631695
1960,0.01008860683068633,0.0024265456590874808
1961,0.012142266829808552,0.00230794277488562
1962,0.009158572275191545,0.002295367274888036
1963,0.0070284712438782055,0.002206281004666065
1964,0.007158447150141,0.002128314375020307
1965,0.009168188273906707,0.002052056907807242
1966,0.010041987212995688,0.0018907224283485828
1967,0.009860505039493242,0.00178354251710423
1968,0.01188856540247798,0.0017573949853398317
1969,0.007779602706432342,0.001782661345585682
1970,0.010693761333823205,0.0018049162025581753
1971,0.006137945192555587,0.0017785020248220105
1972,0.011314826458692551,0.0018207390843542279
1973,0.010693603474646807,0.0018371691087198509
1974,0.010035963573803505,0.0018289477881099148
1975,0.004691496708740791,0.0017979980930392667
1976,0.006541953856746356,0.0017050511341663004
1977,0.00892626519004504,0.0016328006598724449
1978,0.020394797002275786,0.0016134250973255967
1979,0.010225956390301386,0.0015872376457619385
1980,0.0074900849411884945,0.001567255758990233
1981,0.009991348534822465,0.0015600253429124498
1982,0.010863735775152842,0.0016153415694363474
1983,0.00552131241808335,0.0017335841231236938
1984,0.012104643260439236,0.0018695323433778359
1985,0.0054048224041859305,0.0019412529944693377
1986,0.011659415128330389,0.0019050664849364837
1987,0.009524139016866684,0.0018425268688473822
1988,0.008660016457239787,0.0017834719632317745
1989,0.011398763582110404,0.0017145329616105873
1990,0.014710797121127446,0.0017284642767269297
1991,0.00855941598614057,0.0017171029111931438
1992,0.008058297944565614,0.0017301142275311405
1993,0.009439619941016037,0.0018384181354680707
1994,0.008633811213076114,0.0018785959533617399
1995,0.008363725648572047,0.0018388572224373673
1996,0.006240578570092718,0.0017058262404413733
1997,0.00891668206701676,0.001644688229994137
1998,0.010776416336496671,0.001648671750903247
1999,0.010058907171090445,0.001619291539243459
2000,0.007348466167847316,0.0015829106129148578
2001,0.011241203531002004,0.001581768570357831
2002,0.0154896376033624,0.001591337351568454
2003,0.00762559895714124,0.0015934219952364723
2004,0.008059444651007653,0.0016037769180009375
2005,0.009563971559206646,0.001657504354274509
2006,0.009578137906889122,0.001724751641896854
2007,0.006056028914948304,0.0017221265828363437
2008,0.008314969763159753,0.0017017712612640054
2009,0.011448143112162749,0.0016771217674753944
2010,0.008165163267403842,0.0017315327387172948
2011,0.00786011703312397,0.0018549488168063126
2012,0.006854614025602738,0.0019428512914744242
2013,0.010215596575289965,0.001915923786907838
2014,0.007260082755237818,0.0018403897667853674
2015,0.00847266409546137,0.0018051395346969732
2016,0.0057397995454569655,0.0017925668394378218
2017,0.006595220478872458,0.0018130339020734844
2018,0.007329261240859826,0.0018867593865674796
2019,0.008772188859681288,0.001897256965423553
2020,0.007031607907265425,0.0018681562628265192
2021,0.004999545340736707,0.0018652419288785703
2022,0.006541551587482293,0.0019097253537574586
2023,0.009120317486425241,0.0018691833622113793
2024,0.012896833196282386,0.0017857408798648059
2025,0.005289875188221534,0.0017859836066128891
2026,0.005699055672933658,0.0018571787525823627
2027,0.006066533457487822,0.0019060037512236869
2028,0.008942877532293399,0.001907294518078263
2029,0.007903758808970452,0.0019318930518618183
2030,0.010729098878800868,0.0019712254393448887
2031,0.007774686254560947,0.0018924220267355104
2032,0.009845405537635087,0.0018101859354578127
2033,0.01376334900657336,0.001757627976283717
2034,0.007443164971967538,0.001726245978759147
2035,0.009807581764956315,0.0017208902157960445
2036,0.007900628012915452,0.001782947415958056
2037,0.009010947744051616,0.001912803485610075
2038,0.010253772263725598,0.0020739807120311684
2039,0.009602282599856456,0.00221358939609307
2040,0.007236852869391441,0.0022169377089443242
2041,0.005612456674377124,0.0021878832805210606
2042,0.008248789484302204,0.002078422160572134
2043,0.009243552262584368,0.001967033894797219
2044,0.0051711302871505415,0.0018978690342174652
2045,0.01470654842754205,0.0018527291823539692
2046,0.013040343051155407,0.0017563297253905972
2047,0.0050978652512033784,0.0016641299968803535
2048,0.006906877023478349,0.0016166214882964488
2049,0.00913220914080739,0.0016461688087653647
2050,0.011291231773793698,0.0017317060479027124
2051,0.005752501760919889,0.0018447607507705542
2052,0.008822425547987223,0.0019677118108356664
2053,0.009277436695992947,0.0019808073844815657
2054,0.009697543084621429,0.001952701816555318
2055,0.012345258006826043,0.0019914831674092185
2056,0.00815445656577746,0.0020652563592687607
2057,0.009938027585546176,0.0021077038505523445
2058,0.007584425682822863,0.002044577893856491
2059,0.006406129244714976,0.0020293478552535302
2060,0.00878030943373839,0.001991177093596051
2061,0.009049662792434295,0.001906547747418563
2062,0.013935084516803423,0.0018055383136631614
2063,0.0073852386636038625,0.0016935950869971183
2064,0.010909950671096643,0.0015997939958974103
2065,0.006645298811296622,0.0015137483602789355
2066,0.007998229097574949,0.0014907664240807236
2067,0.006456489115953446,0.0015355144721578705
2068,0.006874788676699003,0.0016160261923608584
2069,0.012064495806892712,0.0017464502496181027
2070,0.005586440985401471,0.0018138544445267996
2071,0.008215989793340366,0.0018203007395326079
2072,0.007969585340470075,0.001808367245056021
2073,0.00570577106749018,0.001789232368551664
2074,0.007174413775404295,0.001725417678244412
2075,0.0063964062059919035,0.0017079363292216976
2076,0.007604533061385155,0.0017265347041685582
2077,0.009177975077182054,0.0017224973218087436
2078,0.006513623706996441,0.0016707264099019858
2079,0.008602456996838252,0.001642056328783501
2080,0.006897818949073553,0.0016306127303767598
2081,0.01231378031273683,0.0016601658207373547
2082,0.011310458928346635,0.0017465712117259464
2083,0.006094353646039963,0.001790117909196823
2084,0.005490530654788018,0.001875179159483876
2085,0.005736667787035307,0.0018987101679172837
2086,0.009062120132148266,0.0019277740888298475
2087,0.00634141576786836,0.0018904204609254778
2088,0.007742937467992306,0.0018909200240503153
2089,0.009036128005633751,0.0018871430836193534
2090,0.00790664404630661,0.0018436617109563393
2091,0.005899488211919864,0.001790584025202836
2092,0.009275605405370395,0.0017959737150396375
2093,0.005600074802835782,0.001802332572399283
2094,0.00637008020033439,0.0017874681632704557
2095,0.010402288101613522,0.0017901809758224384
2096,0.008329088861743609,0.0018144906411409437
2097,0.00992050648977359,0.0018455167869325933
2098,0.009993596747517586,0.0018617659519031447
2099,0.008357888832688332,0.0018574319043454318
2100,0.00960279330611229,0.0018161227267765344
2101,0.00663441630701224,0.0017163347782645976
2102,0.006932743219658732,0.0016169625439398782
2103,0.006811487550536791,0.0015737643095529014
2104,0.006384274301429589,0.0015591016707494562
2105,0.00643212196106712,0.0015492640001658995
2106,0.006869182673593362,0.0015229760342842247
2107,0.006336497763792674,0.0014959275917293079
2108,0.0072957496469219524,0.001482911203991563
2109,0.005216759132842223,0.0015007802367753048
2110,0.011189036133388678,0.0014720696458175016
2111,0.007190435814360778,0.0014655534370516345
2112,0.021352167737980685,0.0015043477022719724
2113,0.012363070684174696,0.0015034270257410396
2114,0.014427852382262548,0.0015455938932507878
2115,0.008218823621670404,0.0015803689992341294
2116,0.008079081447795034,0.0015604260160338398
2117,0.009755707159638406,0.001520841443401534
2118,0.006199879913280407,0.0015135322558587256
2119,0.008759001704553763,0.0015279076068559442
2120,0.007689633344610532,0.001600004032398134
2121,0.006157009831319253,0.0016630944797281528
2122,0.011668407420317332,0.0016748427290686656
2123,0.006366281397640705,0.0016643425679351313
2124,0.006013840312759081,0.0016442198830763956
2125,0.009454214572906494,0.0016417908007311122
2126,0.007159950708349546,0.0016647869311768092
2127,0.005847786801556746,0.0016874502089624403
2128,0.012291349346439044,0.001737266306237842
2129,0.006576931787033876,0.0017689381355757085
2130,0.007075715096046527,0.0017856292593417557
2131,0.010857084455589453,0.0018738778136733838
2132,0.006536761671304703,0.0020018261819518737
2133,0.006279225399096807,0.0022030889613949877
2134,0.004747661544630925,0.0022688166306658437
2135,0.008260991952071587,0.002235584763542375
2136,0.004382474378993114,0.002164712580086803
2137,0.00822209275017182,0.0020665945780855848
2138,0.005350568486998479,0.0019468097919121562
2139,0.006192047024766604,0.0018977372399274642
2140,0.004218133570005497,0.0018249830728585604
2141,0.007230433697501818,0.0017237693560515955
2142,0.006473161838948726,0.0016697764078244075
2143,0.006635499900827805,0.0015731964793833575
2144,0.009087919599066178,0.0014628591999621497
2145,0.009513178033133347,0.0014009686270783706
2146,0.006037131107101838,0.0013878916762173395
2147,0.007989464079340298,0.0013855956694180894
2148,0.006449781234065691,0.0013680771498768554
2149,0.016807253286242486,0.0013789347438031706
2150,0.0035944092087447643,0.0014152525145905166
2151,0.008356604414681593,0.0014488558238188877
2152,0.009288889914751053,0.0014685438465790852
2153,0.0046299219131469725,0.0014773526650167796
2154,0.006371118873357773,0.0015098109067230683
2155,0.00830528501731654,0.0016162533686114988
2156,0.005414002978553375,0.0017172116557650423
2157,0.006033922669788202,0.0018061219858840716
2158,0.004235348602135976,0.0018281785187569967
2159,0.007763361868758996,0.0017133411901176167
2160,0.005891154706478119,0.0016766788684772181
2161,0.005746877876420816,0.001655278705813515
2162,0.012080156058073045,0.0016419762035893226
2163,0.004194181629767021,0.0015893086325148062
2164,0.0076682363326350846,0.0015366201820773233
2165,0.004211569577455521,0.0015011611467343755
2166,0.007261357301225265,0.0014372075286622373
2167,0.009146164854367573,0.0014223767222546033
2168,0.005512411892414093,0.0014639479456140336
2169,0.00670362530897061,0.001567312492037973
2170,0.008467781543731689,0.001661296506441202
2171,0.005957353084037702,0.0016870176794642664
2172,0.008658132826288542,0.001693170860283238
2173,0.00529417268310984,0.0016763891162411273
2174,0.005818052062143882,0.0016845542862236787
2175,0.006842392776161432,0.001722766575036849
2176,0.009940557988981406,0.0017347038074650464
2177,0.006675354205071926,0.001728844609908809
2178,0.004435500502586365,0.0017233002587935637
2179,0.010028010389457146,0.001746036413974288
2180,0.00450427932664752,0.0017120330509402895
2181,0.005474417159954707,0.0016748244001866524
2182,0.00817513484507799,0.001663867766154457
2183,0.008161553181707859,0.0016710621866949387
2184,0.004430667497217655,0.0016784726087036945
2185,0.008166926726698876,0.0017037012780568284
2186,0.005857406153033177,0.001656747690432221
2187,0.006263522027681271,0.001592740931572928
2188,0.007036541526516279,0.0016266760304267701
2189,0.004628870418916146,0.001708125355678673
2190,0.005612649644414584,0.001757447291397046
2191,0.005450662054742376,0.0017499843747290878
2192,0.005207906911770503,0.0016796449516138143
2193,0.004928305993477503,0.001600112334683475
2194,0.008091695234179496,0.0015459378740583422
2195,0.004922388369838397,0.0015063977465271862
2196,0.00654527988905708,0.0015116536154619815
2197,0.0062350702782471975,0.0015205329508194334
2198,0.005351032223552465,0.0015803215877766223
2199,0.00840136689754824,0.0016433047440075352
2200,0.0059348637548585735,0.0017088697139287412
2201,0.004828890319913626,0.0017154413005236286
2202,0.007326365013917287,0.0016886735375439858
2203,0.006472658428053061,0.0016758244146760663
2204,0.008785653300583363,0.001696047664383485
2205,0.0069321284070611,0.0017673506399302186
2206,0.006402481968204181,0.0018023202639998038
2207,0.007919288147240877,0.0017993882048451598
2208,0.004084059223532677,0.0017648004550568385
2209,0.006597989735503991,0.0017520184327887672
2210,0.007589206378906965,0.0016942818794746912
2211,0.005302787572145462,0.0017446749331475433
2212,0.006574631482362747,0.001799170312086234
2213,0.006209694656232992,0.0018839208902694893
2214,0.0054237614075342815,0.0019694938261142574
2215,0.006126329054435094,0.0019643727161070905
2216,0.007300660014152527,0.0019466272634582403
2217,0.0063937824840346975,0.0019483363244858548
2218,0.005633284896612167,0.0018678319208025125
2219,0.006247152015566826,0.0018418548690218397
2220,0.0065590216312557455,0.0018358487102700816
2221,0.005470439791679382,0.0018230546047561802
2222,0.005624312783281008,0.0018165516817170437
2223,0.005263884055117766,0.001799846314261374
2224,0.007204000155131022,0.001823267282200354
2225,0.006565644840399424,0.0018246772558809677
2226,0.003814444535722335,0.0017338183687405852
2227,0.005637848128875096,0.0016483269964379633
2228,0.007848611722389856,0.0015826274966958573
2229,0.0060718145531912645,0.001580176809683486
2230,0.006783276113371054,0.0015600988358134536
2231,0.006221725853780905,0.0015534733875386974
2232,0.0052850990245739615,0.0015161127861732192
2233,0.00550112354879578,0.001516563520862127
2234,0.006073572548727194,0.0015014960466312084
2235,0.005282331878940265,0.001493319573419858
2236,0.006196416976551215,0.0015022834680660988
2237,0.005833604714522759,0.0014944990507215188
2238,0.009259259638686975,0.0014791069215431252
2239,0.0085257388651371,0.0014813691185141995
2240,0.0042980761888126535,0.0014929104693541964
2241,0.006467885461946329,0.0015261473999712543
2242,0.005705970261866848,0.0015594061834400329
2243,0.00487758411715428,0.0015892015316791275
2244,0.005669272194306056,0.001594324732464225
2245,0.0051643559398750465,0.0015825281225834188
2246,0.005686917218069235,0.001545832556691644
2247,0.008251618624975284,0.0015037371547834025
2248,0.008087429249038299,0.0015068700675500602
2249,0.00910821861277024,0.0015270752492214106
2250,0.006083098271240791,0.0015212948840591823
2251,0.0032679120854785045,0.0015025260447117492
2252,0.005917534542580445,0.0015047916164667543
2253,0.00421606736878554,0.0015358250496742192
2254,0.005413762604196866,0.0015902865372023427
2255,0.005333742375175158,0.0016502431888540284
2256,0.006927374191582203,0.001714514773950901
2257,0.004281764694799979,0.0017191830995688803
2258,0.007292549995084604,0.0017569196231958391
2259,0.0045042191632092,0.0018024497699151989
2260,0.008919589205955465,0.0018233014932947278
2261,0.006874838688721259,0.001738488480291058
2262,0.008581074482450882,0.001660733345832298
2263,0.00425863346705834,0.0016473167977276565
2264,0.004817638422052065,0.001650881087068307
2265,0.005822180118411779,0.0016747252554101062
2266,0.004680499403427045,0.001622847555820302
2267,0.005934230067456762,0.001613233837665253
2268,0.0055598471313714985,0.0016300862065633745
2269,0.0038915074119965235,0.001665171575592739
2270,0.00470656401788195,0.001673317538135718
2271,0.0056274130940437315,0.0017293333565205791
2272,0.004348930126676957,0.0017349611052062627
2273,0.006303291379784544,0.0017010540785437531
2274,0.005746924628814061,0.0017045116095916427
2275,0.00714559027304252,0.0017397547783293418
2276,0.003400023467838764,0.0017311079806866358
2277,0.007457881234586239,0.001651131369583272
2278,0.004439938177044193,0.0015345685642673707
2279,0.00930362765987714,0.0014363204944978732
2280,0.004987853641311327,0.0013891576377282608
2281,0.0056186952317754425,0.0013843320547758903
2282,0.005577445169910789,0.0013936161283379803
2283,0.007492507109418511,0.0014264397021780876
2284,0.005800627839441101,0.0014715517695083862
2285,0.0034515088113645713,0.0015086812556374773
2286,0.0049257242431243265,0.0015130295388640718
2287,0.005955376413961252,0.0015452411800336943
2288,0.003904371988028288,0.0016143538031908574
2289,0.00607040257503589,0.0017339941241373271
2290,0.005218350328505039,0.0019269714222012791
2291,0.010798936833937962,0.002166733168630208
2292,0.00459113409742713,0.0022971530543002263
2293,0.004088374537726243,0.0021935402331818774
2294,0.007935839084287485,0.0020507370835852142
2295,0.007435612007975578,0.001867735352918073
2296,0.009173376485705376,0.0017197700388093414
2297,0.008230512713392575,0.001606956182914423
2298,0.00612964170674483,0.0015418266170102678
2299,0.007970055068532626,0.0015528500069796262
2300,0.008521967008709908,0.0016340325823911708
2301,0.004561442416161299,0.0017236474546004365
2302,0.004824833370124301,0.0018003856580829116
2303,0.0048610614612698555,0.0018559657560897932
2304,0.0031057376259317,0.0018289708839472766
2305,0.0042564362597962225,0.001827805094383327
2306,0.009844948723912238,0.001827975152991712
2307,0.003543432988226414,0.001835452423405313
2308,0.004682910644138853,0.0018904739683750635
2309,0.010418931705256302,0.0019591865325704087
2310,0.005323552526533604,0.002027588402490337
2311,0.003654819509635369,0.002032615664331646
2312,0.008757634491970142,0.0020006311596527065
2313,0.006929418289413055,0.001949175429282028
2314,0.00504799863944451,0.0018403943364304952
2315,0.00524053235227863,0.0017580404932891187
2316,0.0045031630123655,0.001756631775198167
2317,0.003249548561871052,0.0016907884398572454
2318,0.004652844090014696,0.0015798990875844638
2319,0.00423862230964005,0.0015385093192173916
2320,0.004325181121627489,0.0015216908590890115
2321,0.004306943869839112,0.0015366911886060082
2322,0.006578688323497772,0.0015966074740469242
2323,0.014105497176448505,0.0016661563736485596
2324,0.0032524834930275875,0.0017222620258185697
2325,0.003162974150230487,0.0017691053461336612
2326,0.003894378881280621,0.0018058379821701152
2327,0.006399526943763097,0.0018030621624032885
2328,0.003650205209851265,0.001818929205824599
2329,0.005163202993571758,0.0018328188440265632
2330,0.008333076039950054,0.0018160440311075087
2331,0.00332015889386336,0.0017345043800553073
2332,0.007274361730863651,0.0017189744735154045
2333,0.003829257298881809,0.0017596955835547914
2334,0.0035274832509458063,0.001763802613042328
2335,0.0064547449971238775,0.001775030790166801
2336,0.0063188757126530016,0.0017945732900507998
2337,0.006379066469768683,0.0018310059776564503
2338,0.003912000482281049,0.0018001908167608184
2339,0.004451591335237026,0.0017695488861035995
2340,0.006529591077317794,0.0017722044328014974
2341,0.004194730271895726,0.001729488226997127
2342,0.008119405022201438,0.0017054178809296106
2343,0.009646058020492395,0.001664088429907414
2344,0.0050945286949475605,0.0016207209370382254
2345,0.004072259770085415,0.0015904295345191756
2346,0.004132983709375064,0.0015726425484126237
2347,0.0041436359907190004,0.0015557887417394448
2348,0.004659658391028642,0.0015530101890771056
2349,0.005388978992899259,0.001571846855130582
2350,0.0045324471158285935,0.001611384733187724
2351,0.0042630826743940515,0.001634377247482487
2352,0.006680685343841712,0.0016646443366157403
2353,0.007125576150914034,0.001649234698847941
2354,0.006284505051250259,0.001612272738491911
2355,0.0050541276733080545,0.0015743786799556421
2356,0.006749689889450868,0.0015462350294380778
2357,0.006114340263108412,0.0015226449449839965
2358,0.004947005212306977,0.001540654734777118
2359,0.005852682888507843,0.001532727481218011
2360,0.005311330904563268,0.0015419779761784204
2361,0.005262325766185919,0.0015113096187848187
2362,0.0042804735402266186,0.0014801969949713373
2363,0.006287494984765847,0.00148613902033897
2364,0.004884468360493581,0.0015150985804727433
2365,0.004670382042725881,0.0015460894356929059
2366,0.003321742289699614,0.0015408052185387168
2367,0.004969189688563347,0.0015516833976959795
2368,0.00793474515279134,0.0015812963602503424
2369,0.0052860782171289126,0.0016374092794978609
2370,0.003585641311171154,0.0016643240278784743
2371,0.0034393513575196265,0.0017022068312530971
2372,0.005475444579496979,0.001746751606376387
2373,0.005011500511318445,0.00185936866406036
2374,0.004488980568324526,0.001961349190774696
2375,0.0043713835999369625,0.0019911607662325827
2376,0.006194768225153287,0.001988570723434228
2377,0.006675626213351885,0.0019518493919442664
2378,0.003906808979809284,0.0018401507638380165
2379,0.004480552983780702,0.0017159305807151722
2380,0.0054948745295405384,0.0016457414409002714
2381,0.004573555818448464,0.0016166389481885007
2382,0.006005515654881795,0.0016105228067489386
2383,0.004751980832467476,0.0016078823438559577
2384,0.004589865915477276,0.0016210583018232503
2385,0.004835968092083931,0.001649385837331143
2386,0.005434928741306066,0.0017020435547538645
2387,0.006037476751953363,0.001787084753704844
2388,0.002529437413128714,0.0018477709766836676
2389,0.006154622665295998,0.0017906977209779544
2390,0.004269909408564369,0.0016411561600260774
2391,0.004608556783447663,0.0015087030515419392
2392,0.004285662140076359,0.001458611598744343
2393,0.006164396740496158,0.0014473532207812526
2394,0.004240270641942819,0.0014845832573216937
2395,0.00379744041711092,0.001517010255263913
2396,0.004330666673680147,0.0015429479761395648
2397,0.008485307451337576,0.0015853741040084818
2398,0.004200502516080936,0.0016019171164334408
2399,0.004909841902554035,0.001621392108894166
2400,0.005426644285519918,0.0016596311735178116
2401,0.006477321591228246,0.0016799927808300364
2402,0.004929929102460543,0.0016690758225374202
2403,0.005446372491617998,0.0017322501925958731
2404,0.004788558805982271,0.001801087974532192
2405,0.004531564066807429,0.0017993335562160489
2406,0.004708532042180498,0.0017685226533024785
2407,0.004408455764253934,0.0017215441966266188
2408,0.004946923116222024,0.0016467915406756792
2409,0.004535295628011226,0.0015856969965700662
2410,0.005443883718301853,0.001561549166538276
2411,0.004801680209736029,0.0015312558251770404
2412,0.0037829817272722723,0.001516435471685112
2413,0.0041925728631516295,0.0014639595269333703
2414,0.005426493069777886,0.0013874275640788027
2415,0.004906781669706106,0.0013671403874067488
2416,0.0029866774721692005,0.0013648256357927902
2417,0.007504487410187721,0.0013786795831310166
2418,0.006974975019693375,0.0014220898007670615
2419,0.0034747935521105924,0.0014715216128411337
2420,0.004308532364666462,0.001520169246953263
2421,0.007206569239497185,0.0015952525944329843
2422,0.004897831194102764,0.0016961097210832674
2423,0.003900600162645181,0.0017626200436878451
2424,0.004634798131883144,0.0017862732976621867
2425,0.002838472214837869,0.0017754031571203944
2426,0.004992412558446328,0.001775887187508001
2427,0.004657427283624808,0.001785022482288796
2428,0.006617126474156976,0.0017787206266717032
2429,0.0031135258420060077,0.001812271488505951
2430,0.0032882852324595054,0.001833753191451652
2431,0.006011598246792952,0.0018868422899743556
2432,0.00647867809360226,0.0019298717145822708
2433,0.008099224705559512,0.00186617147795284
2434,0.004415311679864923,0.0017679568744946536
2435,0.005183873884379864,0.0016274608309127714
2436,0.005807856284081936,0.00151792368368066
2437,0.006078027747571468,0.0014685833126335866
2438,0.005504849801460902,0.001490853855424876
2439,0.0063662597754349315,0.0015238387809010355
2440,0.0062052486774822075,0.0015329610424365584
2441,0.006642655112470189,0.0015028801368087471
2442,0.004815574549138546,0.0014839141167183297
2443,0.003191525489091873,0.0014904312165884858
2444,0.002216820977628231,0.0014827934980179791
2445,0.003971458785235882,0.001500902625715624
2446,0.002888389048166573,0.001538887264309671
2447,0.0035421413679917655,0.00158296508313978
2448,0.006081952682385842,0.00170112638798447
2449,0.00816234319160382,0.0018313942422336848
2450,0.009562576934695245,0.0018467843041234599
2451,0.00631449295518299,0.0017780886878677475
2452,0.003939881734549999,0.0017634063262921414
2453,0.005199771917735537,0.0017514707608603118
2454,0.0045947729765127105,0.0017088426371686175
2455,0.00610653863598903,0.0016366726560490645
2456,0.0038050157638887566,0.001604530694720328
2457,0.0058551706373691555,0.0015789915184906543
2458,0.004259550928448637,0.0015432087058984256
2459,0.006045777226487795,0.0015495952056522855
2460,0.005760045419447124,0.0015911010904540125
2461,0.0046025685655574,0.001585519701305696
2462,0.003306611968825261,0.0015686560286058656
2463,0.005428999103605748,0.0015962461541740474
2464,0.005427839901919166,0.0016093057184755127
2465,0.00356609762335817,0.0016038849710131166
2466,0.004782962271322807,0.0016178666725369742
2467,0.0024937621938685576,0.001620737823848356
2468,0.006067132383274536,0.001630629888688962
2469,0.0043694115554293,0.0016621082433816558
2470,0.004051174176856876,0.0017430554606995773
2471,0.002532053925096989,0.0017552712987686735
2472,0.005016518539438645,0.001708819873275338
2473,0.0027543721254914997,0.0016576423326701542
2474,0.004267546193053325,0.0016396478834602337
2475,0.0056261010312785706,0.0016057049992171623
2476,0.00393993134299914,0.0015560089448727228
2477,0.0030992265325039624,0.0015257861159052553
2478,0.006648041525234779,0.00151429837603969
2479,0.004183477722108364,0.0015236301653318136
2480,0.00395132340490818,0.0015180343699020033
2481,0.0030951973671714465,0.0014889499040340681
2482,0.004269576507310072,0.001447994704495778
2483,0.007279891955355803,0.0014537204214872235
2484,0.005980566671739022,0.0014605329716422294
2485,0.0032505872659385204,0.0014720707776585931
2486,0.0028609301584462325,0.0014574062138773853
2487,0.006362884553770224,0.001429039077566548
2488,0.003711793199181557,0.001432450519146867
2489,0.005547321246316035,0.0014859208369427763
2490,0.004406299814581871,0.001550777829375932
2491,0.0024979594474037487,0.0015761540306862224
2492,0.003614981782933076,0.0015585447765160791
2493,0.004898484672109286,0.001515537810898716
2494,0.00296095487040778,0.0015025343138662232
2495,0.003914097820719083,0.0014969295715293518
2496,0.005641514031837384,0.0015553916072542596
2497,0.0036223235229651133,0.0016471570425054542
2498,0.003661615339418252,0.0017136839242729057
2499,0.0051523858836541574,0.001761771191056363
2500,0.007003840090086063,0.0017815211276325771
2501,0.004109230792770783,0.0017697415747734769
2502,0.0044795291187862555,0.001707510673670157
2503,0.0033444253960624335,0.0016227799612574102
2504,0.010742645462354023,0.001555984923671051
2505,0.007234679410854975,0.001526201914539414
2506,0.00545175156245629,0.0015176220154884733
2507,0.003981362065921227,0.0015193317060296489
2508,0.0032099432001511255,0.001485145096914608
2509,0.003010679424429933,0.0014710410195127805
2510,0.005436959924797217,0.001460757955595279
2511,0.006877416993180911,0.0014630212321580483
2512,0.0044820441553990046,0.0015053135454269697
2513,0.0051507366976390285,0.0015605731206573912
2514,0.003977388143539429,0.0015994938612708411
2515,0.004523516135911147,0.001666690032139941
2516,0.0023594009689986706,0.00170203980574509
2517,0.003081419582789143,0.0017000404659770502
2518,0.0074760215977827706,0.0016613072863739628
2519,0.0038471337718268234,0.001664592430048703
2520,0.0023757124630113444,0.001635130537228336
2521,0.003953371445337931,0.0016286412786094722
2522,0.003905827443425854,0.0016132631475714542
2523,0.004677730984985829,0.0015675062698671434
2524,0.00358359320089221,0.0015453665910745186
2525,0.004650788086776932,0.001506885395758404
2526,0.0028997744123140973,0.0014813662632451004
2527,0.005106904916465283,0.001480726151191813
2528,0.0053723930536458886,0.0015059808424057982
2529,0.002907189043859641,0.0015241223388336833
2530,0.005472174690415462,0.0015272486163853249
2531,0.004946515150368214,0.0014898474225096081
2532,0.0053226358567674955,0.0014735948350317188
2533,0.007519814992944399,0.0014922390132775809
2534,0.002807618211954832,0.0015133190240094981
2535,0.006903798567752043,0.0015793478796551899
2536,0.002769819103802244,0.0016400421613013358
2537,0.0032747632823884485,0.0016766317944064385
2538,0.004758653541405995,0.0016874838505842261
2539,0.011202854523435234,0.0016935652050402339
2540,0.006430757294098536,0.0017019000152349618
2541,0.003438515216112137,0.001644731991269853
2542,0.0036845807296534377,0.0015904498845705484
2543,0.0044915684498846534,0.0015406173137823252
2544,0.004472282280524572,0.0014927552590846987
2545,0.002909901551902294,0.0014735293172677523
2546,0.004254751776655515,0.0014733847443337046
2547,0.0030974552035331728,0.0015365692592541299
2548,0.006530522058407466,0.001572342005587645
2549,0.0034832402287671965,0.0015795818946184956
2550,0.003315742888177435,0.001568154592294334
2551,0.00466377679258585,0.0015811737135005015
2552,0.006501646464069684,0.0015470859364104114
2553,0.003369318724920352,0.0015370513516016246
2554,0.0037946065266927084,0.0014953076945779127
2555,0.005128508588920037,0.0014596145059711733
2556,0.003875814378261566,0.0014066838021811801
2557,0.007455770547191302,0.0013916874794824797
2558,0.006384356568257014,0.0013996769778850291
2559,0.005384778293470542,0.0013975612732112467
2560,0.0036144999166329702,0.0014090596484643678
2561,0.003519482972721259,0.0014164137936336554
2562,0.0038974163743356865,0.0014217910267445661
2563,0.003701134181270997,0.0014080179902893587
2564,0.00411063350426654,0.0013779097302692143
2565,0.002766273139665524,0.0013631473741802117
2566,0.004976856801658869,0.0013531025677395061
2567,0.0031027124263346196,0.0013456504673268058
2568,0.0037272113220145303,0.0013295301925079295
2569,0.004247542222340902,0.0013333187029719
2570,0.0030379547582318387,0.0013451525479954791
2571,0.004255372192710638,0.0013757333395256492
2572,0.00309884580783546,0.0013800773438016744
2573,0.003474141377955675,0.0013416906127588838
2574,0.008478549557427566,0.001325584666191153
2575,0.004363221248301367,0.0013157809704338662
2576,0.004013711431374152,0.0013133838124697896
2577,0.003941371167699496,0.001315811957763398
2578,0.006331062099585931,0.0013430578437978475
2579,0.003953570872545243,0.001413972608334436
2580,0.003272506749878327,0.0014433974849782502
2581,0.003203959856182337,0.0014844932853506408
2582,0.004222197706500689,0.0014901675985609071
2583,0.0023359316711624462,0.0015061358585733715
2584,0.0056440877417723335,0.001524090170965706
2585,0.004051833258320888,0.0015649458496120032
2586,0.003809086574862401,0.0015611290910160242
2587,0.004311476399501165,0.0015429460528805323
2588,0.002655606996268034,0.0015370483940107909
2589,0.0033328705467283726,0.001540433951400543
2590,0.003485446733733018,0.0015546354166356715
2591,0.0018613277624050775,0.0015293302154947644
2592,0.0033288005429009597,0.0014645006636196131
2593,0.0032149041381975014,0.0014303477188135959
2594,0.0033762703960140547,0.0014009391303462027
2595,0.004067002050578594,0.001405044415723679
2596,0.0035182129591703414,0.0013971683124903457
2597,0.0027483044657856228,0.0013806065931773238
2598,0.0036844644074638683,0.0014012606070178935
2599,0.0048331701507171,0.0014923594873233544
2600,0.003211341549952825,0.0015291182973282778
2601,0.005030818035205205,0.0015814573399531911
2602,0.00415171740266184,0.0016733597428721235
2603,0.0047027426461378734,0.0016919227505348417
2604,0.003609172573002676,0.0017046383898301916
2605,0.004395788240556916,0.0017000812802034774
2606,0.006030357380708059,0.0016638302114997498
2607,0.005719707254320383,0.001640362173729525
2608,0.0031351990687350432,0.0015808687961062667
2609,0.0029254475841298698,0.0015237107086930365
2610,0.007233908027410507,0.0014519119290561657
2611,0.0033433261637886365,0.0013980862415738505
2612,0.0061522534737984335,0.0013429292854183815
2613,0.004281217309956749,0.001325190283851258
2614,0.0027901601977646353,0.0013263325209685374
2615,0.003784626256674528,0.0013233726123699874
2616,0.0029296745856602986,0.0013066703198371294
2617,0.002574235883851846,0.0012885049921845446
2618,0.002159267772609989,0.0012827276048941656
2619,0.0036031995279093582,0.0013172063532177227
2620,0.002363855578005314,0.0013531179100414372
2621,0.005606493974725405,0.001387709670601134
2622,0.0033348696461568276,0.0014423028594359579
2623,0.0027093225469191867,0.001507547252497995
2624,0.00572295148546497,0.0015302210442142516
2625,0.003794165972309808,0.001507839447622532
2626,0.003339314111508429,0.0015123310926513321
2627,0.002905831206589937,0.0015375486526484272
2628,0.0035644111844400565,0.0015932981618753392
2629,0.005049063637852669,0.0016692785056230913
2630,0.0025144267827272417,0.0016809995655120739
2631,0.0038203270950665077,0.001634340832059411
2632,0.0037654158581669132,0.0015847392760191524
2633,0.0031527357486387094,0.0015304021897778928
2634,0.002406922137985627,0.0014570285339278763
2635,0.004973786184564233,0.0013914140432662381
2636,0.0029371275721738737,0.0013159476865704472
2637,0.0027600052145620186,0.0012568675699335793
2638,0.004396079729000728,0.0012372566544492985
2639,0.003283082383374373,0.0012351794995176862
2640,0.0069875501096248625,0.0012368855271011768
2641,0.005188662388051549,0.0012429609625943107
2642,0.0032060670666396616,0.0012290465491264693
2643,0.0027208075548211734,0.001211473887752353
2644,0.0028544904819379252,0.0011945977818732347
2645,0.0029416364307204884,0.0011957365496764252
2646,0.0030493092723190784,0.0012218366782905123
2647,0.004278282634913921,0.001265293306796665
2648,0.002737505594268441,0.0012709953257077058
2649,0.005303862442572912,0.0013084114572962774
2650,0.004043597029522061,0.0013950369234873334
2651,0.0036529040274520717,0.0014052193088907982
2652,0.0033532251914342244,0.0013731762194615518
2653,0.0033376285806298255,0.0013646285516424397
2654,0.0042796908334518475,0.0013496285312677052
2655,0.002721044576416413,0.0013283902429058914
2656,0.005261413132150968,0.0013040031175134616
2657,0.003505496929089228,0.0013095755953897216
2658,0.0033715455171962577,0.0014242788111721348
2659,0.0025191196706146,0.0015539448931959905
2660,0.004512515384703875,0.0016507950075627048
2661,0.004361600708216428,0.0016859877800961267
2662,0.0029688538052141666,0.0016870924783137253
2663,0.006179026529813806,0.001654919730746884
2664,0.002757692119727532,0.0015701881846354351
2665,0.003418633621186018,0.001446084056817743
2666,0.006103016653408607,0.0013808774613815647
2667,0.0035010783933103083,0.0013129723823893317
2668,0.003896738557765881,0.0013186700183093387
2669,0.003754055608684818,0.0013565444939780803
2670,0.002546305201637248,0.0013664796745393602
2671,0.002861521455148856,0.0013556139326863373
2672,0.003659805143252015,0.001357338171476117
2673,0.0037126877267534535,0.001360026998747888
2674,0.003087342654665311,0.0013623467241377226
2675,0.00404876700292031,0.0013640309820560313
2676,0.002530553114290039,0.001383383580076501
2677,0.002214596560224891,0.0014226921938550402
2678,0.0024596769362688065,0.0014694512154408328
2679,0.003242681222036481,0.0015200305286442906
2680,0.0027296081495781738,0.0015773692160962135
2681,0.0026762496680021288,0.0015504955645012633
2682,0.004905873816460371,0.0015376099262947554
2683,0.004496428122123083,0.0015815288347731102
2684,0.005261211236938834,0.0016153631401871601
2685,0.0037460563393930594,0.001649505901517068
2686,0.003663780198742946,0.0016424774625851942
2687,0.004130978525305788,0.0016519847577144428
2688,0.0030458784972627957,0.0016201460375597217
2689,0.0042528833573063215,0.0015647652397192575
2690,0.004674165230244398,0.001457859529411479
2691,0.0023933428184439737,0.0014216767332523943
2692,0.003420810742924611,0.0014456101275217815
2693,0.003681330724308888,0.0014798902394525032
2694,0.003398729084680478,0.0014744295379308266
2695,0.003667217958718538,0.0015137493637881762
2696,0.003443648852407932,0.0015090284761367732
2697,0.004735646676272154,0.0015453800149298617
2698,0.0034951455270250636,0.0015282184616607563
2699,0.002434253723671039,0.0015148986621363837
2700,0.003735351252059142,0.0014833392610674445
2701,0.003314608335494995,0.001433829647006731
2702,0.0032611743236581484,0.001412536413362983
2703,0.0027834896463900805,0.0013801790381998088
2704,0.0027605210896581413,0.001368635925317667
2705,0.0029187718328709403,0.001392772379991283
2706,0.0020746823865920305,0.0014103338982649587
2707,0.004606267126897971,0.001413322714529565
2708,0.005200108870243033,0.0013754691983166143
2709,0.003510554026191433,0.0012948546021458085
2710,0.003970566081504027,0.0012481162846125075
2711,0.004205950970451037,0.0012451883936649203
2712,0.0038545437467594943,0.0012722512428450772
2713,0.003502401988953352,0.0012717778706468465
2714,0.004224217000106971,0.001306623273380614
2715,0.003047408473988374,0.0013331185699088544
2716,0.0038251086448629697,0.0013491396024991854
2717,0.0027444420537600916,0.0013447625236677402
2718,0.0028415584626297155,0.0013443051363473508
2719,0.0025554081269850335,0.0013369192421073314
2720,0.004460207310815653,0.0013593250672941602
2721,0.001996128206762175,0.001397958030607038
2722,0.0028434755901495614,0.001410095762015929
2723,0.002462857961654663,0.0014142769147773954
2724,0.0021538656515379746,0.0014229221968438594
2725,0.0032607077000041803,0.0014280458698214186
2726,0.002265593394016226,0.0014333729707822938
2727,0.0027071589604020117,0.001445206993866316
2728,0.0041928471686939394,0.0014997850796464448
2729,0.005289412414034207,0.00152136849750046
2730,0.0028504744016875825,0.0015925706554878885
2731,0.0049871896083156265,0.0016503194805352003
2732,0.003557745072369774,0.0016138441915675176
2733,0.004282972775399685,0.0016041869750451736
2734,0.003172811958938837,0.001554478221576602
2735,0.0032855746957163017,0.0014840706208478806
2736,0.0035367236317445836,0.0014359045931409428
2737,0.002762384402255217,0.0014004177039426816
2738,0.0031270580055812996,0.00136576589576416
2739,0.002802808582782745,0.001342721669118866
2740,0.004706568433903158,0.0013520180476429748
2741,0.002416773062820236,0.0013409044974443216
2742,0.002775388179967801,0.0012966295157460217
2743,0.003930729379256566,0.0012642424420717605
2744,0.002650044222051899,0.001265506879069043
2745,0.002457686855147282,0.0012831031484621042
2746,0.002930732847501834,0.001298360431687833
2747,0.0026190015797813732,0.0012877515774297227
2748,0.0023205113597214223,0.001272822502683335
2749,0.004317497834563255,0.0012712862764716177
2750,0.0045530756935477255,0.0012778113465517847
2751,0.0032518947807451087,0.0012974247391845327
2752,0.0033179812288532656,0.0012836439954850266
2753,0.0029500432933370273,0.001263908339264678
2754,0.003651940527682503,0.0012420650134339752
2755,0.004166288549701373,0.0012482173017163826
2756,0.002334107644855976,0.0012681595660291435
2757,0.001732101213807861,0.0012948459805370727
2758,0.0034836126180986565,0.001327276555271306
2759,0.004054728150367737,0.0013680260481338537
2760,0.004173799681787689,0.0013682903501014481
2761,0.0024200722109526396,0.0013463155182690807
2762,0.0026616605930030344,0.0013281950992018747
2763,0.0030277451500296594,0.0013085883255134975
2764,0.003300765482708812,0.0012774331910869357
2765,0.00290299189897875,0.0012587040748014517
2766,0.0037186973883459964,0.001264472864201571
2767,0.002209013692724208,0.0012812509937541866
2768,0.0025891564165552456,0.0012755333388675238
2769,0.002676057272280256,0.0012549374203974983
2770,0.003018683676297466,0.0012357468972547258
2771,0.002766092835615079,0.0012291640984664458
2772,0.0031133856469144424,0.0012366465113206407
2773,0.004027052829042077,0.0012361106788647896
2774,0.0022306234886248907,0.001217316087669011
2775,0.00258751487514625,0.001197538882178643
2776,0.003006063859599332,0.0011741645358260867
2777,0.002543534090121587,0.0011672638157312941
2778,0.0035192756292720634,0.0011571649529358856
2779,0.0025104897872855266,0.001128312494783611
2780,0.0021581612372150024,0.001116622316121219
2781,0.00309270719687144,0.0011235634566240716
2782,0.003671365153665344,0.0011496522572023544
2783,0.0023435080734392007,0.001212063303224625
2784,0.0030314066136876744,0.0012686941969780412
2785,0.002428643715878328,0.0012733381336433886
2786,0.003028131431589524,0.0012786994675838014
2787,0.004008916392922402,0.0012923408211227214
2788,0.002510734802732865,0.0013227093026159317
2789,0.002419983254124721,0.0013603209229149512
2790,0.0026738743763417006,0.0013914744087355577
2791,0.0015600099228322505,0.001367480162710802
2792,0.0024028341984376313,0.0013271812086019254
2793,0.0019148764355729024,0.0012583594231162308
2794,0.0027675677401324114,0.001183079095469333
2795,0.002185742619136969,0.0011480251466030416
2796,0.0023802124817545217,0.0011359273500036536
2797,0.002725394970426957,0.0011442913082574942
2798,0.0020639144194622835,0.0011521924198165125
2799,0.00240433793514967,0.0011570035873208282
2800,0.002426693681627512,0.001129673784516209
2801,0.002503682253882289,0.001103661518532959
2802,0.002174548339098692,0.001094455161364749
2803,0.002784559285889069,0.0010962230876394306
2804,0.0033176432984570662,0.001110266862706626
2805,0.002993830402071277,0.00111376365871759
2806,0.0030686693576474984,0.0011154108291893362
2807,0.0038559771919002136,0.0011183788598190597
2808,0.00393488872796297,0.0011538310981571939
2809,0.003235975559800863,0.0011774317748014134
2810,0.0031310761036972205,0.001196695842521676
2811,0.0035005807255705196,0.0011929429102300365
2812,0.002311113119746248,0.001178640806699157
2813,0.0020443600447227557,0.0011742074309763918
2814,0.002329324216892322,0.001177548873834092
2815,0.002589689645295342,0.001199458531648522
2816,0.003139849255482356,0.0011960708501374746
2817,0.0030302854565282663,0.001188780627063087
2818,0.0035089677199721335,0.0012113845785236442
2819,0.0030058256660898527,0.0012372687991110858
2820,0.0033545690899093946,0.0012645842156860626
2821,0.002868694004913171,0.0012530173600365326
2822,0.004619684163480997,0.0012619057482321139
2823,0.003435017541050911,0.0013072527997749382
2824,0.00693276139597098,0.001390124023085328
2825,0.0031474276601026457,0.0014421521510936202
2826,0.0030154556967318057,0.0014065560732608822
2827,0.003043149411678314,0.0013545928092116093
2828,0.0024141430544356505,0.00129492532055803
2829,0.0024705421800414722,0.0012399109255056828
2830,0.002215148570636908,0.0012067265698125248
2831,0.003181009739637375,0.0011865617386542084
2832,0.0026268383332838613,0.001163698426689806
2833,0.0022293033078312876,0.001153282626847348
2834,0.0031174952785174054,0.0011447666434747145
2835,0.0025703916947046918,0.0011715419692680327
2836,0.0038290577940642834,0.0012433251923346144
2837,0.0024998118014385303,0.0013487434086177175
2838,0.00403695156176885,0.001456742697875712
2839,0.003838934159527222,0.0014794151863361906
2840,0.0028916170510152974,0.001496718007535857
2841,0.002299535476292173,0.0015021498726614875
2842,0.001901127475624283,0.001508124239145096
2843,0.003035683728133639,0.0015058341499337355
2844,0.002564690277601282,0.0014849686028076496
2845,0.002747589225570361,0.001430848673880687
2846,0.0029555104052027066,0.0013486025224744129
2847,0.0037196601741015913,0.0012641302956172859
2848,0.002727681848530968,0.0012263927137108857
2849,0.002480791136622429,0.001244104500561146
2850,0.003315482381731272,0.0012618869567825276
2851,0.002077984278245519,0.0012890692331872177
2852,0.002824490563943982,0.0013293853872015662
2853,0.002520847320556641,0.0013351958865156822
2854,0.0017652489710599183,0.0013545834671111969
2855,0.0022812199778854845,0.0013432004026093292
2856,0.002897425616780917,0.0013308302654268763
2857,0.0020092373558630544,0.0013175401699135271
2858,0.0017192480775217215,0.0013266462657607974
2859,0.0020446776878088714,0.0013192919645308129
2860,0.0017693461811480423,0.0012933417401225196
2861,0.002903240593150258,0.0012667852932381936
2862,0.0023775501952817044,0.001237547232019605
2863,0.0018813453459491333,0.001242530259934408
2864,0.002972960099577904,0.0012439325544433156
2865,0.0035503818187862636,0.0012499853275628305
2866,0.0021613777459909517,0.0012566191698864513
2867,0.002467749236772458,0.0012840331072816406
2868,0.0031109075372417767,0.0013095326357297453
2869,0.0020887218260516724,0.0012886201656665507
2870,0.0035960509286572535,0.0012814742540500647
2871,0.0028631367875883978,0.0012658566521117683
2872,0.0020447921473532916,0.0012620413315200106
2873,0.0029954381364708147,0.0012562370549256759
2874,0.001745960807117323,0.001247955804945549
2875,0.0018225882047166427,0.001220336936480241
2876,0.0020570652248958748,0.0011982612426880395
2877,0.004920919480112692,0.0011809197321853153
2878,0.002226053675015767,0.0011650119063913763
2879,0.0026223525404930116,0.0011591990008550572
2880,0.0021850249109168847,0.0012168920258386427
2881,0.00322140504916509,0.0012750990125515653
2882,0.0018771474404881397,0.0013535297796584843
2883,0.002444125385954976,0.001419384457357961
2884,0.0028056922756756345,0.0014738089484749289
2885,0.0022222120004395645,0.001532212799455325
2886,0.002036381947497527,0.0015318561052008876
2887,0.002807694106983642,0.0014960923255971214
2888,0.0027515496127307414,0.001435063918227491
2889,0.002100037224590778,0.001392485658678512
2890,0.0020741189830005167,0.0013499148501684582
2891,0.0024253901404639087,0.0013179745411456335
2892,0.0026929134968668223,0.001298947453656505
2893,0.002583247749134898,0.001320358309858134
2894,0.002314721746370196,0.0013637368339957214
2895,0.003084685808668534,0.001384680078724238
2896,0.003068268314624826,0.0013748124648824216
2897,0.0018600335810333491,0.0014059607555547099
2898,0.0018968734579781692,0.0014068785391190624
2899,0.002123307017609477,0.001351465562754494
2900,0.002050139165172974,0.0013361103281811408
2901,0.002503564596797029,0.0013088574440504506
2902,0.0019726617882649105,0.0012802564269518407
2903,0.0026984615561862785,0.0012511105701055994
2904,0.0017975188170870145,0.001238462626549056
2905,0.00226374811027199,0.0012352487327178985
2906,0.001914821503063043,0.0012539900393833913
2907,0.0028165860877682764,0.0013018493457169337
2908,0.0028346735363205273,0.001289959530360762
2909,0.0024871948485573133,0.0012531862332940279
2910,0.003231706959195435,0.0012085830181375087
2911,0.0016569008274624744,0.0011910568678927585
2912,0.0024037032543371122,0.001170806929113446
2913,0.0025588745872179666,0.0011685154534597684
2914,0.0024089411677171786,0.001174159443343249
2915,0.002940590827104946,0.0012261960123790296
2916,0.002222238938945035,0.0012484464609232827
2917,0.003050602817287048,0.001275625468990729
2918,0.00422430286804835,0.0013257894870333784
2919,0.0028818710241466762,0.0013564998874308792
2920,0.0020498875218133133,0.001364464871127041
2921,0.002824611123651266,0.0012974303314740967
2922,0.0027538744111855824,0.0012317034473191713
2923,0.0016117258928716183,0.0011715031000712197
2924,0.0023028848537554342,0.0011038784580268554
2925,0.0036859072744846342,0.0010727855299441805
2926,0.002245726902037859,0.0010772999710638048
2927,0.0033174555748701094,0.001128090075748848
2928,0.002832602926840385,0.001204643508751224
2929,0.001779421077420314,0.001215782586217484
2930,0.0017664494769026836,0.0012254033473276305
2931,0.0036148013081401587,0.0012693051523785656
2932,0.0025491784637173016,0.001349469973599377
2933,0.0019518484206249318,0.0013888943023745
2934,0.0019614044576883316,0.0013880585499041838
2935,0.003492836747318506,0.0013713737785647528
2936,0.0038405202018717923,0.0013444070267953038
2937,0.002784645293528835,0.0012931400359109573
2938,0.0021243836963549256,0.0012594929540632512
2939,0.0019224172768493493,0.001221438736460487
2940,0.0023536658224960166,0.001196660021435484
2941,0.0026091091024378938,0.001197426066336068
2942,0.002064359032859405,0.0011921420452316973
2943,0.0026133136202891667,0.0011857201337931663
2944,0.002439970662817359,0.0012070924345235245
2945,0.0021573165897279976,0.0012208171652659304
2946,0.002652735107888778,0.0012257061424338824
2947,0.0025258387827003996,0.0012612275432751286
2948,0.0024330123948554197,0.0012925644602267232
2949,0.0022101586917415263,0.0013021158524715584
2950,0.003250394280379017,0.001292497535166514
2951,0.0023827179955939453,0.0012579563928137379
2952,0.0022711195051670074,0.0012492523666133913
2953,0.002270383519741396,0.0012036121760194344
2954,0.003003463832040628,0.0011745738525559583
2955,0.0022594014337907237,0.001180091274234899
2956,0.001792839573075374,0.0011957878238653514
2957,0.004157627606764436,0.001224834751521098
2958,0.0015522999844203393,0.0012484753896724286
2959,0.0026358436793088914,0.0012598443926700692
2960,0.0028725787531584503,0.001325004647474912
2961,0.0016043127902473013,0.0013485809249114099
2962,0.002762582820529739,0.0013699974070897135
2963,0.0018458209621409576,0.0013714204038178005
2964,0.002116015957047542,0.001378712011042865
2965,0.0030276058552165825,0.0013442096936582464
2966,0.0028375483428438506,0.0013294530011288177
2967,0.002331193008770545,0.0013425567904193922
2968,0.002760974783450365,0.001357655553788856
2969,0.0019315445485214393,0.0013470305010720384
2970,0.001746274841328462,0.0012970709124594693
2971,0.003189942582199971,0.0013073060306808435
2972,0.0027869277633726596,0.0013180600335330182
2973,0.002785487783451875,0.0013212555484098242
2974,0.002323224302381277,0.0013518429560198148
2975,0.0016630714332374434,0.0013504455798290904
2976,0.0029049626706788936,0.001298671969630587
2977,0.002976107845703761,0.0012961238137754341
2978,0.001968713803216815,0.0013267391789374566
2979,0.0024127822369337084,0.0013617175776973426
2980,0.003042492906873425,0.00136827703429694
2981,0.0016357750088597338,0.0013402865706451648
2982,0.0029355162754654885,0.0012853888897445258
2983,0.0014687815525879463,0.0012802089936664607
2984,0.0029048996977508066,0.0012957994266061157
2985,0.0019667917241652805,0.001288510399767909
2986,0.0020243263492981593,0.0012979438137923052
2987,0.0021269021555781363,0.001284662330721131
2988,0.001977481227368116,0.0012806043547658821
2989,0.0023076824688663083,0.0012568621378296649
2990,0.002390491124242544,0.0012450499765347602
2991,0.002625131948540608,0.0012079495212473856
2992,0.002246984210796654,0.0011897644112399948
2993,0.0025695151183754207,0.0011900257425544066
2994,0.002476027701050043,0.0011774607197066226
2995,0.002037273192157348,0.0011702562314751521
2996,0.0019180938911934693,0.0011605877616244742
2997,0.0024986854987218976,0.0011389704914323575
2998,0.0021364881657063963,0.0011296051542465319
2999,0.0024336823883155984,0.0011373956139588098
3000,0.0024899230028192203,0.0011658438794886854
3001,0.0033615709709314007,0.001224202098871222
3002,0.0022308811933423084,0.0012623174093099032
3003,0.0019793878387038906,0.0012849855074460992
3004,0.0026131559784213702,0.0013152067027032727
3005,0.0021657479150841634,0.0013175562049782886
3006,0.0014012882874036828,0.0013071585219265438
3007,0.0017298711153368154,0.0012841418029843118
3008,0.0019566223801424105,0.00126685062056686
3009,0.0024158191246291,0.001279857344228745
3010,0.001882617191101114,0.0012635953360471846
3011,0.002362347145875295,0.0012541346175882115
3012,0.0025741279280434054,0.0012709354870864666
3013,0.0026174592009435096,0.0012878355094392998
3014,0.0016752015178402265,0.0012583640742291674
3015,0.0028879445356627307,0.0012127205534236813
3016,0.0026208176898459595,0.0011991573975230823
3017,0.0035259316364924112,0.0012200338491898646
3018,0.003063765758027633,0.0012297043517253941
3019,0.0025627835653722285,0.0011817362699401016
3020,0.0022407802597930035,0.0011501888759199558
3021,0.0028991105345388254,0.0010942582327021857
3022,0.0026485949444274106,0.0010777998346226715
3023,0.0019393805569658676,0.001093735247868751
3024,0.0025805467662091057,0.0011123932999335083
3025,0.002027018740773201,0.0011113865106681905
3026,0.003277708776295185,0.001114103061744694
3027,0.0025617565183589856,0.0011078974155995145
3028,0.001730706775560975,0.0010773572826934025
3029,0.0031699005203942457,0.0010693735467347015
3030,0.0029290747207899887,0.0010761298128315723
3031,0.0021134139969944954,0.0011001246209956677
3032,0.0014752479502931238,0.0011142679411316597
3033,0.0016989565454423427,0.0011207922943867743
3034,0.003015698166564107,0.0011320652047861514
3035,0.0016854987169305482,0.0011423634590698392
3036,0.0020991030614823103,0.0011294541667824186
3037,0.0014995178207755089,0.0011259677341413192
3038,0.0018385010461012521,0.001106926431149743
3039,0.002815475151874125,0.0010770610441989082
3040,0.00201158052465568,0.001051624721937307
3041,0.0023918925784528256,0.0010356567025470629
3042,0.0017578319025536378,0.0010410878577225614
3043,0.0019471686333417892,0.0010468097720808518
3044,0.0021098293752099075,0.001075807855717515
3045,0.0020507931398848693,0.0011008247622200764
3046,0.0015264110329250495,0.001127639256956745
3047,0.0011398705032964547,0.0011422125160635457
3048,0.0017251387316112718,0.001139010907715465
3049,0.0018444299387435118,0.0011179590112837692
3050,0.002042497764341533,0.0011157946079954739
3051,0.002400414009268085,0.0011206366768928143
3052,0.0013265866863851747,0.0010966470421064558
3053,0.0026324004866182804,0.0010833221915779328
3054,0.0017829856524864832,0.0010934699630166778
3055,0.0020008705168341597,0.0011176417666986056
3056,0.00203085591395696,0.001148902553071334
3057,0.0018383225581298272,0.0011987018547438848
3058,0.0019121564614276092,0.001238471713819079
3059,0.0022824945743195714,0.0013099316155581963
3060,0.0018543649775286516,0.0013343440836266153
3061,0.0023737512373675903,0.001306659369692793
3062,0.0017269178060814738,0.001303862669875508
3063,0.0020049005824451646,0.0012314816823185194
3064,0.0020857660410304865,0.0011486232621727261
3065,0.0015212221536785365,0.0011044523603554199
3066,0.0016474690676356355,0.0010796421905062859
3067,0.00221795200680693,0.0010639112797936087
3068,0.0020990792506684858,0.001056282064239458
3069,0.0014808205189183355,0.001051809506281829
3070,0.0025182963038484257,0.0010434989762441145
3071,0.0029010772084196407,0.0010556033033305619
3072,0.0024705125950276853,0.0010926397168994184
3073,0.0022438655607402323,0.001127203741279526
3074,0.0022782028652727606,0.001150056539198721
3075,0.002119667804799974,0.0011650732178497677
3076,0.0018584777601063252,0.0011820677226944644
3077,0.0012605210028899213,0.0011870084517437408
3078,0.002038390561938286,0.0011845844881205755
3079,0.0015538775362074376,0.0011819142034262653
3080,0.002346536082526048,0.0011996285944964413
3081,0.0016795539995655417,0.0012232514197285484
3082,0.0025395837302009264,0.0012248837962878618
3083,0.002427936267728607,0.0012486756909418646
3084,0.0012898849323391914,0.0012446377292554091
3085,0.0018782377087821563,0.0012153223767421963
3086,0.0015155149235700567,0.0011992488811745888
3087,0.0014710220508277415,0.0012007366841123622
3088,0.002988350484520197,0.0011814942608191449
3089,0.0015465494866172473,0.0012019862815935722
3090,0.002363609274228414,0.001236004336905761
3091,0.0019605254754424097,0.0012402212037338222
3092,0.0019270350380490224,0.0012446589365520875
3093,0.002061292746414741,0.0012689078910510959
3094,0.0017460126507406434,0.0012555572966949677
3095,0.0014254633725310365,0.0012152303188056575
3096,0.001718794507905841,0.0011921892580612906
3097,0.0019888607940326134,0.0011875692848482822
3098,0.0018125333357602359,0.0011754316625214643
3099,0.002108137480293711,0.001154549204465735
3100,0.0033269105634341637,0.001138364393392387
3101,0.0020066823965559405,0.0011208626628655383
3102,0.0023493638262152674,0.0011426453619799394
3103,0.00143587125154833,0.0011768660835342437
3104,0.002145898606007298,0.0011725806650397638
3105,0.0030038452396790186,0.0011247563722184088
3106,0.0016368026069055002,0.0010701769125999838
3107,0.0022044126798088353,0.001056643255608611
3108,0.002111218310892582,0.0010628263226812925
3109,0.002014604785169164,0.0010814376635564947
3110,0.0012683932824681203,0.0010716170446092893
3111,0.002244530455209315,0.0010719769774096483
3112,0.0022321594102929034,0.001064019689957912
3113,0.002058248454704881,0.001077275012810458
3114,0.0021412358929713566,0.0010870710770621544
3115,0.0013178113925581176,0.001073021734111363
3116,0.002255943324416876,0.0010705344015952405
3117,0.0020975960030530888,0.0010492230085362717
3118,0.002119589705641071,0.0010376306402856323
3119,0.0017198540968820452,0.0010260939712665505
3120,0.0017705646809190513,0.0010139587184956928
3121,0.0017093496086696784,0.0010100119122978682
3122,0.002256061874019603,0.0010581451681750556
3123,0.001531182276085019,0.001114286352168974
3124,0.0012074428610503673,0.0011604174977997098
3125,0.0016905197019999225,0.0011915174440304771
3126,0.0018158877423654,0.0011919778382119641
3127,0.0016970928758382798,0.0011794906284652768
3128,0.0017758239371081193,0.0011192250576999596
3129,0.002424808746824662,0.001120317847409293
3130,0.0017724625145395597,0.001146148644593053
3131,0.002541240925590197,0.0011639321153235481
3132,0.0016272006245950858,0.001180482222551964
3133,0.0015517058161397775,0.0012017957835025557
3134,0.0015251864058276018,0.0011814998253798625
3135,0.001209625485353172,0.0011465453339271306
3136,0.002185914812919994,0.0011315417176251865
3137,0.001963081432040781,0.0011668841846793245
3138,0.0016498083792005976,0.0011927622405254817
3139,0.001747237704694271,0.001197969834741909
3140,0.0018973594143365821,0.0011792041885659217
3141,0.0019242098710189263,0.0011580876403810881
3142,0.0014515537613381943,0.0011193324072931812
3143,0.0018888279795646668,0.0011015335514070832
3144,0.0017024108053495487,0.0010794872197131882
3145,0.0015701274503953754,0.0010635673222462022
3146,0.002077546063810587,0.0010474507012184504
3147,0.0018548140302300452,0.0010822306934370125
3148,0.0023638881044462322,0.0011132330020456977
3149,0.0020849403537188966,0.0011373694310529436
3150,0.0015535720624029637,0.001149814216123058
3151,0.0013862733418742816,0.0011586795623348219
3152,0.001943814583743612,0.001175686666617302
3153,0.0022406413840750854,0.0011741954876351955
3154,0.00179252113836507,0.0011569746727798516
3155,0.0021220300036172072,0.0011457684358185906
3156,0.00228498390254875,0.0011439581596893883
3157,0.001935710075000922,0.0011532283585159269
3158,0.001519773822898666,0.001180358745770045
3159,0.0017478522767002383,0.001206510702577075
3160,0.0015055172688638171,0.0012046900581509814
3161,0.0018356917736430964,0.0011974954794300354
3162,0.0018352778162807227,0.0011714261770431743
3163,0.0014293412522723278,0.0011489127586617714
3164,0.0015237218389908473,0.0011226269636508517
3165,0.001339583199781676,0.0011207796651576682
3166,0.0016834603001674017,0.0011286942932688755
3167,0.0015503501519560814,0.001154905549015879
3168,0.0016467812315871318,0.001152951907876175
3169,0.0016707285540178418,0.0011555217788554728
3170,0.0019381423247978092,0.001176781395970895
3171,0.002099312236532569,0.001198490549476568
3172,0.0011255778527508179,0.0011819297031638778
3173,0.0020064369154473146,0.0011505845500574278
3174,0.001623710826970637,0.0011455999732230182
3175,0.00156552754342556,0.0011363534685810955
3176,0.0014149989156673351,0.0010950234063211682
3177,0.0014740431991716225,0.001076030260773273
3178,0.002229449680695931,0.001102035013155821
3179,0.0018450934129456678,0.0011247161970158496
3180,0.001772818846317629,0.0011754231678695953
3181,0.0013202889822423458,0.0012155116941801852
3182,0.0021272805829842885,0.00125246558716066
3183,0.002084949697988729,0.0012889862836037917
3184,0.0014119406153137485,0.0013121540601343268
3185,0.0020602180467297632,0.0013444888585166434
3186,0.001337840446891884,0.0013402490207456111
3187,0.0014217877372478445,0.0013282757250621445
3188,0.002166851175328096,0.0013267278192770175
3189,0.001994501488904158,0.0012888866064219376
3190,0.0015925868724783261,0.001235622640856813
3191,0.0021345157253866392,0.0011798151128001393
3192,0.002054196208094557,0.0011375881497762863
3193,0.002089799273138245,0.0010960657859045103
3194,0.0018313104286789895,0.0010679852740846456
3195,0.001660699195538958,0.0010446141360283601
3196,0.002079813756669561,0.0010445124467864163
3197,0.0023137968964874744,0.0010603901808238113
3198,0.0010599230416119098,0.0010583348339423537
3199,0.0020445712531606355,0.0010475968569883798
3200,0.001997185886527101,0.00103949263185908
3201,0.0016254595791300138,0.0010479255936907855
3202,0.0014923056277136007,0.0010598127269112747
3203,0.0011595298264486095,0.0010713546689944415
3204,0.0017700535788511237,0.0011083226642703387
3205,0.0014389975229278206,0.0011230952635326783
3206,0.0017064440141742428,0.0011310915354507294
3207,0.001769921761782219,0.0011785032271634875
3208,0.0015511710662394762,0.0011926219994788916
3209,0.0020977791709204515,0.0012129560139536213
3210,0.0015712368302047252,0.0012048010729935285
3211,0.0017561900118986766,0.0011688714964300628
3212,0.0016223138314671814,0.001126583561568895
3213,0.0020986863023911913,0.0011021097210844554
3214,0.0016242360696196556,0.0010755652099789128
3215,0.0013207150467981895,0.0010407958055963726
3216,0.0015076712394754093,0.0010137769433039086
3217,0.0017416372895240784,0.001009731561286507
3218,0.0011958203744143248,0.0010266933552590823
3219,0.0014907597020889323,0.0010576892624000512
3220,0.001565456793953975,0.0010790915089094733
3221,0.0022708981608351073,0.0010860489193702072
3222,0.0013036845795189342,0.0010665185996111277
3223,0.0015125367712850372,0.0010658316144639055
3224,0.0016855093456494311,0.0010685254902190228
3225,0.0016921917131791512,0.0010766240563720288
3226,0.0023436379774163167,0.0011077351275992793
3227,0.0015288604733844598,0.0011122390636110928
3228,0.0016075267766912779,0.0011065810672227499
3229,0.0015956583976124725,0.0011096357053519761
3230,0.0013038903901663919,0.0011101152099793645
3231,0.001568589312955737,0.0011039507033589377
3232,0.0013563092953215042,0.0011029011793581285
3233,0.0019750618453448017,0.0010889094487001284
3234,0.0017255773379777869,0.0010631561075799226
3235,0.0016874947623970607,0.0010483853356714735
3236,0.0011206941213458776,0.0010599279331637355
3237,0.0015491638643046221,0.001095883785215331
3238,0.0015325227985158562,0.0011190566203124292
3239,0.002026827718752126,0.0011608897081363623
3240,0.002000985473083953,0.001203774600601425
3241,0.0012543800364558896,0.0012150434726724533
3242,0.0016370221972465515,0.0012007305173086017
3243,0.0014835395850241184,0.001184750453286665
3244,0.001003911974839866,0.0011416390188969672
3245,0.0017742475145496428,0.0011387927646521391
3246,0.0016947626291463772,0.0011300224843838317
3247,0.00179261212858061,0.001154447902052656
3248,0.0016355578942845266,0.0011745530669210757
3249,0.001494034891948104,0.0012000473986167137
3250,0.0011119124557202062,0.0012491185334511101
3251,0.0017472865680853527,0.001274641436400024
3252,0.0017653295459846656,0.001266143536818485
3253,0.0014949893113225699,0.001249155717146561
3254,0.0013206522446125746,0.0011957014249051063
3255,0.001300637152356406,0.0011428574134053032
3256,0.0013897208419318,0.0011107424025673155
3257,0.0019007870927453042,0.0011154464881419843
3258,0.0015098393506680927,0.0011245293508826454
3259,0.0014451784081757069,0.001126255317569131
3260,0.0013345969685663779,0.001100532087226083
3261,0.0012410007029150924,0.0010975241142244438
3262,0.0012033472768962384,0.0010867036703064686
3263,0.0010493407724425196,0.0010807874963589482
3264,0.001823388303940495,0.0010706985636988258
3265,0.0013376011319148043,0.0010558642647742463
3266,0.0017201574752107262,0.0010682113870142365
3267,0.0027583095089842875,0.0011114307604070137
3268,0.0017174578582247098,0.0011539022368562267
3269,0.0021344089880585672,0.001170224195720232
3270,0.0012856844269360105,0.0011615853313921298
3271,0.0012165317467103401,0.0011255347773095402
3272,0.0013281016688173016,0.001095430417661005
3273,0.0009885800071060657,0.0010589255119937905
3274,0.0024657258453468483,0.001049282174102786
3275,0.0014236720278859138,0.0010734724997374134
3276,0.001138256552318732,0.0011019420743127919
3277,0.0019139185935879747,0.0011442245005292627
3278,0.0011834012189259131,0.0011892656045855853
3279,0.00192492944188416,0.0012125093920713687
3280,0.0020374226151034236,0.0011912081958946046
3281,0.0010273645942409833,0.0011824949857170187
3282,0.002014773110082994,0.001183759061780971
3283,0.0017042713550229867,0.0012069891374668208
3284,0.0015036607471605142,0.0012332441227503239
3285,0.0015615074895322322,0.001226590636945293
3286,0.0015435107440377276,0.0012153079701169563
3287,0.0024872092995792626,0.0012238747715275352
3288,0.0015736830110351244,0.0012400700576882075
3289,0.0018439872035135826,0.001238632376588089
3290,0.0015100734153141579,0.001202015124177047
3291,0.0016288197211300334,0.0011961718665538575
3292,0.0018709889768312375,0.0011940752266077544
3293,0.0013707169176389773,0.0011749715057539013
3294,0.0018046058792000016,0.0011440823308382858
3295,0.001420409729083379,0.0011231125035418535
3296,0.0015822239220142365,0.0011007840017326117
3297,0.0013046618007744352,0.001105678991018611
3298,0.0014079973722497623,0.001104387774143192
3299,0.0013698455101499956,0.001086596179089883
3300,0.0013886124749357502,0.0010812138926831814
3301,0.0021459684319173294,0.0010949449478941933
3302,0.0016458866031219563,0.0011182492525558772
3303,0.0013352469385912022,0.0011507450107037728
3304,0.0015852186130359768,0.0011649168024066923
3305,0.0025474243021259705,0.0011836033906626302
3306,0.0016626759199425579,0.0011859566186862727
3307,0.0017257046109686294,0.0011689607571905816
3308,0.0017235806755100688,0.0011495849333967515
3309,0.0018159338893989723,0.0011364748361373804
3310,0.0016104691041012606,0.0011398310605326566
3311,0.0010623560287058354,0.0011491618792005764
3312,0.0017932768367851773,0.0011787732332526875
3313,0.0015373441235472759,0.0011963431510751642
3314,0.0018111169803887606,0.0012084918259826348
3315,0.0018609617526332536,0.0012218021837202466
3316,0.001437664513165752,0.0012504408488006103
3317,0.0014765866256008545,0.0012511403646364105
3318,0.0017427308562522133,0.0012533876670920473
3319,0.0011895343583698075,0.0012142039133294477
3320,0.0011778553171704212,0.0011684017431900257
3321,0.0016092380896831552,0.0011538770104809774
3322,0.0013510652274514238,0.0011420725843883817
3323,0.0011067580004843573,0.0011226572330095108
3324,0.0016241800505667925,0.0011119500052836526
3325,0.001842737135787805,0.0011151384839084087
3326,0.0019196491998930772,0.0011605921006160164
3327,0.0015947861907382806,0.0012122386109494553
3328,0.0014480142310882608,0.0012307811952856054
3329,0.0024529180179039636,0.001258121191076641
3330,0.0014471732856084904,0.001294871998444845
3331,0.0013229732712109884,0.0013248197098196608
3332,0.0017716000555083155,0.0013218182349929541
3333,0.0018581969818721215,0.0012838990027891604
3334,0.0011773583362810313,0.0012367893575038027
3335,0.0020292791382720073,0.0011875999818270013
3336,0.0018680265173316001,0.0011510018618616062
3337,0.0015982270939275622,0.0011160490194731575
3338,0.0013704856935267647,0.0010961844172424043
3339,0.0019330993760377168,0.0011105528820900055
3340,0.0016152685275301337,0.0011329883127473295
3341,0.0012058153360461196,0.001140979379433845
3342,0.0014457435735190907,0.0011675624730520127
3343,0.001698863289008538,0.0012122614870185224
3344,0.0019079828634858131,0.0012236751476669405
3345,0.0014563501346856356,0.0012306101623863921
3346,0.0019777819203833738,0.001241772199108258
3347,0.001298877876251936,0.0012342827632935262
3348,0.001432436720157663,0.0012169810090815341
3349,0.0013274371235941847,0.0012210324291125174
3350,0.0012434745052208502,0.0012504935281087211
3351,0.001701585944586744,0.0012922631934153166
3352,0.0012379056192003191,0.001301438558670714
3353,0.0012083172953377167,0.0013082389936115095
3354,0.0017848270169148843,0.0013108968764074206
3355,0.002168857213109732,0.0013055303317355358
3356,0.0017489394910323124,0.0012756845891827673
3357,0.0015012767942001422,0.0012288574362173676
3358,0.0018466404328743617,0.0011962088380434264
3359,0.0012789865645269553,0.0011984381832065075
3360,0.001251443960548689,0.0012080876191520667
3361,0.0019418391864746809,0.0012464441769705044
3362,0.0014343018022676308,0.0012408219604188298
3363,0.0013274947569395104,0.0012179077557090113
3364,0.0016477938780250648,0.0012157238546876223
3365,0.0014526421980311473,0.001224081276725303
3366,0.0021934815682470798,0.0012544931799877348
3367,0.0017229852421830098,0.0012707237418242328
3368,0.0015278777728478113,0.0012911151174279884
3369,0.0014121400813261668,0.0013201861728466754
3370,0.001424817197645704,0.0013162571493184239
3371,0.00210141654436787,0.0012978114550713244
3372,0.0015637619032834967,0.0012557750245130908
3373,0.001082176932444175,0.0011954235158655353
3374,0.0013162696734070778,0.0011613363103105093
3375,0.001273623931532105,0.0011672802841452164
3376,0.0015413224541892608,0.001155983879392248
3377,0.0012616286675135294,0.0011241805187873835
3378,0.00132969612798964,0.0010942158103172527
3379,0.0014785617978001634,0.00108661768109149
3380,0.0012506325573970875,0.0010983471279252526
3381,0.0015287375931317608,0.001097628651058492
3382,0.002234226077174147,0.001115300678409724
3383,0.0015356429697324832,0.001114905750430299
3384,0.0017907685367390513,0.001140106132979996
3385,0.0014034020559241375,0.0011547910696716878
3386,0.0013366018732388814,0.001179210022165198
3387,0.0015102501337726911,0.0011857262983052867
3388,0.0008785184938460589,0.0012291792668328862
3389,0.002231161040253937,0.001271850709055411
3390,0.00144382882087181,0.001278775670807662
3391,0.001213563800168534,0.0012757806364065549
3392,0.001875323848798871,0.001310961102832138
3393,0.0013412435539066792,0.001316552073328103
3394,0.0013727129437029362,0.0013008169512682426
3395,0.001678149060656627,0.0013180086215019344
3396,0.0012881054154907665,0.0012932012286623867
3397,0.0019370049703866243,0.0012782064897162238
3398,0.0016218600018570821,0.0012627210574385924
3399,0.0009682811331003904,0.001252678859113591
3400,0.0014738084243920942,0.0012168133151020826
3401,0.0013664723994831244,0.0011685064858133634
3402,0.0014795319953312476,0.00114557931042005
3403,0.0008868108503520489,0.0011261962950009647
3404,0.0008005029017416139,0.001097974215274838
3405,0.0011623428164360425,0.0010693430621910283
3406,0.0011618615748981635,0.0010751789627325406
3407,0.0018224348042470714,0.0010821240377524412
3408,0.0012971979876359304,0.0010878768732118617
3409,0.0016712000127881766,0.0011063679790593625
3410,0.0015972039817521968,0.0011415779453108278
3411,0.0010893938364461065,0.001181487404690014
3412,0.0013551617041230202,0.0012111763697205567
3413,0.002056363853625953,0.0012305461174595778
3414,0.001244291046168655,0.001238126480057249
3415,0.0011132965795695783,0.0012413011625497126
3416,0.001655704613464574,0.0012313489276021131
3417,0.0016644912461439769,0.0012150306573621636
3418,0.0010922130507727463,0.0012005644623102165
3419,0.0010662950691767037,0.0011718974102244485
3420,0.0010491176275536419,0.001134083214890593
3421,0.0012653715210035443,0.0011170630354258254
3422,0.0013927487695279221,0.0011167047026486496
3423,0.0016871606077377996,0.0011123432621990485
3424,0.0014227525641520818,0.0011111602671151086
3425,0.0013932762667536736,0.001115930084263774
3426,0.0020121737848967313,0.0011098402383641934
3427,0.0009449127363041043,0.0011003217210729173
3428,0.0017031199298799039,0.0010982528273896204
3429,0.0017218875077863534,0.0011006562510417319
3430,0.0014624230097979307,0.0011375165273120084
3431,0.001093512800677369,0.0011695204064337992
3432,0.0012858397249753276,0.0011613970543587887
3433,0.0014144310417274633,0.0011267072885979231
3434,0.0011734578603257737,0.0011011315385928363
3435,0.0013082721658671896,0.0010939338986989198
3436,0.0016532945291449627,0.0010985354654578948
3437,0.001432945920775334,0.0011288131079379852
3438,0.0016437876736745238,0.0011710672993139606
3439,0.0014048557068842152,0.0012283727423999253
3440,0.0013086264487355947,0.0012644330015787342
3441,0.0014156186021864413,0.0012641176508050266
3442,0.0015311493926371137,0.0012713073510823287
3443,0.0009622478857636452,0.0012924919861889495
3444,0.0008480196197827657,0.0012758708637809074
3445,0.0016712437694271405,0.0012793253463744296
3446,0.0015236484468914568,0.0012781149396071517
3447,0.0013113570710023244,0.001257345432371605
3448,0.0011833492278431853,0.0012425991099723798
3449,0.0019143609485278528,0.0012403858411235836
3450,0.0010275646423300107,0.0012341892698735702
3451,0.0015517127544929584,0.0011985379098877898
3452,0.0016244626875656345,0.0012154997432765764
3453,0.0016725854637722173,0.0012286123150490283
3454,0.001398106183235844,0.0012491624499854491
3455,0.0017536594532430172,0.0012578880249368629
3456,0.001737931789830327,0.0012632211263284205
3457,0.0010161199606955051,0.001282057414146683
3458,0.0014975621597841382,0.0012807824500418437
3459,0.0016917690013845761,0.0013106764389539329
3460,0.002074062079191208,0.001323384761729637
3461,0.0010552955713743965,0.0013010484600938328
3462,0.0012326354898201922,0.0013062415431862272
3463,0.0012373804347589612,0.001284088708430998
3464,0.0020006255557139716,0.0012395930436153815
3465,0.0009029979739959041,0.0012323524808423138
3466,0.0016220586374402046,0.0012236472804055321
3467,0.0020690441053981584,0.001240289969897763
3468,0.0012712627494086822,0.0012618855923399563
3469,0.0012217022323360047,0.0012786987166133101
3470,0.0008856705777967969,0.0012851977843688581
3471,0.0015476741051922243,0.0013013877878405565
3472,0.0013419142846638958,0.001317439165413673
3473,0.001272698953592529,0.0013397863981731999
3474,0.0009349844806517164,0.0013311956972470434
3475,0.0016409789056827625,0.0013076944183191563
3476,0.001139992910126845,0.0013014892460851688
3477,0.0012588833769162497,0.001257013325124803
3478,0.0010815850381428996,0.0011973461350719408
3479,0.0011609442764893175,0.0011632514386034506
3480,0.0017561803145023684,0.0011413777540401212
3481,0.0011457663883144658,0.001124869424329088
3482,0.0014328792341984809,0.00111409984015691
3483,0.0009998663250977795,0.0011115910560552647
3484,0.0015600707925235231,0.0011298656115293737
3485,0.001683678012341261,0.0011856965381490784
3486,0.001567654722991089,0.0012135491651431548
3487,0.0014556391319880883,0.0012613719028574744
3488,0.0017505250250299772,0.0012797099211817886
3489,0.0017344845458865167,0.0012778317799615696
3490,0.0016751605124833682,0.0012897815679999319
3491,0.0011763454104463259,0.0012862982767392096
3492,0.0013946974339584509,0.001251526204429156
3493,0.0014483299261579912,0.001275005304863251
3494,0.0012005035455028216,0.0013074037430103956
3495,0.0018515159764016667,0.0013088311094380035
3496,0.0017314656637609006,0.0012837247208024808
3497,0.0013425166873882214,0.0012646841405942215
3498,0.0012677762036522229,0.0012720315295498906
3499,0.0014260296399394672,0.0012825400894874428
3500,0.0015326301256815592,0.0012676896615408538
3501,0.0021048548941810926,0.0012860494229473233
3502,0.0012126755435019731,0.001295389387551255
3503,0.00128266754715393,0.0012907386458603533
3504,0.000935541787960877,0.0012501178063657574
3505,0.0015287097543478013,0.001183279622236164
3506,0.001130989418985943,0.001134745034161867
3507,0.001328166900202632,0.0010968732572431991
3508,0.0014089548106615741,0.0010644620803265472
3509,0.0014531118174393972,0.0010584061626183587
3510,0.0010675578222920498,0.001086250084129668
3511,0.0015620309083412092,0.001114143825898783
3512,0.0012536243457968036,0.0011325755127243639
3513,0.0010017396416515112,0.0011538852237194307
3514,0.0014239942965408167,0.001191841467745661
3515,0.0010052124892051021,0.0011959453865035077
3516,0.00135341288211445,0.001168718273700105
3517,0.0013124451351662477,0.0011457240944141595
3518,0.0013012770175312956,0.0011511583323040465
3519,0.001309556079407533,0.0011618284171256493
3520,0.0014172131506105265,0.0011573990982935184
3521,0.0013143313971037665,0.001147142593110875
3522,0.0018294607056304813,0.0011487518369374195
3523,0.0012019535293802618,0.0011710654898348639
3524,0.0014714756204436223,0.0011941238891289342
3525,0.0019136369849244753,0.001260853764843049
3526,0.0010323934722691775,0.0013182421671373286
3527,0.001311656266140441,0.001358818115233847
3528,0.001754671676705281,0.0014038421112794693
3529,0.001529613354553779,0.0014526776659603076
3530,0.0010648924546937148,0.0014872083818085315
3531,0.0014809489715844394,0.0014745988103920433
3532,0.0013665334864829978,0.0014382498723814103
3533,0.0013585050823166967,0.0014087606705431863
3534,0.001332142452398936,0.001375649865042037
3535,0.001441987060631315,0.0013587343805344908
3536,0.001439438690431416,0.0013390839536212326
3537,0.0013931122918923696,0.0013237267175293345
3538,0.001164623078269263,0.0013420196262914248
3539,0.0012202374792347351,0.0013316326974487798
3540,0.0016216359954948226,0.001308063398056671
3541,0.0010724129853770137,0.0012775490383111585
3542,0.0016089804004877806,0.0012538495517563162
3543,0.0013452348376934728,0.0012544839840939665
3544,0.0016259862886120876,0.0012537622109319517
3545,0.0014102127480631074,0.0012525147336762486
3546,0.0017990800241629282,0.001267112381792972
3547,0.0010535680766527852,0.0012680922293903556
3548,0.0013857888989150524,0.001272459027694729
3549,0.0015766964914898077,0.001273056047631237
3550,0.001959574067344268,0.0012757073598363856
3551,0.0013477661608097453,0.00127030026871623
3552,0.0012782206137975057,0.0012832608204114977
3553,0.0010985406581312418,0.0012969782247802051
3554,0.0016413965223667523,0.0012910150286675555
3555,0.0011654176011991998,0.0012917595504834426
3556,0.0011161063176890215,0.0012947272162840474
3557,0.0012721626864125332,0.0012956234199310265
3558,0.0012410884529041747,0.0012928296364550515
3559,0.001219708099961281,0.0012770832899415235
3560,0.0010904903057962656,0.0012410815546699749
3561,0.0010947868033933143,0.0011891253800388043
3562,0.0013578688337778052,0.0011639248636573201
3563,0.0014701721646512547,0.0011566369354314222
3564,0.001129650320702543,0.0011498707476783338
3565,0.0013535933569073677,0.0011533334251771878
3566,0.0013781179130698243,0.0011631340342097161
3567,0.001476589683443308,0.001174268836162867
3568,0.0012157923076301814,0.0012015899254639788
3569,0.0013513720671956737,0.0012384314726172822
3570,0.0014601504507785043,0.001278428259070992
3571,0.0014517322803537052,0.0012783406093335292
3572,0.001001891439470152,0.0012869325193290517
3573,0.0015541158538932601,0.0013130401979809202
3574,0.0014334931038320065,0.0013322842694217646
3575,0.0012430475015814105,0.0013485804225838794
3576,0.0014332764161129792,0.0013075707531644133
3577,0.0011008233375226458,0.001286253546672602
3578,0.0012136132378752034,0.0012781329408991994
3579,0.001360754497970144,0.0012544722481462078
3580,0.0016613514783481757,0.0012342200741010504
3581,0.0016042250984658797,0.0012205680080608825
3582,0.0011948233858371773,0.0012027917339972507
3583,0.001409866358153522,0.0012153792818348239
3584,0.0015292010347669324,0.0012285254802188183
3585,0.001340503292158246,0.0012482239967432078
3586,0.0013329695017697911,0.0012465197350976505
3587,0.001595737443615993,0.001243706517596179
3588,0.0014103794703260065,0.0012343010441656773
3589,0.0010361841802174847,0.0012483305653454516
3590,0.0008241621816220383,0.0012347931619806905
3591,0.0013944538310170173,0.0011974736730986106
3592,0.0013167082099244,0.001173789204120284
3593,0.0015001578722149134,0.0011629542247868897
3594,0.0014376368684073289,0.0011466745311013004
3595,0.0014656931860372424,0.001173146278964077
3596,0.0018603300598139564,0.0011962400914323846
3597,0.001319161942228675,0.00123709252408493
3598,0.0012534522296239932,0.0012580301203786975
3599,0.0013004287922134003,0.0012535470928336809
3600,0.0011101175642882785,0.0012052434745912007
3601,0.0014364614229028423,0.001137478495251358
3602,0.0012910837850843868,0.001111476006550993
3603,0.0012198707554489374,0.0011276079609432792
3604,0.0013275653783542416,0.0011586218084186667
3605,0.0017265340002874533,0.0011928808283222121
3606,0.0015434754081070424,0.001216862841113287
3607,0.0020537468294302623,0.0012168059901033683
3608,0.001297069185723861,0.0012263900244711187
3609,0.0011668386442276338,0.001254171017542716
3610,0.0012308186929052074,0.0012595866143146133
3611,0.0010344458549904326,0.0012723863084514544
3612,0.001411189620072643,0.0012871244744449032
3613,0.0011360056581906975,0.0012794700872857036
3614,0.0011146900399277607,0.001289239034100663
3615,0.0015201313886791467,0.0012782560927265389
3616,0.0019974791444838046,0.0012608890826850542
3617,0.0009927800119233629,0.0012319541369440166
3618,0.0013116677136470875,0.0011955120345929593
3619,0.0010835784409816067,0.0011644675084719741
3620,0.001112246587096403,0.0011526156266359246
3621,0.0016468911742170652,0.0011473754155046242
3622,0.0013430088525637983,0.0011297298795140283
3623,0.001672471563021342,0.0011188599013349438
3624,0.001178929985811313,0.0011423678113528946
3625,0.00132020676198105,0.001166858578350131
3626,0.0013000044195602338,0.0011996984753141723
3627,0.0011305884108878672,0.0012431843582115423
3628,0.0008679986465722322,0.0012510059397726312
3629,0.001571016184364756,0.0012584058146219788
3630,0.0009260564421614011,0.0012781254857353222
3631,0.0010660583192172149,0.0012862380487683016
3632,0.0014281110217173895,0.0012692752400574488
3633,0.0015643134790783127,0.0012407986278550362
3634,0.0009003702628736695,0.0012083982473136638
3635,0.0011651568890859683,0.0012053511963467899
3636,0.0015092475494990745,0.0012329787925237745
3637,0.0011925956699997188,0.00127622923230767
3638,0.0016378347606708606,0.00129432202313154
3639,0.0013493392461289963,0.0012905478008150115
3640,0.0012293633927280704,0.0012786175604674994
3641,0.0008625440998002887,0.001249845305597043
3642,0.001262763716901342,0.0012193908511594993
3643,0.0016501187773731848,0.0011831635983264822
3644,0.0009355790719079474,0.0011700177656882626
3645,0.0013656326414396365,0.0011720324281647098
3646,0.001288576889783144,0.0011848153429120545
3647,0.0014891727827489377,0.001229397287064298
3648,0.0012326466385275126,0.0012642807569208108
3649,0.001094743733604749,0.0012684339395262242
3650,0.0012813632919763526,0.0012611489849326414
3651,0.0013811695389449596,0.0012343398068012214
3652,0.0008123638185982903,0.0012143266480782722
3653,0.0013110668398439885,0.0012240791015004314
3654,0.001147060717145602,0.0012173928608237876
3655,0.001028801368859907,0.0012182837542821104
3656,0.0013777930599947771,0.0012423049953700167
3657,0.0012410303034509221,0.0012822206467610058
3658,0.0014984664119159182,0.0013053537993581864
3659,0.0012712309292207161,0.0013301793557379071
3660,0.0015120772800097863,0.0013661105763240475
3661,0.0018313135020434856,0.0013829363339514596
3662,0.0014785722130909562,0.0013808933248024757
3663,0.0014786938205361365,0.0013628376713829247
3664,0.0009141758355932932,0.0013611057606401054
3665,0.0010714116040617227,0.0013204008390335
3666,0.0012140320613980293,0.001284951505463893
3667,0.0013508217913719516,0.0012825849726356155
3668,0.0011883795959874988,0.0012596456671324302
3669,0.000881432726358374,0.0012504515645101548
3670,0.0013442694209516049,0.0012394752423095657
3671,0.0015301981087153156,0.001219352427686704
3672,0.0009435419458895921,0.001216653321033681
3673,0.0012020024936646224,0.0012171233877700967
3674,0.001412300303733597,0.0012665956315958476
3675,0.0014449507230892777,0.0012760558972267184
3676,0.0009841987940793237,0.0012750052773635688
3677,0.0012388333523025115,0.0012955148328521002
3678,0.001222775822194914,0.001333334422706971
3679,0.0017210700238744418,0.0013407772282270464
3680,0.0013305101698885362,0.0013398867069310911
3681,0.001121418084949255,0.001343272154322114
3682,0.0017308231986438234,0.0013327271463056132
3683,0.0016709866002202034,0.001311756313895792
3684,0.0013314898048217099,0.001330829242897022
3685,0.0010188903814802566,0.0013246416402100695
3686,0.0015379808532694976,0.00131164005165553
3687,0.0012566863248745601,0.0012712894497057935
3688,0.001512324810028076,0.0012376547899229202
3689,0.00116827009866635,0.0011991702183333085
3690,0.0012716672305638592,0.0012066582351644326
3691,0.0010414149456967911,0.001218674922596634
3692,0.0015998412699749073,0.0012312259838557031
3693,0.0010167409355441729,0.0012484184607467431
3694,0.0009495447428586582,0.0012530693371860882
3695,0.0010950932434449594,0.001212173592533887
3696,0.0013714491855353118,0.0011943633352794985
3697,0.0014440332228938739,0.0011726149933515336
3698,0.0011036105958434443,0.0011583610490976473
3699,0.001293752808123827,0.0011717800159139309
3700,0.0008815927353377144,0.0011952188843127897
3701,0.0009710617673893769,0.0012091110427460568
3702,0.0008824118801082174,0.001236321232244959
3703,0.001556269630479316,0.0012433147122056817
3704,0.001417175381599615,0.001256625550271078
3705,0.001123486862828334,0.0012803828979908365
3706,0.001309086417313665,0.0012997414515258407
3707,0.0009221401919300358,0.0012794306224916043
3708,0.0013942096459989746,0.0012680047153179922
3709,0.0012273420114070177,0.0012859128118587995
3710,0.0012458366652329763,0.001307742025769191
3711,0.0010399621135244767,0.0013299944231242645
3712,0.0010610268373663226,0.0013224268634620263
3713,0.001283235514226059,0.001330225508454747
3714,0.0016276088970092436,0.0013442570022783997
3715,0.0010658071686824163,0.0013489084085449576
3716,0.0018698161157468954,0.0013870181438813763
3717,0.0008709307294338942,0.001427566727044017
3718,0.0012897692892389994,0.001420698002142113
3719,0.0011796558237013718,0.0013882084795471838
3720,0.0009354521714461347,0.001376751347400952
3721,0.0013814173017938933,0.001380140089253917
3722,0.00182453158001105,0.0014183978929631705
3723,0.0010362578400721152,0.0014446762566432709
3724,0.0009591299419601758,0.0014260536349400526
3725,0.0010416635467360416,0.0013686211708214457
3726,0.0011386469976666072,0.001329400086240095
3727,0.0011736958753317595,0.0013203155634352777
3728,0.001446746359579265,0.0013014678953318145
3729,0.0015649161534383893,0.0012911300369223037
3730,0.0011119710436711709,0.0012941074201939847
3731,0.0010730950937916834,0.0012919307204227396
3732,0.0009907253862669072,0.0012954584145038498
3733,0.0014648107811808587,0.001310707407262851
3734,0.0014001257251948119,0.0013437543025856295
3735,0.0008055976281563441,0.0013339509151685308
3736,0.0012655126784617702,0.0013278865981407053
3737,0.0011297471588477491,0.0013276310426762372
3738,0.0010423431483407815,0.0013505242513786033
3739,0.000795503876482447,0.001350618665121261
3740,0.0017120864242315293,0.0013474917229939634
3741,0.001249748965104421,0.0013472059481285923
3742,0.001545848355938991,0.0013397665534857807
3743,0.0011612742052723964,0.0013275978120601201
3744,0.0011873516797398528,0.0012969790607705479
3745,0.001265367780191203,0.0012408169738097688
3746,0.0014590358128771185,0.0011778439791125105
3747,0.0010503002015563349,0.0011081809432825118
3748,0.0012268923805095256,0.0011081987126605717
3749,0.0008328599467252692,0.0011212657706254697
3750,0.0007604305865243077,0.0011319625796383525
3751,0.001447418696867923,0.0011507824648127663
3752,0.0015393298662578067,0.0011834022607361003
3753,0.0008296385135812064,0.0011960336384840133
3754,0.0012934043227384488,0.001238792020035541
3755,0.0010029929146791498,0.0012888653730005614
3756,0.0013376297894865275,0.0013117865378799753
3757,0.00136429900303483,0.0013079555782188816
3758,0.0012025956413708628,0.0013276933001237004
3759,0.0009907536363850038,0.001354759779949416
3760,0.0014412943778249125,0.0013378113645722898
3761,0.0009426178177818656,0.0012925734989139744
3762,0.0008594901572602491,0.0012727328319483856
3763,0.0011634592742969592,0.0012748396962763756
3764,0.0010666017653420568,0.0012795291465201128
3765,0.0008008908946067095,0.0012706938029200894
3766,0.0010356069232026735,0.0012353850733928793
3767,0.0013986471109092235,0.0012099759957540457
3768,0.001728857106839617,0.0012477471595850047
3769,0.0013069281354546546,0.001290206600339922
3770,0.001344677588591973,0.0013144203648704478
3771,0.0008951162220910191,0.0013291636623046178
3772,0.001216338862044116,0.0013391606493185707
3773,0.0012407653809835514,0.0013550184300448011
3774,0.0013847160618752242,0.001351081900936588
3775,0.0013548153995846708,0.001361362601256394
3776,0.0011221405506754915,0.0013884728129102489
3777,0.001022446365095675,0.001410966434728677
3778,0.0008902172092348337,0.0014137987058433726
3779,0.0012353351106867195,0.0014084994822271227
3780,0.0011595440019542972,0.0014013169172007267
3781,0.0012002763338387012,0.001369050966106414
3782,0.0012762373429723085,0.0013417518554680694
3783,0.0009811701873938242,0.001319114350728456
3784,0.0011271136502424876,0.0013114892378977435
3785,0.0012654017889872193,0.0013297381691678655
3786,0.0013419141527265311,0.0013444188305756122
3787,0.0015066150575876237,0.0013323239688798197
3788,0.0012509785592556,0.0013141145665697225
3789,0.0009008499483267467,0.0012858054237660226
3790,0.0011497473654647667,0.0012444592673170167
3791,0.0011768294032663106,0.0012220566556972311
3792,0.0010475252910206714,0.0012151179276040102
3793,0.001087962257831047,0.0012484986305706144
3794,0.001640135096386075,0.0013067695435033892
3795,0.0014477847454448542,0.0013246094307488227
3796,0.0008123638108372688,0.0013405517399985726
3797,0.0012794991179058948,0.0013442835504717129
3798,0.001411299112563332,0.001361348255588783
3799,0.0013623297757779558,0.0013859307019435984
3800,0.0012654208888610203,0.001418163503087529
3801,0.0015925186453387141,0.0014453149330985592
3802,0.0013657358397419254,0.001437067735287559
3803,0.001049063525473078,0.0014427233217870743
3804,0.0012717786710709333,0.0014294952449322802
3805,0.0014357431093230844,0.0013978909059449679
3806,0.0014170448606212933,0.0013871512377605312
3807,0.0012531817619067928,0.0013432686481126182
3808,0.0014613418316002935,0.0012981808051378942
3809,0.0010346888642137249,0.0012886134951602755
3810,0.0010679300137174626,0.0012965904031770202
3811,0.0009966595952088633,0.0012696946844619912
3812,0.0009802585778137048,0.0012419601841866382
3813,0.0009658844443038106,0.0012401320474720963
3814,0.0010948103736154735,0.001255105234000568
3815,0.0015478662486808996,0.0012625529977133658
3816,0.0011240816985567412,0.0012743967414767605
3817,0.0011017865190903345,0.0013066607987596178
3818,0.0009763221023604274,0.0013163766427713587
3819,0.0014547387060398858,0.0013163340659298765
3820,0.0013833837195610006,0.001310159054430803
3821,0.0009425461447487275,0.0013089232397903725
3822,0.0009413901173199216,0.0012784329816831026
3823,0.0008059431216679514,0.0012360169546766662
3824,0.0010644614153231184,0.0012072235910500597
3825,0.0015192844439297915,0.0012109128604313052
3826,0.0010853868288298449,0.001230719578122412
3827,0.0011208134703338147,0.0012678869882613187
3828,0.0016091111736992994,0.0013204021067688549
3829,0.0013229801009098689,0.001342008279922499
3830,0.0013186231876413028,0.0013320970195015585
3831,0.0011542384047061205,0.0013037203063117706
3832,0.000874887282649676,0.0012884868527065934
3833,0.0011950844394353528,0.0012657713973674718
3834,0.0012993452449639638,0.00125110889674993
3835,0.0008544569020159543,0.0012214458648364727
3836,0.0014585289328048626,0.0011759553201804598
3837,0.0007695354133223493,0.001114007521890045
3838,0.0014184737655644616,0.0010905795250322641
3839,0.001228435958425204,0.001081988581192247
3840,0.0009562049914772311,0.0011065389794172851
3841,0.0012151441575648885,0.0011421102199952785
3842,0.0011996134960403045,0.0011866193752383858
3843,0.0009025264803009729,0.0012260422176556794
3844,0.001311619292634229,0.0012457920843368675
3845,0.001249166709991793,0.0012389709733015908
3846,0.0015489376460512479,0.0012322802089272053
3847,0.0016750515128175418,0.0012487775818481454
3848,0.001000751197958986,0.0012879998681656136
3849,0.0010235123801976443,0.0013400570051304585
3850,0.000845115480478853,0.001369349122245422
3851,0.0018090155596534412,0.0013866175935919008
3852,0.0009507017132515708,0.001416642427825787
3853,0.0013693126384168863,0.001415946942526759
3854,0.0011080640698006997,0.0014451143146661206
3855,0.0010049981297925114,0.0014471444337973444
3856,0.0017522097875674566,0.0014630915197419135
3857,0.0014547439602514108,0.001475280411101467
3858,0.0009215804631821812,0.0014428226552228992
3859,0.000866476516239345,0.0014019328156691484
3860,0.0007657922843160729,0.0013105419260911702
3861,0.0007446514364952843,0.0012421323056149437
3862,0.0012730513388911882,0.001215370968680858
3863,0.0012158505929013093,0.0012072362124875891
3864,0.0013524277911831936,0.0012497531954111076
3865,0.0016597925607735912,0.001299811159553901
3866,0.0015096041063467661,0.0013463418393608506
3867,0.0015505877323448657,0.0014224472807676304
3868,0.001188399759121239,0.0014364881877325416
3869,0.0012295927386730908,0.0014048604987649703
3870,0.0013307272999857863,0.0013618875665252837
3871,0.0011631426168605685,0.0013386545066655737
3872,0.0014675734215416013,0.001303107332892892
3873,0.0011084321420639753,0.0012802300217568756
3874,0.0009447110428785284,0.0012677012214906455
3875,0.0008212590590119361,0.0012755132285790062
3876,0.0009632007296507557,0.001278339800842869
3877,0.0014717723475769161,0.0012702922149759343
3878,0.0011349280830472708,0.0012295559538146993
3879,0.0010506489779800177,0.0011900025126560935
3880,0.0010290746654694279,0.0011576484149967239
3881,0.000803812372032553,0.0011321801406250695
3882,0.0015107794354359309,0.0011257388066192428
3883,0.0013553685508668422,0.0011302717919204766
3884,0.0013846383274843295,0.0011626550814092863
3885,0.0013712176897873482,0.0012187378143701027
3886,0.0011729285353794694,0.0012526220264367936
3887,0.0014879366227736077,0.0012593626239021697
3888,0.0014387884177267552,0.0012569025802374708
3889,0.0008554629050195218,0.001255732843667034
3890,0.0009425856793920199,0.0012618407201916567
3891,0.0010817372899812956,0.001258900457824485
3892,0.0008076496577511231,0.0012581048140991626
3893,0.0007197819921808938,0.0012671620288027788
3894,0.0008790531583751242,0.0012353869965373296
3895,0.0008552703851213058,0.0011753949829868562
3896,0.0010771948533753555,0.0011479473868971617
3897,0.0011300426597396533,0.0011565011630832094
3898,0.0012802238188063106,0.001184915747002178
3899,0.0013276601986338696,0.0012454248554124607
3900,0.0008963754400610924,0.0013069221337406536
3901,0.0011901159266320368,0.001352467544846178
3902,0.0009599740655782322,0.0013987657212556934
3903,0.000991115424161156,0.0014059149805001738
3904,0.0009704823217665156,0.001394727024411064
3905,0.0011429506819695234,0.00137885775890084
3906,0.0015177034307271241,0.0013409712256526383
3907,0.0009738473997761806,0.0013041781063565588
3908,0.0010568089007089536,0.0012762662597132597
3909,0.0010243124173333247,0.0012701152499369163
3910,0.0011847853350142638,0.0012780872171774037
3911,0.0011715399644648035,0.0013078361846814593
3912,0.0009437700578322013,0.0013318812854104037
3913,0.0010379255011988182,0.001318195792589718
3914,0.0011066479957662523,0.0013132254569241265
3915,0.0008568268967792392,0.0013069797996578254
3916,0.0012899021618068217,0.001270086495352425
3917,0.000994919027046611,0.0012277136510971376
3918,0.0013099198384831348,0.001201883462573013
3919,0.0010040029417723417,0.001188181182112926
3920,0.0009363918021942178,0.001201399200500583
3921,0.001064960565418005,0.0011989641036310298
3922,0.0010886730471005043,0.0011929899195619808
3923,0.0012855232926085591,0.0012298729701524997
3924,0.0011691178816060225,0.001284046107756458
3925,0.0011185524985194207,0.0013115459156596637
3926,0.0008578055809872845,0.0013856238806546908
3927,0.0014172565890476108,0.0014172636098998385
3928,0.0011416077303389707,0.001421990223214265
3929,0.0010949716282387574,0.0014150896445136723
3930,0.0009399288256342213,0.0013912082493935866
3931,0.0008355703088454902,0.0013577083078044371
3932,0.0011648249890034398,0.0013188426777001794
3933,0.001004584568242232,0.0013081586890391946
3934,0.001534563621195654,0.0012958725890526036
3935,0.001377335023911049,0.0012947899412261103
3936,0.0012105160392820835,0.001260150992128206
3937,0.001162960488970081,0.0012273083176962503
3938,0.0009794433290759722,0.001232978098615124
3939,0.0008252867497503758,0.0012521785253101563
3940,0.0009486492800836762,0.0012832883228437873
3941,0.0009263119621512791,0.0013046475580167465
3942,0.0014415767354269823,0.0012966618501016592
3943,0.0011900902880976596,0.0012805348869017142
3944,0.0008685102531065543,0.0012393391555483183
3945,0.0010259735863655806,0.0012262415756860118
3946,0.0008355537778697908,0.0012153168703891396
3947,0.0010769472379858296,0.0012083212931193119
3948,0.001367030618712306,0.0012238291477212522
3949,0.0012543426593765617,0.0012123470311969752
3950,0.0012187893191973368,0.0011959600484174654
3951,0.001358035501713554,0.0011876311013841723
3952,0.000911687050635616,0.0011891820853004071
3953,0.0009872909480084975,0.0011827677523159957
3954,0.0010631101205945015,0.0011845978891740986
3955,0.001265074413580199,0.001189991606282085
3956,0.0012035774144654474,0.0011749048167326319
3957,0.001001244744596382,0.0011481366892103252
3958,0.001273827557452023,0.0011600364828262273
3959,0.0012189378418649237,0.0011777077786859096
3960,0.0012022537334511678,0.001200043988656106
3961,0.0014979234198108315,0.0012206981475574997
3962,0.0009959846967831254,0.0012458635046784803
3963,0.0012583719411243994,0.001232181408068561
3964,0.0010390697047114373,0.0012203042384413049
3965,0.001056209330757459,0.0012409171478192167
3966,0.0011740881406391661,0.0012833641926339996
3967,0.0014106996357440948,0.0013076835055285552
3968,0.0013039717334322632,0.0013094725697777988
3969,0.0014485902929057678,0.0013046469374405822
3970,0.0011550334476244947,0.0013026901104626811
3971,0.000918564829044044,0.0012771314226354905
3972,0.0012020570924505592,0.0012666583134550748
3973,0.0009657279588282108,0.0012574750750406285
3974,0.000912870978936553,0.0012644330996609344
3975,0.0012445829498271147,0.0012479418674190565
3976,0.0014665474494298298,0.0012545808214752927
3977,0.001317287019143502,0.001255363644848717
3978,0.0013793090435986718,0.0012785383421326363
3979,0.0008792963577434421,0.0012940120980451544
3980,0.0011199794244021177,0.001304232189065124
3981,0.0008405241106326382,0.0013235562818315555
3982,0.0013866635621525348,0.0013473666837717604
3983,0.001366990494231383,0.0013470978358775143
3984,0.0014896536789213617,0.001349735031579071
3985,0.0009154967886085311,0.0013340620963841559
3986,0.0012340373359620571,0.00131467471126555
3987,0.000911235991710176,0.0012643413698872712
3988,0.0012232748830380538,0.001220458991986912
3989,0.0016635941108688712,0.0011859271889845804
3990,0.0009141822345554828,0.0011212622524994448
3991,0.0011111565555135408,0.0010872839768527177
3992,0.001294002146460116,0.001092253833107181
3993,0.0009365499252453446,0.0011239354251187266
3994,0.0012006495341969033,0.0011734922396341764
3995,0.0008865675306878984,0.0012074871104225283
3996,0.0014656880171969532,0.0012264623843852107
3997,0.0013833636340374747,0.0012197368420792493
3998,0.0010600297944620251,0.0012448733538667869
3999,0.0011401884568234286,0.0012559943271463546
4000,0.001312779930109779,0.0012753230884421881
4001,0.0012865714728832246,0.0013019520006560552
4002,0.000980890744055311,0.0013365463012697425
4003,0.00138962313067168,0.0013357839294100605
4004,0.0009271486584718028,0.001349761885935514
4005,0.0007332206276866297,0.001382607408417902
4006,0.0013756131287664176,0.0013787826609350448
4007,0.0009803908489023647,0.0013380531188628571
4008,0.0014336276644219955,0.0013176795768030868
4009,0.0011465651681646706,0.0012695319945080661
4010,0.0011207085413237412,0.0012585625536446496
4011,0.0014583165485722324,0.0012665261481485265
4012,0.000973262016971906,0.0012661753383677776
4013,0.0012716604474311073,0.0012610990684259478
4014,0.0011061018565669655,0.0012605070699314316
4015,0.0014574122227107484,0.0012795974273146606
4016,0.0010142856549161176,0.0013064008103463593
4017,0.000868540668549637,0.001292608667341039
4018,0.0013798239020009835,0.001266832625691405
4019,0.0009624766418710351,0.0012588937460686865
4020,0.0008839937198596696,0.0012430867664222642
4021,0.0014489407651126385,0.0012148151368518748
4022,0.0007901519769802689,0.0012136590520403986
4023,0.0009792997191349665,0.0011927803499829463
4024,0.000900205341167748,0.0011789791531655498
4025,0.0014277718650798003,0.0011807281861272384
4026,0.0014251516511042913,0.0012143460784371444
4027,0.0016266664179662863,0.0012518682977272653
4028,0.0012943055170277753,0.0012688481223248826
4029,0.0011567196032653251,0.0012490459787476017
4030,0.0010723715260004005,0.0012103551329575538
4031,0.0008692290401086211,0.0011762165937455385
4032,0.001250933421154817,0.001197768444943381
4033,0.001400767220184207,0.001248427927054054
4034,0.001204674745288988,0.0012827414073284687
4035,0.0011527695848296087,0.0013218164566801641
4036,0.0011498697102069854,0.0013595212876107397
4037,0.0013346662123998006,0.0013562103386924374
4038,0.0009207172707344095,0.0013419878366586612
4039,0.0013194957204783956,0.0013155726978085994
4040,0.0015176986499379078,0.0013202077087645574
4041,0.0007400018783907096,0.0013315182758539212
4042,0.0012157960406815012,0.0012962607049023893
4043,0.0009606718784198165,0.001253812727848376
4044,0.0008288935835783681,0.0012573341666684142
4045,0.0011988852716361483,0.001244552206160046
4046,0.0009166141428674261,0.0012163772379730161
4047,0.0008634819610354801,0.0012038305959128958
4048,0.0009551320535441239,0.0012150076703777112
4049,0.0011489152675494552,0.001223669205902247
4050,0.001425886635358135,0.0012354732126246873
4051,0.0012979562898787359,0.0012462862728779593
4052,0.0013965435015658538,0.001238517629121995
4053,0.0009561087548111876,0.0012686010230127283
4054,0.0012500646446521083,0.0012595554956740986
4055,0.0016111649184798202,0.001251008399160887
4056,0.0010019225611661872,0.0012831038568080879
4057,0.0014987540508930883,0.0012795547386411372
4058,0.001244482343705992,0.0012818284142087763
4059,0.0008367955141390363,0.0012778316415465018
4060,0.0014528120208221176,0.0012751180627273294
4061,0.0009400776975477735,0.00129836286036811
4062,0.0012455641059204935,0.0012509681121262862
4063,0.0009422042523510755,0.00120676453885307
4064,0.0012755747108409803,0.0012220851802010472
4065,0.0012923130299896002,0.0012167742188037263
4066,0.0008638300389672319,0.0012083838613131854
4067,0.0008950449448699752,0.0012071228340473465
4068,0.0007851169561035931,0.001216214950431109
4069,0.0008567965279022853,0.0012266148197075982
4070,0.000932562944944948,0.0012122296112200876
4071,0.001409370560819904,0.0011914091369899826
4072,0.0009308519617964824,0.0011693885775400311
4073,0.0010451328630248706,0.0011791989397932226
4074,0.0012507675681263208,0.0012251029880057404
4075,0.001122162366906802,0.0012919940155248825
4076,0.0012634902105977139,0.0013648872025398993
4077,0.0011686070123687387,0.0013801232539483999
4078,0.0009102915646508336,0.001373138917632049
4079,0.001101731120919188,0.0013516042106528217
4080,0.0009513367122660081,0.0013363667512605861
4081,0.001025912188924849,0.001294790673634316
4082,0.0008575901621952653,0.0012401146475064355
4083,0.0008453800342977047,0.0012125866075127026
4084,0.0009035679201285044,0.001204919804246935
4085,0.0012420027904833356,0.0011929129039516717
4086,0.0013615624164231121,0.0011755633947080162
4087,0.0012187461834400892,0.0011555559999184815
4088,0.0011387579919149478,0.0011319273030458708
4089,0.0010849683545529842,0.0011572619949606813
4090,0.0015055176025877395,0.001197517768839213
4091,0.000986267098536094,0.0012274487842402356
4092,0.0013675453917433818,0.0011965681030598329
4093,0.0010549938771873713,0.00115136976452823
4094,0.001186532488403221,0.0011536803318363592
4095,0.001341518189292401,0.001164890617667514
4096,0.0008691887875708441,0.00117915661778213
4097,0.0010719208667675654,0.00118573771067345
4098,0.0006561477319337427,0.0012039220571063282
4099,0.0012225634224402409,0.0012234622772093716
4100,0.0008583012269809843,0.0012165605554386504
4101,0.0009788855211809277,0.0011991535709422873
4102,0.0013401545545396706,0.001165803274374426
4103,0.0009740295160251359,0.0011712567272090066
4104,0.0006735655556743343,0.0011967347694678218
4105,0.0012537720147520303,0.001221280928158502
4106,0.0013295273839806518,0.001219058337834055
4107,0.0012155920267105103,0.001216438733679279
4108,0.0013605206506326795,0.0012151632709135338
4109,0.0007915956860718628,0.0012135080421182113
4110,0.0014011455234140158,0.0012189395575395484
4111,0.0013938007565836112,0.0012529406872555965
4112,0.0011219874955713748,0.001287751519451226
4113,0.0008960855038215716,0.001352118462045479
4114,0.0011120343037570517,0.0013657839735969901
4115,0.0010654447755465905,0.0013585737933896071
4116,0.0014088641852140426,0.001326765129929335
4117,0.00125305304924647,0.0012991351110303378
4118,0.0011817812531565626,0.0012719560814214738
4119,0.0012725038065885504,0.0012514613620115546
4120,0.0008541611799349388,0.001228043831532865
4121,0.0008629933659297724,0.0012267294887995978
4122,0.0012306993128731846,0.0012651817189294873
4123,0.0010089494287967681,0.001302652224150347
4124,0.0007975211211790641,0.0012968081392450478
4125,0.000901874527335167,0.0012611494386773996
4126,0.001088193276276191,0.0012335717003411194
4127,0.0011974839144386351,0.0012108426189094078
4128,0.0012523310802256067,0.0011896770034997364
4129,0.0009844750243549545,0.0012085077574652597
4130,0.000886182925508668,0.0012498664171031611
4131,0.0010206898325122893,0.001295002609102686
4132,0.001055569698413213,0.001333844605063301
4133,0.0008297687551627556,0.0013629553251071121
4134,0.000977975269779563,0.001352771669332906
4135,0.0006682890855396787,0.0012909145897445013
4136,0.001479148360279699,0.0012489730615066145
4137,0.0008880146080628038,0.0011977480786786539
4138,0.0008644815262717505,0.0011693106076907454
4139,0.0012858451693318785,0.0011328898762594762
4140,0.0012034538434818388,0.0011458446117719328
4141,0.001169160718563944,0.0011576923017397405
4142,0.0008993893939380844,0.001167284439347215
4143,0.0009700578986667097,0.0011558014730827545
4144,0.0007729248221342763,0.0011519170219562655
4145,0.0009570034531255563,0.0011705764978170747
4146,0.0013692413340322673,0.001183091946987538
4147,0.0012273537926375867,0.0012124255079570719
4148,0.0013778146899615725,0.0012204679733831582
4149,0.0013308870606124402,0.0011906055742728077
4150,0.001029834415142735,0.0011578239546355417
4151,0.0010151365927110116,0.0011264091709584701
4152,0.0014729617008318503,0.001138409728910334
4153,0.0009460331949715813,0.0011514400060501273
4154,0.0011113750903556745,0.0011446048839267079
4155,0.0011400057235732674,0.0011577000126506635
4156,0.001232176076155156,0.0011825417260104042
4157,0.0008103670552372932,0.0011977992170878987
4158,0.0011815386028805126,0.0012067904912199327
4159,0.0008337545325048268,0.0011707139036464176
4160,0.0015275994354548553,0.0011509085398563367
4161,0.0009147906055053075,0.0011262185779935497
4162,0.0012706332063923279,0.0011383843577034243
4163,0.0010425044068445761,0.0012060771127942744
4164,0.0007377432892099022,0.0012561977899626015
4165,0.0010878451711808642,0.001310536436237923
4166,0.0007396505059053501,0.001305098821387047
4167,0.0009479977190494538,0.0012560187670306896
4168,0.00148545460930715,0.0012298739463912222
4169,0.001080514812686791,0.0011951845628759405
4170,0.0008587165308805803,0.0011881497573092814
4171,0.001414122044419249,0.001198177648466227
4172,0.0008734120521694422,0.0012309912264009746
4173,0.0009046594495885074,0.0012564627182354608
4174,0.0008963907719589769,0.0012657256644791153
4175,0.000614697360045587,0.0012565545222582662
4176,0.001545555742147068,0.0012321889026486498
4177,0.000973632768727839,0.0012129617297625917
4178,0.0007859474048018455,0.0011921249124712831
4179,0.0012928831313426296,0.0012068606291596932
4180,0.0012132023150722186,0.0012173335476756448
4181,0.0008880827498311798,0.0012342908097005736
4182,0.000847834317634503,0.0012423249115566099
4183,0.0012122735187100866,0.0011904727874734388
4184,0.0011345202646528682,0.0011376716136037716
4185,0.000955465342849493,0.001120583637338865
4186,0.0010921294218860567,0.0011390515073297883
4187,0.0013556721154600383,0.0011458479520666787
4188,0.0008019776393969854,0.0011558735222504364
4189,0.0013836023785794775,0.001163525087025574
4190,0.0011687519028782845,0.0011750790767195657
4191,0.0006893936234215896,0.0011938631573075972
4192,0.0009351033717393875,0.0011855514259920931
4193,0.001097372236351172,0.0011805083829997563
4194,0.0012725270198037228,0.0011673674095554027
4195,0.001242147758603096,0.0011796967234594497
4196,0.0015456821769475938,0.001236292824156465
4197,0.0014712826504061618,0.0012694657679397877
4198,0.0010542269408081969,0.0013303089947403065
4199,0.0010467759411161145,0.0013304589285082586
4200,0.0008697383105754853,0.0013113188975321965
4201,0.0011867080233059824,0.0012736733916662926
4202,0.0007600345571214955,0.0012246255935206422
4203,0.000910221366211772,0.0011620405817580387
4204,0.0009220826129118601,0.0011294144407413371
4205,0.0008875342939669887,0.0011477287983389821
4206,0.0013087545211116472,0.0011893144412714197
4207,0.0015589698993911346,0.0012072547124405428
4208,0.0011202238500118255,0.0012336929097742312
4209,0.0009868117437387507,0.001227163062540917
4210,0.001031745543392996,0.001223044040040883
4211,0.0009335163747891783,0.001231035785052896
4212,0.0011189402546733617,0.0012300103448155358
4213,0.0009590544078188638,0.0011904882331283425
4214,0.000997301674215123,0.0011372791207212164
4215,0.0012842977225470046,0.001112575981927317
4216,0.001338021270930767,0.0011142839881129504
4217,0.0011127873789519072,0.0011590451806945009
