epoch,train_mse,validation_mse
1,30.003235549926757,27.64908166127662
2,27.32722999572754,25.03531408963138
3,24.498970108032225,22.67536615345576
4,21.695492935180663,20.729252488645788
5,18.914734268188475,18.76816185206583
6,17.634024620056152,17.12218838521879
7,15.672181854248047,15.27552408714817
8,12.96714370727539,13.453936433138912
9,11.583425636291503,11.439141182050314
10,9.561710109710694,9.529473892629962
11,7.780807647705078,7.808485044191961
12,5.946371994018555,6.433684505828439
13,4.665206699371338,5.159666975883589
14,3.6997915077209473,3.6791250934339548
15,2.3582874488830567,2.459560642503712
16,1.613420662879944,1.6072769067058825
17,1.210684871673584,1.1221462635144794
18,0.9950937891006469,0.7922675723898901
19,0.6642389750480652,0.5168863240986654
20,0.61664590716362,0.3544602247133647
21,0.491238374710083,0.26402328959474824
22,0.4648683452606201,0.21639484371224496
23,0.46965357303619387,0.185659064822001
24,0.47541146039962767,0.16281476126958247
25,0.4614677691459656,0.17571349993143995
26,0.4508896255493164,0.17079186602814556
27,0.3797394859790802,0.15899283816553142
28,0.3587544584274292,0.1475838590158175
29,0.30773788928985596,0.14534777525353104
30,0.40604679346084593,0.14951455797234628
31,0.3726623713970184,0.14964959454046536
32,0.34369017601013185,0.15594216385116316
33,0.3555697214603424,0.15378701360258337
34,0.4332724440097809,0.14592193638625212
35,0.35240657240152357,0.15372036683232818
36,0.3845012950897217,0.15052347375105504
37,0.278047034740448,0.1563268777442305
38,0.42949879348278047,0.1560721113665463
39,0.31567558825016023,0.15336442075363577
40,0.31267733573913575,0.15774513025806375
41,0.33589128017425535,0.1711691769018565
42,0.3506840789318085,0.17583385232376725
43,0.26889759361743926,0.16377106574300218
44,0.30795665860176086,0.15160016164387743
45,0.2872100484371185,0.12984484148352113
46,0.3382674753665924,0.12779532556664452
47,0.29196948170661924,0.12902247313767262
48,0.26572205007076266,0.1304434105141522
49,0.2775946581363678,0.1339158844457914
50,0.3395747995376587,0.12853556238625147
51,0.2266439163684845,0.12308747066210395
52,0.2808932900428772,0.13024255245515745
53,0.2785500133037567,0.135315086743603
54,0.2659038883447647,0.1357086949968991
55,0.2700541740655899,0.14051074299910296
56,0.3104124462604523,0.14442844219403725
57,0.27279827833175657,0.14288387172026176
58,0.2612419930100441,0.13867996633052826
59,0.2584650951623917,0.12598925339032527
60,0.2986784225702286,0.12254937789211534
61,0.2610058957338333,0.12212142532002436
62,0.2950380492210388,0.12272725917705118
63,0.279819039106369,0.12261519774998704
64,0.3242056465148926,0.11705013395172276
65,0.24920538187026978,0.11463798358015818
66,0.27223706126213076,0.11971335378411697
67,0.30584741830825807,0.1285941721233603
68,0.2589815121889114,0.12673220038414001
69,0.3167085984349251,0.1279249272934378
70,0.23225436747074127,0.12885409062855865
71,0.24527004420757292,0.13505623561062224
72,0.24201960146427154,0.13411891276705756
73,0.24144915103912354,0.12793380756900735
74,0.22116830170154572,0.12249449814019138
75,0.1640104265511036,0.12061219366445933
76,0.19902784645557403,0.11753099789358165
77,0.23415375292301177,0.11692966153360393
78,0.29324406683444976,0.11452573497001439
79,0.1986317926645279,0.11134089999002954
80,0.2615057736635208,0.11282115113245297
81,0.2625808182358742,0.10734383016824722
82,0.20640623271465303,0.10800733958205132
83,0.18447571039199828,0.1112625633608805
84,0.217391037940979,0.11323051072963297
85,0.2193655127286911,0.10931946398460701
86,0.22183118015527725,0.1075384014681594
87,0.19683003962039947,0.10543041135350319
88,0.24313135623931884,0.10190167104544705
89,0.19505121022462846,0.1013280792187338
90,0.18843290865421294,0.09484330136073779
91,0.24672760128974913,0.09295602367348867
92,0.23149483501911164,0.10181812145938612
93,0.18909183233976365,0.10860991406522386
94,0.22142731428146362,0.10577972651752707
95,0.25061367332935336,0.10266046021899132
96,0.2025186488032341,0.09931606431938197
97,0.2562961542606354,0.10028367642670462
98,0.20551195323467256,0.10426457818240335
99,0.20538977682590484,0.10049370512978671
100,0.19979968786239624,0.09208358865078181
101,0.18597061276435853,0.08550505738144051
102,0.20852065801620484,0.08844217331442114
103,0.1995893722772598,0.09168399829570562
104,0.18802651584148408,0.08979135210791679
105,0.20904311060905456,0.08795847519211573
106,0.1938228952884674,0.08915402454464402
107,0.18799406707286834,0.096334552111691
108,0.19561026811599733,0.09271995529328307
109,0.2052750688791275,0.08303370724802148
110,0.19502466410398483,0.08249253034591675
111,0.17291586130857467,0.08449728266425328
112,0.19806161820888518,0.0823327097786616
113,0.19737588614225388,0.08328061989725452
114,0.1774495154619217,0.08846792211271312
115,0.19226590931415558,0.08587869705810938
116,0.17193450033664703,0.08404388717592579
117,0.1595861229300499,0.07952091985777633
118,0.18172407567501067,0.07620256516623171
119,0.1753198903799057,0.07741436117315946
120,0.2073940008878708,0.08009831433835095
121,0.20192498743534087,0.08423764845483923
122,0.20192183077335357,0.08502881101345362
123,0.22256707191467284,0.08210108965022923
124,0.18409828782081605,0.07996037377886576
125,0.19299195021390914,0.0752780929922241
126,0.16633225977420807,0.08177441603516879
127,0.1769777852296829,0.0880658774547381
128,0.16261692702770233,0.07962657062158193
129,0.15323107182979584,0.07893152402280128
130,0.17375217378139496,0.08026887910210923
131,0.22043079555034636,0.06709197704514412
132,0.13624247789382934,0.0673477320026045
133,0.1691570296883583,0.07471405837225588
134,0.14598772160708903,0.08031370128466658
135,0.15626467525959015,0.09704955218181219
136,0.16048131734132767,0.07991059083644658
137,0.15110461950302123,0.07061718955431899
138,0.16383394420146943,0.07451814760084022
139,0.20037477910518647,0.07604560072291387
140,0.1601511272788048,0.07095245833266271
141,0.1951373091340065,0.06953971950362807
142,0.1424807834625244,0.06811133200583393
143,0.16545755684375762,0.07217827714877585
144,0.18125472068786622,0.07540386695772001
145,0.17784392476081848,0.08416390230190264
146,0.16753266513347626,0.07356329823601736
147,0.11514140516519547,0.0692479277718557
148,0.19039613485336304,0.07249348983168602
149,0.1426601552963257,0.060616511035047164
150,0.17021570354700089,0.05697170282675795
151,0.15746707558631898,0.05989017659058309
152,0.12676211535930634,0.06267515835288452
153,0.1467677503824234,0.06511496043164436
154,0.19348500728607176,0.06975974239511033
155,0.1703611743450165,0.07247945793891607
156,0.16989888727664948,0.06660044050379975
157,0.17373822510242462,0.06322595344422614
158,0.1853722369670868,0.07124162888894342
159,0.1658143264055252,0.06843609587378698
160,0.13421741425991057,0.06068015195531388
161,0.16430652320384978,0.0665667541835406
162,0.16662539422512054,0.0753220964019021
163,0.14518812358379363,0.06310193049274895
164,0.12394221872091293,0.06739798542877583
165,0.1478958857059479,0.07230935011008015
166,0.14495512068271638,0.06705849510553764
167,0.11314272671937943,0.05844350077518045
168,0.15828096508979797,0.06352321267740367
169,0.14671066522598267,0.07061319364464447
170,0.11615411430597306,0.063053684793923
171,0.17555920243263246,0.0614873122117699
172,0.15957029074430465,0.06489700571416993
173,0.1549817505478859,0.08541265477056373
174,0.1304695788025856,0.07531598429769686
175,0.1587835991382599,0.07744939757944787
176,0.14750374853610992,0.07657745592806438
177,0.12923654675483703,0.06250742797369827
178,0.10888604879379273,0.05274623979444373
179,0.17630488216876983,0.06251936625332048
180,0.15597603857517242,0.06696210564305521
181,0.13228477120399476,0.06759575841157403
182,0.14265734314918518,0.07348771566805774
183,0.16386027455329896,0.06673119732574241
184,0.16097072169184684,0.07428392349448923
185,0.13970289766788482,0.05457717716081502
186,0.13615880966186522,0.055930796066579754
187,0.15211610734462738,0.07767725138835711
188,0.1547478950023651,0.09439918602982612
189,0.18138720273971556,0.07612200015007634
190,0.13816506385803223,0.06609173486494038
191,0.12544144988059996,0.06248202501502756
192,0.14124000906944276,0.06271067200458214
193,0.13058489054441452,0.0921843444341666
194,0.13619990557432174,0.09571967569932546
195,0.12810146510601045,0.07080362869860375
196,0.12139021039009094,0.05497014037754438
197,0.1344096741080284,0.03855037559078981
198,0.14428195118904114,0.04395150650956043
199,0.18047167122364044,0.06583478184391374
200,0.10224281877279282,0.0676820647634872
201,0.13651211202144622,0.06536988868084673
202,0.10423482954502106,0.06854018727189874
203,0.13510274410247802,0.06806862364484839
204,0.10886492520570755,0.06523157885833962
205,0.13169836163520812,0.05805003372569607
206,0.14052054792642593,0.0559996234329596
207,0.10430826276540756,0.05122962081166979
208,0.11371044099330901,0.0393260932489209
209,0.10585387110710144,0.04387505013138464
210,0.1317891064286232,0.06714079973019965
211,0.11595836579799652,0.07646763983042273
212,0.13429979771375655,0.08395287680299315
213,0.12982640624046327,0.07787091295196585
214,0.116370090842247,0.056568059866150766
215,0.15444861531257628,0.08041592284220539
216,0.13049389719963073,0.09338909785633218
217,0.1455429607629776,0.07424895133670062
218,0.14168567523360254,0.06390195482805984
219,0.11162300884723664,0.05957520870517378
220,0.10940880060195923,0.048756152314886655
221,0.1064666047692299,0.04873153271332179
222,0.11197086274623871,0.05809425276844469
223,0.14463432997465134,0.05701225021318214
224,0.11825767576694489,0.04983505780157978
225,0.11928235560655594,0.05321615066838591
226,0.10601467475295066,0.051787489795521516
227,0.11403447404503822,0.05837486755766281
228,0.1115632613003254,0.0692084046361381
229,0.1340591537952423,0.0893967578264132
230,0.11007408618927002,0.06349296806609794
231,0.10520133316516876,0.04841140576013147
232,0.11510993868112564,0.058727082834668355
233,0.10930982291698456,0.07369850473861171
234,0.11529962122440338,0.08120513023578957
235,0.11169661343097687,0.07815011784638444
236,0.1212462231516838,0.09475247868119854
237,0.09689137399196625,0.07137352697653314
238,0.10908391147851944,0.07791036734842274
239,0.10906579315662385,0.06965684604971376
240,0.10975565552711487,0.06920884314873448
241,0.11277511715888977,0.07779604808924949
242,0.12253821909427642,0.06868746907335438
243,0.10594429701566696,0.06193779949864296
244,0.09982420921325684,0.08333998061206242
245,0.08336806267499924,0.07430874168464582
246,0.0866522341966629,0.05852690216613143
247,0.09701317995786667,0.07295171467408743
248,0.12346252590417862,0.08847695538034178
249,0.09037025198340416,0.0874816037408293
250,0.10198578804731369,0.07732101325711159
251,0.10111831873655319,0.06812129281971553
252,0.09433684423565865,0.07211219458139106
253,0.10478576719760894,0.05530502626748934
254,0.08951629996299744,0.046478973216798204
255,0.08711583003401756,0.049900727525149305
256,0.10038743406534195,0.058382737820279106
257,0.11244588166475296,0.06348173401943624
258,0.08640232309699059,0.057420733754765495
259,0.10859473899006844,0.06635887303376851
260,0.08828835606575013,0.06032985275330609
261,0.09243931740522385,0.06566241975516489
262,0.10446011275053024,0.08895846221544972
263,0.09287202924489975,0.10813015199279132
264,0.08707784354686737,0.09781075483315611
265,0.08906619518995285,0.06795232630755803
266,0.09031176313757897,0.058838553216359384
267,0.1006406882405281,0.08503541942328623
268,0.10491125136613846,0.07216125665462181
269,0.07063472770154476,0.06690997120044002
270,0.09106142789125443,0.06535278454627076
271,0.08075137183070183,0.051197715307751746
272,0.09850098013877868,0.06536375782261156
273,0.08717997074127197,0.08619341591041382
274,0.07556845411658288,0.07333237902350621
275,0.08602329760789872,0.06045102532187553
276,0.08813846170902252,0.06406056656412883
277,0.08248065531253815,0.05564993211667832
278,0.07838495612144471,0.05268897922479943
279,0.09286854177713394,0.06310074541666737
280,0.0769404399394989,0.05152771004462895
281,0.08675782352685929,0.06034696153173708
282,0.0995220285654068,0.09035551517385326
283,0.06612875983119011,0.07215163509731423
284,0.09011151239275933,0.05933209957733546
285,0.08828702509403229,0.08258456359170888
286,0.08994447886943817,0.0891035940140894
287,0.07504177249968053,0.06246886167624225
288,0.09627316296100616,0.06386179109550502
289,0.08727959722280502,0.08174959580375724
290,0.09838398337364197,0.09675770712225404
291,0.08465913206338882,0.0601258564689388
292,0.07215042233467102,0.05791831016540527
293,0.08754335150122643,0.09675770783669328
294,0.0753047151863575,0.08068599705010245
295,0.1018711943924427,0.07112113937531432
296,0.08325267985463142,0.08731087031838013
297,0.08493048116564751,0.07908675513447147
298,0.07864543497562408,0.06875625191486046
299,0.07608851730823517,0.07470533435475336
300,0.07298431992530822,0.054773352427841863
301,0.08727397501468659,0.06714863768995624
302,0.07091409400105476,0.07847062978025986
303,0.08103330701589584,0.05999152821629015
304,0.09327127039432526,0.05280777847726051
305,0.09362324804067612,0.05615111843568005
306,0.0830921944975853,0.06298067481958702
307,0.08044669508934021,0.07821026179071976
308,0.06926530241966247,0.06733684547959942
309,0.06991607785224914,0.05398790691405127
310,0.07262326285243034,0.0673675558542552
311,0.07398649722337723,0.06872957148780562
312,0.08329443901777267,0.05563905651438726
313,0.05591179043054581,0.07039908197236387
314,0.07333805322647095,0.07419310826553058
315,0.06963160991668702,0.07519018435723161
316,0.08797080412507058,0.0642771063602134
317,0.08071742683649064,0.07010879418621324
318,0.07836184203624726,0.07655064853495114
319,0.06383726045489312,0.0598888195132556
320,0.05502706877887249,0.05171234303549545
321,0.07255998998880386,0.06204246770437449
322,0.07627157554030418,0.05675279430738867
323,0.06804833590984344,0.07076810912726676
324,0.07307578533887864,0.0625782583470214
325,0.06832621231675148,0.052837317120539
326,0.064029903113842,0.05347246299051259
327,0.07107054561376572,0.05950747124136311
328,0.07360071137547493,0.06572115849958707
329,0.05726309418678284,0.062215726261269554
330,0.06761556774377823,0.07346607142523544
331,0.056250800788402555,0.057556561921557337
332,0.06337107360363006,0.04981473848631937
333,0.07430760011076927,0.060520686107139066
334,0.0584735456109047,0.06895530887254298
335,0.06517656698822975,0.061800508364422684
336,0.08303546622395515,0.06153841980107843
337,0.058307546675205234,0.06423835425752483
338,0.06352363720536232,0.06657255639972752
339,0.07079092681407928,0.06051943747148122
340,0.06151365838944912,0.07242392340343293
341,0.0723266826570034,0.05886940494792102
342,0.05445245087146759,0.057026622944498714
343,0.06780538942664861,0.06872940236983234
344,0.06827373683452606,0.0745105922018012
345,0.0694929215312004,0.07186868051960044
346,0.07222164258360862,0.1324091135230783
347,0.07254518955945968,0.09755031938013965
348,0.06986286997795105,0.081274053821825
349,0.05277912646532059,0.07289318577067493
350,0.06253577724099159,0.07261872985591628
351,0.06131488129496574,0.0619452859032644
352,0.06494235500693321,0.06520842924101712
353,0.07406566232442856,0.06808424251128549
354,0.06221081793308258,0.06672159572170205
355,0.07029753908514977,0.08843235253062967
356,0.06111053481698036,0.08244918623607453
357,0.07822763890028,0.08592908380374517
358,0.06896186739206314,0.07688682618206494
359,0.049172466546297075,0.08802849105367921
360,0.07925841316580773,0.09561130271790778
361,0.06137555912137031,0.088217277539103
362,0.06520286500453949,0.08279365729795743
363,0.058887570798397064,0.06884237695230197
364,0.06464493691921235,0.07703969933807034
365,0.056339263916015625,0.06115726146795978
366,0.05828945934772491,0.085912543106569
367,0.05133470267057419,0.08977626600902375
368,0.05877872958779335,0.07416628229699723
369,0.0505005569756031,0.08197134253505158
370,0.05751636624336243,0.06165720308071947
371,0.06544716507196427,0.06889002647710173
372,0.0633341334760189,0.08966282663280017
373,0.05183886334300041,0.07092608618613792
374,0.06191726841032505,0.06642611886132253
375,0.05144174575805664,0.0678472317857285
376,0.06068591669201851,0.056780555681006546
377,0.050544945113360884,0.07634333179217495
378,0.05219939578324556,0.07697853833845217
379,0.04867888957262039,0.07065164604007382
380,0.058060323745012285,0.08194742586514721
381,0.05775671929121017,0.060099254017823366
382,0.05230777472257614,0.06991901371168764
383,0.0536970254778862,0.07343608151151709
384,0.07143005430698394,0.0831273252221003
385,0.04363628581166267,0.0637340539530532
386,0.05670180343091488,0.06142806598584946
387,0.059527768194675444,0.07520013751640711
388,0.05961917653679848,0.07537079735161507
389,0.048045786023139955,0.07051238305356404
390,0.0535271680355072,0.079618329360877
391,0.07029432639479637,0.0723509623171532
392,0.04987439766526222,0.06227807271970461
393,0.04086005389690399,0.06865579522635838
394,0.052433075457811354,0.08259791931877397
395,0.048534133434295655,0.07552845327004995
396,0.041481297463178635,0.05672483697329482
397,0.06047262594103813,0.07339434407345236
398,0.06070944495499134,0.10009411120251434
399,0.05848417192697525,0.0997083399393787
400,0.05111740171909332,0.07584396729322329
401,0.060319657772779464,0.09019902940482309
402,0.06312893092632293,0.08475801113941898
403,0.057850955501198766,0.07642293578549607
404,0.06508432939648628,0.06548896983061751
405,0.05113172829151154,0.062159986630694504
406,0.0511876729875803,0.0727507156664378
407,0.061613204106688496,0.08382172902969465
408,0.048511780053377154,0.06958029664134326
409,0.045881328880786894,0.06089468524880605
410,0.047931497246026994,0.06772052721209722
411,0.048152310103178025,0.06795504158490324
412,0.03976320780813694,0.08597397794053979
413,0.04358188912272453,0.07565931628828179
414,0.05309369847178459,0.06453460516178444
415,0.039667631164193154,0.06862396420273062
416,0.05591587096452713,0.0927717072302348
417,0.0559906779229641,0.08995315555023821
418,0.052348513603210446,0.08036385272463707
419,0.05487876698374748,0.06372653621516816
420,0.049464293122291565,0.07761294272256224
421,0.0482646319270134,0.08023148897576006
422,0.04326864793896675,0.05089090999266873
423,0.04592354595661163,0.060821919510625815
424,0.0400859035551548,0.10408598358092243
425,0.04330984342843294,0.07233228605903991
426,0.04497117638587952,0.06473561151795192
427,0.05260406643152237,0.07819227414996657
428,0.04769957073032856,0.08058012256475344
429,0.04392027296125889,0.06268878066784715
430,0.050430701225996015,0.07059988777523171
431,0.04270331531763077,0.08303334941602733
432,0.05752305492758751,0.09874759757355468
433,0.047842552959918974,0.0712129583913986
434,0.045967736095190045,0.09536038012537237
435,0.03363152138888836,0.07887579102630485
436,0.041625377386808396,0.08594053646881286
437,0.042569325268268586,0.0789490012477522
438,0.038749532103538514,0.09116305563956091
439,0.06479669727385044,0.06154963476200626
440,0.05860117793083191,0.07817886616677454
441,0.044354647547006604,0.078600443695506
442,0.04450786329805851,0.06873521872170985
443,0.05529066175222397,0.08830499669460401
444,0.04476426161825657,0.10438118497394536
445,0.03704813234508038,0.09039698622814596
446,0.04191903933882713,0.07268525098692881
447,0.03518848821520806,0.06771525546704253
448,0.050927264522761105,0.06879102938795743
449,0.04376170054078102,0.07318538478384279
450,0.046594021767377855,0.06831425550865801
451,0.050613567903637885,0.07799300500383116
452,0.045844596177339554,0.07398549671450706
453,0.047430971264839174,0.08030711032756388
454,0.04453194573521614,0.06563580413795497
455,0.049806970655918124,0.055825908298361794
456,0.046750599592924116,0.07869309957509171
457,0.04607111051678658,0.0652688627883996
458,0.04120108306407928,0.045030706039030255
459,0.044316395446658136,0.06534291834455647
460,0.03804290302097797,0.0588561840457459
461,0.03617147967219353,0.052863197375650275
462,0.04660314172506332,0.06193933023573601
463,0.05046734012663365,0.0690895925237708
464,0.04228609777987003,0.06182487135472363
465,0.04304555803537369,0.09474641299002791
466,0.04538680154830217,0.07162296516846305
467,0.043555964231491086,0.08477643254685076
468,0.038322709351778034,0.07171115809923982
469,0.04404009323567152,0.07864582263035318
470,0.03917946346104145,0.0708962935086799
471,0.040255012065172194,0.060189383589241606
472,0.04321678385138512,0.07288576866665931
473,0.04364588476717472,0.07184776418829618
474,0.036106968075037,0.07763822652297477
475,0.04327666446566582,0.08788709842587171
476,0.04763142302632332,0.073568438830441
477,0.04459092739969492,0.06124597593937835
478,0.031793667674064635,0.05293443574480815
479,0.04029567390680313,0.05320804566144943
480,0.04166507713496685,0.06477376828863196
481,0.03896058060228825,0.07172520591379845
482,0.047090814113616944,0.0793977325195319
483,0.038464531451463696,0.0835144106962093
484,0.042461526989936826,0.07382636425429828
485,0.04716539710760117,0.050812014569974924
486,0.03709519401192665,0.07673088512192033
487,0.03575798586010933,0.08294556539965002
488,0.03869171991944313,0.06470569355847085
489,0.039016215242445466,0.056700777109355144
490,0.046224935799837115,0.052480682118298254
491,0.04038932621479034,0.0565188248475937
492,0.04452262744307518,0.05293906122854311
493,0.043370333164930344,0.06560691160290208
494,0.047307586669921874,0.10432132976512386
495,0.035969754308462144,0.06036260377054345
496,0.041263081654906275,0.060505232684416314
497,0.03806484244763851,0.08078916386178095
498,0.03776153475046158,0.06862545564566573
499,0.04128350205719471,0.058551234027294265
500,0.037699938118457794,0.054233495095004774
501,0.03572345890104771,0.05906637451828343
502,0.03825950980186463,0.07479877229014488
503,0.04255267590284348,0.09799654230679551
504,0.04204202204942703,0.0686531898195613
505,0.041325049847364424,0.05879397700502448
506,0.037996792681515214,0.07993987314913371
507,0.043095124065876005,0.07300163356408682
508,0.04345998331904411,0.06592859297174297
509,0.03811389487236738,0.08538486298224697
510,0.04104144811630249,0.07555582047733542
511,0.03682652130722999,0.04149161095488561
512,0.03600949309766292,0.061276318990204436
513,0.042409011274576185,0.0817766256936609
514,0.04901638753712177,0.06774190966397116
515,0.044826763719320296,0.06826790656945476
516,0.03736652970314026,0.07596704307688426
517,0.046953959316015245,0.055190621173545104
518,0.041286810860037805,0.05489367991685867
519,0.04409982368350029,0.04948641441456259
520,0.03488515667617321,0.059700178875498576
521,0.03458826273679733,0.06592269884805156
522,0.03614998735487461,0.06304592588176466
523,0.03636094227433204,0.05058304046931332
524,0.034821544289588925,0.06912372266388919
525,0.03191233769059181,0.0679569030052995
526,0.02818411961197853,0.061928539192431596
527,0.03723663941025734,0.07735702844515238
528,0.046592246592044834,0.05060893215545236
529,0.034618295207619665,0.050611744800659074
530,0.03439770594239235,0.04694065839460451
531,0.036955013722181324,0.040100419664219636
532,0.037651267126202585,0.06333644626891777
533,0.03389846384525299,0.06047434084219475
534,0.03746004574000836,0.04510530472210009
535,0.03709535539150238,0.06092555871973299
536,0.03265998974442482,0.05449068592223402
537,0.042943080216646196,0.05374263175954557
538,0.031529493480920795,0.057579382029298236
539,0.03140491858124733,0.04060891974870473
540,0.04044321253895759,0.04805867899566481
541,0.03603958025574684,0.03767095710316749
542,0.034750781431794164,0.05386809152487206
543,0.033495986675843595,0.03916280456397631
544,0.033095339760184285,0.03301467741393063
545,0.04541457235813141,0.04039275937088548
546,0.035280370339751246,0.05316163727069554
547,0.03562696307897568,0.051611439005969324
548,0.030491471588611603,0.03579343778833951
549,0.031331413090229035,0.04268806448129758
550,0.030745844691991805,0.06985518132170586
551,0.03201739154756069,0.03915298352502797
552,0.033185839205980304,0.038559991866350174
553,0.030754511058330537,0.05554289452425421
554,0.031015485897660254,0.05778731334291092
555,0.03489025425165892,0.05843409515713176
556,0.030803971141576767,0.06506827529774953
557,0.034770274460315706,0.038943159457755415
558,0.02572178151458502,0.056818104412865965
559,0.036351807899773124,0.045874657594177824
560,0.03350599728524685,0.055934451826631204
561,0.032962736636400224,0.06804769225928882
562,0.036358815431594846,0.05072451816642121
563,0.03068501554429531,0.05674402920963013
564,0.03512062922120094,0.05579038250119719
565,0.03008613094687462,0.03958209573406063
566,0.037054668217897414,0.033879660069942474
567,0.03867603287100792,0.034405547206940716
568,0.03313670381903648,0.033579578903848176
569,0.030369637832045555,0.037929453670162046
570,0.031561179384589196,0.043300332833234575
571,0.03016119822859764,0.04376163680667747
572,0.03125362105667591,0.04137564470914945
573,0.03362584054470062,0.0585761963300509
574,0.03273538239300251,0.03682534279276247
575,0.03616644181311131,0.035138840289556814
576,0.0290618831012398,0.036501307142515704
577,0.04146660774946213,0.04952488385447084
578,0.027290123142302038,0.041953829206424216
579,0.036212165057659146,0.039114490916875945
580,0.032825092747807504,0.040796492401867696
581,0.034077758193016054,0.04825465871046667
582,0.03328549027442932,0.04913207181818681
583,0.039190610833466054,0.023868474088711282
584,0.032831026911735534,0.031862943241857504
585,0.030081907361745833,0.036113864040538055
586,0.03230583444237709,0.04122955612327955
587,0.03101265512406826,0.042505456109161247
588,0.03978319332003594,0.03846177918045488
589,0.03066509112715721,0.03494171175646455
590,0.03844056375324726,0.040941332147954264
591,0.03332149364054203,0.025865574099429665
592,0.031058236733078958,0.029525354759742137
593,0.034027856215834616,0.02407022448231096
594,0.0345568785071373,0.051186048208850705
595,0.03028931260108948,0.037406285127548324
596,0.031087335981428623,0.051017313583256445
597,0.030703925043344498,0.036553764588212315
598,0.037260868102312085,0.02655636284449329
599,0.026550619602203368,0.038030020739525966
600,0.025323108285665513,0.026676871852107244
601,0.031632343232631685,0.02332095378269888
602,0.029173375479876994,0.02652579668450029
603,0.030470717921853064,0.03573119770480345
604,0.028196601755917074,0.03386903778739171
605,0.029008188992738725,0.032273111584251876
606,0.029534886926412582,0.025820322334766388
607,0.02809342883527279,0.036044432743363185
608,0.025521515533328057,0.03632095532670413
609,0.032174192070961,0.024143952263952936
610,0.033257798105478284,0.028869635795485484
611,0.02865586318075657,0.03934978622279755
612,0.02750991776585579,0.02076936870405119
613,0.033455930501222614,0.033417620734400945
614,0.03283486649394035,0.03199386759980084
615,0.03108031541109085,0.03777951134802544
616,0.030402368307113646,0.029037810045562377
617,0.031021414250135423,0.026062807604058148
618,0.03284800309687853,0.029452075645939945
619,0.03249715358018875,0.0375228273133709
620,0.035876874178647995,0.03113426390576036
621,0.03452541992068291,0.046695513574227895
622,0.031093157418072222,0.018809328697723886
623,0.03010312058031559,0.035731939114119905
624,0.0314302122592926,0.036422547718433486
625,0.03433199904859066,0.03433330780635142
626,0.03053071454167366,0.022960116704032845
627,0.030530777126550675,0.032514347733087735
628,0.030281563624739646,0.03318093599726076
629,0.030395050644874574,0.034164655800551585
630,0.03377607651054859,0.029100925980569566
631,0.03511445507407188,0.03453720371200614
632,0.030744871348142622,0.031116865575313568
633,0.037464861422777176,0.032365374522258156
634,0.029415542110800743,0.02182129301028709
635,0.032138123512268066,0.03003168345926559
636,0.03678379386663437,0.02596446402268867
637,0.034127419292926786,0.031547679170353775
638,0.030209345668554308,0.03151203043860932
639,0.031692367196083066,0.026987640008534472
640,0.02650303900241852,0.031676336510540685
641,0.029012582153081893,0.023530771675175182
642,0.03885964393615723,0.020149751145341625
643,0.03329573586583137,0.03498292183631087
644,0.03599625416100025,0.023750136619153088
645,0.03092903159558773,0.019750159744122257
646,0.027330212593078614,0.027951281568775438
647,0.029889485388994216,0.029417554095183332
648,0.027364321276545523,0.022750066924993307
649,0.03503481090068817,0.03830751797107801
650,0.027022095993161202,0.016170197817152492
651,0.03354984380304813,0.033454642618355686
652,0.02870090425014496,0.03006498714628285
653,0.03241720989346504,0.022192311613527062
654,0.03463366806507111,0.03692525324143776
655,0.02409599907696247,0.018627230129013322
656,0.028656026497483254,0.021496200449254415
657,0.02434373252093792,0.027337435581912733
658,0.031222092062234877,0.024261853976608957
659,0.03060059040784836,0.03402218222618103
660,0.031362476497888564,0.03470548870016451
661,0.027211453542113306,0.03750833083097249
662,0.02717713117599487,0.025833331150551364
663,0.031830053254961965,0.04008248989304451
664,0.031184741854667665,0.030362946836099233
665,0.02618272729218006,0.026081995043444307
666,0.023218607008457185,0.023365157465003943
667,0.02695333130657673,0.018985908019216093
668,0.025174404308199883,0.01974876980258994
669,0.030191405341029168,0.01915242242282384
670,0.028856480047106742,0.03992012367673116
671,0.029404670372605322,0.031398130095984834
672,0.02518656022846699,0.03201631563779426
673,0.03198341818526387,0.03060103187414065
674,0.026162571012973784,0.02988520402410259
675,0.03005976542830467,0.0306335425336067
676,0.022174646034836768,0.02837286568055414
677,0.028157721310853957,0.018030802272770503
678,0.028049823977053166,0.02783620786176969
679,0.030724930018186568,0.02333830251065019
680,0.032742331326007845,0.017726601828655153
681,0.032499819546937946,0.03514557668607529
682,0.030916031152009964,0.021113355886446288
683,0.026562249660491942,0.03194419141501596
684,0.031044776365160943,0.027021240085771638
685,0.029920475110411644,0.020785326878093695
686,0.030387898460030555,0.03760471511377047
687,0.030800185427069665,0.03335116043278616
688,0.03379554502665996,0.029109669415509864
689,0.030066560581326486,0.023646304766609245
690,0.0323390806466341,0.046198638232603464
691,0.028144825398921967,0.018549312722601304
692,0.034391454458236694,0.029622255173856266
693,0.032225654795765876,0.03637848590334801
694,0.02856155961751938,0.027976030662451704
695,0.026120676174759865,0.02076686168574307
696,0.03137005239725113,0.011425934043036748
697,0.0267016763985157,0.020648338461983693
698,0.02550513483583927,0.025107560908957702
699,0.02914366714656353,0.030292741392981517
700,0.030106250792741776,0.01826365251247197
701,0.027563419789075852,0.016202085306995535
702,0.026887879371643067,0.01455912448159636
703,0.03200031422078609,0.01637012371155497
704,0.026985080391168596,0.02286055337076318
705,0.0258280748128891,0.01957468178174267
706,0.025032397657632828,0.022440875612505493
707,0.03247751232236624,0.016484340703854822
708,0.030265819653868674,0.020301417792088366
709,0.02814431220293045,0.013828348623563165
710,0.028305765762925147,0.013996144629096331
711,0.0270170558989048,0.016090282226262027
712,0.022434332594275474,0.02007414773106575
713,0.027292953804135323,0.024227124217846622
714,0.022108823284506796,0.025184502544468395
715,0.02818076692521572,0.011353942884566032
716,0.029195518493652345,0.019576791980086942
717,0.01947522848844528,0.017545544682708504
718,0.030379440188407898,0.027118950725009996
719,0.023594844713807107,0.014862767203825794
720,0.023977384492754935,0.01877961537405236
721,0.028376939445734023,0.022910818202446583
722,0.02366695201024413,0.02110907858977579
723,0.027782125920057296,0.018980190974392304
724,0.02984874300658703,0.01124526830772831
725,0.02465454064309597,0.02227460651671233
726,0.023091638460755348,0.01019745825292313
727,0.02550139755010605,0.01620207379942071
728,0.03487479589879513,0.013808602849914604
729,0.02592025965452194,0.019103686899355012
730,0.02806583821773529,0.019727749367282815
731,0.02552948735654354,0.011880845341780414
732,0.02930274687707424,0.01453252583231828
733,0.02994975484907627,0.01467017908516812
734,0.02675991304218769,0.011400874270355865
735,0.022256561294198035,0.011924641742689968
736,0.02671649020165205,0.02059480364192022
737,0.027681438960134985,0.010832617748273562
738,0.02448060791939497,0.018200804415630968
739,0.03079557992517948,0.028787410473578596
740,0.029265318885445594,0.01891694406736387
741,0.019969375133514405,0.026824300266700248
742,0.029434975497424604,0.029634620637109834
743,0.023571984320878984,0.018013180731094047
744,0.021249480433762073,0.015859720743682287
745,0.02689978528767824,0.01227627939557376
746,0.02444195382297039,0.01037234103638832
747,0.03020892947912216,0.010105728898962883
748,0.029048424512147904,0.013252554410328604
749,0.03179205298423767,0.013639507151833952
750,0.02513612687587738,0.014940716581393594
751,0.025487642139196395,0.01044324988320674
752,0.021872657760977746,0.01237723630636114
753,0.02485827960073948,0.01859757457285711
754,0.025457560457289218,0.019913697181499167
755,0.032183142527937886,0.0185556803664116
756,0.023497483879327773,0.013301559481514643
757,0.023250462971627712,0.011661989716430232
758,0.018884573951363563,0.018382660891503505
759,0.02338717393577099,0.012180482585952706
760,0.02654463242739439,0.011494812925588595
761,0.028624672889709473,0.014017054351837668
762,0.02758689656853676,0.00996334161864568
763,0.02342019647359848,0.01571384628545748
764,0.028510680198669435,0.01307601892478662
765,0.022507735639810563,0.011072401773847947
766,0.02554566867649555,0.020398116121961647
767,0.03093246728181839,0.012954869167241331
768,0.028734898790717125,0.019612728834968722
769,0.027086186632514,0.012519348259658029
770,0.030753935389220714,0.018772729812827828
771,0.02675797075033188,0.020436495644588992
772,0.02775864489376545,0.009686744963265445
773,0.027712745293974876,0.03034733531817998
774,0.03166728310286999,0.025467095922117364
775,0.028498555421829223,0.00914425428395402
776,0.02950133226811886,0.017802143392905798
777,0.022997612804174422,0.009806342754666119
778,0.02134730502963066,0.009083452545208474
779,0.026558238342404367,0.01610383899142481
780,0.030707426890730857,0.010721622022149498
781,0.023870563060045244,0.015928705924586076
782,0.02618955459445715,0.01526126745220733
783,0.024597135595977305,0.011868628430856417
784,0.020175762996077536,0.01401317614602716
785,0.02167138807475567,0.012850353851506156
786,0.03144471988081932,0.01717892687206399
787,0.02013088785111904,0.014522480842185347
788,0.027704809829592704,0.011779504738850137
789,0.021774204075336458,0.011663796507740675
790,0.024470279961824416,0.021202186250115093
791,0.022313031256198882,0.007230760134144189
792,0.02281735047698021,0.012698914728140177
793,0.02376803908497095,0.016411952164075146
794,0.023104443140327932,0.008206694246563192
795,0.021138184405863285,0.01528844691506804
796,0.028610900044441223,0.009821288644859236
797,0.026308550462126733,0.020094007508803722
798,0.024267384484410286,0.015808383360096854
799,0.02639497473835945,0.02545879276035583
800,0.024187847450375558,0.013477864279730679
801,0.027388848289847376,0.009146779086695958
802,0.026240592636168004,0.017674560084530753
803,0.023444575518369676,0.007163464053444667
804,0.023335427567362784,0.007145465606798048
805,0.021712664477527142,0.013340012463804793
806,0.027408385723829268,0.014992151562481711
807,0.021407994851469995,0.01325212355243833
808,0.025168709605932236,0.015878820077401316
809,0.025384522434324028,0.008811191336749352
810,0.025342212542891502,0.015614101790810285
811,0.024042154140770437,0.011088894909783585
812,0.02474337622523308,0.010325190904614043
813,0.028049966283142568,0.021918508900354985
814,0.027080443874001502,0.023258350279233227
815,0.027392749115824698,0.017074079291053014
816,0.029106333777308466,0.015729801856899914
817,0.025869929566979408,0.009179066675268624
818,0.023463341966271402,0.008055735392215317
819,0.025660930126905443,0.009082156450372853
820,0.030116942636668684,0.011329885112912687
821,0.020296650007367134,0.011014869972451092
822,0.027213537096977235,0.008740311654361144
823,0.023459849692881108,0.00907891760388874
824,0.028715768828988075,0.009186236672613719
825,0.028376884236931802,0.01136451972367829
826,0.020769427977502346,0.00906496576658667
827,0.024868281856179238,0.011934749960695228
828,0.024556220956146717,0.008953508908209735
829,0.026405846625566484,0.011447054448805442
830,0.02279579535126686,0.013965950385756688
831,0.020809414964169264,0.01125443012338795
832,0.021527353525161743,0.015792038266177047
833,0.02616850145161152,0.01281553019501575
834,0.03194581978023052,0.008061794168634773
835,0.02301852062344551,0.008710106822011406
836,0.023843831457197665,0.017825036654121256
837,0.026529168114066123,0.006324247903611562
838,0.023557663820683958,0.012654442569776757
839,0.02383830741047859,0.010422268958940897
840,0.018012418895959854,0.005169035841340888
841,0.02424629181623459,0.008871998280695039
842,0.02507147327065468,0.008626818299701768
843,0.022124684453010558,0.005806630585750897
844,0.020853762552142142,0.005482610959355554
845,0.026753187961876392,0.0060534975555253355
846,0.032901013493537905,0.012395041395131855
847,0.0251056794822216,0.01091070424714317
848,0.02596499539911747,0.00549877218085609
849,0.017663556933403015,0.010614778680650338
850,0.0279271836578846,0.007722973925610111
851,0.024540034718811513,0.017103391355031156
852,0.024663036689162254,0.008735431664406436
853,0.029031769186258317,0.011924979519354154
854,0.02055538520216942,0.009879795872695642
855,0.025769316405057908,0.0068006632109619165
856,0.026025266833603383,0.012397842226575499
857,0.02538047857582569,0.012098579527172323
858,0.022722031697630884,0.010297624419813287
859,0.019920840114355087,0.010829037157435939
860,0.023791075572371482,0.004672211888310028
861,0.023380858078598975,0.008441659494315924
862,0.02550401762127876,0.008631022174982992
863,0.026458414644002913,0.007245929005925786
864,0.019772461652755736,0.005707123897306315
865,0.02653611496090889,0.00820775279035307
866,0.022495958134531976,0.006168913632018926
867,0.022422329485416413,0.009870283267371459
868,0.023108542263507843,0.006386945279289598
869,0.021068588346242905,0.007600866398480657
870,0.02047468975186348,0.007358362783409961
871,0.02286119617521763,0.009610885983868821
872,0.02266663856804371,0.008946015282648883
873,0.025279365107417108,0.0038418408980822726
874,0.020740273129194974,0.00832781645992439
875,0.029175083413720132,0.005025741727129646
876,0.022884441912174223,0.0049620614776209205
877,0.023524422869086264,0.021812651510516257
878,0.025684226788580417,0.006955020206227695
879,0.026940766498446466,0.009345683218171336
880,0.023574922531843186,0.00666792815780803
881,0.025172434896230698,0.006220057498255413
882,0.025038806609809398,0.005958586599524707
883,0.024317418113350867,0.006194781256865149
884,0.028210331238806247,0.009705023202177596
885,0.02161445386707783,0.006517596428014644
886,0.023732764683663844,0.009746189905356055
887,0.02633441664278507,0.009689008612951187
888,0.026046945750713348,0.0061540449459156765
889,0.022838894352316855,0.008172601397621305
890,0.02465581364929676,0.005702704373007156
891,0.023166442587971688,0.007537949498589725
892,0.027189419567584992,0.014794299812757806
893,0.020321617648005486,0.008545162908937016
894,0.028942525461316107,0.010107936184496095
895,0.03421491712331772,0.007259470078941077
896,0.022817718982696533,0.002794969319812443
897,0.02451029382646084,0.004237498933360083
898,0.020196270048618317,0.005321297947674581
899,0.027710666656494142,0.013281404972076416
900,0.020442600287497045,0.0043541617493770305
901,0.018239129446446897,0.005332526744483677
902,0.023040895760059358,0.004805433704224351
903,0.025618215054273606,0.005447538729042631
904,0.019169963002204894,0.0026052949379185494
905,0.02097969152033329,0.003620704058685327
906,0.02870032161474228,0.004215244758772115
907,0.027894130647182463,0.006941609454583632
908,0.020913394168019295,0.005382848973704936
909,0.022595428489148618,0.0056168567516828236
910,0.025155610889196395,0.004326725608273728
911,0.01908842884004116,0.005925514020842232
912,0.02552139513194561,0.0030089184061356197
913,0.02577348753809929,0.005272694933547141
914,0.021001114621758462,0.004923356492837814
915,0.020697660334408282,0.008272919433880341
916,0.025239893794059755,0.007563097593821075
917,0.024020793065428734,0.006166858802715393
918,0.023169554024934768,0.0039988884332347405
919,0.02017607383430004,0.009406065721422026
920,0.019593401774764062,0.006552256784108403
921,0.021907090917229654,0.01022425742998515
922,0.021179940067231656,0.007748584428878679
923,0.022039322648197412,0.00892423652112484
924,0.023354884311556814,0.003080433942632724
925,0.022131109535694124,0.007747388444840908
926,0.02088040716946125,0.006403049530640041
927,0.023233675360679627,0.005115327725110397
928,0.019897579699754715,0.00390033430279526
929,0.024033086597919463,0.005534404914264809
930,0.027304176092147827,0.006459849095609906
931,0.02728953704237938,0.00786771741376756
932,0.024200023151934147,0.008133549562157833
933,0.02657255843281746,0.011586773145484598
934,0.02330824188888073,0.013002076530701493
935,0.02664479546248913,0.008458660328633164
936,0.02259297925978899,0.010362063853503906
937,0.02382277637720108,0.006752868106410111
938,0.025837916284799575,0.009194767204661891
939,0.02054793629795313,0.005997539727553113
940,0.02258570246398449,0.013309387745310182
941,0.022313926443457602,0.008786928278636443
942,0.025370192229747773,0.008439518932304154
943,0.027337411791086196,0.005420804119426502
944,0.026606115400791167,0.010572507594750351
945,0.02496115066111088,0.008097943492642003
946,0.024866239428520204,0.007266610452573593
947,0.02448722008615732,0.01559396488719607
948,0.027638894245028495,0.005388473658120795
949,0.026288316026329993,0.01160199935101483
950,0.028435519263148308,0.005467974478761627
951,0.024418162927031518,0.008998182359827708
952,0.02019908167421818,0.005914381424551958
953,0.020643887296319007,0.003210118786776311
954,0.022756694853305816,0.002718772334110451
955,0.02862237364053726,0.0055459329718086
956,0.02344234596937895,0.008192814031794463
957,0.02090424459427595,0.010293723135063909
958,0.021759803090244532,0.009551888293497367
959,0.028460477143526078,0.003407522008996712
960,0.021595897898077965,0.003913888165548648
961,0.02277179913595319,0.006198421095127929
962,0.02620923152193427,0.008457375805161586
963,0.018888328038156033,0.007164336740970612
964,0.02094494715332985,0.015743929663137216
965,0.019552992694079875,0.0067284790518349165
966,0.025829656645655633,0.005036074272675874
967,0.02177009679377079,0.008395879121165569
968,0.021771750524640084,0.0040125730383681925
969,0.02232485994696617,0.007312590511490221
970,0.020615136846899987,0.0078265934238491
971,0.023782595172524453,0.012433967004491859
972,0.022825062721967698,0.013068664334204099
973,0.01942456442862749,0.006264454104669698
974,0.026295716129243373,0.009174122781275886
975,0.025018175393342973,0.008862339330148208
976,0.022325136214494706,0.011507406371505293
977,0.01876869045197964,0.007679814562099437
978,0.0225907950848341,0.010502325115750914
979,0.021851104274392127,0.004867817721750638
980,0.025484180897474288,0.007651116265213653
981,0.024706048369407655,0.0036692035652390897
982,0.02051886796951294,0.009049522524623021
983,0.01990800380706787,0.004916823379797478
984,0.024811680167913436,0.005217670833003031
985,0.024642663449048995,0.00827506243264022
986,0.02311494290828705,0.004389458571956174
987,0.024662842229008674,0.005087801350969566
988,0.020477792248129845,0.010851128741282306
989,0.026846840642392636,0.005777531405528114
990,0.023401212021708487,0.005306646534024853
991,0.018115166425704956,0.009021628954230922
992,0.02755741499364376,0.0037302442520142417
993,0.02185387123376131,0.002531541760194383
994,0.01894600674510002,0.0036652527736780577
995,0.02080797016620636,0.0025377952149265434
996,0.019253914169967176,0.003819427574180985
997,0.02500395756214857,0.004062715541469316
998,0.02346643425524235,0.008855325858784865
999,0.020934168547391892,0.00743511120138103
1000,0.02207254260778427,0.00841300988136089
1001,0.020247332975268362,0.006295360395149009
1002,0.024081269800662993,0.006138589003518836
1003,0.019986344799399376,0.005360832004106208
1004,0.02235002864152193,0.005157361342890622
1005,0.02045542575418949,0.010168697787066028
1006,0.02592780452221632,0.005294632294202504
1007,0.020679978765547277,0.013615203689630718
1008,0.02397497721016407,0.00631977390651017
1009,0.022151041701436044,0.009036588801504814
1010,0.02390468344092369,0.012963212745851034
1011,0.024059746339917185,0.009283067173745534
1012,0.018582153767347336,0.006480196541915201
1013,0.024834308549761774,0.00849865408843919
1014,0.018497611470520495,0.004413011726247121
1015,0.030672455243766307,0.013273445940385126
1016,0.023031388372182847,0.007683008909225464
1017,0.022397669702768325,0.004196494753944547
1018,0.017949622720479966,0.006717959291314426
1019,0.022741823941469192,0.0037539833901475556
1020,0.02870605356991291,0.002656358211262994
1021,0.022787546366453172,0.006336682118883688
1022,0.015916413217782973,0.005236579283867797
1023,0.023070831820368766,0.004874227849179751
1024,0.021741259619593622,0.007281019888205888
1025,0.023304698318243028,0.009293884357871257
1026,0.025890502259135247,0.004465638800230745
1027,0.023628432285040617,0.012722929123125663
1028,0.02431633695960045,0.0028328436764901224
1029,0.021524086222052576,0.005308819762494875
1030,0.01962521091103554,0.0026802126643541333
1031,0.022222044244408608,0.0055516661744411675
1032,0.028301887214183807,0.003980179502284282
1033,0.019393739253282548,0.006396858008859092
1034,0.022842358946800232,0.003610695527279622
1035,0.020058350898325444,0.0071807606145739555
1036,0.023175905793905258,0.003078413801905635
1037,0.020055387131869794,0.007471256111174413
1038,0.020621348246932028,0.006520255379480858
1039,0.02150475576519966,0.007577206556723543
1040,0.026572952717542647,0.004167648246001503
1041,0.02085407592356205,0.007493271364843192
1042,0.02065891496837139,0.003051744370517155
1043,0.022276557609438898,0.004705350488832552
1044,0.019448676630854606,0.005192038686052986
1045,0.020327751412987708,0.004700744027042226
1046,0.019381158500909806,0.004852787208781667
1047,0.020803677551448345,0.005788754410276266
1048,0.02266049012541771,0.003273349821452715
1049,0.025786870792508125,0.006479687312592382
1050,0.02613179385662079,0.0059166855293594
1051,0.021148133017122747,0.0029560086916979047
1052,0.021395501494407655,0.005640328389732805
1053,0.020560776591300966,0.005028756896722807
1054,0.027066830620169638,0.006470765459210905
1055,0.025343321487307547,0.008686331917263874
1056,0.02181267097592354,0.004539533706432949
1057,0.025990350022912025,0.006250039151270096
1058,0.01985466681420803,0.006257926777311384
1059,0.022999988012015818,0.004846134503716475
1060,0.02837489552795887,0.008084114628193313
1061,0.020338059440255164,0.009304086932886953
1062,0.024675972014665603,0.007776278606934907
1063,0.022865862622857093,0.011926326415922544
1064,0.0290206478536129,0.005389972277342865
1065,0.022224033772945403,0.006565212399686036
1066,0.020932253003120422,0.00533674700721486
1067,0.02099574722349644,0.005928939093567737
1068,0.019166081100702285,0.00576738640666008
1069,0.018004685007035733,0.0063500017157360296
1070,0.021035288982093333,0.006201342794380776
1071,0.01783343605697155,0.010142355060128316
1072,0.023402375653386116,0.005369926834708615
1073,0.022383766546845436,0.005500565098011738
1074,0.018239042200148107,0.003925624541134561
1075,0.023649965934455393,0.008817866801807326
1076,0.021601801961660384,0.005507653030528597
1077,0.025192795023322105,0.004674491657531017
1078,0.02212401695549488,0.004633582037656683
1079,0.028042652085423468,0.005253633107887964
1080,0.01904107868671417,0.003181157553925702
1081,0.024444134160876273,0.007461388837801267
1082,0.026997189670801162,0.001396006011493402
1083,0.024845798909664155,0.004208392182951921
1084,0.024563325121998787,0.005394284843071683
1085,0.026087065041065217,0.004311589556044503
1086,0.02397643506526947,0.002004872742810682
1087,0.022674801517277954,0.009142807595533868
1088,0.025157168880105017,0.0030890705274443514
1089,0.024406579211354255,0.0024322871858738875
1090,0.027045953273773193,0.00281757116158276
1091,0.02242534302175045,0.005356551457375084
1092,0.025323360711336135,0.0052584063976186595
1093,0.022739179655909537,0.003646164258610304
1094,0.020442390367388725,0.0031819621815461
1095,0.02105703119188547,0.003543885475764536
1096,0.018482690826058388,0.0032803081390639284
1097,0.020677081868052484,0.003503133236647469
1098,0.023150176182389258,0.004888655949537068
1099,0.024393029510974884,0.006005389437283555
1100,0.022547008767724037,0.003820596116097414
1101,0.024045040756464006,0.003917666305213758
1102,0.019281594902276992,0.004589505748797769
1103,0.022125129476189612,0.005574374242800556
1104,0.02304238572716713,0.004849090055907017
1105,0.021622273176908492,0.010039992911154276
1106,0.019686582833528518,0.006888482196588223
1107,0.02286697443574667,0.003966483587322578
1108,0.02438279364258051,0.00566413220375368
1109,0.021113695679232478,0.003972477196677498
1110,0.024419774189591407,0.005850250871010022
1111,0.017664453238248824,0.005114340261645513
1112,0.020626932680606842,0.0035127695994324063
1113,0.019412044808268546,0.006775013298714814
1114,0.021815330758690833,0.00300186712371364
1115,0.025238662771880627,0.007582491761303111
1116,0.019555448815226556,0.007626984561857296
1117,0.022608303502202033,0.007682109825721342
1118,0.02309820435941219,0.008192938191127288
1119,0.019516005963087082,0.005328276003264401
1120,0.02075046718120575,0.007055614590134523
1121,0.021111686415970325,0.006687490307815271
1122,0.023029089719057084,0.006261170752448578
1123,0.02517472121864557,0.0063202609499431635
1124,0.020694895014166832,0.0030064243593648688
1125,0.022584959417581558,0.006219370520278199
1126,0.02123353660106659,0.006543201305074234
1127,0.023691328689455986,0.004968621863741173
1128,0.02522081829607487,0.008352799825880625
1129,0.023334898911416532,0.003314295190399232
1130,0.025479392111301423,0.003102419496041863
1131,0.026601818948984148,0.007214192849622198
1132,0.02172093704342842,0.007880485718687102
1133,0.02144952557981014,0.00424298845639784
1134,0.019719775691628458,0.004400458512189862
1135,0.021983549650758504,0.008165989811085675
1136,0.02176667086780071,0.006293238727503443
1137,0.021723343729972838,0.00828555241635401
1138,0.019350885674357415,0.0031690329045363486
1139,0.014673746228218078,0.0031442752088841103
1140,0.024338769316673278,0.003274713687547674
1141,0.02090956665575504,0.004155046178972068
1142,0.025412763357162475,0.013840986160586958
1143,0.024637517146766187,0.0037652176154190546
1144,0.02117256112396717,0.011960298639454255
1145,0.024195353612303735,0.0033738403517293604
1146,0.02105091907083988,0.003019061264875409
1147,0.022217982187867164,0.00604112365933722
1148,0.016781081706285478,0.003964958176629184
1149,0.020127141773700716,0.0067300324468580015
1150,0.022696163952350617,0.005125055172518917
1151,0.01838405728340149,0.005973488121127633
1152,0.022125602066516876,0.006963849539728197
1153,0.01940418042242527,0.004527703724954635
1154,0.022548265606164932,0.005488336188335941
1155,0.021367624700069428,0.006748156519989445
1156,0.020162659138441084,0.007096079662952521
1157,0.027009211890399457,0.007614592842961827
1158,0.020429804176092147,0.003872836455192468
1159,0.020083694085478783,0.004384667064024977
1160,0.025926532708108425,0.0037198160800521506
1161,0.0192225593701005,0.004564218095516505
1162,0.027178271785378457,0.00806655857252748
1163,0.02547231115400791,0.0029259509827992687
1164,0.0243564759939909,0.003828506380931972
1165,0.023408267349004745,0.011625569875109685
1166,0.025324099883437156,0.004641821780178236
1167,0.024875887371599674,0.008661885618244948
1168,0.02549346663057804,0.0025523064422025665
1169,0.021157420687377453,0.00805673111638386
1170,0.022493498027324678,0.004748515695435543
1171,0.02717202268540859,0.007213098303197998
1172,0.020640445351600648,0.007334965778744384
1173,0.018371416665613653,0.006056358387106902
1174,0.018518565855920315,0.0023370658315411985
1175,0.02096706546843052,0.011665699722832197
1176,0.021000767946243285,0.006465619213062606
1177,0.021659416407346727,0.003825365176602994
1178,0.020755502432584762,0.003588875245353947
1179,0.01899947114288807,0.00271380757785415
1180,0.0170510633289814,0.010531903678321675
1181,0.02345964752137661,0.0037040597478514665
1182,0.020187293216586112,0.0055847544835446634
1183,0.024305242002010344,0.012151931705948424
1184,0.02029239747673273,0.0037327079255491087
1185,0.02364452224224806,0.010077652993471655
1186,0.024568256512284278,0.0028197558800855727
1187,0.023101608231663705,0.004759421291416639
1188,0.021454391330480577,0.01022175778571057
1189,0.021131961829960345,0.010392784434434485
1190,0.02009648844599724,0.0054676675633208395
1191,0.01939929459244013,0.004703486287226416
1192,0.028183053210377694,0.005156280345296207
1193,0.01775593966245651,0.006541041733875667
1194,0.015308469906449318,0.00641037646221788
1195,0.020248188972473144,0.006183421379593137
1196,0.02098089374601841,0.0038983990017273655
1197,0.01863300420343876,0.0055164034248725196
1198,0.018755061142146586,0.007695996151497103
1199,0.02214089095592499,0.0063937877572766725
1200,0.024418114796280862,0.005684087346371723
1201,0.018025758154690267,0.005376582888707722
1202,0.01695815645158291,0.0047550445601139985
1203,0.024011539295315742,0.010056995212623519
1204,0.019657300487160682,0.0030019204770151066
1205,0.02315888836979866,0.008420747079669612
1206,0.01936335988342762,0.005309362385473023
1207,0.019514240100979807,0.0033297699314784514
1208,0.015181596465408802,0.005286633037030697
1209,0.01953230604529381,0.003976253492834225
1210,0.021085828058421612,0.00626715650297191
1211,0.022797672748565673,0.0027610943206164934
1212,0.02355011448264122,0.008937628914232124
1213,0.01928096644580364,0.004146269541744092
1214,0.024669553488492965,0.004181638966021064
1215,0.01960721641778946,0.004408356631557419
1216,0.016986537724733353,0.0053686957091909565
1217,0.02008713863790035,0.0030445934094692744
1218,0.019431952238082886,0.007047114523816599
1219,0.01894007660448551,0.0020157911986980128
1220,0.023857776522636414,0.0033610857678704883
1221,0.02491723868995905,0.0036149605700414476
1222,0.02684203539043665,0.0023047881494340015
1223,0.02108592726290226,0.004987561220481788
1224,0.023054821789264678,0.006851415264688126
1225,0.020162296742200853,0.00476395607964225
1226,0.015599058456718922,0.004448874942856292
1227,0.019658834785223008,0.002289107326124731
1228,0.02217627514153719,0.0032699389880752727
1229,0.022497951239347457,0.008813872078612242
1230,0.02148735724389553,0.003375818844476383
1231,0.02224832773208618,0.005387797913424773
1232,0.023202294632792473,0.002124135867271521
1233,0.019927497655153274,0.003246265074416791
1234,0.017875109761953355,0.0020460179219124455
1235,0.019905745759606363,0.0047379881781462125
1236,0.019853168055415153,0.003976789609312195
1237,0.02238638274371624,0.00551041303687308
1238,0.019644385278224943,0.0032912185606993223
1239,0.021292961239814757,0.0031831041074115527
1240,0.023430975005030632,0.0030013448622536985
1241,0.021981544308364392,0.0030745987984517665
1242,0.01971415974199772,0.006234223801285437
1243,0.019615072160959243,0.006632237146570258
1244,0.02360388308763504,0.002211155404961885
1245,0.019565072432160376,0.001840527545762797
1246,0.022031340673565866,0.004221496861172866
1247,0.023081392012536527,0.0041490452976463595
1248,0.022340802922844887,0.0028898681462933757
1249,0.019401147281751036,0.0043710383127303154
1250,0.023651601821184157,0.00437627609640564
1251,0.017635792754590512,0.0041594323064264365
1252,0.023115538526326418,0.003627125550163527
1253,0.018072353228926658,0.002597768484831673
1254,0.020246734023094178,0.003147240855718312
1255,0.019305492900311947,0.003992812586820697
1256,0.02270483911037445,0.0052567518966859334
1257,0.019534782841801643,0.0037750207359762223
1258,0.021228093132376672,0.004070070412724394
1259,0.018900818526744842,0.006416747716497885
1260,0.0183810880407691,0.0028293617229194264
1261,0.0182051957398653,0.011202098431754601
1262,0.021119151152670382,0.0026277706971111364
1263,0.021468735113739968,0.00704888199545341
1264,0.02164836071431637,0.0046324689477069735
1265,0.024465576037764548,0.002958300788185164
1266,0.02046901049092412,0.0033677578903734684
1267,0.019441359452903272,0.0019202153517367088
1268,0.022535768300294877,0.005576649629702307
1269,0.01530655201524496,0.005098901765599643
1270,0.018243553191423414,0.003522136344331993
1271,0.017544333674013615,0.009048691070447229
1272,0.01787808321416378,0.004775410785964907
1273,0.02135566372424364,0.010749335872800383
1274,0.02349347785115242,0.008030817027471653
1275,0.02303363583981991,0.0027601715075234842
1276,0.019604157377034425,0.0025181893788737385
1277,0.017638828940689563,0.003273311916304982
1278,0.015252151675522328,0.001589330101436744
1279,0.019103405177593232,0.0044656976330259895
1280,0.022451291382312773,0.003818726332934752
1281,0.02317408539354801,0.0028902780558046413
1282,0.017338014766573907,0.0029478057268496655
1283,0.01835407070815563,0.002993371465230641
1284,0.02109202615916729,0.004328613073807465
1285,0.01919250674545765,0.002739827113532244
1286,0.019925787150859832,0.00358936901854938
1287,0.019890396930277346,0.00395371087456811
1288,0.020194840803742408,0.0029081246681664495
1289,0.016711420342326165,0.0028323175717298297
1290,0.016682353392243384,0.0036153013703145395
1291,0.020334482789039612,0.0039110654799191106
1292,0.017441731020808218,0.002364531784535271
1293,0.020978029519319534,0.0019006605869261164
1294,0.018479357585310937,0.001908908547093607
1295,0.027250349707901477,0.003979190635456614
1296,0.019339551478624345,0.004757438161193508
1297,0.02179768145084381,0.005935255119143283
1298,0.020700277909636498,0.004063975238177466
1299,0.017774762250483037,0.004607262236563718
1300,0.017955611096695065,0.00469905773994245
1301,0.02077754817903042,0.004308984551119477
1302,0.02207001846283674,0.002796755169122799
1303,0.019250742569565774,0.0034382570796480326
1304,0.021024083122611045,0.003898716939944927
1305,0.02257777052000165,0.001448591966947464
1306,0.019856672286987304,0.0028346145959341363
1307,0.019411797672510146,0.005821898770965126
1308,0.025107207521796227,0.0041426966630228575
1309,0.01885479174554348,0.005471191120219149
1310,0.018815729916095734,0.0047823457009069726
1311,0.018000907562673092,0.0029109761227330525
1312,0.018475038260221482,0.005506198234498909
1313,0.021944747045636176,0.006262870569241374
1314,0.021645042560994626,0.006371362759948593
1315,0.014385773874819279,0.002749916453118602
1316,0.020240867510437965,0.0022587670421559515
1317,0.019916344955563544,0.001152435876588554
1318,0.022149924635887146,0.0049557845835408116
1319,0.02022817373275757,0.005185874957234076
1320,0.021419408544898034,0.005147657089241564
1321,0.022374018616974353,0.007477723955087466
1322,0.02365949735045433,0.0033983472122313227
1323,0.01735253121703863,0.003915965885612859
1324,0.018692398741841317,0.0039013134034937376
1325,0.02015777811408043,0.0038164104781534575
1326,0.018724145740270613,0.0029765588744887954
1327,0.018900028839707376,0.005063774606391584
1328,0.01970513630658388,0.003888981314758732
1329,0.01652501806616783,0.0033638683555979433
1330,0.019399459324777126,0.002649738167473179
1331,0.0209156746044755,0.004915051340852699
1332,0.018373300358653068,0.00515706538643739
1333,0.014856525249779224,0.0036064337919887207
1334,0.016927880719304084,0.0033870365036881133
1335,0.020977509673684835,0.004531299925013764
1336,0.021853224970400334,0.006557354729061257
1337,0.02386961992830038,0.0027139162587333622
1338,0.019285044372081755,0.012161516699276557
1339,0.0170601537078619,0.003885430634685167
1340,0.017355061657726763,0.004544674406108791
1341,0.019137095361948013,0.006954255245932161
1342,0.018267396204173565,0.00504185074353463
1343,0.0208086309581995,0.006754975051504292
1344,0.020724114626646042,0.007788755624771934
1345,0.026811450496315958,0.0033242250154789997
1346,0.020990542769432068,0.0039034551583638747
1347,0.024362616315484045,0.006749090929962185
1348,0.020098619908094407,0.006070010855232608
1349,0.017439512833952904,0.0058897451867591846
1350,0.019821276776492595,0.004425750739158016
1351,0.023612922132015227,0.006550217353521961
1352,0.023082843646407128,0.004573626705279497
1353,0.019997133314609526,0.0033473020406720572
1354,0.024361177273094656,0.0020402819173385017
1355,0.02337570905685425,0.005148177717697539
1356,0.020119156166911126,0.0030916862999892806
1357,0.021711705550551415,0.00452880608555797
1358,0.0189870760217309,0.004397825369841023
1359,0.021189730539917948,0.004898639217223206
1360,0.022850130088627338,0.006949746573012169
1361,0.01888078894466162,0.0032980042056831188
1362,0.022207302078604697,0.006223633170944371
1363,0.020803113654255866,0.003700561438725419
1364,0.018761500269174575,0.005148240951948786
1365,0.01711791954934597,0.003056090401664172
1366,0.017841922268271446,0.004123986851781198
1367,0.018113801330327986,0.004222759141344322
1368,0.018645956851541995,0.003323811635834305
1369,0.017573357000946997,0.007138340236389474
1370,0.017726277634501457,0.0033185562208192807
1371,0.02143786773085594,0.008302761917959338
1372,0.019479997605085373,0.0054662004368354195
1373,0.021810581386089326,0.0030879264391244273
1374,0.019211642742156983,0.003570853024465989
1375,0.021227632835507392,0.0025885411257511133
1376,0.01685995317995548,0.0021317852118805255
1377,0.018299077339470386,0.0029987033180675585
1378,0.023793625868856905,0.004784172573063063
1379,0.019503116980195044,0.003295409895020397
1380,0.021612551361322403,0.0011439990229930167
1381,0.021180849447846414,0.004918881111510404
1382,0.02425436370074749,0.00268167027029885
1383,0.01966372672468424,0.005178118111846382
1384,0.01782416731119156,0.002076234595135671
1385,0.019222236648201944,0.0017239896146810218
1386,0.018547013327479364,0.003329335756548872
1387,0.019093212895095347,0.002981811168616357
1388,0.018399425745010377,0.004126492709125558
1389,0.01961783193051815,0.0036141902450727275
1390,0.019292254522442816,0.0034431092351777095
1391,0.01969741266220808,0.002699725030066624
1392,0.017823792695999145,0.001457441136502495
1393,0.019451927095651626,0.0022247608731921814
1394,0.022168928124010563,0.0017758308413872265
1395,0.018521639704704284,0.0019244089186803935
1396,0.021297141425311566,0.0052172008978381545
1397,0.018485962152481078,0.005688737159314221
1398,0.01996405765414238,0.0033793556057427026
1399,0.01668268896639347,0.0029945594819951547
1400,0.019586578458547593,0.003091530542667598
1401,0.01952759474515915,0.004159873587474839
1402,0.017961308248341083,0.0018251329941088206
1403,0.021817786917090416,0.005801101278972953
1404,0.019552032724022866,0.0031907059418114082
1405,0.018214359655976297,0.006121065697237237
1406,0.020016638599336146,0.005010186222522226
1407,0.02065550833940506,0.002472014858527747
1408,0.019854341819882392,0.001272451990500909
1409,0.019425071962177753,0.003911412442230607
1410,0.02143445409834385,0.0021979893232402328
1411,0.01846159415319562,0.00531215946611068
1412,0.01597043551504612,0.004086282946271439
1413,0.02417559489607811,0.004704630512693157
1414,0.021625380516052246,0.0027102552488293143
1415,0.022920713499188422,0.0020596280515398063
1416,0.019108478277921677,0.002842352613934303
1417,0.022880420833826066,0.006787056664693846
1418,0.02113680463284254,0.002378690556450811
1419,0.023833305798470972,0.006544278271190107
1420,0.01788468435406685,0.0030175937556546845
1421,0.016754464246332645,0.0021913514332207915
1422,0.02078602783381939,0.002785383385593352
1423,0.017971560545265674,0.00318709350739644
1424,0.01890725940465927,0.01687762521411458
1425,0.019546680469065904,0.002526887813710595
1426,0.01583839826285839,0.004632040922057956
1427,0.01614969726651907,0.003059330307049294
1428,0.022734114527702333,0.008261343464255333
1429,0.019350622408092023,0.007070621035431754
1430,0.023640374541282653,0.01357084050876637
1431,0.02277257837355137,0.008349032996043768
1432,0.023006817176938057,0.007747876866120999
1433,0.020849109068512915,0.007837502681331276
1434,0.022351562306284906,0.003961296356602075
1435,0.0162604196369648,0.00595477646956705
1436,0.016618714667856693,0.0027506434524508373
1437,0.018837562203407286,0.0023854946723998816
1438,0.024226996079087258,0.003927167964308229
1439,0.018745977729558945,0.0021081830164392107
1440,0.01846643552184105,0.0026883792215065187
1441,0.019595337212085725,0.002364351570427622
1442,0.021782910376787187,0.004231899849151912
1443,0.01779465515166521,0.007362223204786647
1444,0.018340299464762212,0.0037094681485466763
1445,0.02003051243722439,0.0035560208385529584
1446,0.020212322855368257,0.004774558281347359
1447,0.01915874931961298,0.005484182438621782
1448,0.015935772061347962,0.003480911018862708
1449,0.016327749490737915,0.006611176881275765
1450,0.02549294538795948,0.0029946839570846053
1451,0.01991469893604517,0.0026257026474922895
1452,0.01672154001891613,0.003043121530687156
1453,0.01821967341005802,0.0035550530349248892
1454,0.016058341786265373,0.0034169852095719887
1455,0.01952838320285082,0.005169484228508113
1456,0.020070147514343262,0.0019358271583021708
1457,0.015791638419032097,0.003004434984177351
1458,0.020074640922248362,0.003415356154158099
1459,0.01611134674400091,0.0020694790777992713
1460,0.013885111324489116,0.0010209840456062087
1461,0.0164187852665782,0.0029256788292925245
1462,0.022182416841387748,0.0028352367002772143
1463,0.01922392353415489,0.001750125817648352
1464,0.016911810375750066,0.005591056526523747
1465,0.02021055907011032,0.0023716441164278006
1466,0.01768384762108326,0.0038207421678896638
1467,0.021666112020611764,0.002375413067256139
1468,0.020727123692631723,0.0015223073886311933
1469,0.01759945899248123,0.0009746933539321467
1470,0.024043221212923526,0.0014123617550230597
1471,0.02003034368157387,0.0021934836260872346
1472,0.022926756963133812,0.005666047749300934
1473,0.02926326371729374,0.0064596876578584105
1474,0.019612802583724262,0.005703415262372526
1475,0.018812454380095003,0.006097452829859845
1476,0.0185955099016428,0.003443077366084677
1477,0.015534247942268849,0.004062882356651842
1478,0.019029916860163212,0.002331686352877176
1479,0.0191457786411047,0.001960303962919606
1480,0.019819450341165067,0.005245656196079026
1481,0.018390978313982488,0.0031853008071241313
1482,0.01515827264636755,0.004314893336762509
1483,0.019536304399371148,0.005401128175834271
1484,0.016336764618754388,0.0051597022158029965
1485,0.020323750972747804,0.002892949101706482
1486,0.021253698617219926,0.003563095037251303
1487,0.017850209884345533,0.002226133202521564
1488,0.015532017499208451,0.0033071667979764816
1489,0.01990323781967163,0.005037490961027064
1490,0.018560114689171313,0.005410835134146148
1491,0.01747157044708729,0.0028856789521005464
1492,0.015810182429850102,0.0020922154621922807
1493,0.01759339390322566,0.0036800360842926864
1494,0.016460167057812215,0.0010269104841178003
1495,0.016926850974559784,0.0020407076529546145
1496,0.014873039722442628,0.005341813306336942
1497,0.01741289682686329,0.00296146656731016
1498,0.017711247950792312,0.003960232377970872
1499,0.023656640201807022,0.002407936551544356
1500,0.02556134108453989,0.004237145778710303
1501,0.018570113331079482,0.0038336527546587056
1502,0.02378241516649723,0.0030181725311718166
1503,0.022389024570584296,0.0029898987610964744
1504,0.017777121104300023,0.0022035867385630024
1505,0.019573658332228662,0.0031268607971756015
1506,0.019650435857474804,0.005255482791068211
1507,0.018394668251276017,0.0032900951751699188
1508,0.017066928483545782,0.00188221972298566
1509,0.02237363439053297,0.005107348287248448
1510,0.020909294970333576,0.0020661251204828284
1511,0.01934843122959137,0.0022155529187915667
1512,0.0187211924046278,0.0059242223402204575
1513,0.019136099964380263,0.002653231863442757
1514,0.017513937167823315,0.007117211321139173
1515,0.01829984035342932,0.0034902647571408586
1516,0.018079050779342652,0.0025150148414891877
1517,0.019858735352754592,0.0021152218535848677
1518,0.014544713906943799,0.0024740856574618653
1519,0.018341288939118384,0.0017653168274778617
1520,0.021894769594073295,0.010465655195182317
1521,0.018633388727903367,0.0019246154011877841
1522,0.018749227449297905,0.005921027597601283
1523,0.01807203508913517,0.002193617838600727
1524,0.01967560574412346,0.004274140022797127
1525,0.01612002566456795,0.0036746276134293375
1526,0.01685131071135402,0.0019317764465135764
1527,0.02068061612546444,0.007126967333359261
1528,0.016230709590017794,0.001610436663350524
1529,0.018820918314158917,0.002135607487305182
1530,0.023847674205899238,0.008754409989979986
1531,0.022412990629673005,0.002436268219902907
1532,0.017684312760829924,0.004401939232157518
1533,0.020565047562122345,0.004800886923625861
1534,0.017769501730799674,0.0037728555385686765
1535,0.01739500880241394,0.003120306809911224
1536,0.02061835691332817,0.002558584586551336
1537,0.017475469820201397,0.0015633522153334462
1538,0.02101608943194151,0.002272767145569398
1539,0.021977263391017913,0.0012331526506810181
1540,0.01750668480992317,0.0038605275538380014
1541,0.01882312275469303,0.0017396464364998654
1542,0.017573053613305092,0.005781982782973002
1543,0.01634473353624344,0.0023537660129240726
1544,0.019756305143237115,0.0016542025299564208
1545,0.016366463601589203,0.002736498842937617
1546,0.023512530475854873,0.00329820867883016
1547,0.019959474205970763,0.0022915919528227963
1548,0.022269908636808396,0.0016928008591679678
1549,0.017736136689782144,0.002519003291014735
1550,0.02043073020875454,0.0020487434182902926
1551,0.015812772437930108,0.0021794069182025652
1552,0.01893109403550625,0.002258933442708564
1553,0.0186656529083848,0.004612245533156068
1554,0.022002001367509363,0.0019451554510614847
1555,0.019938717801123856,0.0020167735957043018
1556,0.019063184186816216,0.00280839698516751
1557,0.021914338022470475,0.0037786413609267096
1558,0.019331719763576984,0.002732252035519644
1559,0.02293194755911827,0.005322668790715198
1560,0.019549681134521962,0.00246299581908404
1561,0.021839777156710625,0.0024748052636237995
1562,0.01897830531001091,0.0031833529140647145
1563,0.016199169121682643,0.002331816337760283
1564,0.019834743961691857,0.004324060156686257
1565,0.01957750044763088,0.004401603203317891
1566,0.020343795642256735,0.001493264633958062
1567,0.016122405305504798,0.0023233290085543506
1568,0.019244257882237433,0.0037152902924851195
1569,0.014446948654949665,0.0030949991706707707
1570,0.018524588868021965,0.003183908881747151
1571,0.017416917234659195,0.002854206057086791
1572,0.020182248558849095,0.0011169284291897123
1573,0.01872213412076235,0.0015121052784794202
1574,0.01868599683046341,0.004070301655016533
1575,0.017377551645040512,0.0033882190728534572
1576,0.018656991645693777,0.001994417999450066
1577,0.015751340985298158,0.003634607719180927
1578,0.018189185075461866,0.003249140360635029
1579,0.021261506006121634,0.001366407753204391
1580,0.019144674018025398,0.0018200568028738442
1581,0.01792845916002989,0.00425142976008866
1582,0.019167333841323853,0.0015179862384684384
1583,0.018393659293651582,0.0017257780538336054
1584,0.01935456193983555,0.0014149490791717416
1585,0.02039916455745697,0.00927336765325641
1586,0.020848735570907592,0.006056161150846579
1587,0.018648895509541033,0.004428022821778304
1588,0.018144841715693475,0.0036987274604505056
1589,0.020468909330666064,0.005241631090079676
1590,0.01974089805036783,0.0030815866648232285
1591,0.01907034423202276,0.011666350143208895
1592,0.019117844589054585,0.0034479362019401503
1593,0.016675866134464742,0.00516621805472325
1594,0.018630328215658666,0.004428250983051241
1595,0.021815704479813576,0.0027737954299743863
1596,0.022095466703176497,0.009567188813465915
1597,0.017146722599864005,0.0034411012654333084
1598,0.020768307447433472,0.004356373496966002
1599,0.019775939360260963,0.0041724862467038305
1600,0.015664249695837497,0.002957826432427519
1601,0.016756646297872067,0.0037030523725823587
1602,0.016629198342561723,0.0015734764476217431
1603,0.021622565761208534,0.001874879177991454
1604,0.01739893212914467,0.002729360578734785
1605,0.01809293922036886,0.0022218252742688543
1606,0.017938818037509918,0.002081856911376833
1607,0.016808142997324468,0.0017225257557982655
1608,0.01856796320527792,0.002481911532351211
1609,0.019809799641370772,0.0018934713364004681
1610,0.0182816619053483,0.002307357677985748
1611,0.01862901009619236,0.004090263610322998
1612,0.017852251678705217,0.008042011461029314
1613,0.018183563482016326,0.0023162462876165565
1614,0.016563320904970168,0.003478739882679018
1615,0.014948997795581818,0.0016647861658097946
1616,0.01693210307508707,0.0016096348950817977
1617,0.01655259184539318,0.0022859796817886503
1618,0.017823041304945945,0.00184221875898489
1619,0.016455992050468923,0.0014109857434611002
1620,0.017268188670277594,0.0020406057815743634
1621,0.019163497984409333,0.0007603190423065975
1622,0.0181162990629673,0.0017767560393996027
1623,0.01590893137268722,0.002968310470986244
1624,0.016263339184224606,0.0025717755779623985
1625,0.017056819871068,0.0018690345547327848
1626,0.01845823023468256,0.0010104621186444204
1627,0.02108091168105602,0.0017971592454545913
1628,0.02076998561620712,0.004405244189786584
1629,0.02197196885943413,0.0018113133025495973
1630,0.01785511814057827,0.0020243407463119045
1631,0.016674329601228235,0.0020259931549582986
1632,0.01868500381708145,0.0047698448195237
1633,0.017930605858564378,0.002378323998889082
1634,0.01822210233658552,0.005453961582420623
1635,0.016258300952613353,0.0017487048681774369
1636,0.019778443872928618,0.004263368562782464
1637,0.018159098997712134,0.0021657932307316014
1638,0.01825959000736475,0.0028711475164004386
1639,0.012254743836820126,0.0022970778956907254
1640,0.018223333768546582,0.006818651081356284
1641,0.021935358867049216,0.004004779807610871
1642,0.018545680940151216,0.003889517667256806
1643,0.019841596111655237,0.002679921026430922
1644,0.02267951026558876,0.003223726647102261
1645,0.017828054688870908,0.0011867605618596688
1646,0.018448264226317405,0.003016059510154675
1647,0.01904950797557831,0.004088548649969982
1648,0.01729251442477107,0.0016809961222724555
1649,0.015420269705355167,0.0024963523299522594
1650,0.01722849391400814,0.0014710808124980086
1651,0.018648084029555322,0.0017736094369080989
1652,0.02109208218753338,0.0021928864457861404
1653,0.019534760415554048,0.0011897595852058483
1654,0.020483123771846294,0.0025514186525793926
1655,0.014528736621141434,0.0024000550588363246
1656,0.019848908223211767,0.004846270980747187
1657,0.021021640002727507,0.002474849444035798
1658,0.017633988261222838,0.002201766818634247
1659,0.01809853971004486,0.0020283990015741438
1660,0.02520429365336895,0.007324289951524506
1661,0.019764468483626844,0.0026687970066009317
1662,0.019502414911985396,0.0034090321868249815
1663,0.01647228702902794,0.004776754327220459
1664,0.015280092954635621,0.003236130023477216
1665,0.017546687573194504,0.0030395175419645768
1666,0.01984850808978081,0.0043152782058164686
1667,0.019031974002718926,0.002874248455380638
1668,0.021332323849201203,0.0038355668330539577
1669,0.017323195077478884,0.001242160929481767
1670,0.016730371043086053,0.0024999138031614153
1671,0.017009039521217347,0.003057116422521537
1672,0.021618535742163658,0.003907400342852693
1673,0.020073688328266143,0.0030541647519048763
1674,0.01755690895020962,0.0031926581390482717
1675,0.0177746507152915,0.005223325861949627
1676,0.017484785318374635,0.00363174535027922
1677,0.016545939333736895,0.0034569607575564354
1678,0.014313805140554905,0.0028045185289843236
1679,0.015206596702337266,0.005293350577456494
1680,0.015087886340916156,0.001752041631907684
1681,0.021993663869798185,0.005862702188171344
1682,0.02017824921756983,0.005263680729326116
1683,0.021376359388232232,0.0031695940742294676
1684,0.016510822577401996,0.002345631369517172
1685,0.017134346216917038,0.0038619572041581757
1686,0.014260896891355514,0.0030914302564494004
1687,0.01697502076625824,0.003606078419068905
1688,0.016586446166038514,0.003827112679025286
1689,0.018565146997570992,0.003469729524947805
1690,0.020644963085651398,0.0032130886947302375
1691,0.019819243028759956,0.003947775816538512
1692,0.019264821037650107,0.005887560776039346
1693,0.021334675326943397,0.003913043516573228
1694,0.018815792500972747,0.006250067511956169
1695,0.020179950334131717,0.0020611390331122157
1696,0.02017148572951555,0.004064707340647096
1697,0.018712622001767158,0.0022289152974773146
1698,0.02054186597466469,0.0024695047847161145
1699,0.019349471256136893,0.0026798808296555525
1700,0.020176753140985965,0.002434161627244153
1701,0.017692101281136276,0.002267446400827333
1702,0.01750922102481127,0.0027644554510304373
1703,0.015638348273932935,0.0049629473982200235
1704,0.016497326120734214,0.0016386444450751558
1705,0.0161655992269516,0.0061364713418361255
1706,0.02625125154852867,0.002653619280875954
1707,0.01792408186942339,0.0028928472080000053
1708,0.014230366218835116,0.0013708508149274203
1709,0.01806000083684921,0.0030708290406898276
1710,0.01950273148715496,0.005293837722952235
1711,0.017651080563664438,0.003293257541571782
1712,0.020728978663682937,0.004381136809258837
1713,0.016610864326357843,0.0034928122863862408
1714,0.019600570797920228,0.004668891244912392
1715,0.023483503870666028,0.0025535178600414976
1716,0.016374992169439793,0.0019263743442062236
1717,0.022917881198227404,0.010405285488048645
1718,0.019142783507704736,0.0019602843046775216
1719,0.016544243693351744,0.0018231595502783582
1720,0.02140319161117077,0.0073722021730795294
1721,0.015634884387254716,0.0029758930155267455
1722,0.01536572091281414,0.003778227662335928
1723,0.015992269963026048,0.006135892148499619
1724,0.022199617698788643,0.0019122209234086619
1725,0.015648525916039945,0.003323193728821735
1726,0.014508618153631686,0.001388053358723856
1727,0.015810521561652423,0.0032313015879680443
1728,0.018536595813930034,0.0026651364432214056
1729,0.015327729694545269,0.00335316251555126
1730,0.018070908449590205,0.004583062833710893
1731,0.01870179034769535,0.0032742459977632516
1732,0.01776506915688515,0.005155187163961261
1733,0.016326960884034635,0.0026436909994952485
1734,0.018344526793807745,0.0016603685440240454
1735,0.021987303644418716,0.0030440861113650137
1736,0.018165777921676635,0.005232198495570928
1737,0.02101307291537523,0.0037194563626879442
1738,0.019560257345438002,0.003429782637458754
1739,0.019973076432943344,0.002772732692043463
1740,0.015556223653256894,0.0022768544651925156
1741,0.014940944574773312,0.001050677034072578
1742,0.01861010767519474,0.00715512821246704
1743,0.016865709349513053,0.0027599993404256156
1744,0.016757789924740793,0.0014649407781839167
1745,0.01770175287500024,0.002751379190905862
1746,0.019631184730678798,0.0027999557388869866
1747,0.017025062553584575,0.004719085353490425
1748,0.01827500678598881,0.003509224351010706
1749,0.016177864633500575,0.002704760847511153
1750,0.016440793797373773,0.0016679430670704539
1751,0.016206132918596267,0.004645395398854393
1752,0.017722833976149557,0.0012778170029664642
1753,0.01665739994496107,0.0019779617336821067
1754,0.019097068579867482,0.0039548018041436804
1755,0.02091626387089491,0.005669180048655157
1756,0.020532554015517235,0.0034740769036420405
1757,0.015997636280953884,0.0032596322325096553
1758,0.019727176018059255,0.001984776201823803
1759,0.01625704638659954,0.0021861396787356433
1760,0.018391750231385232,0.0038320709925706254
1761,0.01616645185276866,0.002150921942028281
1762,0.0169557536393404,0.0019449376666994943
1763,0.01771960183978081,0.0018182771171966236
1764,0.018094612136483192,0.00280272526258271
1765,0.01866354152560234,0.0037892316021535494
1766,0.02020784966647625,0.0030734623233749443
1767,0.016109410971403122,0.002936893468084809
1768,0.01511989307589829,0.00154126085155988
1769,0.015119848549365997,0.002257842324954802
1770,0.014458886459469794,0.0019190285310200224
1771,0.020235308185219764,0.0047490117203903524
1772,0.017901058495044708,0.0013219143841288064
1773,0.016819323915988206,0.002565236621829745
1774,0.019311261139810087,0.005492084882898282
1775,0.017105457745492457,0.004001991791421012
1776,0.018601096943020822,0.005495401826521305
1777,0.019480214342474936,0.002033629043231884
1778,0.01921233844012022,0.001979872842689287
1779,0.016262167394161225,0.0020439143046220025
1780,0.017012870758771895,0.004704372765981171
1781,0.017446566447615622,0.003258409932230229
1782,0.015863556358963252,0.0025897075434866018
1783,0.018052099496126173,0.0030301245159074053
1784,0.015105507373809814,0.0029577124251486506
1785,0.02058332845568657,0.004240535544103956
1786,0.019209819324314596,0.002417016380517552
1787,0.017168307080864906,0.0028682918772611715
1788,0.016970688998699187,0.0052362106459802145
1789,0.019130761623382567,0.002954702798838485
1790,0.018038360215723515,0.004887961686831223
1791,0.017401851303875445,0.0026543221551261534
1792,0.012312891446053981,0.0017955106482139393
1793,0.012498492151498794,0.002298261223947757
1794,0.01933251425623894,0.004878291209572798
1795,0.018075722679495813,0.00239494877025383
1796,0.016512787044048308,0.002447873251895382
1797,0.01790541462600231,0.009051828198645213
1798,0.020054359026253223,0.0032344998102890304
1799,0.020025783106684684,0.005977085013299772
1800,0.015936758071184158,0.003081626379990006
1801,0.015739565417170524,0.002133295022522112
1802,0.02135832853615284,0.006279973555611421
1803,0.01835115946829319,0.0023974460320011393
1804,0.01904254041612148,0.002071028910194562
1805,0.016386537961661816,0.0020474746810553008
1806,0.015710092559456827,0.002645058850821567
1807,0.01832422658801079,0.00253977664835649
1808,0.01422465480864048,0.0021347533050312165
1809,0.01949283540248871,0.001927006004174074
1810,0.017400769558735193,0.0044947998432366
1811,0.01763353116810322,0.0009556088153247352
1812,0.02178974762558937,0.005413789117121941
1813,0.016679211556911468,0.0015522965009974903
1814,0.018250191658735274,0.0048000279252659785
1815,0.017022981606423855,0.0022612913951839076
1816,0.017609509229660033,0.001512224784388832
1817,0.016655225679278372,0.0018804238802970273
1818,0.01617153637111187,0.0014877041996367378
1819,0.01877595778554678,0.0017115542575819034
1820,0.016406396180391313,0.0015442575701218966
1821,0.020767018757760526,0.005039723347617339
1822,0.020135915353894234,0.0029452393845693296
1823,0.014274762086570263,0.0015135045699162842
1824,0.018076917976140975,0.008283380827266876
1825,0.018430676013231277,0.0037962003827911534
1826,0.01457350954413414,0.00228799225392509
1827,0.01662995222955942,0.0020460849053749483
1828,0.01759229365736246,0.0015768566837036752
1829,0.018557010442018507,0.0019396004643393297
1830,0.018559659905731676,0.0021707126615594513
1831,0.015950194336473943,0.0026390567830164137
1832,0.019284933991730212,0.0027221456004230126
1833,0.015423750020563603,0.0019087035094119914
1834,0.01913995757699013,0.0016824406115593363
1835,0.01543719120323658,0.005911456280681369
1836,0.015293248854577541,0.003284049073667967
1837,0.014621896743774414,0.0013227387018858979
1838,0.017929822728037833,0.00213283661446751
1839,0.018617718294262887,0.00297373663697851
1840,0.018784753419458865,0.0022027731110813888
1841,0.017729640081524847,0.003144502257035203
1842,0.017843356281518938,0.0022508041384591633
1843,0.018246756084263325,0.0008826186953826922
1844,0.01589288391172886,0.004732613464536732
1845,0.013293893150985241,0.0023358750877876394
1846,0.01985618244856596,0.0018873826811115627
1847,0.014427986927330494,0.0008926968210239652
1848,0.019043457806110383,0.005276430194100288
1849,0.01706830892711878,0.0022792433426804736
1850,0.015983311496675014,0.0015318948896729375
1851,0.018418964818120002,0.002729257195550081
1852,0.019606287628412246,0.0019194712345679736
1853,0.015731667950749397,0.0033051812541288364
1854,0.016588089652359486,0.005664222350675766
1855,0.016652383357286454,0.0015076188887278104
1856,0.021673703007400034,0.002923545153326776
1857,0.019112221151590347,0.003427656839461359
1858,0.019353429190814495,0.002196746175049817
1859,0.015670542940497398,0.004022496414358077
1860,0.021438028924167157,0.0037514992402738903
1861,0.020135393552482127,0.0035027823066466476
1862,0.012741369800642133,0.0012751487123601342
1863,0.015533667281270027,0.0017702146303721971
1864,0.018430037572979927,0.002359157386682417
1865,0.01579294938594103,0.001954081002622843
1866,0.015406644754111767,0.0027265666524739296
1867,0.01934323750436306,0.002523416833480029
1868,0.017025596015155315,0.002626502796710941
1869,0.017233764678239824,0.0034481683612022905
1870,0.017417227067053318,0.004091908944745178
1871,0.01745656356215477,0.0017108492017404674
1872,0.015382115095853806,0.0015162455399635516
1873,0.01767092861235142,0.002400810007414181
1874,0.015330043621361256,0.0009917211539450113
1875,0.01667595747858286,0.00201157923972821
1876,0.01745604932308197,0.001895676150101505
1877,0.020580594390630723,0.002831053958363729
1878,0.01991814024746418,0.0008997656580392424
1879,0.02002808466553688,0.0017309150553295669
1880,0.016530005894601345,0.001858321774419244
1881,0.013815862126648426,0.004279852328082062
1882,0.01658290719613433,0.0019332619403067924
1883,0.01865717299282551,0.005000883713364601
1884,0.01884990245103836,0.0013803475702258005
1885,0.013675716575235128,0.0036646870302980486
1886,0.015868426598608494,0.0008916267590941733
1887,0.018797703348100187,0.0021224493186359538
1888,0.01588636599481106,0.00117463918485717
1889,0.017496692091226576,0.002588035267688436
1890,0.017007938995957376,0.003422636982079034
1891,0.016844917200505734,0.0038127102251228405
1892,0.018368148021399976,0.003087814214754186
1893,0.02003754511475563,0.0033558696916658583
1894,0.016831027902662755,0.002304958514486478
1895,0.016344313323497773,0.002706179254981753
1896,0.018849316090345382,0.003227513576921535
1897,0.01597037333995104,0.0015830510672283906
1898,0.016520788222551347,0.0019193527668280757
1899,0.017566810175776482,0.002080453212105044
1900,0.015360680669546127,0.00413020000448578
1901,0.014801320545375347,0.0016718946862965822
1902,0.01716038227081299,0.004999414979390902
1903,0.020345694646239282,0.002811038171336667
1904,0.01737544633448124,0.0017903179810573793
1905,0.016807392351329328,0.003823289985781255
1906,0.018752558752894402,0.001565245434654596
1907,0.017468769438564777,0.0031323184782307443
1908,0.01437630906701088,0.0016180288751469288
1909,0.01697280414402485,0.0018032431146584463
1910,0.014623108208179475,0.004593071763799207
1911,0.017593684270977974,0.004719028555571217
1912,0.01806766614317894,0.0010818595230923838
1913,0.01592222161591053,0.0009898063399803455
1914,0.013355962615460158,0.00430508754662659
1915,0.01431277446448803,0.0018461999373370144
1916,0.014309068843722343,0.0030479201064636447
1917,0.01605609618127346,0.0017454445215375864
1918,0.017658005468547344,0.0034464042097942468
1919,0.01256175946444273,0.0012788887280007594
1920,0.019683625288307666,0.0021728477376985224
1921,0.022687974087893963,0.006849312504166609
1922,0.018903119042515754,0.0033003438622148528
1923,0.021960934326052665,0.003006529911382966
1924,0.018185033388435842,0.0013284697452534552
1925,0.016013291738927363,0.0010976242352028264
1926,0.018057756889611483,0.003395702591012806
1927,0.01686397098004818,0.0016192392197322764
1928,0.014955904055386781,0.0036844299047266785
1929,0.018903479166328906,0.002107960749289965
1930,0.016591303385794162,0.0019240867161536461
1931,0.016776813305914403,0.001870684695672499
1932,0.017719145491719247,0.0043149450538705475
1933,0.01685978952795267,0.0023956851912534808
1934,0.018971558064222335,0.004260562953526435
1935,0.016370547562837602,0.003333907223574511
1936,0.016552526615560056,0.0019963358350302256
1937,0.01568520724773407,0.0023385039562589093
1938,0.013388241082429886,0.006832521026061006
1939,0.01649449612945318,0.004124593978416021
1940,0.01606663443148136,0.003996608325930899
1941,0.020391114577651023,0.003948608598327392
1942,0.014698797538876533,0.001817156581450509
1943,0.017182791735976935,0.00505846315892796
1944,0.013213856965303422,0.002434301180509876
1945,0.019164448156952858,0.0032586458407036245
1946,0.01601972699165344,0.002637471480626766
1947,0.01556652832776308,0.005264486811340671
1948,0.019718279764056205,0.006293795403246194
1949,0.017503135725855826,0.002013638972827833
1950,0.013784539476037026,0.008927310408692653
1951,0.013931873515248298,0.004357397058749036
1952,0.018250143229961394,0.007879093276617462
1953,0.015075215473771095,0.0017900148451277247
1954,0.018314355313777925,0.0035380558238351997
1955,0.013854252845048905,0.0020803759115339856
1956,0.018874109014868735,0.0034635815233604547
1957,0.016918426007032396,0.0014216421797555833
1958,0.024846471324563028,0.00564350220948866
1959,0.01680987562984228,0.0023444670257286157
1960,0.019533781707286833,0.0021916499061586515
1961,0.014129787944257259,0.0022654915196591453
1962,0.019909963347017764,0.003462224018645205
1963,0.0144647603854537,0.0023121958509189624
1964,0.01729922816157341,0.0027330590265305485
1965,0.014020714536309242,0.0014430497496305927
1966,0.018086651563644408,0.0027499752859138464
1967,0.01822321556508541,0.004366156083774077
1968,0.015608372762799264,0.00414369578715669
1969,0.017798542603850366,0.003175690821180605
1970,0.016929777078330516,0.003617735024643679
1971,0.014786983244121074,0.0019284533719493918
1972,0.017612388990819454,0.0036030104575193907
1973,0.01929628332145512,0.0030617569445645157
1974,0.0139111243840307,0.0017813834001322928
1975,0.014552846215665341,0.00507696868520077
1976,0.018145857471972705,0.002577832521239219
1977,0.019704970121383666,0.004944720681858797
1978,0.017417794540524483,0.0035287373689679453
1979,0.015144674014300108,0.0052096273188721644
1980,0.018973723202943802,0.0028732443317668896
1981,0.016856453120708464,0.0019202893025764864
1982,0.014184251762926578,0.0022076389545810805
1983,0.016754484213888646,0.003258570416332924
1984,0.0179750120639801,0.0019190304319387022
1985,0.01617038208991289,0.003822026346899467
1986,0.018185759708285332,0.002746680630243396
1987,0.014806419685482979,0.001974953490003229
1988,0.0187197820097208,0.006118276500946855
1989,0.01805038295686245,0.003323088750906595
1990,0.014311279505491256,0.0036107494929575757
1991,0.019049140326678753,0.003139396006726239
1992,0.019059739634394647,0.002593249937739504
1993,0.016821395941078662,0.004770300185231314
1994,0.015180964022874832,0.0018447085900857331
1995,0.017698123455047607,0.004615062222599167
1996,0.013893512673676015,0.0022050744394631417
1997,0.01593815494328737,0.0013438597407625758
1998,0.01551864881068468,0.0012078270258713668
1999,0.01730088036507368,0.0030013271766931634
2000,0.015331968143582344,0.0018394720287712879
2001,0.011023503243923188,0.0040989113167846855
2002,0.015120322816073895,0.0018295818965320717
2003,0.017334858030080794,0.0017234234917551687
2004,0.01675249956548214,0.001447867367684535
2005,0.019051317125558853,0.003334545587789114
2006,0.019120285660028456,0.0015606674212605169
2007,0.01896360279992223,0.0011738219439157297
2008,0.015167501494288445,0.0020145413988869485
2009,0.01718474745750427,0.0014903757064156744
2010,0.01647406993433833,0.0021385744992286375
2011,0.01972753703594208,0.0032383709737699327
2012,0.017241290025413036,0.001571018318167237
2013,0.014923130720853805,0.0032199171550367795
2014,0.01666837766766548,0.002065715262002937
2015,0.019330122992396354,0.00645996494958662
2016,0.020090587548911572,0.002576817474519349
2017,0.014733429364860058,0.002996800964927837
2018,0.013556541129946708,0.0018031622828558495
2019,0.016372554861009123,0.004170424521785893
2020,0.016842265576124192,0.0036966113616036227
2021,0.017580155469477176,0.003010224027890865
2022,0.014935953430831433,0.002993449587885239
2023,0.016550236716866493,0.0014405522291382699
2024,0.021463144719600678,0.0018094073349533425
2025,0.018423744887113572,0.004349634268206276
2026,0.017256379947066306,0.0021080483031803614
2027,0.01715825505554676,0.0022731595545088593
2028,0.018679815232753753,0.002231521401171611
2029,0.016925840377807616,0.003178471744009485
2030,0.013557517509907484,0.006018948205427764
2031,0.020169794149696826,0.006121333369551456
2032,0.016316612921655177,0.005533401586421549
2033,0.020587305091321468,0.0016595717130407487
2034,0.014914769902825356,0.0023832000339123077
2035,0.01839340206235647,0.0048285788754384
2036,0.01976490244269371,0.0018839674319255434
2037,0.018736214712262153,0.0017004339534738293
2038,0.016932357102632523,0.0021966665549433394
2039,0.016362716406583787,0.0034801162163765257
2040,0.017084658406674863,0.0022946977445677127
2041,0.017142008244991302,0.0007659719881365611
2042,0.015907120518386365,0.0056100379267375764
2043,0.01826429966837168,0.0015053009289023402
2044,0.014784174412488938,0.000991326635575866
2045,0.014744739159941673,0.004502248809966323
2046,0.01451566569507122,0.0011699333936869077
2047,0.014709360674023628,0.0011324458564185116
2048,0.016224940083920957,0.0012317389085943083
2049,0.01880205385386944,0.0015468255055379378
2050,0.013792038708925248,0.0011517685991137812
2051,0.015782753750681878,0.000803902866247059
2052,0.013985659889876843,0.002239616450611247
2053,0.019839705787599086,0.002924212229068149
2054,0.015660581924021245,0.0016154240871052424
2055,0.016492712199687957,0.0014873317949958655
2056,0.01818356467410922,0.0040005634360219516
2057,0.017803142499178647,0.0028863979809700627
2058,0.0182995243370533,0.0021824352570796665
2059,0.01783921994268894,0.005027687534281652
2060,0.0152785524725914,0.0018457310794125477
2061,0.014516746625304222,0.005704408562550806
2062,0.015946006476879118,0.0024635529048718536
2063,0.016683357842266558,0.008319401769095089
2064,0.016743477024137973,0.0016134247432577692
2065,0.017020960971713066,0.0065899326606360204
2066,0.020020614191889764,0.002743752150196735
2067,0.018083126358687876,0.0019000564631687044
2068,0.01845662895590067,0.0009096095387103062
2069,0.016904135271906852,0.004355325873890151
2070,0.017636816129088403,0.0012295272277846729
2071,0.01674152471125126,0.0029117877831146733
2072,0.018543978855013847,0.0013809376587606457
2073,0.0182565432600677,0.0016631632740290402
2074,0.017790156062692405,0.002445842423284911
2075,0.017452072389423846,0.0016946842342181361
2076,0.017302158325910567,0.001947291163498
2077,0.018056818470358848,0.0007531678284939429
2078,0.02052800390869379,0.005030165566769365
2079,0.01800096347928047,0.0013797435485311362
2080,0.015746410302817822,0.004062697839961477
2081,0.016145527921617032,0.0016600228527127064
2082,0.012620854638516903,0.0016887341016004092
2083,0.017036351002752782,0.0021519026406466553
2084,0.014150618277490139,0.0017744313541972014
2085,0.019950997531414032,0.0027494075108472613
2086,0.014869200587272645,0.0034472997131285397
2087,0.01794404398649931,0.0016206610144103226
2088,0.015082063153386116,0.005170003096381687
2089,0.015247616358101368,0.0013317194470676454
2090,0.015229324772953988,0.0036086170832077932
2091,0.018386486843228342,0.0038541344645088666
2092,0.014820210970938205,0.0018950451662993594
2093,0.012836592346429825,0.005237298870892966
2094,0.017658770978450776,0.0010238523014553197
2095,0.01457021825015545,0.0013038756737281402
2096,0.01807873571291566,0.002151776095597099
2097,0.01613968338817358,0.0011076034032356963
2098,0.01631757490336895,0.0034073385512073564
2099,0.01695920005440712,0.001960753453640293
2100,0.014061328880488872,0.002116845751640527
2101,0.01575888104736805,0.0038804038976357406
2102,0.01839079735800624,0.002916909020700275
2103,0.015742345452308654,0.0007320501273880675
2104,0.014016337655484677,0.0013033320731802346
2105,0.01818346094340086,0.007318785273763415
2106,0.014934628643095494,0.002592942358492172
2107,0.015242414735257625,0.0017458028606560133
2108,0.018413836900144816,0.0025155367521084333
2109,0.015644882395863532,0.0014389135208210512
2110,0.017447523027658462,0.004072454885566888
2111,0.016834734696894883,0.0023626417738117586
2112,0.017751483991742135,0.0016015688793044793
2113,0.01546054594218731,0.005371266759115539
2114,0.01703795276582241,0.0019364511300745892
2115,0.012747524604201317,0.0009623397195915857
2116,0.015685793086886404,0.00468759849182751
2117,0.01801053337752819,0.0013464019133084236
2118,0.012394717745482921,0.0016176457746490225
2119,0.01488322388380766,0.0008943800464406457
2120,0.016489196643233298,0.003343837839640575
2121,0.01780180126428604,0.001439609131074115
2122,0.015247530229389667,0.0007085610334187337
2123,0.015664872229099274,0.0013918887635641923
2124,0.020251832082867623,0.007002163410492956
2125,0.021263083294034004,0.0015466920409530197
2126,0.016451609954237938,0.001619391838624461
2127,0.01877295847982168,0.0007595823685421723
2128,0.01594210207462311,0.0019188531425666728
2129,0.01842089470475912,0.0008000655503216365
2130,0.01457927916198969,0.0018628187340441835
2131,0.014563710689544677,0.001944626880050573
2132,0.01744929052889347,0.0035243650056319695
2133,0.01730623662471771,0.002103761728368189
2134,0.017432325147092344,0.004440846859337124
2135,0.015214671716094016,0.0024799815736302774
2136,0.015309322364628316,0.00662302047218362
2137,0.014985663760453462,0.0012643606488095367
2138,0.013876999020576477,0.0016130685075887875
2139,0.015885288789868356,0.004496914449415795
2140,0.017896935269236566,0.002607812294864083
2141,0.01818214894272387,0.003978745501539479
2142,0.016447560302913188,0.003164011634222857
2143,0.018971305452287198,0.008450602168497974
2144,0.016289101615548134,0.0018559612576173592
2145,0.017491856031119822,0.005739253479987383
2146,0.015376430563628673,0.0011129070700095227
2147,0.019974169358611106,0.007560668360084704
2148,0.01736169159412384,0.0022151893393889273
2149,0.016519176959991454,0.005007350083746731
2150,0.01562604647129774,0.0022534010804271046
2151,0.020511571727693082,0.005478619125812021
2152,0.018193660899996758,0.002495472852064118
2153,0.01676822405308485,0.0022826987982102454
2154,0.014437681846320629,0.004343228503959636
2155,0.015096239410340787,0.0012851186504919236
2156,0.015082236900925637,0.0016558335277519814
2157,0.018588306158781053,0.0028295409419152834
2158,0.019464568570256233,0.003103449082716483
2159,0.015463942810893059,0.005625833923073664
2160,0.018713487945497036,0.0029974890464585123
2161,0.01758376754820347,0.0019133060226497584
2162,0.014575762078166007,0.0008340218927302997
2163,0.018563757985830306,0.0019060585564895443
2164,0.016839930415153505,0.0013529755556254252
2165,0.01601404570043087,0.006290796608345149
2166,0.01854314848780632,0.002259561307217977
2167,0.018605113849043845,0.0019341298276941254
2168,0.015615348815917968,0.0014286418309856258
2169,0.014825034290552139,0.0014878735797438285
2170,0.015467417780309916,0.0015810516755390045
2171,0.015992008708417417,0.005152938983160747
2172,0.017889737784862518,0.0022142193924431525
2173,0.015589330364018678,0.005816103826748998
2174,0.01917188063263893,0.003757954689941994
2175,0.01738689973950386,0.004162336967579306
2176,0.019049806222319603,0.008144952139931999
2177,0.013695771396160126,0.002448527783487145
2178,0.014661562517285348,0.00753005497055511
2179,0.017032876871526242,0.0013234443589407083
2180,0.015808986872434615,0.0058389976365517265
2181,0.01983505368232727,0.0023903887757189468
2182,0.01603004038333893,0.0022697058212879585
2183,0.016196682676672937,0.003294325688828344
2184,0.01606305468827486,0.004296978406148822
2185,0.015503097251057625,0.003029001953258906
2186,0.015267447419464588,0.0027558844000713464
2187,0.014753243811428547,0.0018096509523536652
2188,0.01828955836594105,0.003623633415833728
2189,0.014279806017875672,0.004467310996292388
2190,0.016889052726328374,0.0011131574686023419
2191,0.017226104624569416,0.0022667032787703897
2192,0.01651144340634346,0.001620899102880224
2193,0.01640369325876236,0.003701135592713748
2194,0.018557732813060283,0.0027102451669434977
2195,0.01415407657623291,0.002455970061917419
2196,0.017687047608196737,0.0012929120136118712
2197,0.015750148817896843,0.0010758875940977404
2198,0.014665170200169086,0.0013798795806320562
2199,0.011533677950501442,0.0020952519058881403
2200,0.015893112309277056,0.0016231773969755598
2201,0.014888906069099903,0.001814018303451881
2202,0.01498294286429882,0.0037849253005258843
2203,0.018627366982400417,0.0032149705436233787
2204,0.014382252730429172,0.002862534278442394
2205,0.019689258970320225,0.002943078910753335
2206,0.01576980244368315,0.0028293855162975314
2207,0.0189851987734437,0.001501839686893182
2208,0.013363562971353531,0.001541389389225116
2209,0.015882008969783784,0.0021364923043508234
2210,0.013144784774631262,0.0015965881422544792
2211,0.015942267924547195,0.0056420156145340775
2212,0.016367010548710825,0.003332895059329904
2213,0.017518040202558042,0.0024136355376406893
2214,0.017564181201159955,0.0022854425829567323
2215,0.013153986763209105,0.0020396711212289456
2216,0.01651373624801636,0.002742849169171428
2217,0.01338351633399725,0.0022410242307982216
2218,0.014879517704248429,0.0046660073790444085
2219,0.018394115790724756,0.0014523485235308539
2220,0.014523589760065079,0.0011535068608705618
2221,0.015611179210245608,0.0017450872094255604
2222,0.01555452473461628,0.0022171913639782636
2223,0.015883143115788697,0.0027379084072292666
2224,0.0168454809486866,0.0006844360404887097
2225,0.01720428664237261,0.0016618995474370784
2226,0.015726369358599186,0.0021076965694354004
2227,0.01751182459294796,0.0021642670768938243
2228,0.014415777176618577,0.0018954019409872286
2229,0.016505486387759446,0.003964635524388454
2230,0.016327964290976524,0.001489624747853369
2231,0.013522164337337017,0.00615575686352302
2232,0.016985643580555917,0.0017025234163356052
2233,0.020322687588632107,0.0012360490070758004
2234,0.016042830012738703,0.002016213499264766
2235,0.019120298959314823,0.004154264397459895
2236,0.018545557782053947,0.0016327932132535602
2237,0.01605385959148407,0.002216100702317406
2238,0.01578677214682102,0.002739368791194403
2239,0.018166942782700063,0.0016333092807804886
2240,0.012870628833770752,0.0017220228782867733
2241,0.016809303909540177,0.002138595068061801
2242,0.017098140344023703,0.0020340235316998337
2243,0.016673068217933178,0.0008794799828200205
2244,0.013963135369122028,0.002665970069420052
2245,0.016037323884665965,0.0026872612548711366
2246,0.014909931272268296,0.002058138394702787
2247,0.0178702275454998,0.0028146975354789053
2248,0.01594907630234957,0.0013247265301848928
2249,0.016549390368163587,0.0032063091097220982
2250,0.017174857780337335,0.0010919141764943934
2251,0.016575213242322206,0.0013342135695880916
2252,0.014328937716782094,0.0014866704758326843
2253,0.013304984644055367,0.0030330133987973404
2254,0.014521459899842739,0.0014051793841645122
2255,0.014670425094664097,0.003625311136041602
2256,0.014930738471448421,0.0014502992901364213
2257,0.01833819016814232,0.0022364190766868525
2258,0.02093954145908356,0.0024328959805967466
2259,0.018506303168833255,0.002311150932505931
2260,0.01982451803982258,0.000747888823428944
2261,0.01513527899980545,0.003279207861178542
2262,0.017064561732113362,0.0026601454408915893
2263,0.017532663270831108,0.003511398309867268
2264,0.013978055901825428,0.0008555690722846209
2265,0.014656122922897339,0.00150901563975909
2266,0.014487443314865232,0.0010722106560260977
2267,0.013645821586251258,0.0012064535882043309
2268,0.015234491880983114,0.0017400616173925874
2269,0.012896295003592968,0.002030310638835781
2270,0.014503476321697234,0.002274739173279233
2271,0.014726912528276443,0.000757336825226459
2272,0.015863879956305026,0.0020431095083588606
2273,0.02107477352023125,0.0022608277145518014
2274,0.018291580490767956,0.0012785100692257999
2275,0.013720187842845916,0.0008496724996852931
2276,0.014540140479803086,0.0013827121185062275
2277,0.013522313795983792,0.0019635692324923124
2278,0.021926964893937112,0.0008864857926996655
2279,0.014589875042438506,0.0020589472324115364
2280,0.016249523162841797,0.0008442265602316681
2281,0.01865921750664711,0.0012766886590214522
2282,0.016835799813270567,0.0020341305329292145
2283,0.016709062568843365,0.0016111696062430943
2284,0.01963625483214855,0.004764872162972819
2285,0.015571169629693031,0.0011400633745935222
2286,0.012033346546813846,0.0010483803953943544
2287,0.018129145056009294,0.003951777984732634
2288,0.014117479082196951,0.0014997249951965673
2289,0.014982097744941712,0.0026902853772809653
2290,0.01588875036686659,0.0016680497645036865
2291,0.015487029124051333,0.0013334065873482047
2292,0.015119845494627953,0.002237151026062361
2293,0.016258345544338228,0.0008946262915580445
2294,0.016253653056919573,0.0013521717355366517
2295,0.01924867808818817,0.00756563225837603
2296,0.014169565197080373,0.0014295516876912076
2297,0.014717529006302356,0.003577246828234359
2298,0.016363038010895253,0.0009818758196771553
2299,0.014310835152864456,0.004070870469847362
2300,0.01529559925198555,0.0015623387318480862
2301,0.015836800280958414,0.00263141003622329
2302,0.018631433546543123,0.002262229091896076
2303,0.01523897223174572,0.0012617618248603397
2304,0.01820189069956541,0.008333593976926314
2305,0.01578842267394066,0.002127465101482015
2306,0.016521558947861194,0.0015753225586058138
2307,0.015242578759789467,0.0011006387882333325
2308,0.013592586554586887,0.0023504254338012572
2309,0.019609101042151453,0.003598960531135536
2310,0.014057397227734327,0.0024856296176575636
2311,0.014925478100776672,0.0015465547314730205
2312,0.013953274935483933,0.0018062174753987626
2313,0.016539298593997956,0.0020278043828088127
2314,0.01916085336357355,0.0027200410633717908
2315,0.015611494369804859,0.0016144915621038782
2316,0.015893522799015045,0.0026058351608273917
2317,0.013356561101973056,0.0020773029241915025
2318,0.013690473809838295,0.0017298555212120895
2319,0.017150801196694373,0.0011052090434631818
2320,0.015388124622404575,0.0016049563482863037
2321,0.015693977698683737,0.003685289598389031
2322,0.015291915982961654,0.0013281879468170338
2323,0.016594364754855633,0.001673718847410932
2324,0.016459830105304718,0.0018525499952574298
2325,0.01405104698613286,0.0016889233311178954
2326,0.01564096711575985,0.0013330868273504614
2327,0.014425214342772961,0.0010010341504486662
2328,0.012922285571694375,0.0020819117469802395
2329,0.016227810233831404,0.003705960487921352
2330,0.0147824165225029,0.0020175586719295546
2331,0.012212140075862408,0.0019221243142367227
2332,0.01884121887385845,0.003626676218915884
2333,0.015843571592122317,0.0017433327651416807
2334,0.014070012886077166,0.002486589310486635
2335,0.014149356745183467,0.00287766429940111
2336,0.01545652212575078,0.0011893495198096824
2337,0.014121679589152336,0.0027736232022767607
2338,0.017707592975348234,0.0017870199573162483
2339,0.014450240097939968,0.00241042889195354
2340,0.016074786633253096,0.0018151639793259537
2341,0.013591378908604384,0.0016372392256265786
2342,0.013349301256239414,0.001916506005553146
2343,0.021270117834210397,0.0014760728402394955
2344,0.012881851866841315,0.0013199982222182396
2345,0.016869151182472706,0.0019033230994253943
2346,0.01330170689150691,0.0019636967471379735
2347,0.01576812542974949,0.0005565277742914064
2348,0.018288192376494407,0.0011217231239903439
2349,0.015437466353178024,0.0007636659871946306
2350,0.016924307830631733,0.002463842126579113
2351,0.015941312201321126,0.0013456923874375754
2352,0.013960324302315712,0.001998495425365559
2353,0.012547419145703316,0.0015948755899444222
2354,0.01611032396554947,0.002010045713451627
2355,0.01486893430352211,0.0007838996865608002
2356,0.015270007327198982,0.00349146015431783
2357,0.014580227471888065,0.0019013311248272657
2358,0.01711354427039623,0.0022004411383595777
2359,0.014060562774538994,0.0031665508597068593
2360,0.014216981250792743,0.0020848362234561412
2361,0.018387811966240408,0.0015267460217878019
2362,0.01589194741100073,0.0011502947492448435
2363,0.015095092505216599,0.0022549417686380754
2364,0.01649921003729105,0.0033011583177602454
2365,0.017652041725814343,0.000865335919900657
2366,0.01420516911894083,0.002691219401328939
2367,0.012737346738576889,0.0013014472784212956
2368,0.016003372333943843,0.0026160841839617654
2369,0.015611390545964242,0.0017283479300365873
2370,0.016140389293432235,0.0021959611737768945
2371,0.015858704075217247,0.002324133862626471
2372,0.016140050571411848,0.0031591263752787898
2373,0.017199706062674524,0.0011388527441527439
2374,0.015544638391584159,0.001184185461319779
2375,0.015712285116314888,0.0017291617177886097
2376,0.018382087647914887,0.0036654441732249846
2377,0.01588248021900654,0.0007080093348296742
2378,0.011468069590628148,0.001888065725686156
2379,0.016565437875688076,0.0035691029864223034
2380,0.017775727808475493,0.001595439135187867
2381,0.016816541627049444,0.0011398776303594039
2382,0.01915537640452385,0.0021737463332151307
2383,0.019416775815188886,0.0016926770825704484
2384,0.014241108074784278,0.0010872152091756667
2385,0.01353439550846815,0.0017355399858924138
2386,0.016949831023812294,0.0016405811574794862
2387,0.014656564425677062,0.0010600771271776766
2388,0.016008044630289077,0.0028387266179317073
2389,0.015023092329502106,0.0006885965121909976
2390,0.012338728792965412,0.0011247673075110332
2391,0.014432631134986877,0.002956566707014221
2392,0.014737748131155968,0.004272213664977518
2393,0.01661042645573616,0.003147633969528626
2394,0.01408673457801342,0.0018057558009375448
2395,0.018000648021698,0.0014823350994783925
2396,0.016685010865330696,0.0028121080377126392
2397,0.01775800056755543,0.0028256312050945953
2398,0.015817042738199234,0.0028519488628698537
2399,0.015688069835305213,0.003832018047520151
2400,0.017486875727772713,0.002027994678802278
2401,0.016505502611398697,0.0007352430272962234
2402,0.015939929112792014,0.002151078292589686
2403,0.014094323553144932,0.0011216514593959876
2404,0.017011112282052637,0.000875184621043146
2405,0.017602322436869145,0.004597432681754844
2406,0.013107219375669957,0.0030579717753276433
2407,0.013194208517670631,0.0028813070237272967
2408,0.018542753458023073,0.0017141244686782768
2409,0.018505513072013854,0.004819297059502912
2410,0.013690240681171417,0.0022257752333805984
2411,0.012226730426773429,0.001450441012235537
2412,0.013666198588907719,0.0011817426233367407
2413,0.017302270382642745,0.0014196363890109814
2414,0.017414197847247122,0.0024609822135622777
2415,0.01660534717142582,0.001517680795761208
2416,0.013578537628054619,0.0009013293669814218
2417,0.016177639923989774,0.001872498586722841
2418,0.014606416448950768,0.0009320019026707909
2419,0.0162150764092803,0.0018216384262203763
2420,0.017191816717386246,0.003382116077748472
2421,0.013144891634583473,0.0011544151922164817
2422,0.01646396465599537,0.004323063552226514
2423,0.013456580638885498,0.0008874322265412097
2424,0.013805330581963062,0.002564720739291547
2425,0.013133118348196148,0.0011274944440691336
2426,0.017034045197069646,0.0014849624497662872
2427,0.012173625826835632,0.001702162197134011
2428,0.014882818721234798,0.006388865117851185
2429,0.017055078148841857,0.0018194990538775103
2430,0.012350487597286701,0.002336026414948171
2431,0.017780761420726775,0.0043126723652526944
2432,0.015675743166357278,0.0030880521931876876
2433,0.01505267295986414,0.0012585807317383078
2434,0.014769372679293156,0.0013299751297207165
2435,0.015846560634672643,0.004449263374538046
2436,0.015846682265400886,0.0010182384859247465
2437,0.011332137435674667,0.0009635570869710909
2438,0.013434395752847194,0.0019679995291955665
2439,0.016516731381416322,0.001558996665240457
2440,0.01373615026473999,0.0007709421540175131
2441,0.015400397069752216,0.0008539021994331724
2442,0.013799198418855668,0.0022811411962882703
2443,0.015405612140893936,0.0017384773834723316
2444,0.01702058907598257,0.0025327186266036884
2445,0.01791918758302927,0.0009636816166800587
2446,0.014111638627946376,0.0017079470793984525
2447,0.01631125722080469,0.002068909822822842
2448,0.016443099975585938,0.002073594518898897
2449,0.012339516282081605,0.0010638421111140554
2450,0.016663631312549113,0.005689371472913517
2451,0.017650888189673423,0.0024112680646246427
2452,0.018214141465723515,0.002264890373263457
2453,0.016364114060997963,0.003094452471561628
2454,0.016787395998835563,0.002416336609924544
2455,0.015447515361011029,0.0028593109104118933
2456,0.01505739975720644,0.0015402919571361926
2457,0.015427258536219597,0.001991464769187039
2458,0.0157299368083477,0.0008045878294817083
2459,0.013079042993485928,0.000979911146864091
2460,0.016969133578240873,0.0013357616055195462
2461,0.015369836613535881,0.0008522502767808786
2462,0.011984642557799817,0.0016784604109763104
2463,0.018170674480497837,0.0016240131441656858
2464,0.017144529819488524,0.0011595272114627983
2465,0.015556265637278556,0.0014460750581211832
2466,0.01406394649296999,0.0012516227884900642
2467,0.01364022646099329,0.0013013385373410093
2468,0.019397431649267674,0.0010097683963528514
2469,0.01819866620004177,0.0010177451050330005
2470,0.014737280793488025,0.0009424420648130066
2471,0.01872956585139036,0.0006983834243066966
2472,0.015515307188034058,0.0009069295393937739
2473,0.014621459208428859,0.0017407011601129826
2474,0.016834715902805327,0.0007595226524656077
2475,0.015672210082411767,0.0015949301727830546
2476,0.014796030372381211,0.0010707368396464991
2477,0.018351519368588923,0.002045998207057431
2478,0.02050826543942094,0.004060879037141391
2479,0.013988956324756146,0.0006169499490531289
2480,0.01598553203046322,0.004259115722897934
2481,0.015392682999372482,0.0013199007361473464
2482,0.014526517763733864,0.0017862219223114726
2483,0.014115315675735474,0.0015805706697554418
2484,0.015452008582651616,0.0019193256101634813
2485,0.01518642034381628,0.003701215609908104
2486,0.013453779891133309,0.001810332578415536
2487,0.01385006133466959,0.003138325789509571
2488,0.01600221447646618,0.0020869660238282475
2489,0.01579076811671257,0.001451316219435571
2490,0.012863516211509704,0.002635895984234569
2491,0.015308762229979038,0.0009656671405935737
2492,0.010406334958970547,0.000685166020571471
2493,0.01390441320836544,0.0007072233972506445
2494,0.015880841575562955,0.0014132699476274318
2495,0.01453571330755949,0.001045351194964135
2496,0.017669324316084385,0.003189815559156545
2497,0.015783643573522566,0.0012742278400540658
2498,0.016126809790730477,0.001885244877983446
2499,0.021129569485783577,0.001249835895428638
2500,0.015147444270551204,0.004193890265712183
2501,0.013381157517433167,0.0008131191246083951
2502,0.012588309533894062,0.003488809686817535
2503,0.01620128769427538,0.003181939418363857
2504,0.01316735327243805,0.001315188472962951
2505,0.013587048612535,0.0007198431456544474
2506,0.012679094783961772,0.002836164447466192
2507,0.015526068545877934,0.0012593775053113087
2508,0.015472223069518804,0.0009667805670314048
2509,0.014571433141827583,0.0006104409770421327
2510,0.015952882654964924,0.002706058482856375
2511,0.013994065299630164,0.002873551881910391
2512,0.015243040062487126,0.001983314835504718
2513,0.016845139563083648,0.0020913347467933206
2514,0.013203689754009247,0.0027057870597361703
2515,0.015669891014695167,0.0029970847185037722
2516,0.014806966707110404,0.0005703740874831629
2517,0.016410712078213693,0.0006962467004124024
2518,0.015359348878264427,0.0031405622905043705
2519,0.015298789972439409,0.0017761825248981788
2520,0.014237325172871351,0.0010447667158935984
2521,0.016833017617464065,0.0015077672130109309
2522,0.016793578565120697,0.0027232961824852717
2523,0.014558376148343086,0.0016265020539110195
2524,0.012884467449039221,0.0014064144215559307
2525,0.013361015245318414,0.001660632216754331
2526,0.015141952633857727,0.003979674329955692
2527,0.016286324150860308,0.0009735730358667366
2528,0.016458199694752693,0.002251683629105148
2529,0.017618020214140415,0.0019146038557415548
2530,0.017379406169056894,0.0009801374040288877
2531,0.015281919315457344,0.0012076106943088036
2532,0.015586062967777252,0.0014220247721325044
2533,0.0117930468916893,0.002265825979184353
2534,0.012889819666743279,0.0008505032212817914
2535,0.014347318038344383,0.0013311706863707315
2536,0.01400655347853899,0.000589020440214607
2537,0.014507502503693103,0.0010630820833197603
2538,0.01587603222578764,0.0015777230026736244
2539,0.014551012553274631,0.0009390975584671514
2540,0.019710325412452222,0.0027001445398551144
2541,0.01543332014232874,0.0015247494097135655
2542,0.013521668314933778,0.001288266163574506
2543,0.013360511027276516,0.001146081632500744
2544,0.01569186206907034,0.0007524628567745374
2545,0.012808088157325983,0.0012994640999575693
2546,0.01268131596967578,0.0007797884439877298
2547,0.016595369093120097,0.0008763909445156994
2548,0.01417275281623006,0.0019117247868227225
2549,0.020213535130023955,0.007285793822207679
2550,0.012597721219062805,0.0012144116634560417
2551,0.013604925386607647,0.0029910187020081363
2552,0.014510096441954374,0.0010906413822651727
2553,0.014871249049901962,0.001076729075141149
2554,0.015917213223874568,0.0011614043112487009
2555,0.013987089656293392,0.0012653978431457016
2556,0.018730766475200653,0.0016808727539259277
2557,0.015095693543553352,0.001421124057219147
2558,0.012814665213227272,0.0023420527928240905
2559,0.016854059286415576,0.00044146234543168
2560,0.017773327454924583,0.007528553729596203
2561,0.011525863222777844,0.0010343363771413625
2562,0.020929904244840144,0.005060499891230505
2563,0.013298299554735422,0.0033939218033768545
2564,0.014120271094143391,0.003237281632545876
2565,0.012080839239060878,0.0008956327905227775
2566,0.01697728134691715,0.0027250797385732603
2567,0.011716954968869686,0.0010627424215845292
2568,0.01175993911921978,0.0010011995184133213
2569,0.013203092068433762,0.0021126144980271795
2570,0.01401757682673633,0.00264980564889026
2571,0.018486133217811583,0.00522043415638682
2572,0.01968364365398884,0.0018496309990726717
2573,0.01501858301460743,0.0024045452520200243
2574,0.01594361387193203,0.0031886556351633922
2575,0.014367332570254803,0.0020083186235789158
2576,0.0120957563072443,0.0008007094107746874
2577,0.015592400804162026,0.00432295025619742
2578,0.015419104285538197,0.0032346964086571784
2579,0.01751278556883335,0.004806868476818686
2580,0.013698226027190685,0.0010058334426578032
2581,0.018474575132131577,0.0017083533752505502
2582,0.012953684553503991,0.00628645294537283
2583,0.013293361440300942,0.0015684899703395387
2584,0.018341461718082427,0.005694212525929898
2585,0.015513949319720268,0.0010048739358141687
2586,0.019359576497226954,0.0034177355429999634
2587,0.017759897224605085,0.0014456676714734672
2588,0.0188284994661808,0.001747042822575018
2589,0.01589811220765114,0.00208502185007889
2590,0.014076303392648697,0.001080975449988491
2591,0.01527362059801817,0.0007625517287061945
2592,0.012635086365044117,0.001501126570486757
2593,0.015242757126688957,0.0033731208635774785
2594,0.014820175208151341,0.00077847901202279
2595,0.01620170021429658,0.0013267598210591567
2596,0.013815997019410133,0.0017783202498845043
2597,0.015121256299316883,0.0021373238095579897
2598,0.014435419682413339,0.0011961803714145129
2599,0.014320966675877572,0.005455071323436417
2600,0.012162848748266697,0.0026746648618925922
2601,0.014566572532057762,0.00671267603868491
2602,0.01578272186219692,0.0012728568415272317
2603,0.01575388316065073,0.0015465961067541822
2604,0.013100378066301346,0.0011570584573161035
2605,0.015434716418385506,0.0003795160441332471
2606,0.02077731266617775,0.002085406881795354
2607,0.016335494965314865,0.0014083506611226866
2608,0.012097016647458077,0.0015339578521016933
2609,0.015487530305981635,0.0016491509278700367
2610,0.016529167518019677,0.0013504599760069626
2611,0.015054021179676056,0.0020437774596072425
2612,0.01212059609591961,0.0016990060988201262
2613,0.014650583900511265,0.001605143056136288
2614,0.013350464217364789,0.002356447540989069
2615,0.01305741559714079,0.0007636492644525962
2616,0.012130062021315098,0.0011323184900827808
2617,0.013365484513342381,0.0009170961175560441
2618,0.018429310321807862,0.0009850561529101344
2619,0.01853934120386839,0.005659860979816685
2620,0.013710631169378757,0.0020155962732020917
2621,0.015945733822882176,0.0016592801452856767
2622,0.018128886446356775,0.001446661672137091
2623,0.0160994809307158,0.006305232886480142
2624,0.01443127702921629,0.001338646351280048
2625,0.016030462123453618,0.0025671001919226285
2626,0.016795231997966766,0.0009691984319344979
2627,0.018129518367350102,0.001681093164808946
2628,0.0171179324015975,0.002764103806590381
2629,0.01508823961019516,0.0031561348714852985
2630,0.015654813274741174,0.00130124844942395
2631,0.013773754127323628,0.0017485930903317177
2632,0.013525480777025223,0.00292769478863641
2633,0.019707432091236113,0.0031073400176653307
2634,0.014615464508533477,0.0018248371540709105
2635,0.018978275433182715,0.0020858553550780227
2636,0.01282814759761095,0.0015269209429851337
2637,0.014103165045380592,0.0015236565074564455
2638,0.0125042325258255,0.0012161794265298403
2639,0.017802524380385876,0.0014216265703347346
2640,0.01369144968688488,0.0019307747130020687
2641,0.014849960654973984,0.0027786871451846236
2642,0.016116918995976448,0.0018577968497594743
2643,0.014848327301442622,0.0030538208323390515
2644,0.014022590443491936,0.0038349471782168298
2645,0.015004933699965478,0.0011808010980754785
2646,0.01341601938009262,0.0022648303507993074
2647,0.012791758254170418,0.0012281426987674547
2648,0.015501269623637199,0.0013283196587932028
2649,0.014969464838504792,0.0028490546248751145
2650,0.01365031536668539,0.0010342609379695702
2651,0.013780153021216393,0.000650693782468084
2652,0.015513133704662323,0.0016844617553718694
2653,0.018540890775620936,0.0014641954322753806
2654,0.014533327594399452,0.0013833177740022234
2655,0.014773667845875025,0.0014685079764753376
2656,0.01617490701377392,0.001074427074580517
2657,0.014085385799407959,0.004192110482756406
2658,0.0136910411529243,0.0007925814100180766
2659,0.013444979861378669,0.0005299438523489038
2660,0.013254547491669655,0.0007944507404766364
2661,0.013972071968019008,0.0037222766087785975
2662,0.01462538480758667,0.0014417664887868378
2663,0.016441890820860863,0.006968847182515549
2664,0.017363511361181735,0.0011241097634734764
2665,0.01374943196773529,0.0014337883394670813
2666,0.013775258176028728,0.002478736631368121
2667,0.015019270852208137,0.0010445120741217717
2668,0.014064356796443462,0.0015878206252898663
2669,0.014863562360405922,0.0005827863454102691
2670,0.01588487695902586,0.0020364686808459565
2671,0.01607082683593035,0.0015809885688661918
2672,0.01563993588089943,0.0016489700599229091
2673,0.014618643000721932,0.002922639805721502
2674,0.016890186704695224,0.000725979522852967
2675,0.013814680464565753,0.0015237941502351058
2676,0.015136827863752842,0.0010009369771442798
2677,0.013545143716037274,0.0007767728436180097
2678,0.01546912245452404,0.00227771837053795
2679,0.017848579566925763,0.001598072003841094
2680,0.01336478415876627,0.000592518205138893
2681,0.013758494257926942,0.0019327550265325667
2682,0.014424239285290241,0.0006999415082359457
2683,0.01221973055973649,0.002844734799933352
2684,0.013836278542876244,0.0015312047461558081
2685,0.014830211158841849,0.0019359508631368206
2686,0.017472434006631374,0.0015315563124540734
2687,0.015139620900154114,0.005830221745657594
2688,0.013908488266170025,0.003686877292874333
2689,0.014577789232134819,0.0008917806258629242
2690,0.013739083893597126,0.001228780811014649
2691,0.012576082348823547,0.0011516722758007172
2692,0.012974972538650036,0.0017461979710688329
2693,0.019089110530912876,0.0025562784660046233
2694,0.011851940862834453,0.0007824725160464543
2695,0.012346811816096306,0.001765847035479566
2696,0.014465711414813995,0.0006933267637353696
2697,0.012259644754230976,0.00053713364807302
2698,0.015628998428583146,0.0025024895766775496
2699,0.013445757552981377,0.0014345961178761383
2700,0.013518034890294075,0.0012184934984025074
2701,0.0176331327855587,0.0017100887641004505
2702,0.011874197721481324,0.0018808932365747552
2703,0.015846385471522808,0.0008026897597879375
2704,0.01740261435508728,0.001108482402704707
2705,0.012383056059479713,0.002981210005475999
2706,0.015268270187079906,0.0013458486805886848
2707,0.015647890120744704,0.0020276101753402705
2708,0.014735676720738411,0.004394742979170525
2709,0.016295687817037104,0.0009607323477274343
2710,0.016642418634146453,0.0035008547432108287
2711,0.014536348320543766,0.003476159200582602
2712,0.017394045405089854,0.002885580078813515
2713,0.013692167997360229,0.0013547675271059247
2714,0.013743760660290719,0.004300142568217156
2715,0.01595078893005848,0.0005656991405922869
2716,0.013338801041245461,0.0016980472639560292
2717,0.013475992903113364,0.0025371757291308412
2718,0.015857740454375744,0.0024295028630797176
2719,0.014403415881097316,0.0006477398586966582
2720,0.013755414709448814,0.0009317209111679702
2721,0.016380997896194457,0.0013966672927817356
2722,0.012844850458204746,0.0009236611858048565
2723,0.014455176182091236,0.0006289770582504252
2724,0.01602790292352438,0.0013476908717253437
2725,0.013444796316325664,0.0021411911604371026
2726,0.013174480944871902,0.0016245338523581828
2727,0.014483210667967795,0.0012636851544861924
2728,0.013371064998209477,0.0007625438653894266
2729,0.01572981208562851,0.0064880475657035225
2730,0.01286985568702221,0.002481588676583009
2731,0.01547797979786992,0.002577573724397241
2732,0.015258190389722585,0.0011148761179655383
2733,0.014420734904706477,0.0032517842387091624
2734,0.011156496591866016,0.0015312522535741789
2735,0.0158144343085587,0.0007932482238249751
2736,0.01466525387018919,0.0009317059478122894
2737,0.012370738051831722,0.0008554754855289851
2738,0.013876024689525366,0.0008221402364043034
2739,0.012537248320877553,0.0009403237315494414
2740,0.011600550170987845,0.0011650399099206168
2741,0.016327743269503116,0.0014940956272567584
2742,0.014057508073747157,0.0014005610280772287
2743,0.011337547451257706,0.0007837516437476016
2744,0.016093450486660003,0.0004708983740858632
2745,0.016729070506989956,0.0060595473886965075
2746,0.01534923903644085,0.0037632516963241546
2747,0.01856399305164814,0.001182054055452806
2748,0.011279531940817832,0.0026069974537926074
2749,0.015063047073781491,0.008404010090313545
2750,0.01378224864602089,0.003100109967556208
2751,0.01774271111935377,0.00939596460953559
2752,0.015695911012589932,0.000928012843958217
2753,0.014593146741390228,0.0014403547560604775
2754,0.014932711571455003,0.0005673913636774284
2755,0.012493821578100323,0.003008589052837597
2756,0.014911773540079594,0.000717327694411785
2757,0.013761357478797436,0.0007805232172321579
2758,0.012330744508653879,0.0016169438827527713
2759,0.017494574096053837,0.0037635554725380794
2760,0.019145074486732482,0.000546482312317606
2761,0.011122940070927144,0.0014230267990744125
2762,0.013019889257848263,0.0005528191933791115
2763,0.013305553980171681,0.0007041838862901324
2764,0.013834777679294348,0.0013238562204020276
2765,0.015402403958141804,0.0010606444341908783
2766,0.01304918460547924,0.000838721776221662
2767,0.013038148209452628,0.0007763606741743749
2768,0.014375272318720817,0.0007413276949616736
2769,0.015034985188394785,0.0030547665234348952
2770,0.014555923640727997,0.0010163010841981852
2771,0.014124318361282348,0.0021614797273012873
2772,0.012729237787425518,0.00117537441454335
2773,0.014844835177063942,0.0007274403661004688
2774,0.014500219486653804,0.0011801361712333682
2775,0.011038994807749987,0.002824158835135502
2776,0.013144553489983082,0.0011103873137920483
2777,0.012320745587348938,0.0012692967062969119
2778,0.013724071756005287,0.0008776603316033438
2779,0.015627204338088632,0.0020417799305630056
2780,0.01475984388962388,0.0013263435310314168
2781,0.011111053749918937,0.0006921831067900288
2782,0.01673061791807413,0.002301401994510056
2783,0.012647016514092684,0.0012549650727783981
2784,0.01242796666920185,0.0010137728412240132
2785,0.013353826366364957,0.00150912193492157
2786,0.014068428203463554,0.0014083929908500143
2787,0.015417599715292454,0.0020238657853540593
2788,0.014105475507676601,0.0010235735393856486
2789,0.011788733042776585,0.0010368810338287117
2790,0.01534112561494112,0.0011290040262655853
2791,0.015671360716223718,0.0018361822928442326
2792,0.012265287078917027,0.001799208175052876
2793,0.0158942243270576,0.0006204064963752251
2794,0.012345466315746307,0.0011550934948601236
2795,0.013778023719787598,0.0013112891975739231
2796,0.012354095540940762,0.0016294422620039893
2797,0.0122128926217556,0.0016416274218450059
2798,0.013987833112478256,0.0035894677387422894
2799,0.013258750475943088,0.0010838486933570407
2800,0.014223066046833993,0.0025743421084209257
2801,0.011561652421951294,0.002430366773209343
2802,0.0125440395437181,0.0014905189299534954
2803,0.0134092403575778,0.001996379366386937
2804,0.0125589357316494,0.0034364577102130407
2805,0.014211163632571697,0.0010632113936318926
2806,0.016465619616210462,0.0009365056813630747
2807,0.015013858675956726,0.0008562376470726034
2808,0.01747213628143072,0.0014211601762687915
2809,0.01548667386174202,0.0016148462030424239
2810,0.014653813298791648,0.0008641304089432608
2811,0.011386529337614774,0.000741065244592267
2812,0.012624608352780342,0.000885949707119598
2813,0.012407098338007927,0.002414762185988565
2814,0.014464465342462063,0.0007785145585642081
2815,0.014087380580604077,0.0008560855725815214
2816,0.014360368549823761,0.0016885590739548206
2817,0.013871817328035831,0.0010103169415618153
2818,0.012874742150306701,0.0007899774211356799
2819,0.013463156707584857,0.0018233481131985222
2820,0.013406460732221603,0.0007591212592135528
2821,0.014267455376684666,0.0009297854785348149
2822,0.017114237397909165,0.0029306975895003096
2823,0.010166782289743423,0.0016750011581940297
2824,0.014223173670470714,0.0010181305589543478
2825,0.01583620931953192,0.003663666042409939
2826,0.015710977613925935,0.00196353915747102
2827,0.01543198224157095,0.0014165957531674879
2828,0.016804894134402275,0.00173265987302317
2829,0.015971375815570354,0.0011514758217556734
2830,0.019077430684119462,0.0023843180133055336
2831,0.01129020208492875,0.0008957145292286391
2832,0.014418956451117992,0.00042570036639019286
2833,0.011660230439156294,0.0016044823304121702
2834,0.012332959659397602,0.0008893599837367768
2835,0.01137201838195324,0.0006896198018731498
2836,0.01454886980354786,0.0022128423459011398
2837,0.01573445849120617,0.0012260196468958707
2838,0.011861044503748417,0.0007539101707277028
2839,0.012237119004130364,0.001592674110824727
2840,0.013307015523314475,0.0007009124351435737
2841,0.01048599436879158,0.0016987702955989397
2842,0.015874623879790307,0.0023675745270176703
2843,0.017785748206079005,0.0008932772516719486
2844,0.013287728205323219,0.00042949377380515616
2845,0.010792316868901253,0.000937378469456708
2846,0.011298681488260626,0.0011106753500165698
2847,0.016131418123841286,0.0004602072922726583
2848,0.011823380887508393,0.0007191373553399749
2849,0.012477001529186965,0.0005952148022104616
2850,0.014837930090725421,0.0014570745964828011
2851,0.011300281006842852,0.0013041081615047503
2852,0.0113355378434062,0.0015776572826363094
2853,0.015330557338893413,0.0012303099135090023
2854,0.015094228684902192,0.001025922306213681
2855,0.01659485850483179,0.0008142492504154926
2856,0.015613794960081577,0.002253516494258218
2857,0.015333473980426789,0.0006574719063044615
2858,0.014985290579497814,0.001755355007321357
2859,0.012929911836981773,0.0020580409343469224
2860,0.014431164935231208,0.002972619269961772
2861,0.014400670044124127,0.002513424796371223
2862,0.010162198292091489,0.0011021463943594327
2863,0.014387553706765175,0.0012209335057390216
2864,0.012870909553021193,0.003369900774312754
2865,0.016342301964759828,0.0013170311426184114
2866,0.015097623430192471,0.0015039404324727924
2867,0.01029432063922286,0.000547629633255794
2868,0.011514533683657647,0.0036730429297950986
2869,0.01517392486333847,0.0011603336283707456
2870,0.014919775854796171,0.0029142603456769906
2871,0.013417001739144325,0.0019925748554619717
2872,0.015011126045137643,0.0025538327555133873
2873,0.012661653757095336,0.001615524213850396
2874,0.01570901518687606,0.0014601782640467768
2875,0.014750909507274628,0.003850425899743217
2876,0.0158400421962142,0.0030667848617144645
2877,0.017674598023295403,0.00044984276022136925
2878,0.014047387242317199,0.0017018097178525713
2879,0.015935314297676088,0.0012876075335255224
2880,0.01286584559828043,0.0006286055648983264
2881,0.015155104156583547,0.0010873029392837765
2882,0.016068065874278545,0.0012908816707961593
2883,0.012987537048757077,0.0021602242853339406
2884,0.0157218087464571,0.00121685944031924
2885,0.012240413539111615,0.0009860565083752043
2886,0.014220717325806619,0.0013736764827028734
2887,0.010679878778755664,0.002196627869972423
2888,0.014858833886682988,0.0027716837166362022
2889,0.013786681815981866,0.0007286785423200679
2890,0.013789492584764957,0.0011529183479293875
2891,0.01276850089430809,0.0009791134084791763
2892,0.015923175662755966,0.0009289244472923089
2893,0.015080654658377171,0.0005703426657120175
2894,0.013699649143964052,0.00070254078409188
2895,0.01597388632595539,0.001585641245944553
2896,0.015508290911093355,0.0008450676523601917
2897,0.00861713219434023,0.0007655201926317117
2898,0.011666080951690673,0.001045813228439042
2899,0.015864744260907174,0.00043152772031297064
2900,0.016798846945166587,0.004093334002241696
2901,0.01621621325612068,0.001174166174852672
2902,0.01060159295797348,0.0009911687524785122
2903,0.013395730927586556,0.001216593581612209
2904,0.013490033559501171,0.0004913987823497274
2905,0.015434651598334313,0.0008959210033636949
2906,0.012958904691040517,0.00046489916742645357
2907,0.013720218949019909,0.0007148691096617394
2908,0.012954391594976187,0.0006127955540711673
2909,0.014257705360651017,0.0013030472451546675
2910,0.018397844955325128,0.0004347788825015576
2911,0.011815397217869759,0.002513098227472542
2912,0.01317492689937353,0.0011418285039700058
2913,0.011654267348349094,0.0008587191409227272
2914,0.014618093371391297,0.0010736592605148684
2915,0.013376679830253124,0.0004949854211028576
2916,0.012158028595149518,0.0009408367244360891
2917,0.011380259990692138,0.0010094402329230757
2918,0.013521968126296998,0.0016974147221022477
2919,0.012404519487172366,0.001127555266290597
2920,0.014043828248977661,0.0006729928399468071
2921,0.013491871617734432,0.0013772825047067584
2922,0.011840526722371578,0.0020224003995169106
2923,0.012529030442237854,0.0015950401900463726
2924,0.011777044348418713,0.0005312830070990507
2925,0.013698494620621204,0.0018692772758946027
2926,0.018453694581985473,0.0014190415210690195
2927,0.01258959699422121,0.002385375941529462
2928,0.016937168575823308,0.0015581560070779532
2929,0.011484305644407868,0.0034468776613397344
2930,0.01422676445916295,0.0006969963096334178
2931,0.01026234433054924,0.0005968228534297788
2932,0.012958301156759262,0.0018138949143738576
2933,0.01647120524197817,0.0010196465842604433
2934,0.012319362126290798,0.0009658295403662049
2935,0.013848845325410366,0.0006674651207230118
2936,0.013790172897279263,0.0023159730847771855
2937,0.011896759681403636,0.0006741316788128181
2938,0.014763342663645745,0.0021109598184846446
2939,0.01166364088654518,0.0025485275514194206
2940,0.016967901289463044,0.00287879963105621
2941,0.018032982274889947,0.0009384284725680642
2942,0.01663793932646513,0.0014441305109058914
2943,0.015791206434369088,0.0015638965957045351
2944,0.013209367357194423,0.0021971739192289137
2945,0.012764308378100395,0.001423150089279149
2946,0.01280544713139534,0.0013322254464633073
2947,0.014588902443647385,0.002194779880395899
2948,0.012091361805796624,0.0015294617217365806
2949,0.013705228623002767,0.0004142320402722474
2950,0.01324836689978838,0.001915208736995924
2951,0.010651321522891522,0.0006521273892147989
2952,0.01668256975710392,0.0020991679574426723
2953,0.011191926896572113,0.0017390977856400103
2954,0.011521725114434958,0.0012239786726103662
2955,0.016796150356531144,0.0012528707914386099
2956,0.01267775174230337,0.0012697862885407594
2957,0.014786209017038345,0.0007986416757164191
2958,0.01130740761756897,0.0009345288244107968
2959,0.013700597900897265,0.004590131903756155
2960,0.014541151598095894,0.0006509633638739765
2961,0.01652050420641899,0.0007077664047581692
2962,0.013954704627394676,0.0008344508361466842
2963,0.013976448774337768,0.0006690716441905713
2964,0.012660046629607678,0.0006907048805820922
2965,0.01027227494865656,0.001216554648461369
2966,0.012579256892204285,0.0036371241208829294
2967,0.015251120030879974,0.0006237767027987627
2968,0.01606777749955654,0.001992354129619692
2969,0.014486602060496807,0.0013583569770698014
2970,0.01335830233991146,0.001111385329588227
2971,0.01580151531845331,0.00048653703880231595
2972,0.011653840150684118,0.0008510493757904903
2973,0.0177395623922348,0.002675346634669663
2974,0.015884789898991586,0.0005386321429061155
2975,0.01519377389922738,0.003380820171091042
2976,0.015559231527149678,0.0020834022211166075
2977,0.013477644845843316,0.001277361459047725
2978,0.016213853508234025,0.0013378469579636233
2979,0.015556840002536773,0.001092435548094752
2980,0.01254716031253338,0.0006126143653838806
2981,0.012114295642822981,0.0023206318409679685
2982,0.0124313223361969,0.0007782378425336864
2983,0.013019923828542232,0.0006127357072267069
2984,0.013396836556494237,0.0009495249920690509
2985,0.014036132171750069,0.0008093375012546472
2986,0.012980107702314853,0.0014605814358219504
2987,0.014643467292189597,0.0013968055742499355
2988,0.012146356478333474,0.0020952808522389666
2989,0.012484546341001988,0.0013525780671705134
2990,0.016876765340566636,0.001467346696961314
2991,0.013522594142705202,0.0011477417281465221
2992,0.01009825425222516,0.001094528819172809
2993,0.012359672822058201,0.0007477531760567416
2994,0.014841316267848015,0.001770301460454317
2995,0.012309744842350484,0.0004722132191639266
2996,0.013418114818632603,0.001456012923831809
2997,0.014277593027800321,0.0012218337474161223
2998,0.010922265239059925,0.0004900849547096822
2999,0.013350582234561443,0.0020391322522462433
3000,0.010478014945983887,0.000635836367122191
3001,0.011793323643505573,0.0005250195390544832
3002,0.012036845088005066,0.0009408661543889201
3003,0.01734248761087656,0.0009762999834492803
3004,0.012752660512924195,0.0013728658142435836
3005,0.017898700758814813,0.005745457242919158
3006,0.013749590143561363,0.001742456072051563
3007,0.015460221655666828,0.002586608251862942
3008,0.01660606935620308,0.0011397555728812944
3009,0.012661267668008805,0.0014698786696112933
3010,0.01312870105728507,0.0022102482170376875
3011,0.015582621563225985,0.0017774206058326343
3012,0.013697918988764286,0.0008078976606069872
3013,0.014379404932260514,0.000700296055882761
3014,0.012395512722432613,0.0007168313271879563
3015,0.013259181790053844,0.0005257102574719346
3016,0.012271009143441916,0.0012436383308153855
3017,0.012840906344354152,0.001948343490231272
3018,0.013082341067492962,0.0011259829721171153
3019,0.014956250339746475,0.001535545977164213
3020,0.012204891182482242,0.0007937798557216174
3021,0.011992686800658703,0.002261687660181563
3022,0.016221664249897003,0.0017732355172733125
3023,0.011852722987532616,0.0038726314876789915
3024,0.018223140127956866,0.0013561804128223902
3025,0.014379047378897667,0.0016543026200227745
3026,0.010244331900030374,0.0008236283706724389
3027,0.017636513002216817,0.0026683599643460283
3028,0.012586484476923943,0.0010463395753990195
3029,0.013225239254534244,0.0011629564049717499
3030,0.013691939003765584,0.000987504422744379
3031,0.014325190037488937,0.0007517254617932724
3032,0.013839519545435906,0.0014402709984258839
3033,0.013354729954153299,0.004275159444659948
3034,0.016680952720344068,0.002133899728754816
3035,0.01244256842881441,0.0022531010669796436
3036,0.016184331197291613,0.003939107085948121
3037,0.016010445691645146,0.0054878437291983875
3038,0.012453517280519008,0.001185486998970378
3039,0.01406799528747797,0.001495606814748735
3040,0.013858755342662335,0.0014484906345861007
3041,0.016279563121497632,0.0011590619460673211
3042,0.012315793856978417,0.0007059832924039243
3043,0.012789522223174572,0.000776411572388335
3044,0.012213361822068692,0.0006763115755983227
3045,0.012376493103802204,0.0020802647117780498
3046,0.01360282015055418,0.0016326873008263845
3047,0.011166070438921451,0.0004260291153850506
3048,0.012825636062771081,0.0017191680875440984
3049,0.012303448431193829,0.0015823069001246587
3050,0.01517729565501213,0.0006475265652949169
3051,0.016082709431648256,0.000983816385249231
3052,0.01743488147854805,0.004845553441355898
3053,0.016316076815128325,0.0018886419053808212
3054,0.011205057632178068,0.0003984916366378407
3055,0.012992300763726235,0.0007479252048117453
3056,0.017033546157181265,0.0035353151934655156
3057,0.011063575707376004,0.0016643169769787625
3058,0.014970275834202766,0.001520428645475576
3059,0.01303783867508173,0.0026557366355730552
3060,0.012310363762080669,0.001577700158160129
3061,0.013451212234795094,0.001195215886420481
3062,0.010116897597908974,0.0019979243523964327
3063,0.012049928829073906,0.0011722588056877052
3064,0.01025066502392292,0.0012106433325791604
3065,0.011519503444433213,0.0009229359590155009
3066,0.01336525246500969,0.0018738417580009324
3067,0.016788147017359735,0.0008711035320318419
3068,0.01301291562616825,0.0011266318695262482
3069,0.01416730932891369,0.0008343823743690673
3070,0.016471477663144468,0.0010830419367715105
3071,0.011089105531573296,0.001549586022196159
3072,0.013295521885156631,0.0010751008457976254
3073,0.013899282962083816,0.0010625633956507256
3074,0.01355261616408825,0.002772167235714932
3075,0.010490916185081006,0.0004328870294158736
3076,0.017137365229427815,0.002283515421392983
3077,0.012123154662549495,0.0007337168730597637
3078,0.01238364279270172,0.0016043504145098466
3079,0.014594390466809272,0.0007692783726506854
3080,0.011019324213266372,0.0013464879203102973
3081,0.0138822440803051,0.000925132792685436
3082,0.014426928535103798,0.0011945707621435597
3083,0.010275804921984672,0.001531210930520439
3084,0.01331106862053275,0.0008416741046646278
3085,0.016045377738773823,0.0015919187364538442
3086,0.013551052547991277,0.0010410236921926884
3087,0.015832156836986543,0.0009126642651932493
3088,0.013445383161306381,0.002248253552115535
3089,0.016307878345251083,0.0006176409533260109
3090,0.012881259508430958,0.0003845077711683762
3091,0.012019970901310444,0.0013145201310056122
3092,0.013443314023315906,0.0003903414224823044
3093,0.015163524970412255,0.0008948893509151363
3094,0.015103138089179992,0.0005335216900837697
3095,0.010623516552150249,0.0007197792093231254
3096,0.011652860902249812,0.0010511066783729889
3097,0.01306728295981884,0.0019246636637110161
3098,0.01688373051583767,0.0022499917859645333
3099,0.010149976201355458,0.000980713686783007
3100,0.01249204732477665,0.0014639973356579876
3101,0.012852765507996083,0.001094428109553681
3102,0.012834941893815994,0.0017067265843538797
3103,0.014174924232065678,0.0006958017171972929
3104,0.010354491695761681,0.0014140826182707838
3105,0.016030396707355975,0.002541325941732893
3106,0.01252639289945364,0.0005214305703503507
3107,0.018013090565800666,0.0031752423191927885
3108,0.01519923161715269,0.000675846149184907
3109,0.014478218331933022,0.0007074825551495601
3110,0.013187921401113271,0.0017263723987039842
3111,0.011443513445556164,0.0010455008957986336
3112,0.010369429066777229,0.001101873890410675
3113,0.013175955265760422,0.0018044055235406308
3114,0.011724024713039398,0.0010239939406284527
3115,0.015250772647559642,0.0011694725500802472
3116,0.01402387499809265,0.0010811638835361483
3117,0.01214011624455452,0.0005079817198486424
3118,0.013676536343991757,0.0015035042545617852
3119,0.012229838483035564,0.0007025173893963841
3120,0.011211045794188976,0.0006713512252333689
3121,0.012356669902801513,0.001032107360565346
3122,0.011674740556627513,0.001289858809299129
3123,0.011205669902265071,0.0016110172688208317
3124,0.01342841112986207,0.000937978349337418
3125,0.011401841677725314,0.0006407625687767891
3126,0.014364906027913094,0.0009378828188047222
3127,0.01376480333507061,0.0007147617617778301
3128,0.014510483592748641,0.0012415833787176095
3129,0.013036287240684032,0.0010222498237192057
3130,0.01455068465322256,0.0004482918710181528
3131,0.011664037741720677,0.0004986504850110154
3132,0.01455986101180315,0.002829008837779091
3133,0.012633480578660965,0.0012646710702651882
3134,0.01574872963130474,0.0008203907923977057
3135,0.011311278343200684,0.0005952482827786
3136,0.014329773969948292,0.0005971817216000277
3137,0.012030367963016033,0.0008472340338550865
3138,0.01045289784669876,0.0011162580802641198
3139,0.01342184491455555,0.0010406557352550022
3140,0.016180094927549363,0.0007374581557137203
3141,0.013840508759021758,0.000554925398119687
3142,0.01395540926605463,0.0007308207496949663
3143,0.015092545300722121,0.00332335648063111
3144,0.010471955416724086,0.0020609122656336794
3145,0.012391869276762009,0.0011268704946229412
3146,0.012943573519587517,0.000560602487171745
3147,0.013525045327842235,0.0021689667634359777
3148,0.01341908372938633,0.0012667765189041957
3149,0.012308805435895919,0.0011618060501585778
3150,0.01310736384242773,0.0009411039502257864
3151,0.01037003157660365,0.0028288270592408842
3152,0.01346554908901453,0.00043692863205438225
3153,0.01238797951489687,0.0013115219803756639
3154,0.012172981314361096,0.0015623472656493317
3155,0.011956486105918884,0.0018099043231253346
3156,0.013784484080970287,0.0013734746121559036
3157,0.012626844234764576,0.0007547969827811196
3158,0.011630821861326695,0.0027211949210103653
3159,0.013648968189954758,0.000686060518428224
3160,0.015349949114024639,0.001428014866701544
3161,0.012762605026364327,0.001568042341466636
3162,0.01362174779176712,0.0007164326005245316
3163,0.013376387283205986,0.0008402305445075673
3164,0.01398052804172039,0.0035489460274781264
3165,0.014104662202298642,0.001009010505696682
3166,0.013034376502037048,0.002698557961681118
3167,0.01513018511235714,0.0010628383036556156
3168,0.01310516580939293,0.0008131233203441721
3169,0.010755465924739837,0.0020774371422865516
3170,0.01428955864161253,0.0029526946472948137
3171,0.011454620063304902,0.0012345218966987738
3172,0.012872391678392887,0.004073412163974079
3173,0.009863315410912036,0.0014136025788938653
3174,0.016022050082683564,0.0009775485192371328
3175,0.011415044479072094,0.0005011891548311312
3176,0.013122254014015199,0.0008951713775973512
3177,0.013070745319128036,0.0007485311597183806
3178,0.014381965063512326,0.001504719735773867
3179,0.014261945858597755,0.0017346715018765567
3180,0.01385985940694809,0.0005223035341135086
3181,0.015955753568559886,0.002433407094890941
3182,0.017253558933734894,0.0004039409772528029
3183,0.01376967397518456,0.0006240054036886113
3184,0.011152584869414568,0.0015391757128096811
3185,0.012944917418062687,0.0005129586139471391
3186,0.012690332494676113,0.001728167626624034
3187,0.012986692450940609,0.0013268302634919752
3188,0.011387089807540178,0.0009127073811226818
3189,0.011810638420283794,0.0008814314999043533
3190,0.015526841282844544,0.001266151413079096
3191,0.013060303553938866,0.0032895554163276334
3192,0.014834525901824236,0.0008224865316201244
3193,0.013141089528799057,0.0024518018607560493
3194,0.013234905563294888,0.0017601078964629504
3195,0.01682579256594181,0.0037096339813752536
3196,0.013972303699702024,0.0007010538585795798
3197,0.012514337673783302,0.0035057839401678678
3198,0.013752078339457512,0.0006444243294001902
3199,0.010270550064742565,0.0008233675991554987
3200,0.0116732578817755,0.0005769386731266772
3201,0.014253255315124988,0.0007605176926941343
3202,0.013166665360331535,0.0012129142470594036
3203,0.013688978776335715,0.0010991826117651103
3204,0.011256240904331208,0.0007859241111325228
3205,0.01561036817729473,0.0021835634395582218
3206,0.014492958635091781,0.0024454358451655262
3207,0.016031947657465934,0.0015547204753128838
3208,0.012397866398096084,0.002809918166635788
3209,0.012582879588007927,0.0016586483736866957
3210,0.013188728019595147,0.0013360394219140688
3211,0.012588023245334624,0.0011764851858048406
3212,0.01250767644494772,0.001224051252779334
3213,0.015074604265391827,0.0010164046320388068
3214,0.011055506495758892,0.0037528731069234136
3215,0.015709911584854127,0.00113907170143897
3216,0.010927281565964222,0.0017220749398565863
3217,0.010882055535912514,0.0009860918922541177
3218,0.013659737706184387,0.0029463755502684478
3219,0.011961196847259999,0.0009838147934092439
3220,0.01152041021734476,0.0024657694316686015
3221,0.013011970948427916,0.0013630504397777457
3222,0.01300399238243699,0.0018847754866216486
3223,0.015254796459339559,0.0015395248870122922
3224,0.013522557578980923,0.0020472826181005127
3225,0.0136885828897357,0.0013694327678658988
3226,0.011642474122345448,0.002133276396469302
3227,0.012506564445793629,0.0011299469505041226
3228,0.01314050953835249,0.0015884731281851738
3229,0.016421298421919348,0.0029865816707582505
3230,0.016028608940541745,0.0010872814973356994
3231,0.012162911184132099,0.002374582987737982
3232,0.014989035911858082,0.0008735278069539225
3233,0.010863649696111678,0.002346255771866808
3234,0.014429420530796051,0.002237228102573793
3235,0.01382064886391163,0.0008727621330165189
3236,0.01257026819512248,0.0019377180222064664
3237,0.013695285692811011,0.0007421051212650252
3238,0.01361550260335207,0.0010592569102699013
3239,0.010068860054016113,0.0019228207776705696
3240,0.011851938124746084,0.0016467796129490287
3241,0.014985467866063118,0.003135819090147541
3242,0.010647741183638572,0.0011616623290648608
3243,0.015776027776300907,0.0026756245451532816
3244,0.01595940537750721,0.002158839194971609
3245,0.0118547285720706,0.001282301125609418
3246,0.014895927608013153,0.0010274696077717698
3247,0.013140849312767386,0.0018639615752849064
3248,0.014874642267823219,0.0016015555122739647
3249,0.01173702840693295,0.0013963443479079701
3250,0.011796876937150955,0.002353923978947409
3251,0.012692766450345516,0.0024120263047261187
3252,0.013102808445692062,0.0021296840189790277
3253,0.013918443955481053,0.0009414920240898986
3254,0.014409339688718319,0.0007955172523371365
3255,0.010652990471571684,0.001414148999722547
3256,0.011501432806253433,0.0015150514823601467
3257,0.014561493806540966,0.0010302241027278648
3258,0.012583549674600363,0.0009424898594821969
3259,0.012646560706198216,0.0014567200145492816
3260,0.014570711627602578,0.0021102382093412825
3261,0.012335073575377465,0.0010370069672991458
3262,0.013717687800526618,0.0012557218696488297
3263,0.01348828325048089,0.0033294808706396247
3264,0.012759003825485705,0.001187430974574479
3265,0.013681571818888188,0.0008495908512810424
3266,0.014853871054947376,0.0009061332432431972
3267,0.011485413424670696,0.001649102440290472
3268,0.019005791544914247,0.005179061280078676
3269,0.013000948540866374,0.0012411527131916955
3270,0.013018152192234993,0.002239372861916072
3271,0.012898854557424783,0.0019551061683060118
3272,0.010150545574724675,0.00217329115887517
3273,0.012456961199641228,0.001042654138211518
3274,0.010851214863359928,0.0011114235999292298
3275,0.014444697983562946,0.0016704996001638778
3276,0.012876006811857223,0.0011936796929572441
3277,0.012924903705716133,0.0009476126535247042
3278,0.013910924326628446,0.0007439565712072542
3279,0.011119965948164463,0.002707573872263709
3280,0.012923193611204625,0.0007015305458829572
3281,0.013473278358578682,0.0005546652130648647
3282,0.011742264591157436,0.001834932258607794
3283,0.013845441341400146,0.0006429702323607858
3284,0.013479384034872055,0.0010521067736976562
3285,0.01188292697072029,0.001298934416223496
3286,0.01449019107967615,0.0004416433918889459
3287,0.013124196380376816,0.0019407248481699865
3288,0.012006829530000686,0.0007835646018015909
3289,0.013128362223505973,0.0020855530101346643
3290,0.011392778307199479,0.0010777974791493113
3291,0.01631895227357745,0.0017802174687895872
3292,0.013504568841308356,0.0007551629353419891
3293,0.011187573671340942,0.0005731041089086219
3294,0.015201739445328712,0.0005734645639353253
3295,0.00968721605837345,0.0006300604340862738
3296,0.01184980534017086,0.0011389064955387954
3297,0.017782306596636772,0.001227484376501445
3298,0.010939339809119701,0.0010583449724411004
3299,0.010942892692983151,0.001888057590168837
3300,0.01500399585813284,0.0010979521927130345
3301,0.012007627636194229,0.0008831364668790915
3302,0.009722820166498423,0.000417463366206965
3303,0.013076865840703248,0.0012807043489349418
3304,0.012259403951466083,0.0023582501413479244
3305,0.012743461355566978,0.0010478411775643696
3306,0.012157300636172295,0.0007216366133907784
3307,0.010474356077611446,0.0011702510815317908
3308,0.011629203148186208,0.001199055598627725
3309,0.012919493932276965,0.0030065193287517927
3310,0.013059531785547734,0.0009070969623679372
3311,0.014244067072868348,0.002368343834548372
3312,0.016279233172535896,0.0008887207097284598
3313,0.011506586112082004,0.0008047723348096192
3314,0.01225258134305477,0.0006156801057729092
3315,0.010912603177130222,0.0019522683171887105
3316,0.015027433056384326,0.000489873538305664
3317,0.013852570541203021,0.001863387071253247
3318,0.012819637488573789,0.0006195963450072793
3319,0.01244676861912012,0.0006709520013130602
3320,0.01358160637319088,0.00045341111369564976
3321,0.013518633730709552,0.0014012088885128958
3322,0.01257520381361246,0.0010326309998723844
3323,0.016297761648893357,0.0017481130637126427
3324,0.01573312282562256,0.001043112517959655
3325,0.012086164988577366,0.0005774848030167249
3326,0.011634163036942482,0.0020044226333345862
3327,0.012505289167165756,0.0007669079386189018
3328,0.010706300344318152,0.0011639960227001534
3329,0.013249820321798325,0.001060101464956884
3330,0.011920321434736252,0.0024710571304065723
3331,0.016084295324981214,0.0025908310135367187
3332,0.01135077966377139,0.0021327668713239877
3333,0.013605320900678635,0.0005541561720822021
3334,0.012148308623582125,0.0010350742255742598
3335,0.010391597226262093,0.0006734065911636931
3336,0.012595514804124831,0.0022478378409749433
3337,0.012471443936228753,0.0008720318250173116
3338,0.009053205400705337,0.0009072644380678755
3339,0.012385967932641507,0.0015869419447669428
3340,0.01614385824650526,0.0013694707910236839
3341,0.008493145368993283,0.0016156057332808228
3342,0.010468141958117485,0.0021117471081957425
3343,0.015323921106755733,0.0008313636604875122
3344,0.012929015010595322,0.00044062136902078375
3345,0.012000049762427807,0.003411994012685059
3346,0.013862125054001808,0.003131244752607117
3347,0.011059798821806908,0.0009487877322411904
3348,0.012749491538852454,0.0009192241904364056
3349,0.014041658565402031,0.0009223216110425809
3350,0.010719472728669643,0.000601584745223366
3351,0.013843568414449692,0.001986336342556632
3352,0.012799243554472923,0.002385019968991002
3353,0.01327126607298851,0.0015247997689086382
3354,0.017941168695688247,0.002348459587266592
3355,0.013808103315532207,0.0027868893316050684
3356,0.01300473142415285,0.0026058496090851416
3357,0.013178444281220437,0.0012335984494014044
3358,0.012412000559270381,0.000815924145209552
3359,0.012925297413021326,0.0016229384170513446
3360,0.013888988494873047,0.0012699407828359367
3361,0.012381794489920139,0.0014405948259829454
3362,0.013172898236662149,0.0010847317633754894
3363,0.012086564972996712,0.002565326851677813
3364,0.010259606130421161,0.0005733662082379914
3365,0.013095579892396927,0.0017414437176353516
3366,0.012488638386130332,0.0008409186194599798
3367,0.013183349855244159,0.0008572960190302756
3368,0.0130487497523427,0.0015130025567486882
3369,0.016095418520271777,0.0013444708334919933
3370,0.011020663753151893,0.0006558457337645176
3371,0.011691840551793575,0.001613291103252503
3372,0.01448120091110468,0.0008890285485181703
3373,0.011098573841154575,0.001294120358405252
3374,0.012212293595075608,0.003206368854703152
3375,0.012437789067626,0.0010501615268940566
3376,0.011382215023040772,0.0016806201486248677
3377,0.012850742638111114,0.0009310271695402949
3378,0.01224835880100727,0.0018965140533671804
3379,0.014308236949145793,0.0011775627786497751
3380,0.012673025131225585,0.004219877712224445
3381,0.015827131010591983,0.0006427893679021309
3382,0.011553719379007817,0.0033249658443135757
3383,0.014587401188910007,0.0008408780754320578
3384,0.013405865952372552,0.001475758735753902
3385,0.01398899607360363,0.001119857834180026
3386,0.01415243323892355,0.0022600148198488232
3387,0.010359489098191262,0.0006961541388690956
3388,0.013402444943785667,0.0015178986710228332
3389,0.01215898610651493,0.0020294991762007343
3390,0.012064840868115425,0.0007866646525169378
3391,0.01143937859684229,0.0008816328370139921
3392,0.013030563704669476,0.0035072183874371933
3393,0.011122279353439807,0.00069781378619628
3394,0.013557253554463387,0.0035169481312575406
3395,0.014616014175117016,0.0019049064402966059
3396,0.013467046022415162,0.002059400540916887
3397,0.013445502407848834,0.0025826453244032926
3398,0.013577161058783531,0.003049462695593295
3399,0.01197111263871193,0.0028375122466520086
3400,0.011951828077435493,0.0007109223539647582
3401,0.013053356539458036,0.005061640123492235
3402,0.014490108489990234,0.0015870097941680721
3403,0.016306446157395838,0.001142347891725702
3404,0.014057816825807095,0.0021416368026745645
3405,0.012579016145318747,0.0016399565071492674
3406,0.010280726104974746,0.002158618104733425
3407,0.013927622847259045,0.0020885550263911893
3408,0.011276797968894242,0.001072223293068755
3409,0.011978878527879716,0.0030266593580376613
3410,0.013785007484257221,0.0006472532484323195
3411,0.013892922773957253,0.0007615232125691326
3412,0.013846563212573527,0.0009418215211130015
3413,0.014001499302685261,0.0009156150912008031
3414,0.012127068378031253,0.0007014558772151422
3415,0.012078051120042801,0.0015880463242990105
3416,0.011381712462753057,0.0005517916072938235
3417,0.009225182831287385,0.0011270584389372021
3418,0.010734665375202894,0.0009880038895261512
3419,0.015532415173947812,0.0032026217612501694
3420,0.012961451634764672,0.0018737056094846906
3421,0.015718746483325958,0.0005456732227411185
3422,0.012343696020543575,0.0011181837858389807
3423,0.009794458895921707,0.0007265417947041585
3424,0.011912353858351708,0.0008652111685241586
3425,0.011605897694826126,0.0007653112370960976
3426,0.011925896927714348,0.0005148913179466833
3427,0.011083999332040548,0.0013420922260680428
3428,0.014062018617987632,0.0006237654525735607
3429,0.015961055010557175,0.0019086899462296334
3430,0.013880706578493118,0.00042844188313098777
3431,0.01194773368537426,0.0012469232115856282
3432,0.01216366160660982,0.0010314378608337106
3433,0.011383974589407445,0.000626361649902059
3434,0.011974412128329276,0.002116324290735264
3435,0.011863573528826237,0.0006909073348004014
3436,0.010783649906516075,0.0005203044958562552
3437,0.011946490108966827,0.001698611597594333
3438,0.012929494604468345,0.0005978020362568738
3439,0.011801394559442997,0.0006226846014950042
3440,0.012651311419904231,0.0009809205251146262
3441,0.011132382787764072,0.0007884511507330749
3442,0.01181521512567997,0.0010733005338769458
3443,0.012691537383943796,0.001742012453527024
3444,0.012376768421381712,0.0009073563293260458
3445,0.014481237791478634,0.0017742579834765359
3446,0.015230263024568558,0.001550651356348232
3447,0.010728371050208806,0.0005994409426196784
3448,0.011578659377992153,0.0011614329613783487
3449,0.01190249176695943,0.0014433032513694992
3450,0.01386397983878851,0.0013584141702828163
3451,0.013617058042436838,0.0007291162627340894
3452,0.01109089544042945,0.0014477587107262792
3453,0.012520584985613823,0.0007992878919850066
3454,0.009664683900773526,0.0014535745969424918
3455,0.012322757579386234,0.001412405568647058
3456,0.012831383123993874,0.0028721576888267306
3457,0.011429132148623466,0.0010703198941845499
3458,0.010173373147845268,0.0037525125830242894
3459,0.011056951619684697,0.0005343622437914298
3460,0.012054532207548619,0.0018630819203816864
3461,0.01553501222282648,0.0005690078563032966
3462,0.012732948884367943,0.000827383427013171
3463,0.01704912818968296,0.0012769318099631226
3464,0.014032431244850159,0.0015477529337808286
3465,0.014103497080504894,0.0027235957781133586
3466,0.012517477385699749,0.0006155592994604974
3467,0.010072082839906215,0.000563992203926119
3468,0.011187542788684368,0.000517486055997162
3469,0.011046127900481224,0.000870674395852416
3470,0.012490273416042329,0.0015438900565192715
3471,0.01272060003131628,0.00115430653286613
3472,0.01301557831466198,0.0023173752004816517
3473,0.011945679932832718,0.0020122289337051956
3474,0.011174061074852944,0.0011754562988181994
3475,0.013437063060700893,0.0012650214086210177
3476,0.013444571346044541,0.001288116622512063
3477,0.01286106301471591,0.0020869267523952136
3478,0.014613912999629974,0.0013744756388031456
3479,0.01178786151111126,0.0012491911056464258
3480,0.010739147439599037,0.0004914405557154742
3481,0.009967141970992088,0.0013472326291240242
3482,0.01343488048762083,0.0007563479320857393
3483,0.009625360146164894,0.0012489209391738046
3484,0.015431758873164654,0.0007561343755534761
3485,0.01222600057721138,0.0006205040506208443
3486,0.013248256593942642,0.002175797159745269
3487,0.011365599986165762,0.0019052779015547544
3488,0.012636907957494259,0.0006781269528875957
3489,0.016117315627634524,0.000828067475470574
3490,0.013368809558451177,0.001168577536328198
3491,0.011687818039208651,0.0007031736361207313
3492,0.013745413050055505,0.0009191910423695632
3493,0.01161816880106926,0.000848765192754337
3494,0.010967628415673971,0.000379921887679925
3495,0.011857917346060277,0.0013764900975056912
3496,0.010038901697844266,0.0007315339364190363
3497,0.013162284567952156,0.0018088913025104836
3498,0.01112356036901474,0.002056405767128637
3499,0.01194744423031807,0.0031048632386357407
3500,0.012940100152045489,0.0007000466898778989
3501,0.013600129932165146,0.0033028610369624342
3502,0.012431822717189789,0.0006770635476616556
3503,0.008975085839629172,0.001077242819145832
3504,0.01401585180312395,0.0007203757772477318
3505,0.01261559510603547,0.0006591843518672498
3506,0.014208102338016034,0.0008415382385153438
3507,0.014492169637233019,0.0006303643586101291
3508,0.010019187666475773,0.0006764362665245705
3509,0.009230205062776805,0.0026305658385565836
3510,0.009277112502604722,0.0005411659582671135
3511,0.012110328190028668,0.0016215123772008778
3512,0.010630843322724104,0.0017733507070447994
3513,0.011169404163956642,0.0007930017706949251
3514,0.01001031232997775,0.001462255942647996
3515,0.011015849653631449,0.0007207268732998597
3516,0.010074614658951759,0.0007751839090304526
3517,0.012210448123514652,0.0005889460840142868
3518,0.013080419078469276,0.0011953479986739892
3519,0.010533699877560138,0.0015199301295518264
3520,0.014159602113068104,0.002454630651013696
3521,0.01405690111219883,0.0005925930743440603
3522,0.010897165909409524,0.0009672064429837956
3523,0.014329716078937054,0.0006525325750348426
3524,0.013282397631555795,0.0010718324210507515
3525,0.010031751319766045,0.0012064840973909842
3526,0.01074100073426962,0.0013745031813925056
3527,0.010672781961038708,0.0005016196792234016
3528,0.011128145698457957,0.0011588446716203878
3529,0.013187044151127338,0.0009268581889544244
3530,0.00970585223287344,0.0009192208247578205
3531,0.010824978426098824,0.0009180715272509276
3532,0.012730639949440957,0.0013751333295559025
3533,0.011772526167333127,0.0009794036462290646
3534,0.011715888008475304,0.0021441990305503754
3535,0.012278884947299958,0.0010750770062720083
3536,0.012604728527367114,0.0008686849235856829
3537,0.010942526273429393,0.0006481162168736225
3538,0.01132702747359872,0.0005345016992802426
3539,0.012066723238676786,0.0009980808950686342
3540,0.013043710328638554,0.0017131517469015432
3541,0.012142533902078867,0.0007491797600092992
3542,0.012093854639679193,0.0007167927062055989
3543,0.013970238007605076,0.0013765557525577407
3544,0.010866439081728458,0.0005444366654719239
3545,0.013442574050277472,0.0006271232593200992
3546,0.01156078401952982,0.0011329538051727903
3547,0.011113096158951521,0.0006259640125391928
3548,0.013149658516049385,0.005913540950580819
3549,0.01011560184881091,0.0013090921892810051
3550,0.013795359823852778,0.0011556602249795903
3551,0.016479377336800098,0.0010790551150670555
3552,0.0117223053984344,0.0004484241761343732
3553,0.01243642795830965,0.0003474650956165645
3554,0.013293976038694382,0.0007826191957638127
3555,0.009400929734110832,0.0007021898221964501
3556,0.009086660733446479,0.0006774249590282673
3557,0.012936104089021683,0.001955532562944477
3558,0.010240284074097872,0.0020209090331288642
3559,0.01230530746281147,0.0010728957578029536
3560,0.013588271364569663,0.00290407581982037
3561,0.011952835656702519,0.001129487717375861
3562,0.014981459267437458,0.0014844994763971294
3563,0.012761087380349636,0.001185663566726885
3564,0.014700095504522323,0.0008689769215192901
3565,0.011543341055512428,0.0005225829757376868
3566,0.011403128430247307,0.0010592496909252176
3567,0.014258321337401868,0.0072398925174589025
3568,0.011407726891338826,0.0011594605490394664
3569,0.008630770295858382,0.0008250066367845523
3570,0.012258509546518326,0.0024993209613244725
3571,0.014230310432612896,0.0012599770880738043
3572,0.0119478839635849,0.0011723826341139638
3573,0.011434994451701642,0.0010323605886086414
3574,0.011355955749750138,0.0008197852620880489
3575,0.013469844162464141,0.0010804326069375424
3576,0.010368546582758426,0.0019144340903077223
3577,0.009948447197675705,0.0005749368644239738
3578,0.012071523778140546,0.0006732983557624608
3579,0.011968565881252289,0.00043796350904788233
3580,0.011516373418271542,0.0007178573530288541
3581,0.013237859960645438,0.0008548107450709946
3582,0.012275243774056435,0.0008246268740574485
3583,0.011765753887593745,0.00037146581230008946
3584,0.01342053197324276,0.0014973386615029958
3585,0.015063330382108688,0.0020781619763735374
3586,0.014236872103065252,0.0009478242463457768
3587,0.013640345875173807,0.0005653568489472254
3588,0.012258365638554097,0.0003420848284081766
3589,0.014250915721058846,0.0005090802478163873
3590,0.01274783356115222,0.0029917171046341933
3591,0.010487481467425824,0.0013670240514329635
3592,0.014971044957637786,0.001067481297132087
3593,0.01189899954944849,0.0006800026617695463
3594,0.013494353592395782,0.0006346047906945013
3595,0.013877297043800354,0.0005331413783707133
3596,0.012704590409994125,0.0008821659801170639
3597,0.012201647628098727,0.00134430859997001
3598,0.01074626661837101,0.0010859613858597123
3599,0.01469596941024065,0.0007600721517220548
3600,0.010790563598275184,0.001575793506424517
3601,0.01009277068078518,0.0005910998319549971
3602,0.014102423135191201,0.0013528467181508671
3603,0.01384181909263134,0.002576717727320039
3604,0.011375174727290868,0.005063202694594248
3605,0.013390145674347877,0.0016353516624156028
3606,0.010273259337991477,0.002272026898811431
3607,0.009871201813220978,0.0015686521570163153
3608,0.014475344642996789,0.0006699672117127641
3609,0.012202315255999565,0.0008269650116084424
3610,0.011854444965720176,0.0015427258484821435
3611,0.015123413130640983,0.0025562019763539917
3612,0.013822739981114864,0.0007237593108335229
3613,0.01278646931052208,0.0009426059359238062
3614,0.012943015787750483,0.0006698044876118306
3615,0.012731307558715344,0.0016641435548280404
3616,0.014168033227324486,0.0026889801127453375
3617,0.015067078918218613,0.0012112279615543579
3618,0.011726117581129075,0.003153321243924637
3619,0.010469527877867223,0.0013912436048012253
3620,0.011481609437614679,0.0018377031505822318
3621,0.01176228106021881,0.0025486687632047967
3622,0.014634450785815717,0.0023791012449878943
3623,0.013362316749989986,0.0011303636312408195
3624,0.010667485995218157,0.0010920138678781382
3625,0.010372564978897571,0.0007636427677201413
3626,0.013477687779814005,0.0018642409289995694
3627,0.012705738954246044,0.0011668409649856796
3628,0.01378588516265154,0.0023370593377988634
3629,0.010037250518798828,0.0012695157201960683
3630,0.01454348050057888,0.0020644473237278935
3631,0.00951680265367031,0.0011713391653108984
3632,0.014706891849637032,0.0054642625841988274
3633,0.012316937483847141,0.0004464271306921409
3634,0.011598025951534509,0.0008043117300138413
3635,0.011880447082221508,0.001326133558456467
3636,0.013196117542684078,0.0013140900481543312
3637,0.011654173694550992,0.0008182664420168643
3638,0.01442412544041872,0.0028041627302714815
3639,0.012143813222646713,0.001552935898597416
3640,0.012500024437904357,0.0008783337121114951
3641,0.011404082290828227,0.0016538474169776661
3642,0.012701341770589352,0.0004681946382034978
3643,0.01494714455679059,0.0007860499337691916
3644,0.010626157075166702,0.000816487095618544
3645,0.011770518459379674,0.001264884811188158
3646,0.012525164373219013,0.00237558517056479
3647,0.011117896400392055,0.0008594778706064474
3648,0.011920198556035757,0.0019861153256760474
3649,0.012691424004733562,0.001704976134869742
3650,0.011115473099052905,0.0012459685999664082
3651,0.013621429689228534,0.0015367987463633492
3652,0.011921389885246754,0.0011093989764148855
3653,0.00931304581463337,0.002869034766487471
3654,0.011230384577065705,0.0010968155948419686
3655,0.01378668775781989,0.00175900853634493
3656,0.01163342647254467,0.0021657551645160944
3657,0.01412486206740141,0.0014152176349666225
3658,0.012321341559290886,0.0012265802329176501
3659,0.012952712662518025,0.0011892947161008846
3660,0.011485825069248676,0.0028057986207000196
3661,0.009813461303710937,0.0005913850698262862
3662,0.01229013830423355,0.0006574513122546232
3663,0.011406263671815395,0.0009197804236414599
3664,0.014378311075270177,0.005152958585587266
3665,0.012462877109646798,0.0012576731814116188
3666,0.013625030294060708,0.0011700924345585582
3667,0.012327865716069936,0.0009729878168412778
3668,0.00963495634496212,0.0009300985711639466
3669,0.012244616635143757,0.0026078440172419156
3670,0.011712263152003289,0.0015812893275511195
3671,0.011519183348864316,0.0035158457706542046
3672,0.011135345734655857,0.0014302574085352355
3673,0.01167348761111498,0.0005853606851640706
3674,0.012884823232889175,0.00039910927922417067
3675,0.010926756598055363,0.0002976003107343711
3676,0.012801222456619143,0.002052253539584679
3677,0.012223181873559951,0.0015672959972568468
3678,0.01433235615491867,0.0019697571214773273
3679,0.012049507424235344,0.0030121289557228756
3680,0.016612882651388647,0.0051668002078794455
3681,0.014660579189658164,0.0017518895571175899
3682,0.01080553033389151,0.0016759042085901107
3683,0.010669156983494759,0.0005473447352115939
3684,0.009167444668710232,0.001092285064546621
3685,0.011715317592024804,0.0004580710204844427
3686,0.012721772827208043,0.0003293518963539399
3687,0.012908252105116844,0.0007758480600362057
3688,0.012560162171721458,0.0005235396455558756
3689,0.011757768224924803,0.0010450191896293976
3690,0.012583754509687423,0.0005125145146612091
3691,0.010018845088779926,0.0005160927300481763
3692,0.015448610316962003,0.002642294092180386
3693,0.01242934575304389,0.000687559610687209
3694,0.011352675929665566,0.0005528625921738551
3695,0.013185625113546848,0.0006538683753193528
3696,0.01137978170067072,0.0007583979510842529
3697,0.017900088615715504,0.0014111136488157185
3698,0.011486979573965073,0.001770819333814123
3699,0.011254887878894806,0.0026268294967762003
3700,0.008691254071891308,0.0027220759948249906
3701,0.009956767968833446,0.0011067958245666264
3702,0.011057651601731777,0.0013040875464244044
3703,0.00965460367500782,0.0012862629477215343
3704,0.015115059092640876,0.000712609519362322
3705,0.01104966912418604,0.0020613624963092885
3706,0.010257645919919013,0.001278964656356113
3707,0.01262716345489025,0.001045514213890858
3708,0.01084960339590907,0.0005911576525947679
3709,0.009238913003355265,0.001600875015281243
3710,0.012807950843125582,0.0004869979021936011
3711,0.00898948084563017,0.0006529202968622111
3712,0.014211260844022036,0.001146228268761698
3713,0.015510972142219543,0.0009671240847251595
3714,0.011596449371427297,0.0009575953949497987
3715,0.012502831164747477,0.0014411718355354611
3716,0.013424019850790501,0.004876421368999841
3717,0.00902336984872818,0.0009035144354278949
3718,0.016918658800423144,0.0023123568134407885
3719,0.011889182552695275,0.0007167539339231914
3720,0.013013570457696915,0.0005557078721435511
3721,0.014911107681691647,0.0015192216179295353
3722,0.013392064571380615,0.00046939131086580585
3723,0.011038068048655987,0.0008769526205357317
3724,0.013434088155627251,0.0004928286627097668
3725,0.01045879065990448,0.0007655919028752267
3726,0.01286631627008319,0.0012287563414708391
3727,0.013986591286957263,0.0008594250276187205
3728,0.011277115233242511,0.0009389760320342771
3729,0.012198105715215206,0.0015146444513373179
3730,0.011548739410936832,0.0005119164681723119
3731,0.013075288012623787,0.0005368640305863514
3732,0.010574680529534817,0.0006317068826270047
3733,0.01364655937999487,0.0005545845834940212
3734,0.012260476425290108,0.0009153487594568566
3735,0.011995662152767182,0.0016169968589004895
3736,0.013754917271435262,0.004444764553862688
3737,0.014204606432467699,0.001684238239548692
3738,0.009305643439292908,0.0019028247589219923
3739,0.01228345811367035,0.0010306336936917258
3740,0.012342454642057419,0.001133688703204875
3741,0.011135824508965015,0.0014920328258957766
3742,0.012729632891714573,0.0007557722808448726
3743,0.01259283235296607,0.0012220588675381182
3744,0.014659768976271153,0.0014324466145098247
3745,0.012021972127258777,0.0004397228168609093
3746,0.01079369530081749,0.0007303642412633252
3747,0.011066410429775715,0.0008590141804059585
3748,0.01004936221987009,0.0010248127924469745
3749,0.01282705096527934,0.0010226694819172972
3750,0.010037075113505125,0.0008054098952800827
3751,0.012388466075062752,0.001110246635444003
3752,0.01352348200045526,0.0013293855447220069
3753,0.01063989222049713,0.0007577494980068877
3754,0.012646332401782274,0.0005280405587169074
3755,0.010737362094223499,0.0006695470042297081
3756,0.012436897754669189,0.001721625388536143
3757,0.011926986798644066,0.0010638186773476636
3758,0.010209165140986442,0.0008153424961875155
3759,0.010208542197942734,0.0004673222953386681
3760,0.013111048489809035,0.002403681770872886
3761,0.015824827514588833,0.0005459294547582019
3762,0.012441077493131161,0.0008797505451844724
3763,0.01353817667812109,0.0009560151861291634
3764,0.013137146783992647,0.0006478052125439966
3765,0.011020331270992756,0.0008330547142365616
3766,0.011788564808666706,0.0008799387090233448
3767,0.01130774948745966,0.002849893765651608
3768,0.013048912696540356,0.0016471384450385015
3769,0.012715109549462795,0.0009244829455644933
3770,0.011786620914936066,0.0012458928937271034
3771,0.010661191958934068,0.00043399522917453607
3772,0.011950477492064238,0.004585101613647317
3773,0.014410677179694176,0.0004633098221958092
3774,0.013065001778304577,0.0014919621609980624
3775,0.013485524691641331,0.005271145646549659
3776,0.013513999693095684,0.0011643991136424281
3777,0.012643703222274781,0.000765571691261681
3778,0.012625781521201133,0.0011827853454072794
3779,0.010452811382710933,0.0008940939641595907
3780,0.011945036612451077,0.0004059302187819761
3781,0.014038104955106974,0.0006617078181254129
3782,0.011889654509723187,0.0006786000425289449
3783,0.01149149751290679,0.0007904947118208527
3784,0.011630152063444256,0.0013041550290375336
3785,0.009066190868616104,0.0003264241037357675
3786,0.012155730575323105,0.0031895894072439574
3787,0.009707427322864533,0.0023961279330749624
3788,0.012687832675874233,0.0012369195688260745
3789,0.01182129118591547,0.0007357706071821692
3790,0.011841732822358609,0.0005170731489907006
3791,0.00916941873729229,0.0008777464223285652
3792,0.011954199634492397,0.0005109833716095923
3793,0.010052656810730696,0.0006126512207006334
3794,0.011484251506626606,0.0006242814982726162
3795,0.011823315657675266,0.000694952979432706
3796,0.011531524881720543,0.0005210263358866828
3797,0.015764580778777598,0.0027153959293683915
3798,0.011288511753082275,0.0006094108315640008
3799,0.010166624411940575,0.001006462371649782
3800,0.008381012734025717,0.001071573339549391
3801,0.011242297366261483,0.0007759535251414939
3802,0.010120839662849903,0.0018326045565740907
3803,0.014955920539796353,0.0004942601662562133
3804,0.012673562280833722,0.002093876555740629
3805,0.012178126266226172,0.0021599547866546893
3806,0.013884960170835257,0.0008038202936965207
3807,0.009975204467773438,0.0002839675966840818
3808,0.012987047955393792,0.0017849245389336592
3809,0.011483340505510569,0.0009280256002069745
3810,0.00957977294921875,0.001084566752829793
3811,0.008428510688245296,0.001555309296037032
3812,0.013398846909403801,0.0004570939164881416
3813,0.009148854361847043,0.00036377761666886254
3814,0.011060786037705838,0.0005099386805453185
3815,0.01229302518069744,0.001333754118978467
3816,0.009481721855700016,0.000837929219913299
3817,0.013030141443014145,0.0013868121879991807
3818,0.010587565489113332,0.0003729935959523722
3819,0.014967128410935402,0.0019047116599211545
3820,0.009194685574620963,0.000795007980753961
3821,0.0129045863263309,0.00044551100221076624
3822,0.009666289649903775,0.002198867512586182
3823,0.012114472426474095,0.000686149381990991
3824,0.012017983291298152,0.0008459057248666347
3825,0.0099332460667938,0.002057309871641536
3826,0.0099726040661335,0.0012070277607314009
3827,0.009891482815146447,0.0009738677276987328
3828,0.011127308905124665,0.0005052545584725497
3829,0.009767794571816922,0.0007039999636368545
3830,0.010958105139434338,0.0011477710367004987
3831,0.01291206358000636,0.00043256267225880125
3832,0.011620714403688908,0.0016742691825054688
3833,0.012476384555920959,0.0009816777429938928
3834,0.013505693040788174,0.0005048275536503515
3835,0.011526501923799514,0.0014771942877727369
3836,0.010658922493457795,0.0018245528774233919
3837,0.012513672038912772,0.0007635783643321428
3838,0.009184928312897682,0.0006122563998310584
3839,0.009001857638359069,0.0006046182115575018
3840,0.013378104381263255,0.0016545962465748395
3841,0.010825995486229659,0.000725799668755714
3842,0.012031027153134345,0.0005915530244437084
3843,0.011596842668950558,0.0004883100850436253
3844,0.008801887035369873,0.0008052904382092904
3845,0.011356749199330806,0.0028432029449342662
3846,0.012431636229157448,0.0011645282653785529
3847,0.012928765192627907,0.0019980149881033966
3848,0.010385300181806088,0.00046644223617128263
3849,0.011008082963526249,0.0004657077966740336
3850,0.009710289780050516,0.0011436239966153077
3851,0.01147811895236373,0.000750289335272798
3852,0.009930601362138986,0.0007114422169501243
3853,0.009738039895892144,0.0014011519056049571
3854,0.012602474503219128,0.0017228465342307335
3855,0.010124181378632784,0.000812686450220485
3856,0.012618660107254981,0.000930681001803238
3857,0.010161288417875766,0.0006574050117481806
3858,0.01011576123535633,0.001045044151147547
3859,0.013443671464920044,0.0008789120044253052
3860,0.010520183853805066,0.0006630020222087608
3861,0.012529453709721566,0.0005219648652973151
3862,0.011764609180390835,0.00033747853879890187
3863,0.009932668823748826,0.004078809624818498
3864,0.01177208285778761,0.0023833292740563007
3865,0.010849765688180923,0.0009560680897166468
3866,0.010581363122910262,0.00043823706980456584
3867,0.012409243583679199,0.0009700371485126957
3868,0.014171599932014943,0.0006498245056718588
3869,0.011908188983798028,0.0004425647043406147
3870,0.010865650065243244,0.000940959284254286
3871,0.015230732597410679,0.00046156722526400896
3872,0.010262915287166835,0.0006623991744350387
3873,0.012079930789768696,0.0009213763174332984
3874,0.011226627044379711,0.0008606209087963791
3875,0.01140302919782698,0.00060640874872748
3876,0.010759433545172215,0.001045761115837855
3877,0.011982929538935422,0.0004963936601735154
3878,0.01000741332769394,0.000514704950870659
3879,0.012319398261606693,0.0003451815840615955
3880,0.010391011703759431,0.0019209617748856544
3881,0.012223920971155166,0.0016450364244719074
3882,0.011593167260289193,0.001019520672916894
3883,0.010566582195460797,0.0003671445566857846
3884,0.01181360386312008,0.0004957133568408707
3885,0.009939304739236831,0.0003403595715285955
3886,0.009848539456725121,0.000984478743478962
3887,0.01048535842448473,0.000731947655193125
3888,0.01264373078942299,0.000379506829481776
3889,0.010762574635446071,0.0013517215847969055
3890,0.011203660760074854,0.0008687335497572897
3891,0.0129223744943738,0.000812645651135364
3892,0.010336205177009106,0.001378150325115413
3893,0.01341907685622573,0.0011594322038023439
3894,0.011410987749695779,0.000352087868110449
3895,0.01113391710445285,0.0007656824436957297
3896,0.012726299464702606,0.001153555041663859
3897,0.009627442006021739,0.0017246795875619943
3898,0.01009889617562294,0.0005157506681439684
3899,0.012258759364485741,0.0012641097371121996
3900,0.01098839171230793,0.0008489795328972682
3901,0.011916454583406448,0.0011902554793927615
3902,0.012867517210543156,0.00046551518488279864
3903,0.011565487682819366,0.000555460193762173
3904,0.01148315230384469,0.0013454041606427668
3905,0.009325303863734006,0.001390948037661561
3906,0.009981158580631018,0.0017197606423295627
3907,0.009082529954612254,0.0006534424650304223
3908,0.012886060923337937,0.0004969225609946154
3909,0.010731856096535921,0.0014862959777094322
3910,0.013776884526014327,0.0007666164565805907
3911,0.011608141995966435,0.0012071810747267143
3912,0.013207843005657196,0.00039109729151863424
3913,0.013595882244408131,0.0008230173899728345
3914,0.010177096575498581,0.0005125754695443105
3915,0.009725763779133558,0.0005144712276763143
3916,0.014060502499341964,0.0014379284925095431
3917,0.015293956752866506,0.0007007722485705266
3918,0.010641851201653481,0.0006207541165130264
3919,0.009729491099715232,0.001061961515679037
3920,0.011794932000339032,0.001900956069744409
3921,0.008899089340120554,0.0007218696206508281
3922,0.009773667976260185,0.0003646831361063412
3923,0.010712739713490009,0.0009189399273440956
3924,0.010514348540455102,0.0025195558332161954
3925,0.011553428396582603,0.0012039877689596623
3926,0.012118844017386436,0.0010156711014880709
3927,0.009063936099410056,0.0016057904178200112
3928,0.013793699480593204,0.0008693425963977224
3929,0.010510377883911133,0.0010490410777617386
3930,0.014764154627919197,0.0006363123977454762
3931,0.010413374640047551,0.00047851914491293924
3932,0.012000751625746488,0.0018076619503330695
3933,0.012098263185471296,0.0009884159010914728
3934,0.010244392789900303,0.0005209512880218713
3935,0.013218887317925691,0.0007846748064852587
3936,0.009403956681489944,0.0013395770507137457
3937,0.010254751285538077,0.0004823578516426432
3938,0.010892081782221794,0.0007633898024086853
3939,0.012086934447288512,0.0004410419311320205
3940,0.009496869519352913,0.0005548224642502832
3941,0.01317375048995018,0.0007058524818491344
3942,0.010668900124728679,0.0006059145767996024
3943,0.01081322729587555,0.0011634571160419448
3944,0.0101335265673697,0.0007081060753640885
3945,0.010814761556684972,0.0004917797895645953
3946,0.008650825563818217,0.0006002631620603633
3947,0.011506001874804496,0.0009214789207948193
3948,0.012350421063601971,0.0011941565356970037
3949,0.009081177655607462,0.0005499742628547223
3950,0.010132265649735928,0.0018498235436360518
3951,0.010738502144813538,0.0021516054929297877
3952,0.009727707654237748,0.0011480566614932599
3953,0.012976490631699563,0.000835836559018975
3954,0.00960542269051075,0.0006885463025019033
3955,0.010885820239782334,0.00041439523432030634
3956,0.01155348364263773,0.0006903927535622394
3957,0.011250574700534343,0.0003896599402451849
3958,0.009958558157086373,0.0009997277090019764
3959,0.011509374976158141,0.0007328586756532425
3960,0.009612715803086758,0.0008797609986424803
3961,0.010124609544873238,0.00036786876414337974
3962,0.011607950124889611,0.001113082987913377
3963,0.011367752738296986,0.0004915312256094719
3964,0.01093310620635748,0.0005465048996808186
3965,0.010102334506809712,0.0007209974475251192
3966,0.008563975933939219,0.0005205155852408633
3967,0.012355161346495152,0.0008761667074756825
3968,0.010704161487519742,0.001837139270644737
3969,0.010072083584964276,0.0022106246882411715
3970,0.012139290273189544,0.0011116645381824203
3971,0.011531763114035129,0.001683311505013541
3972,0.010361188240349293,0.0004578103283053417
3973,0.011567259784787893,0.00043145216497503323
3974,0.011459393361583352,0.0012797923401406367
3975,0.011217872649431228,0.0003748390381463663
3976,0.01133090928196907,0.002580412220184321
3977,0.010464661419391633,0.0007051373810000233
3978,0.01162105731666088,0.0027228877369365463
3979,0.01170127049088478,0.000586429049602984
3980,0.011346810311079026,0.0011628653299165506
3981,0.008978336080908776,0.0012468559027981167
3982,0.010008412897586822,0.0010393484388334575
3983,0.012385220862925053,0.0007668079813138569
3984,0.01025339487940073,0.0016150705720463844
3985,0.010871771648526192,0.0010646647249016757
3986,0.007560913190245628,0.0015911332918458606
3987,0.010095022805035114,0.001311607634942111
3988,0.010201525613665581,0.0006582549191478717
3989,0.012803116776049138,0.0006127818617156439
3990,0.011338952854275703,0.0006441455194886059
3991,0.012349010203033686,0.0015472735532269214
3992,0.009080458246171475,0.0008499000280495886
3993,0.012204004433006049,0.0015121762407943606
3994,0.011759651973843575,0.0008781556126164043
3995,0.01356384139508009,0.0004532767279545636
3996,0.01108561536297202,0.0031534734545658302
3997,0.012320240288972854,0.0010741392496577784
3998,0.010558313727378844,0.0012327680314017128
3999,0.012358329333364964,0.0009639077749715684
4000,0.008716563247144222,0.00048828089357774756
4001,0.010891580916941167,0.003015106754403
4002,0.010600414890795946,0.001113379221849705
4003,0.01305298650637269,0.0017954889008749838
4004,0.014192596152424812,0.0005776874588687636
4005,0.011066623777151108,0.0012552781829495646
4006,0.009141390509903431,0.0015007713107928022
4007,0.010314727295190096,0.0012340579047952205
4008,0.011296630315482616,0.0006260956025184834
4009,0.01009572838433087,0.0005928794679962328
4010,0.011410204190760852,0.000639810675176256
4011,0.00936134459450841,0.0005112302569115904
4012,0.012136484831571578,0.0007488106581548306
4013,0.010202559940516949,0.000699260771834317
4014,0.009302948135882616,0.0015061037473010589
4015,0.009995956942439078,0.0012829110555810062
4016,0.009697847552597522,0.0009480378611853716
4017,0.011032530441880226,0.004883693122904594
4018,0.011314634121954442,0.0006377535388958066
4019,0.012577147129923106,0.001950150175492139
4020,0.009404275491833687,0.0013091005257343594
4021,0.009713868647813796,0.0005737108958658622
4022,0.009924289658665658,0.0008827811326314887
4023,0.01429067261517048,0.0007205618049451851
4024,0.012273004688322544,0.00091411385682016
4025,0.010423820931464434,0.0005352617178051669
4026,0.011035159826278687,0.0015333050029505402
4027,0.011786117702722549,0.0016365666646105301
4028,0.008847592119127511,0.001229845669937052
4029,0.012150419130921363,0.0006608502031941834
4030,0.010897706039249897,0.0029387042047583486
4031,0.011141211334615946,0.0006251954585186219
4032,0.010067804120481014,0.0017999363217936599
4033,0.012216961868107319,0.0012629203999108853
4034,0.011371998712420464,0.006429357604085378
4035,0.011345485746860505,0.0007110759420543654
4036,0.011569302761927247,0.0013009986564300137
4037,0.011829520612955093,0.00026557654419862855
4038,0.008381310366094113,0.001134156225442931
4039,0.010939154606312514,0.0009766582444259157
4040,0.010865460075438023,0.0004992609548486916
4041,0.011524418760091066,0.0016970068490617487
4042,0.009580352790653706,0.0015873897307207936
4043,0.008816643003374338,0.0004676429366243187
4044,0.012641388289630413,0.001137792725237214
4045,0.010763116106390953,0.001012533906311409
4046,0.014273370783776045,0.0006134609894329452
4047,0.010484654158353805,0.00036288541123711133
4048,0.010969151929020881,0.0004237791815771058
4049,0.01070033859461546,0.0007828158280199827
4050,0.010382333304733038,0.00045862744166834716
4051,0.013762158770114184,0.0004962472095989865
4052,0.011362292356789112,0.0020574908815196727
4053,0.010319409929215907,0.0008351889698868235
4054,0.008074455726891756,0.0003904947714620168
4055,0.008868636973202228,0.0009322410133629017
4056,0.010894107110798358,0.0009198980705437015
4057,0.01166986777447164,0.0003360165308998285
4058,0.01073247790336609,0.0004584631907126917
4059,0.010162941478192807,0.0006795675662818225
4060,0.010148964487016202,0.0009906130343713888
4061,0.009445693679153919,0.00030992231798224304
4062,0.011538422480225564,0.00043283828712795694
4063,0.010665071420371533,0.0009393548140021628
4064,0.009353972375392913,0.0007792370129147009
4065,0.010787082463502884,0.0011519601378009387
4066,0.01127068255096674,0.0006048732719460681
4067,0.011379107721149922,0.0008443085863876909
4068,0.010155222192406655,0.00045155726119234824
4069,0.010880613029003143,0.00042158424449017693
4070,0.009567545130848884,0.000720484549026579
4071,0.008984203711152076,0.0008108711319860734
4072,0.010454338528215885,0.0013616347600935563
4073,0.010667541660368443,0.0017329879545236696
4074,0.011167627293616533,0.00048195338335162515
4075,0.010747729837894439,0.0006224394358107692
4076,0.009285482577979565,0.0006333477644123016
4077,0.016233836077153684,0.003650925744146313
4078,0.011654972583055496,0.0005577882534141767
4079,0.010189969325438142,0.0013378004093769274
4080,0.009320668540894986,0.0010562146044446295
4081,0.009155642949044704,0.0003752032246429486
4082,0.011313605885952711,0.001365407980812637
4083,0.011373235881328582,0.000989683814448853
4084,0.009610060323029756,0.0004806914741543364
4085,0.01176979785785079,0.0018113758000353837
4086,0.009289681687951088,0.0004349200518272358
4087,0.008831224590539932,0.0005687181586686726
4088,0.008629322675988078,0.00033665466228378807
4089,0.011767144687473774,0.0006320239367658808
4090,0.01286845475435257,0.0009327828222311624
4091,0.011724875755608082,0.0045091923045581335
4092,0.011018353067338466,0.0008391246567591897
4093,0.009699086919426917,0.0005528350964297018
4094,0.012816288098692894,0.001877572980696616
4095,0.011628113687038422,0.0011068210659599671
4096,0.011243393532931805,0.000565530339173003
4097,0.010958748273551464,0.0028216171123036375
4098,0.015734728462994098,0.005188137637323713
4099,0.010801659394055606,0.00048448674311807175
4100,0.010265811886638403,0.0008147499681137859
4101,0.011053455639630555,0.0007218578938005671
4102,0.008197008287534118,0.0004516733911570978
4103,0.008919928465038538,0.0007413485410785915
4104,0.011243153959512711,0.0007831501574749892
4105,0.009847017880529165,0.0005537704971287247
4106,0.012529990039765834,0.004374593075313796
4107,0.011767382323741913,0.0014200603534796033
4108,0.010229291915893555,0.001090508094695333
4109,0.011049830392003059,0.0008377629680692997
4110,0.010470296405255795,0.0017800882812716986
4111,0.011597338244318961,0.0005999099220426702
4112,0.012226470485329629,0.0041110384188694496
4113,0.011670823860913514,0.001221566550331573
4114,0.011911240257322788,0.0011267757708245047
4115,0.012444330826401711,0.0006635330600683157
4116,0.009607870979234576,0.0007582985412950184
4117,0.010939080957323313,0.002127891556321554
4118,0.009700027769431472,0.0004984762919077981
4119,0.010591813549399375,0.0005286985400096157
4120,0.014335797019302845,0.002541719007701294
4121,0.011066670380532741,0.0017114873379086182
4122,0.01366137077100575,0.0021719654530848133
4123,0.010858295429497957,0.0008164233183615828
4124,0.008583641946315765,0.0008320104807602522
4125,0.01262529894709587,0.0006775647980995853
4126,0.013322597555816173,0.0012164251433927822
4127,0.00924082262441516,0.0005419734797252291
4128,0.009608467426151037,0.0008592211261825406
4129,0.010096833780407906,0.0008367607946115329
4130,0.010926309376955032,0.0011139732693028572
4131,0.008381715891882777,0.0010369518207233041
4132,0.01048802923411131,0.001054071941026662
4133,0.012818531803786755,0.002229230092481187
4134,0.012971422746777534,0.0012024024039768448
4135,0.010967859514057637,0.0007355034858473156
4136,0.01308383647352457,0.0007980513075057238
4137,0.009067059084773064,0.00039126058017905984
4138,0.008439953662455082,0.0003606748830188984
4139,0.009397563561797141,0.000784797876617195
4140,0.01024829337373376,0.0011644624652060336
4141,0.00994677098467946,0.0012732116977543864
4142,0.011257795356214047,0.0003837455759859127
4143,0.012838416546583176,0.0006302477725524749
4144,0.009182112589478493,0.00086183338713105
4145,0.010118758790194988,0.0007969617287665031
4146,0.009506831970065832,0.0009092799003542184
4147,0.00965154990553856,0.0011307545084416968
4148,0.01073522275313735,0.00035784556769625575
4149,0.010116427540779113,0.00041475014167850554
4150,0.009786143582314253,0.003139291245694438
4151,0.012512922734022141,0.000598414252872566
4152,0.009454871006309986,0.0012704706830546668
4153,0.010402766540646553,0.0008210146226377979
4154,0.01114972360432148,0.0007217117291811394
4155,0.010199135839939118,0.0006869398982404437
4156,0.010974286831915378,0.0005635639964778308
4157,0.010497856084257365,0.00044976293399598297
4158,0.009707494974136352,0.0005954473523809
4159,0.010168636161834001,0.0005218192781696466
4160,0.009315173951908945,0.0006339306124224493
4161,0.01290008308365941,0.0010856084560669245
4162,0.0121301444247365,0.0034022497249231354
4163,0.01150295313447714,0.0011521024641035482
4164,0.010002782419323921,0.0011635803855151857
4165,0.012213812321424483,0.0012697368503025133
4166,0.009975237473845482,0.0008128240237280421
4167,0.011994602419435977,0.003497957385923356
4168,0.009238978307694197,0.001629937716045302
4169,0.011496661398559808,0.0007375951980763715
4170,0.012821710258722306,0.0011767847718645449
4171,0.010715536121279002,0.00040606460342668506
4172,0.009938012920320033,0.0014034232973082832
4173,0.010472350418567658,0.00042238249224196
4174,0.009035133384168148,0.0017230880992129853
4175,0.009616357535123824,0.0014651652731715815
4176,0.01004881102591753,0.0005112086324167138
4177,0.010019621029496193,0.0009295787520336676
4178,0.01028837077319622,0.0009338008048497651
4179,0.012005388252437115,0.00039212114005413365
4180,0.010819112416356802,0.002348882822345381
4181,0.009814115269109606,0.002388224838148445
4182,0.010170631306245924,0.0008988294388448233
4183,0.010857683140784502,0.0007560603661073551
4184,0.013978075385093689,0.00048037490979704547
4185,0.009935283549129963,0.0018711581775178647
4186,0.011635874398052692,0.0006070798081553171
4187,0.01047820108011365,0.002707360422379044
4188,0.009712468329817057,0.00046021717302309836
4189,0.010241347961127759,0.00042322069451959215
4190,0.008709141090512275,0.0004352143027162664
4191,0.009190306831151247,0.0008209793962385149
4192,0.011108040306717158,0.0006152716017175109
4193,0.01029509400948882,0.0009409866576028784
4194,0.009517038948833942,0.0004883208535356473
4195,0.00950998967513442,0.0008445792314787842
4196,0.01198853824287653,0.0006197829374386482
4197,0.010989845283329486,0.0005881443092669679
4198,0.009362693354487419,0.0004824786963282561
4199,0.011649713292717934,0.0011406665606494381
4200,0.009792566746473313,0.0018485144405842645
4201,0.009464022368192673,0.0024193561163871257
4202,0.010578287839889526,0.0011426281034053393
4203,0.011203229427337646,0.0012320532959452129
4204,0.012853572349995375,0.0008106946128688447
4205,0.010658373106271029,0.004483967062647212
4206,0.009214681759476661,0.0010525254861209286
4207,0.010299726817756892,0.0006688950927800512
4208,0.008494704589247703,0.0008920602379239177
4209,0.011211582273244858,0.0011441699645405457
4210,0.009992090463638305,0.0004090014556087936
4211,0.01251759834587574,0.0006441794294379141
4212,0.010324623384512961,0.0005651620764457557
4213,0.012215801887214184,0.00026082336905209843
4214,0.009843645989894867,0.001852028282384758
4215,0.010682152472436429,0.002295619883089747
4216,0.009780937135219573,0.0006694540465952293
4217,0.009438336305320262,0.0005847371358955471
4218,0.014092244394123554,0.0015015229136262037
4219,0.012770498543977738,0.0014013313809537317
4220,0.012076554726809264,0.0008669300323785984
4221,0.009310995573177933,0.0004976852319549373
4222,0.010989075861871242,0.0017027699209953824
4223,0.008435959927737713,0.0009451853653594648
4224,0.010756003316491842,0.0009339416941009105
4225,0.009583337530493737,0.005660756765418265
4226,0.009669141694903374,0.0011132406805401144
4227,0.01065879950299859,0.001167314906113411
4228,0.010501397475600242,0.0007431983401758074
4229,0.011378431767225266,0.0004899416413686034
4230,0.007684755939990282,0.0008898894788939761
4231,0.007877578288316726,0.0006322595866936042
4232,0.00876090157777071,0.0008212522733541945
4233,0.010249551087617874,0.0026877927498203027
4234,0.013748075887560844,0.0003910899355254863
4235,0.01057294367812574,0.003144363426182368
4236,0.010398903265595436,0.000755837913570696
4237,0.010759533792734146,0.001655029989332471
4238,0.009801768064498902,0.0010636714346904613
4239,0.012096814289689064,0.0015824575213179604
4240,0.01154178662225604,0.0014232071276039703
4241,0.010422817207872867,0.0007756390468909545
4242,0.008821278575342149,0.0009471182711422443
4243,0.01190244622528553,0.0013400457770729513
4244,0.010210747383534908,0.001058323404509319
4245,0.008801147378981113,0.0005361129157404632
4246,0.008795179314911366,0.00043374270505522225
4247,0.008124869242310524,0.0017230739077068356
4248,0.010408435352146625,0.00035361308614047216
4249,0.012342425994575024,0.0004183884739675655
4250,0.009764225855469703,0.000607193836564364
4251,0.010263529159128666,0.0005639057481072983
4252,0.00799540352076292,0.00043711260045648946
4253,0.010680582523345947,0.00032503850918944147
4254,0.011192683260887862,0.0008601574171398295
4255,0.009763365238904953,0.0027898761845665844
4256,0.010137151852250099,0.0013366100920144189
4257,0.011602936089038849,0.0005106653858491297
4258,0.008755525909364223,0.0004139801749261096
4259,0.012375562451779842,0.0010871933525976763
4260,0.011365892216563225,0.001123268173191033
4261,0.009972056671977043,0.0014953426665894381
4262,0.013896197602152825,0.0026164836001467623
4263,0.011127643063664436,0.00039446316844837944
4264,0.009448099117726087,0.00041001596071833926
4265,0.010089988335967064,0.002196933825385489
4266,0.011941947340965271,0.0003298588174539586
4267,0.011687789168208838,0.0010425834264685973
4268,0.009541804762557149,0.0006845880103256069
4269,0.010957811400294304,0.0012132435437444955
4270,0.012380559854209423,0.0005770653505388596
4271,0.010745426714420319,0.0008213990607158575
4272,0.011806832924485207,0.002452950195843124
4273,0.00926398767158389,0.00040171345379299244
4274,0.009352682773023844,0.0003679411113820332
4275,0.012051779385656118,0.0009020396288203662
4276,0.009680773355066776,0.0006031406977953874
4277,0.01218958131968975,0.0007978899281612304
4278,0.011044137161225081,0.0005983033309984085
4279,0.010705413967370988,0.0009327708126650963
4280,0.01426622413098812,0.0012459203597694024
4281,0.011848372630774975,0.0005467247623752497
4282,0.010338762663304807,0.0016516349226561669
4283,0.009384294617921113,0.0013454614553205057
4284,0.010686545604839922,0.0008546266926465275
4285,0.01062697360292077,0.0007732154937837375
4286,0.010476624183356762,0.0007257909348157987
4287,0.012233989723026752,0.0013559026059962503
4288,0.010422052592039108,0.00039714045602547594
4289,0.011502175033092499,0.0034467564793686342
4290,0.010837445706129075,0.0007411823132552194
4291,0.010388444531708957,0.0005227586612095802
4292,0.01081174673512578,0.0006318456989279247
4293,0.010492680314928293,0.0011780766494355278
4294,0.0122987674549222,0.0014623219828274459
4295,0.011501496396958829,0.00043913185182234833
4296,0.009429098982363939,0.0005159818962828754
4297,0.01015020377933979,0.0010895739566241327
4298,0.009019228164106607,0.001167008824716641
4299,0.010461519956588745,0.0003835520558960238
4300,0.010782674737274647,0.0014225885898755124
4301,0.011139328442513943,0.0015020349082115986
4302,0.01375656135380268,0.0005999206970382022
4303,0.010473547205328941,0.0006864869142129016
4304,0.011272922568023204,0.0004454922751915858
4305,0.010540265757590532,0.0020665602921189304
4306,0.011398603618144989,0.00070789019989443
4307,0.00808527836576104,0.0005513032945550735
4308,0.010865233354270459,0.0004016056490188133
4309,0.009632036723196506,0.0010739698119410506
4310,0.010811349749565125,0.0010643135206072196
4311,0.010570634920150042,0.0005030432878076482
4312,0.009213650003075599,0.0010753768729045987
4313,0.01048261921852827,0.0005304077076039928
4314,0.00967193016782403,0.0008147617894518253
4315,0.008328442145138979,0.0018681857451056576
4316,0.011401082314550877,0.0017787160651681767
4317,0.009709956273436546,0.0006253492152509726
4318,0.008595490586012602,0.00036456284299811784
4319,0.013526113741099834,0.002024815207321758
4320,0.010180064607411624,0.0013063907522025632
4321,0.010830751433968545,0.001068138003936165
4322,0.008953211866319179,0.00035760163670714326
4323,0.011006677858531475,0.00047157159591833616
4324,0.008810587637126445,0.0013963600687606082
4325,0.013865581452846528,0.001501941230556328
4326,0.009789229594171047,0.0007433481036034757
4327,0.011696765832602977,0.0009490410919494174
4328,0.009871469847857951,0.000626304766565102
4329,0.009948410131037234,0.0010796503246800133
4330,0.008567345775663853,0.0007087058285633995
4331,0.010999440792948007,0.0007670068465913199
4332,0.007565022259950638,0.0005991618133633245
4333,0.01189041942358017,0.002046735364025178
4334,0.011106720231473445,0.0012690644573311845
4335,0.010839536264538764,0.0009525010915638956
4336,0.009123259745538235,0.0006812467919152281
4337,0.010881347991526126,0.0008622999645909932
4338,0.009422861877828837,0.0017403231898628889
4339,0.012172822561115026,0.0006080181020940335
4340,0.010394343584775924,0.00041943580665297116
4341,0.010603621900081635,0.000441989946746816
4342,0.011143708387389779,0.0004024916914154533
4343,0.009253897666931153,0.0009761797583164417
4344,0.010632683113217354,0.0011162813035260938
4345,0.013111849389970303,0.004816065561536648
4346,0.011766368336975575,0.0036009910025263893
4347,0.012431708686053753,0.005467013130602363
4348,0.011380110289901496,0.00047686908179108686
4349,0.008816132936626673,0.0006969374283982364
4350,0.010802265889942646,0.0004102339211983721
4351,0.008558965027332307,0.0007100700574595328
4352,0.010615638457238674,0.00048251187050880943
4353,0.007338650859892369,0.0006105719112383667
4354,0.011212178580462933,0.0005933271619540716
4355,0.009826554879546166,0.001150839355270289
4356,0.011321735456585885,0.0008901454682130214
4357,0.011013403004035353,0.0005734629517625252
4358,0.010198821909725667,0.00032813916983934476
4359,0.01097743770107627,0.002135595016513173
4360,0.0114096425101161,0.0021498790744385898
4361,0.008717477172613144,0.003528565975314338
4362,0.010942962132394313,0.002320995680311669
4363,0.009135669078677893,0.0009610211956697478
4364,0.010236942637711764,0.0007662599856888696
4365,0.010483303871005774,0.0026705561218502588
4366,0.01035146128386259,0.000577864437268358
4367,0.00972690550610423,0.0010176782642988718
4368,0.007628280837088823,0.0006552264237878461
4369,0.011696711145341397,0.0012795014884195302
4370,0.010794470030814409,0.001265470506838676
4371,0.011001727432012559,0.00107099003340309
4372,0.010855152532458305,0.0006149055641874103
4373,0.007782720401883126,0.0004020531556456611
4374,0.010266042239964008,0.0004040103928785618
4375,0.010336926132440567,0.0014379579982120698
4376,0.0106158509850502,0.0006992916101334643
4377,0.009878771230578422,0.0006175599848749499
4378,0.00972297616302967,0.0004966564457353255
4379,0.010358899906277657,0.0011269765960256735
4380,0.012891895417124034,0.0003245785109394179
4381,0.010689046308398247,0.0006572822926562815
4382,0.01108952086418867,0.0005805000739749393
4383,0.009502391591668128,0.000555085275726463
4384,0.009311731308698654,0.00038705434955573604
4385,0.009098730869591237,0.00034833783626696735
4386,0.009973688591271639,0.00038237810036811774
4387,0.009026109091937542,0.0010402201517797649
4388,0.010668469797819853,0.00035473394422147627
4389,0.008142622038722038,0.0004707089697460529
4390,0.009221267942339182,0.0012244501530690349
4391,0.009236423000693321,0.0017544858194313536
4392,0.01191492484882474,0.00046318291753453953
4393,0.008668064065277576,0.00031410126792576345
4394,0.00971706934273243,0.000507631586714686
4395,0.008698504120111465,0.001231158896961747
4396,0.010660452209413052,0.0007250859634950757
4397,0.010655311942100525,0.00033516920536871337
4398,0.010522685963660478,0.000570728573533515
4399,0.009643226116895675,0.0005858210952033939
4400,0.010162624754011631,0.00043448282318821256
4401,0.009462830293923617,0.0007792001124471426
4402,0.010135609991848468,0.0009058197607024739
4403,0.008980807233601808,0.0010890698523662525
4404,0.012100115492939949,0.0020230239734040853
4405,0.011094046905636788,0.0007477094808414782
4406,0.01035236518830061,0.000466391196076149
4407,0.008764287550002336,0.0007039151451078383
4408,0.013336368501186371,0.0002666759146574792
4409,0.009816740183159709,0.0006690752695734997
4410,0.009503670632839203,0.0004104884205408369
4411,0.007765031568706036,0.00044767749374206113
4412,0.009285078030079602,0.0006420802757979614
4413,0.008788633830845357,0.0004241909158586729
4414,0.009988532736897468,0.0006385939679154807
4415,0.011679657213389873,0.0013405348601661724
4416,0.010359331257641316,0.0010188688314360349
4417,0.009326058849692344,0.002665771818911172
4418,0.009963768310844898,0.000568356947042048
4419,0.012653894275426864,0.0018960632709148404
4420,0.008737771026790141,0.0010220475561840282
4421,0.008355340175330638,0.00043673460508939134
4422,0.008268936183303594,0.0005706156091086809
4423,0.00975824672728777,0.0005572753747500964
4424,0.010639819949865341,0.0006630345691618994
4425,0.008486935710534453,0.0008484583342753268
4426,0.010279314126819372,0.003165189438333658
4427,0.008928877701982856,0.002973297889956771
4428,0.012464106194674968,0.001321728817308449
4429,0.010944487154483795,0.0014222348475675672
4430,0.009579618368297816,0.001785171224595341
4431,0.011020430698990821,0.0007439114485089093
4432,0.008904555551707745,0.001399641467436944
4433,0.010424231514334678,0.0013229868138346132
4434,0.010743010006844998,0.0006764783609294881
4435,0.008167493753135205,0.0015374102728594452
4436,0.008873460460454225,0.0007356046898328788
4437,0.008320212606340647,0.0006077576574968327
4438,0.0086601797118783,0.0008695457431277234
4439,0.01124463688582182,0.00044820632945330756
4440,0.008287045024335384,0.0003720974789458735
4441,0.009215507758781313,0.00045135786123167126
4442,0.00795400382950902,0.0015031315230011736
4443,0.011717090830206871,0.0003467930567750631
4444,0.009700783267617226,0.0005192825948105477
4445,0.010585761684924365,0.0008641127253761387
4446,0.010993800833821296,0.0004116124604080727
4447,0.009851573091000319,0.0011091366273108614
4448,0.010104026533663274,0.0007157269832632291
4449,0.011922861197963357,0.004571216187299523
4450,0.008977800589054823,0.0006674092937952979
4451,0.010828680191189051,0.0009114181763199094
4452,0.009023076966404914,0.0012137888833459415
4453,0.009859333969652653,0.0005265626320192807
4454,0.009723446108400821,0.0027334682566866482
4455,0.009207389876246452,0.0005610956992214061
4456,0.011592067461460829,0.000613000500255124
4457,0.008311366606503725,0.0005210722299860408
4458,0.009456081725656986,0.0010868258884316948
4459,0.009627190977334976,0.0015764373820275068
4460,0.010427668504416943,0.0010754793997190587
4461,0.008149647824466229,0.00047517970980987055
4462,0.008965060859918595,0.00030364914085747506
4463,0.011358494609594346,0.0006263592055789833
4464,0.009897105414420366,0.000831132346432503
4465,0.011832851506769658,0.001384620377730119
4466,0.011563923889771104,0.0003465415810415049
4467,0.009984594471752643,0.0008773276728278103
4468,0.008870854489505291,0.00044221706915254487
4469,0.007801109328866005,0.002201294411637195
4470,0.011412463197484613,0.0008770539664523039
4471,0.010819006562232971,0.0007361070963008686
4472,0.009606767259538174,0.0007224693154431369
4473,0.0104623350687325,0.0005146095674020104
4474,0.010051330551505089,0.0006876684685814998
4475,0.010819629151374102,0.0006844055789446279
4476,0.010745821483433247,0.0004492269589506689
4477,0.009413306834176183,0.0003001452811101806
4478,0.012527932338416576,0.0007961523298123112
4479,0.012046361658722162,0.0006039632027426556
4480,0.010974478237330913,0.0003763840687086436
4481,0.010686294920742512,0.001456211968516446
4482,0.009242059104144574,0.0015531971138480999
4483,0.009525547102093697,0.00036066063071365075
4484,0.009770162031054496,0.0009381413931818041
4485,0.009466680753976107,0.0006454096499460506
4486,0.01061750765889883,0.0007567169863973068
4487,0.008867585249245167,0.00045520584704992296
4488,0.010246234200894832,0.0003975065152339433
4489,0.00865503825712949,0.0004484785560435577
4490,0.010180971659719944,0.001145017307813037
4491,0.0093389062397182,0.0005810400136197879
4492,0.00742789514362812,0.0002961956099718682
4493,0.0082306810002774,0.0005916378804488899
4494,0.010965079478919506,0.0002659902395002786
4495,0.00993151031434536,0.0003414598625206727
4496,0.008556162100285291,0.00027620052134981764
4497,0.008375763427466154,0.00024573307358853163
4498,0.008512555584311486,0.0010291183525249872
4499,0.011433756239712238,0.0003858180274096101
4500,0.010067154616117478,0.0006371685217283363
4501,0.010796567406505347,0.0012029366637899043
4502,0.010887322630733252,0.0003648245032782641
4503,0.014024853035807609,0.001643971981774148
4504,0.011466745100915433,0.000545924057791724
4505,0.00896160889416933,0.0004787314358272603
4506,0.011769978068768979,0.0006217192344156999
4507,0.008717953003942966,0.0004451949281334137
4508,0.010114776492118836,0.0004464563294090586
4509,0.009352416321635247,0.0006471062724937825
4510,0.011447872165590525,0.0011743068705434108
4511,0.00789215311408043,0.0003826109738701521
4512,0.009204181898385287,0.00041910172816866703
4513,0.00916976023465395,0.00040673338174213947
4514,0.010157985873520374,0.00035768618151563067
4515,0.009627755507826805,0.0011993138979138067
4516,0.009862280189990998,0.0005714644559129613
4517,0.009366179257631302,0.000878918803558519
4518,0.00965529479086399,0.002465559510922391
4519,0.009690155871212483,0.00047372727876541853
4520,0.010674556158483029,0.0004695803463245321
4521,0.009773856680840253,0.0002916923536036374
4522,0.00903509471565485,0.0004112194969011024
4523,0.00935220105573535,0.0004041362306153344
4524,0.009157178988680244,0.0005805951372516176
4525,0.008317239843308925,0.0013268483716560758
4526,0.009601811300963164,0.00045929597658806874
4527,0.009858439359813929,0.0003370900932380097
4528,0.010831003002822399,0.0015469770463923478
4529,0.007903811233118176,0.000825077327596636
4530,0.00950572244822979,0.0010000896888899885
4531,0.010286413058638573,0.0009235633251716523
4532,0.010322718061506747,0.0007503580183192628
4533,0.009877048265188933,0.000908136866948478
4534,0.008933548834174871,0.00038198033163933185
4535,0.008733349442481995,0.0006457904747636249
4536,0.008852304480969906,0.0009655297176883722
4537,0.008800320848822594,0.0017134370569343845
4538,0.01076562026515603,0.0008317089315873814
4539,0.01190425805747509,0.0008830070708501982
4540,0.011187559403479099,0.0006228617937878183
4541,0.010184613410383464,0.0006280051562648063
4542,0.008520693853497505,0.0006757264072553905
4543,0.008625844940543175,0.0010650013182758775
4544,0.008400078415870666,0.001175834226409254
4545,0.009285099226981402,0.0006128453676690896
4546,0.008113859705626964,0.00038452308097924426
4547,0.01002755120396614,0.0006638688310599656
4548,0.009554417692124844,0.001083693793003626
4549,0.01045695399865508,0.0006350975508374251
4550,0.007935813758522273,0.0009318376556022909
4551,0.011609493689611554,0.00157773300960711
4552,0.010116778714582324,0.0009830397958803462
4553,0.0072374754585325714,0.0003770715471197435
4554,0.01118038073182106,0.0021804673708847736
4555,0.010170691944658757,0.00039859309877039327
4556,0.009658154863864184,0.0020857761384383455
4557,0.008809464909136295,0.000627168316285649
4558,0.009751130044460297,0.0008097277337857458
4559,0.010326329711824655,0.00072058961265848
4560,0.011075498051941395,0.0009924245596391289
4561,0.008810572139918805,0.0007456269901411685
4562,0.007971576880663633,0.0007167435378754792
4563,0.008615402840077876,0.0004955238840273225
4564,0.008929423652589322,0.0011270035501595025
4565,0.00835777722299099,0.0008056984826833112
4566,0.012388001456856727,0.0007849309898630639
4567,0.011755844578146935,0.0031303950642835197
4568,0.009400201085954905,0.0005333567463174106
4569,0.007697028256952763,0.0003050790050334922
4570,0.009373830240219832,0.0006424495511790355
4571,0.009646022617816925,0.0005822253506391449
4572,0.008694521859288215,0.0005986360251570235
4573,0.010532014053314925,0.000785112526101915
4574,0.008448903616517782,0.0007059436294645684
4575,0.010343685187399388,0.00033820807943375753
4576,0.011361587131395935,0.00033771161881229826
4577,0.009246478080749512,0.0016910490685155335
4578,0.012421930711716413,0.00045324608102306876
4579,0.009382000379264354,0.0012047435284579452
4580,0.009996130019426347,0.002181207628805854
4581,0.010534106437116861,0.0006126273472869948
4582,0.007167550045996904,0.0006337666581863257
4583,0.010334638245403767,0.0005734678894715553
4584,0.00856684485450387,0.0005123465555586074
4585,0.009282410973683,0.0004355637607808952
4586,0.01283025749027729,0.0004762654624917634
4587,0.009640304986387491,0.00040978083979260264
4588,0.01033337976783514,0.0008007169466733627
4589,0.009674933459609746,0.0012034389624142484
4590,0.010463311113417148,0.0010633249976931376
4591,0.008495579026639461,0.0009362642997748231
4592,0.009099075552076102,0.0008715532208977854
4593,0.007878104262053966,0.0005173263911872286
4594,0.00810321044176817,0.00046039194152499105
4595,0.008651642128825188,0.0004341126605265332
4596,0.010674205347895623,0.0006529636623669569
4597,0.009325937628746032,0.00047586882871269466
4598,0.0103682916238904,0.0011765435660953238
4599,0.00804649258032441,0.0005177265660527715
4600,0.008889469392597675,0.0007108364554045543
4601,0.009049678146839142,0.002257506034579383
4602,0.008864259719848633,0.0006698464819474133
4603,0.009783884435892105,0.0009092478693960464
4604,0.011251067742705345,0.0013016592149067772
4605,0.010213442388921976,0.0011558555447726115
4606,0.00937570931389928,0.001070548188218796
4607,0.011491508893668652,0.0005307659293103912
4608,0.01008429005742073,0.0005150099525352531
4609,0.008430289197713136,0.00036595070657175995
4610,0.007851506341248751,0.00038066773994029215
4611,0.00937095258384943,0.0009272741887412251
4612,0.011905591674149037,0.0036296926993774634
4613,0.01236161082983017,0.00035429947386808337
4614,0.007316703191027046,0.0006077195898859366
4615,0.00862995844334364,0.0005275360660424954
4616,0.008767635636031628,0.0005093079430293547
4617,0.007610506312921643,0.0005505889542927098
4618,0.008137068636715412,0.0011022007475568823
4619,0.009781178059056402,0.0011093116234605239
4620,0.009160383343696595,0.003315337809210975
4621,0.012754604555666446,0.0006152119830191735
4622,0.00859827784821391,0.0008924528111953668
4623,0.008007289096713065,0.0008099571720390797
4624,0.010091607645153999,0.0007133824728454833
4625,0.01044684337452054,0.0011770220581850369
4626,0.01025314062833786,0.0006069466696927733
4627,0.009750335924327374,0.0004271528642139819
4628,0.008681671842932701,0.0005222399183230041
4629,0.008156732767820358,0.0006557707660847458
4630,0.008286930937319994,0.0004573313426465587
4631,0.011069293245673179,0.0008436391689840143
4632,0.009068801254034042,0.0003637830092498318
4633,0.009258509147912264,0.0007362799425047268
4634,0.009553753957152366,0.00038973789201444974
4635,0.009475199934095145,0.0012517422597140891
4636,0.01057850619778037,0.0029183791676051403
4637,0.01088149988092482,0.0004676631075722382
4638,0.01086282417178154,0.0004973756125490245
4639,0.010157989785075188,0.0014413170905605162
4640,0.010449519492685794,0.000819700025340976
4641,0.007929690424352884,0.0005456156793851023
4642,0.008661537244915963,0.00033741140361274877
4643,0.010335210617631674,0.00043322861658876493
4644,0.00953268501907587,0.0004915598229635092
4645,0.00821685703471303,0.0012181357066753027
4646,0.008679990284144878,0.0007242168766711137
4647,0.00942365875467658,0.0010096777807793592
4648,0.009096215702593327,0.001300115270654939
4649,0.010783403515815734,0.000950553712007679
4650,0.0089283512160182,0.0005305785309421281
4651,0.008663389384746551,0.0005927485363914358
4652,0.008338567269966006,0.0006133503971197993
4653,0.010128001607954502,0.000336707481300723
4654,0.009466905742883683,0.00040722315086846
4655,0.011625859588384628,0.0005833193183755374
4656,0.007534623462706804,0.001341530592308367
4657,0.009423394594341517,0.000856119269434975
4658,0.009962667617946864,0.0015288499687887626
4659,0.010532972477376461,0.0005701252905977252
4660,0.008945346036925912,0.0008765926946605211
4661,0.009813484605401754,0.00032681615640248223
4662,0.008785828966647386,0.0013038239311044142
4663,0.008850735034793616,0.00041719507892482136
4664,0.010685647465288639,0.0011324722579782445
4665,0.007704665493220091,0.0003133262360354085
4666,0.010285938642919063,0.0004281443872645319
4667,0.009973754137754441,0.0003233415820980317
4668,0.009802147075533866,0.0004007153409175983
4669,0.010696956869214774,0.0011307389877277287
4670,0.00958904342725873,0.0010731099205321237
4671,0.010480277612805367,0.0009421961993909575
4672,0.008985370360314847,0.000512439627614995
4673,0.009912951327860355,0.0008953836128954482
4674,0.010481791347265243,0.0017909222913982524
4675,0.00978936716914177,0.0008794297727322436
4676,0.008186911568045616,0.001754382031982484
4677,0.01230895858258009,0.002659736647691629
4678,0.010413297414779664,0.0006667928828392178
4679,0.0075110729597508905,0.0005062123714632846
4680,0.01021368557587266,0.0004538258109863669
4681,0.009745394624769688,0.0008434329145230762
4682,0.007637220658361912,0.0004114330727943899
4683,0.00842350760474801,0.0005880794926444451
4684,0.01023027179762721,0.0010080291264274233
4685,0.008589123580604792,0.0013073788994081216
4686,0.008657384794205428,0.0004536550400749946
4687,0.007645351458340883,0.0003552481155578515
4688,0.010882882997393609,0.0005352773977928374
4689,0.01099592600017786,0.0006877720383496649
4690,0.01098219394683838,0.000342577322280953
4691,0.009828571872785687,0.0005934075772330127
4692,0.008533514142036437,0.0005636483887653026
4693,0.008959155809134246,0.0005515110308195987
4694,0.008155126720666886,0.0010267449949536319
4695,0.008094663172960282,0.0009298233095275825
4696,0.008734079971909524,0.00039141781539225645
4697,0.008292292430996894,0.00210399886478402
4698,0.008840454183518887,0.0005406305144414584
4699,0.010487863160669804,0.0005074512177188434
4700,0.010295294895768166,0.002441553800838859
4701,0.010899464897811413,0.001207529142983768
4702,0.01141091674566269,0.000760058973667097
4703,0.006831231126561761,0.0006236157362901108
4704,0.008726845905184745,0.0004490291464943056
4705,0.009369632378220558,0.00030969526011326146
4706,0.012686716318130493,0.0004412449456987367
4707,0.00962697871029377,0.00024716866826640573
4708,0.00929540665820241,0.0006113637383064025
4709,0.009168654214590788,0.0005433480661962028
4710,0.010739037096500396,0.0025928168882909295
4711,0.009307919666171074,0.0005642331700372567
4712,0.010698641575872898,0.0004643329835021613
4713,0.011088552139699458,0.0006799209784805673
4714,0.011067168861627579,0.0008585922418430142
4715,0.009200752582401037,0.0002650212201145111
4716,0.009768103770911694,0.0003813068146571399
4717,0.010624336637556553,0.00037847846681260096
4718,0.00939808253198862,0.0006182682580850406
4719,0.009770340789109468,0.002327839196468257
4720,0.010563876861706376,0.0004641429849383812
4721,0.009570826292037964,0.0028226141600984416
4722,0.008874770496040582,0.0007780625039156628
4723,0.00945973202586174,0.0011575271284577679
4724,0.008367406986653805,0.0003949801785606661
4725,0.011814370602369308,0.0023538270639893535
4726,0.011032570004463196,0.0008144298798009141
4727,0.008884021900594235,0.00047784004490407925
4728,0.007614816538989544,0.000435556222290783
4729,0.010446581728756428,0.0002777285718204364
4730,0.008089640475809574,0.0006694195623436228
4731,0.010539505425840616,0.00035587857879886854
4732,0.009140280298888684,0.001105636883724787
4733,0.00866892959922552,0.00033891236195552054
4734,0.009544679522514343,0.0008792378134349335
4735,0.008509773053228855,0.00044060893620329283
4736,0.012662204820662737,0.003087237359292499
4737,0.011127724349498748,0.0010412393832716401
4738,0.008044517524540424,0.0007570185746410734
4739,0.008868512599729001,0.0011171882713774909
4740,0.0104079295322299,0.0004856044451278724
4741,0.010207579098641872,0.0007051223626261424
4742,0.009496531561017036,0.0005300155938890035
4743,0.009412630153819919,0.0008607641458894088
4744,0.007793263588100671,0.0004557629146976779
4745,0.011218410581350327,0.002490662800607412
4746,0.009246593434363603,0.0008073413460955984
4747,0.010376747511327267,0.0006247524431011996
4748,0.00921008700504899,0.0009054865182556008
4749,0.00949212647974491,0.0010507194232036142
4750,0.009175904020667076,0.000480724486868433
4751,0.011106493007391692,0.000495610623907502
4752,0.01005144851282239,0.001953650371184292
4753,0.008658226958941669,0.0015354838544400793
4754,0.00915953578427434,0.004042271043059148
4755,0.00951487060636282,0.0017294394496624192
4756,0.011026537679135799,0.001296594156883657
4757,0.01152299478650093,0.0005451217979473407
4758,0.009037618320435285,0.00033843577185594666
4759,0.007259090319275856,0.000436786017902929
4760,0.009689290393143892,0.0004211885803570486
4761,0.00862903032451868,0.00044955963128141113
4762,0.009938576444983482,0.0004091894173155832
4763,0.011049441285431385,0.0006292776825793138
4764,0.010397949256002903,0.0005393954434859477
4765,0.007832659296691418,0.0022284965994066163
4766,0.009178785495460034,0.0007984598760480342
4767,0.008853200394660234,0.0014399774244999233
4768,0.009823030903935432,0.00033785557284255906
4769,0.009748384058475494,0.0021828024820360827
4770,0.009092222787439824,0.00136849675199961
4771,0.0119146429002285,0.0007629623544507673
4772,0.010193067807704211,0.0009040085643478861
4773,0.009919398464262486,0.0005186621782653773
4774,0.009688143134117127,0.0004061813592732954
4775,0.009545231200754643,0.0005663961629791517
4776,0.010633361022919417,0.0011399384940438584
4777,0.012518931608647109,0.001033541695007493
4778,0.010404457598924636,0.001838020501938993
4779,0.009101180844008922,0.0007604025527579736
4780,0.00836332157254219,0.0006323415883306465
4781,0.010527794752269982,0.00033387409607650174
4782,0.007198801841586828,0.0004088979881027178
4783,0.010007361099123955,0.00043097352078790485
4784,0.011962029095739126,0.000502992675349448
4785,0.009740418307483196,0.0009783970691225401
4786,0.009480881467461587,0.0002968294841232582
4787,0.007415178008377552,0.000905188152762704
4788,0.00826546762138605,0.00044065824148088875
4789,0.009553813673555851,0.000738760953998729
4790,0.010274961814284325,0.0004972532565573115
4791,0.008391720429062843,0.00047541668750018785
4792,0.009277479704469443,0.0014812971580110185
4793,0.007979473136365413,0.0016980188538333121
4794,0.007989193871617317,0.0021705787951024633
4795,0.0073301224038004875,0.0005986632584683495
4796,0.00865624524652958,0.0011022782817559495
4797,0.009551193602383136,0.001041709104144614
4798,0.012020202912390232,0.002145010365606987
4799,0.008594677168875933,0.0004824318362707719
4800,0.009862145744264125,0.0004114798110294194
4801,0.01080344371497631,0.0006299046420792041
4802,0.008901541233062743,0.00142047062838348
4803,0.008519605249166489,0.00036586933218704995
4804,0.010570261972025036,0.00040906362836759487
4805,0.009079209379851818,0.0005920864313749966
4806,0.008512918017804622,0.001719866404054712
4807,0.009976591896265746,0.0005578325263205405
4808,0.008475919514894485,0.0004440167699924555
4809,0.007434008587151766,0.004341116825705522
4810,0.012226086407899857,0.00043663245243855993
4811,0.008680600207298994,0.0012084278150474373
4812,0.008654714152216912,0.0014036524600719344
4813,0.009245566930621863,0.00026426965487563357
4814,0.010223557371646166,0.00034955320983474485
4815,0.00850529845803976,0.000647948652367133
4816,0.009315520748496056,0.00046208688083474765
4817,0.010200676661916076,0.000500699121677253
4818,0.007765488922595978,0.00032057590840551013
4819,0.009170174896717072,0.00196395519234189
4820,0.008243658542633057,0.0010670091516708266
4821,0.010693070460110903,0.0012567446380534707
4822,0.010564178843051195,0.0006296293597113443
4823,0.010768735483288765,0.000459696683308671
4824,0.00798118595033884,0.00038350849969640265
4825,0.009482033709064126,0.0016603366860941256
4826,0.008072302443906665,0.0006920089410962409
4827,0.008227420281618833,0.0005399606043906653
4828,0.009393265657126903,0.0011409084274344248
4829,0.012893755845725536,0.00030971359460449567
4830,0.008375819511711598,0.0013329076392525068
4831,0.007770514376461506,0.0005788534611769735
4832,0.009673313535749913,0.0007037940775586471
4833,0.008393724765628576,0.0008334820087016752
4834,0.011522696167230607,0.001172251500227578
4835,0.008879201766103507,0.0008808740702527894
4836,0.00826762279495597,0.0009554161108896289
4837,0.008845955617725849,0.00042125560528254267
4838,0.00956025579944253,0.0007896716140325449
4839,0.008344477619975805,0.0006595555723211027
4840,0.009766278639435768,0.001298334047657578
4841,0.009275940172374248,0.0009082477772608399
4842,0.008627283237874508,0.00043722917246058176
4843,0.009432507827877998,0.0007169127646891068
4844,0.009468659572303296,0.0008829509239796906
4845,0.008911535032093526,0.0006488512686975236
4846,0.008224305659532548,0.0008606953603815134
4847,0.00838581781834364,0.0006570533369085751
4848,0.011272654719650745,0.0007233831294722957
4849,0.00860610513947904,0.0006596027464408122
4850,0.01027639701962471,0.00031689848062703516
4851,0.00903541998937726,0.0003310704228232219
4852,0.008330486416816711,0.0005800604907164273
4853,0.008678306043148041,0.0008195808734617209
4854,0.010169789753854274,0.0004174351897122568
4855,0.01072787530720234,0.0002725378816312638
4856,0.008388840779662132,0.00036529129004657704
4857,0.009852705374360084,0.00047785754966205116
4858,0.009665407463908196,0.0023211813786972874
4859,0.007226593662053347,0.0007791382243477242
4860,0.00829194588586688,0.0005080557576012287
4861,0.009432671070098876,0.00032277570416264185
4862,0.00853440061211586,0.0009612656040563669
4863,0.00872630625963211,0.0027551153413185926
4864,0.009084618296474218,0.0005384157092808044
4865,0.008091954663395882,0.001055638564189207
4866,0.009095599111169576,0.00038937302950166856
4867,0.008049212321639061,0.0005352339787151161
4868,0.011340104304254054,0.00037730579868067464
4869,0.009246832672506571,0.0006222762775444744
4870,0.009024111023172736,0.0028249848193858994
4871,0.010481128208339215,0.0006812545741997557
4872,0.007945826873183251,0.0013954241629307196
4873,0.008580318670719862,0.0010598121854406462
4874,0.008495931848883628,0.001712157127881193
4875,0.00823538126423955,0.0009289472682835304
4876,0.00967212600633502,0.000516304705205871
4877,0.007537030465900898,0.00044285216063144617
4878,0.00894712969660759,0.0016087064412278953
4879,0.01266035858541727,0.002755252874060853
4880,0.009180483482778072,0.0016816968914784797
4881,0.00701225932687521,0.0011353581834405864
4882,0.00966301528736949,0.0006040262713412792
4883,0.010891896821558476,0.0011775090465998303
4884,0.010343726091086865,0.0005614001820005846
4885,0.00930170364677906,0.001358190293053854
4886,0.010646220855414867,0.0018173539261525011
4887,0.010196475684642792,0.0014936807501601847
4888,0.01000403057783842,0.0006160754979546629
4889,0.01022689839825034,0.00040992257868622314
4890,0.007621951084583998,0.0003916816086243608
4891,0.009257300607860088,0.0007622401919359443
4892,0.009037549123167992,0.0009676445058661781
4893,0.007896562740206718,0.000620223305503876
4894,0.008735607154667377,0.0009917399322945779
4895,0.0075613874755799775,0.00041520665090751186
4896,0.008187477197498082,0.0007542868117699782
4897,0.007908224035054446,0.0003345938387872294
4898,0.008131530974060297,0.0006288376330614906
4899,0.00834900077432394,0.00038946903675909423
4900,0.009430224355310202,0.0009628855296385105
4901,0.007262141518294811,0.0005466571284620704
4902,0.008797810832038521,0.000463214754035269
4903,0.009700888972729445,0.0003681930992234026
4904,0.00995006773620844,0.0006740842937900085
4905,0.010366289839148522,0.0002806482491045967
4906,0.008450704403221607,0.0003911015789514114
4907,0.010079649444669485,0.00043988966712750466
4908,0.008637399338185787,0.0005399640940595418
4909,0.008785470090806484,0.0008567259916062913
4910,0.008743547294288874,0.0009095330016164441
4911,0.009614896401762963,0.000791959715720062
4912,0.010761894769966602,0.0007713604224080297
4913,0.009428369216620922,0.0017395927618602163
4914,0.008121810480952263,0.0007639689140152569
4915,0.009774301275610924,0.0005017023514445922
4916,0.008234959095716476,0.00173402281018765
4917,0.010599553771317004,0.0013070256231601464
4918,0.009153806492686272,0.0014979605377996212
4919,0.007664172183722257,0.0004851407678845683
4920,0.007421949468553066,0.0013088042614981532
4921,0.008429748713970184,0.0006872814177369622
4922,0.009057902293279766,0.0004414918326951359
4923,0.008047488927841186,0.0011926089829688714
4924,0.007530874665826559,0.0002896954486721071
4925,0.010416497327387333,0.0007137452971432613
4926,0.008338698912411928,0.0005466353554080866
4927,0.007766277007758618,0.0009652291367162172
4928,0.008085204847157001,0.0008447604919289405
4929,0.007419195212423802,0.0006879729293334643
4930,0.008885498382151127,0.0008828536135284868
4931,0.007974080145359039,0.00031493463089421697
4932,0.008657054025679827,0.001586707332809392
4933,0.010398002956062555,0.0011341956747880793
4934,0.00905124431475997,0.0004842423396651499
4935,0.009552551405504347,0.0037971957656873826
4936,0.01023643335327506,0.0010509635369637853
4937,0.00862457599490881,0.0005569883575583234
4938,0.00924082774668932,0.0009556038262105662
4939,0.008341681100428105,0.0005936582290889593
4940,0.009053737223148346,0.00035477341504565004
4941,0.008349324595183134,0.0003449984971467367
4942,0.010306097408756614,0.0005722166699268026
4943,0.008072279803454875,0.0005336704703601243
4944,0.008870618548244238,0.00036978893131910735
4945,0.009008861221373081,0.000295200089530139
4946,0.011305250395089388,0.00037524881728841886
4947,0.007422571368515492,0.0012012104694580034
4948,0.011232188008725642,0.0013817012252617781
4949,0.0076714160107076166,0.0003967948687702979
4950,0.008253497499972583,0.00045748457840041017
4951,0.008762315418571233,0.0009870692974551301
4952,0.01000311117619276,0.0003581215893213433
4953,0.006962149478495121,0.0004902390670669201
4954,0.007537546381354332,0.0003101846316035148
4955,0.008011732511222362,0.0005769184519447488
4956,0.008674795860424639,0.0009965550238968269
4957,0.008209333270788193,0.0006043636192223185
4958,0.00816739145666361,0.00040874308097169873
4959,0.008525096382945775,0.00036894783978860774
4960,0.008969121631234884,0.00048563296134999874
4961,0.007876021377742291,0.0008847568764619224
4962,0.007912906743586063,0.00139376368654305
4963,0.008234696704894304,0.0005137186577385738
4964,0.008690573973581195,0.0005611214876072864
4965,0.009727080632001162,0.00047228656380679713
4966,0.00799355559051037,0.0004504799602329189
4967,0.009255426935851574,0.0005065828127418134
4968,0.010554965510964394,0.001060552549809983
4969,0.007936546839773654,0.0029543633764124895
4970,0.009323995662853121,0.0012006899541282185
4971,0.009897916410118342,0.0015478089120085925
4972,0.009513168819248677,0.0007257708647345792
4973,0.009469404555857182,0.00048653875577880695
4974,0.008432363867759704,0.0030513445125918276
4975,0.009412809275090694,0.0005653150756811493
4976,0.00896049002185464,0.0016949327011937148
4977,0.008292946740984916,0.0006212759848719157
4978,0.0102707832865417,0.0007373511580724831
4979,0.008827742766588926,0.00044303653205183575
4980,0.011574822179973125,0.0005002000827815906
4981,0.007877061422914267,0.0007639330531126016
4982,0.009337925501167774,0.00046780697408543696
4983,0.009071079902350903,0.0017210362345133335
4984,0.010112591497600078,0.000586730815160841
4985,0.009310246063396335,0.0011017871789366313
4986,0.01050052672624588,0.00047370542732046676
4987,0.008071382082998752,0.0004730880225981484
4988,0.010728565081954002,0.0006527973606876314
4989,0.008248552065342665,0.0005507116666070046
4990,0.008531295247375965,0.0003568050179475829
4991,0.01167565912939608,0.0005661897873187004
4992,0.010072091333568097,0.000669866246139401
4993,0.007995567955076695,0.0005082534929623426
4994,0.009904889650642871,0.0006202554229761742
4995,0.010999393872916699,0.0003790498056531922
4996,0.006905601602047682,0.00037761355474374373
4997,0.0085580475628376,0.00043440877048502843
4998,0.005640801228582859,0.0006155694403513399
4999,0.0075163419544696805,0.000435103061497339
5000,0.008830038085579871,0.0007143981913455494
5001,0.008258134406059981,0.0014392101255322053
5002,0.0076143967546522615,0.0004071281357327068
5003,0.008212375417351724,0.0006034950573636818
5004,0.010397354671731592,0.00034945393666905694
5005,0.008236111365258694,0.0004675854164915644
5006,0.008718271413818002,0.00039001257291975853
5007,0.008675151132047176,0.000602467156219462
5008,0.008788647390902042,0.0008309094063070131
5009,0.008493042849004269,0.0006543082393999275
5010,0.010537149198353291,0.0005006930816357267
5011,0.00946949701756239,0.001445164377737331
5012,0.007397375721484423,0.0007256226374808386
5013,0.009924476481974125,0.00033693599974344267
5014,0.008388911550864577,0.0003401600924792559
5015,0.007950501684099436,0.0006638630280352503
5016,0.007492774073034525,0.0011041869902951413
5017,0.007186142541468143,0.0005909176750669944
5018,0.009725798163563013,0.0005993670293557369
5019,0.009626446180045605,0.0016379800815715722
5020,0.00991148194298148,0.0017710589430588362
5021,0.009591916389763356,0.0018356537194412254
5022,0.010406115651130676,0.002073731243112826
5023,0.009011019663885235,0.0006179404720083543
5024,0.007655741404742003,0.0010903963563191922
5025,0.01017027153633535,0.0023543279576561833
5026,0.008392620142549276,0.0009286775012908835
5027,0.007617110051214695,0.0027744214206755365
5028,0.010362005289644004,0.001831318434385251
5029,0.0084677548520267,0.0004119861742229622
5030,0.008595066145062447,0.0007209293093781102
5031,0.007582350093871355,0.0007252848251843953
5032,0.010499989297240973,0.002091364635231152
5033,0.009771684892475605,0.0023970730325258145
5034,0.007365536279976368,0.00048327338658528374
5035,0.007691530063748359,0.000883594230263915
5036,0.00896531317383051,0.000702201526720485
5037,0.009468466714024544,0.0014310917762835344
5038,0.008885295097716153,0.0006246716406017746
5039,0.008956820871680975,0.0006986674848682413
5040,0.007950800452381373,0.0003486208030427742
5041,0.008687959378585219,0.0003737709783508015
5042,0.010053967945277692,0.00088169920391384
5043,0.009586419053375721,0.0004321236228363027
5044,0.007864774973131716,0.0003125338348145804
5045,0.006555744223296642,0.0010158540752767393
5046,0.00859213162213564,0.001957788441508804
5047,0.009022433869540691,0.0013497226029532414
5048,0.01055368885397911,0.004888339555018569
5049,0.009549125526100398,0.0004876226823448446
5050,0.007683415338397026,0.0016184834721944717
5051,0.01008273173123598,0.0003795085243812175
5052,0.007929243929684162,0.0006628991264135462
5053,0.010030216313898563,0.0010838010160998785
5054,0.008476196434348821,0.00048452954538396166
5055,0.009073587544262409,0.0014291440706049436
5056,0.009082920290529728,0.00048511603057555127
5057,0.009225405864417552,0.0003365276321371673
5058,0.007142190858721733,0.0011979063944125624
5059,0.010441816933453084,0.0004507051298413936
5060,0.008598986342549323,0.0007599364305935698
5061,0.008070511259138585,0.0008354729523065768
5062,0.008988552764058112,0.0012134115039434744
5063,0.009594522602856159,0.0004950567582791211
5064,0.011085884515196084,0.0011438054649784448
5065,0.010658128280192613,0.0012654989821459996
5066,0.008782997354865074,0.0009462577538016214
5067,0.01079547792673111,0.0005130263381120941
5068,0.008810202423483134,0.0003713361147674732
5069,0.010381612479686737,0.0006327625740421553
5070,0.007538519781082869,0.0013805659023776956
5071,0.012032067319378257,0.0009395058062693027
5072,0.010160400290042162,0.0006924117389071273
5073,0.00873101182281971,0.002102045286510599
5074,0.008793066926300526,0.0004962009953076581
5075,0.007238249946385622,0.00034803159410143526
5076,0.007207395508885384,0.0012812236322357945
5077,0.010744121856987476,0.00033922379245193777
5078,0.009754602685570718,0.0006750229206287034
5079,0.009306425973773003,0.00032009663502247175
5080,0.009423298258334399,0.0022111242136292875
5081,0.006149906143546105,0.0006269971470903503
5082,0.009646802730858326,0.0012838354602149906
5083,0.0076509367115795614,0.001974490617899454
5084,0.009349314086139203,0.0006007348198206634
5085,0.008548211250454187,0.0011220377916151224
5086,0.009850819054991007,0.0006675549059403001
5087,0.008979433812201024,0.0006474055766848821
5088,0.008958237431943416,0.0013375358834658584
5089,0.008440870679914952,0.0007256162863173714
5090,0.009019019789993763,0.002493769297223181
5091,0.010256355050951243,0.0002721849524364998
5092,0.0073578845337033275,0.0042097211356134446
5093,0.008433935772627592,0.000726774975989167
5094,0.010148330349475146,0.0012963328714648338
5095,0.008008411936461925,0.00041684380306683685
5096,0.010615859311074019,0.0009406993128933421
5097,0.007552672028541565,0.000893660026844846
5098,0.009319753851741552,0.0006766022531449642
5099,0.009052034504711627,0.0011346510564429965
5100,0.00759793434292078,0.000856253494706311
5101,0.009631958231329918,0.0007353440606456301
5102,0.009243019912391902,0.00200400588242975
5103,0.006703487150371074,0.0006719480654581973
5104,0.008218321986496448,0.00045851689156572247
5105,0.006967250239104033,0.001112640907107661
5106,0.009207286387681961,0.000390817258349135
5107,0.009347284510731697,0.0008512264028293629
5108,0.01115726426243782,0.000701332574053221
5109,0.007765263691544533,0.00040044509131965315
5110,0.009326913431286811,0.0003533452655163224
5111,0.008578618969768286,0.0007896680250916987
5112,0.010564446616917848,0.0007593747378288679
5113,0.006982048526406288,0.004392177912674538
5114,0.007688834322616458,0.0006387678735685369
5115,0.0066697228327393535,0.00025738096903221784
5116,0.007580934315919876,0.0010158284160640245
5117,0.006952095367014408,0.0008798797538325394
5118,0.00840474570170045,0.0007139750830478303
5119,0.009261571392416955,0.0005315031050411388
5120,0.010771439634263516,0.0020842396029054303
5121,0.008435747623443603,0.001547168162077257
5122,0.008240277655422687,0.0008017809149388173
5123,0.009776008501648902,0.0007429334417955107
5124,0.007420925032347441,0.000605141933117746
5125,0.0075473877973854546,0.0011478192635416373
5126,0.00728562543168664,0.0005489407204512558
5127,0.007011658549308777,0.0005979927257500742
5128,0.007362653706222772,0.002109288930101958
5129,0.007865565847605466,0.0004427806680188004
5130,0.01054323699325323,0.0006752136938452517
5131,0.010096416864544154,0.0007067473648332876
5132,0.006664653439074754,0.0003925347038901934
5133,0.008685792265459895,0.0004745678368585873
5134,0.007505567707121372,0.000369189213639925
5135,0.008223309945315123,0.00030495289199391926
5136,0.007095089219510555,0.0005899338079185851
5137,0.006915121488273144,0.0006554761466136432
5138,0.008532152101397515,0.000636901753202674
5139,0.010253029502928257,0.0004272333079987295
5140,0.006812925264239311,0.0012042257513799897
5141,0.008574778605252504,0.0009434673391371863
5142,0.007447375915944576,0.002338111286581022
5143,0.009162336681038141,0.0002699501914919469
5144,0.0076503519061952826,0.0005062619484929138
5145,0.008705431185662747,0.0003321431637755579
5146,0.009324510153383016,0.0003072241336555373
5147,0.00807125959545374,0.000758155015829874
5148,0.009737773379310966,0.00035291149086408215
5149,0.0062002424895763394,0.0013822636656560426
5150,0.010241303574293852,0.0023422019128776983
5151,0.010329575538635253,0.0010268589683444787
5152,0.009024512208998203,0.0008281771020249349
5153,0.007833743188530206,0.0005862664114181527
5154,0.008145576445385813,0.0007810949699551327
5155,0.006456285510212183,0.000533778591987307
5156,0.009810846578329802,0.0010073782066010858
5157,0.009140907377004624,0.0016909425389276791
5158,0.008352786302566528,0.0014381270667487016
5159,0.00866341257467866,0.0007478455791237114
5160,0.007299816105514765,0.0005750340036409971
5161,0.007259907927364111,0.0002755912846685981
5162,0.008059909120202064,0.0008858776211177242
5163,0.010642673242837191,0.0005084615099492598
5164,0.006464678719639778,0.0005184051060246954
5165,0.00746652977541089,0.0009828832619249413
5166,0.008924302496016025,0.0002743542771060849
5167,0.00840416113846004,0.0007481017869208263
5168,0.007485239896923303,0.0006449528744967323
5169,0.007096268720924854,0.0005073409187862624
5170,0.00952772525139153,0.0007819469905719926
5171,0.00778981750831008,0.0017282725997549825
5172,0.009026484433561563,0.00042110259647876636
5173,0.006490210294723511,0.0006205893188638434
5174,0.006887835320085287,0.00046573448742816406
5175,0.008511225320398807,0.0002702601303423002
5176,0.009109341688454151,0.0003697486033771595
5177,0.00862421490252018,0.0005870739949710846
5178,0.008049194272607564,0.0002980441268061428
5179,0.008304604701697827,0.0004160977510914002
5180,0.007543183770030737,0.00035293917219498996
5181,0.008579543717205524,0.0007027312947759303
5182,0.008607376515865326,0.0011697377218571428
5183,0.008680217303335666,0.0034716258348565397
5184,0.006995219979435205,0.0017901658892236039
5185,0.009176410436630249,0.0017303146791886794
5186,0.010163804404437543,0.00037192449315326696
5187,0.010423870272934437,0.0012281423463320284
5188,0.008366999244317412,0.0010857515727578063
5189,0.007519423738121986,0.0005474011991842816
5190,0.0081664502248168,0.0008846655865167969
5191,0.010479953847825527,0.0017427688939752031
5192,0.008410373982042075,0.0026252918417425187
5193,0.007052277736365795,0.0005157185558545441
5194,0.007986609302461147,0.000261874403630117
5195,0.008352626226842403,0.0006570985424332321
5196,0.007054311838001013,0.0007521086238876419
5197,0.009008586928248406,0.0022349485948885955
5198,0.007713924627751112,0.000848530083838914
5199,0.007951549105346203,0.0007112023942108738
5200,0.008657256066799164,0.0007105407892919324
5201,0.008196310009807348,0.00029806645462697706
5202,0.006404547784477473,0.0003945347332724128
5203,0.0078315731883049,0.0008205307744465742
5204,0.006426890697330236,0.000520364145950848
5205,0.007797095067799091,0.0005677325653242368
5206,0.009088505040854216,0.0007834261393314865
5207,0.008100494453683495,0.0005357249094530531
5208,0.00728960670530796,0.00038690123131358356
5209,0.009279932864010333,0.000452402584838413
5210,0.01006477877497673,0.00027881961960540065
5211,0.007896526488475502,0.0006843265321437422
5212,0.007374211028218269,0.0005657769754977118
5213,0.009337139651179313,0.0006192337930097232
5214,0.008618315178900958,0.0012562509501761157
5215,0.007696934174746275,0.00041603099173835915
5216,0.0075160862132906915,0.00035763747520881946
5217,0.00860238965600729,0.001159566089396097
5218,0.007300242725759745,0.001324385079261783
5219,0.006331068119034171,0.0003336812338129177
5220,0.008175520561635494,0.0005388530262280256
5221,0.009833450485020876,0.0006075823117025223
5222,0.008827833533287048,0.001413270523325119
5223,0.010219205729663372,0.0011636386083260382
5224,0.00729282695800066,0.0007216970054337066
5225,0.007797901928424836,0.00047068541777026775
5226,0.009096728283911943,0.00046096572334310425
5227,0.006204485632479191,0.00045612896314171485
5228,0.009376729289069772,0.0009109609415882254
5229,0.008162224804982543,0.001239167264828535
5230,0.00638992378488183,0.0006747909769541839
5231,0.006764133498072624,0.0006094487202162408
5232,0.008746492937207221,0.0021308803331259994
5233,0.007146624489687383,0.0006682565383938435
5234,0.008583430536091327,0.0017947316399379953
5235,0.010100099816918373,0.0021984725672279624
5236,0.008970232866704463,0.000397057308973298
5237,0.005784020647406578,0.00037260854769057965
5238,0.007550202775746584,0.0006502555999809188
5239,0.009220226062461733,0.00027016541642371696
5240,0.006910536605864763,0.0005869081268590964
5241,0.006565495170652866,0.0003827848733436278
5242,0.00900094060227275,0.001112793892787846
5243,0.009159986134618521,0.000671328604380817
5244,0.008173791579902173,0.0005610821479995263
5245,0.01101332925260067,0.0004512945987237936
5246,0.007955516669899226,0.0004542751737299362
5247,0.00921225550584495,0.0007516036106334132
5248,0.007788230367004871,0.0007975733972932787
5249,0.00954080954194069,0.0008545419837552289
5250,0.008839506269432605,0.0011399374726190142
5251,0.006756883813068271,0.0012029486992205048
5252,0.009411150570958853,0.0011494910832468982
5253,0.00795956414192915,0.0004184329006159104
5254,0.007309541255235672,0.0011622259123824944
5255,0.008709246926009655,0.0008506233826254125
5256,0.00968129888176918,0.0006543009550699785
5257,0.011335740238428116,0.000681093222165021
5258,0.008868229798972607,0.0005453996392346086
5259,0.006716141290962696,0.00034205578188834494
5260,0.008496089112013579,0.000853522355773499
5261,0.008717222046107054,0.0010884371031975144
5262,0.0077405116893351075,0.0014989110210604252
5263,0.006379607655107975,0.0009830945615149549
5264,0.0058303986489772796,0.0008951338655506707
5265,0.007850033789873123,0.0007229140466908376
5266,0.00869404586032033,0.0021211608210961294
5267,0.008278418742120265,0.0005829767890159704
5268,0.006830375678837299,0.0011577340646659676
5269,0.00834694143384695,0.00037755345284208423
5270,0.00634244492277503,0.0013066365866768747
5271,0.007356742061674595,0.002093288116157055
5272,0.009433033447712659,0.0007854158007731177
5273,0.009001783984713256,0.0006672676157506106
5274,0.006784752923995257,0.0004281637376738068
5275,0.006707623619586229,0.0009316696178595447
5276,0.011056939382106066,0.0006812261569007517
5277,0.006483685001730919,0.00047412661850302517
5278,0.008293751999735833,0.0013792862508076001
5279,0.006526842080056668,0.0009765231400594268
5280,0.008660863805562257,0.0010822285716230535
5281,0.00700451111420989,0.0002858541244789456
5282,0.008458267841488122,0.00033306477322085274
5283,0.011003830321133137,0.00027287031649667705
5284,0.009003306673839688,0.00040589520458151165
5285,0.0074999125767499205,0.00035692769906496346
5286,0.009601152446120977,0.0005658458703443127
5287,0.008065363839268685,0.0005428231491114026
5288,0.007153557799756527,0.0004835885247552117
5289,0.009457731815055014,0.0014693576851317481
5290,0.00698921300470829,0.0010508430120216249
5291,0.009049445576965808,0.00045418229334021293
5292,0.0059776764921844,0.0009126872145602709
5293,0.008459993172436953,0.0004249846133960041
5294,0.007472442137077451,0.0018779559743475832
5295,0.008830662127584219,0.0008728839142075804
5296,0.008039647880941629,0.0003032757601045289
5297,0.009480570815503598,0.0007198037514271699
5298,0.008157336302101612,0.0006785588799449551
5299,0.007304658368229866,0.0002688021986738919
5300,0.007924494594335555,0.0004530893810163571
5301,0.006281799711287022,0.0006210589115603584
5302,0.009141658963635564,0.0007461371782956619
5303,0.007325127497315407,0.0014079761753585955
5304,0.008109893184155226,0.0026635093046735
5305,0.007939910218119621,0.0006962281931670102
5306,0.006562288329005242,0.0004209416505022689
5307,0.009664496555924416,0.00040745527454817747
5308,0.007483196444809437,0.0008748345569809516
5309,0.00814092744141817,0.0005439251066466207
5310,0.00815573224797845,0.00026913170556438934
5311,0.008481747657060622,0.0002012537503379799
5312,0.009812129624187947,0.0008400810742112872
5313,0.009281664425507187,0.0006174028146221009
5314,0.009037563037127256,0.0004901255270440693
5315,0.007848301604390144,0.0005100951290829745
5316,0.008402311634272337,0.0009294783773079311
5317,0.007326280875131488,0.0004631177897402404
5318,0.01019947037100792,0.00043371932864929105
5319,0.007868144679814577,0.00039385775465371523
5320,0.007043374758213758,0.0030524375360484607
5321,0.010430357921868562,0.0016376361512413173
5322,0.008402248620986938,0.0006839827474821455
5323,0.009389347787946463,0.0008922176705099234
5324,0.009249570146203041,0.00047648230596279646
5325,0.008026087656617165,0.0005450358965963585
5326,0.009000891149044036,0.0005531744817782142
5327,0.008602737160399556,0.0006692964593203712
5328,0.006167767215520144,0.0003021706990743764
5329,0.007117016669362783,0.0005416009791015188
5330,0.009163694251328706,0.0002349880118257815
5331,0.006767050884664058,0.0015087299645329788
5332,0.008913950873538851,0.0003362362382824657
5333,0.008416852541267872,0.00040484777137825316
5334,0.006794044924899936,0.001911829803011393
5335,0.009514201413840056,0.00032189379450992667
5336,0.00898985018953681,0.00017026773704158473
5337,0.00796432975679636,0.001692618000997256
5338,0.008400069512426854,0.00023985578885514446
5339,0.008486890308558941,0.0008645286510079742
5340,0.009754999876022338,0.0003104425958093225
5341,0.0117103673517704,0.0011001804864276456
5342,0.008896803064271808,0.0007597884746931799
5343,0.0074292643647640945,0.00034798083592474155
5344,0.007926718778908253,0.0003760826546891771
5345,0.011809473559260368,0.0007239598410095611
5346,0.009372375905513763,0.0025050242603692698
5347,0.00992328830063343,0.000626598828852341
5348,0.00976731112226844,0.001108674255952443
5349,0.007447020914405585,0.001065406153354896
5350,0.011279036812484265,0.0005190939581091834
5351,0.008108044983819127,0.0009247860528388354
5352,0.007280043009668589,0.0003954638971800418
5353,0.00694701723754406,0.0003389762772314174
5354,0.0057058162987232205,0.000443671239350208
5355,0.008785642404109239,0.0003103985785955582
5356,0.0075746050477027895,0.0006355053533111022
5357,0.008194451425224543,0.00023923731124054877
5358,0.008422463536262512,0.00036451084970270145
5359,0.00805143604055047,0.0002700928104275914
5360,0.008990253079682589,0.00032945400445198974
5361,0.01037055633496493,0.000338969394574197
5362,0.007391060572117567,0.00022547763464525852
5363,0.007832205574959516,0.0004234935830973969
5364,0.00953147305175662,0.0004960032925139299
5365,0.01018792100250721,0.00028393562816957346
5366,0.007517927382141351,0.000334385390002129
5367,0.008971583284437656,0.0009946988700978356
5368,0.008676329851150513,0.0005093193966200638
5369,0.008969961311668157,0.0034442220508337836
5370,0.01072541981935501,0.00030076698589853127
5371,0.009196312641724944,0.0021914403936634324
5372,0.0063167014438658955,0.0006337295523972238
5373,0.010570864267647266,0.0005769093651707246
5374,0.007111433558166027,0.0004020526069088852
5375,0.008015188835561276,0.0007219975208225724
5376,0.009548155386000871,0.00046747157122734105
5377,0.006318798623979092,0.0012380914883815671
5378,0.00961012627929449,0.0003278543156003962
5379,0.009444113560020924,0.0015865940319961065
5380,0.008067891597747803,0.00045578325329163454
5381,0.009610211066901684,0.000698719651490922
5382,0.008073368649929762,0.0008637538173376289
5383,0.008226214163005351,0.0004158437100345945
5384,0.008322262559086085,0.001158688321058983
5385,0.007839170079678296,0.0014504611903597435
5386,0.008692925795912743,0.001045544979430429
5387,0.008040870185941457,0.0007321001375240572
5388,0.007751578623428941,0.0004325123122663633
5389,0.00915250025689602,0.0003711672138768784
5390,0.007948279548436403,0.0015542817011807268
5391,0.009649688843637705,0.0008920396555355456
5392,0.00815219348296523,0.000574756525329327
5393,0.007412804253399372,0.00042689109638920184
5394,0.009115614667534829,0.0018995173501922455
5395,0.008114164154976606,0.0035125187036823737
5396,0.008315289970487355,0.0006554965310560999
5397,0.005298818200826645,0.0006267681545641733
5398,0.00808133941143751,0.0006182237148718679
5399,0.008220103047788143,0.0010044572313558566
5400,0.007154807895421982,0.0008853380951060825
5401,0.008696827106177807,0.00035782203485723585
5402,0.008734225565567612,0.0005389455106262474
5403,0.006626493558287621,0.0005801286387308309
5404,0.006930019240826368,0.00037871662679619527
5405,0.008708272501826287,0.0004628600246888547
5406,0.00900948978960514,0.0013045882503183125
5407,0.008601172789931298,0.000504101274936932
5408,0.007735295612365007,0.0005062662743238098
5409,0.007174241989850998,0.0010781547880718764
5410,0.00726799825206399,0.0004317877022390037
5411,0.007294177059084177,0.00035611284246978394
5412,0.00812144037336111,0.0003476064985702516
5413,0.007427065223455429,0.0003308676755731951
5414,0.009349149912595748,0.0005397036781674888
5415,0.008396605476737023,0.0014435895152504824
5416,0.008364250063896178,0.0017477680166723998
5417,0.008700016923248767,0.0005392144180591895
5418,0.008189791198819876,0.0003517595341441872
5419,0.010336001813411712,0.00031967514313355547
5420,0.008127465154975652,0.0003264445168335367
5421,0.006823075395077467,0.0003029848728009997
5422,0.0076796900108456615,0.0004369740599442643
5423,0.008854782171547414,0.0005368230679416901
5424,0.007098899530246854,0.00036410999377513276
5425,0.008505341466516256,0.00032187346030147876
5426,0.008510962538421154,0.0005140137690843453
5427,0.006323359534144401,0.0009241822009829625
5428,0.00911940360441804,0.0002759291165316364
5429,0.008473930470645428,0.0016883229039456338
5430,0.006765128374099732,0.0003710841586213712
5431,0.007458329796791076,0.000353787279866631
5432,0.009395612962543964,0.00033514309325255454
5433,0.00738472331315279,0.0007855966210776736
5434,0.007263668812811375,0.0017234500791009975
5435,0.008234300762414931,0.00036542185272045484
5436,0.008267406988888979,0.00034732151954364643
5437,0.008099034000188111,0.002109668220788853
5438,0.0094165532104671,0.00031257407826696217
5439,0.008806770723313094,0.0007525561544852816
5440,0.008686597421765328,0.00035087708788959803
5441,0.007405808288604021,0.0006736536097253533
5442,0.007746228743344546,0.0004952422256780029
5443,0.008022618144750596,0.00042182772863083774
5444,0.0075680582504719495,0.0004596188152129188
5445,0.009577143453061581,0.0013037806533098425
5446,0.010073044020682573,0.0011258819379703436
5447,0.008874483145773411,0.0004157487963635653
5448,0.006766059827059507,0.00034625845559001965
5449,0.007032603695988655,0.0005544197932204665
5450,0.0072557182051241394,0.0006357965953424828
5451,0.0075211899913847444,0.003226440010770951
5452,0.008181508127599955,0.0010761821392145366
5453,0.007154879765585065,0.002174166633989917
5454,0.010101378755643963,0.00042853790972452
5455,0.008016969487071037,0.0024240963664926484
5456,0.007933058254420757,0.00027316489276055196
5457,0.008861707895994187,0.0002912137978742129
5458,0.006873962469398975,0.0004602818836957178
5459,0.007778459396213293,0.0003622636559281988
5460,0.006997417323291301,0.0011670726641680891
5461,0.008683467861264943,0.0004875086648995695
5462,0.006979922857135534,0.0005521005851197477
5463,0.008550983648747205,0.0003214288662005956
5464,0.00798289554193616,0.0010469171245684463
5465,0.006767668426036834,0.0002850315430219929
5466,0.007941940296441317,0.0008083967235232767
5467,0.009001691211014986,0.00026712354431528845
5468,0.010069678127765656,0.0012043038836029702
5469,0.007436607889831066,0.00236364085967206
5470,0.00972116170451045,0.0007019992519093499
5471,0.007575802989304065,0.0005882841539696777
5472,0.00865152433514595,0.0016821277525582133
5473,0.007328409850597382,0.00044316954014516653
5474,0.00890616025775671,0.0006418253944178864
5475,0.008172701559960843,0.00045254622938506917
5476,0.00702653406187892,0.00038881579600194826
5477,0.007576195020228624,0.001998817626297576
5478,0.007637019846588373,0.0005124528509204289
5479,0.007697526179254055,0.00040304706785158087
5480,0.007807520143687725,0.001408025751541024
5481,0.00894909430295229,0.0007161605068201786
5482,0.008188793994486332,0.0007996005707815902
5483,0.007691949959844351,0.0003164637826009548
5484,0.00781360300257802,0.0005899090776861843
5485,0.009209815189242363,0.0005526692552287897
5486,0.008860524669289589,0.00033159545672202664
5487,0.008911455143243074,0.0004792138846425263
5488,0.007312084902077913,0.0025297172402656853
5489,0.007867777552455664,0.0019903601201455273
5490,0.009932319037616252,0.0012560674377672426
5491,0.00926471695303917,0.0003540434880624286
5492,0.007845115456730127,0.0009262269651453482
5493,0.008779942048713565,0.00048230619812448036
5494,0.008523042425513267,0.0006700851654511085
5495,0.008466572919860482,0.00032198314307008754
5496,0.006748076723888516,0.0007977463091302612
5497,0.008813172858208419,0.0004995093814078208
5498,0.006709805019199848,0.0008897180760706686
5499,0.007950019557029009,0.0014321247421919482
5500,0.008820500075817108,0.0005416000207681974
5501,0.008387892181053758,0.0008547297999428662
5502,0.009825146906077862,0.0004919589300822723
5503,0.008664981983602047,0.000921159556888248
5504,0.006737516378052533,0.0002507789984470224
5505,0.0065672176517546175,0.001188120209892625
5506,0.008370213396847247,0.0003422893286157999
5507,0.0063369650766253475,0.0007827351848939306
5508,0.006903339698910713,0.0012399121307232097
5509,0.008161127381026746,0.0006515830356551155
5510,0.007498616930097342,0.0009882508582524853
5511,0.00737028731033206,0.00026639977155878427
5512,0.008381299879401923,0.0007698428595824524
5513,0.008264273405075073,0.003587852410767993
5514,0.008405152764171362,0.0003091223215587016
5515,0.00904474340379238,0.0011337704299502584
5516,0.007893312238156796,0.0003050420176531252
5517,0.008107229080051183,0.0009068170122240913
5518,0.008487094230949878,0.00034016402129702627
5519,0.007120113223791123,0.0004338908698154639
5520,0.007501440811902285,0.000978948282415194
5521,0.007981340065598488,0.0004046373009234778
5522,0.007775431629270315,0.0003053339141220084
5523,0.007252395302057266,0.00037085749280690026
5524,0.006338047422468662,0.000479002314945045
5525,0.0070996122062206264,0.0013112029051153015
5526,0.007439797073602677,0.0007023471830195862
5527,0.007498250780627131,0.00047535141742603265
5528,0.007070921547710896,0.0002688393878250356
5529,0.008481445070356131,0.0013641644132081163
5530,0.006495478637516499,0.00046470281544415767
5531,0.007621234655380249,0.0002645602885235822
5532,0.010253871250897646,0.001144945904555131
5533,0.008164992239326239,0.0007984360025347248
5534,0.008171229232102633,0.00036355399100862647
5535,0.005907022934406996,0.0006336829256687364
5536,0.006452576061710715,0.0003048355857597378
5537,0.00711269423365593,0.00018919907677328622
5538,0.0075176041014492516,0.00030758814283802924
5539,0.009134616181254386,0.0005613210031360848
5540,0.006947527695447206,0.0004513343279441334
5541,0.00865791842341423,0.0005341413664497588
5542,0.008684459812939168,0.000794832804798442
5543,0.008687950130552053,0.0003414358573424317
5544,0.008841542452573776,0.0004319981456581146
5545,0.008453744016587734,0.00028493766610017076
5546,0.009584300220012665,0.0006543404114917431
5547,0.008992608338594436,0.00026157586343948446
5548,0.0069299802742898466,0.000726347750695486
5549,0.008043087832629681,0.00041982326345607536
5550,0.006889801993966102,0.0011583460600128118
5551,0.006919798590242863,0.00026307713599398746
5552,0.008385614268481731,0.00036447697239553185
5553,0.009287468548864126,0.0003116559650874952
5554,0.007406715843826532,0.0009002537890783932
5555,0.008366776332259178,0.0006261184797239528
5556,0.007226593866944313,0.0002240491640269246
5557,0.008302637599408627,0.0007468138467392897
5558,0.006555342748761177,0.00039007222640315354
5559,0.0077159801125526424,0.0011119062403114896
5560,0.007039813995361328,0.0003305895105307309
5561,0.008052762448787689,0.00038505580784832803
5562,0.010316936187446118,0.0005191632072849531
5563,0.008130143992602826,0.00037083406840954995
5564,0.007182161454111337,0.0028762542483179946
5565,0.009420659337192773,0.0013188358319744672
5566,0.00990877591073513,0.0008773190477282472
5567,0.00834847079589963,0.0008480790109462934
5568,0.0064301255438476805,0.00023045585189658148
5569,0.007769053913652897,0.0001916363301598435
5570,0.008014419730752707,0.000501271618341976
5571,0.008142764437943697,0.00039727242056707764
5572,0.008591756504029036,0.0005236493362981366
5573,0.0071596503257751465,0.0003153364790431288
5574,0.009932093173265457,0.0003226012086586657
5575,0.00857438238337636,0.00028894649914622126
5576,0.007588389688171446,0.00037017285110977515
5577,0.007867810614407063,0.0005297530964750491
5578,0.005365746412426233,0.0008598823620210568
5579,0.007553010787814856,0.0007246604423702069
5580,0.00654948964715004,0.00035471584801785393
5581,0.008590920455753803,0.0008570362998360819
5582,0.007574552912265062,0.00026115405407462313
5583,0.007653108090162277,0.0006530508861481531
5584,0.007753241024911404,0.0007600303964963667
5585,0.007774150362238288,0.0005384141691698859
5586,0.006274435743689537,0.0002458266044164727
5587,0.0076605845429003235,0.0004996159152815131
5588,0.0068220279738307,0.00043365586714895623
5589,0.00778467065654695,0.0005160309202898906
5590,0.007923436388373374,0.0005214150284563689
5591,0.009566278401762248,0.000792508037866106
5592,0.00800143625587225,0.0008687055239147723
5593,0.006436004396528005,0.0018259725192153495
5594,0.007069772258400917,0.00039755621829711235
5595,0.00794435977935791,0.0006098675283233392
5596,0.008419349044561385,0.0007147036270758341
5597,0.007392014805227518,0.0002938336983290405
5598,0.0069959376752376555,0.0010263166240454741
5599,0.00841485041193664,0.00068084696907397
5600,0.00804491967894137,0.0005899741497147535
5601,0.006431721709668636,0.0006097981280468608
5602,0.008517237287014723,0.0005505319939103386
5603,0.0072763489373028276,0.0006939581242925806
5604,0.007045448673889041,0.0004937245950265469
5605,0.005572444563731551,0.0007747113474940543
5606,0.007503562979400158,0.0003937893396839284
5607,0.009017211701720953,0.0007912320123143392
5608,0.007085700519382954,0.0011608381699834479
5609,0.009460492208600044,0.0009747102142196812
5610,0.00785986267030239,0.00040170200781462946
5611,0.006887192707508803,0.0004955462809199186
5612,0.008300914969295263,0.0004304307010598889
5613,0.00695825906470418,0.0006918613041419383
5614,0.008500715084373951,0.0005051033257997964
5615,0.007893561087548732,0.0006373143569113406
5616,0.007890404621139168,0.0006995048863918534
5617,0.0076881925016641615,0.00037604059207919753
5618,0.006754561401903629,0.000490662061939437
5619,0.007408492960967124,0.0008462004920496439
5620,0.007407154887914658,0.000718452698991264
5621,0.009510467704385519,0.0006346273958489254
5622,0.007355343382805586,0.0014702066195465319
5623,0.008371432181447744,0.0003871480927942959
5624,0.007669597882777452,0.001664617602802711
5625,0.007833568630740046,0.00033682337579355663
5626,0.00566924100741744,0.0008893172361900749
5627,0.008206906858831645,0.0012363229849541636
5628,0.007298558503389358,0.000832950610931395
5629,0.0091351237334311,0.0005645711661263829
5630,0.007727190591394901,0.0009979354552541897
5631,0.007395560331642628,0.00025879844797102174
5632,0.00991869531571865,0.0017085803962912257
5633,0.008853697497397662,0.00048313802307509905
5634,0.008331530522555112,0.00025691712274748753
5635,0.00769786074757576,0.00031474179250175416
5636,0.008364052772521972,0.0006245851480044833
5637,0.006615571342408657,0.00037669317770114627
5638,0.007540842229500413,0.0005045759336933596
5639,0.00782168548554182,0.0005356099747886007
5640,0.006539859138429165,0.0005995213366687707
5641,0.0065120226051658394,0.0007445865104609641
5642,0.008139007054269313,0.002955186413601041
5643,0.006937424018979073,0.0009157115056128433
5644,0.008092609774321318,0.0004582291650179174
5645,0.007841939441859722,0.00045760016655549407
5646,0.006867700982838869,0.0006056243479204019
5647,0.008912506215274334,0.0007697781045563928
5648,0.008757036216557025,0.0006566172480034604
5649,0.007792098298668861,0.0005874835319134522
5650,0.007752794772386551,0.0002807619383842493
5651,0.007681615501642227,0.0020583910845245607
5652,0.00813947506248951,0.003039553158674134
5653,0.0074279879592359065,0.0005768485230151309
5654,0.008376496117562056,0.0022617051352376806
5655,0.006977046299725771,0.0005339157140864799
5656,0.0062862692587077615,0.0004303963429913282
5657,0.005685501508414745,0.00029690187830678887
5658,0.006969858910888433,0.0003691295437731665
5659,0.007704010382294655,0.0005071180914879509
5660,0.005588467279449105,0.00044365654351055775
5661,0.0066017556749284265,0.0006660500697612966
5662,0.00706797368824482,0.000494150162124504
5663,0.007414725478738547,0.0005244781784051455
5664,0.006902724243700504,0.00039713053999162497
5665,0.008662151973694562,0.0003519684590061581
5666,0.008114391900599004,0.0005199673963544813
5667,0.006945335976779461,0.0006497845449165939
5668,0.0078907211124897,0.001104097865993948
5669,0.006793696284294128,0.0006665556148581258
5670,0.007484716475009918,0.00031154856328176306
5671,0.006198995150625706,0.0021976505578431772
5672,0.0069860665034502745,0.0005570882929358249
5673,0.0056115872459486125,0.0005454086294028531
5674,0.009089433141052723,0.0004024381863155836
5675,0.007842068988829852,0.0017175326037718213
5676,0.0070571587421,0.0002247849353608055
5677,0.007607512306421995,0.0006067409097976115
5678,0.0073094742000103,0.000390350096345734
5679,0.007899794485419989,0.0007689726707997592
5680,0.008475798219442367,0.002322626220419595
5681,0.0071778386086225505,0.0003450348602399734
5682,0.007572146225720644,0.0013116958028037255
5683,0.008067785445600748,0.0012375761671884827
5684,0.007831983100622893,0.0007245830788072964
5685,0.008013386242091657,0.0013113497096203166
5686,0.00912780661135912,0.0010645566516147595
5687,0.008507776986807585,0.003063933324221879
5688,0.008412345889955758,0.0005224751590030294
5689,0.006278411950916052,0.0002308671954193564
5690,0.007370254471898079,0.00035322523175113617
5691,0.009276278540492058,0.0007751703853176728
5692,0.009049496073275804,0.0003789160537240131
5693,0.006466706488281488,0.0005654324386715378
5694,0.007974809734150767,0.0006322367905452927
5695,0.007956049535423518,0.0002668366312295117
5696,0.009343409948050975,0.0003303090588939982
5697,0.00718461574986577,0.0010798189147975142
5698,0.008348576752468943,0.0005139892582768855
5699,0.008622151166200638,0.0005886520140274899
5700,0.007620347579941154,0.00021986668859538702
5701,0.00636272911913693,0.0004297666953739468
5702,0.007864563334733248,0.0029650357303094782
5703,0.008570374231785536,0.0003692901927311203
5704,0.006524273566901684,0.0006493349688778287
5705,0.0058222910389304165,0.0002692039199918987
5706,0.006640704125165939,0.0008220617872286486
5707,0.007703519556671381,0.00032707379355150347
5708,0.00789770532399416,0.001015239665508015
5709,0.006856026891618967,0.0011313634562586778
5710,0.007980470340698957,0.001085110227194653
5711,0.0062907074205577375,0.0010551748428914748
5712,0.00825704250484705,0.0007030058162580308
5713,0.007814431935548783,0.0013504503071563292
5714,0.006869688965380192,0.00044086282556136583
5715,0.006817109202966094,0.00043127224419811384
5716,0.005104502560570836,0.0008773617183292055
5717,0.00800061997026205,0.00040212150614099475
5718,0.005708827842026949,0.0004012722806879064
5719,0.00533015938475728,0.0008449449823062535
5720,0.007418277878314256,0.0003931626579038518
5721,0.007192875500768423,0.0004693685169850017
5722,0.008094080612063409,0.00045696940068322975
5723,0.007994309030473233,0.0003145571621868453
5724,0.007202944308519363,0.00032914957100978404
5725,0.006711970865726471,0.00102753755205936
5726,0.00789916917681694,0.0004202497450073492
5727,0.008314559254795312,0.0006131232956947427
5728,0.0063238837197422985,0.0004332821227351765
5729,0.010072681689634919,0.001275962574267122
5730,0.0070954873226583,0.0003342161749247206
5731,0.007504535634070635,0.0002701157568044935
5732,0.008695220351219177,0.0003422671288717538
5733,0.00792371604591608,0.00028362251450993404
5734,0.0062432079808786515,0.000632375450039359
5735,0.007067391630262137,0.00042638412983936563
5736,0.006721644569188357,0.0006546897045017718
5737,0.008235737588256598,0.0006755381425498181
5738,0.007186731398105621,0.00041622643347842336
5739,0.008110980056226253,0.0003711665284418029
5740,0.007283867057412863,0.0005125105658096376
5741,0.006103701740503311,0.0022591362700937955
5742,0.0076362000405788425,0.00040172691351721346
5743,0.007291521951556206,0.0003535918186160366
5744,0.008418779373168945,0.0007304415698418368
5745,0.0075833254866302015,0.0006787981527015465
5746,0.007880058670416475,0.00041452544097061436
5747,0.007359253205358982,0.0003520004782779461
5748,0.008406469542533159,0.00031112476227301085
5749,0.007590620098635554,0.0005198679740814977
5750,0.008530018497258424,0.00047138158448458307
5751,0.006401532934978605,0.0008221276184984113
5752,0.008042196333408356,0.0004903554919571297
5753,0.00780086474493146,0.0011349898405781348
5754,0.008581422101706267,0.001583256938156659
5755,0.006307670474052429,0.0009217594530152743
5756,0.007367064710706472,0.0011671989891448454
5757,0.005899699977599085,0.0008520915480777111
5758,0.006590386182069779,0.0004742067494215954
5759,0.006562532223761082,0.0006407054200168852
5760,0.007554003912955523,0.00036022791865023414
5761,0.006920212376862764,0.0006432701635799588
5762,0.008276408798992633,0.00048321525567077253
5763,0.007442332077771425,0.0005609508382941099
5764,0.008563298135995864,0.0003106494691128817
5765,0.008466037958860397,0.0006448696271758781
5766,0.008816388500854373,0.0007206258437379378
5767,0.005856188777834177,0.0007702658060150323
5768,0.007361478433012963,0.0006405618671672291
5769,0.0069348947331309314,0.0011614683049903187
5770,0.0072600416094064715,0.0010696307928237604
5771,0.0070965148881077765,0.000624399989036435
5772,0.006580856889486313,0.001998991673582629
5773,0.007656704690307378,0.0023379968399539182
5774,0.008238045386970044,0.00235746191553006
5775,0.008897536164149643,0.00035050350159084926
5776,0.006144447159022093,0.00029045816530650547
5777,0.006466571856290102,0.00036022074390816734
5778,0.006603634376078844,0.0004630731045960589
5779,0.008698335066437721,0.001280313930219065
5780,0.007620892543345689,0.0006632349862117473
5781,0.008640057556331158,0.0007343481052411746
5782,0.008193459548056125,0.0005905289617159774
5783,0.008235401324927807,0.0002991268840859236
5784,0.006866850610822439,0.0004960174260865131
5785,0.006528111770749092,0.0005000599132522252
5786,0.006700740624219179,0.0007049135388551306
5787,0.009363374970853329,0.0021337066882302705
5788,0.007302410081028938,0.0003425863357970478
5789,0.006752036549150944,0.0011998526305470564
5790,0.006634879838675261,0.0008584356034327655
5791,0.00730214811861515,0.0003017092701019751
5792,0.005901636760681867,0.0012756285252853309
5793,0.00760187266394496,0.0009366975258397934
5794,0.006329554682597518,0.0024293569803288946
5795,0.008526670318096875,0.0009348444825625175
5796,0.01004391122609377,0.0003512491432097517
5797,0.007488664351403713,0.00038416449816607273
5798,0.009046046640723943,0.0008604431844616232
5799,0.006827790681272745,0.0004050312454139252
5800,0.006601168885827065,0.0009386876892228292
5801,0.0071607141196727755,0.0005722401371825334
5802,0.007773762457072735,0.0005176323705212507
5803,0.006730137150734663,0.0006350457516007687
5804,0.006581770014017821,0.00047218646048424664
5805,0.00848247341811657,0.00047105008956325583
5806,0.0063142554461956026,0.0008131611760552616
5807,0.008098431974649429,0.000767759559357105
5808,0.0076766863465309145,0.00035214643189460294
5809,0.007515451163053513,0.0006440861506645937
5810,0.007953627705574036,0.0005478198171197756
5811,0.007798953857272864,0.0006490719606517814
5812,0.007226611748337746,0.00030888242615954566
5813,0.008116556834429502,0.0002520577045662284
5814,0.005572224287316203,0.00023511025093496643
5815,0.006656905692070722,0.00080243588348672
5816,0.007448012474924326,0.0004158421324475107
5817,0.007917743511497974,0.00028061319349097626
5818,0.006975079849362373,0.0004636186790215617
5819,0.008868096638470888,0.0003899152893796308
5820,0.008923490103334188,0.002196732257837302
5821,0.0077251092158257964,0.0020432709652471216
5822,0.008315866999328136,0.0019856715472797823
5823,0.007079424280673266,0.0009830777544515487
5824,0.009754284247756005,0.001459389395552547
5825,0.0073891307041049,0.0005060340619122941
5826,0.005026544164866209,0.0005014200395049706
5827,0.0076017239689826965,0.0010969552146627693
5828,0.00645687575917691,0.0019495349874949618
5829,0.007695312332361937,0.0005382481655058106
5830,0.006517005898058414,0.000798621328949469
5831,0.0066648730263113975,0.0004060803034481567
5832,0.006895567458122968,0.0010649677962447479
5833,0.006532173324376345,0.00030538507731039754
5834,0.006606622226536274,0.0010249799273729528
5835,0.007171936109662056,0.00029379611466899644
5836,0.005362063515931368,0.0003832362965287558
5837,0.006469533983618021,0.00036183521606040836
5838,0.006401390135288239,0.0005696726453008947
5839,0.008336879592388869,0.0002228331281974982
5840,0.007725494150072336,0.0006672117643039163
5841,0.00895229559391737,0.00026522628199117745
5842,0.006071170121431351,0.000410999293756641
5843,0.005429031914100051,0.0005154671690770431
5844,0.005329569168388844,0.000348079446280592
5845,0.005755877066403628,0.0005105318480062821
5846,0.006410199739038944,0.0004373800626649738
5847,0.007132561262696981,0.0005452173880830867
5848,0.00672322366386652,0.0003620106756412273
5849,0.006446208376437426,0.0006609272161157393
5850,0.006972189685329795,0.0006382371881444084
5851,0.0074736434035003185,0.0005583251932714046
5852,0.007159829903393984,0.0003811987224577173
5853,0.005836586859077215,0.0008763085830676025
5854,0.00810092682018876,0.0005757032004735203
5855,0.006550391586497426,0.0030498327272752783
5856,0.008789376895874739,0.00024426132107667036
5857,0.007267437353730202,0.0006278688298862855
5858,0.006316828355193138,0.0009245124170301508
5859,0.006135588884353638,0.0001701912371700392
5860,0.006287291776388883,0.0002976266661465921
5861,0.008040969800204039,0.00035052239096106336
5862,0.00813365587964654,0.0005768925024910945
5863,0.008481194116175175,0.000292245941699087
5864,0.006768656615167856,0.0006521902324580779
5865,0.006762701254338026,0.0007589327838042215
5866,0.006483882647007704,0.0002931171331187066
5867,0.00884513622149825,0.0002995357658432586
5868,0.008079036213457584,0.0004351088551280953
5869,0.007450046669691801,0.00044748617254872566
5870,0.007682015597820282,0.00046953555652616574
5871,0.0063559114746749405,0.0003122761653224325
5872,0.006826066579669714,0.0005413617874768384
5873,0.00746543912217021,0.00024048496910437865
5874,0.00713616767898202,0.0020494980909797835
5875,0.0063218922168016434,0.0004691709630743103
5876,0.007739196782931685,0.0008612397343736805
5877,0.006968606123700738,0.0003687574784111946
5878,0.007324413694441319,0.0015850662658858585
5879,0.008524634819477796,0.0016138439994841203
5880,0.008173824734985829,0.0003287056929428666
5881,0.007540952563285828,0.0006304987034862478
5882,0.00662385443225503,0.0010754191779136046
5883,0.008083158321678639,0.0003704423695238154
5884,0.006403656620532275,0.0005736866685217374
5885,0.006671258267015218,0.0005839339153257466
5886,0.006044779419898987,0.0004694871748965042
5887,0.007882363982498647,0.0009392826444762823
5888,0.006762166041880846,0.0003317572728233182
5889,0.00684225277043879,0.0005109020491283744
5890,0.006889696214348078,0.0004776414671764479
5891,0.00690357020124793,0.0004586704707846415
5892,0.006920733693987131,0.0006225682988010143
5893,0.006203441871330142,0.0007408789099092047
5894,0.0078037223033607,0.0011908633352180765
5895,0.006412228886038065,0.002033443129557657
5896,0.0073438861034810544,0.0005624775887604114
5897,0.00673512670211494,0.0007357996850982563
5898,0.005424244254827499,0.0011195670502349632
5899,0.008259317558258771,0.0003795948630870218
5900,0.007569695338606835,0.00061460986393759
5901,0.007849517744034529,0.0006262247234563764
5902,0.008688086215406655,0.0004980744452041108
5903,0.00641091912984848,0.0006034103739880702
5904,0.006499056834727525,0.0004007552069857436
5905,0.006178483543917537,0.00042041443792759434
5906,0.007795108649879694,0.0019821504287243093
5907,0.006488285548985004,0.0005154521367492709
5908,0.0071761439181864265,0.0005572298457941729
5909,0.00770451445132494,0.0008733695379318032
5910,0.006667105597443879,0.00044737206643394653
5911,0.007628669142723084,0.00035309612241864473
5912,0.006780057456344366,0.000481582291821761
5913,0.006779204737395048,0.0007880228721697764
5914,0.0062458192557096484,0.0010722759514664338
5915,0.007907559983432294,0.0011140049342703942
5916,0.005231954846531153,0.0007700174121977124
5917,0.006279157530516386,0.000928028843091316
5918,0.009767723269760609,0.0017543203414302983
5919,0.006174898222088814,0.0007555788671534049
5920,0.00718641216866672,0.0005146939810190018
5921,0.006826506461948156,0.0007298149149354598
5922,0.00671159790828824,0.0003247978232525072
5923,0.007507021371275187,0.0007696335304812336
5924,0.009631518125534057,0.0003782885874424621
5925,0.005589479282498359,0.0011653484782995019
5926,0.007705635223537684,0.0012763352229017508
5927,0.007173492610454559,0.00040109550312467633
5928,0.006843004450201988,0.0010333716748154734
5929,0.006414485201239586,0.0014308711022699941
5930,0.007909842375665903,0.0008255736718962148
5931,0.006339274235069752,0.0004835409516538812
5932,0.0062294555036351085,0.0005940901585134967
5933,0.007380351647734642,0.0004092889364684409
5934,0.007987472787499427,0.0009823747757465055
5935,0.006541438437998295,0.0005676403814330314
5936,0.006150783812627196,0.001225095156146443
5937,0.008032079888507723,0.0008228415989995557
5938,0.0068879308179020885,0.0021687018053529604
5939,0.00741457799449563,0.00029586767688096974
5940,0.00814669879153371,0.000775776983698039
5941,0.00626595739275217,0.0004805903271803862
5942,0.007861048951745032,0.00029873902491239627
5943,0.0082052905485034,0.0007589429924711074
5944,0.00717680998146534,0.00040721070334954785
5945,0.006683738455176353,0.0004312344083214842
5946,0.005690574911423028,0.0004973971424066168
5947,0.010870613902807236,0.00021735652860601702
5948,0.006350099388509989,0.0006392612442938764
5949,0.008760356716811657,0.00040773930520852643
5950,0.0064415779896080496,0.0003294684712858576
5951,0.007543519930914044,0.0006421214632996141
5952,0.005809352640062571,0.0001743695399940631
5953,0.0060143045522272585,0.0005340991013090139
5954,0.006341803399845958,0.0004842444867205053
5955,0.005808806959539652,0.00043593863680542526
5956,0.006379125099629164,0.0006063822878138737
5957,0.0077605789294466375,0.0011553453171485397
5958,0.005246959049254656,0.00037173104507542433
5959,0.006229002177715302,0.0007034006923451471
5960,0.00766008653678,0.0016996935472428187
5961,0.007261267770081759,0.0009715696541617994
5962,0.0076898477412760255,0.00023888874958884863
5963,0.0065367697924375535,0.00032209807878108186
5964,0.005249956920742989,0.0005772040669697859
5965,0.007350745834410191,0.0005551675383012729
5966,0.005870603392831981,0.0006062089747028451
5967,0.007873357255011797,0.0006998405657861738
5968,0.006478516831994057,0.00028250326326935014
5969,0.0085782110132277,0.0006485082610184964
5970,0.006656048372387886,0.0007329526331837046
5971,0.00886145225726068,0.0002654729589815124
5972,0.006927322149276733,0.000507841884215962
5973,0.007165100146085024,0.0005338309174850072
5974,0.006405687648802996,0.00045759201548955315
5975,0.007544145472347736,0.0016460311615023098
5976,0.00799452155828476,0.0003511216775522159
5977,0.008836500979959964,0.001532110750790022
5978,0.006154886204749346,0.0006723531808110898
5979,0.006366621237248182,0.001973949769457598
5980,0.00711541885510087,0.00047447368599197747
5981,0.0068883974943310024,0.000955569669476723
5982,0.007206669356673956,0.00047791165059308
5983,0.0067185800150036815,0.00034791457771573994
5984,0.006395633369684219,0.0006719422167843234
5985,0.007380088418722152,0.00028660086850509724
5986,0.0063271081075072285,0.000991352775400466
5987,0.007512257285416126,0.0011238304432481527
5988,0.006445484142750502,0.0007980449760272104
5989,0.007591069564223289,0.001991209395433942
5990,0.005959075428545475,0.0004063213299597097
5991,0.007706732302904129,0.0004747366946914603
5992,0.009037840869277716,0.0007327134957798591
5993,0.0076589216664433475,0.0003722503011661888
5994,0.006454198844730854,0.00042196174334792086
5995,0.006490604393184185,0.00046310566611980103
5996,0.0070585675723850725,0.00028620354293694894
5997,0.006901907166466117,0.0006307594215797183
5998,0.007443110886961222,0.0004748542645981229
5999,0.00551314739510417,0.00027264284653938375
6000,0.005725209536030888,0.0005251574110756436
6001,0.007209505792707205,0.0019436221177472847
6002,0.007088426947593689,0.00031122117708373356
6003,0.006813859120011329,0.0003290349244433519
6004,0.00828889012336731,0.0008738403892693148
6005,0.007325844969600439,0.0004521815963639648
6006,0.006541877184063196,0.0004522054480494013
6007,0.005676949229091406,0.0003138793258025145
6008,0.008036246821284294,0.00021780447054443855
6009,0.006284754872322083,0.0004075020602015198
6010,0.0059852766338735815,0.0004629680251165242
6011,0.006301749963313341,0.00045013232728743875
6012,0.007448538281023502,0.0002927676109160131
6013,0.007408255394548178,0.00027626415109421344
6014,0.005251797027885914,0.00034819435463199225
6015,0.006760694896802306,0.0004951520623600953
6016,0.006249199323356151,0.00042100819152674624
6017,0.00704150022007525,0.0005848873436549831
6018,0.005994966682046652,0.00044622650503161785
6019,0.00767410833388567,0.0007147816566380429
6020,0.00674692690372467,0.0013221116132128422
6021,0.006136384271085263,0.0015593457214330157
6022,0.008881462849676608,0.0006810290809108378
6023,0.00626603102311492,0.00039403180213810955
6024,0.007470552194863558,0.00029599743301992953
6025,0.006233823848888278,0.000769275660811579
6026,0.006130329873412848,0.000506402036691027
6027,0.006521234139800072,0.0008347280760461542
6028,0.007661528661847114,0.0002602013664478388
6029,0.005939527228474617,0.00044931168408828394
6030,0.00804169125854969,0.00025216323543545885
6031,0.008663963209837675,0.0006230610290427424
6032,0.006992789786309004,0.000810584219249144
6033,0.006179273426532746,0.0004702414787049112
6034,0.007440070044249296,0.0008943596334923824
6035,0.009796201474964619,0.0005694261163214783
6036,0.007340101432055235,0.0007154843650362773
6037,0.006939908377826214,0.0006275156250523326
6038,0.006512079369276762,0.00030303874120039684
6039,0.007647014036774635,0.0016602348067402228
6040,0.006598965143784881,0.001120971277561868
6041,0.009562037289142608,0.0004182251927076858
6042,0.006880995742976665,0.0011972419842631134
6043,0.006985862664878368,0.0012089543224771647
6044,0.007742678783833981,0.0013709424465435417
6045,0.0061585526261478665,0.0003198284991898842
6046,0.007136421576142311,0.000814139555935582
6047,0.006980823893100023,0.00024156875020109932
6048,0.007739579863846302,0.0008201937762101831
6049,0.007511152978986501,0.0003332547314803129
6050,0.007207505647093057,0.0012909594033398244
6051,0.006025752108544111,0.0002689497798126293
6052,0.008588143661618232,0.0002657623491820095
6053,0.006869791951030493,0.0007450840131328633
6054,0.007595897540450096,0.0008907835264885575
6055,0.007386986631900072,0.0005773423811299598
6056,0.00744098786264658,0.00038921956410663434
6057,0.006378874070942402,0.0004510349747150728
6058,0.005757694467902184,0.0007604325025929266
6059,0.005891892705112696,0.0006063295853617665
6060,0.006383932828903198,0.00036732593494665183
6061,0.005851907627657056,0.00033312320927706584
6062,0.007024668622761965,0.0003852541076038543
6063,0.0052729490213096145,0.0005626537787651464
6064,0.0075831376761198045,0.0007829208561691316
6065,0.007322401907294988,0.00033775002082446205
6066,0.00618965394794941,0.00026311771139324715
6067,0.00859647650271654,0.00047735217918820475
6068,0.005527333542704582,0.001040261058608861
6069,0.008247883804142476,0.0019356976135646645
6070,0.007794546037912369,0.000354843383395011
6071,0.007260413039475679,0.0005549933117087165
6072,0.005964141618460417,0.0003508483873016826
6073,0.008511002287268638,0.0004820935842772461
6074,0.006489779110997915,0.0009683012780542039
6075,0.006325513478368521,0.0004703886839856189
6076,0.00706499794498086,0.0003171216326523317
6077,0.007128013046458364,0.0007987360498702077
6078,0.006483035869896412,0.0004970723801381784
6079,0.007398506365716457,0.0004298718165158141
6080,0.006568516921252012,0.000308229768874398
6081,0.0060070837289094925,0.0006254791634552793
6082,0.007671541208401323,0.0004967753079716652
6083,0.008377613574266434,0.000520960104090404
6084,0.006399683626368642,0.0005938410843692222
6085,0.0065541500225663185,0.0003812623661560045
6086,0.006000815611332655,0.0010737880621079917
6087,0.0072547241672873495,0.00030778456977265567
6088,0.006029853448271751,0.0005833563244939871
6089,0.006240147389471531,0.0003306667192054479
6090,0.00712988967075944,0.0004757866223521326
6091,0.0076207036152482035,0.00036408886357193834
6092,0.007246958333998918,0.0005153478151155406
6093,0.005981741212308407,0.0006493833852925478
6094,0.006288175135850906,0.0003355736291069499
6095,0.009739235695451497,0.0006876075219710625
6096,0.006905337143689394,0.0008118065530179094
6097,0.005291604744270444,0.0008595232496577098
6098,0.0071035704715177415,0.0003210246855092445
6099,0.0061885558348149065,0.000822629412789255
6100,0.007715842546895146,0.0006755145501077481
6101,0.008182393349707127,0.0007324431570763508
6102,0.006762079428881407,0.0006507088474878302
6103,0.007865110356360673,0.0006034185756493259
6104,0.006253402959555387,0.0008730347705239507
6105,0.007014133716002107,0.0006744511940194396
6106,0.007224410679191351,0.0009272191115361574
6107,0.0069208815693855286,0.0009222688473926934
6108,0.005650680866092443,0.0007357155961584147
6109,0.007063194829970598,0.0004062138050108867
6110,0.005414633434265852,0.00032230344497716717
6111,0.006139329122379422,0.00040349108894588426
6112,0.006730861067771912,0.0021424905065294
6113,0.006873021759092808,0.0005964540736111876
6114,0.0061374249309301375,0.0009162655711805525
6115,0.006118034906685352,0.001051142027167833
6116,0.00746473808772862,0.0004834624173594894
6117,0.0067844694666564466,0.0006107658993816386
6118,0.006692003160715103,0.0008545282906023403
6119,0.006217583380639553,0.00048235820397839896
6120,0.007524933870881796,0.00030852761819790444
6121,0.006744021647609771,0.0004223770205224928
6122,0.005993429571390152,0.0005319111544737745
6123,0.0062259218748658895,0.0007309874484621703
6124,0.006024715341627598,0.0006752802363647887
6125,0.004926702119410038,0.0002292720889882942
6126,0.0068070140480995175,0.00037098415442128434
6127,0.006817223262041807,0.000970370126632999
6128,0.008110584188252688,0.0004878522880448743
6129,0.007100171893835067,0.0004221998399908157
6130,0.00676903584972024,0.0007397085635552871
6131,0.006706780381500721,0.0008912903893809153
6132,0.0063836310431361195,0.0003241999447584943
6133,0.006794088147580623,0.0014582474776607466
6134,0.007006213869899512,0.0004939035351439187
6135,0.008176207579672336,0.00033127325304906677
6136,0.007452990803867579,0.0004593161160400622
6137,0.007683857474476099,0.0009454661320052939
6138,0.00639480547979474,0.0011546547689685624
6139,0.007537806797772646,0.00040030717295163937
6140,0.007533249482512474,0.00029830678294561104
6141,0.005620627533644438,0.0005321289051969198
6142,0.006299118548631668,0.0007509230955006325
6143,0.006972339432686567,0.0004521665205797882
6144,0.00532849919050932,0.00032856955998770537
6145,0.007115062512457371,0.0003990047901935799
6146,0.006506740562617779,0.0006256133715832632
6147,0.00620028518140316,0.0009612285038488216
6148,0.006303274463862181,0.0003064976398030149
6149,0.006743549313396216,0.0007155314773601825
6150,0.00705648678354919,0.00045230913164145123
6151,0.006576934233307839,0.0003653064480590417
6152,0.006290447041392326,0.0005148889254523467
6153,0.00757856547832489,0.0015166746436503448
6154,0.008937239442020654,0.0011657626935829446
6155,0.006793500795029103,0.0008620133257490162
6156,0.007377754040062428,0.0002285293498846853
6157,0.005647092908620834,0.00027591959606880126
6158,0.005917213372886181,0.000883857168620835
6159,0.005879052523523569,0.0002637935977960197
6160,0.005231384858489036,0.0006381887629586719
6161,0.004968035165220499,0.0003912406391464174
6162,0.0070273857563734055,0.000349286189316756
6163,0.007769351620227099,0.0009623478335800441
6164,0.006659342311322689,0.0002636522632164
6165,0.006235552625730634,0.00039802193746815137
6166,0.0061921595828607675,0.00033553296936140076
6167,0.007053141528740525,0.00029354011929495907
6168,0.008183266315609217,0.00026732407024286506
6169,0.007328788959421217,0.0006788381612987245
6170,0.0076800106093287464,0.0008468444121057448
6171,0.006995634473860264,0.00020697416672092378
6172,0.00598085317760706,0.0002935791736702301
6173,0.007361024506390095,0.00030095086203053216
6174,0.00628750404343009,0.000744120757127809
6175,0.008961580153554678,0.0007706758277554525
6176,0.005881002675741911,0.00036202906670801545
6177,0.005459613879211247,0.0006591619960389623
6178,0.0073683919198811055,0.0009352919477762093
6179,0.007498647104948759,0.0011051158908729072
6180,0.00620208814740181,0.00047423701122569
6181,0.005348575925454497,0.00036617497328871366
6182,0.006435321345925331,0.00026849898410409253
6183,0.0065824326127767565,0.0009191655783119854
6184,0.00773730019107461,0.0002772352366775198
6185,0.005704792886972427,0.0003549343710390481
6186,0.006229017181321978,0.00031255913693226605
6187,0.006496027465909719,0.00030181591755037567
6188,0.005142930708825588,0.0005302642733624128
6189,0.006581210251897574,0.0003565190573643944
6190,0.005389598440378904,0.00021387832394756428
6191,0.005846616318449378,0.0002970472991339741
6192,0.0053833497874438765,0.00039110101381881315
6193,0.005265502780675888,0.0002843717810383293
6194,0.00602156987413764,0.00047457760219041207
6195,0.008837172593921423,0.000509214592692506
6196,0.007097674664109945,0.0002095352409587701
6197,0.007966551445424557,0.0009446174989945625
6198,0.0059362251684069636,0.0012780748648977239
6199,0.006268125325441361,0.0007018792835281116
6200,0.006573448423296213,0.0006514158249794417
6201,0.007192863449454308,0.000989747962081958
6202,0.00727045675739646,0.0007918551253244179
6203,0.007008959352970123,0.0006683462363993112
6204,0.00639007406309247,0.000372003960427258
6205,0.00667004007846117,0.0006766048617252748
6206,0.00622059571556747,0.0012995518914628008
6207,0.006810720693320036,0.0014211358295192252
6208,0.00594128631055355,0.00042377459503270125
6209,0.006596969235688448,0.0008498920332672304
6210,0.006572266723960638,0.00034807077056079645
6211,0.00584150729700923,0.0002976841831397208
6212,0.006323681268841028,0.00035084208881415506
6213,0.00833393176086247,0.0010147107863154466
6214,0.007044583633542061,0.0003681365036605363
6215,0.006931721530854702,0.0007371225949274759
6216,0.00584723106585443,0.0005589372569923161
6217,0.006934266025200486,0.0020944798342909104
6218,0.0067854907177388665,0.0010287777061433825
6219,0.005999507959932089,0.0002493434268429043
6220,0.0068865476921200755,0.0004013881812108145
6221,0.006687648720107972,0.00024827381255892935
6222,0.007618743646889925,0.000514051233488454
6223,0.006494859158992767,0.0003737581350397293
6224,0.007571025416254997,0.001980888910834001
6225,0.006438120771199465,0.0009920871609011394
6226,0.00793295368552208,0.0018262819654933395
6227,0.007472624499350786,0.001094090664992109
6228,0.005711573753505945,0.0005178726122759232
6229,0.006714363265782595,0.0033539365594313568
6230,0.006462086662650108,0.0005094092502737137
6231,0.006761213019490242,0.00027842343419476106
6232,0.0058534925803542135,0.000598406927428473
6233,0.005609307643026113,0.00042300210750983926
6234,0.005568958222866059,0.0003086161452476318
6235,0.005967122158035636,0.0005892246251141219
6236,0.007364048212766647,0.000676775280998586
6237,0.006195287024602294,0.00038212055000731693
6238,0.0067313888855278494,0.00025891290147540044
6239,0.0063733340799808505,0.0005736903635121576
6240,0.006145819239318371,0.000551106119592202
6241,0.00791145469993353,0.0003124838051805193
6242,0.0056584845297038555,0.0006428756858764395
6243,0.006865643858909607,0.00022678270003892328
6244,0.007668521460145712,0.0003998302487809568
6245,0.007199511472135782,0.0004832217151264035
6246,0.006204667333513499,0.0033487314677299704
6247,0.007145296670496464,0.00048644898645898763
6248,0.006793128587305546,0.000881036904988147
6249,0.006106088291853666,0.0007634347445038083
6250,0.0071067288145422935,0.0006342869023122659
6251,0.006801345366984606,0.00031394410539739
6252,0.006823842860758305,0.000605664573201578
6253,0.005625717286020518,0.0009281553586383593
6254,0.008496497739106417,0.0012418834352227923
6255,0.007080491334199905,0.0006904537576826429
6256,0.008001437243074179,0.0003011545670906095
6257,0.006330400127917528,0.0008125491049587216
6258,0.005721231568604708,0.00046578241266590886
6259,0.00715635696426034,0.0010038843013231375
6260,0.00843243369832635,0.00046639146274497914
6261,0.007384088281542063,0.000248213016152165
6262,0.006960726059041918,0.00025875555510450896
6263,0.00577941495925188,0.0005746136059676483
6264,0.005777578158304095,0.0017892129157912242
6265,0.006411708882078529,0.0004948321866945599
6266,0.00614078463986516,0.0013663767141685501
6267,0.005674645798280835,0.0005078040304982856
6268,0.006809632983058691,0.0009510776072689524
6269,0.007022695932537317,0.00036039905017002624
6270,0.008684381116181613,0.000389858397371327
6271,0.005845188442617655,0.0013683774996523376
6272,0.007085942085832357,0.0005015903716661317
6273,0.00631066819652915,0.001321163479787336
6274,0.006782365553081035,0.00046850642395103735
6275,0.006854632589966059,0.00035113042534635184
6276,0.007545179622247815,0.0005375352554176359
6277,0.0064262904971838,0.0002453562992741354
6278,0.007418417874723673,0.0008400018547808318
6279,0.006196205178275705,0.0002499428543309826
6280,0.0066687891259789465,0.0006449339259096919
6281,0.005821043662726879,0.000665817748634017
6282,0.006582096461206674,0.00022259779031366932
6283,0.0052913125231862064,0.0009609956696170242
6284,0.0076743393763899805,0.0007818283051513901
6285,0.007179190441966057,0.0005299976312440552
6286,0.006106453780084849,0.0004772189723515934
6287,0.005242571476846933,0.00038922026578802615
6288,0.007299740090966225,0.0002918801335609926
6289,0.006749115809798241,0.0003386047238775861
6290,0.005358081390149891,0.0004223081857772952
6291,0.006718105524778366,0.0010176580909588566
6292,0.00719019690528512,0.0005679149160716581
6293,0.006888751089572907,0.0009735183382075127
6294,0.005513419648632407,0.0006731856265105307
6295,0.0066236560046672825,0.000510132912831853
6296,0.006543740034103394,0.0005131606498975562
6297,0.0075341851823031904,0.0002592985457676935
6298,0.0057780036702752115,0.0002597618423936943
6299,0.005386572871357203,0.00025159746386734324
6300,0.006176322177052498,0.0006053643364918558
6301,0.00822344422340393,0.0005853889790708071
6302,0.006880261404439807,0.0004455852999542489
6303,0.006501690242439509,0.000828715133774158
6304,0.005740395560860634,0.00035868450075911024
6305,0.006217835396528244,0.0005299077179499787
6306,0.006738185328431428,0.00026063246860596264
6307,0.007289162296801805,0.00032087459441430686
6308,0.006550777875818312,0.0014198926207290529
6309,0.0064162413403391835,0.00037423411303691005
6310,0.006737323217093944,0.0006311453435544486
6311,0.0067171349003911016,0.00042778052654147644
6312,0.006565747391432524,0.0005259634336864908
6313,0.0068659626320004465,0.0002863895998129857
6314,0.007974174544215203,0.0005610995030521785
6315,0.007200217284262181,0.0004325678156631399
6316,0.005894415210932493,0.0004413267109169918
6317,0.007755148801952601,0.0004148928389054474
6318,0.0059338750503957274,0.00039576919576350905
6319,0.006068027187138796,0.0004441592298537391
6320,0.006284216055646539,0.00029027294424364074
6321,0.005893117943778634,0.0019575197278356104
6322,0.007323546092957258,0.0006054820268006664
6323,0.0077252000197768214,0.0014420196984907332
6324,0.005887234648689628,0.0006090184459973076
6325,0.007356594186276198,0.0005640414684882534
6326,0.00640551870688796,0.0015890458774153297
6327,0.006180121507495642,0.0022455605499650515
6328,0.006111404383555055,0.0015971347042168045
6329,0.005224507236853242,0.0004277995237179598
6330,0.006180390305817127,0.00034251483954642325
6331,0.007336737010627985,0.00019088978087768748
6332,0.007348403725773096,0.0006357168729739162
6333,0.005210661059245467,0.0008379707738042694
6334,0.007179568000137806,0.0007424695232495577
6335,0.0063933305442333225,0.0009534620721377943
6336,0.007501666080206633,0.000391382356062659
6337,0.006978960577398539,0.0002507312592694676
6338,0.006703098900616169,0.000519649214741187
6339,0.006107727009803057,0.00035176318856865196
6340,0.0055214881896972655,0.0005347388668929877
6341,0.006721352636814118,0.00046776007934256573
6342,0.00604328915476799,0.0005345583289553896
6343,0.007178818266838789,0.0003598322922424477
6344,0.006160563053563237,0.0003650600262754118
6345,0.007753797937184572,0.0002158128179198933
6346,0.006592657696455717,0.0008859319336495477
6347,0.006749402582645416,0.00023241488507004735
6348,0.0058451290987432,0.0011001677126368534
6349,0.005766069740056992,0.00037328599894751016
6350,0.005265815053135157,0.0006339682970986995
6351,0.006496014501899481,0.000511507352188944
6352,0.005991400815546512,0.00035952812741264984
6353,0.005809779828414321,0.0003249511300964514
6354,0.005057008992880582,0.0003733581369774646
6355,0.006158458460122347,0.000567146791432257
6356,0.004859634693711996,0.0006999842713312693
6357,0.006146897971630097,0.00046142484922574397
6358,0.0059465404227375986,0.0009397219998876832
6359,0.005753096775151789,0.0007103256305539343
6360,0.0060334213078022,0.00020660419813046322
6361,0.005813157167285681,0.00033644464085775996
6362,0.007300227917730808,0.0005706088471526203
6363,0.006836036294698715,0.00032014088156594807
6364,0.006266249362379312,0.0011152073913190054
6365,0.006981615219265222,0.0005143566203801191
6366,0.005276992656290531,0.0003606741454560718
6367,0.006209103474393487,0.00026276351954574275
6368,0.006914838925004005,0.00032868162203183055
6369,0.007047770973294973,0.0003219265754399215
6370,0.0068835349194705485,0.0009797029715503426
6371,0.005972879081964493,0.0008361288601507063
6372,0.006004897439852357,0.0007887540691315311
6373,0.006551132462918758,0.00016838805529989433
6374,0.005873865429311991,0.0004932204331590296
6375,0.006410610331222415,0.0004489192148480781
6376,0.005989078814163804,0.0016227825895615228
6377,0.007789783766493201,0.0010054012695136034
6378,0.007236653324216604,0.000535474935855895
6379,0.005607934230938554,0.00028183250923239153
6380,0.005905086044222117,0.000268261562929208
6381,0.005530748572200536,0.0010131545905470339
6382,0.005247849961742759,0.00019880158293271463
6383,0.0056315138749778275,0.00026038044822212527
6384,0.006191781777888536,0.0002757266388284298
6385,0.006657567573711276,0.0005598149504767705
6386,0.005410644132643938,0.001827296638248922
6387,0.007554424181580544,0.0004922908858184014
6388,0.006704213693737983,0.0006411001907521221
6389,0.005154325496405363,0.00040842464138583876
6390,0.005313616404309869,0.000560870956651841
6391,0.006516996370628476,0.0005681517514821193
6392,0.00523302486166358,0.00028894396113273243
6393,0.0064158667530864475,0.0009078520066296197
6394,0.006011407505720854,0.0003190680463500927
6395,0.00708881963044405,0.0005836704966310358
6396,0.004608670584857464,0.0003408587889593136
6397,0.006588283684104681,0.0006078976048603143
6398,0.007841933984309435,0.00044352361654913795
6399,0.006315257325768471,0.0007532735898204097
6400,0.005852342173457145,0.00029107763002186453
6401,0.005934894578531385,0.0004107982819470934
6402,0.007753146272152662,0.0003422872788888364
6403,0.005651892526075244,0.0004832066126304921
6404,0.006244660932570696,0.00044206322162022995
6405,0.0067947042547166344,0.0006257612162512051
6406,0.005682404665276408,0.0002938937985861342
6407,0.00610131767578423,0.0006560146009664319
6408,0.005790077447891236,0.00024820305096199424
6409,0.005754798157140612,0.0003992308771707379
6410,0.006097193975001573,0.0002811861035895649
6411,0.004895568266510964,0.0004343551660135184
6412,0.006243674140423536,0.0011722405579846914
6413,0.006653430429287255,0.001018673966141188
6414,0.007165756011381745,0.00107217074072065
6415,0.005825596638023853,0.00044399660432708056
6416,0.006982612907886505,0.0002501193327701265
6417,0.006813636429142207,0.0005712118056604371
6418,0.006067732917144895,0.00037300173171886803
6419,0.005410868898034096,0.00047494536616571553
6420,0.007048261840827763,0.0004939702168036865
6421,0.005420276829972863,0.00030026447686944027
6422,0.0058014638163149355,0.0007947710572346432
6423,0.005263078995049,0.0010853261824008333
6424,0.007928507085889578,0.0003668186106290094
6425,0.005943637304008007,0.0010094469228172547
6426,0.006153617966920138,0.00019655993313890202
6427,0.00646274337079376,0.000246001513678244
6428,0.006074763396754861,0.0005000289094997953
6429,0.005780218448489904,0.0008423528267223745
6430,0.00636708877980709,0.0002732025375685412
6431,0.0066766788251698015,0.00037440064375939436
6432,0.005875116810202598,0.0003569814299188605
6433,0.007173524182289839,0.0006691593746973635
6434,0.005883402908220887,0.0006920568794905119
6435,0.004739373568445444,0.00033304988739648055
6436,0.006300972066819668,0.0004987042111803917
6437,0.005916465893387794,0.00030554667079728736
6438,0.006288039814680815,0.00046075869802934154
6439,0.005521387960761785,0.000433843544196363
6440,0.006832514274865389,0.00034919939835536715
6441,0.006708912029862404,0.0004528041114498006
6442,0.0054382552811875935,0.001695682071404506
6443,0.006948486883193255,0.0005075162833186555
6444,0.006372428014874459,0.0006194216197624497
6445,0.004808562314137816,0.0005344618630136223
6446,0.00655571706360206,0.0006577647976857955
6447,0.0063767915777862075,0.00032077906238655115
6448,0.0047540712170302864,0.0010250520921146421
6449,0.007468240913003683,0.00047820116234193746
6450,0.007189059033989907,0.000507384013186834
6451,0.006547716222703457,0.0004940903219330596
6452,0.006077715195715427,0.0005518915673896467
6453,0.006025291904807091,0.0009250344193463966
6454,0.006086685373447836,0.0003910566222047025
6455,0.005516065694391728,0.0004144466493265984
6456,0.006785187087953091,0.000754756870613675
6457,0.006027445793151855,0.000508034271698394
6458,0.007177424617111683,0.0003479914392874104
6459,0.006000015884637833,0.0015762945850800775
6460,0.0059195499680936335,0.00044518814096067814
6461,0.005850722510367632,0.0006671095664026088
6462,0.005370959499850869,0.0002766210148378103
6463,0.006613007429987192,0.00023569278331307618
6464,0.006659912057220936,0.0007254411235183783
6465,0.006700831623747945,0.00038054532569731236
6466,0.005961674153804779,0.00030435263502175526
6467,0.006229168120771646,0.00021775741195547384
6468,0.006273824824020267,0.000424169993493706
6469,0.006264018751680851,0.0002570105493074675
6470,0.005508258705958724,0.0003720628403044267
6471,0.006330405678600073,0.00032466544956287805
6472,0.006125210132449865,0.00038438606911581264
6473,0.005820287708193064,0.00042135000425432364
6474,0.005796531308442354,0.0006946214085623418
6475,0.006769389687106013,0.0006226473918490826
6476,0.005584093406796455,0.0005319950462650661
6477,0.005385304819792509,0.0006629042678244718
6478,0.0066919481195509434,0.00047154448430487654
6479,0.0057888787053525445,0.0005370372622166218
6480,0.006416956633329391,0.0006920705742381309
6481,0.006511171897873282,0.0008878312882973673
6482,0.007007293347269297,0.000896291383095596
6483,0.004889688203111291,0.00026351113784547946
6484,0.006183581855148077,0.00036587897422627787
6485,0.006197048230096698,0.00032190294472432107
6486,0.005387371191754937,0.0014808184263130574
6487,0.0075015643239021304,0.00022864222778916384
6488,0.007246383242309093,0.00036391243577794464
6489,0.006254113502800465,0.0012149864629115144
6490,0.0062371412105858325,0.0004946447945557126
6491,0.006378465909510851,0.0003853174670414412
6492,0.00574632172472775,0.0009467238273267468
6493,0.006180166006088257,0.0005876257796755877
6494,0.005864448975771665,0.000533194415716212
6495,0.008139916770160198,0.0015768736647920403
6496,0.006881938623264432,0.0008324061517208202
6497,0.008104309048503637,0.00033599828578825174
6498,0.006184290945529938,0.0003891705395015952
6499,0.0062378245126456025,0.0005143635953323635
6500,0.005714611150324345,0.0003109850956070036
6501,0.006753766220062971,0.001320981540181355
6502,0.0072434714715927835,0.0014064746704718022
6503,0.0061265256628394126,0.0002722943812442867
6504,0.005351628102362156,0.0012234211995023978
6505,0.005206615515053272,0.0009578595189887979
6506,0.005563693642616272,0.00022236374446050558
6507,0.005253693666309118,0.0002817251666061092
6508,0.005098242349922657,0.0003664389222063768
6509,0.006362593499943614,0.00035873725653501635
6510,0.006762132626026869,0.0005633067152277911
6511,0.0054318573325872425,0.0012161185700216726
6512,0.0070239631086587906,0.001638806608429
6513,0.005778429694473743,0.0006386123044250456
6514,0.005530031099915504,0.0002576562112328048
6515,0.004786262279376388,0.0003072172762399096
6516,0.006292259581387043,0.000286111335349046
6517,0.005084441797807812,0.00035882400658160244
6518,0.006413943860679865,0.00032404587785107375
6519,0.005224262848496437,0.00042014244501518836
6520,0.004652457498013973,0.0006086520459152095
6521,0.006276912614703178,0.0005472408655842715
6522,0.006385950669646263,0.0007416240293660188
6523,0.006480184998363257,0.0009313202821904767
6524,0.005144496895372868,0.0017498039978569094
6525,0.005589115489274263,0.0009060025690378595
6526,0.006363983321934938,0.002292049937077785
6527,0.0067837006412446495,0.0003962445370396456
6528,0.0060315002128481865,0.000623324355915865
6529,0.004894548356533051,0.00038477989975745753
6530,0.00601008353754878,0.0009982095336005703
6531,0.005398493828251958,0.00067910913221318
6532,0.007074749246239662,0.0009013975217734298
6533,0.0071158153563737865,0.0009983147044780932
6534,0.006340678483247757,0.0007444079875649425
6535,0.006016798429191113,0.000233093840307285
6536,0.006157891228795052,0.0007705801399424672
6537,0.006901338389143348,0.0011832905448462866
6538,0.008547323234379291,0.0002738358305652757
6539,0.005844819387421012,0.0005439954422324998
6540,0.0063157381676137445,0.0010885853537243523
6541,0.006095546968281269,0.000934813777622703
6542,0.006563250012695789,0.000388212843673712
6543,0.005705682635307312,0.00036262407648131534
6544,0.00613049840554595,0.00038224030813331433
6545,0.006216689720749855,0.0012453371684436928
6546,0.006040178406983614,0.0006819439689816011
6547,0.005858694650232792,0.0004504486098757958
6548,0.0058416657708585265,0.00045583773586159085
6549,0.005900659654289484,0.00027643334825582205
6550,0.005777765791863203,0.00019528758183360093
6551,0.005613656155765057,0.00028510816109825996
6552,0.007259424440562725,0.00035099848791516757
6553,0.00602637080475688,0.00039572651988000623
6554,0.0068787942081689835,0.00035286502281127316
6555,0.005302298478782177,0.00023112750543625898
6556,0.004566856445744633,0.0003859407782466119
6557,0.005978877395391464,0.00043085959573732434
6558,0.007268512472510338,0.0013988561727336212
6559,0.005945853814482689,0.0003414649467704792
6560,0.007236968129873276,0.00037666476957184226
6561,0.0058767060376703735,0.00028709973905702784
6562,0.0059980606287717815,0.00036544876638799906
6563,0.005977102424949408,0.00038111348583523265
6564,0.006750943809747696,0.0013890118547077355
6565,0.007777512967586517,0.0022423385231028475
6566,0.008102649450302124,0.00034471858637279845
6567,0.006944323759526015,0.00038948122488513385
6568,0.006266298564150929,0.0006272243335843086
6569,0.006020857058465481,0.0004905177111265389
6570,0.005800295108929277,0.00036697050361983376
6571,0.006568819135427475,0.00048358625904194473
6572,0.007338759750127793,0.002944814484591966
6573,0.006989841293543578,0.00016918519493205392
6574,0.005490682031959296,0.0007401475258656357
6575,0.005943975932896137,0.00033057551348202366
6576,0.006793016940355301,0.0003285004675814129
6577,0.005857077948749065,0.0005350576951694739
6578,0.005761331440880895,0.000293716280320452
6579,0.007630091877654194,0.0009234228860331725
6580,0.006208043210208416,0.0011252597172119437
6581,0.006539026740938425,0.0002862808295790336
6582,0.006161026302725077,0.0002240889135302421
6583,0.004912024661898613,0.00041751954736417697
6584,0.006212191302329302,0.0007522028260098847
6585,0.004772056117653847,0.0003006160901125827
6586,0.004838053360581398,0.0008043811962722916
6587,0.007241280004382134,0.00022928399951910848
6588,0.005847420562058687,0.0010252781403697518
6589,0.0050906227715313435,0.00042232308992860867
6590,0.005406550634652376,0.0005461615430548378
6591,0.005324020106345415,0.0005903582037617899
6592,0.00586684986948967,0.00047742058116343025
6593,0.005474151307716966,0.000699432332735279
6594,0.007059196829795837,0.0005183110487239104
6595,0.006493722405284643,0.0005868747463602929
6596,0.006366459336131811,0.0005468985395777527
6597,0.0065102832578122615,0.0002954395366356188
6598,0.006260719783604145,0.00040958613344752834
6599,0.005751345017924905,0.00040948449248090794
6600,0.005706429667770863,0.0003577824203328992
6601,0.0061299651674926285,0.00047922514284138044
6602,0.0052480360865592955,0.00023049769732420977
6603,0.006187131190672517,0.0017887431592361568
6604,0.005668683694675564,0.000737317970934745
6605,0.006401588339358568,0.0005482737986013702
6606,0.00621879156678915,0.0005131463469596171
6607,0.006656315773725509,0.0004970986128558265
6608,0.006150006595999002,0.0008715000091286453
6609,0.005986216384917498,0.0009059470325504264
6610,0.005788965043611824,0.00033423187295277923
6611,0.006441785180941224,0.0003747566906023254
6612,0.0056623347010463475,0.00034578076275926695
6613,0.005105478065088391,0.0003482836668622004
6614,0.0058028346672654154,0.0003017437508152734
6615,0.0070438870228827,0.0012490372340934837
6616,0.007388719264417887,0.00022662655365284954
6617,0.007354070674628019,0.000980917800019323
6618,0.006119268126785755,0.0015897364004783027
6619,0.006037224140018224,0.0003021861130909114
6620,0.005693301483988762,0.0003846988402074203
6621,0.005888436511158943,0.0005242957610777285
6622,0.006205150671303272,0.00038752083437180795
6623,0.00524237741716206,0.000264804671344679
6624,0.006699880468659103,0.00046768606391620553
6625,0.006226572636514902,0.00033351005813902666
6626,0.006044536679983139,0.0005802012902639857
6627,0.005852275099605322,0.00034702313809098647
6628,0.005630740262567997,0.00037597966505404344
6629,0.0061496590450406076,0.00034807469124294984
6630,0.005545362364500761,0.0006069897814360383
6631,0.006399818714708089,0.0006399030058823322
6632,0.004730871571227908,0.000291332601504209
6633,0.006168195158243179,0.00033565811071801436
6634,0.005559212379157543,0.00045243783037446134
6635,0.0071040966827422385,0.0002061030945572396
6636,0.005670674797147513,0.00040060166853212126
6637,0.004309432031586766,0.00023108299042988084
6638,0.004665674008429051,0.0008609274558544363
6639,0.005370146194472909,0.00032059050081194095
6640,0.007109457775950432,0.0002635196034719989
6641,0.006434897817671299,0.0007746039780314489
6642,0.005940902922302485,0.0005873150004022947
6643,0.005277290288358927,0.0021634195669720025
6644,0.006608291752636433,0.0002856705810600407
6645,0.006051025614142418,0.0003231801212229447
6646,0.00650914641097188,0.0005444090028790987
6647,0.005672834999859333,0.0012930433508263875
6648,0.006611472479999065,0.000389208687372284
6649,0.0054206365626305346,0.00024680238139770976
6650,0.0073819240555167195,0.00043330763964311773
6651,0.0053455961123108865,0.0003465077941854523
6652,0.006400401741266251,0.0004239549313864052
6653,0.006593296937644481,0.0003529487266237146
6654,0.005959871355444193,0.0008213024058483688
6655,0.006518798228353262,0.0004067521830159558
6656,0.005907394029200077,0.00024301463369352262
6657,0.006047325413674116,0.00027665771900401895
6658,0.005424169171601534,0.000507405022962963
6659,0.005340089788660407,0.00046838201778384296
6660,0.005349819315597415,0.0006419641785251857
6661,0.006289757881313562,0.0003072517323096391
6662,0.0057452435791492465,0.00034235029864884047
6663,0.0072670005448162555,0.0021024781107034994
6664,0.005730389729142189,0.00043858756564002586
6665,0.004850350841879844,0.0005590634037579461
6666,0.005505063347518444,0.00032989768338940274
6667,0.005997090078890324,0.00033420546471511254
6668,0.005078626787289977,0.0018778108953408999
6669,0.005908357324078679,0.0005730408441581546
6670,0.005776009382680058,0.0017611721071274314
6671,0.00563850037753582,0.00030506094947057834
6672,0.005514623746275902,0.0006303473412416467
6673,0.00637986084446311,0.0003067307295405293
6674,0.00586129117757082,0.0011425933749606347
6675,0.005922304252162575,0.00045068202419078923
6676,0.005300943488255144,0.0005023002740927041
6677,0.005488894898444414,0.00044604963796414203
6678,0.006609183382242918,0.0009350971859394993
6679,0.004955768543295562,0.00036332471621516226
6680,0.005291417967528105,0.0003257859850099808
6681,0.005932987835258245,0.0004649551300059251
6682,0.006320484355092049,0.00021977369115494148
6683,0.006829472035169601,0.0003458246862577005
6684,0.00528766406700015,0.0003667880074529309
6685,0.0062310416251420975,0.00044735022309969405
6686,0.005348736718297005,0.0005442127154833854
6687,0.005684690335765481,0.0004545529456713479
6688,0.004794271867722273,0.0003844357983923632
6689,0.0055856542475521565,0.00043700962552277705
6690,0.005265368204563856,0.0005464459262502839
6691,0.005680501814931631,0.0007999840468385142
6692,0.006054644510149956,0.0007847555827713023
6693,0.006407385170459748,0.0005352404319413312
6694,0.0074880691338330505,0.0015856163282814907
6695,0.0062645424250513315,0.0007356465188148495
6696,0.006676535485312342,0.000589635674658308
6697,0.006566719841212034,0.0006239563019384873
6698,0.007334834225475788,0.0006959154784889918
6699,0.005787069043144584,0.0004124870349984769
6700,0.004578063823282718,0.0009810435832860842
6701,0.006497258832678199,0.0002954539774928229
6702,0.0067867450788617134,0.0002996953131913284
6703,0.005697435345500708,0.0005002893182155612
6704,0.006115186139941216,0.0007120312051209685
6705,0.004472659323364496,0.0005614571911219048
6706,0.005311683937907219,0.0005374640823989367
6707,0.005754690598696471,0.00027467856593892516
6708,0.005098943281918764,0.0010958265685412573
6709,0.004756477009505033,0.0002933685729209946
6710,0.0055015312507748606,0.0018048666238988916
6711,0.006718233209103346,0.0010109283875240243
6712,0.0056684957072138786,0.0014685323455511299
6713,0.006646985430270433,0.00047964332322271105
6714,0.005292752385139465,0.0007688508557206759
6715,0.005332039641216397,0.00045991186646597896
6716,0.004471190962940455,0.00035513963596975074
6717,0.006542093027383089,0.0004658690045351698
6718,0.006790450345724821,0.0007902235753534439
6719,0.005052932826802134,0.0008625010792357362
6720,0.005232000779360532,0.00035878052326614575
6721,0.006403134781867266,0.0005729358209364738
6722,0.004923168858513236,0.000460971514846515
6723,0.005494633466005325,0.0005479175982157994
6724,0.006059485655277967,0.00041417507072017616
6725,0.00614970175549388,0.0002664236203039365
6726,0.005358546245843172,0.0007333121771209758
6727,0.005970057947561145,0.0005973663929792453
6728,0.005755568398162722,0.00030078571062528667
6729,0.005152253098785877,0.0002560727597271692
6730,0.005932160504162311,0.0002828709393849737
6731,0.005863271579146385,0.0007821338949725032
6732,0.005364927593618631,0.0005980714057629596
6733,0.006059956718236208,0.0005792018260538884
6734,0.005268806247040629,0.0005947596659696077
6735,0.005990222645923495,0.00042658668148573743
6736,0.0071348525211215015,0.001120156911520721
6737,0.0056700656283646825,0.0003345760588385866
6738,0.005772680025547743,0.0003045794557306492
6739,0.006098853796720505,0.0008760715570868542
6740,0.0060834539402276275,0.000951245486136679
6741,0.005913186995312572,0.00038598130577904084
6742,0.005473898388445377,0.0004101735292551146
6743,0.005826241187751293,0.00049655957587824
6744,0.005865912935696542,0.0006742347518224524
6745,0.004702595258131623,0.0003246020490609824
6746,0.005985092427581548,0.00038630930206113277
6747,0.00577115342952311,0.00028600675123265296
6748,0.005741005633026362,0.0006085779531444231
6749,0.006405863724648952,0.0004132022441397517
6750,0.003512043030932546,0.0008013545717304088
6751,0.006477065198123455,0.00034440928342120643
6752,0.00561677111312747,0.0004211144290297541
6753,0.006383234076201916,0.0008227839924025106
6754,0.005326220225542784,0.0002715041775619994
6755,0.005571771934628486,0.0003701605473657789
6756,0.0069295898824930195,0.0007759991475884892
6757,0.005416511939838529,0.000503206222213658
6758,0.006195018775761127,0.0010788518511243674
6759,0.006293240990489721,0.0011648885532575723
6760,0.005510100871324539,0.0010909452852601671
6761,0.006454603653401137,0.0006158121120765142
6762,0.006386395022273064,0.0002543297073004882
6763,0.00491525910794735,0.0003774270988611683
6764,0.006917676832526923,0.00035302882076381414
6765,0.0042763587925583125,0.00048049647532573305
6766,0.006651037335395813,0.0002312754164848553
6767,0.007614105716347694,0.001568529475799264
6768,0.0070388185698539016,0.0006783136656214419
6769,0.005023036636412143,0.0003699371654999583
6770,0.006443535089492798,0.00027549224534894863
6771,0.004662549896165729,0.00020556578721431695
6772,0.0050335853546857835,0.0003424152099584829
6773,0.005703933332115412,0.00033807139149994575
6774,0.005000754087232054,0.00033596430965763044
6775,0.004957497715950012,0.00035362983958106743
6776,0.005348220299929381,0.0004814429268837358
6777,0.005734484568238258,0.00028150967937855893
6778,0.005147775001823902,0.0003615155778602021
6779,0.005422312803566456,0.0003402714277748202
6780,0.005803888514637947,0.000562780884362451
6781,0.005847492152824998,0.0006414530934344926
6782,0.005191865414381027,0.0004067677181821686
6783,0.006774611733853817,0.000980198886867434
6784,0.006200022045522929,0.0002018764630956368
6785,0.00634713165462017,0.0003620368950403844
6786,0.0058800191711634395,0.0003181982061156703
6787,0.0064037213288247585,0.0005884191550773708
6788,0.005378371449187398,0.0007614642509246526
6789,0.005276078432798386,0.0005297447624137906
6790,0.0048703122604638336,0.00042193276694639303
6791,0.0055086339637637136,0.0005006154868369029
6792,0.005596353095024824,0.000186307869663411
6793,0.005942033696919679,0.0006167326538746998
6794,0.007627014778554439,0.0001848559120545572
6795,0.004759647082537412,0.0007768326601625918
6796,0.004894544444978237,0.000600268293255047
6797,0.0059996027126908305,0.0004468689488656883
6798,0.005009846035391092,0.0024218140871659533
6799,0.006572897564619779,0.0004400805357288671
6800,0.006773468833416701,0.00062507780010442
6801,0.0062755469791591165,0.0010031070556230078
6802,0.005577521082013846,0.00098489120376156
6803,0.006033741813153029,0.0004545080298145241
6804,0.005341263022273779,0.0007300079044286315
6805,0.007433326076716184,0.0008239741300588334
6806,0.0056133322697132825,0.0008560471692798685
6807,0.0053377329092472794,0.000495519351903094
6808,0.005278834896162152,0.000883809979749869
6809,0.006054095029830933,0.0004060591254528845
6810,0.005259109158068895,0.0008641871518442688
6811,0.006445977808907628,0.0010808188462636294
6812,0.00462245088070631,0.0015465782098918644
6813,0.007307737395167351,0.0006287935954775367
6814,0.006895781438797713,0.000807255192353607
6815,0.00560658672824502,0.0003791981271455345
6816,0.005377209950238466,0.0002786032126918244
6817,0.005619528684765101,0.0011326028863350823
6818,0.004731230661273003,0.000278169823864679
6819,0.004163255803287029,0.0004878527634738855
6820,0.0057534353248775,0.0003141367709111065
6821,0.006537122949957848,0.0007804845801031549
6822,0.005539437048137188,0.0011902864853379456
6823,0.006701045874506235,0.0005795498059529091
6824,0.00632526321336627,0.0007363758241272952
6825,0.006190788485109806,0.000712099224759572
6826,0.005651550702750683,0.0007852230760051984
6827,0.005442686509341001,0.0006338410283156195
6828,0.004879277616273612,0.0003263182676563116
6829,0.004693186357617379,0.001026389182685581
6830,0.005324690528213978,0.0010863969904651278
6831,0.005895249042659998,0.0008576971607136042
6832,0.004799423860386014,0.0004400379560275437
6833,0.0057979517802596095,0.0003425614276774505
6834,0.006041393000632524,0.0007652902014055991
6835,0.00691892234608531,0.00043763454416639186
6836,0.005765188802033663,0.0004899479234104733
6837,0.005732414666563272,0.0008665729953575726
6838,0.005496393982321024,0.00042983569038955314
6839,0.005717281177639961,0.00024621174240677
6840,0.005150985736399889,0.00039445018245876855
6841,0.007117530982941389,0.00029017746000796273
6842,0.005170819368213415,0.00047772793834454904
6843,0.0058527903631329535,0.000281947791697585
6844,0.005171057926490903,0.0003957704072104518
6845,0.004327210085466504,0.0003091714023281533
6846,0.0057225164119154215,0.00036393863784686713
6847,0.005975440070033073,0.000224226742406469
6848,0.006455816365778446,0.000492775917997303
6849,0.005911363651975989,0.0003170980877282452
6850,0.005497166612185538,0.00047626122050880367
6851,0.004790785778313875,0.00015682220025267532
6852,0.006033679302781821,0.0002083671636197099
6853,0.004164033830165863,0.000233992887543748
6854,0.005181066878139973,0.00019282133064124326
6855,0.005812388639897108,0.00045111489104272877
6856,0.005252791717648506,0.0004770721708366979
6857,0.005920331533998251,0.00038383554508621034
6858,0.004456424284726381,0.0012164782949608483
6859,0.005154091324657202,0.000488002620890979
6860,0.005521192122250796,0.0006000528045075193
6861,0.005102068819105625,0.00063420186530518
6862,0.005923838689923287,0.0013598965493681497
6863,0.005806808825582266,0.0009519755122672817
6864,0.006212985161691904,0.0005005530685892851
6865,0.005362308733165264,0.0006244954667436852
6866,0.004978269282728434,0.0005289837797746471
6867,0.00500855254009366,0.0004567031701548306
6868,0.004344229632988572,0.00034519510059808825
6869,0.0063356364145874975,0.00041528474445827945
6870,0.005079220579937101,0.00028816612697707183
6871,0.004557521194219589,0.00021477564306311153
6872,0.00506685009226203,0.0002635411191763586
6873,0.005125854080542922,0.0007314171298400639
6874,0.00522752963937819,0.000672700356417782
6875,0.006491723768413067,0.0002641723191641488
6876,0.0049229788035154345,0.0002139451132516364
6877,0.005503523461520672,0.0009504206341448917
6878,0.005483209928497672,0.0003404916022515103
6879,0.005681892074644566,0.0002813107052109083
6880,0.0043289127480238675,0.0006223076624374786
6881,0.005670852288603783,0.0003729455731370588
6882,0.006479643750935793,0.0012092737493755884
6883,0.005142751894891262,0.0002613950768859032
6884,0.005983829721808434,0.00041375922332980276
6885,0.005457234950736165,0.0007905728193255115
6886,0.004636556711047888,0.00043351858198859613
6887,0.004975932091474533,0.000580007973452392
6888,0.005403562942519784,0.00033968069024698183
6889,0.005943527445197105,0.0026113869341677183
6890,0.006960756406188011,0.0004308743004476626
6891,0.004755092151463032,0.001656712366153218
6892,0.005438079610466957,0.00040483127080210267
6893,0.006175443064421415,0.000183178070497664
6894,0.005737488027662039,0.0006898099110838128
6895,0.005035014282912016,0.0006846043900012561
6896,0.005562100000679493,0.0002818781530089064
6897,0.00672330979257822,0.0010974941207478716
6898,0.007184173325076699,0.00019890330351126853
6899,0.005856966320425272,0.0002905048173513385
6900,0.004949785573408008,0.0013443877910940003
6901,0.005568316290155053,0.000689103219447632
6902,0.005382424173876643,0.0010152826203696735
6903,0.0060029928665608166,0.000359104731415593
6904,0.00612171997781843,0.0004219842870553879
6905,0.005327108465135098,0.0004800741400486751
6906,0.005999051406979561,0.00024618042795599934
6907,0.005857778312638402,0.00028832545499987136
6908,0.005040356609970331,0.000970331151022461
6909,0.005494855586439371,0.00035235554416231774
6910,0.004567061737179756,0.0001874813335658249
6911,0.004194424124434591,0.00023390988485205103
6912,0.005233855238184332,0.000497393394590751
6913,0.00521499770693481,0.0004209781437155421
6914,0.005330856516957283,0.000508758427626262
6915,0.0046445119194686415,0.00026200708517747334
6916,0.00650643156375736,0.0002902276202604136
6917,0.006561745312064886,0.00024303255824559354
6918,0.005563715305179358,0.0004093336285895681
6919,0.006704861354082822,0.00030413332928692894
6920,0.0045263122022151945,0.00029061899740928274
6921,0.005194801781326533,0.000524965970464408
6922,0.004805370569229126,0.0012817692253993798
6923,0.006684541460126639,0.001450056512361673
6924,0.005220815073698759,0.0004496197421534293
6925,0.006159525960683822,0.00034273112057596575
6926,0.005216638687998056,0.0011691212046521474
6927,0.00534758348017931,0.0006378753153026768
6928,0.005489813257008791,0.0017555461357641098
6929,0.00496591585688293,0.0005998813759691834
6930,0.005240481216460467,0.0006310127285621704
6931,0.005042056348174811,0.0001993676438135867
6932,0.006753168888390064,0.000678903560396539
6933,0.005509397429414094,0.00046146579323199337
6934,0.004358627274632454,0.0012440801492879447
6935,0.0063684500195086,0.0009608487363375264
6936,0.005878302622586489,0.00026046645467581024
6937,0.006498128660023212,0.00032609548381440443
6938,0.00597646196372807,0.0003093286445432132
6939,0.005055277701467275,0.0002926577457065047
6940,0.005755446339026094,0.00023434985246551573
6941,0.004386815084144473,0.00028690259815660174
6942,0.005406764782965184,0.00038222376061228664
6943,0.0048829387687146664,0.00031021599150098816
6944,0.005355214178562165,0.001795126676993215
6945,0.0053863744996488095,0.00031352946681268703
6946,0.005066003128886223,0.002107140046786772
6947,0.005296837007626891,0.000780859501228655
6948,0.0045951023884117604,0.0002656685935344534
6949,0.006284400233998895,0.0006929438115473939
6950,0.007794927284121514,0.0003775311936943294
6951,0.004973264019936323,0.0007329383778883374
6952,0.004825766035355628,0.00024290155872147632
6953,0.004748446391895414,0.00024301299629158864
6954,0.0050879050791263584,0.0005552143646576179
6955,0.005395139111205935,0.0011983602578841048
6956,0.005197152364999056,0.0005779991259085563
6957,0.006233352907001972,0.0005381467779269059
6958,0.005183254703879357,0.00032570642699831967
6959,0.006261787274852395,0.0004589095327378034
6960,0.005071936743333936,0.000735179252431358
6961,0.005271425731480122,0.0007595827178878084
6962,0.006034989878535271,0.000300863646970518
6963,0.006232816372066736,0.00042877121709290354
6964,0.005013523255474866,0.0003906899777301651
6965,0.00547293009236455,0.00027681472931038873
6966,0.004543234314769507,0.0002790842103023937
6967,0.0052859893068671225,0.00041343824705109
6968,0.006006457023322582,0.0019266577086679332
6969,0.0057281242776662114,0.0006316436400532576
6970,0.004889489952474833,0.0008899428026929294
6971,0.005998551547527313,0.00038458597480537916
6972,0.006554267648607492,0.0003381060617369893
6973,0.005128229148685932,0.00086046205610292
6974,0.005740231964737177,0.000982681043328054
6975,0.005077944919466972,0.00025688230131006457
6976,0.004898572396486997,0.00028048199290000637
6977,0.006742203999310732,0.00040755006133846633
6978,0.006128001715987921,0.00044388519516310414
6979,0.0055996162258088586,0.00019028310968790982
6980,0.004915615208446979,0.0003769654130374962
6981,0.005063102338463068,0.000662424704873271
6982,0.006091580335050821,0.00032716508705985463
6983,0.00416051316075027,0.0003209566017325763
6984,0.0046486255060881375,0.0003682853827603426
6985,0.004083139756694436,0.00025679629618324514
6986,0.005914435824379325,0.00019900331134933418
6987,0.005034081153571606,0.00026803423512718254
6988,0.005462717451155186,0.0007522289237734696
6989,0.00629385813139379,0.00037676233717332886
6990,0.004655363596975803,0.001281744283815361
6991,0.005764841549098492,0.0005069840690962275
6992,0.004702857378870249,0.0012390805449821565
6993,0.006636713668704033,0.0003208377899545044
6994,0.0065784817188978195,0.0005015460104515699
6995,0.0038930989149957894,0.0005592131649928601
6996,0.0055640611611306665,0.00032998040902160414
6997,0.005485649071633816,0.0006138377995166468
6998,0.005684155179187656,0.0007081763190536262
6999,0.004372509336099029,0.00039672505346522347
7000,0.004945254810154438,0.00033897248675651237
7001,0.005066429944708944,0.00023561885958371608
7002,0.005270547736436129,0.00029016419125271146
7003,0.005842523453757167,0.00035010069036180125
7004,0.006151790507137775,0.00019559737533922562
7005,0.004549997597932815,0.0002442819528020153
7006,0.004687755415216088,0.0002809448607428612
7007,0.004322821022942663,0.0004139379590226669
7008,0.005372375985607505,0.00016552030147939971
7009,0.005320254196412862,0.00032148202484527807
7010,0.005566776767373085,0.0003803789484863208
7011,0.004420562405139208,0.000170372167316326
7012,0.004948054067790508,0.00019131079718808658
7013,0.005117766987532377,0.0010680984897054222
7014,0.005695143304765224,0.0009289043321599546
7015,0.00639879809692502,0.0013839287096506928
7016,0.004496193807572126,0.0005239296723667481
7017,0.004928334765136242,0.00041110066675871277
7018,0.0047698646271601315,0.000372194167551878
7019,0.006078516505658627,0.00046581547063048165
7020,0.006236002231016755,0.0018652215797760306
7021,0.00605975616723299,0.00039361468324922535
7022,0.004218190899118781,0.0007780670453092619
7023,0.004787249844521284,0.0005013108598738143
7024,0.005045456346124411,0.00020649262545678179
7025,0.005275408113375306,0.0004456485023607232
7026,0.0067634242214262485,0.0003487271869121349
7027,0.004263379592448473,0.000474812038727615
7028,0.005878158360719681,0.00031780123858942257
7029,0.00610908773727715,0.0007173688892890661
7030,0.005521593820303678,0.0008070645096380111
7031,0.005424313300754875,0.00024018844968638517
7032,0.0051558002177625895,0.0001957866245665833
7033,0.005149308983236551,0.0002403382735518453
7034,0.005174011653289199,0.0005725877900123086
7035,0.005237297452986241,0.0007245480274296786
7036,0.0037817365024238824,0.00041112872733645243
7037,0.005290425233542919,0.00035406088776753305
7038,0.0055950690805912015,0.00032188514389467666
7039,0.005315172988921404,0.00031655940854338267
7040,0.0048401993326842785,0.0006125111089802462
7041,0.0052635748498141765,0.00021431419434969168
7042,0.0045164382550865415,0.0005307454398150671
7043,0.005388185512274503,0.0005738395824390527
7044,0.006042725313454867,0.0015453650561888536
7045,0.006718031354248524,0.0004279610923370219
7046,0.006002201922237873,0.000857001795650345
7047,0.005707640862092376,0.0003354328346425948
7048,0.004547428842633963,0.0004011282973607032
7049,0.005033274907618761,0.000322534171872364
7050,0.005140908602625132,0.0002517330593111357
7051,0.005187390111386776,0.001111765999118925
7052,0.0064341514185071,0.0015822920520879226
7053,0.005197503045201302,0.000357854442595391
7054,0.005062956679612398,0.0007663062719424089
7055,0.004756012111902237,0.00028425089282155903
7056,0.005040136687457561,0.0004882190744504205
7057,0.007625616583973169,0.0004442759282402184
7058,0.005883838348090649,0.0012832275250518363
7059,0.005188737981952727,0.0015980696643715445
7060,0.006185441464185715,0.0002911614711804647
7061,0.005844153808429837,0.0009895784773206824
7062,0.0052764837071299555,0.000262248544708175
7063,0.0049918265454471115,0.0003560088145903835
7064,0.005201931744813919,0.00026913580292523264
7065,0.003988190721720457,0.00025562926819550004
7066,0.005922154635190964,0.0006346382146497091
7067,0.005757618509232998,0.0002805900696006425
7068,0.004726076731458306,0.0002930113879887209
7069,0.004892220310866832,0.0003944198867666522
7070,0.005355139262974262,0.00017905410912708372
7071,0.0058420680090785024,0.0007056268633738773
7072,0.005198460603132844,0.0007880448354950354
7073,0.005104303853586316,0.0019910657453057292
7074,0.005998038314282894,0.0002852769069511552
7075,0.005451149102300406,0.0012047922187676168
7076,0.006226160302758217,0.0003335022950410996
7077,0.005525998640805483,0.00039260305234227867
7078,0.0052436396759003405,0.0007277395921497772
7079,0.005290366541594267,0.0003884111223893865
7080,0.006141191739588976,0.0002729948083557147
7081,0.0055876682512462136,0.00028455911576376623
7082,0.00422011427115649,0.0004002436635097208
7083,0.006784425415098667,0.0004420572144700189
7084,0.005510477479547262,0.00036178684589287187
7085,0.0052396540809422736,0.00022380277911832134
7086,0.005330912945792079,0.0002748697365423639
7087,0.005687203956767917,0.00021756647707935707
7088,0.005158934313803911,0.0005058345577459502
7089,0.004863947136327624,0.0002600333218028999
7090,0.004671345837414265,0.0003522882613639287
7091,0.005264666266739369,0.00044980997615174886
7092,0.0046435798332095145,0.0003961014771859531
7093,0.004428425263613462,0.00022531332926942698
7094,0.004543843539431691,0.0002604844404194322
7095,0.004562455099076033,0.001059376108396339
7096,0.004864618331193924,0.0011937284478534982
7097,0.006707448065280914,0.0002596986270300352
7098,0.005583111848682165,0.0003102405902958309
7099,0.004048753902316094,0.00047588158237001516
7100,0.006512730363756419,0.00021369173273716078
7101,0.005416811052709818,0.0009841854342782538
7102,0.004179893834516406,0.0013836948743268644
7103,0.005030877217650414,0.00025962809123073334
7104,0.00514092730358243,0.0005599969580581361
7105,0.007637042328715324,0.00022631413550748035
7106,0.004655298008583486,0.001416533051556206
7107,0.005469314064830541,0.00037490138717271606
7108,0.005916605666279793,0.0008219244909051755
7109,0.005816510207951069,0.00037066353182388113
7110,0.00622948870062828,0.00026761418190937846
7111,0.005469875717535615,0.0004010345561155565
7112,0.00499529242515564,0.00024158508158631764
7113,0.006012028362601995,0.00037753023366660695
7114,0.0051944654993712905,0.0002609003106593027
7115,0.0049553652107715606,0.0003522623270352958
7116,0.005484711080789566,0.0008296097647909024
7117,0.005546172112226486,0.001120032306560411
7118,0.0046928546391427515,0.0037002488077707485
7119,0.005836613439023495,0.0005725084616418302
7120,0.005706268707290292,0.00046664559001689907
7121,0.005196799412369728,0.00044727093166965125
7122,0.005630109012126922,0.0003610458741305804
7123,0.006148223951458931,0.000807260225322863
7124,0.00486407307907939,0.0002557450224891024
7125,0.004517021421343088,0.0002663926168006832
7126,0.0047777646221220495,0.00041283158567887156
7127,0.005273114535957575,0.00019987160359885645
7128,0.0037044428195804357,0.0005025856834971857
7129,0.005608520209789276,0.0005587079145224791
7130,0.005050070695579052,0.0006976062017301582
7131,0.004860748006030917,0.0002367559850115444
7132,0.0047830017097294335,0.0003215562088147112
7133,0.005891503561288119,0.00032655469999865513
7134,0.0048400011286139485,0.00035247555933892727
7135,0.00406064510345459,0.00029167999832991395
7136,0.00509210585616529,0.000986423110589385
7137,0.004838691782206297,0.0002751145082035928
7138,0.005246233455836773,0.00228841893202689
7139,0.003800522219389677,0.0005312844015413111
7140,0.00494062127545476,0.0005014038272760171
7141,0.0065201704017817975,0.00020848157056543517
7142,0.004689673036336899,0.00097936191293092
7143,0.006113069197162986,0.0004171238698253459
7144,0.005331340935081244,0.0007199550646338101
7145,0.0052458360604941846,0.0002752065195898168
7146,0.005189618999138474,0.0003609411477343313
7147,0.004074724996462465,0.0004390004415492438
7148,0.00521823369897902,0.0002735441548419695
7149,0.005539917312562466,0.0005804920881629399
7150,0.005161194670945406,0.00025393404227032405
7151,0.004116799458861351,0.0005094701255199639
7152,0.005189446490257979,0.0002565597502350463
7153,0.005456699724309146,0.0003370285462956604
7154,0.004962631808593869,0.0002441742192923525
7155,0.004011057277675718,0.0002039582767332059
7156,0.0047035118937492374,0.00047445304975653554
7157,0.005110019501298666,0.00030169967894461515
7158,0.005815907986834646,0.0005015960463150468
7159,0.0059421082586050035,0.00024026369278108676
7160,0.00436120567843318,0.0006539503787006315
7161,0.005793624818325043,0.00048007319158274833
7162,0.006705234479159117,0.00041043236995217937
7163,0.005068871285766363,0.0012933342424157547
7164,0.005144184678792954,0.0005215528246281631
7165,0.004881801269948483,0.0010710226368694886
7166,0.004664654545485973,0.0008035954837495946
7167,0.0066242974996566775,0.0005050227329077531
7168,0.00601548258215189,0.0011372311305484339
7169,0.004000383336097002,0.0009655664828031846
7170,0.004789559133350849,0.00047303497080040507
7171,0.0047744045779109,0.0022717423973069206
7172,0.005147339329123497,0.0003202057252988883
7173,0.00593745656311512,0.0010320992601320965
7174,0.005335493106395006,0.0006365255908785414
7175,0.00475046755746007,0.00039485941062145547
7176,0.006037523057311773,0.0011753123062216255
7177,0.0049572051130235195,0.0015922517066004954
7178,0.005055095683783293,0.00042190061832701606
7179,0.005258318400010466,0.0005387377459555864
7180,0.00451833956874907,0.0004586002519130962
7181,0.005155853983014822,0.00034305334532926855
7182,0.004079854767769575,0.0012255322797325987
7183,0.005262472908943891,0.0010385672651129227
7184,0.00461807930842042,0.000709173409108787
7185,0.00426624471321702,0.0010114874513756024
7186,0.0049827760271728035,0.0004064849069922499
7187,0.003797843623906374,0.0009153893604963916
7188,0.00472311713732779,0.0005026476552202813
7189,0.00507637994363904,0.00021910171273877295
7190,0.005906605273485184,0.0005499995822901838
7191,0.005299504641443491,0.0014981502596901296
7192,0.004318061806261539,0.0003889848617976372
7193,0.005204302286729217,0.0011663621120882055
7194,0.0051030610129237175,0.0003173345963435554
7195,0.005604803613387048,0.00028646212531260076
7196,0.005644713202491403,0.0002722083026788848
7197,0.005894197188317776,0.0002459158627746933
7198,0.00581218802370131,0.0009992035880863463
7199,0.0035715839359909294,0.00023943872696541454
7200,0.004066368048079312,0.0002371916628748893
7201,0.004929028321057558,0.00039095589040885425
7202,0.006158614810556173,0.00038357008262920157
7203,0.004304708177223802,0.0003467927481947237
7204,0.003996312320232391,0.00034137008861600334
7205,0.004344643279910088,0.00035247109090424565
7206,0.006933522839099169,0.0002769907355722764
7207,0.0038508772011846305,0.0004093206327325626
7208,0.004690278628841043,0.0003825951732809923
7209,0.005573178511112929,0.00029179182312051024
7210,0.003943117903545499,0.00022890425465796907
7211,0.004539977889508009,0.00028515025316091727
7212,0.004817499052733183,0.0003957232543704266
7213,0.004903564383275807,0.0003731073221600015
7214,0.004307875204831362,0.0003169675759113177
7215,0.005334490332752466,0.0004039838664315016
7216,0.004857096029445529,0.00045138767945152795
7217,0.004560668282210827,0.00021037377872158835
7218,0.004366249665617943,0.0001972571531851291
7219,0.00563026424497366,0.0001834533481311678
7220,0.005329560711979866,0.0004021933183226693
7221,0.004593734527006745,0.00029913709963008456
7222,0.0045841741934418674,0.0003219656925329505
7223,0.004313182877376675,0.00030025087038018384
7224,0.005617499081417918,0.0003382193828830878
7225,0.00496845830231905,0.00040907940543448066
7226,0.005670732352882624,0.0004895107385268665
7227,0.005627435334026813,0.0002862844553980211
7228,0.0072328445594757795,0.000708166248330923
7229,0.005471562258899212,0.0008313032058514144
7230,0.005272802487015724,0.001734471595240119
7231,0.004931637477129698,0.0019167521777116272
7232,0.005620910041034222,0.00040263225703599084
7233,0.005466318633407355,0.00033310253349729267
7234,0.004774528220295906,0.000300492932669155
7235,0.0054664997942745685,0.0003869841602863744
7236,0.005642701564356685,0.0005658923854416696
7237,0.005690295472741127,0.00022061048590854028
7238,0.004220956694334746,0.00039900164847495034
7239,0.004963218197226524,0.0005293237161025252
7240,0.004740066044032574,0.0006798219018654055
7241,0.004808291811496019,0.0005311714182288884
7242,0.005878978464752435,0.00044107058534816496
7243,0.005258601391687989,0.0009642159877255661
7244,0.005178941711783409,0.0003387603208291893
7245,0.0037509971112012863,0.0004828370512943166
7246,0.005690708551555872,0.00016462077918769042
7247,0.0050918513536453245,0.00021946407219754652
7248,0.0043149120919406415,0.00042659130899478005
7249,0.00458150832913816,0.00028672666158941764
7250,0.004579977057874203,0.0007906781440945214
7251,0.005997953806072474,0.0004373504998511635
7252,0.004924645889550447,0.0006946176888535998
7253,0.004120558104477823,0.000386636522182938
7254,0.005024309139698744,0.0005593607433408193
7255,0.004608175121247769,0.00040709966959508317
7256,0.005721709001809358,0.0016731058681154088
7257,0.004460039865225553,0.00030295613187138784
7258,0.004204487632960081,0.0004574293144125402
7259,0.004929228406399489,0.00026988507336570103
7260,0.0048314529983326795,0.00026715499258636854
7261,0.006111375410109758,0.0006551249760577027
7262,0.004674013778567314,0.0005881690335689648
7263,0.004731508288532495,0.0004633844396329089
7264,0.0050097088329494,0.0004441368693409309
7265,0.003993340013548732,0.001639056824823867
7266,0.0038273837603628636,0.00043829700919322684
7267,0.0041787118092179295,0.0004385614405666822
7268,0.005280619403347373,0.0003578791082910444
7269,0.004559588078409433,0.0009389419606185122
7270,0.005051911249756813,0.0004634280961759593
7271,0.004431505464017391,0.00033734308369138774
7272,0.006097064539790154,0.0002263645317177416
7273,0.004632210964336992,0.0003797134902002928
7274,0.005234264209866524,0.0011038942811117598
7275,0.004675138118909672,0.0003228522271032713
7276,0.0046867368184030055,0.0004569888669098026
7277,0.005358411725610495,0.00063624653537847
7278,0.00526105435565114,0.001471813554454544
7279,0.004311235547065735,0.0012995234039956576
7280,0.004472184013575315,0.00027064339529678276
7281,0.005695114135742188,0.0004104355316547747
7282,0.0043003879580646755,0.0011091348731073819
7283,0.005224640220403671,0.0003807989869279506
7284,0.00485061289742589,0.0002214883134001866
7285,0.0046173726301640275,0.0006066299161605843
7286,0.0042427908629179,0.0004092563012818573
7287,0.004382607974112034,0.0004380979385443848
7288,0.00437937643378973,0.00027578187675242414
7289,0.0045887365937232975,0.00023449809599049033
7290,0.006164291584864259,0.0002482491676944423
7291,0.0048114445991814135,0.00040775825977580594
7292,0.004372477103024721,0.000226250516782921
7293,0.004598363721743226,0.00026328707282454947
7294,0.004575783088803291,0.00019210998757506324
7295,0.004626073371618986,0.0003355505249514053
7296,0.005212168488651514,0.00047965408098144967
7297,0.004709706013090909,0.0005825892934409825
7298,0.005004637474194169,0.0007361745543950173
7299,0.005857083704322577,0.0003910227110593465
7300,0.005041719721630216,0.0011375570248761406
7301,0.006145826084539294,0.0004510153769481567
7302,0.005614716727286577,0.0003369752579202799
7303,0.005876289643347263,0.00036774955086700284
7304,0.005641994457691908,0.00046726121138207207
7305,0.005138834426179528,0.0005371408698097995
7306,0.005310664102435112,0.0005240779185080773
7307,0.0048296176828444,0.0005968610823077902
7308,0.006108178291469812,0.0003816274009495081
7309,0.004789383106399327,0.0004314218068890886
7310,0.006068441905081272,0.001080111066223926
7311,0.004846829194575548,0.0006179961865075724
7312,0.004409266924485564,0.000393073387286141
7313,0.00443845046684146,0.001431644242735299
7314,0.004949848568066954,0.00022526658882918426
7315,0.005257411617785692,0.0002969113644735755
7316,0.004095676317811012,0.00046537898722892525
7317,0.0043371843732893465,0.0008120143551647357
7318,0.004256196105852723,0.00025288200602716803
7319,0.0043890861608088015,0.00042432798303931646
7320,0.005359232649207115,0.00027019837921527564
7321,0.0047183703165501354,0.0012320789288448757
7322,0.004678227929398418,0.0006854554450088373
7323,0.00514454719144851,0.00018071100821045598
7324,0.0043487435579299925,0.00035852258224622346
7325,0.004500377783551812,0.0013286152915161563
7326,0.00583514790982008,0.0003587066191220688
7327,0.00418996786698699,0.0005029693440444869
7328,0.005895241303369403,0.00026884972756505864
7329,0.0043991200625896456,0.0010450909947593734
7330,0.004292331580072642,0.00039697167015481384
7331,0.003989282082766294,0.00048250478552016495
7332,0.005149449668824673,0.0004431266356171874
7333,0.005529988575726747,0.0003981136390779882
7334,0.00563058290630579,0.0002328848670801301
7335,0.00430786220356822,0.0003199345768710011
7336,0.004052405348047614,0.00040843481898039885
7337,0.004695888292044401,0.0007229745611293267
7338,0.004261025059968233,0.00043760873106218976
7339,0.0045583182107657196,0.0005832590881977485
7340,0.0056490211375057695,0.0006228609188788328
7341,0.00457864610478282,0.00025405685624868405
7342,0.00523337995633483,0.0002734257767059879
7343,0.004720784146338701,0.0003544573645404068
7344,0.0053565460350364445,0.0006147195658429641
7345,0.004661244042217731,0.0007293256773527278
7346,0.004200115408748388,0.0004391169894704147
7347,0.004081381466239691,0.0006159995287841772
7348,0.00423907077871263,0.0007055922609128772
7349,0.004196977466344834,0.0003780985293130084
7350,0.004595107880886644,0.0004587118866317587
7351,0.0040861340891569856,0.0012904323800148009
7352,0.005814457833766937,0.000610828533964407
7353,0.005204444131813943,0.0014856624535017021
7354,0.003938368940725923,0.00041302067057424137
7355,0.0053983641508966685,0.0003728991123602075
7356,0.0049775436148047445,0.0010929326718188313
7357,0.005660000890493393,0.0004989358055092751
7358,0.0040442914981395,0.00024075225335091338
7359,0.004289058158174157,0.00028806994958184275
7360,0.004769801357761025,0.00021774311020112379
7361,0.005774810295552015,0.00035982208935645955
7362,0.004895348055288196,0.00029000713213263974
7363,0.004626143341884017,0.0008897173062145506
7364,0.004249053336679936,0.0008275163190898625
7365,0.004251400660723448,0.0004362776245178706
7366,0.005147427897900343,0.0005270410245380121
7367,0.00425496419891715,0.0003942332134027136
7368,0.004021250428631901,0.0005987113053042901
7369,0.004200347904115915,0.0008337516082476263
7370,0.004427155358716846,0.0003735557145101005
7371,0.0039464041404426095,0.0002736083340706712
7372,0.005400415826588869,0.00028045642331612537
7373,0.005088099902495742,0.00047346681834550174
7374,0.005404927674680949,0.0002859152585574209
7375,0.003915809690952301,0.00034658461992552323
7376,0.0053339491970837115,0.0008339722164785362
7377,0.005355309303849936,0.0004480209178450734
7378,0.005384325310587883,0.00020102068100803157
7379,0.004596277959644794,0.00020786049532184173
7380,0.00449470522813499,0.00038474121079971527
7381,0.004025171855464578,0.00046204220605631396
7382,0.004837219743058086,0.0002566551620599954
7383,0.004860594468191266,0.0013505672838232698
7384,0.004878756664693356,0.00036869005520177416
7385,0.004989385958760977,0.00045761065664246664
7386,0.004312395919114352,0.0005202170825014784
7387,0.006147079449146986,0.0004906712514116096
7388,0.004970628842711449,0.0005946493793712699
7389,0.00488143022172153,0.0007460676562216465
7390,0.0058096226118505,0.00035393885592969885
7391,0.004911307068541646,0.0006458648984409767
7392,0.0036216743476688864,0.00045521440437344245
7393,0.003620601128786802,0.0005664076147384125
7394,0.003811680870130658,0.0005223391615874963
7395,0.0048176659923046825,0.0007741388064260557
7396,0.005474195228889585,0.0017317750998326155
7397,0.004692885503172875,0.001239374363699239
7398,0.005019845459610223,0.0003739244793780939
7399,0.004971437398344278,0.0007107268164910325
7400,0.0042054767347872255,0.0004388315502270316
7401,0.004328462276607752,0.0013372575551628659
7402,0.004949339260347188,0.0018700230436093392
7403,0.004599372260272503,0.0012320011602204345
7404,0.00434037278406322,0.0004599913687617454
7405,0.004054369404911995,0.00030876397337024545
7406,0.0036155628086999058,0.0003596759713828972
7407,0.003965025804936886,0.0005511793304770572
7408,0.004310314636677503,0.00036797646127325446
7409,0.005115759344771504,0.0002812213271980697
7410,0.004675166327506304,0.00021628036055305641
7411,0.0044263313151896,0.0010659387111918975
7412,0.005278813503682613,0.0005235886749451062
7413,0.004400021573528648,0.00048305883793134803
7414,0.005091208135709167,0.0004200200151176868
7415,0.004621349461376667,0.0004740571014125423
7416,0.004292364390566945,0.0004237015071414309
7417,0.005177755337208509,0.0011708080088432674
7418,0.00552242027129978,0.0008739383998071801
7419,0.006025166977196932,0.0003102918678687523
7420,0.00403869166970253,0.0007685039205195969
7421,0.004054914931766689,0.0007713724530544387
7422,0.004845552654005587,0.0004383619747735394
7423,0.004423488611355424,0.00028573878932535357
7424,0.0048884059675037865,0.0002767453797039782
7425,0.0048299067839980125,0.00030262588279583724
7426,0.005602248683571815,0.001171827321068371
7427,0.005036470685154199,0.0006225093657370938
7428,0.006412912700325251,0.0004927954933134047
7429,0.003667818456888199,0.0008799877984143079
7430,0.004844947867095471,0.0006449296823320017
7431,0.0052409673202782866,0.0007657758024049131
7432,0.0041908874828368425,0.0005922991262544712
7433,0.00510467441752553,0.0003465496984187654
7434,0.005634848475456238,0.0001853091814391768
7435,0.004527610717341304,0.0002881742257657557
7436,0.004121184586547315,0.00023084058452633606
7437,0.00424295112490654,0.00043136994396288537
7438,0.004867951003834605,0.00043035888955099123
7439,0.004249790776520967,0.001104732115006661
7440,0.00498992906883359,0.0003250906736692031
7441,0.004695108002051711,0.0010100948067751955
7442,0.004953978229314089,0.00016735889323471172
7443,0.004140404891222716,0.0003386240572930148
7444,0.004428423643112182,0.00034041833594977244
7445,0.005120552666485309,0.0006305251871745982
7446,0.004350886116735637,0.0007942750625797127
7447,0.004670092207379639,0.0002633453578423479
7448,0.0035551454685628413,0.0007823897522653107
7449,0.006112348567694425,0.00030463136579484155
7450,0.005686223832890391,0.0008144308206918713
7451,0.004712238507345319,0.0002710266816306202
7452,0.0042651805607602,0.0005034885874770786
7453,0.004542601797729731,0.00023015862337173257
7454,0.00446863804012537,0.000805680028462706
7455,0.003526679566130042,0.00020682673371769328
7456,0.005003962982445955,0.00043439066770314304
7457,0.00502707900479436,0.00014872298629597935
7458,0.004285307470709086,0.0002319288865841721
7459,0.0040102310478687285,0.00021504152869990682
7460,0.004288142193108797,0.0007419351548951579
7461,0.00445384880527854,0.0003429329858403908
7462,0.004683785922825336,0.00048104520410312057
7463,0.005656851343810558,0.0009118174952263497
7464,0.006200994197279215,0.00035158921578741146
7465,0.005527649698778987,0.0018676740638847934
7466,0.005790259446948767,0.0012700930875662255
7467,0.004416813198477029,0.0005370293976539708
7468,0.005606352975592017,0.0002882599452676328
7469,0.004991626730188727,0.0007136937130955431
7470,0.004583305553533137,0.00032718303466699333
7471,0.0037991910707205535,0.0004758147129307386
7472,0.004686528565362096,0.0003335407396064025
7473,0.004394164639525116,0.0002727756324169953
7474,0.004483294216915965,0.00022150897410477366
7475,0.004021669616922736,0.00022465605932616385
7476,0.004305664729326963,0.00024310249952502825
7477,0.005629540486261249,0.0009573363455423881
7478,0.004418059317395091,0.00046061022094488166
7479,0.004465825911611318,0.00042233540762649617
7480,0.005195092954672873,0.0005724086092899821
7481,0.0041397642530500885,0.00036059089016156554
7482,0.004640895854681731,0.0006704322430815497
7483,0.0051754755573347215,0.00027652113781747575
7484,0.004445033613592386,0.00044335030722559416
7485,0.0037668222934007646,0.0003111970051066561
7486,0.00460759739857167,0.00041107439367445056
7487,0.0042568852938711646,0.0006154055431268293
7488,0.005059938156045973,0.0003974255005356996
7489,0.005961713381111622,0.0003863543577807994
7490,0.004486526269465685,0.001029466357790189
7491,0.004056752612814307,0.0006233860097892505
7492,0.004952640235424042,0.00023153395552869108
7493,0.003525756858289242,0.0003085363734424216
7494,0.004166878741234541,0.00023497138407610815
7495,0.005056023299694061,0.00021045585442015468
7496,0.004304640032351017,0.0003280529783470939
7497,0.004642584277316928,0.00039680907517721024
7498,0.004875826295465231,0.0027114878574462787
7499,0.005115266516804695,0.0006050871625743577
7500,0.004341206420212984,0.00044054544868891776
7501,0.004452680461108685,0.00033367515086317565
7502,0.004504927191883326,0.0002637361829653095
7503,0.004213924827054143,0.0005160377808202262
7504,0.004264641683548689,0.0008514879079223036
7505,0.004252632353454828,0.00039352714610349846
7506,0.00479814276099205,0.0007042397405276049
7507,0.004600400160998106,0.00018385471601704175
7508,0.004566839234903455,0.00021063190578301245
7509,0.00481922097504139,0.00015921724569698323
7510,0.0037634619092568756,0.001092666571908822
7511,0.004566691853106022,0.0003425365673499309
7512,0.005272323247045279,0.0005963684935983883
7513,0.0058270469121634964,0.00034606211726260306
7514,0.003940970133990049,0.0006112159390882781
7515,0.004713289607316255,0.00027335407324007726
7516,0.004647449478507042,0.00023679604279618928
7517,0.004949657465331257,0.0006769222553423925
7518,0.004512503249570727,0.0013216582273630655
7519,0.005055095665156841,0.0007939426839783826
7520,0.005502133835107088,0.00020273282479300254
7521,0.004867332158610225,0.0007635146349170947
7522,0.004903883449733257,0.0005419755263624024
7523,0.004835139010101557,0.00022088213926795168
7524,0.00391240238212049,0.00021442669513156918
7525,0.004533704537898302,0.0008644241080555605
7526,0.004571855727117508,0.0002639061160950143
7527,0.004333608308807016,0.00028603348075866713
7528,0.005808888990432024,0.00017202870138085204
7529,0.005222374387085438,0.0010800133331691567
7530,0.005817913077771663,0.00030741888064132007
7531,0.004798238389194012,0.0006050550943393617
7532,0.0050900447182357315,0.0009191823351413828
7533,0.004381433799862861,0.0010175354115358772
7534,0.004443732127547264,0.00015063786041499865
7535,0.0035908497124910355,0.0004678369134549715
7536,0.0039253286272287365,0.000287028507431985
7537,0.003886637603864074,0.00032458886382973767
7538,0.0038825755286961794,0.00032803094006950443
7539,0.004277876811102033,0.001224727159340496
7540,0.004402622114866972,0.0004774685853403317
7541,0.00419365300796926,0.0008254430180236901
7542,0.005477494560182095,0.0006457735315501077
7543,0.004026581421494484,0.0002917850865306307
7544,0.004736548513174057,0.000241290623482001
7545,0.004277719687670469,0.0002948954233538456
7546,0.004559705983847379,0.00027272108187165417
7547,0.004219460729509592,0.00022522545264545854
7548,0.0050290389638394115,0.000308630663673521
7549,0.0038731491379439833,0.0007900795390014537
7550,0.004329780251719057,0.0008568193377569727
7551,0.0035571376606822014,0.00037680938448705106
7552,0.0043058447865769265,0.0010941953873516966
7553,0.00541000934317708,0.0002862664463563841
7554,0.005783107429742813,0.0008611310806048855
7555,0.005593073479831219,0.0004782268671539759
7556,0.004466569013893604,0.00018555536937053883
7557,0.00397042416036129,0.001469384878873825
7558,0.004220221256837249,0.0004568942749258035
7559,0.004722122158855199,0.0003449799349828151
7560,0.003708564816042781,0.0008818482316724242
7561,0.003895625239238143,0.0006288006892371987
7562,0.0046819152217358355,0.00046432426172206563
7563,0.004424771517515183,0.0007081990160545564
7564,0.003668089173734188,0.0006265591460037722
7565,0.004535532370209694,0.0002182417874916597
7566,0.004167923089116812,0.0002848653143514203
7567,0.005192324724048376,0.0002925155854489724
7568,0.0051700184866786,0.00046403091504519217
7569,0.005032571125775575,0.00022906923241202068
7570,0.0046769108506850895,0.00022313244365138155
7571,0.004397700680419803,0.000252210600492991
7572,0.0038155106361955405,0.00017759004395099498
7573,0.004093907941132784,0.0010112957356733666
7574,0.004157695872709155,0.0003923410033465886
7575,0.0047386589739471675,0.0005738739185800699
7576,0.004696253128349781,0.00033722745840898585
7577,0.004092440297827124,0.0006148440170114579
7578,0.004832961587235332,0.00039182176150872743
7579,0.004872655915096402,0.0004750193289659713
7580,0.004567772438749671,0.000354089058954779
7581,0.004813461601734161,0.0001966691032141345
7582,0.0055003871768712995,0.00030517314755268497
7583,0.004264954701066017,0.0007390323898767772
7584,0.006193403312936425,0.00024028228703895839
7585,0.005034625409170985,0.00045839632555925324
7586,0.0039229501225054265,0.0010888197886668248
7587,0.004790623672306538,0.0005911493272048561
7588,0.004730719681829214,0.0010720325876282502
7589,0.004843256031163037,0.0008327973319204805
7590,0.003756311573088169,0.0003762869445418888
7591,0.0034068252332508566,0.0002809818255229078
7592,0.004023557119071483,0.0007204264621664962
7593,0.004937203302979469,0.00019665829315945055
7594,0.0046728004096075896,0.000182314228443094
7595,0.004782308265566826,0.0002854637158173455
7596,0.004154609204269946,0.0002688181272401691
7597,0.004117368552833796,0.0004097449528260718
7598,0.005538712851703167,0.0006547846878425869
7599,0.005872356910258531,0.0009558445276462869
7600,0.004918636968359352,0.00028238763512141704
7601,0.003854183377698064,0.00021164127456483573
7602,0.004981503933668137,0.00015045082412529752
7603,0.003506935006007552,0.00046700272351911625
7604,0.005990067217499018,0.0002398859274040187
7605,0.00354018596932292,0.0002792325490377588
7606,0.004177983556874096,0.00018593301585609231
7607,0.0049030429497361186,0.0002594917179073354
7608,0.004132556105032563,0.0017026823639155252
7609,0.004359912360087037,0.000435813395472918
7610,0.005178062859922648,0.00022628322836705953
7611,0.005422972533851862,0.0003011404825809048
7612,0.00446617784909904,0.0005216057992808215
7613,0.003485204242169857,0.0009769516851918848
7614,0.004559614807367325,0.00026971015431128813
7615,0.00433389961719513,0.00034536945200321897
7616,0.004090244537219405,0.0007764238773283792
7617,0.005082535836845636,0.00047643261182015085
7618,0.0040457497350871565,0.0006079240949275865
7619,0.004208837249316275,0.0005516717734679657
7620,0.004977666605263949,0.0005029275134677859
7621,0.003876905459910631,0.0002833125558251209
7622,0.004156094714999199,0.0002928833807582372
7623,0.005375698944553733,0.00030213490501335225
7624,0.004850440174341202,0.0003640028817119868
7625,0.003857199987396598,0.00024924461208746375
7626,0.0035447118198499083,0.0006356383626004809
7627,0.004342172257602215,0.0003413820296086607
7628,0.005146424658596516,0.0007537396194904481
7629,0.004126107897609472,0.0006407515739077983
7630,0.004480462102219462,0.00027203406362749687
7631,0.004912684615701437,0.00037603494483971176
7632,0.0036137590929865835,0.00036026128649086474
7633,0.004179082596674561,0.00018228290010072619
7634,0.004386600563302636,0.0004386387642737907
7635,0.004164886986836791,0.0008313207845650103
7636,0.003971189754083753,0.00020205002034992802
7637,0.004129934618249536,0.0006284197467085841
7638,0.005247206706553697,0.0003118674491678862
7639,0.004307446703314781,0.0005027680200913742
7640,0.005197168309241534,0.0010072119810701386
7641,0.004511196501553059,0.0007265496046971275
7642,0.004017320638522506,0.0004605245561185867
7643,0.004742223173379898,0.00045718689296037366
7644,0.004628647966310382,0.0002533462582206296
7645,0.00413046071305871,0.0004786597309659605
7646,0.004125145962461829,0.00022319517312061093
7647,0.004994940729811787,0.0002809904557804271
7648,0.004652749933302403,0.0003225611824197822
7649,0.005265172086656094,0.0008388293304238214
7650,0.0047846524603664875,0.0007205081456548165
7651,0.00494539026170969,0.0007684867907226188
7652,0.005874100709334016,0.00029694375682507373
7653,0.004916361458599567,0.0002198197384231743
7654,0.004300215318799019,0.0002407187225986017
7655,0.005076935291290283,0.0010815165898673338
7656,0.004175387900322676,0.0005328284212936685
7657,0.0041259201196953655,0.000341227147744152
7658,0.004574459549039602,0.0005385064470505163
7659,0.003563190381973982,0.0001642125842483612
7660,0.004286305727437139,0.00031007866555352834
7661,0.005426197033375502,0.0004007891633815757
7662,0.004457219894975424,0.00021081508260079954
7663,0.004765436034649611,0.00030581046074026024
7664,0.004207573607563972,0.0003721536721632344
7665,0.003927529305219651,0.0008034536946718006
7666,0.004622110240161419,0.0007427001877509261
7667,0.004688108190894127,0.0005274975781204588
7668,0.004194736815989018,0.00022848571825306863
7669,0.004778691325336695,0.00044729859147169817
7670,0.003736523985862732,0.0004391562188050569
7671,0.003948775790631771,0.00014243204540970546
7672,0.005720841656439006,0.0004214189391685267
7673,0.004124787328764796,0.0003833579535800198
7674,0.005056890640407801,0.0008373580030197508
7675,0.00458673994988203,0.0006250309748319935
7676,0.0036586446408182383,0.0002487226173212697
7677,0.004372222404927015,0.0001332211597388142
7678,0.004004145609214902,0.00014084322939284804
7679,0.0045374845713377,0.0006751546537350507
7680,0.0044331699889153245,0.0005240129444059239
7681,0.0038835550937801598,0.0005578424284005002
7682,0.0041526580415666104,0.00037812343830472396
7683,0.003909599594771862,0.0003055177823551101
7684,0.0043559977039694785,0.00036295555964150554
7685,0.003486749343574047,0.000808203627980531
7686,0.0040126212779432536,0.0003684068410434084
7687,0.004745096499100328,0.0006560696901319778
7688,0.004230835982598364,0.00021336458462740179
7689,0.0040327138639986515,0.00024264898795629724
7690,0.005170114804059267,0.00041476911737596333
7691,0.0039338918775320055,0.0003056448544132402
7692,0.003925333730876446,0.000497606203393781
7693,0.004546462297439575,0.00018693950017858362
7694,0.0033871810883283615,0.00017829243704112094
7695,0.0046603532880544665,0.0001945733167478266
7696,0.005075324103236198,0.001583778903794105
7697,0.0043416253849864,0.0007098048682901083
7698,0.003946585347875953,0.0007014566943151494
7699,0.006076404806226492,0.0006039685568507531
7700,0.0038583439541980623,0.0008061661892124031
7701,0.004284455655142665,0.00018340304946109863
7702,0.004041281752288342,0.0005464024480180304
7703,0.004249316416680813,0.00041173564924775586
7704,0.004803039655089378,0.0002549076839573426
7705,0.004378060810267925,0.00032219595740483884
7706,0.003793089333921671,0.00029333367212081474
7707,0.0038463283330202104,0.000292878495712688
7708,0.004112289547920227,0.0005417657426135034
7709,0.00442408649250865,0.00030012223678194496
7710,0.004331197701394558,0.0003269892249715655
7711,0.0035269196145236493,0.0003754766554291016
7712,0.004092937242239714,0.0004992209317494337
7713,0.004155228398740291,0.000562956204242392
7714,0.005189575850963592,0.0006861368007638989
7715,0.004375731004402041,0.00028268437002736065
7716,0.0035336831025779246,0.0005232250711979099
7717,0.004862397778779269,0.0006144531756920153
7718,0.004618257973343134,0.000331881533421525
7719,0.004755912302061916,0.0003420894736710542
7720,0.004751463541761041,0.0004201613076362912
7721,0.0050718857813626525,0.0005506318308132356
7722,0.004817544333636761,0.0005778658779017362
7723,0.004420456811785698,0.0016517927965838206
7724,0.003946081027388573,0.00038372717334487003
7725,0.005244933096691966,0.0006487735213465372
7726,0.004800239307805896,0.0004390604859409369
7727,0.00438067365437746,0.0005037334009252285
7728,0.004979479350149632,0.0004231007918213137
7729,0.0038127320446074008,0.0004077547575484272
7730,0.005191591817419976,0.0009383415553737942
7731,0.003858441044576466,0.0005759320577466223
7732,0.004231214858591557,0.0004523937727567064
7733,0.003302010390907526,0.0003730083486042942
7734,0.005079405996948481,0.00027248483780717273
7735,0.005570439603179694,0.0007266219185461124
7736,0.00432381346821785,0.0006290666227968894
7737,0.004665300361812115,0.0004399090304441291
7738,0.003929022839292884,0.0008534512614946149
7739,0.00430120880715549,0.0002381146402375921
7740,0.003755072709172964,0.0002658859829016489
7741,0.003917976031079889,0.0003726280737693791
7742,0.003930945475585759,0.00026620042347668175
7743,0.003990580914542079,0.00029566576178121853
7744,0.004977257726714015,0.000251286053927998
7745,0.005102569395676255,0.00020720013269790997
7746,0.004725932031869888,0.0004675005758356635
7747,0.003796864412724972,0.00031762188364279595
7748,0.0033662808686494828,0.0002441887498780613
7749,0.0035254138335585592,0.00019700095082006468
7750,0.0037354307621717455,0.000312077962555795
7751,0.0042662727832794185,0.0006304737563206725
7752,0.002995123527944088,0.00024173073898179598
7753,0.005003875307738781,0.0004326920047476537
7754,0.0031370558263733982,0.0002859007830397475
7755,0.0038587612565606833,0.0004149490567912947
7756,0.004466174961999058,0.00038313311771872417
7757,0.004068935010582209,0.0002805654458663337
7758,0.00350792340002954,0.00033809653830583754
7759,0.004167071348056197,0.00031039853857779134
7760,0.004801166485995054,0.00028467660292198446
7761,0.005086674001067877,0.0005424226323630635
7762,0.004302890179678798,0.0003243831053299651
7763,0.004761354960501194,0.0003346474490396372
7764,0.0039379545673727985,0.00023080436710175764
7765,0.00445755310356617,0.00024401173988287017
7766,0.005345726581290364,0.0008250020830317923
7767,0.00487875547260046,0.0004927885913200778
7768,0.0046609387919306754,0.00047921120071120254
7769,0.0032383325416594742,0.0006460859623661086
7770,0.0049116374552249905,0.0005496740536541001
7771,0.003550957217812538,0.0006271143211051822
7772,0.004549855459481477,0.00044896765428671794
7773,0.004300432289019227,0.0003946889522772487
7774,0.004060065504163503,0.00044969508977772747
7775,0.005120258200913668,0.0003826946788786413
7776,0.00445079845841974,0.00031980643938343383
7777,0.003707532398402691,0.0016035703808222324
7778,0.0042770473752170805,0.0008839715265410583
7779,0.003502157088369131,0.0006345937443954538
7780,0.004319021478295326,0.00025261178662943056
7781,0.003522577118128538,0.00029846414810442046
7782,0.004548774026334286,0.00016329549394519235
7783,0.0038497890252619984,0.0006305794391066652
7784,0.005107334982603788,0.0003189498918252193
7785,0.0036614364571869373,0.0001788154883722935
7786,0.0032504301238805056,0.0004510582326624338
7787,0.004192341566085816,0.0002943349156763137
7788,0.0041200259979814295,0.00022607371607741137
7789,0.005040373969823122,0.0002726737674156663
7790,0.005814572758972645,0.0012548375533485453
7791,0.004691320676356554,0.0002815495434532912
7792,0.0032050389517098666,0.0013165818559235497
7793,0.004293038118630648,0.0004809455338495541
7794,0.0029048508359119296,0.0007643138237093409
7795,0.00398120041936636,0.00042220773988671295
7796,0.0036909259762614964,0.0009477293144350183
7797,0.003757196832448244,0.000336079209188178
7798,0.00444066347554326,0.00025800804783787884
7799,0.0034060694742947817,0.0003702447429532185
7800,0.0037796856835484506,0.00034891496064007435
7801,0.005002367617562413,0.0002495448815888304
7802,0.004387789554893971,0.000374581283784658
7803,0.004797417419031263,0.0008936473806324887
7804,0.003963491255417466,0.0008023496063275435
7805,0.004273477832321078,0.0004362334060316829
7806,0.00427978171268478,0.0002847296603012843
7807,0.0048842575307935475,0.00044140032387325823
7808,0.005408052317798138,0.0002503399039983067
7809,0.00400781923905015,0.0003034114093704736
7810,0.004499694788828492,0.0007739033524508345
7811,0.004719543009996414,0.0006588092188045665
7812,0.00351760171353817,0.00031786465394224536
7813,0.004013170171529055,0.00040129694050299134
7814,0.003323958721011877,0.0002487303002590747
7815,0.004185938416048885,0.000428889833890262
7816,0.0052475749002769585,0.00036106669991468524
7817,0.0037235914543271064,0.0004242143648746742
7818,0.005378471836447716,0.00028208715499104445
7819,0.0036615237686783075,0.0006431470830822746
7820,0.00456724307499826,0.0002561446182806147
7821,0.0034683046280406414,0.000606010036067782
7822,0.0044086271524429324,0.00048795462364118787
7823,0.00605865209363401,0.0003577751882552896
7824,0.0038213113974779845,0.0007509420018273163
7825,0.003986772010102868,0.0003434865933591588
7826,0.0042603699490427974,0.0006345246873847017
7827,0.003891272442415357,0.00039377302881840566
7828,0.0034227749519050122,0.00028690520574020586
7829,0.0036539772897958758,0.0003347984243627663
7830,0.003781729182228446,0.00031420971288454195
7831,0.003160878550261259,0.00017603930704453513
7832,0.004360453644767404,0.0002651922244296333
7833,0.003637231634929776,0.0005097082092056739
7834,0.003872924093157053,0.00025729357630926606
7835,0.004209927823394537,0.00014533893182201547
7836,0.004678590642288327,0.00028790545024692197
7837,0.004978271313011646,0.000219717684197112
7838,0.004126233160495758,0.00035334233480046364
7839,0.004303813250735402,0.0004534824346878912
7840,0.004860162166878581,0.0009010572350035384
7841,0.0034245774010196327,0.00038466765112052723
7842,0.004440038800239563,0.0003094614199554063
7843,0.0034677894273772835,0.0012542002879032126
7844,0.003850310230627656,0.0003141883277487367
7845,0.004138893317431212,0.0007518004563841203
7846,0.004898615516722203,0.0002985072327372682
7847,0.004187309024855495,0.00018436072222768467
7848,0.005018046488985419,0.0008858266072858074
7849,0.0043698371388018135,0.002034696758316498
7850,0.004344575013965369,0.0002592500613775895
7851,0.004398099826648832,0.0002803840815593578
7852,0.005102610141038895,0.0004992320797125464
7853,0.004009465565904975,0.00027789090080821625
7854,0.004709415147081017,0.00033420982470812457
7855,0.00349809430539608,0.0002052672861194978
7856,0.0043623438850045205,0.00046540604830936413
7857,0.0037415083684027195,0.00045883551093252144
7858,0.005057531287893653,0.0003218090630930606
7859,0.004323552222922444,0.00042227197637620433
7860,0.004097132664173842,0.00036143376958422516
7861,0.0038315017241984605,0.00020452810847878213
7862,0.003582486780360341,0.0006127662794052126
7863,0.004083330063149333,0.00025497423325448413
7864,0.004568635378964245,0.0002839211103417081
7865,0.00434045503847301,0.00029812751984549047
7866,0.004195680590346456,0.0005952875825180991
7867,0.00441173224709928,0.0003806160761311344
7868,0.004016069853678346,0.00029251854290148366
7869,0.004028632044792175,0.00023874018744171648
7870,0.0035035205911844967,0.00040083099515432464
7871,0.003536658762022853,0.00035494365067578445
7872,0.004370115846395493,0.0003776973969738034
7873,0.004913443569093943,0.00040902794109121576
7874,0.005074526891112327,0.00035197426310233285
7875,0.004557537138462067,0.0008566073119665866
7876,0.004638508162461221,0.0004967616166128483
7877,0.004455111152492463,0.0005609573443956061
7878,0.004917033240199089,0.0010777803900179593
7879,0.0040339939296245575,0.0006814972698458866
7880,0.003455097395926714,0.0004649034133962394
7881,0.00484291348606348,0.0006378700203989467
7882,0.0035834920592606066,0.0014371168975118702
7883,0.003826790601015091,0.0006067243321760469
7884,0.003865998424589634,0.0029294184115651535
7885,0.003972860863432288,0.0005390735905041778
7886,0.004073671279475093,0.0009637854001421022
7887,0.004238899871706963,0.000878520118557427
7888,0.004138258723542094,0.0003188134730021686
7889,0.0036925446055829526,0.0014566214283137288
7890,0.0034188774041831495,0.0007198639776181328
7891,0.00458549115806818,0.0005269593548042419
7892,0.004257621793076396,0.0002517432483927385
7893,0.004311172575689852,0.00020716522404866624
7894,0.0032711699744686486,0.00027721382203920147
7895,0.005017626732587814,0.00041257416394304753
7896,0.004093177448958159,0.0002680314142234649
7897,0.004656981360167265,0.00024061996193940765
7898,0.003922513835132122,0.0005924351495843737
7899,0.005504907388240099,0.00041465019047828806
7900,0.004071492534130812,0.0003566138058811528
7901,0.003482987559400499,0.000776808699337791
7902,0.0033195855654776095,0.0006857815418673093
7903,0.003627623002976179,0.000609634919347216
7904,0.003541262946091592,0.0002780643232766386
7905,0.0039863214455544945,0.000350176386634041
7906,0.003675112323835492,0.0002600643981155646
7907,0.003582264184951782,0.0006087441826621964
7908,0.004666110977996141,0.00030825976186674343
7909,0.0034314410388469694,0.0006130414931996637
7910,0.004569067489355803,0.00032573952841929684
7911,0.0036611815309152006,0.0006442447033992248
7912,0.003770331731066108,0.0008145659198754863
7913,0.00385283000767231,0.0002909287593442283
7914,0.0037309159059077503,0.0002849999833565001
7915,0.004532100660726428,0.000990902301727807
7916,0.004400488557294011,0.0006069550767970462
7917,0.0044109135307371615,0.0009989248993742751
7918,0.0030767036462202666,0.0006753587935834307
7919,0.003449213104322553,0.001057538319114366
7920,0.0037982745515182615,0.00036545852932772817
7921,0.0043453291337937116,0.00024979934878750987
7922,0.0034892613068223,0.0004236751047843327
7923,0.005180765753611922,0.0003998761913700871
7924,0.004627411500550806,0.0005466719588571011
7925,0.003936299961060286,0.0008839249311091557
7926,0.003926942814141512,0.00037514506432559494
7927,0.004455065922811628,0.000323152038019967
7928,0.003950278367847204,0.0005512811125524036
7929,0.0037372968532145023,0.0004680788638636355
7930,0.004074780875816942,0.000339051344980524
7931,0.0033066166238859295,0.0006414189215507104
7932,0.0036215040646493434,0.00025718213953651895
7933,0.0034008259419351814,0.001110855169428436
7934,0.004572189375758171,0.0007852101762307016
7935,0.004213664773851633,0.0002978721582522131
7936,0.003981319358572364,0.00044138906427901493
7937,0.005074056740850211,0.0004039171250690132
7938,0.0032817151118069887,0.0006120979940608042
7939,0.004455474400892854,0.0003505745290281021
7940,0.004122045319527388,0.0001836108031929056
7941,0.004477710500359535,0.0007808777178344253
7942,0.004125273069366813,0.0005660065571771143
7943,0.0035054703149944542,0.00017894198749236737
7944,0.00416739946231246,0.00027574218635380347
7945,0.0042931975144892935,0.0009542572493856288
7946,0.0037889704294502735,0.000735931288234073
7947,0.0031982442922890188,0.00024130285401790312
7948,0.003981129922904074,0.001817921587993225
7949,0.0046501713618636135,0.0003646083004403483
7950,0.004938127417117358,0.00021516313078280615
7951,0.0045283544156700375,0.00023605141466585537
7952,0.0035833431500941516,0.0004665087134065425
7953,0.004947164105251431,0.001227615441017057
7954,0.0039002792816609146,0.0002652985338450167
7955,0.0030973599664866924,0.0008118117757600872
7956,0.004460775796324015,0.00048530110507272184
7957,0.004111306630074978,0.00041830747048227015
7958,0.004534651199355722,0.00045080900141229366
7959,0.0036094256583601237,0.0003007446741745074
7960,0.0045922474609687925,0.0002748960752099153
7961,0.005011634863913059,0.0015842210220759862
7962,0.004400184825062752,0.000677774263201409
7963,0.004836542047560215,0.0011477867437985866
7964,0.003931390671059489,0.0005553832559922889
7965,0.003621694976463914,0.00023226719010742509
7966,0.0037022253032773732,0.0006089756450271362
7967,0.003961546663194895,0.0004054069605158412
7968,0.003499254826456308,0.000342200326012473
7969,0.004464469789527356,0.00033381981224982606
7970,0.003561103651300073,0.00032327771234670524
7971,0.0036486043222248555,0.0003861576136941575
7972,0.004051987510174513,0.00030955496524805073
7973,0.004372459705919028,0.0003281075294904589
7974,0.004501222837716341,0.00037164518757952915
7975,0.004824433224275709,0.00019943227669326206
7976,0.004651035135611892,0.0006759386152437289
7977,0.0035524360463023187,0.0005099753466871733
7978,0.005099179605022073,0.00053118053211333
7979,0.003945155953988433,0.0002632250838708898
7980,0.00385272866114974,0.0003118659736435503
7981,0.0048470897693187,0.0001634924955309643
7982,0.003761921487748623,0.00048491197051352835
7983,0.0035883931163698435,0.000190651675189681
7984,0.003619062602519989,0.00038565391948134064
7985,0.004177478440105915,0.00040806881678354454
7986,0.0041815171390771864,0.00024525399365377045
7987,0.0034194491989910604,0.0003402292072989863
7988,0.003766572987660766,0.00110209850460444
7989,0.003627197500318289,0.0004958478572904188
7990,0.0037921659369021653,0.0004585478845537219
7991,0.003176194550469518,0.0002871716503860837
7992,0.004668815406039357,0.000325240899269686
7993,0.00410973809659481,0.0002464516001055017
7994,0.0033905669813975694,0.0003359020844720661
7995,0.00465288027189672,0.0007566257104060728
7996,0.004417719393968582,0.0001744024512558946
7997,0.004636747445911169,0.0005526122914576164
7998,0.0042301398701965805,0.00027050842548567445
7999,0.0031171102076768876,0.0002772566349200158
8000,0.00389542730525136,0.0012158583339354763
8001,0.0034443004243075847,0.00017755008055445778
8002,0.0037248106533661484,0.00029016549663924394
8003,0.003917114986106754,0.00035170268678833564
8004,0.00366969246417284,0.0002246198990128692
8005,0.004003910692408681,0.0003146498061079462
8006,0.0041012898366898295,0.0003780117620732348
8007,0.0037328387051820755,0.00040366066131766325
8008,0.003211165592074394,0.00031276415734594106
8009,0.004370826417580247,0.000483237369598387
8010,0.00340595037676394,0.0004936963461709452
8011,0.003721145382151008,0.00032142039638790877
8012,0.004087846158072352,0.0013087057948673834
8013,0.004126935862004757,0.00025697875463103555
8014,0.003459290638566017,0.00042746337736663344
8015,0.0036949792224913835,0.00045901074071019276
8016,0.00343884757719934,0.0006495266421203667
8017,0.0037909959256649016,0.0005598191350494346
8018,0.003427948364987969,0.00026780256766495804
8019,0.003899377640336752,0.00014827468270571084
8020,0.003880497612990439,0.000461096707922853
8021,0.004135819021612406,0.0006413973752474604
8022,0.004067487800493836,0.001205928521613552
8023,0.00467015041038394,0.0005500092145616877
8024,0.0044049728289246555,0.0006009486108405949
8025,0.0046865553967654705,0.000372547776301149
8026,0.0043478876817971465,0.00042313578444308194
8027,0.004096963685005903,0.0004783560639910706
8028,0.003872175235301256,0.0005778202592484551
8029,0.004222713429480791,0.0003683953116531683
8030,0.004295417908579111,0.0006821558807581051
8031,0.00439229067414999,0.0005358721357642686
8032,0.005066102463752031,0.00042111933546711705
8033,0.0035447873268276454,0.0006421969251464798
8034,0.003684246027842164,0.0003429702781631184
8035,0.0035464600659906864,0.00021484605940090722
8036,0.0029508537240326405,0.0003294081911107777
8037,0.004217658722773195,0.0005093374359740378
8038,0.005084759797900915,0.00046974388812349673
8039,0.003896751943975687,0.0004167042099826886
8040,0.0037629605643451215,0.0007618982440549625
8041,0.004610313773155212,0.00036855754097652534
8042,0.0032236167462542653,0.00019896494173636176
8043,0.00414942535571754,0.0006057311962550021
8044,0.0036183613166213035,0.0002529264674605706
8045,0.0030946686677634718,0.00034638704640463104
8046,0.004238725015893579,0.00021999770949262973
8047,0.004198266630992293,0.00021842009041455178
8048,0.0036621911358088255,0.0011918761301785707
8049,0.003736847247928381,0.0011258690110854295
8050,0.003734649298712611,0.00042501863886359824
8051,0.004537452505901456,0.00035908866246320205
8052,0.004347197143360972,0.0002543956736239847
8053,0.0033027473371475937,0.00025845786398324527
8054,0.0035419767815619706,0.0003893899281624041
8055,0.003456879947334528,0.0005244699587159605
8056,0.003856570553034544,0.0010959017218077835
8057,0.0036248290631920098,0.0009104510679943104
8058,0.004247210472822189,0.0003343230370138708
8059,0.0048169315420091155,0.00025306925399241686
8060,0.0039989920612424614,0.00026134090819128963
8061,0.0031348477676510812,0.00022661252266628515
8062,0.004514307212084532,0.0004824578023694251
8063,0.0050094956532120705,0.0003447687629712363
8064,0.00463922843337059,0.002645682565842385
8065,0.0044480649754405025,0.0005885328698727104
8066,0.004058979097753763,0.0002737124853174215
8067,0.004588765492662787,0.0006293323415663246
8068,0.003369945352897048,0.00039970086112439836
8069,0.003578707631677389,0.0010633337844086633
8070,0.0035454761050641537,0.0009551802012201858
8071,0.003260002555325627,0.000868774065428911
8072,0.003486797297373414,0.0012323010317368867
8073,0.00502654341980815,0.0006232206511936367
8074,0.003500287085771561,0.0004781726301226714
8075,0.003849279349669814,0.0009612137362463017
8076,0.003872925606556237,0.00023141654006170415
8077,0.0047187858447432516,0.0003230218964545949
8078,0.00375303459353745,0.00018734852346824482
8079,0.0038094697752967476,0.00019345660703412213
8080,0.004588075764477253,0.00034882470557533125
8081,0.004202826116234064,0.00025772740916916716
8082,0.003610549885779619,0.0003389447380482436
8083,0.003933648755773902,0.00020506781797786523
8084,0.003944041794165969,0.00025100853664510286
8085,0.0036145364586263897,0.001597964042185308
8086,0.004848427604883909,0.0003029784113519557
8087,0.003741707759909332,0.0003321193229791402
8088,0.0029201543983072044,0.0009928682957750375
8089,0.004085677536204457,0.0001691460177189334
8090,0.0038891004025936125,0.00018044625493817028
8091,0.003758038245141506,0.0005247896945435707
8092,0.004715641001239419,0.0004646525569911966
8093,0.003928536591120064,0.0009085336749518469
8094,0.004020794532261789,0.0005316188162645606
8095,0.0034015393909066914,0.00024177355186261033
8096,0.004210199760273099,0.00022531577708097557
8097,0.004664783016778529,0.0011162479098707641
8098,0.0046419820189476015,0.0007018204084725106
8099,0.003146104430779815,0.00039162824256505104
8100,0.003641772326081991,0.00047970482838748357
8101,0.0027385961008258163,0.000515426379909152
8102,0.00441016711294651,0.0002813976414921081
8103,0.004051057677716016,0.0002538205690766455
8104,0.004126169895753265,0.00028763997467387824
8105,0.0042127450928092,0.00017495953065232767
8106,0.003962909923866391,0.0002018803962739982
8107,0.003792788926512003,0.0004446635737198673
8108,0.0035979409981518984,0.0002925883805577018
8109,0.0042078766599297525,0.002464828824573388
8110,0.004160687299445271,0.00021170202268116904
8111,0.004432429699227214,0.0005103796911872413
8112,0.004219056330621243,0.0002982374846820452
8113,0.003969168411567807,0.00037006511351361565
8114,0.00357018256559968,0.00017661753441045643
8115,0.0037692072615027427,0.00029294343373406526
8116,0.003259621523320675,0.000500634423463465
8117,0.0031157956179231404,0.0002914300875501844
8118,0.003486763145774603,0.0005397660281407098
8119,0.0028105875477194785,0.0017572368482408457
8120,0.00401274741627276,0.00030024904595872976
8121,0.003617960162227973,0.00042823760802953263
8122,0.004001793935894966,0.00021275155559622312
8123,0.0034962248895317317,0.00034173614179439625
8124,0.0040555074345320465,0.00028699716654357384
8125,0.0037877939734607935,0.0002551306890680978
8126,0.003348880559206009,0.0003130656143982116
8127,0.004742887322790921,0.0002508636813990338
8128,0.003511157911270857,0.0010863071585023036
8129,0.0038878910988569258,0.00047058460768312216
8130,0.004970541065558791,0.0003086833400368349
8131,0.003592195436358452,0.00025565169627255163
8132,0.003331564459949732,0.00038020530347202024
8133,0.0032136211078613998,0.0001753281025703971
8134,0.003845825484022498,0.0002611089706714329
8135,0.0044816949777305125,0.00033899053110647787
8136,0.0035216149920597674,0.0002844724766288131
8137,0.0041108054853975775,0.00036122932783343945
8138,0.003373435325920582,0.0002878826053534321
8139,0.00406256896443665,0.000331990081290252
8140,0.004110080720856786,0.0005755377534700379
8141,0.003775290148332715,0.00030903031687532894
8142,0.0036240723636001347,0.0003962417532632459
8143,0.004340758481994271,0.00047118838378929927
8144,0.003844621777534485,0.00015105713926970242
8145,0.004902559984475374,0.0006011442699125165
8146,0.003355255415663123,0.00017492116755532414
8147,0.004056950195226818,0.0001633763621524949
8148,0.0036269330966752023,0.00025689630354164576
8149,0.0037165185809135436,0.0004157336334672387
8150,0.0041726897144690155,0.00020218207197876214
8151,0.003376823719590902,0.0001608674850614665
8152,0.004550191359594464,0.00023471182415561674
8153,0.0031625197548419237,0.0002557640468258385
8154,0.003973733950406313,0.00038069704617692593
8155,0.004005316356197,0.00028169306580372766
8156,0.0036971766687929632,0.0009788752498411356
8157,0.0034571217535994945,0.00037212321301124837
8158,0.0034581573214381932,0.00034672613590573
8159,0.005179050490260124,0.0006838707246957984
8160,0.003788043260574341,0.0004657152735178474
8161,0.0039012803509831427,0.001505996923485439
8162,0.003985341656953096,0.0008400796158303035
8163,0.0034360635792836545,0.0006427444614891014
8164,0.0037870248500257732,0.00030938399419800874
8165,0.004564357362687588,0.0002798301631055313
8166,0.003627958185970783,0.00020608317886586046
8167,0.003189989356324077,0.0009170636129629327
8168,0.003256258051842451,0.000394144172027503
8169,0.004286199864000082,0.00025670198130234756
8170,0.004200921822339296,0.000590086037497202
8171,0.0037419176008552314,0.00028872202638511175
8172,0.003548941873013973,0.0009604593713397849
8173,0.004435163410380483,0.0005568388524271503
8174,0.0046392188593745234,0.0003109241906339813
8175,0.0036065471917390824,0.0006643238011747599
8176,0.00333280093036592,0.00028507150876079046
8177,0.004002301832661033,0.00070536821484183
8178,0.003669653502292931,0.0002915727491697858
8179,0.003668715455569327,0.0005093229864672899
8180,0.0030327306501567366,0.0010675589317991718
8181,0.005118216909468174,0.0008561393306455064
8182,0.004171719066798687,0.00023113827285682146
8183,0.003940568389371037,0.000338153190805564
8184,0.0034697040030732752,0.0008590175078110132
8185,0.003299103952012956,0.00029177166034558417
8186,0.004049500618129968,0.0009347013012850529
8187,0.0035329140815883874,0.0008862222678806276
8188,0.0030078527703881262,0.0003173701330923319
8189,0.004083809684962034,0.0007995991211716239
8190,0.0029685339890420438,0.00038185764434237084
8191,0.0031041649915277956,0.001980867779060994
8192,0.0039274926297366616,0.0008206814627182249
8193,0.004867082461714745,0.0002897931781138153
8194,0.004179542080964893,0.0019175869170321178
8195,0.004348865225911141,0.00021685027188564847
8196,0.003516450198367238,0.0002072792273282499
8197,0.0035534628294408323,0.000405895011021105
8198,0.0037166744749993087,0.00033475227675110436
8199,0.004173637283965945,0.00021178390845107806
8200,0.0034302549483254553,0.0005167785390879806
8201,0.0033344022277742623,0.0007483416048758855
8202,0.0037287210486829283,0.0009078104296150579
8203,0.003925824733451009,0.00038166231049578767
8204,0.003981323582120239,0.0009675917011519817
8205,0.0036994634941220285,0.00024555027261631535
8206,0.004186845691874623,0.0002936166978268948
8207,0.0038605243619531395,0.002436408202151117
8208,0.0034417378343641757,0.000887659901421364
8209,0.0034732782561331986,0.0002354983524576847
8210,0.004010942112654447,0.00027862510485223763
8211,0.0029494868824258445,0.0004755992662442261
8212,0.004299825457856059,0.00045494771919736305
8213,0.00462374220136553,0.00044993352789227684
8214,0.0030215903837233784,0.000964988019853218
8215,0.0031401922553777693,0.0006705149673308208
8216,0.0038075649179518225,0.0006863997781917147
8217,0.0034754308499395847,0.00021519592770994066
8218,0.0042302923835814,0.00023016845949463808
8219,0.0043898442573845385,0.0009275154268037375
8220,0.0034987995028495787,0.0003603371592299943
8221,0.0035771369142457844,0.0011014196581577193
8222,0.004057208942249417,0.000579190595164793
8223,0.004810905326157808,0.00038350515676764386
8224,0.0043214088398963214,0.00034886519727616075
8225,0.0035249844286590814,0.00043386691845937516
8226,0.003547530248761177,0.00033848455565669
8227,0.0037167829484678807,0.0010417843674475403
8228,0.0037017141189426184,0.0003687091608697625
8229,0.004233060088008642,0.0005875403972100212
8230,0.003381487848237157,0.0007750812833427056
8231,0.0035371902026236058,0.000557383766385076
8232,0.003200697638094425,0.0007181834654359479
8233,0.0036023179162293674,0.0007546856621028794
8234,0.004241735627874732,0.00046317321758666266
8235,0.0034091457352042197,0.0005028610722136314
8236,0.003567823781631887,0.000511330385450816
8237,0.0037723630107939243,0.000634084579260535
8238,0.003307309076189995,0.0005977884746692462
8239,0.0033551983535289763,0.00037763433527737244
8240,0.004081524964421987,0.00039199035581239587
8241,0.004120853133499623,0.00041541395061458016
8242,0.004241480948403478,0.00031019186191197026
8243,0.004304611217230558,0.0009828887669344063
8244,0.0030743396701291203,0.000454595191276645
8245,0.003497338080778718,0.00031457133022055655
8246,0.00374209176748991,0.0001800262959465091
8247,0.0034702569525688885,0.0004543737613110427
8248,0.0051765660755336285,0.0002332244483811449
8249,0.0038376766815781593,0.0002488005628860364
8250,0.0037509728875011208,0.0003435846225977301
8251,0.003932961728423834,0.0004353190753098628
8252,0.0035708286613225938,0.0007485902281350469
8253,0.0037683100160211323,0.0012622624906800585
8254,0.003645597831346095,0.00028632954640109856
8255,0.0033696861751377582,0.001521874557262006
8256,0.002846721177920699,0.00026986730637424306
8257,0.0034879801142960786,0.001862288411221888
8258,0.0034245101641863585,0.0007069934867577601
8259,0.0037242654524743558,0.0005564706572267698
8260,0.0025094470288604498,0.0012430422811781708
8261,0.004154507052153349,0.00046484252718621735
8262,0.0034098690235987304,0.0006794282697677
8263,0.003487580846995115,0.0005647111133901938
8264,0.0034411633759737015,0.0007385417551108419
8265,0.003815643871203065,0.0004489168605276014
8266,0.0042400201689451935,0.0008212009353933167
8267,0.0044157343730330464,0.0008600375851080434
8268,0.0035450551053509117,0.0005750143701172345
8269,0.003935476141050458,0.0008524637525799136
8270,0.004169187983497977,0.00022706233960901681
8271,0.0035665201023221014,0.0007238664364518777
8272,0.00399578279349953,0.001474463313894525
8273,0.0047835101000964645,0.0003445717102045844
8274,0.003382704248651862,0.0003007345008408676
8275,0.0036496065836399793,0.00045289857710124795
8276,0.0038857556879520415,0.0002200275369320218
8277,0.0036250079795718195,0.00019393485131767604
8278,0.0030294551979750395,0.0002647377664226503
8279,0.0030967625975608826,0.00019560686263976593
8280,0.003280744948424399,0.0004155071677914374
8281,0.0030634687887504696,0.000613616340895732
8282,0.003749422673135996,0.000259040691810086
8283,0.004172887746244669,0.0001430361523601539
8284,0.0034607065189629794,0.0003155285918332432
8285,0.00369664853438735,0.0007935023279733038
8286,0.003149415319785476,0.0006734369289168246
8287,0.003936207578517497,0.0012007541077415625
8288,0.0037247669044882057,0.0004270959470886737
8289,0.0037037122109904886,0.0009241286339876178
8290,0.003679196760058403,0.00033584068615423283
8291,0.0033897477388381957,0.00023638277712488572
8292,0.005146298538893462,0.0005513390036593255
8293,0.0030565046053379775,0.0003076975528080629
8294,0.00486629675142467,0.000371790931389463
8295,0.0036745197512209416,0.00024695303358858423
8296,0.004516974678263068,0.0006122711084285521
8297,0.004378132671117783,0.00043772574081978673
8298,0.0035430866340175273,0.0012252556689542858
8299,0.0033758528251200915,0.0007527132665304697
8300,0.003427568068727851,0.0008221590652868904
8301,0.0036659219954162836,0.00110250422316412
8302,0.004163555270060897,0.0005527804470110736
8303,0.0041692409478127955,0.00033862252675047886
8304,0.0031028643483296038,0.0006501166140405487
8305,0.0035254759062081577,0.0003275895887532922
8306,0.003682438675314188,0.0004419780683971635
8307,0.0032857589237391947,0.0010904196078876313
8308,0.003645525090396404,0.00024933042084440997
8309,0.0034342479053884743,0.000725441616290083
8310,0.004114986695349217,0.00041777344691357415
8311,0.00435285628773272,0.00037978238335249255
8312,0.004135678978636861,0.00024557323195040226
8313,0.0027080959267914294,0.0007280985416512783
8314,0.0038951087929308416,0.0002607710359295932
8315,0.003422568440437317,0.0004248489459900007
8316,0.004477915950119495,0.0003421258649150207
8317,0.0026768060121685265,0.0012587529530570115
8318,0.004449569350108504,0.0006087535309720121
8319,0.0034987093601375817,0.0004213251219743429
8320,0.003447849825024605,0.0007974390444435077
8321,0.003948948383331299,0.0005855581895384478
8322,0.004605968655087053,0.0003006698612334232
8323,0.0031619563698768614,0.000555214286328944
8324,0.0035590688604861496,0.00035564550788664856
8325,0.003970353594049811,0.00074307766443195
8326,0.0028063929826021195,0.0013832001953245434
8327,0.0033509886916726827,0.0004894474707862796
8328,0.0031529689207673074,0.00024404740862050796
8329,0.0037606590799987316,0.0015766484286534052
8330,0.004261682778596878,0.00041373441241400905
8331,0.002853118348866701,0.0006028012203511922
8332,0.003796007237397134,0.00046181437329784647
8333,0.004250234235078096,0.0003398471553363416
8334,0.002813566466793418,0.0007482773627550022
8335,0.003511854037642479,0.0003831564729446418
8336,0.003358892686665058,0.0003457035793261427
8337,0.0033013567142188547,0.0002070760941659164
8338,0.0030945661291480065,0.00021947713256638166
8339,0.0033879853319376705,0.0002894972497677073
8340,0.003606961853802204,0.00015928451434213967
8341,0.0032275854609906673,0.00025964483829240685
8342,0.002774288165383041,0.0002322862242118851
8343,0.0028771112114191057,0.00019313159319695743
8344,0.0027433075476437805,0.0001379019312424458
8345,0.003027349449694157,0.0005628104391029385
8346,0.003185345884412527,0.00025839555437663853
8347,0.0031426709145307543,0.0018510097280552943
8348,0.003756923172622919,0.00042444811009623314
8349,0.004087212886661291,0.00016216004557575878
8350,0.0033959844149649143,0.0002592168939746406
8351,0.003602380603551865,0.00023717483170364412
8352,0.0038603029772639273,0.0004943027559744373
8353,0.003025918006896973,0.0002376062023371286
8354,0.0034468462783843277,0.0002587707468056541
8355,0.0033057220140472053,0.00042741769101206184
8356,0.002783790724352002,0.0006842588238762564
8357,0.003316115383058786,0.000868637583614008
8358,0.0032428701408207415,0.00024422656273077024
8359,0.002772049140185118,0.00041091731990279296
8360,0.00335642077261582,0.00028506674275937657
8361,0.003655173657462001,0.0002389115785537224
8362,0.003702501626685262,0.00035837773542232455
8363,0.0028735246136784554,0.0002046690200063183
8364,0.003450826550833881,0.0004912032898087776
8365,0.0038547600153833626,0.0005062891422349909
8366,0.0033930326998233796,0.00024084516174809
8367,0.0038518061861395835,0.0009434035236066947
8368,0.00288595668040216,0.00020626116378953655
8369,0.004060112349689007,0.00037996947443613477
8370,0.002900076424703002,0.00013495089503260104
8371,0.003105783821083605,0.00025899722204983795
8372,0.0036389595456421376,0.0002278989377871717
8373,0.003090542433783412,0.0002053698165221012
8374,0.0028724547289311884,0.000332781803405091
8375,0.003316231993958354,0.00039377842299410536
8376,0.00437304257415235,0.00032087824853975965
8377,0.0031427970761433244,0.0013194706973504939
8378,0.0031508639361709358,0.0002062815102076394
8379,0.0031822771113365887,0.00024567100148463033
8380,0.003229377204552293,0.00019681100363650578
8381,0.003328383667394519,0.00013248524643031862
8382,0.0029519299138337373,0.0010196001010576953
8383,0.003437084835022688,0.0004179283640864114
8384,0.0030973556265234945,0.00031461012996222875
8385,0.0034642392210662365,0.00030814970433648217
8386,0.002937531815841794,0.00031401206418706025
8387,0.003222656091675162,0.000292655457311935
8388,0.0033567796181887388,0.0003870665291100996
8389,0.0028271026164293288,0.0012609178761709226
8390,0.003510289704427123,0.00020923487158740987
8391,0.0029747127182781696,0.00024748368293193664
8392,0.0036180150788277386,0.001042442300200641
8393,0.0036770756915211677,0.0006273012402569492
8394,0.0032986941561102866,0.0003527790237830518
8395,0.003293779017403722,0.0005995738623051406
8396,0.0040439453441649675,0.0004180083994208261
8397,0.0039661214780062435,0.000934316322194693
8398,0.0036230032984167337,0.0003469397221398476
8399,0.003889508880674839,0.0004195537958740678
8400,0.004191046543419361,0.0003270707930412705
8401,0.004145300146192312,0.0012891579878656831
8402,0.0038709085807204246,0.00048708199740646443
8403,0.003618150381371379,0.0006581018208398497
8404,0.0033256284706294536,0.00035804135634002516
8405,0.0032623266521841286,0.00037225626276691175
8406,0.0032492901850491762,0.0003455640599235242
8407,0.004560602158308029,0.0008808150440964797
8408,0.00338583255186677,0.001294993725286363
8409,0.0031797439139336346,0.00047371164921109805
8410,0.0036369472555816173,0.0015249520289864749
8411,0.0036727942992001773,0.00035457369633822716
8412,0.0031098676472902298,0.000592875548746845
8413,0.003424146412871778,0.001512179731659285
8414,0.0030161633249372244,0.0002926465766069843
8415,0.003475508503615856,0.000834732538101914
8416,0.0033385730907320977,0.0008283991586697633
8417,0.003372659431770444,0.0002937624337628471
8418,0.0028495598025619984,0.0003524002196882813
8419,0.0039399536140263085,0.00042477223467183846
8420,0.003035446014255285,0.0007912441163183484
8421,0.002682964620180428,0.00030233082142243903
8422,0.004740911070257425,0.0015932155664601963
8423,0.003600539742037654,0.0003690516605274752
8424,0.0030919593293219803,0.0005883817809748731
8425,0.0027856439538300037,0.000284068001759532
8426,0.0034936174657195806,0.0002788845206489659
8427,0.003052932545542717,0.0005041631616409613
8428,0.002984978500753641,0.00036165010812373396
8429,0.003200506018474698,0.0008004210532119829
8430,0.0030534734297543763,0.00021501292860492656
8431,0.004237730312161148,0.00017075740495235787
8432,0.0036204435536637903,0.000741779788282432
8433,0.0041013678535819055,0.0003124181506517407
8434,0.0027421544026583434,0.00020081356302547996
8435,0.0030537252966314553,0.0002762866351986304
8436,0.003458674382418394,0.0002848041871377611
8437,0.0033122751209884883,0.00018658412930201612
8438,0.003718307167291641,0.0007507145908750492
8439,0.0031586116272956134,0.00023499170353329958
8440,0.0028292356291785836,0.0003370696500147859
8441,0.00325257136952132,0.000867157254355309
8442,0.0031529544154182076,0.0006809132923180722
8443,0.0036410284880548714,0.0014243740492742765
8444,0.0038940859027206897,0.00039964376596238763
8445,0.004200742617249489,0.0002059866233700121
8446,0.003458883333951235,0.00023064041286874868
8447,0.002898169062100351,0.00022950165044701313
8448,0.003326966259628534,0.0004621008554575582
8449,0.003637024229392409,0.00032513469082067327
8450,0.002288328018039465,0.001090686623172911
8451,0.0037542356830090285,0.00037926031924044227
8452,0.0033978886064141988,0.0008316279168891376
8453,0.0028747299779206515,0.0009680633618151897
8454,0.0034122331254184245,0.000772639085245255
8455,0.0034955621045082807,0.0005538397092270116
8456,0.003441708106547594,0.0003629567473169978
8457,0.00397415897808969,0.0005217411073741235
8458,0.0031423784978687765,0.0003204099719942075
8459,0.0037555634416639805,0.0014225091651235134
8460,0.0026794216921553014,0.0006934938432444652
8461,0.004410132374614477,0.00039214200789925373
8462,0.0037871163710951807,0.0005796850667026512
8463,0.003056202540174127,0.0004912659604411751
8464,0.003999018361791968,0.0007401158999689944
8465,0.003243393227458,0.00024915937965114645
8466,0.0026553651969879865,0.0005196691291368478
8467,0.0032692624162882567,0.00027248554696386346
8468,0.003157399999909103,0.001134811890987705
8469,0.0022612416557967665,0.00031730078543572846
8470,0.0035218961350619794,0.00013199481768362155
8471,0.0038526260294020178,0.00018638498155792462
8472,0.0023674819571897388,0.00037176541829392416
8473,0.003027030285447836,0.0006058854019039706
8474,0.003662051768042147,0.0004108253199911528
8475,0.0030586123140528797,0.0010540606836750082
8476,0.0033195168152451516,0.00035374052782721614
8477,0.0031897892383858564,0.0003479527499309856
8478,0.0036725355125963688,0.0005163504615603876
8479,0.0043119386211037634,0.0009516841454482445
8480,0.003993793902918696,0.00031490828475136667
8481,0.0031970577407628297,0.00020021821362443254
8482,0.002456425912678242,0.0007906176966347106
8483,0.0038660109508782624,0.00025984606416959774
8484,0.0030045503750443458,0.0005770959518211958
8485,0.003084921231493354,0.00026781257554531505
8486,0.003161922967992723,0.0002189289115860497
8487,0.0037505363393574953,0.00044861747899207555
8488,0.0029898585472255945,0.0013483744162479288
8489,0.0030013427650555967,0.00045697676768998477
8490,0.00290974969509989,0.0002758491502066896
8491,0.003836315106600523,0.0007000396056866196
8492,0.0032417275942862034,0.0003066600293594043
8493,0.003062401507049799,0.00036789505536770063
8494,0.0035890713799744843,0.0002050820337600483
8495,0.0031668998720124366,0.0002882798309581456
8496,0.003058835603296757,0.0002807323354031661
8497,0.0035429164953529836,0.0002599029955478092
8498,0.0038793870992958547,0.00026678883076696467
8499,0.0030015780683606864,0.0003070061012132935
8500,0.0025027618976309896,0.0013103686458086723
8501,0.004324447652325034,0.00029759210308041736
8502,0.003012899877503514,0.0002269873933584353
8503,0.0030069677717983723,0.001069479023922898
8504,0.0032875204365700483,0.00029473850696526264
8505,0.003536246232688427,0.00023293114356594542
8506,0.00277174474671483,0.00017349961206192558
8507,0.0037095674686133864,0.0004274057964347813
8508,0.0036455397028476,0.000467938835069231
8509,0.0027932183630764483,0.0004587703178539451
8510,0.003315352532081306,0.00034015860060893305
8511,0.003516490440815687,0.00017011272625308739
8512,0.0039422051049768925,0.0002601246554037709
8513,0.00318934204056859,0.0003347979685642015
8514,0.0034376513632014393,0.0003425667642684309
8515,0.002897502197884023,0.00033038974672856727
8516,0.0035073137003928424,0.000460721092292248
8517,0.003516641007736325,0.00038952621940701996
8518,0.0033377563720569017,0.0003683084961603402
8519,0.003699696937110275,0.00027752097629087227
8520,0.0027072649169713257,0.0002265225755838575
8521,0.0029960634419694543,0.00046096716916558573
8522,0.0035868557542562485,0.00023424325521997685
8523,0.0034153259731829165,0.0012242669695733141
8524,0.0032849737908691168,0.0009860731007480254
8525,0.00340875955298543,0.0004895702610430244
8526,0.0038513565063476563,0.0006523774211192886
8527,0.0028526088036596774,0.0003118181702033425
8528,0.003282166412100196,0.0001474121843174332
8529,0.002973020365461707,0.0002040556462143535
8530,0.0034923397935926912,0.0004192799814555743
8531,0.002608320587314665,0.00033300686691415635
8532,0.003709768857806921,0.00025070457992762684
8533,0.0035056545212864875,0.0019508376845145878
8534,0.0033722614496946336,0.00027141340999699184
8535,0.0027274688566103576,0.0001595276719866614
8536,0.002805832354351878,0.0002813413763125363
8537,0.003787506287917495,0.0011157346490694032
8538,0.003070913818664849,0.0006456710262645087
8539,0.0031419369578361512,0.00029606699093800336
8540,0.0026712853368371725,0.0005707534377731077
8541,0.0029380953731015323,0.00015990546342760503
8542,0.0039035801868885756,0.001080756511041665
8543,0.00341496086679399,0.0003295241921266209
8544,0.0031620618421584366,0.00030531178743655043
8545,0.003978174533694982,0.0004508489976503108
8546,0.00280571055598557,0.00037813467298130417
8547,0.0038571557588875293,0.0005545891296718117
8548,0.0034835872054100035,0.0006105722795712622
8549,0.003096388755366206,0.0005781146361211901
8550,0.0037502936366945504,0.0002150539799564684
8551,0.003757321443408728,0.0004975174415199969
8552,0.0032010460644960404,0.0006915692069363614
8553,0.003213628111407161,0.0005911051627401619
8554,0.0033398234751075505,0.00042654802721338216
8555,0.003582547255791724,0.00021830368496011943
8556,0.0025092336209490895,0.0004817187200636884
8557,0.0032970739342272283,0.0008307473195002299
8558,0.003518083085073158,0.0010280904857671424
8559,0.003593407105654478,0.0004378418670967221
8560,0.003353756200522184,0.00034662733637498154
8561,0.0033427455089986326,0.0005917635790952673
8562,0.0025770834065042434,0.0002685657256659222
8563,0.003333336291834712,0.0003636146653188418
8564,0.0032409110851585863,0.00019071110359182556
8565,0.0027822271874174474,0.00046591113213041463
8566,0.0030097202537581326,0.00020381484710139364
8567,0.00411715080961585,0.00023537729181068604
8568,0.0028344471100717784,0.0004551002523727868
8569,0.0033944847621023653,0.00046919871751364154
8570,0.0034626223891973495,0.00024168908477231402
8571,0.0031511022336781023,0.00038343708131347514
8572,0.003225347753614187,0.00024671908166878085
8573,0.003592988774180412,0.000281800528308887
8574,0.003150265859439969,0.000368556780389778
8575,0.0034347711224108936,0.0005548259200311381
8576,0.003743883748538792,0.0001776824036113956
8577,0.003081403379328549,0.0010419887716224903
8578,0.004402140183374286,0.00031084014883835814
8579,0.002831465294584632,0.0008290262888058102
8580,0.002953999787569046,0.0003156517687622834
8581,0.003517706161364913,0.0003899378675793729
8582,0.002989659057930112,0.00034817778194412487
8583,0.002511051306501031,0.00034269697729766063
8584,0.0024291095603257416,0.0003470766405122074
8585,0.00272385697811842,0.0009283127649113127
8586,0.003442585188895464,0.0002995523933499847
8587,0.0036668908037245274,0.0013209895234019176
8588,0.003451437335461378,0.0011291688671718314
8589,0.003160248128697276,0.00031789035810642454
8590,0.0036460513155907393,0.00028631001374403603
8591,0.00343998858705163,0.0003179055873834056
8592,0.003693118067458272,0.0001773277129371944
8593,0.0031585309654474257,0.0008547227408685913
8594,0.0032185689359903336,0.0010365241522939034
8595,0.003963608453050256,0.00037049146509435894
8596,0.002630778215825558,0.0005166365339242126
8597,0.00348034898750484,0.0006729358851958277
8598,0.003313598604872823,0.0007585690098444688
8599,0.0036499222833663225,0.00018642739109652699
8600,0.0033476204425096513,0.00035438147989063436
8601,0.0031039872858673336,0.00046282062507936193
8602,0.00436055164784193,0.00041799564058063167
8603,0.003377939071506262,0.0003897645454917562
8604,0.004074817942455411,0.0008254943109334332
8605,0.0033449797215871512,0.0004776294553677921
8606,0.003168742284178734,0.00024640109835647855
8607,0.002865736233070493,0.0006843563472239734
8608,0.0034391989558935163,0.0006554914368890635
8609,0.003175156833603978,0.00021529298320361606
8610,0.0035565196722745895,0.00022201839173037228
8611,0.002792383092455566,0.00014359915922011157
8612,0.002987459539435804,0.00018518459641299695
8613,0.003856927044689655,0.0005429240385363874
8614,0.003270656312815845,0.000174468842076699
8615,0.0039249097369611265,0.0004105537751855405
8616,0.002617847193032503,0.0003027832523308113
8617,0.0027786511648446323,0.00022691027239389233
8618,0.002982468919362873,0.0002397917644461128
8619,0.002998883193358779,0.00018242389800534136
8620,0.0028106015454977752,0.0002486871737645531
8621,0.0030208251625299452,0.00029702142219071925
8622,0.0032301810942590237,0.0005860159142510583
8623,0.0028220738330855966,0.00028652819260246797
8624,0.0028077858546748757,0.00019860509101282296
8625,0.0033245877828449013,0.0007361079584520106
8626,0.002978244069963694,0.00040987673915654727
8627,0.003439357532188296,0.00023550883499460538
8628,0.0028338998556137083,0.00042180649534327117
8629,0.0025445230305194853,0.0004196754546695682
8630,0.003954139058478177,0.0014335193403371392
8631,0.0033218573406338693,0.0009305275476709876
8632,0.003799837063997984,0.0005573071539402008
8633,0.0030294443480670453,0.00035228972221176103
8634,0.0035010995203629135,0.00017536157234918727
8635,0.0027338880812749267,0.0004791551499232037
8636,0.0030384319089353084,0.00076636527537381
8637,0.002444569505751133,0.0006136658493021171
8638,0.0026068485621362925,0.000559896019395849
8639,0.0029514631070196628,0.00028488623493477425
8640,0.0034094107523560523,0.0005949579174502766
8641,0.00307929472066462,0.0004757663537269739
8642,0.002921549705788493,0.0008242066283008619
8643,0.0025432556960731743,0.0012486890621789513
8644,0.0037427632045000793,0.00048302194145061585
8645,0.002482740692794323,0.0018420813729578297
8646,0.0042754576727747915,0.0004435773806431975
8647,0.004071149937808514,0.0004414872753542325
8648,0.00291677157394588,0.00019936247663779745
8649,0.003728579143062234,0.0004005717884666248
8650,0.003330268675927073,0.0004169435211623164
8651,0.003320426638238132,0.0011187474185932582
8652,0.003597969859838486,0.00025507860776349545
8653,0.003381692310795188,0.0001852579687144735
8654,0.003747932268306613,0.0006727227400541816
8655,0.0024827883392572405,0.0003073718032021433
8656,0.0033952906355261803,0.0003406009022848145
8657,0.0028077473398298025,0.0003525774155692389
8658,0.0027672601118683814,0.000515564204487082
8659,0.0027859531063586475,0.00036234134801803796
8660,0.0034515784308314324,0.00042270366878393076
8661,0.002971929144114256,0.0006519563787948493
8662,0.0022305829357355833,0.0002608249364229404
8663,0.003428418980911374,0.00023552157983107314
8664,0.002955938959494233,0.0005455590722355226
8665,0.0034399763122200965,0.0010283593525344582
8666,0.0031812279857695103,0.00041552831830252726
8667,0.0029877498000860214,0.001551630088663979
8668,0.0037181014381349087,0.002359651552181538
8669,0.004515782687813044,0.0002782899425492609
8670,0.003306252956390381,0.00044460763137353816
8671,0.004030637955293059,0.0002435752483083203
8672,0.0027253504376858473,0.0006793524833931906
8673,0.0033667496498674156,0.0005928000573850075
8674,0.0033718484453856947,0.00039895111615195463
8675,0.0031889336463063957,0.0006554048923633623
8676,0.0031839352007955314,0.00025897191288045367
8677,0.0026210212334990502,0.00026363040932951727
8678,0.003089906079694629,0.00040936566831875745
8679,0.003893325589597225,0.0005092424699696868
8680,0.003567059738561511,0.0017516728752126841
8681,0.0032994159078225493,0.0007076990895917358
8682,0.0036251185927540066,0.0012039738477603213
8683,0.003273849841207266,0.0008090213323905044
8684,0.0027630586409941316,0.0005378316607874856
8685,0.00309892657212913,0.0006074323438503461
8686,0.0034594819555059074,0.0007563347845300012
8687,0.004370647761970758,0.000665513820920701
8688,0.003204490253701806,0.0006989894350288971
8689,0.0031000478286296127,0.0003763409526795404
8690,0.0032945026620291172,0.0003669402551716066
8691,0.002790972096845508,0.0019103680188729338
8692,0.0038902003364637496,0.0005804674352251299
8693,0.003412472205236554,0.00034445344330105064
8694,0.002722490755841136,0.0003652377971065269
8695,0.003130935290828347,0.001027744931602621
8696,0.0033755232393741607,0.0003899546022756561
8697,0.0030408098641783,0.0002179242276238941
8698,0.0031322504673153163,0.0004359883972290546
8699,0.0030204577138647436,0.0002410668434817599
8700,0.0027881880616769193,0.0018793874936918282
8701,0.0031256241258233786,0.00048425046676029896
8702,0.0028053059987723826,0.0012544427523134302
8703,0.003763036336749792,0.0005026644212193787
8704,0.0035844441410154103,0.0003034166350031004
8705,0.003423508359119296,0.0003285349830299335
8706,0.0026725798938423396,0.0002595156499242029
8707,0.003939525028690696,0.00016284311008448265
8708,0.0029085704451426862,0.0011304917311525508
8709,0.0033855656627565624,0.00031088476949562763
8710,0.0023812377615831794,0.0006554276715925806
8711,0.0027185533661395313,0.0003208693300097964
8712,0.0025228611938655377,0.00027140717728586534
8713,0.002639806270599365,0.0003616062315078835
8714,0.0032961359806358815,0.000804703896354935
8715,0.0032079704105854034,0.0003718441515309379
8716,0.0029567577783018353,0.0006960546948679097
8717,0.003082855073735118,0.0002914656036951683
8718,0.0034674011822789907,0.00031752330179275203
8719,0.0030522652436047793,0.000673842232049226
8720,0.0038223730400204657,0.00012501780912777438
8721,0.0027743160724639894,0.0004505604052635497
8722,0.002517367247492075,0.0002920272686735612
8723,0.0030475120432674886,0.00029855632392230305
8724,0.0025496597588062285,0.0006472351944890537
8725,0.0025313170533627274,0.00024109000175846868
8726,0.0025359195936471225,0.0010117874209679765
8727,0.002869390065316111,0.0004759424833312937
8728,0.002915239236317575,0.000396561196906339
8729,0.0027527283411473034,0.000234103213026099
8730,0.002678872086107731,0.00036684927221209015
8731,0.002917008055374026,0.0005409815803182962
8732,0.0038388099148869512,0.0007133053245711817
8733,0.0030612188717350363,0.0006699382378528379
8734,0.002786992127075791,0.00042693863261239094
8735,0.00286226870957762,0.0005790620040760873
8736,0.0033634473802521825,0.0005147248109458142
8737,0.002818373155314475,0.00041429238945679507
8738,0.0035536491591483354,0.0007053250032285713
8739,0.003595461091026664,0.0004542014894094828
8740,0.003076701872050762,0.0007399532063672804
8741,0.003023385647684336,0.0005033255613740686
8742,0.0029357907455414534,0.0008157941684994387
8743,0.0035590744484215973,0.00027220004112802585
8744,0.0033456718781962992,0.0006785877654966834
8745,0.003359157503582537,0.0003805153778744606
8746,0.0026221304666250943,0.0005407596839438767
8747,0.003107667723670602,0.00022033176983687517
8748,0.002485504113137722,0.00025181009753657847
8749,0.003107837326824665,0.0006729863083296239
8750,0.0027696478739380834,0.0005997495250521254
8751,0.00229006945155561,0.0004235379635483945
8752,0.0030130841955542565,0.00033120359756588324
8753,0.002832460105419159,0.00023026851863817196
8754,0.003103164844214916,0.0009126972490028567
8755,0.0032630859548226,0.0005807401644295617
8756,0.0026522787380963563,0.0010459595662860633
8757,0.0031660530995577573,0.0004491907550812992
8758,0.002941680056974292,0.001259456382273403
8759,0.002619356196373701,0.0003288912878703479
8760,0.003263867739588022,0.0001962071956232611
8761,0.0028477204125374554,0.0005613959454995108
8762,0.0032977633364498615,0.00022130689427435194
8763,0.002751618730835617,0.00020356134675787634
8764,0.0028110311087220907,0.00024852652261384494
8765,0.002971838302910328,0.00041206446253018426
8766,0.0029420982208102943,0.0004535573167630315
8767,0.0028860201127827168,0.0011483370454037842
8768,0.002944772532209754,0.0003395223860909575
8769,0.0038011709414422514,0.0002703525471638199
8770,0.003223389396443963,0.00027508338497096854
8771,0.002764900769107044,0.00020986375702331352
8772,0.003644833341240883,0.0006148434588558054
8773,0.0030228989664465187,0.0004906272607600741
8774,0.003454069010913372,0.00036794940577437207
8775,0.003944986630231142,0.00022995932831441703
8776,0.0038270313874818386,0.00025789038065265966
8777,0.0033386106602847575,0.0007905570219258127
8778,0.0035819911770522597,0.0004750075040397885
8779,0.00303977289237082,0.00030788790661050646
8780,0.0028825507825240492,0.0008296489010705319
8781,0.0031198013946413996,0.0004170855756879749
8782,0.003087105266749859,0.0010112724346682837
8783,0.003342180047184229,0.00045013191564764494
8784,0.002686650170944631,0.00034315668226678994
8785,0.0030547571927309037,0.0012642296720040988
8786,0.00274206536822021,0.0004397197714241298
8787,0.00329666405916214,0.0006805944889592491
8788,0.003136089975014329,0.0003003596116099762
8789,0.0021927212551236153,0.0006680506447406665
8790,0.00297170614823699,0.0006348002775355357
8791,0.002598948460072279,0.00042013149096132955
8792,0.002498153103515506,0.0007138011741056426
8793,0.002897079763934016,0.0002364881606497451
8794,0.0028694198746234178,0.0004994365528595877
8795,0.0023818327719345687,0.00032623916312120055
8796,0.0026421701279468832,0.0004347061841231962
8797,0.003011869047768414,0.00034551499574923605
8798,0.003231654670089483,0.0002041517580262934
8799,0.0027114971075206996,0.00024391199128817104
8800,0.003060483746230602,0.0004328368319364341
8801,0.002886144216172397,0.0003662542982205544
8802,0.002970269443467259,0.00017207901178714055
8803,0.002724466398358345,0.00024683482359699293
8804,0.002651425264775753,0.0003284141186095315
8805,0.0035195957217365502,0.00022313012685690534
8806,0.0027483810484409334,0.0003098164535963219
8807,0.002406021850183606,0.000425879572428865
8808,0.0036876978259533645,0.0004291588525058166
8809,0.003595105456188321,0.0004473445795106459
8810,0.003336456436663866,0.0004524833160733217
8811,0.0033403812418691813,0.00031715056425190137
8812,0.002963515007868409,0.00021009605412996592
8813,0.003156792102381587,0.0008331396400111995
8814,0.0031126276683062313,0.00035035145499509097
8815,0.003610675046220422,0.00031176810384064607
8816,0.0032485021883621812,0.0005268944102046016
8817,0.002829699441790581,0.0005164959919256196
8818,0.0027572338469326494,0.0007892746688823585
8819,0.003445058250799775,0.0006484708251201943
8820,0.002523104902356863,0.0015441898435150107
8821,0.0024567995313555004,0.0007835292474251904
8822,0.0024002194870263336,0.0003313627066122598
8823,0.002665000380948186,0.00034934452420725705
8824,0.00308266376145184,0.00045061227307361486
8825,0.002939301282167435,0.0013840244604555302
8826,0.0025106281042099,0.0009991008156833992
8827,0.003722748514264822,0.000969634027768896
8828,0.002847372069954872,0.0005009657566193236
8829,0.0025293474271893502,0.0006902945827539654
8830,0.0027664684178307654,0.0014004377354803967
8831,0.00355090981349349,0.0005510390591839558
8832,0.0026891017658635975,0.0009909754886917057
8833,0.003044610437937081,0.0005469916244169015
8834,0.0033011307753622533,0.0003379992080201739
8835,0.0021509119030088185,0.0002974861246463524
8836,0.0031903383508324625,0.00042062497112504526
8837,0.002625768445432186,0.000981729007198488
8838,0.0033844207134097813,0.0007219101981680891
8839,0.002637429079040885,0.0005504749228935434
8840,0.0023127003852277993,0.00022313556673159913
8841,0.00365902254357934,0.0009981833481268116
8842,0.0032283092802390455,0.000284396947005904
8843,0.002713800147175789,0.00018313924454261025
8844,0.003309049289673567,0.00033500382703831034
8845,0.0024966642539948226,0.0007474414457260848
8846,0.0030083347670733927,0.00016733431562922666
8847,0.002680014306679368,0.00032968768526138963
8848,0.00309228184632957,0.00019698282655915373
8849,0.002112879971973598,0.00033884044666455623
8850,0.0029794763727113605,0.0001488148200099216
8851,0.003961996552534402,0.00013826574799517003
8852,0.0030683708656579255,0.000807922356602519
8853,0.0032485575368627908,0.0008842744266499497
8854,0.002883540920447558,0.0002391178563874285
8855,0.00285841244738549,0.0002269697024655203
8856,0.002272566147148609,0.00034666039842605104
8857,0.003210350493900478,0.0001591001091084813
8858,0.0043101358506828545,0.00022163711689980318
8859,0.002922277431935072,0.0003506398352328688
8860,0.003230441156774759,0.0004340715009451219
8861,0.0025050862692296504,0.00023525029605044027
8862,0.003685082825832069,0.00033629823185835187
8863,0.0034782437235116957,0.0009116368999781266
8864,0.003470508335158229,0.00022844047525224647
8865,0.0021775949629954995,0.00033003320040485073
8866,0.0026804216485470534,0.0013956941683355667
8867,0.0028449315950274468,0.00043117612172141416
8868,0.002430576719343662,0.0002818916683493514
8869,0.003164486784953624,0.00034999907281778417
8870,0.0035519567504525185,0.0006792277627152531
8871,0.0030847914703190328,0.0004732457056565032
8872,0.00240637993440032,0.0005896251085724631
8873,0.003018618170171976,0.0005230335702111766
8874,0.0026139786653220655,0.00018865309858197117
8875,0.003429161114618182,0.0008180889162260477
8876,0.002793417628854513,0.00035383884774278595
8877,0.0036104358825832603,0.00029895058578902485
8878,0.003237999677658081,0.0002572651159525402
8879,0.0025928511610254644,0.000287008272844354
8880,0.0028738160990178585,0.0003009803951175705
8881,0.002703646821901202,0.0008763088286560896
8882,0.002333946069702506,0.00017202013688104558
8883,0.0034228034038096666,0.0001757260983489288
8884,0.0028563831374049187,0.00042577588544801285
8885,0.003324527801014483,0.00023712118276656438
8886,0.0029529390064999463,0.0006230137404014535
8887,0.003013005759567022,0.00030522177726259993
8888,0.003047199994325638,0.00019977014266235168
8889,0.0024765734095126392,0.0008423480457205274
8890,0.003505016574636102,0.0004738102099309637
8891,0.002792241284623742,0.0002290535333872556
8892,0.002510755844414234,0.0014044406763214158
8893,0.0029726747516542673,0.0003107457964626071
8894,0.0030225331336259844,0.0003857363417285354
8895,0.0033032948570325973,0.00033848005512805837
8896,0.002575007933191955,0.0004939169036196577
8897,0.002875821755733341,0.0005221008897235949
8898,0.0026828562002629043,0.0006910167117794491
8899,0.002634462779387832,0.000283115244961315
8900,0.003822864828398451,0.00039367182059683967
8901,0.0032208491768687965,0.0009153627994636151
8902,0.0027754374407231806,0.0003446950230345589
8903,0.002666953532025218,0.00026056101491470654
8904,0.0031846587266772986,0.0009847528329884558
8905,0.0026417825650423767,0.00065427461530605
8906,0.0029175521340221167,0.0002874607883699953
8907,0.0035749778989702463,0.0018831180976321027
8908,0.002905708234757185,0.00037153400855508874
8909,0.0030608015228062867,0.0003670675688812331
8910,0.002949295695871115,0.0007376252188768289
8911,0.0034017074573785065,0.0006628945591055775
8912,0.002370150638744235,0.0004595563530105434
8913,0.002835185416042805,0.00035589399041084907
8914,0.0025392430508509277,0.00040025644686889566
8915,0.0023314266558736563,0.0002854604067516909
8916,0.0032625660323537886,0.0005112404748478471
8917,0.0024832837842404844,0.0001306600280034604
8918,0.002978781182318926,0.00011657572418412139
8919,0.002473145881667733,0.0001761324412455744
8920,0.0029689145274460317,0.0005420071395012001
8921,0.0022471208963543176,0.00029546849003814365
8922,0.002774410033598542,0.0004483029727340829
8923,0.002955657709389925,0.0003699390680133684
8924,0.002490645279176533,0.0005905207929086604
8925,0.0026927534770220516,0.00018141605079569534
8926,0.0033420425094664095,0.0004139379103833886
8927,0.002661595959216356,0.0010858029366330537
8928,0.0028197689075022936,0.00033286625255466985
8929,0.0029225070029497147,0.0002943772423636864
8930,0.002978614345192909,0.000314432096648451
8931,0.003971193805336952,0.0003229823961777434
8932,0.0028174296952784062,0.00028931870673821396
8933,0.0032505575520917775,0.00037736140513690573
8934,0.0026659976691007616,0.00014779296209668894
8935,0.0025392387015745043,0.0002963858778582095
8936,0.0032240091427229345,0.00024215490537070054
8937,0.0029764270968735216,0.0003144367464837197
8938,0.002777082668617368,0.00024006823245244585
8939,0.002958756200969219,0.0003568243461801377
8940,0.0032612238731235268,0.00029653286854800295
8941,0.002830824167467654,0.0003783483885879284
8942,0.0025916075799614193,0.0001854751196694688
8943,0.002906102875713259,0.0003317427193133594
8944,0.0032457689102739096,0.0006275350086020994
8945,0.002529332023113966,0.0011998848935385069
8946,0.003620915901847184,0.00031712198369236895
8947,0.002830625344067812,0.00027941169068918957
8948,0.0031039115600287916,0.00043173270835860137
8949,0.0030115502374246715,0.0002959318882036214
8950,0.0025041175354272127,0.0004413884941628841
8951,0.0035060787666589023,0.0003397390525469123
8952,0.003015717784874141,0.0005124520800676044
8953,0.002982011558488011,0.000628506523167893
8954,0.0023447779845446348,0.0006028598729418973
8955,0.002608863292261958,0.00024747018493418517
8956,0.0024270784226246176,0.00033309617341330196
8957,0.0026295965258032084,0.0007504418409391217
8958,0.0024818987678736446,0.00025370071501764534
8959,0.0027299629617482425,0.0001754424232698611
8960,0.002881344431079924,0.0005078540858972103
8961,0.0027111479081213473,0.0009878166673756013
8962,0.002215572218410671,0.00020187533305469926
8963,0.002840856295078993,0.0006870849612998228
8964,0.0026328770071268083,0.0002936174473501997
8965,0.0023637444572523238,0.0003632411842349253
8966,0.002769425492733717,0.00021892172293992688
8967,0.003157751997932792,0.00021134940002349602
8968,0.0028051085863262416,0.0001237958180578585
8969,0.003297188552096486,0.00033626681686481076
8970,0.002786419470794499,0.0004590035444891004
8971,0.0028192929830402136,0.0005889275088931804
8972,0.0034316038712859155,0.00025745118591035017
8973,0.003286712467670441,0.0008554330768625009
8974,0.002881235727109015,0.0019043998964998411
8975,0.00291551792062819,0.0005917483514379343
8976,0.003365581212565303,0.00039509494194110267
8977,0.002811097577214241,0.0004101696028294399
8978,0.0024839120265096426,0.0006106748845275135
8979,0.002799084107391536,0.00016707517661167028
8980,0.00218963285908103,0.0008720579869687966
8981,0.002083896677941084,0.00036340491680351836
8982,0.00262715760152787,0.0010704040935594742
8983,0.0023854623176157476,0.00044763420907021435
8984,0.0026532080164179206,0.00018112914263115708
8985,0.0028257583640515804,0.0008181655414287664
8986,0.0024372785072773696,0.00020101938999899063
8987,0.002682903204113245,0.0002768126233442597
8988,0.002799184760078788,0.00024040230508109918
8989,0.0032867869129404427,0.0002551738352974086
8990,0.002497376725077629,0.00030184719330401553
8991,0.002086456948891282,0.00029489423099694745
8992,0.0029489741381257773,0.0004573742305544565
8993,0.0034053351916372774,0.0010673282620152586
8994,0.0024503826815634967,0.00016477639930026147
8995,0.0035842031659558417,0.00032201513186757365
8996,0.002822063360363245,0.000373003121675949
8997,0.0026759216468781235,0.00035012497770765875
8998,0.00239693857729435,0.0009694846142848877
8999,0.0030654929392039776,0.00046008314430228856
9000,0.0028678179206326603,0.0005590107470546683
9001,0.002535348441451788,0.0002569374369221344
9002,0.0033235025918111204,0.0003207913549674343
9003,0.0028733119275420904,0.0002687545584942125
9004,0.0035533410962671043,0.0004322386684840264
9005,0.002761161420494318,0.0002460603112648305
9006,0.0024437096156179907,0.001373194355823814
9007,0.002354589467868209,0.0005607473168024563
9008,0.002504450036212802,0.0006029655278201075
9009,0.0026007233327254653,0.00042833355797633325
9010,0.0037380993925035,0.0003351874000469401
9011,0.0027946117427200077,0.0004146899588941118
9012,0.003462702529504895,0.0005166205746593745
9013,0.002912456252379343,0.0002920025806516817
9014,0.0032607210613787175,0.0006423445062852171
9015,0.0029379428923130037,0.0007964237593114376
9016,0.0027494359808042644,0.0005361460769638317
9017,0.0023057756014168264,0.00022400073465502068
9018,0.0028212726255878806,0.0003323881577521767
9019,0.0032962967362254857,0.0003623700850604944
9020,0.0032252171169966457,0.00011681433979029949
9021,0.002991360006853938,0.000316989310691771
9022,0.0022578680515289305,0.0003828822965223393
9023,0.002284590252675116,0.0002500816423378961
9024,0.002553766621276736,0.0004595134005409806
9025,0.0027379909809678795,0.00033244566193762657
9026,0.002460422203876078,0.00033668335925864237
9027,0.002828227784484625,0.0002463683452096781
9028,0.002698589414358139,0.00030458007368246376
9029,0.0023257417883723974,0.00019804795917716795
9030,0.0026020393148064613,0.00024359287416613468
9031,0.0022577584628015756,0.0010009865668819172
9032,0.0027322977408766745,0.0005235738636868406
9033,0.0029900156892836093,0.00043915674626214866
9034,0.002978785710874945,0.0005436820171020721
9035,0.0027590908063575624,0.002479668767255259
9036,0.002266953997313976,0.00075642780731171
9037,0.00260783601552248,0.001586683078554191
9038,0.0032694704830646517,0.0005029742548922762
9039,0.00277922154404223,0.0002696607272859905
9040,0.003154683327302337,0.0002869973995735588
9041,0.0028117163106799125,0.0002296916832102858
9042,0.003313956633210182,0.000243783056933739
9043,0.0029074260871857407,0.00024164255631908978
9044,0.0027558965561911464,0.0008176796326464781
9045,0.00211275739595294,0.00018976077641526314
9046,0.002210379932075739,0.0002213126711853563
9047,0.0025202064123004673,0.00031891073999696805
9048,0.003376126438379288,0.00020676119849468542
9049,0.0028857430443167686,0.0003087158483925135
9050,0.0025679919496178626,0.00039352198874526847
9051,0.0022064041253179313,0.0002473709782488223
9052,0.002114337938837707,0.00016952622506435808
9053,0.0021660361206158997,0.00032183550033488704
9054,0.0022595177870243788,0.00020224537839156205
9055,0.0028629947360605,0.0006569369930506058
9056,0.0021794534893706443,0.0008148638203051196
9057,0.0029854817572049796,0.0004102114242738175
9058,0.0032661015004850926,0.0005909687439171113
9059,0.0022535867523401976,0.00048639212275714905
9060,0.0021734262444078924,0.0004614204549460276
9061,0.0026148040778934956,0.0002038334999406911
9062,0.0022972875088453294,0.0006290326510517769
9063,0.0027564331656321885,0.00021556540920992368
9064,0.00260223725810647,0.0002513240053229136
9065,0.0035866254009306433,0.00026733580616315544
9066,0.002987911980599165,0.0004173987554043391
9067,0.0030651709064841272,0.00030755672814350015
9068,0.002861838876269758,0.0002258430000463156
9069,0.0027391970437020065,0.0001410069847611028
9070,0.0028811076097190382,0.0003185313564170254
9071,0.0022667746525257826,0.00028817887674723687
9072,0.002500191079452634,0.0005896719934479397
9073,0.0025334929022938013,0.0003328833861391328
9074,0.0024395793862640857,0.0002995398001374967
9075,0.00300514773465693,0.00021844510784793696
9076,0.0023856782075017693,0.0007795839863893104
9077,0.002349654440768063,0.000273339048088592
9078,0.0026823269901797174,0.0005411892851865658
9079,0.002701513171195984,0.00044618524317565847
9080,0.0025770035851746796,0.0003728959446275377
9081,0.0028694810171145946,0.0002829034614204493
9082,0.003171734758652747,0.0005231425426021291
9083,0.002518545975908637,0.0016201567989199946
9084,0.004175437921658158,0.00082113673553279
9085,0.0036146748811006547,0.00030747116208459214
9086,0.0031406723475083708,0.000445332138142102
9087,0.0019105753907933832,0.00013744341851808513
9088,0.0026659385953098536,0.0011090847698665442
9089,0.003592918618232943,0.0005456108451591269
9090,0.002560950457118452,0.0003487829754666476
9091,0.0024309356790035964,0.00048041325907720485
9092,0.0022423948626965283,0.0004118783542988439
9093,0.002830692883580923,0.0004498333907813752
9094,0.002324361992068589,0.0002736927644821675
9095,0.002611897913739085,0.0002257746655481217
9096,0.003107117349281907,0.0002868799492716789
9097,0.0025912025198340416,0.00028956066721361385
9098,0.0028510200791060925,0.000278057787473288
9099,0.0021794851683080195,0.0007491327793503257
9100,0.003586470549926162,0.00024928521023654976
9101,0.0027595367189496758,0.0004671702236383643
9102,0.003031745674088597,0.0007912117209642717
9103,0.0025441068690270187,0.00014283730307983056
9104,0.0024977646116167308,0.00018602573254611343
9105,0.0025997248105704782,0.0001370555200244855
9106,0.002485079662874341,0.0006750459122560816
9107,0.002614609207957983,0.00023168372249466763
9108,0.0030461113015189767,0.00019344225234219688
9109,0.002507090740837157,0.0006344174505338991
9110,0.002763191731646657,0.0003410802423724369
9111,0.0025430607935413717,0.0003286667107540655
9112,0.0022846120968461037,0.0008003541622438455
9113,0.00285119223408401,0.0008484930555935796
9114,0.0025215112417936326,0.0008697723427608813
9115,0.002957175567280501,0.0005017811614280082
9116,0.0026808110717684032,0.0002885252207020068
9117,0.00309120973572135,0.00040917188823797216
9118,0.0024728752300143242,0.0008425152994539232
9119,0.0023510596016421913,0.00022114705882826183
9120,0.0023374017234891655,0.0002005088120325762
9121,0.0027298967074602843,0.001315311088596713
9122,0.00253577196970582,0.0008588015462259111
9123,0.0027571904053911565,0.0004612918335574437
9124,0.0021471765101887287,0.00027491871191010083
9125,0.0028323918022215367,0.00021164267493749983
9126,0.003228980971034616,0.0011445105136435939
9127,0.0025528971292078494,0.0006162556365119574
9128,0.0027067663706839083,0.00043622761835624806
9129,0.0024723987933248284,0.0007069367637908826
9130,0.002220742367208004,0.00032619540244723633
9131,0.002779386602342129,0.00022925951395324137
9132,0.0020570895308628678,0.0004096039844364285
9133,0.0020996477175503968,0.0007445153697355561
9134,0.002607894726097584,0.00038861312340523997
9135,0.002430487941019237,0.0005212998534361385
9136,0.0023226726055145266,0.0005740604486176107
9137,0.002221757546067238,0.00046906970785803176
9138,0.0022710455534979703,0.00033620213140886634
9139,0.002846574615687132,0.0004952529354390931
9140,0.002380697694607079,0.000614691579918543
9141,0.0027696059411391615,0.0003555775723700756
9142,0.0025190462497994303,0.00030772141471441326
9143,0.0024827450886368754,0.00044508245518456584
9144,0.0025925741530954836,0.0006288366491128116
9145,0.0023620937997475265,0.0010962404154419695
9146,0.0023476783884689213,0.00044028171376414495
9147,0.0031357921566814184,0.0002613338205862905
9148,0.0028115640673786403,0.0016472401681088217
9149,0.002884085392579436,0.000633945920638587
9150,0.0022587114665657284,0.001386905015663129
9151,0.0019812155980616806,0.00026408539389655605
9152,0.0029212845582515003,0.001138343507653638
9153,0.0023559159319847824,0.0003591057834891628
9154,0.0022399699036031962,0.0005374816740697173
9155,0.0022412227187305687,0.0004953601890345653
9156,0.002366506485268474,0.00014924358700925153
9157,0.0023359818942844867,0.000833766428077568
9158,0.0027367766899988057,0.0005688532072195962
9159,0.0028873646445572378,0.0014061402618782979
9160,0.0024798128753900526,0.0005318446009904657
9161,0.002110449094325304,0.0007605698224386736
9162,0.0028317359089851377,0.0006558774629199546
9163,0.0024779808428138494,0.0007624132542756118
9164,0.002397168930619955,0.0003061104102863744
9165,0.00257622797973454,0.0007516285053722255
9166,0.0022010493464767935,0.00043529888123835196
9167,0.0029833746468648312,0.0008100765431937698
9168,0.0022762593906372787,0.0002781479916063278
9169,0.002890018029138446,0.0005666545635306161
9170,0.0030160599295049905,0.00042658060954960244
9171,0.003463605958968401,0.0004919344002750945
9172,0.002666503684595227,0.0005571422061870155
9173,0.0029992099152877927,0.0009011466738653101
9174,0.00227445550262928,0.0005193042462414182
9175,0.003102677660062909,0.0004957220070574382
9176,0.0022228146996349095,0.0006103771953996628
9177,0.002443308336660266,0.0009524114812686019
9178,0.0024644544068723917,0.00038861570208435493
9179,0.0020670524705201387,0.0006791483355711584
9180,0.0025127264764159916,0.0015883500981208397
9181,0.0026463810633867977,0.0006719589032462402
9182,0.002682140115648508,0.0004588346234650338
9183,0.0025123136211186647,0.00030074129618659666
9184,0.0029544312041252852,0.0003988944730212695
9185,0.0019366873055696487,0.00032594630355972236
9186,0.0021779174567200243,0.0003345675067976117
9187,0.0027814684389159084,0.0003499615600983268
9188,0.0023365566460415723,0.00025315994511626355
9189,0.0029079837631434203,0.00047151551084363295
9190,0.0023122236039489507,0.00025549676925723747
9191,0.0027160055888816714,0.000762700447685098
9192,0.0020936217810958624,0.0009995225054683955
9193,0.002480017701163888,0.0002090002331174655
9194,0.002396329082548618,0.0003340047200478307
9195,0.0031832167599350216,0.0012394990038432894
9196,0.002895315857604146,0.0011041443093284353
9197,0.0033277384378015995,0.0004918320225679303
9198,0.002716333451680839,0.0014473372170931264
9199,0.0033721121307462455,0.0009160507876153482
9200,0.00281619387678802,0.000822662296130845
9201,0.0023743074480444193,0.001169843768241675
9202,0.0023070707684382796,0.001329893418523955
9203,0.002991935727186501,0.00046736968343880916
9204,0.0023052090452983977,0.00028500577302534796
9205,0.002986235599964857,0.0010844015720466228
9206,0.0022244003228843214,0.0006295142245593749
9207,0.002445720755495131,0.0023657700480663613
9208,0.003249936746433377,0.0007896852896433987
9209,0.0022198715526610614,0.0006798896141197176
9210,0.001767880548723042,0.0002774028179286788
9211,0.002721689948812127,0.0008268924573538442
9212,0.002386997016146779,0.00038120022429510543
9213,0.0021638646861538292,0.0004930414414122599
9214,0.0027045665821060537,0.00032023046714291996
9215,0.002949917325749993,0.0006422730535906676
9216,0.0020952427852898837,0.00042427244535583544
9217,0.0024064172757789493,0.0007287977894844666
9218,0.0020826468523591755,0.0004767500492425202
9219,0.002423787899315357,0.0005004785250081387
9220,0.0023819062300026415,0.00031661118136731625
9221,0.0024212283454835416,0.0006873445100572011
9222,0.00239552988903597,0.0005602221082806689
9223,0.0024589247442781924,0.0004965227315750942
9224,0.0023207826633006336,0.0015819835259693943
9225,0.0037024605507031084,0.0003227451608886253
9226,0.002764836121350527,0.0005126025891314223
9227,0.003092411058023572,0.0008433470630074201
9228,0.0026969907060265543,0.0006121323589069692
9229,0.0027242545783519746,0.00022348510627698612
9230,0.002945956606417894,0.0004255663238151624
9231,0.002641397379338741,0.0006533628855895711
9232,0.002478656922467053,0.0004444488018036705
9233,0.003064059168100357,0.001912674790069665
9234,0.002321777888573706,0.00037180031059718093
9235,0.0027881862223148347,0.00020407432927877628
9236,0.0023586481995880606,0.0008644369934774833
9237,0.0023913043504580856,0.0005934994064960374
9238,0.0032445945776998996,0.00015139731063032268
9239,0.0024189973436295987,0.0003507652946696808
9240,0.003152280724607408,0.00024165629723913847
9241,0.002445652429014444,0.0006225238329322677
9242,0.0021846476104110477,0.0005363073464712664
9243,0.0024618435045704245,0.00012019692496622854
9244,0.0031739581655710935,0.00024054776131628361
9245,0.00248410508967936,0.00040114794663242894
9246,0.002801627963781357,0.0006408920760381303
9247,0.0031545007415115832,0.0006389713890799513
9248,0.0024509660806506873,0.0006769432093029561
9249,0.002205677463207394,0.0008426533138047751
9250,0.0028153718356043102,0.0010772169095604387
9251,0.0025324342912063005,0.0009763712216525861
9252,0.0020314067834988235,0.0006016343704437556
9253,0.0021654464025050403,0.0010874311564081948
9254,0.002260876102373004,0.0004625622141621497
9255,0.0027218049578368662,0.0012705501915300137
9256,0.0023137207748368384,0.0002900186123977071
9257,0.002064141393639147,0.00031241807450336237
9258,0.0023038901295512914,0.0017711199048192126
9259,0.0031158235482871533,0.00023354251876199134
9260,0.002255330844782293,0.0003610874880232835
9261,0.002063483614474535,0.0003741945802674259
9262,0.002980871672043577,0.0005134668851858133
9263,0.0020378790656104683,0.0008529016288788352
9264,0.0024204032309353353,0.00036814470403853243
9265,0.0028420889750123022,0.0006782726116784631
9266,0.0022009941982105373,0.0007106577259909413
9267,0.002597207808867097,0.00037025660396017746
9268,0.002870151810348034,0.0004001240360021132
9269,0.0017689259396865963,0.00042303910077077475
9270,0.002523200698196888,0.000259751271897423
9271,0.0025655060447752477,0.00036291708477632434
9272,0.0032103228755295276,0.0002164863893596379
9273,0.0031912949681282042,0.0009458338752491017
9274,0.0024388496531173587,0.0003237545815988584
9275,0.0023400407051667573,0.000574880274816429
9276,0.002715043653734028,0.0012766204531980704
9277,0.0016199047840200365,0.0007421433198431584
9278,0.002344795484095812,0.000676691712339549
9279,0.0023061270313337445,0.0002048662522798149
9280,0.002326878942549229,0.0005243147798329081
9281,0.0018781629810109735,0.0003352362027851074
9282,0.0017050179606303572,0.0010008631267725196
9283,0.002510334523394704,0.0004965150848426537
9284,0.0019138747453689576,0.00022423269756597608
9285,0.002547520454972982,0.0006697327105889785
9286,0.0029757763259112835,0.0004311573607145413
9287,0.0025747764017432927,0.001815290388026058
9288,0.0024169025477021933,0.0004961246382189941
9289,0.002875334993004799,0.0005455986988947612
9290,0.002611351376399398,0.001196317355569503
9291,0.002569124069996178,0.0005668163832200512
9292,0.0025970309879630804,0.0008674899868871251
9293,0.0025923899421468376,0.0005028365396779694
9294,0.0026984109822660684,0.001129296089981823
9295,0.0025361159443855284,0.000282899209271083
9296,0.002276403531432152,0.00029695142468769256
9297,0.0027449968084692954,0.000300320747381392
9298,0.002032119433861226,0.000477789037986814
9299,0.0026965641137212514,0.0006790059396984336
9300,0.0030905737355351446,0.0006419354076943781
9301,0.002341920784674585,0.000463136760055483
9302,0.003096319017931819,0.000297881083759122
9303,0.0030331519059836865,0.00015495920963250483
9304,0.0025169984251260757,0.0011421117663689671
9305,0.00228563227923587,0.0012276368470836992
9306,0.0024334951024502518,0.00029299676032379677
9307,0.0024730182951316236,0.00045872267204287383
9308,0.0025557297561317684,0.0003356438884447801
9309,0.0027771531627513468,0.0002620482670975696
9310,0.0020529740862548353,0.00034771235229141297
9311,0.002652090241899714,0.0006130378061828956
9312,0.002122170766815543,0.0003639498549315772
9313,0.0027890485897660256,0.001761434389252777
9314,0.0027087343484163283,0.00043654708312951946
9315,0.0026018189592286944,0.00046004507250522504
9316,0.0024430929031223057,0.00040726717848534863
9317,0.002068222272209823,0.00033428291917765796
9318,0.0026558059733361008,0.0012864658213539483
9319,0.002872957205399871,0.000715201315533829
9320,0.002512762825936079,0.00020221329381057916
9321,0.001966896541416645,0.00018779233405813065
9322,0.003029847270809114,0.0008433454044877666
9323,0.0022871323302388192,0.0003757135574195585
9324,0.0024413668876513838,0.0004703937459091994
9325,0.0028239037655293942,0.0007246904177208469
9326,0.0033641945384442805,0.0011748603277214585
9327,0.0023253664281219243,0.002261192866358651
9328,0.002667275322601199,0.00032811227241811685
9329,0.0024894486321136357,0.0005561791181768457
9330,0.002612190404906869,0.0004447808713263079
9331,0.002674196707084775,0.0004133204961425229
9332,0.0026426672842353584,0.00018589362447877248
9333,0.0019754263572394847,0.0004766639050938291
9334,0.0020120657794177534,0.0002610027484678702
9335,0.0021722899121232333,0.00032043074455418406
9336,0.0025436467863619327,0.0009310649395346233
9337,0.002538945246487856,0.00023787653142241888
9338,0.0021241364907473325,0.0005126715899279264
9339,0.0020384037028998137,0.0010712289981773659
9340,0.002461968893185258,0.00039220763180733913
9341,0.0027623044047504664,0.0007331656907646828
9342,0.0024602349940687418,0.0006331919887013835
9343,0.0023889526491984725,0.00047465276582268613
9344,0.0025003546942025424,0.001105829885178437
9345,0.002740467246621847,0.0002923165924248803
9346,0.002468527592718601,0.0012453759203932874
9347,0.0026880081743001936,0.00038615879060521926
9348,0.002600064408034086,0.0002528699238510318
9349,0.002644790867343545,0.00026874773620003085
9350,0.0029162413347512484,0.0021160781759870786
9351,0.0023619861016049982,0.00014156584005184115
9352,0.0027033547824248673,0.0002998019881986643
9353,0.0024364040582440794,0.0006461179207640457
9354,0.002266703387722373,0.002086362890797119
9355,0.0030532813956961036,0.0004024410696878825
9356,0.002367640668526292,0.00042548967997403176
9357,0.002781947189942002,0.00033836640746090306
9358,0.0030129769910126926,0.00021568829873863811
9359,0.002432963466271758,0.0006734331581767087
9360,0.0022199113806709646,0.0003847902423817001
9361,0.0024886236246675253,0.0005314097849792507
9362,0.002325768279843032,0.001011003689100481
9363,0.0020001798123121264,0.0003447366754001338
9364,0.002386292340233922,0.00036481244143494085
9365,0.0019858962623402476,0.00038687659791122154
9366,0.0025196729321032762,0.0015118685885881112
9367,0.0024823908228427173,0.00027479364059080865
9368,0.0024428203562274573,0.00024075491859398986
9369,0.0030842479970306157,0.00018135481095419916
9370,0.002314634281210601,0.0001999303811765595
9371,0.0022406402486376464,0.0002791293820137818
9372,0.002545575168915093,0.0004616695239323459
9373,0.001898679444566369,0.00039163184725386026
9374,0.0027266043704003095,0.00031946333881135877
9375,0.0024035171046853064,0.00021696821363859694
9376,0.002204972133040428,0.00018753405032067061
9377,0.0021884991601109505,0.0006445660917662493
9378,0.002313152123242617,0.000353595825376257
9379,0.0025854723807424308,0.0003025394246472151
9380,0.002517592650838196,0.0009024114194900206
9381,0.0021745552821084858,0.00025703238916570604
9382,0.0018858920969069004,0.0002819102601154567
9383,0.0023790507297962904,0.00015797130092248888
9384,0.0026837258087471128,0.00021562300098095926
9385,0.0026241957349702714,0.00034691658618936496
9386,0.0028460572008043527,0.0007230684748047018
9387,0.0025992046808823942,0.0004990123394136764
9388,0.002303457395173609,0.0005344629259014579
9389,0.0023751320969313382,0.00017609845868619606
9390,0.0025998583761975167,0.0002248066534090481
9391,0.0024310175236314535,0.0006699432245749113
9392,0.002261432437226176,0.0002820135324663955
9393,0.0021987429913133383,0.00041678071592947185
9394,0.002422244902700186,0.0005458874718847442
9395,0.0027249896712601184,0.00027826587248542536
9396,0.0022553021972998976,0.00126401291783797
9397,0.0020312956441193818,0.000556303508745583
9398,0.0025565733900293707,0.0005892216505431762
9399,0.002175523415207863,0.001706129338668838
9400,0.002206644853577018,0.000296463029321972
9401,0.0019172945432364941,0.0005052993568425921
9402,0.0019634530367329717,0.0002904805603551946
9403,0.0022142325108870865,0.00020660690772697992
9404,0.0026542789209634066,0.0006255702612353872
9405,0.0030270485300570725,0.0019355778652562262
9406,0.002789359297603369,0.0008410726680280003
9407,0.002341058487072587,0.0004775349628052687
9408,0.001969318022020161,0.00021153512193138827
9409,0.0022717880457639693,0.00015859123666889165
9410,0.001994210577104241,0.0002317463101823942
9411,0.0026998431468382477,0.0011336149373538283
9412,0.002692108880728483,0.00047249189890563896
9413,0.002303983843885362,0.0011005618701982376
9414,0.0023592465603724123,0.0008043963876744248
9415,0.0025616825837641954,0.0010083422626126302
9416,0.002365757757797837,0.0006234381628567225
9417,0.002549491045065224,0.00034431623189697325
9418,0.002249599569477141,9.913119750196267e-05
9419,0.002481717187911272,0.0006191302720801777
9420,0.0021874219039455054,0.0005407023450123682
9421,0.002527801617980003,0.0002947739004125589
9422,0.002004483221098781,0.00024904166928361716
9423,0.0024067545775324104,0.0007150144482108012
9424,0.003311940059065819,0.00039708433108251185
9425,0.0023795745009556413,0.0003594237472224113
9426,0.0020999801997095345,0.0008780901457425462
9427,0.0020629915525205433,0.00040821769722890466
9428,0.0022179988585412504,0.0002485755944378556
9429,0.0025027356622740627,0.00030881758541672505
9430,0.002725643985904753,0.0003458682263480525
9431,0.0016580120846629142,0.0006697745467472362
9432,0.002357335668057203,0.00035474945795849883
9433,0.003076894865371287,0.001218427430315275
9434,0.002117370991036296,0.0004141295180426375
9435,0.0022863493487238883,0.0007834014887857722
9436,0.0024145974311977625,0.0004543791902219647
9437,0.0029561623325571416,0.00044995271249942176
9438,0.002242202847264707,0.0004551415275846136
9439,0.002256109775044024,0.0005222458299887303
9440,0.00228963615372777,0.0006987066486569708
9441,0.002115299142897129,0.0011969066738495475
9442,0.0024166399613022803,0.0002898865667241944
9443,0.002101588137447834,0.0008639053183237779
9444,0.002278514197096229,0.00034812312614657494
9445,0.0022321779653429984,0.0004642059080053937
9446,0.002231322389561683,0.0011758372898864216
9447,0.0022832710249349477,0.0003810702274515204
9448,0.0026450230507180095,0.0013306411876253886
9449,0.0025327133806422354,0.000664999891129922
9450,0.0018186780670657755,0.0006592969556836641
9451,0.0028147198958322407,0.0003665749052195006
9452,0.00283027064986527,0.0002924283473650376
9453,0.0022721878439188005,0.0010523255978238909
9454,0.00214780377689749,0.00038536950349425
9455,0.0024843152472749353,0.0003284345075371675
9456,0.0023179040709510445,0.00045207252387875974
9457,0.0020202407613396645,0.0011921726543558378
9458,0.0024356267042458055,0.0007766411170899255
9459,0.002460866887122393,0.0005120222762941498
9460,0.0022751577431336044,0.000279137031063565
9461,0.0025517447013407944,0.0006781828028392301
9462,0.002332207662984729,0.0005146406506417855
9463,0.00266718537081033,0.000281964316493704
9464,0.0026785788778215646,0.00038659834924508016
9465,0.0017292378516867756,0.0015298202155438595
9466,0.0030097471550107,0.0008074667126144448
9467,0.0023566779028624295,0.0011774166423368128
9468,0.003192773824557662,0.000487419177797202
9469,0.0020549716986715794,0.0005447011957685016
9470,0.001916372487321496,0.0004318650390901794
9471,0.0022124757245182993,0.00116464618134172
9472,0.002714692773297429,0.0010464346029936042
9473,0.0031550949905067684,0.00043326583595257507
9474,0.0019275576993823052,0.0003416979907093289
9475,0.002442686022259295,0.00031123702392007595
9476,0.00248657526448369,0.0011313037407801373
9477,0.0024782156245782973,0.0008431291877457949
9478,0.002313725119456649,0.00037779381230779706
9479,0.002562967287376523,0.00024893580420000145
9480,0.002706506699323654,0.0005091870895727244
9481,0.002833829829469323,0.00047401956414918684
9482,0.002077491418458521,0.0005894114059230236
9483,0.0022322911024093626,0.00039103356937954383
9484,0.0025985166989266873,0.0013667581928256032
9485,0.0021758872084319592,0.0006856190755146823
9486,0.00220669349655509,0.00022234191240149564
9487,0.0021929222159087656,0.00021432109746431346
9488,0.002358931414783001,0.00039566255793332646
9489,0.0023043930856510996,0.0003780009430731098
9490,0.002250428032130003,0.00018100088355785287
9491,0.0027517652790993454,0.0002802810934691192
9492,0.0024212395073845983,0.00020837290324143148
9493,0.002561605661176145,0.0005238513567497673
9494,0.0024551472440361975,0.0008590148095271154
9495,0.0024192608380690216,0.00031996820814116566
9496,0.0025494161248207094,0.0004815404424571419
9497,0.002285951552912593,0.00039276019438833304
9498,0.002130516842007637,0.00041125275948952425
9499,0.0017443358968012035,0.0005353466473672896
9500,0.002445318605750799,0.0013777673187066024
9501,0.002151191351003945,0.00022877622411701166
9502,0.002406426351517439,0.0004529426151835551
9503,0.0025529083982110024,0.00019588688813462497
9504,0.0024740873044356705,0.00022972410663410985
9505,0.002595678879879415,0.00021449962016099376
9506,0.002249877410940826,0.0005183677142804922
9507,0.0021897644689306615,0.0006819225278402334
9508,0.001930176478344947,0.00036615316201103466
9509,0.002208640603348613,0.00044351556634989706
9510,0.0029823860246688126,0.00037405362722706304
9511,0.0021514925826340912,0.0010453235622725054
9512,0.0021004587877541782,0.0005492250361696702
9513,0.0018923762533813715,0.0011512285532200173
9514,0.002047847923822701,0.0006750435648128799
9515,0.0024661033879965545,0.0005892668436090015
9516,0.0020577784115448595,0.000997917115854176
9517,0.0022408734960481526,0.00019226418186157738
9518,0.0022295053815469144,0.0013739083262083874
9519,0.002312400871887803,0.0002784379510757552
9520,0.002787612145766616,0.0006169095246299897
9521,0.0021121362922713162,0.0008430604277535864
9522,0.0024808951327577235,0.00013199109790012662
9523,0.0021958447340875865,0.00017922713685611722
9524,0.0012661227188073098,0.00026940912158190185
9525,0.00261860276106745,0.0005172870125085728
9526,0.002402594741433859,0.0005337670014864982
9527,0.002061773771420121,0.0005632191776833816
9528,0.0020606009289622306,0.0002866135707821965
9529,0.002323765195906162,0.0011096252319849518
9530,0.0020704685128293933,0.0002596075311685874
9531,0.0023586536850780247,0.0004105317942185761
9532,0.0026667938102036713,0.0022491468339903304
9533,0.002559271352365613,0.000328448858217349
9534,0.0019057293422520161,0.0005730810361493328
9535,0.0022973148617893456,0.0003880014976371743
9536,0.0018264244683086873,0.00039937597546369245
9537,0.0020804542768746615,0.0007723579326746603
9538,0.0021928853867575525,0.0002936239261419372
9539,0.002103150924667716,0.000393276280653344
9540,0.0024522729543969037,0.0005348856865479419
9541,0.002429030267521739,0.001074706512018528
9542,0.0023442521831020715,0.0004963903852948945
9543,0.0016780514363199473,0.0004984643740885674
9544,0.002738679042086005,0.0003048753145004125
9545,0.0024285043636336923,0.0004667691680704792
9546,0.0019434530241414904,0.0003753124611860473
9547,0.002527178255841136,0.00013775121548349813
9548,0.002003811653703451,0.00010167496883982556
9549,0.0027621918870136142,0.0006180990715383565
9550,0.002375145424157381,0.0005604281025108782
9551,0.002219232590869069,0.00035624700432566745
9552,0.003118963111191988,0.0010089230506795726
9553,0.0020842554140836,0.0004383443172204576
9554,0.0023033467028290033,0.00020894166778841642
9555,0.0023393392795696853,0.00021019898550760332
9556,0.0021250195428729056,0.00038256723240770603
9557,0.002296683934982866,0.00036564566536283454
9558,0.0015907751861959697,0.0005073571826446138
9559,0.002411301014944911,0.0002198969731617668
9560,0.0024518049554899334,0.00020363376645709402
9561,0.002518509943038225,0.0001464274325483791
9562,0.0020822618855163453,0.0003505334794706321
9563,0.00216262495610863,0.00011194534907763351
9564,0.002112972759641707,0.0002479659597281158
9565,0.0025385406985878943,0.00018675230229783752
9566,0.0020762336812913417,0.00036076468308711396
9567,0.0023203246435150506,0.0005276691613476469
9568,0.0018638465460389852,0.00022052372335328735
9569,0.0023393007228150963,0.00037461325877775876
9570,0.0018713317019864917,0.0008133871461685798
9571,0.002454758919775486,0.00036153183733304476
9572,0.0017634043912403286,0.0008816466960188461
9573,0.0021235149959102275,0.000911289765435743
9574,0.0019463450741022826,0.0004884644534298513
9575,0.00212389521766454,0.00045870271214756045
9576,0.0019646486127749083,0.0004768078127710072
9577,0.0019118742877617478,0.00016923077015384828
9578,0.001968879261985421,0.0003806510497656434
9579,0.0020816906820982695,0.0004363333485854713
9580,0.0021893488662317394,0.00028172697807037853
9581,0.0020849917363375426,0.0007180610435619338
9582,0.0017889856081455945,0.000273741088502192
9583,0.0020136738871224225,0.0011927344268570616
9584,0.0024965721927583217,0.0002909520023409915
9585,0.0018475355580449104,0.00031958034936632095
9586,0.0021993285417556763,0.00037310475464399955
9587,0.002356217463966459,0.0005071721038117699
9588,0.0020932754315435885,0.0009063082629151337
9589,0.0018953577056527139,0.0006717790623055133
9590,0.0022616125363856556,0.0008200958549772223
9591,0.0021447046287357808,0.0008130996593286934
9592,0.0021910263877362012,0.0004250577416538886
9593,0.0023445175029337406,0.0004363238559525511
9594,0.002298109903931618,0.0003843361301322098
9595,0.002705334909260273,0.00025642340805872714
9596,0.002483809553086758,0.0005470254930527243
9597,0.0021372308279387652,0.0007761657821677931
9598,0.002208539973944426,0.0007308002621930552
9599,0.002359038661234081,0.0008236998500787232
9600,0.0019835041742771865,0.00035914259066499056
9601,0.0027176046650856734,0.001015549302356292
9602,0.0023609958903398364,0.00043910158458620324
9603,0.0021656600618734957,0.0003045996666402709
9604,0.0025449633272364735,0.0006480546594814282
9605,0.001834566118195653,0.0008191381651295783
9606,0.002065305970609188,0.0004661743328204914
9607,0.0020177813991904257,0.0006591298199603206
9608,0.002457430395297706,0.001087601861138254
9609,0.0025950374454259875,0.0006039286389538687
9610,0.0020902678556740284,0.0007567929170949206
9611,0.0023837285791523753,0.0011076602466047218
9612,0.0018878428707830607,0.00032478802732179224
9613,0.002127507012337446,0.0004894597422369845
9614,0.0024866317585110665,0.0016894942557770913
9615,0.0024569160863757134,0.0006365441041041727
9616,0.0022341310419142246,0.0005828923368762719
9617,0.0024591993214562536,0.0010784050251982393
9618,0.00208562130574137,0.0003473690036390844
9619,0.0022923668613657354,0.0008632105915513757
9620,0.002122003249824047,0.00042132785454494494
9621,0.0021630950388498603,0.0004140249515679499
9622,0.001973659871146083,0.000930440602568935
9623,0.0023357147956267,0.0005842104852390922
9624,0.0019500949792563916,0.0004131551905716961
9625,0.0018257616786286235,0.0006631224030271581
9626,0.002246388280764222,0.0001994740011954715
9627,0.0020352862437721343,0.0003464309927650204
9628,0.0020974624436348676,0.0006225187114554725
9629,0.002632805295288563,0.0008423355557917528
9630,0.0018641098216176032,0.0004053668881294458
9631,0.0023033625818789007,0.0002832324312854724
9632,0.002475103633478284,0.0005488297575127895
9633,0.0018243152927607297,0.0003104846775436085
9634,0.002253615342779085,0.00018469196718747484
9635,0.0018695728783495724,0.0012363334575489367
9636,0.0018881530594080686,0.0003677126445188761
9637,0.0025098852813243864,0.0008536938574700935
9638,0.0021427425439469517,0.000180690635030783
9639,0.0028062729770317674,0.00015160217618072176
9640,0.002770410589873791,0.0008307453037609589
9641,0.002439172305166721,0.0002990647606640952
9642,0.0019950074469670654,0.0004661480133893759
9643,0.001966247069649398,0.00039809623379132724
9644,0.0020093055721372368,0.0008653312880061056
9645,0.0022286595962941647,0.00163439498282969
9646,0.00192624575458467,0.00135750020535229
9647,0.001790475775487721,0.0008009521399101574
9648,0.0024444412998855113,0.0007784827819655407
9649,0.0019796684524044394,0.0003332239272685288
9650,0.0022333738068118694,0.0007170518726263552
9651,0.0020494429301470517,0.00026091016360163077
9652,0.0018678782833740114,0.000392360896612071
9653,0.001759373703971505,0.00022841914553332386
9654,0.0021177917765453458,0.0012580712727743061
9655,0.0022282084822654725,0.00026211074644329717
9656,0.0016531588160432875,0.001212362354710596
9657,0.002367582619190216,0.0006495856198367395
9658,0.001532455338165164,0.001007914029648655
9659,0.0018922946136444808,0.0003420305629707363
9660,0.0025572793325409292,0.00093076722249899
9661,0.002000119211152196,0.00026473365580561024
9662,0.0021940382616594434,0.0019619796354936
9663,0.0031476699886843562,0.00038815429075365914
9664,0.0027829408366233112,0.0010075305065471833
9665,0.002159554362297058,0.00043837916447257957
9666,0.001745217298157513,0.000831784141466838
9667,0.002702958807349205,0.0006254914723821495
9668,0.001903752228245139,0.0010985062243927218
9669,0.0019345600623637438,0.0012801870008394734
9670,0.002063772934488952,0.0002993044449608097
9671,0.0022178230248391627,0.0010541151883718494
9672,0.002707191393710673,0.000663615015258834
9673,0.0023013417981565,0.0005633082617176314
9674,0.0018378425016999246,0.0002838734785343635
9675,0.002087156269699335,0.0015349982765643564
9676,0.002198976327199489,0.00032409253906560677
9677,0.00233484014403075,0.00031091178024238717
9678,0.001929123573936522,0.001502049771099262
9679,0.002528035147115588,0.00039956575715659214
9680,0.0020112467696890234,0.000716828967584935
9681,0.002291375445201993,0.0007412485771952834
9682,0.0027586657367646692,0.0010250392162611018
9683,0.0017644827743060886,0.0010838025418582233
9684,0.0027111408114433287,0.0004920273252674346
9685,0.0021335337031632663,0.0008875767250660143
9686,0.002410068400204182,0.00038292106202714247
9687,0.0020743731688708067,0.0007432199558498312
9688,0.0019444266846403479,0.00038378986718184125
9689,0.002338378569111228,0.0005276872615380952
9690,0.0022155601531267167,0.0004913561358690671
9691,0.0018604584923014045,0.00043171259801043837
9692,0.002025495539419353,0.0005971882253094282
9693,0.0016777571197599173,0.000816803173583052
9694,0.0019030206417664885,0.0009692204966248102
9695,0.0017699591210111976,0.0010094903058640353
9696,0.002047625076957047,0.000625109545605844
9697,0.0020216105505824087,0.0007247573357994018
9698,0.001963937790133059,0.00047473982135982137
9699,0.0017484684474766254,0.0004890271732009539
9700,0.0019017194816842676,0.0009056312583820665
9701,0.0022644313611090185,0.00038766532407575986
9702,0.002441569012589753,0.0003599917862168832
9703,0.0019899137085303666,0.0008653906087888635
9704,0.002829115097410977,0.0003434168553112987
9705,0.0026633739192038776,0.001503476981481869
9706,0.0022145251370966432,0.0004702813282277282
9707,0.0019561464712023733,0.00027347133376903526
9708,0.0017471059039235114,0.00025092237166524545
9709,0.0018869350571185351,0.00036294978432523166
9710,0.0018898310512304305,0.0004393804654134565
9711,0.0022412990173324944,0.00037065521759708245
9712,0.0016927707195281982,0.0005022417419041469
9713,0.0018427683878690004,0.0006710937970687878
9714,0.0019230724172666668,0.001322731621282762
9715,0.0024547900469042362,0.0006973807100359707
9716,0.002926554400473833,0.0008315415925359073
9717,0.0021062123402953146,0.0007171759841172662
9718,0.0020094103226438163,0.0009256888480780467
9719,0.0021635448886081574,0.0004178674465798046
9720,0.0024515127250924707,0.000509463611046133
9721,0.0019740317994728683,0.0002800941595660956
9722,0.0022206243593245745,0.0008076281025240275
9723,0.0023798158206045626,0.00039426700294987386
9724,0.002456823829561472,0.0003882118122818025
9725,0.002170852730050683,0.0009081377201292613
9726,0.002068628752604127,0.000980009296143504
9727,0.002367164818570018,0.0004552861203480199
9728,0.0018792194407433271,0.0010037297248993427
9729,0.001988153737038374,0.0008008480103916093
9730,0.001897480394691229,0.00027897883220958487
9731,0.001803606292232871,0.00113330904572998
9732,0.00246338527649641,0.00036218066537140373
9733,0.0018456090008839964,0.0008297700766627102
9734,0.0021659203874878586,0.001397542553405239
9735,0.0018231555353850127,0.0003350261229645359
9736,0.001978058717213571,0.0009828411179837095
9737,0.002035048883408308,0.0009492032169300603
9738,0.001832048064097762,0.000918564697638256
9739,0.0020036746328696608,0.0009980766574711833
9740,0.002582644443027675,0.0005850370148872983
9741,0.0024997377954423428,0.0005840973694145374
9742,0.0023640343872830274,0.0006016867262413343
9743,0.002352966098114848,0.001324426858009745
9744,0.0022265012934803963,0.0007775424395955793
9745,0.0026344014145433903,0.00025079571498455865
9746,0.001974536327179521,0.0002736833360371473
9747,0.0018969003111124038,0.0003293338248686393
9748,0.0019561646319925783,0.0002719542607250432
9749,0.0022195914248004556,0.00035267221750946687
9750,0.0018037525098770857,0.0009615020076935626
9751,0.0022468693228438496,0.0004010115585079391
9752,0.0020907625276595353,0.000489520046171056
9753,0.0023710055369883776,0.00043066469421531
9754,0.0028325209859758615,0.0002880613722245222
9755,0.0018788216332904994,0.0006460453852475302
9756,0.002394009232521057,0.0009385711267871196
9757,0.002163912672549486,0.001616374675618255
9758,0.001898438069038093,0.00035707073920878443
9759,0.0019789835950359703,0.00028475808069007856
9760,0.0015057590510696172,0.0005923169330145194
9761,0.0022169592208229004,0.0013209600671360345
9762,0.0024452731758356095,0.000325917561334392
9763,0.0017293462157249452,0.0005249747191555798
9764,0.0020388141972944142,0.00038851733273214165
9765,0.0018431745888665319,0.0006752667026849438
9766,0.0020860266499221325,0.0007642267306960405
9767,0.0018972843734081834,0.0006220247038346651
9768,0.0016974911279976368,0.0005283402629860051
9769,0.002156935408711433,0.00023468619683751047
9770,0.0021956094447523355,0.0003548632415764238
9771,0.0023589187115430833,0.00034628408121372485
9772,0.002622733470052481,0.0007055866458670121
9773,0.0021546026691794395,0.0004936873925569122
9774,0.001940875854343176,0.00037775022209556584
9775,0.002717034351080656,0.0007770612121444859
9776,0.0025224947556853295,0.00021138758839784615
9777,0.002657042243517935,0.0003628980743934796
9778,0.0019921680702827873,0.0005814418131294214
9779,0.0020185044733807443,0.0004505839347137674
9780,0.0018517846846953035,0.00029908618666486786
9781,0.0019501602835953235,0.0011136614787711264
9782,0.001897750534117222,0.0005353272873397968
9783,0.0015686509339138865,0.0004775570314824071
9784,0.002171439193189144,0.0002717364962971833
9785,0.0017173493281006813,0.0009425702737644315
9786,0.0019262020010501145,0.0005868110990738624
9787,0.0023674777429550887,0.0002197501845791384
9788,0.0020165956765413285,0.0003172125019873046
9789,0.0019102300237864257,0.00020105516847401654
9790,0.0019621824380010367,0.000526119613611739
9791,0.0021719501446932554,0.0002854763265469507
9792,0.002095336760394275,0.0005181370931358574
9793,0.0021157566807232797,0.0004282342357726844
9794,0.0014612516667693854,0.0007109942970389168
9795,0.001927788737230003,0.0007527215830496933
9796,0.0023180806124582887,0.0002323203535362989
9797,0.00238074547611177,0.00045702657391227884
9798,0.0016994468751363456,0.0011226112845876854
9799,0.001835042000748217,0.00038974901002653147
9800,0.0023561288975179197,0.0012374301345329988
9801,0.0020012082811444996,0.0002041124062587137
9802,0.0020927817607298495,0.00025542746800355206
9803,0.001986310249194503,0.0006435073845165029
9804,0.0018183662416413426,0.0003221646088417875
9805,0.0026010651607066395,0.00033230681374209794
9806,0.001680254088714719,0.0009892225769437748
9807,0.0021744791511446237,0.00028420916968982106
9808,0.0021932244393974543,0.0010496010152265837
9809,0.0020003265189006926,0.0004381387118148069
9810,0.0020108290947973726,0.001310651777439738
9811,0.0024308293173089623,0.000781706744830494
9812,0.002376634543761611,0.000952127719719014
9813,0.002168951900675893,0.0009045264211623636
9814,0.0022265539318323136,0.0004512160140957224
9815,0.001951155257411301,0.00043663179760237465
9816,0.0020248881820589303,0.00031538217086089803
9817,0.002103519306983799,0.0006480230431531696
9818,0.0013649564050137997,0.0005971081172154374
9819,0.0020844404678791763,0.00028999566273167344
9820,0.002287492901086807,0.0004121816385384292
9821,0.0019518952537328005,0.0003021006824844198
9822,0.0019958678958937525,0.0006675981591162208
9823,0.0021511501725763084,0.0012391588765464417
9824,0.0027199423382990064,0.0004289248904009184
9825,0.002151371776126325,0.0003254652192356856
9826,0.0023075408255681397,0.0003573075148168543
9827,0.001826668493449688,0.0005116724865255903
9828,0.0022848671115934848,0.0010989255013505686
9829,0.0020965941715985537,0.0003333869047322604
9830,0.001901481244713068,0.000299329071685238
9831,0.0018084664549678565,0.00046888544233771013
9832,0.002492956970818341,0.0003101691114875705
9833,0.0022172880778089164,0.0003430918907612715
9834,0.001780461841262877,0.001427068585555439
9835,0.0022896044538356364,0.00040544725456976725
9836,0.002081113774329424,0.000983092598999812
9837,0.0019104059599339962,0.0015465427406948723
9838,0.002806843612343073,0.0003375095867054307
9839,0.002931220130994916,0.00020409442507502405
9840,0.0022424621134996413,0.0014110573037999542
9841,0.0019396681757643819,0.00046912559319274783
9842,0.001994676450267434,0.0003858819804856018
9843,0.0019327972526662052,0.0008440288246213777
9844,0.001824561576358974,0.00038454642085588144
9845,0.0024269505776464938,0.0016644546723835272
9846,0.0020286429719999434,0.0005379686911896586
9847,0.001745970044285059,0.0005746135673141235
9848,0.0023710244381800294,0.00043862894151921143
9849,0.001799039114266634,0.0002992465304312845
9850,0.0021535630198195577,0.0011909623719649773
9851,0.0022143285721540453,0.0006994290344340548
9852,0.0021029029320925475,0.000774363452913112
9853,0.0019924597954377532,0.00018082308043344648
9854,0.002465044017881155,0.0007010117836602747
9855,0.0018999627372249962,0.0002169892002911345
9856,0.0020500790001824498,0.0002470855080452429
9857,0.0017565615940839051,0.0007058757792660737
9858,0.002125340597704053,0.00028105871193748834
9859,0.0016060946928337216,0.0005826445532426851
9860,0.0019296239456161857,0.0005063250085198614
9861,0.001644106674939394,0.00043501439607982866
9862,0.002045783651992679,0.0012986921379980567
9863,0.0020019651437178255,0.0006350890274019274
9864,0.0021358130546286704,0.0005036820434289027
9865,0.0019421268859878182,0.0002823952937894182
9866,0.0019453729828819632,0.00020832275534814147
9867,0.0021167691890150307,0.0013131556987813482
9868,0.002194137331098318,0.0005351720251819145
9869,0.0014980605244636536,0.0009051960245514773
9870,0.0021287219412624834,0.0006756116955043518
9871,0.0015738013479858638,0.0010844752517822263
9872,0.001687641148455441,0.0008871411690998771
9873,0.001681240415200591,0.00031816378759685904
9874,0.002139251562766731,0.0004648801261457066
9875,0.0023846472706645725,0.0004080032346904125
9876,0.0019670707546174527,0.0009554042767937461
9877,0.0016120553901419043,0.0005998691952187721
9878,0.00204039101023227,0.0006887715673456862
9879,0.0018837396427989006,0.0008583869035547115
9880,0.0017060800408944489,0.0005469019038360311
9881,0.002243597554042935,0.0008031173213703992
9882,0.0022996066510677336,0.0014271587898878203
9883,0.0020747289014980195,0.0010119653562058325
9884,0.0021734119206666945,0.0003774010309987791
9885,0.0019218791462481022,0.000623550926245851
9886,0.0018360116519033909,0.0002858540038151622
9887,0.0017659203009679914,0.00026328876723809655
9888,0.002064726147800684,0.0007946965131551436
9889,0.002584981215186417,0.0004544036968432571
9890,0.001991394958458841,0.0005587728180578106
9891,0.0019716201489791275,0.00040580800372456543
9892,0.0018046168610453607,0.0007138569258816846
9893,0.002050793217495084,0.00044334521804209034
9894,0.002114130356349051,0.00021981614743907975
9895,0.0021956389024853705,0.00035945030745782264
9896,0.0022094001900404693,0.0005433359829236893
9897,0.0018670088099315763,0.0003026186636878713
9898,0.0017119360016658901,0.0012305788313076921
9899,0.0019339240621775388,0.000622660923136832
9900,0.001809334196150303,0.0005185638924371706
9901,0.0016224736999720336,0.0001887830128982561
9902,0.001887342925183475,0.00026891165698419186
9903,0.0018676391895860434,0.0004115309765600689
9904,0.0019190340116620064,0.001277291164924837
9905,0.0014828825672157109,0.000433492847424868
9906,0.0021278526540845634,0.0007012836038683579
9907,0.0022260830318555237,0.0005984479905909872
9908,0.001832014061510563,0.0010349722451543156
9909,0.0019954431732185185,0.00032151959739204445
9910,0.0021167627768591047,0.0002832802296424769
9911,0.0018113828217610718,0.00036902541385593583
9912,0.001467551253736019,0.0002906997836623915
9913,0.0024308550637215376,0.0006831436456270414
9914,0.001820808770135045,0.00046702413277521933
9915,0.001535448804497719,0.0011560435244201185
9916,0.002731049293652177,0.00048548053656640935
9917,0.0019757623132318257,0.0005711502130845026
9918,0.0022311325185000895,0.0003753517467785433
9919,0.0021108439401723443,0.0004428697826519404
9920,0.0019122863467782737,0.001397416627111092
9921,0.002261614413000643,0.0007601412816917243
9922,0.0020825455104932188,0.0007523144531535776
9923,0.0022307872958481313,0.0006589552272774585
9924,0.0019387047761119903,0.0005294581443033092
9925,0.0017566340789198875,0.0006190058631720404
9926,0.0020857374090701344,0.00027458916026748054
9927,0.001620102822780609,0.0005393124549101069
9928,0.002077177269384265,0.0017067556881843365
9929,0.0016209720121696592,0.0004968910592876069
9930,0.0017830265127122401,0.0006674458193018624
9931,0.001727733383886516,0.0003725396754692168
9932,0.001990875843912363,0.000370206897009853
9933,0.0017927111964672804,0.000280064165477373
9934,0.0015550655499100684,0.0008782577391535248
9935,0.001812531570903957,0.0004916376616065837
9936,0.0015723231621086596,0.0017103847333115258
9937,0.0017888592649251223,0.0005795752505248744
9938,0.0018829177599400282,0.0010152955089810572
9939,0.0020967635908164086,0.0007269004015379572
9940,0.0026234403252601624,0.0014958492933121854
9941,0.002002055747434497,0.0005978793990224191
9942,0.0019334995793178677,0.0005488835900307518
9943,0.0017656281962990762,0.00035741354844354297
9944,0.0020605220273137094,0.0006787084746302092
9945,0.0018902191473171115,0.00019366420448234636
9946,0.0018650662200525403,0.00048797242726161057
9947,0.0018882827879860998,0.00036239256238730703
9948,0.0016842534998431802,0.0013384761556676807
9949,0.0021718076337128877,0.001012369800575894
9950,0.0023764902423135934,0.0005324655738722993
9951,0.002190464800223708,0.00040791379861941895
9952,0.0017203321564011275,0.0002198232543552677
9953,0.0021695118630304933,0.0016427058854127582
9954,0.002094627106562257,0.0002940714037147899
9955,0.002132435073144734,0.0004580300867442705
9956,0.00205585315823555,0.000299178280354133
9957,0.0019978314824402334,0.0008508040480417748
9958,0.001853863005526364,0.0003144771178820719
9959,0.001863706479780376,0.0001832655874600838
9960,0.001965359312016517,0.00018225094400767288
9961,0.0020856426097452642,0.0001831462306579677
9962,0.001705116592347622,0.000649515224448469
9963,0.0017265918944031,0.00037841577272645314
9964,0.0018521021911874413,0.0003808967726088244
9965,0.0016076636593788862,0.00042572286863466855
9966,0.0017257233895361422,0.0003718274712486014
9967,0.0019552892725914718,0.0008071753410112164
9968,0.002362303687259555,0.0007297927370192866
9969,0.001972191100940108,0.00037115627651785384
9970,0.0019213186018168925,0.00040236335488559344
9971,0.0018455630354583263,0.00037094264941876884
9972,0.001806895202025771,0.0011580005967479251
9973,0.002098293863236904,0.0007075332934419587
9974,0.0019291398534551263,0.0004644559836652997
9975,0.001928790952078998,0.0006318043132810152
9976,0.0020097982697188854,0.0003122671972561551
9977,0.0018695723917335272,0.0003344849635502451
9978,0.001679274900816381,0.0008206930496308902
9979,0.0022083563823252915,0.00024088060647593684
9980,0.0019522342830896378,0.0003376349508570992
9981,0.002048069112934172,0.00044456253239680846
9982,0.0017310580611228942,0.0004239286709104805
9983,0.001456142170354724,0.00044457240935976376
9984,0.0021661135694012045,0.0004586207103111768
9985,0.0017290352564305067,0.00045444700972189844
9986,0.001601951182819903,0.0004803314143217692
9987,0.001707985713146627,0.000609241073555632
9988,0.0018525161873549224,0.00044017921087064155
9989,0.0016240050084888936,0.0003718773265088564
9990,0.001786796934902668,0.0009686839017277099
9991,0.002375131035223603,0.0011367346734216769
9992,0.0018283774191513657,0.000725577406789342
9993,0.001639550649560988,0.0004967707320920205
9994,0.0017988805333152412,0.0006195406416711742
9995,0.002108234893530607,0.0007270943064063991
9996,0.0019522235775366425,0.0005069910102102855
9997,0.0017990420060232282,0.0007837034701305913
9998,0.0018808813439682127,0.00027306910168877103
9999,0.0017247665720060467,0.00048379239320040564
10000,0.0018123156717047095,0.0003590303056949928
