epoch,train_mse,validation_mse
1,2.0374054560500583,0.6420870491049506
2,1.1029131379020347,0.45105968009341846
3,0.9062947452291568,0.4613981884480877
4,0.7840490470664778,0.42131540992043237
5,0.7056859827666694,0.39850095998157153
6,0.6813944781317693,0.3957093754275279
7,0.6592754188101836,0.39364986324852164
8,0.53103513686398,0.3804133263501254
9,0.5387840369220976,0.3908544803376902
10,0.5579308343960552,0.3962325610866008
11,0.5384303839242414,0.3909417383626781
12,0.48321501146095075,0.3976562603334473
13,0.46730677521184144,0.37926073029468005
14,0.4608729850040393,0.40159993491728196
15,0.44646005594775023,0.3835394424809651
16,0.44829050699869794,0.3857677858111195
17,0.44243819481424623,0.38405225425958633
18,0.48871815461344487,0.38048587485470553
19,0.42211081762885333,0.37429644051007926
20,0.43126332692885666,0.3697342064062303
21,0.43803913204857475,0.36214362508194015
22,0.4198923461446155,0.3674172940240665
23,0.47238379917787704,0.37553107873959973
24,0.3947014171867335,0.36316228099167347
25,0.37978938087988434,0.35416886983016
26,0.4187193814288364,0.3611168515953151
27,0.3803816714536831,0.3598592034117742
28,0.3771167170912139,0.3433178015984595
29,0.38077966416819714,0.341575295410373
30,0.3620402530561226,0.3387258457527919
31,0.3713950014739447,0.3386202405037528
32,0.39337401189719245,0.34086243114010856
33,0.368022323770916,0.3274488300085068
34,0.37197396360086593,0.34210307184945454
35,0.3422269307160645,0.3348968868905848
36,0.3452199080240414,0.3166111968457699
37,0.3253260670083292,0.32700604843822395
38,0.33550143811140165,0.31945201280442154
39,0.3456954982285196,0.3052787795154886
40,0.3562597230579076,0.31569148739799857
41,0.33120802993631543,0.305907548151233
42,0.3412434919161743,0.3019919413226572
43,0.3221637393428145,0.30395799299532716
44,0.3088842999845855,0.2977397038855336
45,0.3466165362672413,0.29895619937980716
46,0.3196881397833092,0.28929304060610855
47,0.32032030485989005,0.28680251267823303
48,0.32362561413411345,0.29814996155486867
49,0.31721084606781436,0.2830640353601087
50,0.3376838408047787,0.28695684823800216
51,0.30341392666213074,0.2828973579135808
52,0.31286226793398125,0.2843534716150977
53,0.31670229455058496,0.2686793279241432
54,0.27929059921132493,0.2734362374652516
55,0.2650893889786152,0.27389820563522255
56,0.2936054306865185,0.26962695169177925
57,0.29150020986907044,0.26138563454151154
58,0.27443607129184494,0.2558224778622389
59,0.3055759600262517,0.2603190876543522
60,0.288330352708195,0.2534926465966485
61,0.27761763066388245,0.25330694595521147
62,0.31356024965364837,0.2515263533727689
63,0.28633855461851043,0.2595743801106106
64,0.2640403998032045,0.24192894521084699
65,0.29452623287390234,0.25263730182566424
66,0.27607095821966393,0.2367790016261014
67,0.25855392295769536,0.2477149490097707
68,0.2814969750267736,0.23926614021713083
69,0.2781602442264557,0.24209657650102268
70,0.26449030135454754,0.241551772267981
71,0.2542596525244052,0.22906078432093968
72,0.2689921638827199,0.24249321696433154
73,0.23816399549723563,0.22420186684890228
74,0.24494167749354903,0.23345017492432485
75,0.2495411808013023,0.2335999638519504
76,0.2647838667314151,0.22472027350555768
77,0.25091693301995593,0.2213015298951756
78,0.262949400180288,0.22149093736979095
79,0.25173746345194986,0.22038111243058334
80,0.24455568897590207,0.21836966919628056
81,0.25401412782151156,0.2222627526657148
82,0.25229462813795284,0.21218421090055595
83,0.27755536546421405,0.22408055514097214
84,0.25607297990875744,0.19949085366996852
85,0.2786423736408855,0.21642011437903752
86,0.25798569360141005,0.2048575414175337
87,0.21605165699001555,0.21102036992934617
88,0.2317049155074559,0.20828165486454964
89,0.2411584605494242,0.2055562845515934
90,0.23713948080937067,0.19940453361381183
91,0.25270445739731806,0.20249954136935147
92,0.22761240283424936,0.21374896795234896
93,0.2348298117630044,0.18931420892477036
94,0.22221741230970019,0.19706454978917132
95,0.21930540612574373,0.1976538242941553
96,0.242176199450475,0.19080653380263934
97,0.2449530800351043,0.19774080931463026
98,0.25613495154996935,0.19056405499577522
99,0.22268508871396384,0.1833587891676209
100,0.22477711731574956,0.18949070572853088
101,0.23056142908357055,0.18632460893555122
102,0.22160251790218138,0.19636610091071238
103,0.2046252495368545,0.18832562626762825
104,0.20341511087471179,0.1880114037882198
105,0.20567407696211382,0.17374834045767784
106,0.2407893105392599,0.1861138650300828
107,0.21415055579460515,0.18206028784201903
108,0.22640051265780844,0.17546883733435112
109,0.20623573264602418,0.1945987210016359
110,0.1910344920354836,0.17022059773179618
111,0.23457217406244313,0.18445405601100487
112,0.20760197837031288,0.16869237731126221
113,0.20430165434374792,0.17706669748506762
114,0.2216190176733424,0.1664024293422699
115,0.21156632632351993,0.17908710055053234
116,0.22296366486210056,0.18745740587738427
117,0.20734784559587413,0.16767692269588058
118,0.19414787011200121,0.182448148727417
119,0.19950152640597205,0.1684298054738478
120,0.1858984963054514,0.16424496759745208
121,0.20704576624243448,0.16528158634901047
122,0.1926192082046123,0.16251974417404694
123,0.19898241272803102,0.17751435520635409
124,0.21279737079857888,0.1698838976973837
125,0.20193793074915026,0.17137397368523208
126,0.2089497595188323,0.1678079796785658
127,0.21025975779647685,0.1640091226859526
128,0.20715582141938726,0.162161946804686
129,0.22606816692521955,0.1716503087769855
130,0.19581090644950724,0.1556567344814539
131,0.20852227001154466,0.16613468222997405
132,0.19854131519571225,0.15656449815089052
133,0.17684673157970557,0.14965135959739034
134,0.19282153583644482,0.16435214470733295
135,0.19212605075889758,0.1572693752294237
136,0.21085652443911698,0.14919246005063708
137,0.20651073859871996,0.15050787995146078
138,0.2029996378144968,0.15663393519141458
139,0.18805898265557341,0.151036472144452
140,0.21036424797572448,0.16249103590168737
141,0.20688622453239527,0.1537635795433413
142,0.20415997667035807,0.14861198446967386
143,0.2137412711252434,0.1591163927858526
144,0.18683105375101502,0.15627226030284708
145,0.19328979617647463,0.15081969648599625
146,0.19492115549157174,0.15357825938950886
147,0.1720445663406608,0.14476180720058354
148,0.18327372674638412,0.1513198323293843
149,0.16882755213908934,0.1630745061080564
150,0.17174770395630753,0.1489517925815149
151,0.18268271398901492,0.15879588794301858
152,0.19687308153409636,0.13893617757342078
153,0.20030592923307242,0.14905164289203557
154,0.16956946449110125,0.14528780709952116
155,0.1628113269024574,0.14197104779834097
156,0.18772996426298377,0.1526995604349808
157,0.18511059283094014,0.1363035450604829
158,0.17906891166717373,0.14434271001003005
159,0.1639936909581838,0.14853861318393188
160,0.18231726552216748,0.13212552819062362
161,0.17295861713002236,0.13627792573110623
162,0.18442573265803888,0.13499269431287592
163,0.1965382278858499,0.14456682008775798
164,0.18120358287171925,0.14007903500036759
165,0.17451230115658334,0.1393405981361866
166,0.18911555791727166,0.13098056783730333
167,0.1686485523588202,0.13683442839167334
168,0.18543606382630737,0.13520880483768202
169,0.17851705419436822,0.12736364640295506
170,0.1874297373973475,0.13947892155159602
171,0.17881896031483283,0.12329316681081598
172,0.16345315139168656,0.1418445727533915
173,0.18061561374628587,0.12665272571823813
174,0.1872932207160228,0.13755076260051943
175,0.1475390275654275,0.13886130770499056
176,0.17433343827724457,0.12326585823162035
177,0.16691478442275123,0.13735236244445498
178,0.1922293672624152,0.13441382272338326
179,0.18462039840020492,0.13406332887031816
180,0.16339053269405937,0.12473921037533066
181,0.1531935023904293,0.12857892313464123
182,0.16727833165211625,0.1274577829648148
183,0.15733339207784067,0.12612793323668567
184,0.17375941356916105,0.129672726446932
185,0.16509586734494913,0.13710367848927324
186,0.15389689582675584,0.12685792656107384
187,0.15710975888293335,0.14945944009179418
188,0.15067186473070013,0.1261677589606155
189,0.18265810737225893,0.12724831463261085
190,0.16895599540476494,0.12518316134810448
191,0.17655722076973218,0.12622620300813156
192,0.18351405381821514,0.13378039908341385
193,0.1645142783163192,0.12192312882027843
194,0.17267587552133123,0.13189989421516657
195,0.15797833227709437,0.11897653510624712
196,0.16629061055428973,0.1348547049882737
197,0.15430489584301296,0.1276682759211822
198,0.1784946879420834,0.11642998592420058
199,0.15877317617671766,0.13074443861842155
200,0.15817002008916733,0.11975039880384099
201,0.14804521610451102,0.12242479368366978
202,0.1422944340143311,0.1292920753529126
203,0.15935879513230664,0.11705868962136182
204,0.18293039919285292,0.11408297954635187
205,0.15451415710513958,0.11531447754664854
206,0.15954643069358354,0.12216630510308525
207,0.15879685947957556,0.11705301024697044
208,0.150495287547174,0.11639174175533382
209,0.15675193607137444,0.12493882260539314
210,0.15550156724586917,0.11297320201992989
211,0.1470694092105837,0.126266536726193
212,0.13730400747685842,0.11229828745126724
213,0.14669432214806588,0.11150748130272735
214,0.15291006582674016,0.12341672486879608
215,0.15330473858207352,0.11032416739247063
216,0.14332629617457085,0.11998900153081525
217,0.14810720273059852,0.11520285701209848
218,0.1346554725469275,0.11194461313160983
219,0.16135339210095923,0.11711092233996499
220,0.14547289360998275,0.11540034641935067
221,0.15437925509299233,0.11003948003053665
222,0.15268675025817607,0.11539928564293818
223,0.14401625378636385,0.10672392865473573
224,0.14893175589011404,0.11088334548879754
225,0.15901838114645597,0.11345568570223721
226,0.15184617604823147,0.10339428958567706
227,0.1613304645157932,0.11423327240415594
228,0.13574401724539445,0.11374097317457199
229,0.16089613663123342,0.10161058536984703
230,0.18465007389529367,0.12089360183612867
231,0.1468949674973997,0.10492914271625606
232,0.1439319487926219,0.11842708983881907
233,0.1551979085925813,0.10510199009017511
234,0.15241593954045227,0.10537163853983987
235,0.12614111105600992,0.11060984585095536
236,0.1373750584737192,0.11638589931482618
237,0.14628793142931293,0.11742193861441179
238,0.15750118834751375,0.10517194630070166
239,0.14795406145995924,0.11571193545718085
240,0.1308203496959772,0.11209917830472643
241,0.14172587420944863,0.10444870658896187
242,0.1538779330387544,0.11930593983693556
243,0.14557920803737998,0.10516202415932309
244,0.14876157469517282,0.10858613151040944
245,0.15123047989405944,0.10742785781621933
246,0.12792142795935998,0.09870756061917002
247,0.13566931401299182,0.10949211449108341
248,0.14612362514274396,0.10170496729287234
249,0.1390619481938162,0.10013232397084887
250,0.1592911346519038,0.10427428341724655
251,0.14011576693602715,0.1030227355659008
252,0.12176996408107128,0.10521033457057043
253,0.13703410667873053,0.10416884821924297
254,0.14565506139386458,0.1085814345966686
255,0.14918396524275734,0.11619928436861797
256,0.13592493322011684,0.0940714454786344
257,0.1387991172432453,0.09846202351830223
258,0.14406501889675297,0.10290643149478869
259,0.152002313442891,0.10358722491020506
260,0.13386009784227007,0.10015339903872121
261,0.13564140910512945,0.10616881247948516
262,0.13407442520620225,0.10051973316479813
263,0.1308851618222083,0.10883643202991648
264,0.13496698734912085,0.09219163436103951
265,0.11433703801158662,0.10403621670874683
266,0.12365174901842625,0.10088297487659888
267,0.1385686623302292,0.10221081193197858
268,0.1558026315065359,0.1136797975579446
269,0.11983969485324421,0.09810818359255791
270,0.15592833588855542,0.1029563562267206
271,0.12599160829175277,0.10294767011972991
272,0.13030701281314486,0.09129298850893974
273,0.1427606740471129,0.11452865833416581
274,0.1448286742195208,0.1023634805936705
275,0.12947404998518555,0.0890623889863491
276,0.1417567150506857,0.09667261063375256
277,0.12709465639644793,0.09817029400305315
278,0.1391047474820069,0.0947907567024231
279,0.1418274263764142,0.10968263701281765
280,0.11696563951308361,0.09268264641815965
281,0.13037425614474865,0.09940493674102155
282,0.1446374428182952,0.10216287489641797
283,0.12970792337526543,0.09024793383750049
284,0.13771260691604365,0.0910766368562525
285,0.12998959215616018,0.10216128030283884
286,0.1298393684714921,0.09819531119005247
287,0.13598331225833643,0.09369339218193834
288,0.1289311210147004,0.09152305227789012
289,0.1309315851900015,0.09026441181247885
290,0.13000076089738014,0.08773777379908344
291,0.14308541293224591,0.10371310365470973
292,0.1211495397242714,0.09060670384629206
293,0.11760019572374973,0.0920344925570217
294,0.12775702950324905,0.09562896361405199
295,0.11224578343303909,0.09521525624123486
296,0.12715022536587625,0.08569292893463915
297,0.12473639181713933,0.09614260630174117
298,0.12924695617697213,0.09715224971825426
299,0.11647613022881054,0.09759500131688335
300,0.1295404497547989,0.09350024434653195
301,0.13324296879076333,0.0913292139091275
302,0.1364299820436074,0.08773227679458531
303,0.11830995474638564,0.08991005424071442
304,0.11700044047743194,0.09000588360835206
305,0.12384893424278788,0.09727540654553608
306,0.14116625906376357,0.09005786986513571
307,0.14359287833899595,0.09689411876553838
308,0.13261477933840804,0.09322954502634027
309,0.13761932960945122,0.08126513643020933
310,0.11634303110369136,0.10213154139505191
311,0.1185540073178011,0.08281560750170187
312,0.12891240791881575,0.09065636924721977
313,0.11588402471962046,0.08442800195718353
314,0.11477948130851381,0.08384520966898311
315,0.1167211090022705,0.08877559040080417
316,0.11586736349130837,0.08176876164295456
317,0.11576785306247432,0.09628599700094624
318,0.12499211907163542,0.0844803217121146
319,0.11633292058210694,0.08623994920741428
320,0.11889593755261282,0.08698628995228898
321,0.11039516519517935,0.09692370070313866
322,0.1205253881238373,0.09188812776384028
323,0.13053044886066673,0.08847670240158384
324,0.12659850911924456,0.09019553221084854
325,0.11289091131995234,0.09632213705811989
326,0.10819678706176272,0.08025520261038434
327,0.11534763481956296,0.09390459607609293
328,0.11485423940174588,0.08082075908102772
329,0.12509480572204465,0.08247175372459671
330,0.12253530192352859,0.08537572554566643
331,0.11189630058374297,0.08198120622810992
332,0.11926103829779429,0.09265977673401887
333,0.12181682276368587,0.07812601564960046
334,0.10631696458501316,0.09201596973633225
335,0.12860242068097832,0.07593541727824644
336,0.10586011510216788,0.08394348096441138
337,0.13293643583184325,0.09496610467745499
338,0.1168753317790978,0.07608159140429714
339,0.12222117224659367,0.093141676180742
340,0.10963130454892077,0.07799800984900106
341,0.10981693149505929,0.09014911356974732
342,0.12085946267017264,0.07952235283499415
343,0.11106837568769741,0.07427273131906986
344,0.11083720289589313,0.07635714604773304
345,0.12378147757901681,0.09500236631455747
346,0.12905130571640386,0.07243995368480682
347,0.12007967703574605,0.08236789991232482
348,0.11213348604989855,0.08548281485722824
349,0.10476980500676658,0.08506340872157704
350,0.10771693381365766,0.07852232100611384
351,0.11218891541163127,0.07957835952666673
352,0.1089251394687074,0.07880659486082467
353,0.11174518732207545,0.079805912703953
354,0.10846999315510082,0.08161674202843146
355,0.11207640018969886,0.07713090416721323
356,0.10611820276756859,0.07967842624268749
357,0.10294544054997548,0.07262551615184004
358,0.11488630374272664,0.07595544088293206
359,0.11856324457273948,0.07118630341508171
360,0.12629474467887414,0.08716857771981847
361,0.11278628270501055,0.07434778880666602
362,0.12131983477078127,0.0850435420870781
363,0.10834603533427814,0.07946924678981304
364,0.13283503954106948,0.07509280521083962
365,0.10303525475973493,0.08077875821089203
366,0.11752628024374501,0.08269058345732364
367,0.10809699423639069,0.0813641304319555
368,0.11274421175990658,0.0717848688364029
369,0.10937377605377958,0.0838976234874942
370,0.13657675931851068,0.08335170666263862
371,0.11361633252338524,0.08295468787070025
372,0.11184163215789902,0.08807864929126068
373,0.11183238275042187,0.07875323431058363
374,0.11391347434636806,0.0758950857614929
375,0.11444612692915991,0.07637580348686739
376,0.11175947323832172,0.07721268063919111
377,0.0918630790732773,0.08007669042457234
378,0.08672954585779918,0.07296184331855991
379,0.10151173352971953,0.07968733104115183
380,0.10763844920231608,0.07750418985431845
381,0.10922715575730756,0.07341625439849767
382,0.10117970317713777,0.07644545748321847
383,0.10602402765206183,0.06660387224771759
384,0.09940163152159823,0.08035609718750823
385,0.11384382397494512,0.07102304070510647
386,0.11263016953171416,0.08871831410479816
387,0.10572373928425464,0.07464886702258479
388,0.10811347695772121,0.07024926353584636
389,0.10466334070270875,0.08650273996913298
390,0.09749117861972766,0.06665259413421154
391,0.10862334912524241,0.07452436291020025
392,0.09648791086696061,0.06813449920578436
393,0.09884724403253656,0.0727220821109685
394,0.1008822237479776,0.07031220392408696
395,0.10128380006618715,0.06970840125260028
396,0.09373976958545853,0.06965815267440947
397,0.10156046847502391,0.07298125343566592
398,0.11324590695707985,0.07105415483767336
399,0.10715550046121136,0.0734088628298857
400,0.09751204191968682,0.07217591001906178
401,0.1113853051365538,0.07429331693459641
402,0.10692835493145811,0.07131310484626076
403,0.10003911740101232,0.06948696009137413
404,0.09271534535099057,0.07158288088711826
405,0.09963384929221221,0.06977177466350523
406,0.10027952001112678,0.07344037819315087
407,0.09856447058447292,0.07118270867927508
408,0.09386873105715277,0.06769082106819208
409,0.10300156002522408,0.08346757296980782
410,0.10000713325841597,0.06551925533197143
411,0.09503358236970973,0.07624792036685077
412,0.10567349050375406,0.0690996353937821
413,0.10605298970522506,0.06530321804298596
414,0.10409885830479615,0.06620663158934224
415,0.11708211413260257,0.07098716548220678
416,0.10661952978886022,0.07143724040890281
417,0.10615060788192106,0.07438647632741115
418,0.09984168334958259,0.06788430075076493
419,0.10685652229334977,0.0798518830402331
420,0.11153295518976919,0.07057578971778805
421,0.10402079847421539,0.0680110021494329
422,0.10512753589992666,0.07109301054680889
423,0.10572970145092475,0.07126326740465382
424,0.09586990937199932,0.06638125804337588
425,0.0986801679996069,0.07351044912568548
426,0.10776446692729263,0.06496882667257027
427,0.0975777053654417,0.07436793128197844
428,0.09868491929345363,0.06789649684320796
429,0.08810036018323363,0.06737841428680853
430,0.09954572683862979,0.07002390226857229
431,0.09460404219475578,0.06432500346140428
432,0.09609373279390264,0.07591021094809879
433,0.10334329208017289,0.06423190617087213
434,0.08670771162440714,0.06801438272338022
435,0.088197969681538,0.06082851363515312
436,0.09419025290994608,0.07376168147576126
437,0.09046413035093621,0.05801054564389316
438,0.1054384738262673,0.07038195587863977
439,0.10194510235433721,0.06017132188108834
440,0.09439000400822707,0.06408135169609026
441,0.10688846307189277,0.07494574395770376
442,0.09297480619746201,0.06613413375717672
443,0.08849736554234215,0.07116948330605571
444,0.09433603973201152,0.06455438719554381
445,0.10263112961743655,0.06603130185976624
446,0.0843409915988365,0.059112290259112014
447,0.10297443558660786,0.06410369387065823
448,0.0884947803024942,0.06850635514340618
449,0.10685441288608737,0.06191786260090091
450,0.08885344011841642,0.07682985554195264
451,0.09818490399291899,0.05570963177491318
452,0.10117892513560892,0.07158404220403596
453,0.08988361590810483,0.06461777377196333
454,0.08575029618173056,0.06724071316421032
455,0.08424635047323248,0.05841344484890049
456,0.09433035125558296,0.061577398837967354
457,0.0873088041383229,0.057053288614208046
458,0.08845113228992577,0.06353622196580876
459,0.09257998197489463,0.07307015342468565
460,0.09817003815919718,0.06584982252256437
461,0.09214979463190622,0.06389147906818173
462,0.10384814870937933,0.061600116758861324
463,0.09158828805727459,0.06406962168826298
464,0.09276026939408163,0.0678927329453555
465,0.09152042770876867,0.06185489909892732
466,0.08174415016442202,0.0652930913281373
467,0.09530337406008431,0.06165319139307195
468,0.10073707501093547,0.06523023994470184
469,0.09712444639272905,0.06326012939892033
470,0.0807766304647878,0.060604351996020836
471,0.090129583990306,0.061603760812431574
472,0.09822350723689861,0.07033213065005839
473,0.08648427014940241,0.06061217459765347
474,0.09868632254194232,0.05908629213544456
475,0.09304594625247999,0.06056384395130656
476,0.07946397613887483,0.05880601026795127
477,0.08442307527313071,0.05770320885560729
478,0.08562760507122855,0.07220542193813757
479,0.08997755416770106,0.05899463073265823
480,0.08772424990764718,0.06553657081994144
481,0.0986533679961042,0.06699477995491841
482,0.10627804877941081,0.05815738888288086
483,0.0774889091371597,0.053362750532952224
484,0.08973956108093262,0.07041932769458402
485,0.08053044127893359,0.05657104707577012
486,0.09319262770231297,0.07024041707204147
487,0.08167454778924864,0.053477172570472416
488,0.08158410187071183,0.05602130124514753
489,0.08663668830910426,0.05747759697789496
490,0.07512198582514841,0.06008851731365377
491,0.08539868425229069,0.05351735634559935
492,0.08035916980174597,0.062438607406379146
493,0.07518751839740892,0.05619799244132909
494,0.09507086114044047,0.05806472808630629
495,0.07764147409004218,0.05538981534879316
496,0.09849806883361902,0.0596296185288917
497,0.07555100988694345,0.05536107041619041
498,0.06709143706363685,0.05765364844013344
499,0.08708451297622495,0.062096333215859806
500,0.07714384300320336,0.05659308729015968
501,0.08559208469332827,0.05602410850538449
502,0.09203465779622395,0.06335393199697137
503,0.0796045498845729,0.05995068792253733
504,0.07828462095966053,0.05962254377928647
505,0.07881666234370029,0.0515719684348865
506,0.08395656092224943,0.056527861817316574
507,0.07401846452487096,0.054059368473562325
508,0.07446776666723834,0.06364983993328431
509,0.07926938647913576,0.062479593537070534
510,0.07259754274277651,0.05150170996785164
511,0.08164148041036691,0.06734649731184948
512,0.08543412077627825,0.05702929732135751
513,0.0837706836003266,0.06060434046032077
514,0.08957102617130297,0.0653153139970858
515,0.07649053755994147,0.0586870593780821
516,0.0806265715997987,0.051936043172397396
517,0.07773675864443796,0.0614832196469334
518,0.08312741259622217,0.05182247591966933
519,0.08481946107600066,0.08033335911618038
520,0.07870348335037963,0.0618555380708792
521,0.06646296485198125,0.04763504016128453
522,0.06937542602364044,0.06260598958893256
523,0.08511220981900612,0.051928182640536266
524,0.0803518881846903,0.06632866924205287
525,0.08229396115528063,0.04698840833523057
526,0.07650953760084588,0.07208457199687307
527,0.07493157238326269,0.051228487864136696
528,0.07817487551199363,0.055902376770973206
529,0.08495122375671336,0.05338269184258851
530,0.07370167638590273,0.049168571321801705
531,0.08390342631143577,0.06528398877179081
532,0.07123741658216112,0.0485504043542526
533,0.07968617813864004,0.05992702246558937
534,0.07813311870513337,0.04717659137465737
535,0.07545374025510491,0.055126847783950245
536,0.07365413891911952,0.052787178280678665
537,0.07597877907005142,0.04849168844521046
538,0.08490939876448349,0.05192771875722842
539,0.07228748726375987,0.05210160832344131
540,0.07620435989416494,0.050590299027548594
541,0.08149525852462326,0.05672331188212742
542,0.07601715445741732,0.05402279577471993
543,0.07084060312433636,0.049892013892531395
544,0.07450708532043164,0.05040020008825443
545,0.07395972538920824,0.04714297435500405
546,0.06704517931080936,0.05765911604447121
547,0.07766925791899364,0.04541110365905545
548,0.07892043344425352,0.05350439847362312
549,0.08283394212356668,0.05498192510144277
550,0.07395787207123715,0.050042820925062355
551,0.07422860245802876,0.05054742919111794
552,0.07551088165980153,0.0534268973225897
553,0.08154942756623365,0.057765894823453644
554,0.07092854402931442,0.054019389589401806
555,0.07700121673417003,0.053390659476545727
556,0.06783367235785566,0.05364243635399775
557,0.06123870897214957,0.044202512384138325
558,0.06908340482843503,0.047422417693517425
559,0.07007613828342953,0.059136378494175995
560,0.0771755984938993,0.052204197611321106
561,0.07227584122495258,0.052042984826998276
562,0.07700186351153734,0.051943414844572544
563,0.0784853311876456,0.05077403529801152
564,0.08070451503947433,0.0467481602999297
565,0.0728915785107943,0.05219090814617547
566,0.07634380576985605,0.053784944455732
567,0.07327990243664842,0.05056855014779351
568,0.07404560785503424,0.05314905357293107
569,0.06506023235088877,0.04763345022431829
570,0.07493016852086849,0.053338041359728035
571,0.06797747290257211,0.0479459463280033
572,0.07054510972138202,0.05529822752049023
573,0.08089460697625014,0.0523390068503266
574,0.06614016585247347,0.05408060313625769
575,0.0608879876382342,0.04641148452223702
576,0.06729535920343149,0.04870886050842025
577,0.07482302097485083,0.04845245337029072
578,0.0644976950707507,0.045589195395057854
579,0.06490357070184602,0.0510996705005792
580,0.06951197711157887,0.05214581884105097
581,0.07151963072044126,0.04772346585311673
582,0.06189880402905218,0.0582638055043803
583,0.06817764159612888,0.04766411012546583
584,0.06490590261497747,0.04284876331009648
585,0.06624163931396124,0.05002179763025858
586,0.071837367245767,0.0438607277517969
587,0.07026839482315471,0.04687281308526343
588,0.06842927999571245,0.04769034514372999
589,0.06586340033494578,0.04602067545056343
590,0.0610446570796913,0.04681038221513683
591,0.05719115250231175,0.0478387712077661
592,0.06275962954491712,0.040594897232949734
593,0.06577777050519257,0.04736838417805054
594,0.06560973461703415,0.042168650098822334
595,0.06655423750591635,0.05475203959609975
596,0.06742981678984139,0.04327129979025234
597,0.06553111537900311,0.051776001949540594
598,0.06370131875133693,0.04221242674711076
599,0.07608665844027916,0.05642453242431988
600,0.06877983799587921,0.04346399525688453
601,0.06616436648234893,0.04549717949703336
602,0.0617310336689824,0.04759034027599476
603,0.0573471961229035,0.04196215145797892
604,0.06971450765313728,0.050297131423245774
605,0.060651535865910045,0.04511706869710575
606,0.065649515750368,0.051631212403828446
607,0.06750661263081911,0.04254837097092108
608,0.05978395131308488,0.04575015138834715
609,0.0616060220235296,0.04654654750431126
610,0.07780936346406794,0.06118882352232256
611,0.06681191381276323,0.04040809365158731
612,0.07160191787650969,0.055927951015870676
613,0.0629101631123475,0.04394113407893614
614,0.06518350597401237,0.050016102656214076
615,0.05751056795458445,0.0421022724529559
616,0.0727626435486565,0.047114100540056825
617,0.056733471456538426,0.04109033586626703
618,0.06190744770711727,0.04711846319365908
619,0.06714780637052621,0.045027096099643546
620,0.060933183348469075,0.04087700152939016
621,0.05813415873139985,0.04631364370950244
622,0.05727957945303078,0.04379250735721805
623,0.06112015978450632,0.045490837952291426
624,0.06354406074191747,0.04454348697750406
625,0.05996069013514322,0.04781634479083798
626,0.059540540914745366,0.04101579746400768
627,0.06376130212000693,0.042654668975790795
628,0.057295788651548524,0.04047224958511916
629,0.05872747568546163,0.040730844675139946
630,0.05621327723512489,0.04136147227307612
631,0.06447928052828107,0.042549022981389004
632,0.06027522444557608,0.04183401683853431
633,0.059591648172349965,0.039232481609691276
634,0.05501494756184714,0.042690681547603825
635,0.053660661386751504,0.037769807925955814
636,0.05726215514016062,0.040515177248215135
637,0.055177675922879116,0.04247109168632464
638,0.06089825882168298,0.04153749846260656
639,0.060464980408605117,0.045541489412161434
640,0.0634227404824357,0.03872214693745429
641,0.05684781730286637,0.03888205286454071
642,0.060925221119480635,0.04667976693334905
643,0.059471203146802355,0.038425108417868614
644,0.05957924048608162,0.04465196027674458
645,0.05187975499458081,0.037587341344492
646,0.05622422095206793,0.052378725789656695
647,0.07123864701624667,0.037910852750593964
648,0.061675984733336874,0.03905633005144244
649,0.06263116900617263,0.043795939958231014
650,0.05656879576627681,0.04100501774386926
651,0.05433375993917944,0.047178565757349133
652,0.0620919649911284,0.04379536584019661
653,0.058205704508202796,0.04319928213953972
654,0.05433587082539605,0.04462027712725103
655,0.05627960656605633,0.03614861238747835
656,0.05586209348385477,0.04041293619031256
657,0.06132978128360005,0.036945872601460324
658,0.049356704277827054,0.03768510206348517
659,0.0572532509429178,0.037122977558862076
660,0.059057419254594526,0.041666898114437405
661,0.06169615472468098,0.035408890382810074
662,0.05584351768654384,0.04000613885000348
663,0.05957801573062211,0.052548648535527966
664,0.060132132947779776,0.03897947699508884
665,0.04902390572015712,0.042202849364416165
666,0.055556619156165964,0.039011382328515705
667,0.057547921363668944,0.05695049337704073
668,0.06246663720699285,0.033458889377388085
669,0.06295245183345753,0.042138840071856976
670,0.050843655030602376,0.04410264763811773
671,0.057063529386502526,0.03773202772506259
672,0.0482651355924008,0.036899708126756275
673,0.054297568171881555,0.03676310380582105
674,0.05938076876689879,0.03697492292320186
675,0.054475749978858436,0.03708933243020014
676,0.05247125474645404,0.03827596642076969
677,0.04657862715646346,0.034616482867435974
678,0.0533463554491711,0.0436038336801258
679,0.05917953233817097,0.0346488876437599
680,0.0515564511833566,0.04157136431471868
681,0.054331482182281295,0.03414033065465363
682,0.059463569385170494,0.04909802501259202
683,0.0591066252537881,0.03514398329637267
684,0.058694242893923984,0.03806084055792202
685,0.05048942529641734,0.04172605856067755
686,0.057445702592978314,0.03857050666754896
687,0.054873718513866486,0.041899093934758144
688,0.049640677074033225,0.03860244317911565
689,0.05631084074632505,0.034160189161246475
690,0.04921148647641421,0.03973794482987036
691,0.05450695888435796,0.035355632278052246
692,0.05288862972781899,0.0414884401993318
693,0.05357098917054773,0.04057939102957872
694,0.04992595493570249,0.03534282456067475
695,0.04064212516229251,0.034351826730099594
696,0.05021537193672711,0.04154541902244091
697,0.04389881214287397,0.03473508863879198
698,0.05171078184012617,0.03047954934564504
699,0.05526357650589407,0.03946048241447319
700,0.05795801754636264,0.03357337550683455
701,0.05505672464154186,0.03813618510453538
702,0.04658009095835998,0.03629501163959503
703,0.04966965446088198,0.04483780305070633
704,0.05012126239051533,0.03641322623430328
705,0.04803241983279307,0.034244701647284354
706,0.04888001528013958,0.03405326460911469
707,0.04524311375165923,0.03601529682055116
708,0.0518310996546839,0.03483061513609507
709,0.056342984713641894,0.03411751206625591
710,0.05447276614690095,0.035063108217648485
711,0.04264655765773875,0.03072572558779608
712,0.04832116178191556,0.03516905145211653
713,0.0494033716033014,0.039031261768700046
714,0.05172370424431361,0.03071847689253363
715,0.05421729147266806,0.04794756936925379
716,0.04880526324224829,0.03638387683101676
717,0.054551817658130594,0.028961114924062382
718,0.04868112108234163,0.04130037789317695
719,0.05014183511783121,0.033925490877167744
720,0.05520396196886841,0.04021123496138237
721,0.04943854275267669,0.03356689657084644
722,0.04509573323087076,0.036581083200871944
723,0.04128924524237154,0.029877988960255276
724,0.04746585470460327,0.03664915475317023
725,0.046597773160380815,0.03297478515146808
726,0.04736744997541556,0.03579227355393497
727,0.04435117173005133,0.032825575802813874
728,0.04412872341464968,0.03476013205098835
729,0.04417369790263614,0.034700358625162735
730,0.049963853918434525,0.03148446642709049
731,0.047581834906942386,0.032905806533314964
732,0.044456189909901064,0.03132061516358094
733,0.046843251513407916,0.03463722299784422
734,0.04880682128561793,0.03471936090764674
735,0.04620481469434745,0.030336616984145207
736,0.046388936651110206,0.037935533222149716
737,0.04367464928702915,0.03506349852647294
738,0.04436911864394552,0.03243519018658183
739,0.04431240672196788,0.033347211947495285
740,0.04039918815486886,0.035415164745328104
741,0.03776769886972306,0.03221547112546184
742,0.04254542898093717,0.03936900001611899
743,0.04770329884822003,0.03144970434633168
744,0.03978894648145647,0.030042265795848587
745,0.03782502598083867,0.031425840306011116
746,0.04215637247046728,0.029605122875760902
747,0.045860432646471015,0.034369448919526556
748,0.04417076519226537,0.026373773643916302
749,0.04786140376820546,0.032290496440096336
750,0.049101820682988184,0.03332131305201487
751,0.041581623416659094,0.027865889397534458
752,0.04374939923206072,0.030703762609680944
753,0.04314850495381748,0.03346835550936786
754,0.0455728176325448,0.029731633226302536
755,0.04142882959561402,0.03169541287405247
756,0.03930584899383538,0.02758127450942993
757,0.04302992094098852,0.031044767661528153
758,0.04141914275255096,0.03000407585535537
759,0.04165862435788921,0.0340613367840309
760,0.035254656319761095,0.03027987543662841
761,0.046033170046319676,0.02552257359705188
762,0.04447200061397606,0.03104067729278044
763,0.04279134873203124,0.027827377050099047
764,0.04164978553460778,0.03157442274757407
765,0.044113811677538056,0.029705891047011723
766,0.04458758980035782,0.031230043535205452
767,0.04180943163648973,0.03239734983071685
768,0.04090480680825112,0.032623934517191214
769,0.04095168997732441,0.028938586992973633
770,0.03936386356053504,0.024904228577559643
771,0.04276789214169042,0.04040303233672272
772,0.03924262883622995,0.028083886866542427
773,0.048675845568992675,0.03350340153767981
774,0.038847473491862246,0.028220854106951843
775,0.039998035319847115,0.029333649076182734
776,0.03609714938906695,0.028170458146963607
777,0.04846829764740297,0.03121934865008701
778,0.040930607234047595,0.034510064298625694
779,0.03928718358724751,0.032007026613097296
780,0.04162900937435109,0.029563733164898374
781,0.03861163788185584,0.030829631892794914
782,0.04011941747216696,0.03975328760729595
783,0.045213649781902183,0.02434410019354387
784,0.043035237293006776,0.029201989866454493
785,0.03830837671843807,0.029840333852916956
786,0.0398056460509586,0.027531527871774
787,0.04077334739686398,0.027217111211608757
788,0.03986986298881443,0.031326938293535604
789,0.04060383951675133,0.028406633910807697
790,0.04481666586065337,0.028693446064029227
791,0.03620650867621104,0.03122438867153092
792,0.0390312820045131,0.024353712797164917
793,0.03897639615147301,0.0299949508626014
794,0.044053510089547894,0.029514810811220246
795,0.03658298958330119,0.02590544962070205
796,0.038786284311601284,0.02845126593654806
797,0.042476724372820907,0.03490733249451627
798,0.04014544050149926,0.029741125858642838
799,0.03776900142375449,0.02797915024513548
800,0.040750086181954054,0.028782045299356632
801,0.03794797031341421,0.027467774735255676
802,0.036291649432552885,0.03121052875014191
803,0.04368567361046424,0.02519343099133535
804,0.03394227054960719,0.02981933489949866
805,0.033682150570919896,0.024275921877812256
806,0.043574268814553035,0.032121866793287074
807,0.03381709156606751,0.023299617946825245
808,0.0357791284162007,0.02980547897856344
809,0.03520144291277905,0.026272511617703873
810,0.041548013798752975,0.02720403499816629
811,0.04117564311467307,0.027974012413654815
812,0.03707877524225006,0.02785923293876377
813,0.035833064578334045,0.02980921205810525
814,0.04178307470534178,0.02845005225390196
815,0.032848019948166406,0.02652322230013934
816,0.040452015171113534,0.025619781195101412
817,0.03943088335379233,0.0296089550353248
818,0.03959922705975811,0.023859147024764257
819,0.04130717569243596,0.02916641787371852
820,0.03743516978169425,0.032359320680949495
821,0.037008528670903006,0.02749215244230899
822,0.03740620066164138,0.02464079966937954
823,0.041945337802729805,0.028900312873619525
824,0.03272802072964358,0.02380773662166162
825,0.036131409432892496,0.02970134924081239
826,0.04104696057932207,0.024484422523528337
827,0.03367404271377606,0.025179413485933434
828,0.03570974146605431,0.022349401546472854
829,0.040786940820710486,0.027000960597599096
830,0.03604676453082749,0.023368488531559706
831,0.03541601890146955,0.02800225013528358
832,0.03424087016100294,0.025772381425750526
833,0.03342060966256741,0.027530349875715645
834,0.04072726241658243,0.022104466968977995
835,0.03745538794369287,0.02668950653804297
836,0.03601187262474821,0.02306897701187567
837,0.03286776192179333,0.02921215140006759
838,0.03259384489796135,0.025246576152064583
839,0.029953064117929463,0.023275839334184475
840,0.03421843876497129,0.030296047450974584
841,0.03580179394044903,0.023112836801870304
842,0.032112049936466894,0.03172114521095699
843,0.03229798045190756,0.021181199530308895
844,0.033626588410261865,0.028355006234381686
845,0.03157895732294308,0.02198490077121691
846,0.03590493545298942,0.02716060939498923
847,0.03861530473951097,0.025515636259859257
848,0.03165922523214576,0.02986293643797663
849,0.03171833428076367,0.022678867913782597
850,0.03134388985872715,0.02321512463756583
851,0.03136443513469973,0.027859124905345114
852,0.033084215910247204,0.02270927242088047
853,0.03221919613607814,0.020693530751900238
854,0.033007258012165294,0.027562942228872667
855,0.03267413048485245,0.022996606135910206
856,0.03365487905309888,0.024977087149057876
857,0.0364755517925216,0.02535789121281017
858,0.03200731492053704,0.024214035746726124
859,0.03413947948606943,0.021470787342299114
860,0.03506343277373564,0.024708074348216705
861,0.03169269617019075,0.02828370009294965
862,0.0322625045612287,0.023541338911110706
863,0.031106466322802426,0.0231846904551441
864,0.03456027084466223,0.025923898189582607
865,0.02876038162198183,0.03134005171754821
866,0.03111819965478856,0.020728804255751045
867,0.03328635245701124,0.02638732409104705
868,0.032183909167846046,0.023607017811049114
869,0.033345625767212235,0.0223467212847688
870,0.02943193004204986,0.026490439533848654
871,0.032533664465620275,0.021802695171738214
872,0.03207670745164268,0.02510123047977686
873,0.02934777284606119,0.025262694467197765
874,0.031256430520770255,0.023491841529242018
875,0.02752872264145242,0.024029205383902245
876,0.0322411884501409,0.020662713118574837
877,0.035303318880024026,0.026461902794174173
878,0.029860338743790037,0.022547057099555703
879,0.031212039626716228,0.022547834743322295
880,0.029191294231553203,0.022194746289063583
881,0.029572600442985916,0.026995793154293842
882,0.02961274791746104,0.020435567225583574
883,0.03174383041870951,0.022400712975385515
884,0.026690523680787854,0.027124996635724197
885,0.02811997358718615,0.01989231292497028
886,0.028513087294577213,0.02610650670249015
887,0.028887267123335756,0.02009089697491039
888,0.0303101691239503,0.018535293215377766
889,0.032225614741500395,0.024894797899336976
890,0.03433481627579932,0.020091014173389835
891,0.03005293163746484,0.02944156927564605
892,0.028900167405995984,0.02121388332240961
893,0.03051905504912696,0.02220141680233858
894,0.029669063647141617,0.02526530111208558
895,0.026949011975348217,0.022103122308511625
896,0.028914574006997915,0.022932733208025722
897,0.026856915927614165,0.021366902457719498
898,0.031789024294204035,0.025199502283199268
899,0.02753980461968465,0.01988863873041489
900,0.02960988325293591,0.027612740300934423
901,0.031480651293019676,0.021588320843875408
902,0.030359623751390293,0.02082283260427754
903,0.030983948563870867,0.01977806690741669
904,0.02676516394601779,0.021571098996156998
905,0.029576117528623408,0.029695010934533042
906,0.027233721343067924,0.018896782474423
907,0.02814473963101928,0.02498411152257838
908,0.028216316413538955,0.021294680043038996
909,0.02660782030375486,0.022426165354607456
910,0.025210979544602975,0.021649992813102224
911,0.027014029704118044,0.01768242110582915
912,0.029757082001881652,0.022551114628599447
913,0.02528098232220956,0.023118552286177874
914,0.028390663867809352,0.019148168662054973
915,0.026909295343950892,0.01926990793171254
916,0.026823191641924087,0.018227206119759518
917,0.03049652844890673,0.022772105664692142
918,0.027067777934424886,0.017618811879815025
919,0.02462691163525599,0.019170687068253756
920,0.025940215061610556,0.022900386332449587
921,0.031218534914518564,0.021803395780311388
922,0.03071327746430698,0.022041179440830918
923,0.024883638286077127,0.023148809728974647
924,0.02749774253435349,0.01958568792112849
925,0.027742488853884546,0.02171426156366413
926,0.02842148576866598,0.020691148132424463
927,0.02728467482082853,0.021300121760842474
928,0.02413396511143178,0.01917823086577383
929,0.02565700991239664,0.01926602723754265
930,0.02661523839619276,0.020903372502123766
931,0.02628052785769384,0.016277866903692484
932,0.02677023195930188,0.02178161002864892
933,0.026427958711758535,0.020668817662887952
934,0.026189331572209852,0.022068814755502073
935,0.028700382371994664,0.017592545429413967
936,0.02632415471842673,0.018784683769230138
937,0.022639433773101937,0.017199655105783182
938,0.02479009328179815,0.018260452049699696
939,0.024723404899853446,0.01688544953834604
940,0.02770399964983097,0.019781571939926256
941,0.0218677142886131,0.021723892031745476
942,0.025025131229715846,0.018364069814031773
943,0.023065608594747964,0.01888811082409864
944,0.02448155793050925,0.017138890964402395
945,0.026973046494947837,0.020661949984390627
946,0.02388461913620488,0.023895776195620947
947,0.024613427019186233,0.016906236044385216
948,0.026078280570745915,0.018480159257623283
949,0.022430261980728262,0.019819929243319413
950,0.024821672400229432,0.015387991019947962
951,0.025684581881158807,0.02197537103413858
952,0.0215914643226603,0.016591116489673204
953,0.024040152918728772,0.016186839414083144
954,0.025785564301947082,0.01997512102719735
955,0.027098743579863162,0.01694507869383828
956,0.023205782325191892,0.018121083521030167
957,0.0245135614146175,0.018404564015905966
958,0.022840725913755456,0.02061283767265691
959,0.02351198945375864,0.017352594422515143
960,0.02439766861358832,0.016953852112320335
961,0.02368840296170238,0.019345363983037798
962,0.02525842727304956,0.015674666289917448
963,0.022830341374048133,0.019710972693494776
964,0.023261778238002725,0.01891385291872377
965,0.02290614028827528,0.01895100272006609
966,0.023746070288093796,0.021351426712829958
967,0.021868099741051705,0.016585332595489242
968,0.022373901331301932,0.016495374306528407
969,0.021359861622588912,0.019206426275724716
970,0.024234805590985866,0.01918679103255272
971,0.020964556223667517,0.01584438911893151
972,0.02573942806753103,0.0186588872351091
973,0.02263742130710168,0.014328853227198124
974,0.022476600831869836,0.014126964633099058
975,0.02202965317761407,0.017185768112540245
976,0.020389981672502635,0.017062668794427405
977,0.02133874071950323,0.013866468163376505
978,0.023319374135091955,0.016809286729601972
979,0.021945117083325815,0.018335831880738788
980,0.021291150115011783,0.015163009986281395
981,0.02109122754175788,0.016203028298067777
982,0.02196999988082643,0.015794493892992086
983,0.02146545218561919,0.013855468524111942
984,0.02342559277229988,0.029389048206873915
985,0.02051495492793201,0.016311634162610226
986,0.020601083311751093,0.01390101798725399
987,0.02148523794884762,0.018340548775582152
988,0.017434265541282485,0.018009964302605527
989,0.02154168387881937,0.01638029332653704
990,0.021898945981866858,0.01786363192579963
991,0.020807295242387256,0.014924908861179243
992,0.01957419177705652,0.017610750626772642
993,0.022542003221279673,0.014883467906408689
994,0.019686140259553432,0.015015068485147574
995,0.0208736111999451,0.017246231584894387
996,0.018476277499107387,0.01283910684287548
997,0.019919311871912596,0.014881158628585663
998,0.01890521215131918,0.015451170482926747
999,0.021655599269248572,0.017406673191792586
1000,0.021053291647956614,0.014725315723229538
1001,0.01968181695551908,0.01587538595777005
1002,0.01982458263691445,0.012624184135347605
1003,0.022220565940947568,0.017342395699498327
1004,0.019020599163092032,0.016077925387600608
1005,0.01988584442894334,0.012760296421633526
1006,0.021616640050759476,0.014728592560541902
1007,0.018437163318308553,0.015960278243503788
1008,0.018154747142327413,0.015720021805133332
1009,0.018397210696049396,0.017506636351092973
1010,0.02026586578496163,0.016050530068407006
1011,0.01910200703031059,0.013590590520338579
1012,0.019157920538514072,0.014870934061367403
1013,0.021314364205697055,0.016607887725430457
1014,0.015952863095656092,0.012879876165904781
1015,0.021671575215062622,0.015832231189547616
1016,0.01917070969381136,0.014093078545887362
1017,0.02094297172424945,0.013559992075897753
1018,0.019114970456292568,0.016482680295170707
1019,0.019273023187332834,0.012037321882830425
1020,0.01890804928340269,0.019093716030263087
1021,0.01856343982538927,0.016071869420226325
1022,0.02148389339112164,0.013710569092919204
1023,0.02029171119328965,0.013704391027038748
1024,0.01798482516899091,0.015119988704100251
1025,0.02036429267753376,0.013853508439338342
1026,0.019081987831253238,0.013411844868890264
1027,0.019905931996495537,0.014471437125890092
1028,0.018382224285703026,0.0176111074926501
1029,0.020314410307936456,0.01244598478925499
1030,0.01814361997925387,0.018177797361700374
1031,0.018742872670655615,0.01425321707078679
1032,0.016887946158982394,0.013687816787172447
1033,0.016626756645264695,0.012849409577690742
1034,0.01792532310573461,0.01927418107251552
1035,0.01862045699793301,0.01788090413901955
1036,0.019603218534466033,0.012894256548448042
1037,0.01882651664511988,0.013714114119383421
1038,0.01819945422562767,0.018840210194784133
1039,0.015650656918405594,0.012032809159295126
1040,0.017676172045509468,0.01332760020159185
1041,0.016770512074901815,0.013596221772869203
1042,0.01663232829477568,0.01323302589695562
1043,0.01791449569249421,0.015578667601485822
1044,0.01689792312123579,0.015003896127878264
1045,0.018478167644433316,0.015324630785140802
1046,0.016783282495616527,0.011376400711014867
1047,0.019341299631231733,0.013313266543925485
1048,0.016108470267794106,0.013444945994044909
1049,0.016559896293036946,0.014751048546961763
1050,0.016630491778980034,0.01260472242508761
1051,0.018034112283939058,0.012180061121894554
1052,0.016135803828441472,0.011778132418509234
1053,0.01740213217081202,0.015982109735804526
1054,0.015410325762010022,0.010919037021019241
1055,0.01922079080834371,0.013322674722241407
1056,0.012719831488719593,0.013408976151946594
1057,0.0156040701331494,0.013069746804169634
1058,0.017749170893070737,0.01464077159339054
1059,0.016928654139659154,0.012196886099197647
1060,0.01676135886920972,0.012843485117297281
1061,0.01643030471011494,0.012836571158417924
1062,0.01664049919931853,0.011838155629282648
1063,0.018313295696251626,0.015323158623439005
1064,0.017149633682622446,0.011483170494267886
1065,0.01749986394793353,0.012683344031260773
1066,0.016183090518308935,0.010910502253946934
1067,0.016364080482598548,0.01286872650962323
1068,0.0183478080866377,0.016262742764824492
1069,0.016604203919178984,0.010256732094355604
1070,0.015488673734028688,0.015929614458317785
1071,0.016351578532184444,0.01271426554938609
1072,0.016702794476869176,0.010480826519514349
1073,0.01587646342081468,0.013113016738894989
1074,0.014614315605844452,0.014458921208808368
1075,0.01450608925342783,0.011627416549758478
1076,0.014592543931517484,0.009973601946099237
1077,0.016755095414454572,0.011609526266428557
1078,0.014179337598829904,0.013675429117442532
1079,0.01413584744020571,0.012916141073219478
1080,0.01502084665084153,0.012978497850285335
1081,0.013811669247887666,0.009299346288158135
1082,0.013864472501454282,0.012841775166717443
1083,0.014593438890654497,0.010959281522611325
1084,0.015376778493883012,0.013640897232107818
1085,0.01570657169802135,0.010805470763113011
1086,0.016670113945665876,0.011499333174221894
1087,0.013846477395976975,0.014432033471001143
1088,0.014123902042232427,0.009434100896628066
1089,0.01516244364972139,0.013337577634956688
1090,0.015271230471714605,0.013895153904079714
1091,0.015420844576108768,0.010396674592894587
1092,0.012889139413526665,0.012994912759908899
1093,0.013772223102912474,0.011016787368465553
1094,0.012650861045561927,0.009128937497735023
1095,0.015494234396026152,0.01215473108459264
1096,0.01323336645898022,0.01032698845533146
1097,0.015223448168249165,0.010607774364127015
1098,0.013904954488162468,0.009350854268466885
1099,0.01303274074764678,0.012095523236150091
1100,0.01506569715781828,0.011896225898949937
1101,0.015918423592597805,0.011165845102037896
1102,0.015406754070174382,0.011071914590006187
1103,0.012642904371371989,0.011646995141001587
1104,0.013577134264737702,0.010626173091375014
1105,0.011863503517924846,0.008548540655862202
1106,0.013787105250475782,0.01247694506839087
1107,0.011835844168781341,0.011327028094621544
1108,0.016111653716711517,0.009324427228420973
1109,0.012926443427633704,0.009528800284235993
1110,0.014853560794772727,0.012164834209463814
1111,0.012628923866144393,0.008886656491085887
1112,0.013679831159695257,0.009478434994393452
1113,0.012710619334145431,0.010233858261596073
1114,0.014050993750967113,0.008860523452643643
1115,0.013934076829963409,0.010286329091865231
1116,0.012775004670470396,0.009644417875361714
1117,0.011241708414747698,0.009931872514161196
1118,0.012482391628489065,0.009120142161422833
1119,0.013422943475527152,0.011273933648639782
1120,0.013612518795113661,0.009754273521883244
1121,0.012747988755350813,0.010882989990270951
1122,0.012155593798429554,0.00969998868161135
1123,0.013797751052326031,0.010010106510228732
1124,0.013650330127136649,0.011481959542090242
1125,0.01215383769728048,0.008815390460023826
1126,0.012783260717778728,0.007725549226796085
1127,0.01339835696068875,0.009412072408436374
1128,0.011076463400368834,0.010599314848977056
1129,0.012265545821814949,0.008280813715166667
1130,0.011888419051239553,0.011881789150224491
1131,0.01229013249361783,0.012946243667763403
1132,0.011646207606887326,0.008587326261807571
1133,0.011539183727950415,0.009744672083549878
1134,0.013001488776326403,0.008220524336634711
1135,0.012339363844318782,0.010038789017760957
1136,0.012216872078704923,0.0092805112098259
1137,0.012145002051657729,0.008722629969600926
1138,0.012296428188876937,0.010770172685046087
1139,0.012015286337737734,0.007717906624417414
1140,0.010714864905937557,0.010897184679792686
1141,0.013194522523924652,0.00779240591112863
1142,0.012919084674745018,0.011434597714634781
1143,0.011830536934655257,0.008815874578431249
1144,0.010203226307260522,0.007235442140054974
1145,0.010623579743677534,0.009762397528075699
1146,0.01027099961373076,0.008999347326938401
1147,0.011142794447445245,0.010616764203983952
1148,0.012307118087281448,0.009193627386015247
1149,0.011829198681669177,0.009222749578343197
1150,0.011509346454805426,0.00717694699679586
1151,0.011489330060180096,0.007618040820075707
1152,0.011928530329705847,0.007948235957883298
1153,0.010695389179819811,0.00772526411508972
1154,0.010313037200394864,0.008434968534857035
1155,0.010796749409748597,0.010406987990295007
1156,0.010528523422610224,0.006701401688835837
1157,0.011282286887521044,0.008197421144524758
1158,0.010013652536390203,0.009200632688589394
1159,0.011314574643020773,0.009025395742024888
1160,0.010691337043259027,0.008801931197839704
1161,0.01018930065588614,0.00837623340670358
1162,0.010497415853378255,0.009427251675250855
1163,0.011270676765674621,0.008459465895694766
1164,0.010774052433306805,0.006872628984803503
1165,0.01014166044887532,0.007204507456415079
1166,0.0098452651419778,0.00714113838462667
1167,0.011870004264602947,0.01201361933172765
1168,0.011103014191368435,0.01079187555958263
1169,0.01051770103223315,0.007829084336249665
1170,0.009278091975254065,0.009664249437099154
1171,0.010447546011290412,0.00792441956317899
1172,0.010309845502122064,0.006596164693209258
1173,0.010041884017571081,0.009255230056375942
1174,0.009092153217434213,0.006973613159392367
1175,0.010330108217615984,0.006486977376467125
1176,0.010398923382790906,0.007831378120251677
1177,0.009665812592437205,0.007976390209726313
1178,0.00962370318405972,0.006588506808673794
1179,0.010331400902069798,0.007739420059475709
1180,0.009924198996122187,0.006657924153842032
1181,0.009522375472810832,0.006084260149774226
1182,0.010713677560345511,0.008574895312035964
1183,0.010730175972019744,0.007232963615520434
1184,0.00966361527634638,0.0068052872613241725
1185,0.009593187433698873,0.009158396352590486
1186,0.009451870150752505,0.0068353000890717585
1187,0.010039390164186781,0.005749970632181926
1188,0.010523449446419987,0.006180047756060958
1189,0.009652653649756301,0.010033030438617889
1190,0.01024866755702969,0.0075805401112037625
1191,0.009446355231692282,0.007104513912715695
1192,0.010618320381973455,0.007024558483284305
1193,0.009685250513660216,0.00857300281164829
1194,0.009475699291051774,0.0066814503145658155
1195,0.008951754797570937,0.006551720942793922
1196,0.009391247087301274,0.0061914979649538345
1197,0.009241420925640212,0.007573988801926713
1198,0.009996826174470145,0.009538252859122374
1199,0.00925738150463178,0.0058192452627488156
1200,0.008677187578034089,0.005478070572611283
1201,0.007916669955142262,0.006161629751493985
1202,0.008984553460241034,0.006321717201816765
1203,0.008692215113073921,0.00608742065643045
1204,0.009324938327436813,0.005597178295085376
1205,0.009719768964619225,0.005650829608467492
1206,0.010358334930564804,0.006510184940204702
1207,0.009158418527786875,0.005985230673104525
1208,0.009500797576365176,0.005449784580956806
1209,0.009948431018893415,0.005205194592814554
1210,0.009359727610139812,0.008904177219268273
1211,0.010077915032314004,0.0057100729847496205
1212,0.009060217357111558,0.005663611248812892
1213,0.009622981573005071,0.009829739092806862
1214,0.008967354218737128,0.006066008820198476
1215,0.00791506606506442,0.006657275567042895
1216,0.007951811411198271,0.006699694511057301
1217,0.007490881835546498,0.007526790781412274
1218,0.008586816419934511,0.005381826343099502
1219,0.009646373328295875,0.005081137324768034
1220,0.007312852798608805,0.006646892135243185
1221,0.007862885161704115,0.006136330352588134
1222,0.007116816421684701,0.005560049855954607
1223,0.007946023180355293,0.007708481867501343
1224,0.008135659259147523,0.0051822631238875065
1225,0.0071629652167471605,0.006118836156515913
1226,0.00815138004088865,0.005657870904542506
1227,0.008166355583188909,0.004800233735956929
1228,0.008216742593585775,0.007152890307638286
1229,0.00841799293983072,0.006015265783803029
1230,0.007834972485844116,0.0056078777415677905
1231,0.007653279270111733,0.0048469649839468975
1232,0.007742982943741123,0.006080261992544613
1233,0.007509195310332244,0.005027454314668747
1234,0.00818970075229441,0.006860172222580083
1235,0.00688476019891237,0.006336227281611751
1236,0.007936192429641938,0.006014087385582653
1237,0.009062721547478817,0.0051110104276714
1238,0.007917544235953231,0.0053545798556032505
1239,0.007894559296838632,0.005770382354967296
1240,0.008428384546427692,0.005338120062581517
1241,0.008599765092999524,0.00814502678853883
1242,0.007227385924145412,0.005026374499059536
1243,0.007051908116341195,0.004753959545103664
1244,0.008191999524120199,0.005559916883199053
1245,0.006970361528276337,0.008116757830562578
1246,0.00720475082135714,0.004397738513282754
1247,0.0069177190124402555,0.0052281508899547835
1248,0.007956718391135391,0.00708037519573488
1249,0.006744358786259698,0.004900791798718274
1250,0.007686489390746484,0.005839195456990803
1251,0.007427981398888072,0.005806584165177562
1252,0.007881599319715066,0.006328704560556534
1253,0.006991945496631249,0.007147743504240431
1254,0.0064676781743067254,0.0042914014034481215
1255,0.006198289153630032,0.00451892703263597
1256,0.0060908495891518364,0.0061372645564419645
1257,0.0077680047280556256,0.004583600696853616
1258,0.006903806783272868,0.004194744015959176
1259,0.007096628579991252,0.006008317032617263
1260,0.007103417588446694,0.004655838404274123
1261,0.006263655315638147,0.004236244204962118
1262,0.007745204202147124,0.007364198750689287
1263,0.006662245372428877,0.007137015599503436
1264,0.006518721706076955,0.005139396663501181
1265,0.006282215869954128,0.004932504464787516
1266,0.006596280562722784,0.004504835719920017
1267,0.005625936521866014,0.004363644341620701
1268,0.006321085962268074,0.005181650186634876
1269,0.006087456815893507,0.005356567514933307
1270,0.006546793254406265,0.003955005636354062
1271,0.006388984505463852,0.004371151814914562
1272,0.006157834131675266,0.0050815302529372275
1273,0.006093315261308006,0.006020434907193042
1274,0.005941830828353372,0.005655454984993081
1275,0.006625330495937599,0.00429741846693849
1276,0.005892574706041579,0.003929978067224676
1277,0.006508691484031829,0.005106908660805361
1278,0.006652071754612057,0.007752675634533675
1279,0.00644400908545441,0.006613447976467962
1280,0.0056670296829096165,0.00425835016225888
1281,0.005903249032697762,0.004076681967655366
1282,0.005687910299538896,0.005110256900397045
1283,0.005489412873062525,0.00474545751190321
1284,0.006038085689196147,0.005054496842521158
1285,0.005214723535161117,0.0041292133021422405
1286,0.0060230280440091415,0.004516335468823937
1287,0.0052764431716462645,0.005331570229662413
1288,0.005690091913949685,0.0046412621132648465
1289,0.005972520019231218,0.0036701243053275075
1290,0.006375390660429325,0.0042049471839246426
1291,0.005746984567444367,0.0036668007431382484
1292,0.005413231814859177,0.004259571824646132
1293,0.005468305814243881,0.0058179089259779585
1294,0.006235654258312246,0.004199068146673116
1295,0.0060745637884803035,0.0034874718403443694
1296,0.005609405950786134,0.00434186445702587
1297,0.00560384127921826,0.005268462515563111
1298,0.006005881751856107,0.004236664503960955
1299,0.005603772881074568,0.003914263766174289
1300,0.005325568430055951,0.0043925397542559285
1301,0.005003418525757638,0.003884439631788568
1302,0.005474958358217407,0.003666433823210272
1303,0.005721608666905415,0.0042482348984446035
1304,0.0062052256389336195,0.004756789715346796
1305,0.0046921722147934665,0.003282210895452987
1306,0.005336764139517417,0.0036457380893724885
1307,0.00588485992021775,0.004436318918702786
1308,0.004150274568952425,0.0035121692132882095
1309,0.0051078545976053465,0.0034430873876606875
1310,0.005554980980337001,0.0037915628927294165
1311,0.0051316209852500135,0.004369335831142962
1312,0.005453782661012217,0.003909689443058927
1313,0.0047403134572169695,0.002955872311510823
1314,0.005064845074679744,0.003170998174358498
1315,0.004781976251510645,0.0044094956247136
1316,0.0050495769584391,0.0036344547644892537
1317,0.005025361927944734,0.003018554300069809
1318,0.005515172965964128,0.0035307386636056685
1319,0.0046354734298706835,0.0031717894175513225
1320,0.00487962473979157,0.002873881349594078
1321,0.004390555127848233,0.005479208553548564
1322,0.005151845877536674,0.0032928600610995836
1323,0.004964437765637866,0.003016739924946292
1324,0.00454552395771561,0.002867103088647127
1325,0.005396635869817899,0.003482388099655509
1326,0.004611998383559231,0.0031679059876213696
1327,0.005150801469031233,0.0034882143372669816
1328,0.004896503329025895,0.004838169565614821
1329,0.0043630366238036405,0.003057171622375873
1330,0.004073210968810382,0.003180743584049527
1331,0.004324909384198459,0.003069170263849876
1332,0.004756028979340017,0.003232381063174795
1333,0.00454849497788352,0.00438976429392245
1334,0.003973468602286157,0.0031928870488296857
1335,0.0045402376609069576,0.0038165598102337258
1336,0.005114884692164005,0.0032501722664826298
1337,0.004188409001890863,0.003509949768406593
1338,0.004950915904513347,0.002620824464512142
1339,0.004272953687368261,0.004521411970596422
1340,0.004865811562186547,0.004275376360799948
1341,0.004916899156066056,0.003151485209607265
1342,0.0034521767321960086,0.002814029163511639
1343,0.003992921494868364,0.003102723329158669
1344,0.0037856333930924367,0.0030536817238581452
1345,0.003973509634980995,0.003131998147265139
1346,0.0039425440697690075,0.002835650467948819
1347,0.004344872193766779,0.0031074976617343386
1348,0.004070143285992272,0.0025785897689109497
1349,0.0038913465785176565,0.0028956390570701014
1350,0.00425362043572792,0.0024640810866416855
1351,0.004045693210783076,0.003345447894058783
1352,0.004162574416699676,0.003113930732731453
1353,0.004246194837335846,0.003223397291466509
1354,0.004088422011458472,0.0022954097313975744
1355,0.003906999174017138,0.0022329872696321795
1356,0.0037401872285910314,0.0026097982878458092
1357,0.004060880195572694,0.003087263683978976
1358,0.003349767472901929,0.002742242147426375
1359,0.003816490556891268,0.0035028387686576357
1360,0.003848964402936957,0.0024868586015972223
1361,0.003357716611924857,0.00297447021743706
1362,0.003689815840519937,0.003398299809883941
1363,0.0037625478423629582,0.0021718060703609476
1364,0.0040219664043478305,0.0022830529540607877
1365,0.003855415776874242,0.0023936804447492414
1366,0.003766708532941252,0.002460267696402628
1367,0.0036146264237243582,0.002357987279538065
1368,0.003453285926918077,0.0025810993657532063
1369,0.003855125322826346,0.00223942411089824
1370,0.003273861661940562,0.003864290061756037
1371,0.0035226288947454664,0.0031868392318508336
1372,0.0033463725003968466,0.0035373343959112058
1373,0.00399630415176603,0.0022218246330422435
1374,0.003362995303804508,0.002073085327124731
1375,0.003302641275726008,0.0030576655725863848
1376,0.00415976598251904,0.0026483314418741925
1377,0.003273780159442947,0.002782727655192668
1378,0.0037428434948656667,0.0020053989296271043
1379,0.0031924694366683337,0.002142437749584629
1380,0.0036075129522505993,0.0027770175894891672
1381,0.003960997638840242,0.004123951684133234
1382,0.0038624872577338295,0.0027446059869940987
1383,0.0038676110335210626,0.0024449195744554427
1384,0.00356626467542088,0.0023285989776592364
1385,0.003087145879808883,0.002451734651747922
1386,0.003334811215431949,0.0023696009831672363
1387,0.0034135333367026925,0.0037747944588772953
1388,0.0034818099166374753,0.0020549247909167952
1389,0.002926284834491403,0.0022352458697489715
1390,0.0032590024028503603,0.0018951975084333258
1391,0.0029066231290108702,0.002181650180401365
1392,0.0033334737939215947,0.0020924927666783333
1393,0.003419857687571466,0.0022877507184272295
1394,0.002596064777661129,0.0019013461741534147
1395,0.0024595884266152474,0.0027329188345571642
1396,0.002855865235967136,0.0018747855977959591
1397,0.002892827442480942,0.0019033158076292073
1398,0.003137752999750416,0.002511116091310131
1399,0.0027505117285410675,0.002809334284393117
1400,0.002915831676018093,0.0019307407730428333
1401,0.0030356281243390246,0.0021989675879012793
1402,0.0028952915598167463,0.0018519815004600043
1403,0.003286153825404548,0.002085691712140529
1404,0.0029754750779393906,0.0018469694319223477
1405,0.0029322069098175352,0.0018965544030916963
1406,0.003386983919578294,0.0024254359080011704
1407,0.0027996351456702146,0.0018518012525005774
1408,0.002477837295693516,0.0018234867867167022
1409,0.0022561403443994983,0.0019792868988588452
1410,0.0029080062668617075,0.0018467422289011831
1411,0.002752015921758132,0.001866752879736437
1412,0.0026489632711693477,0.0019910960796881805
1413,0.0023833122104406357,0.001779413946099918
1414,0.0027511512053160743,0.0021469618275825105
1415,0.0027753731160867637,0.002436044270077466
1416,0.002839461337837778,0.0022814003777139906
1417,0.002129315407353729,0.0021621432176537132
1418,0.0022888739143362207,0.002022772490322082
1419,0.002625908172420795,0.001633039045951922
1420,0.00240872048054323,0.0015076601491521367
1421,0.0024978347752271186,0.002732528183101253
1422,0.0024523372754928995,0.0021020318778358737
1423,0.0028334480940542194,0.0018867461225123736
1424,0.002475182489624547,0.0018216209957079793
1425,0.0029236626661337272,0.0018425257678080181
1426,0.0023203497994098154,0.0017428702598077837
1427,0.0024590934190745657,0.0018956095684023405
1428,0.002667767942311026,0.0018795630272837695
1429,0.002701319103157113,0.0015004644995893943
1430,0.0025066449716756966,0.00144761375320906
1431,0.002556438133999538,0.0014937353764914653
1432,0.002171717305085186,0.0014337121974676847
1433,0.002271126724224998,0.0015310486672784793
1434,0.0020501144737884234,0.0013065418461337686
1435,0.0025035354861647784,0.0015559032551457428
1436,0.0020493345338614024,0.0015331566127398137
1437,0.002309274621663636,0.002359034863977947
1438,0.0023253503105557815,0.0017599611693929712
1439,0.0020015122218943492,0.0019333968044851315
1440,0.0022887579132262127,0.0014402591570449824
1441,0.00220005221016119,0.0014161558647174388
1442,0.002298910453329595,0.0013799908814359117
1443,0.002286824488433336,0.0016067479922309178
1444,0.002227791392746685,0.0016242407331116158
1445,0.0020851014419162317,0.0012464225503870032
1446,0.001993162932453419,0.001878212781527757
1447,0.0020899643235550392,0.0014128957726908002
1448,0.0022356972841315725,0.00116108096501028
1449,0.0021785190145830425,0.0015124594448769296
1450,0.0018913696096226405,0.0020778807586545804
1451,0.002228404117978356,0.0018664569592643106
1452,0.002053103203037649,0.0013411105107727715
1453,0.0019239955941434909,0.0016548079253301364
1454,0.0021416804742779624,0.0014117185227488253
1455,0.00236941034223689,0.0017033521937926046
1456,0.001898489574629688,0.0015696828486397862
1457,0.001739710208799425,0.001286236989968033
1458,0.0020739471939678414,0.0014979256825013595
1459,0.0020371442830734205,0.0014369207519021902
1460,0.0016640765123306478,0.0011542611702514644
1461,0.0016668832177219543,0.0013453853475353258
1462,0.001650598207104965,0.0017585793221686881
1463,0.0019247626836938357,0.0019436260971071367
1464,0.0018773213811986121,0.0010850785633506762
1465,0.0018670827687512176,0.0010636368321932175
1466,0.001752541265764347,0.0010220167195339773
1467,0.0018212105915358478,0.001268529323913919
1468,0.002001108881609326,0.0015790033252084288
1469,0.0019055761229892154,0.0012502742253921249
1470,0.0016595282280566484,0.0012150041445486502
1471,0.0015143158270939068,0.001229398365301842
1472,0.001903903822341327,0.0010875627578405495
1473,0.0016820390620670013,0.0013148705488261344
1474,0.0016529499003768303,0.0017869886247684587
1475,0.0017051182657633716,0.0015520748989233239
1476,0.0017965235350625624,0.0011955591590694066
1477,0.0018307580660561218,0.001167139408855953
1478,0.0015107440875149036,0.0010732565583153205
1479,0.0018383440557668467,0.0012683333711307073
1480,0.0017379624751651108,0.0009246021932498975
1481,0.0018270075816507643,0.0014448891187467698
1482,0.0016901803665972325,0.0010361957564865324
1483,0.001427834461118733,0.0009623807934324511
1484,0.0016220488078885255,0.0009528412774670869
1485,0.0018863943191803295,0.0009654985677281564
1486,0.0015295505443455352,0.0010281848107379947
1487,0.0014102266432563966,0.0011979284847091715
1488,0.0014720126273187247,0.0008145422960462218
1489,0.001666966453151017,0.000838479307607155
1490,0.0017312360964087622,0.0008961498599753461
1491,0.0014492772403609162,0.000788811525456946
1492,0.001410385104129963,0.0008930117487166585
1493,0.0014529085050124242,0.0008222004927864128
1494,0.0014210662803235935,0.0008894988833079962
1495,0.0014643734905254863,0.0007856472591149875
1496,0.0013661308162618946,0.0009619077662302351
1497,0.001628553689272607,0.0020105743196009744
1498,0.0015469318445883553,0.0011082923162823797
1499,0.0016399687683656254,0.0013920224413265134
1500,0.001575763816491802,0.0014923997977431018
1501,0.0016076367187979963,0.0013010257978087545
1502,0.0015192633247951722,0.0008677337318658829
1503,0.001297911677914166,0.0008984375017462298
1504,0.0012551578065233954,0.0007293999528470026
1505,0.001700653442118861,0.0008532170375639743
1506,0.0012343524007322022,0.0010237697027729485
1507,0.001450928147840366,0.0007037252441725948
1508,0.0014947257148562355,0.00098364672687074
1509,0.0010799763162623853,0.0009401866250713779
1510,0.0013413119303369511,0.0009157185099452777
1511,0.0014072501607246223,0.000817427104762332
1512,0.0014353673621726115,0.000742235808336938
1513,0.001343351195841916,0.000854092202974822
1514,0.001190507981127428,0.0006785156834997575
1515,0.001133728242210681,0.0008314468776172197
1516,0.0012816035965708703,0.0006469481476497921
1517,0.0011771656010362706,0.0006726150062273849
1518,0.001233242576844181,0.0006776979544983161
1519,0.001137692033494596,0.0008046327804384583
1520,0.0011914054285874416,0.0006705698443428529
1521,0.0012578729815669496,0.0007262356441721997
1522,0.000997655215971381,0.0006880679575260729
1523,0.0010610463432113078,0.000872303170829334
1524,0.0012598737593816963,0.0006409201278901575
1525,0.0011644522547861386,0.0008701377466257492
1526,0.0013016620358759154,0.0007418409037530761
1527,0.0011056191636744732,0.0008224303826202893
1528,0.0010080869384380302,0.0007663695273963226
1529,0.001199548158006331,0.000652110397244211
1530,0.0012869208463387432,0.0005921147028195926
1531,0.0011205273311522402,0.0006471245486119932
1532,0.001020196631240348,0.0009477244338168847
1533,0.0010995193024223482,0.0006076583284249699
1534,0.001267947301910388,0.000707232017620382
1535,0.0010354392725820845,0.0007753935589624399
1536,0.0011160627981100218,0.0005943788776428185
1537,0.0010805899667124567,0.0006711615821007978
1538,0.0009139535407106696,0.0007896033150080422
1539,0.0010566606880898137,0.0005992018480107865
1540,0.0012182466873693304,0.000620331117798659
1541,0.0009413570113748675,0.0005443111281651495
1542,0.0010149083893801947,0.0005130017366768284
1543,0.0010093836376944049,0.000520335608267818
1544,0.0010759372090613853,0.0007254863052036275
1545,0.00084824574377025,0.000813341525579083
1546,0.0011048300129846297,0.0006454309808428992
1547,0.0009890730340820337,0.0005441364774014801
1548,0.0009719203217548043,0.00048361427616328
1549,0.0009063211051016446,0.0006276404336941513
1550,0.0009296545519036579,0.0007454202224669808
1551,0.0008557514196622782,0.0005304570182819258
1552,0.0009707358848017533,0.0009343015752330592
1553,0.0010035069657608252,0.000821407572154633
1554,0.0009002443895699658,0.000826166334181008
1555,0.0008519234590071919,0.0005002449113155969
1556,0.0011084992390593396,0.000531331001018936
1557,0.0009288655599223429,0.000668253147027413
1558,0.001050984682707109,0.000711157562115907
1559,0.0008196569497397079,0.0005102527105588127
1560,0.0009623573030639887,0.0004808103178881786
1561,0.000801924861137396,0.0005536216670985926
1562,0.0007254395057091469,0.0005001990145749667
1563,0.0008304558296719294,0.0005329685343233657
1564,0.0007506862643771292,0.0005870879990239205
1565,0.0008862456132410171,0.0004264126169304787
1566,0.0008889814055688708,0.0005616421403829008
1567,0.0007291966478064767,0.00043211745518915865
1568,0.0009168227968828174,0.0004238145484123379
1569,0.0009202334344428912,0.00048740577172297475
1570,0.000745488608243774,0.0005937188963633326
1571,0.0008626855942089292,0.0004074368149634789
1572,0.0007658794592919477,0.0004598040210442956
1573,0.0006580553971333883,0.0004046657043297521
1574,0.0007314231878491851,0.0004203392825068229
1575,0.0007406445863231151,0.0006351300640248651
1576,0.0008034236172793174,0.00040104410304179925
1577,0.0007718942610569619,0.0003721447944619947
1578,0.0008079272127851551,0.0004363128874419172
1579,0.0007148458389565349,0.0004912555695310319
1580,0.000675132834528702,0.0004583185863421849
1581,0.0007316756652134439,0.0005858756420903691
1582,0.0005973850667724309,0.0004055466799234802
1583,0.0007018149976029099,0.0004753850649153306
1584,0.0006739621225932843,0.0003585773467255587
1585,0.000805900565153232,0.00042611391241238874
1586,0.0008226442878912395,0.0003484123603398488
1587,0.000764308381984394,0.00039386920186436987
1588,0.0006785664558306002,0.0005182996855265545
1589,0.0009088644950584359,0.00034059324058365416
1590,0.000645967049102128,0.0003616149214477363
1591,0.0006039115948661854,0.0006235855835257098
1592,0.0007057329679033562,0.00038372719956731254
1593,0.0007219030860809728,0.0003350499636408958
1594,0.0006909432109403476,0.0003904640907421708
1595,0.000620129582522723,0.0003416708800200881
1596,0.0007538018492660887,0.00063266274810303
1597,0.0007515221064947789,0.00046177603177387607
1598,0.0006374125669741731,0.0004581654290880331
1599,0.0006815458751241729,0.00032010810867756265
1600,0.0006363256957620898,0.00039236395109169695
1601,0.0006403567344438606,0.00032826516491530293
1602,0.0006784483814814341,0.0003263891968262297
1603,0.0006570717889278401,0.00030896520845338023
1604,0.0006445620011901029,0.0002960725290573795
1605,0.0006484844434521534,0.00040739833903816446
1606,0.0006941764880135684,0.0006391450918851082
1607,0.0005147409586546322,0.0003474149244456467
1608,0.0005358891127358996,0.00032211684711827814
1609,0.0005629296306205027,0.0005158808628700419
1610,0.0006455702753824772,0.0005093428685954264
1611,0.0005704576595623591,0.0002901653695682233
1612,0.0006261255839762839,0.00027105702346571803
1613,0.000530430440152629,0.00028552537630523807
1614,0.0006325146360392595,0.00028747742776018146
1615,0.0005600828132836308,0.00029370277744336903
1616,0.0005236810802705307,0.00031991465551651675
1617,0.0006562742802065061,0.0005973467000744263
1618,0.0006637692779358407,0.00029232351516839117
1619,0.0005633262629631195,0.00034025310676290906
1620,0.0005341820860951302,0.000520913291025367
1621,0.0005384610165983146,0.0002886837782253596
1622,0.0004956512432894234,0.00032022052189197643
1623,0.0005713283406546137,0.0002454527030667205
1624,0.0005141542055940583,0.0002551437924425541
1625,0.0006078595123541531,0.00026569585448173297
1626,0.000481344730905449,0.00025483839272055775
1627,0.0005824216281775427,0.0002799174663695422
1628,0.0004951505476394354,0.00026021725551055914
1629,0.00048224990156283846,0.00029013771762203595
1630,0.0005865636319166209,0.00026550222802060574
1631,0.0003718526120260986,0.00028151114846960724
1632,0.00041040097915284924,0.0003349890347718346
1633,0.0005172530720219685,0.0002634534427091818
1634,0.0004184233514794361,0.0002542269609297033
1635,0.0004490606073348535,0.0002725328648177145
1636,0.0005115426335377402,0.0003866337911776182
1637,0.00043872482357424606,0.0002868310521907088
1638,0.0004646980185375622,0.00027916465875354004
1639,0.0005052161816885165,0.00033529534068127924
1640,0.0004311987269305265,0.00022954947780817747
1641,0.0005242482101551714,0.0002812520688166842
1642,0.0004644566109841724,0.00023216412889517167
1643,0.000449137464392414,0.00024817495432216674
1644,0.00045304444085715915,0.00038832224113734395
1645,0.00043818021623926996,0.0005642077627602372
1646,0.0004262905515562952,0.00028432272797958416
1647,0.00043799416733249913,0.0003332420922313097
1648,0.00040878223315010383,0.00031045546480031175
1649,0.0004242207057737442,0.00025818806236863816
1650,0.00042430824747968337,0.00020308144799359567
1651,0.0005036761285737157,0.000249310122771104
1652,0.00042707510634799824,0.0002788017783049409
1653,0.0004353263944715317,0.0002149750798707828
1654,0.0004246845706352922,0.0002602573116415773
1655,0.0004347882693062697,0.00023919224887239662
1656,0.0003567346195016259,0.000228892630151346
1657,0.0004945104407174478,0.00021326261180960998
1658,0.0005139280474667999,0.00032044725825967777
1659,0.00047589642070286145,0.00022820950901156968
1660,0.00040215323395741067,0.00021066451947924426
1661,0.00048731290702603425,0.0002964455695539734
1662,0.00041735917820302207,0.00036357230551816014
1663,0.00052602974505448,0.0001872568404492499
1664,0.00048047168815180605,0.0002071252185322175
1665,0.00044361223821608485,0.00019778535748958927
1666,0.0003923007636658031,0.00018995789584798993
1667,0.00036253733734847903,0.00023495159191291103
1668,0.0004590051551698271,0.0002655330446776299
1669,0.00038510474778819925,0.0001997851855280301
1670,0.00039177203808400137,0.00019243841961724684
1671,0.0004002067810582862,0.00022734514707487753
1672,0.0003791798980058998,0.0003151297898346622
1673,0.00044936845953269316,0.0002062099731781266
1674,0.0003754493903825652,0.00019780389001508328
1675,0.00034724013907800005,0.00019785398564470762
1676,0.0003554850682870865,0.00019231765988727355
1677,0.00034146261648257517,0.00022138677410442722
1678,0.00035089373846681376,0.00021525394351390952
1679,0.00045201639895072756,0.00022035801322834396
1680,0.00036755526931703524,0.00020148165905001488
1681,0.00044293196997012286,0.00022918478696903384
1682,0.00041541087121549255,0.00020552232903851703
1683,0.000436237241138882,0.00023483499766867183
1684,0.0003817579255540496,0.0002586302335575138
1685,0.0003931671651324418,0.00019155165103835645
1686,0.00035258440047063015,0.0001951326346236535
1687,0.0003690588541332395,0.0002563078158511251
1688,0.0003842712686399751,0.00028107917048394234
1689,0.000382359157606771,0.00019248199003579265
1690,0.000385215184398428,0.00018914346847767857
1691,0.0003787258070172421,0.0002181614843059585
1692,0.00035537819989367426,0.00020544457154094496
1693,0.00046418611764034067,0.00020775825594848192
1694,0.00037050783781994006,0.0001749976826514202
1695,0.00036732585117925474,0.0002264107441243885
1696,0.0003109361662674165,0.00018556631535334006
1697,0.00033746403652899076,0.00017987941894468597
1698,0.000357057588904824,0.0001902949059678411
1699,0.00028389127365198365,0.00018078418758126315
1700,0.00031766868942009096,0.00018756653430914
1701,0.00037732176782000003,0.00018498956209937617
1702,0.00035086628854055,0.00021663415761643344
1703,0.00036623369320731765,0.00022658790377053347
1704,0.0003420721893442955,0.0002707641334299379
1705,0.00040669874769935473,0.000225226060138084
1706,0.0003559979456886719,0.00024035832029767334
1707,0.0002991355134153299,0.00024594768580176276
1708,0.0003576097917945337,0.0002619055766527626
1709,0.00038820110278444764,0.00018390209879726171
1710,0.000337324501647464,0.00017768337883436206
1711,0.0003482260877983331,0.00017251523637572643
1712,0.0004376645466140105,0.000215990264802134
1713,0.0002997089892430475,0.0001654103497540663
1714,0.00029620984235642417,0.0001552076375281269
1715,0.00035561984910695966,0.0002018382233059542
1716,0.00031174652536542673,0.0001610701815066436
1717,0.000288944907354763,0.00016986953613178974
1718,0.0003101555519381517,0.00016436368274629456
1719,0.00033795704571565105,0.00020731413281861353
1720,0.00034964551605469083,0.000164458669711497
1721,0.000434132307800133,0.00020025524678534236
1722,0.0003652370415805849,0.00020146308551457795
1723,0.0003384123292528372,0.00016928139005110344
1724,0.0003046743212702025,0.00017464035375848073
1725,0.0003460324377001155,0.00016467530804220587
1726,0.0002982448593561611,0.000187392465952805
1727,0.0003307971114481098,0.00018452122987417334
1728,0.00031725347384571514,0.00017431508471914142
1729,0.00033827662016247653,0.00015163057634543458
1730,0.00029650063344193725,0.00023863676059673625
1731,0.0002686410880414769,0.00025351541857658464
1732,0.00033641810677614246,0.00016750171793815255
1733,0.00028376794371785325,0.00015012467338237911
1734,0.0003192328120566981,0.00016732933264310387
1735,0.00024541950857001686,0.00022855953218161383
1736,0.0003697484909785277,0.00015031230842313644
1737,0.00028357703616094433,0.00018829726270103657
1738,0.00027788215214805156,0.0001799983460428352
1739,0.00024816467113224336,0.00014957475386009636
1740,0.0003297629871681221,0.00016640120884403586
1741,0.0003219799294262036,0.00018274048571501308
1742,0.0002890471158652088,0.0001671308607249309
1743,0.0002961701788496547,0.0002303637652816674
1744,0.00032416707988695874,0.00024229316345140845
1745,0.0003522981699935007,0.00018302517128176987
1746,0.000294166782671195,0.00015854071799284694
1747,0.0003696626801329773,0.00018863176559203896
1748,0.0003361814254886132,0.00014853718552000248
1749,0.00026238473892658393,0.0001915779906663705
1750,0.0002471447495760201,0.00017610161342996764
1751,0.0002503969930814342,0.0001542650120840831
1752,0.0003484749662068983,0.00015672358660429546
1753,0.00024182234412453344,0.00019442533216947183
1754,0.00027023144053253396,0.00016551046163923192
1755,0.0003024096829508874,0.00017284935430242595
1756,0.000319308506596087,0.00016749795560661534
1757,0.00030720954656702105,0.00015442779509943318
1758,0.0002919993710931746,0.00018504442720189797
1759,0.00028243415517216264,0.00015493265726201406
1760,0.0002829794942450183,0.00019807711743686178
1761,0.00028681526442794373,0.0001755684722659432
1762,0.0002712784131181388,0.00016072679235631685
1763,0.0002274767461682806,0.00021976559549908745
1764,0.00029263679048897564,0.00016394596704313616
1765,0.0002886683046591053,0.0001948873503517296
1766,0.00029569437547694987,0.00016770386256129396
1767,0.0002772611452960706,0.00018836199226577512
1768,0.00027496931397082277,0.0001590590072737541
1769,0.00023383359931198328,0.00015471422573847866
1770,0.0002967455901365992,0.00014708589746574447
1771,0.00027654851598870917,0.0001616274464388632
1772,0.0002697018137130161,0.00020369885632217947
1773,0.0002865963581413613,0.0001890295464942359
1774,0.0002971959756735245,0.00015353178076276725
1775,0.0003568291680364999,0.00016293232527624986
1776,0.00029472445359293107,0.00015137271177743307
1777,0.0002984785142813352,0.00014641963538121092
1778,0.0002982364615385354,0.0001756523415679112
1779,0.00023496808357317042,0.00018879623960608362
1780,0.0002568945876620919,0.0001658401332943785
1781,0.00025563970352488147,0.00015474972745075567
1782,0.0002373207128547439,0.00018816757206381723
1783,0.00026151199920158765,0.0001390043707942823
1784,0.00026547892617797723,0.00015987545273012736
1785,0.00024938859506152666,0.00015904741898835212
1786,0.0002766139915410066,0.00017153436254540628
1787,0.0002637488817864129,0.00019385434643481858
1788,0.00032064704854941267,0.00015709223523365588
1789,0.0002911194364543767,0.00017312012575778434
1790,0.00025109301963454803,0.00020586330587816931
1791,0.000306853081870559,0.0002005407978603299
1792,0.00028255979869730967,0.0001545613876342858
1793,0.0002521565878074459,0.00022927246622698888
1794,0.00031383375207542994,0.00014620339061366394
1795,0.0002762370482122016,0.0001657817662238482
1796,0.0002533928423593246,0.00017863909174180165
1797,0.0002356399929156171,0.00014429186392755417
1798,0.00024377838003210208,0.00016130917554784736
1799,0.00031309208624703247,0.0001965516057680361
1800,0.0003041642247559677,0.00020774246579755774
1801,0.00030325770812817196,0.00014416960832684046
1802,0.00025618640034047934,0.00015761913660257548
1803,0.00026750854308187636,0.00018444667479012753
1804,0.0002937660800434356,0.00020070359923093665
1805,0.0002655936550581828,0.00015166276518191972
1806,0.00027948318405533805,0.00016718313269269527
1807,0.0002732804369474395,0.00022445986476007172
1808,0.0002614208908048755,0.0002747187311549417
1809,0.00027856744739945545,0.00015896291055965278
1810,0.00025281074814618765,0.00017702833230776542
1811,0.00025325246662780474,0.00015851797996385193
1812,0.00024698763420959684,0.00015337324955246666
1813,0.00027281207265550346,0.00015797873956299472
1814,0.0002849621986355528,0.0002222973489551805
1815,0.00025303770259566856,0.00015348971183729273
1816,0.0002929908300842392,0.00014285401729549366
1817,0.00021880075663819994,0.0001524322182045911
1818,0.00031138893499384435,0.0003894475878703154
1819,0.0003607223099354857,0.00025118240145357874
1820,0.0003202539470900471,0.00015505575985033911
1821,0.0002718551821478255,0.00027371871560304004
1822,0.00030080038702729324,0.00014251625775200822
1823,0.0002434579813037563,0.00013524368974189699
1824,0.00031140584889747033,0.00016569832058104856
1825,0.00024661144455554736,0.00022687749482098627
1826,0.0002678987594741686,0.00015443761433495885
1827,0.00027632865832297984,0.0001596961453535848
1828,0.0002907926981051344,0.0002788011955668811
1829,0.0002788739206534479,0.00016298308764817193
1830,0.0002554556139490187,0.00025410303384309043
1831,0.0002734812938177449,0.00017674899795978987
1832,0.0002875334047145569,0.00014601545725864443
1833,0.00028719866760807593,0.00018473280380765738
1834,0.00027479526061108614,0.00016506373636234045
1835,0.00027527871390382587,0.00016402936373858458
1836,0.0002868614039185007,0.0001725513467053216
1837,0.0002510811865839005,0.00024936618336307055
1838,0.0002796565446730578,0.0002068707875547592
1839,0.0002842453673127899,0.00017039189697243273
1840,0.0002246620769007306,0.00015999019325880164
1841,0.0002231964969727183,0.0001557331263690933
1842,0.0002406743727995027,0.00014268365240158428
1843,0.00024274366539126882,0.00018416330170690674
1844,0.0002562644734367386,0.0002415696812518449
1845,0.00023229321270216646,0.00017919085538861427
1846,0.0002613515187183932,0.00015879440144834172
1847,0.0002546156950605412,0.00017286034711684226
1848,0.00024131195886105942,0.00016723856275678952
1849,0.00021878169714460109,0.00014682692992871372
1850,0.0002722009556012207,0.00016246563411021435
1851,0.0002321425360677178,0.00018044456373900175
1852,0.00023513680403748673,0.0001532817586848978
1853,0.00029002693343309387,0.00025955173127427275
1854,0.0002800126462120324,0.00020536185713188553
1855,0.00024029247484332096,0.00014985635326328602
1856,0.00026722154971922847,0.00019872015896412037
1857,0.00026758744332098757,0.00017019691106477032
1858,0.0002839822848724229,0.00023309430451428688
1859,0.00032281606111061594,0.0001927954693779942
1860,0.00028122841383370636,0.00018249313209459862
1861,0.00025067317606061555,0.0002694000325970013
1862,0.0002910967877881134,0.00018303122669749428
1863,0.00024592954153543833,0.0001622148953505199
1864,0.00025595855015793937,0.0002516926622113467
1865,0.0002413581354126739,0.00017614699159325525
1866,0.0002597206821996537,0.0001542170000241392
1867,0.00021377769917989157,0.00016733782831579447
1868,0.00028741001199463504,0.0003623957057822157
1869,0.0002991400991216797,0.00024473585984775457
1870,0.0002756576219046914,0.00017124243260530585
1871,0.00025820484020169966,0.00017490822012239897
1872,0.00028478835093743456,0.0002766110317845067
1873,0.00025611492231390564,0.00017590633201920852
1874,0.00024017528758871749,0.00016927250147670168
1875,0.0002248577070718959,0.00016833433288742196
1876,0.00022896275475070975,0.00017696262379600242
1877,0.00027301034424453974,0.00018520850227849388
1878,0.00028094619044716635,0.0001486372149718756
1879,0.0002490712114682156,0.00016545373695077035
1880,0.00022012728236115115,0.00017997679506978866
1881,0.0003071298695444949,0.00028784053574781865
1882,0.00023271696054950455,0.00016257732865845108
1883,0.0002782039503128292,0.00015272251436148178
1884,0.00029519312810771906,0.0002588344531514767
1885,0.00029508046559947594,0.0001829857541121204
1886,0.00022594037038240971,0.00016253475636899978
1887,0.00020280607635057653,0.0002054496117952195
1888,0.0002507910111479545,0.00016254233725538307
1889,0.00022325534178406237,0.00016198601224459708
1890,0.00021459768837568967,0.0001570703633743423
1891,0.0002463640699266414,0.00015834276961289686
1892,0.00024796005485366597,0.00015027874443066222
1893,0.0002371993982791203,0.00014636647525052965
1894,0.00026853679659059583,0.00024360065766483206
1895,0.00032478604701823775,0.00018610128212127495
1896,0.00027273669695021226,0.00017029041522288355
1897,0.0002731593969506508,0.00016124375609003684
1898,0.00024236051526185725,0.00022893122910648924
1899,0.00023765419945029248,0.0002598080037304581
1900,0.0003053587697854454,0.00019456055253447795
1901,0.00024754592751184207,0.00024772701991340995
1902,0.0002444702337281465,0.0002896322072377767
1903,0.00026010753162212196,0.0001862257974855972
1904,0.0002715234956023901,0.00020149252999214116
1905,0.00024610451261961155,0.0001533678461617621
1906,0.00022797404430032278,0.00017939464570107785
1907,0.0002688913556401817,0.00019850490075028077
1908,0.000275864936173754,0.00025814648556247863
1909,0.000308992285569188,0.0001765604922018776
1910,0.00022917753641409904,0.0001943307652254589
1911,0.00025530860559624176,0.00016725794822295111
1912,0.00025441198923044285,0.0001525622693324377
1913,0.00026581966047208364,0.00015137686816822017
1914,0.0002643614136465661,0.00017292654427530414
1915,0.00023505913441624032,0.00016710750853896818
1916,0.00024491905073756494,0.00016245845935455608
1917,0.0002430009506102163,0.00019652859059120104
1918,0.0002543571027307963,0.0001658629745096815
1919,0.00021466749173297794,0.00015838148961351678
1920,0.0002894316758953509,0.00017990416249217972
1921,0.00024946720499810434,0.000162567490902306
1922,0.000248380311985399,0.00015392450189789417
1923,0.0002042762770566894,0.00015197942477904937
1924,0.0002462956948371077,0.00019668055458830415
1925,0.00022656984740283083,0.000152943661470834
1926,0.0002373999734853886,0.00016814619514413855
1927,0.00025005939431629783,0.00016717029343867168
1928,0.00024913091241723895,0.00031387889149217784
1929,0.0002602283605071367,0.00015624709406190297
1930,0.00023865549975992197,0.0001626742860852656
1931,0.00026154081995096687,0.00017563636802978263
1932,0.00024265856818908176,0.00024031574271661654
1933,0.0002636389983669691,0.00017533446953166276
1934,0.00022671832389124994,0.0001440472303577487
1935,0.0002713685958059365,0.00016491344616621393
1936,0.0002643013674301908,0.00014432730313274078
1937,0.00024268015827163915,0.00016334268597843632
1938,0.0002382350192808159,0.00031762868457008153
1939,0.00025605779509182166,0.00019341198838612235
1940,0.0002503407745637795,0.000168377926456742
1941,0.00029756210801934593,0.00019242235959444025
1942,0.00023072908238084004,0.0001496253674056127
1943,0.0002428380221351702,0.0004022523955262097
1944,0.0003294699062542704,0.000364862913887588
1945,0.0003799371029361943,0.00027600190448786384
1946,0.0003168901938115323,0.0002018600465486419
1947,0.0002478058176871201,0.00014319269526326522
1948,0.0002622532835736006,0.00013764932042580438
1949,0.00023049713992177986,0.00021903155257777226
1950,0.00021521286492380713,0.0001622025828592913
1951,0.0002579593913852453,0.00013959069077497009
1952,0.00020187894088518718,0.00024457994202913886
1953,0.000244930726769232,0.00017639430866851896
1954,0.00020880645220795792,0.00020755770509078337
1955,0.00023339759019527879,0.00016448043805377728
1956,0.0002351613759546286,0.00015527972639326683
1957,0.0002367937649501669,0.00021663009432483125
1958,0.0002237089933811823,0.0001765056427261284
1959,0.0002677457555143114,0.000167176234588789
1960,0.0002154752021644104,0.00017196465672565284
1961,0.00021599604818387452,0.00015152004462751475
1962,0.0002585230827940216,0.00015296451502680694
1963,0.00023799541627391753,0.00019634984610919756
1964,0.00026451045817744393,0.00016033261503749102
1965,0.0002708266485828648,0.0001980918869693679
1966,0.0002591315089975229,0.00019870764067904517
1967,0.00026236686361552484,0.0003813808619849045
1968,0.0003036311201922149,0.00027169416452207685
1969,0.00024984683378203687,0.0001578345767153554
1970,0.00025591509410595237,0.00014548404777253216
1971,0.0002457316384314165,0.00018348685625824146
1972,0.00020166732369109375,0.00024910260981414467
1973,0.0002807153943465667,0.00016730953542388636
1974,0.00025538026238791645,0.00019087426269172946
1975,0.00023374198710289523,0.00017926775961479342
1976,0.0002533391971325969,0.0001416523287347941
1977,0.000291667064374543,0.00015093445174650034
1978,0.00023756945149407092,0.00016724559298547155
1979,0.00021156419318410033,0.0001560440591261299
1980,0.00026773263589995267,0.00016174723251341757
1981,0.00022116582344716923,0.00022141175974287432
1982,0.00027861401777930754,0.0001537985438269309
1983,0.0002505452994977504,0.0001695871376961639
1984,0.00026638626392620307,0.00019491020463068378
1985,0.00022376787675237666,0.00017069225172731834
1986,0.0003003788254008374,0.00021307024607350203
1987,0.00024256689303069748,0.000148890526113312
1988,0.00022812427751011869,0.00016437664453405887
1989,0.00023155872996073314,0.0002472513416168195
1990,0.0002756514827405148,0.0001486374193601395
1991,0.0002651265369988071,0.00020603212231600827
1992,0.00022520554174685655,0.0001552750307548029
1993,0.00022531918950696313,0.00021626578911144117
1994,0.00027040782217145637,0.00014407169634399577
1995,0.00024262742905254906,0.00016969073145777327
1996,0.00022977904239163667,0.00015745518281950024
1997,0.00023573683389490436,0.00032051636728944936
1998,0.0002557011985015961,0.00017033720293759623
1999,0.0002774475803463598,0.0001458677503581963
2000,0.0002814218677032725,0.00018750082182867283
2001,0.00023099542292417464,0.00016168317101387814
2002,0.00026670836888023473,0.00024368802860408323
2003,0.00027519173672499507,0.00020333750448613003
2004,0.0002085604666329376,0.0001484350888693536
2005,0.0002454353707571329,0.0002235768558669158
2006,0.00024077482592385987,0.00014361969541906464
2007,0.00025019772716602554,0.00022335994865650056
2008,0.0002610119480597403,0.00014647640769412234
2009,0.00025996907598039047,0.00019954169163776731
2010,0.00024720575213118385,0.0001537126772745978
2011,0.0002596652347154999,0.00016152709576999769
2012,0.00020245997643286593,0.00016405993995828214
2013,0.00023589108201626285,0.00020115782734302974
2014,0.00019728251476074508,0.00014261687167824923
2015,0.000263223785517671,0.00014861597049854356
2016,0.00025692231783535236,0.00016499868533256549
2017,0.0002377103599510417,0.00023355749329890716
2018,0.00024218174732684364,0.00016971992259972137
2019,0.00027578807028694153,0.00026484620188553396
2020,0.00026380261546916467,0.0001575317444142208
2021,0.00021752611721328666,0.0001323652726238255
2022,0.0002456093723676429,0.00015721738732695073
2023,0.00026001043067041656,0.00025477816713894504
2024,0.00025573165168155554,0.00016670037240890616
2025,0.0002118017644275238,0.00015277332634220576
2026,0.00023251872602152578,0.00016073615816739303
2027,0.00019289852248169901,0.0001587148779601028
2028,0.00021714962014321532,0.00014897063341446813
2029,0.00020718943346849876,0.00021540626370221037
2030,0.00022978667696948383,0.0002180957642188084
2031,0.00025994119679987823,0.00016382314391772854
2032,0.0002231706293083532,0.00025105118038482033
2033,0.00023702086034066948,0.00016755401818293402
2034,0.00021236906092341864,0.00017616931886137039
2035,0.0002572129627476945,0.00014936546044323634
2036,0.00021260249942291724,0.0001431536389149683
2037,0.00023053376466709047,0.00017825683211082253
2038,0.00026004317842034995,0.00025414763579399073
2039,0.0002571506446884938,0.00014903763572378509
2040,0.000215581698911718,0.0001611679495412814
2041,0.00022492249786665433,0.00015994347367351028
2042,0.00023534625405899148,0.00013251586245711553
2043,0.0002236939877405072,0.00018329546781553125
2044,0.0002407166343409052,0.00017090278693517163
2045,0.00021222238426710642,0.00013922112620176367
2046,0.00024227635221632567,0.00016244470316451043
2047,0.0002493202853738592,0.00017990844009380618
2048,0.00022688678907028186,0.00019832514755597168
2049,0.0002050418347045727,0.00014155058438932016
2050,0.00023005026491177495,0.00015615558665806682
2051,0.00020604386604356156,0.0001573236937805301
2052,0.00024072412983078357,0.00019093630742810836
2053,0.00023704438179483715,0.00022713006083821793
2054,0.00023481675793420286,0.00020073298417793757
2055,0.0002632864206124181,0.00018642536451807246
2056,0.0002715169038027978,0.00015677721504206684
2057,0.00025391680864732334,0.00018315924865997988
2058,0.00024064368368231095,0.0001858974984233183
2059,0.00022437527532905536,0.00014724208780204538
2060,0.00021104829977545538,0.00027215399181427944
2061,0.00020985547149046375,0.000173109849129105
2062,0.00024224578436509418,0.00014615756894768722
2063,0.00021507990271182667,0.0002807850059153597
2064,0.0001993236230722932,0.00015437176228839564
2065,0.0002370657997614833,0.00014045535565607926
2066,0.00018724818395237936,0.00013864380856499668
2067,0.0002025407807110575,0.0001891100947349597
2068,0.0002525523175225569,0.00017121917070736262
2069,0.00023728086750353565,0.00021748945238703692
2070,0.0002523270403584361,0.00022399712973062626
2071,0.00018561308105190176,0.00019279424900146708
2072,0.00022326301503076292,0.0001462549520180222
2073,0.00024313808251817602,0.00017967073125129735
2074,0.0002614641884753432,0.00014592179517917842
2075,0.0002637620533680045,0.00022723596802362326
2076,0.00021524037447477227,0.00017367672262480482
2077,0.00022153593200844912,0.0001563928043734367
2078,0.00023180908181884218,0.00014418396891745613
2079,0.0002416619618531414,0.0002041641630719162
2080,0.00025988238924034706,0.00019459539246533743
2081,0.0002760695227489838,0.00027029915046031505
2082,0.0002048010966755373,0.00015059880421507512
2083,0.00022094156856871863,0.0001568393232777122
2084,0.00025934362692465443,0.00029958214674314314
2085,0.00021302708043552908,0.00018638405526871793
2086,0.0002706919096746876,0.00017998519483212888
2087,0.0002543089084771082,0.00015395624690096486
2088,0.0002442957720155078,0.00020676312057978728
2089,0.0002033518967811674,0.00015286488103976643
2090,0.0002350845901306007,0.0001627521798416803
2091,0.00022435366753349254,0.00014318533497068776
2092,0.00020691314546482058,0.00022816181114070457
2093,0.00021936664688496847,0.0001658843658250672
2094,0.00022636690625680214,0.00015579564867287198
2095,0.00018181116559999656,0.00029851884094320917
2096,0.00025962044348441457,0.00014885780117104085
2097,0.00023493623973152946,0.0002505306428330104
2098,0.00021491342335145866,0.00024018437993204728
2099,0.00024265206413699334,0.00018254888610416938
2100,0.000240417455902065,0.00017402832600055262
2101,0.0002051543157498879,0.00014784917882273228
2102,0.00021693297319135137,0.0002457659211358987
2103,0.00022466124828633666,0.00015443444036381234
2104,0.000247191082656101,0.00016991945416190322
2105,0.0002262157357837621,0.00014663319333604622
2106,0.00023680253310585987,0.00018930649920631285
2107,0.000248717208388994,0.00025655321157749063
2108,0.00025123080000201105,0.00022310601542068815
2109,0.00022387643796409226,0.00019971020413901317
2110,0.00022832762455647943,0.00018431896056757648
2111,0.00020246076103725403,0.00014701657445667396
2112,0.00020140973342694203,0.00017523008136777207
2113,0.000211882525867493,0.00015900397498956988
2114,0.0002795441209361278,0.00031021259862675584
2115,0.00024693876623493454,0.00014587087306691419
2116,0.00024694365219035176,0.00017163477291019675
2117,0.0002850945150586061,0.0002800625701307912
2118,0.00023391247369010658,0.00015197969630455853
2119,0.00024579945798659846,0.00017084258169316772
2120,0.00018860932546606714,0.00013859988625468262
2121,0.00024224259580611095,0.00015223865656563166
2122,0.00020613541069797203,0.00021017454789464617
2123,0.00023288815364037546,0.0001562503576596183
2124,0.00018954080135355727,0.00024376684847414833
2125,0.00020234937441041727,0.00016074063685002991
2126,0.00022488195279723013,0.0001433821552464823
2127,0.0002310426292826739,0.00014349625482943586
2128,0.0001699059739689716,0.00015119365905940703
2129,0.00025010897857764884,0.00016441994350977686
2130,0.00024757426297937414,0.00016146924760753544
2131,0.00019898669647483663,0.000179558795273558
2132,0.00028608346992121725,0.00017458756734744054
2133,0.0002545461030057823,0.00017107777536941947
2134,0.0002464930811846343,0.0002501632764258168
2135,0.00021617950826677518,0.000163380018255504
2136,0.00020401096953583136,0.0002063838315238668
2137,0.00027484754359869334,0.00023086246206234634
2138,0.00028067433693527316,0.00015690886158898303
2139,0.00024722835894025274,0.00016143245275915515
2140,0.00025540114400475825,0.0001407736935189777
2141,0.00025662575100203244,0.00015898207857389934
2142,0.00023490486351323178,0.00013888638105444525
2143,0.0002599953324043485,0.00015184152487728915
2144,0.00018194778851793263,0.000171951689646283
2145,0.000270043651609113,0.0001574411686636846
2146,0.0002543799703843082,0.00016708227287215942
2147,0.00024055682422683926,0.00016432520417517728
2148,0.0002710825818907365,0.00024421472996684975
2149,0.00025386675654462285,0.00017527715780571188
2150,0.00022028985412351872,0.00018701081981734288
2151,0.00022858762504290511,0.0001713452465165491
2152,0.00019822661124635488,0.00015164889241118956
2153,0.00021383558882423067,0.00024843866280703384
2154,0.00020851264533339146,0.0001395821607068435
2155,0.00021918217225561846,0.00023462410172214732
2156,0.00022711917699780315,0.00028142446469494394
2157,0.00025694897797958025,0.00019224043684186074
2158,0.0002422267422847422,0.00013499999410917306
2159,0.00027701931502861895,0.00025510016646215013
2160,0.00023398822496561438,0.00020750885464208707
2161,0.00023345198754346773,0.00013748554821094413
2162,0.00021696181230775467,0.00020230647681852463
2163,0.00022610504187169146,0.00016387557711409912
2164,0.00020475952564158795,0.00016038194884128063
2165,0.00019278942039655,0.00020976376518691805
2166,0.000218785762006839,0.0001733489374270324
2167,0.0002057661535327361,0.00016714423426575112
2168,0.0002058880282480929,0.0002715993475497023
2169,0.00021246019678891457,0.0002060191221641038
2170,0.0002603139304285625,0.0002041433472186327
2171,0.00020230711395904588,0.00019603837890000167
2172,0.00024788709798189443,0.00030308503019940957
2173,0.00023607080939665352,0.0001715542510448193
2174,0.00022617757161477517,0.0001507312846859515
2175,0.00022047161931705692,0.00017377564720597795
2176,0.00021841118835115087,0.00014967885387952927
2177,0.00024300901329777925,0.00014849231460671447
2178,0.00019587746570418738,0.00019326823497646149
2179,0.00021139715600031523,0.00014792578109667045
2180,0.00021611850930871408,0.0003575839774302122
2181,0.0002677106252288941,0.00014375001245008951
2182,0.00023446629963612902,0.00017499393850977702
2183,0.00022676385781502748,0.0001879688304391245
2184,0.00023720559962957135,0.00031193126514236525
2185,0.0002493842839340118,0.00016106236712816596
2186,0.00021550381621664167,0.000164126145219515
2187,0.00020854548524545458,0.00037154495128726757
2188,0.00022464443217212602,0.0001634259958584814
2189,0.00023225896956581338,0.00021544569079362026
2190,0.0002543591074069983,0.00021501958954931152
2191,0.00022248355545319813,0.00018854695438428527
2192,0.00024192501687922616,0.00027605977282457223
2193,0.0002203418117095908,0.00017097891990984365
2194,0.00022137187099108675,0.0002711462478724901
2195,0.000243103412879903,0.0001710674479743995
2196,0.0002200137495720752,0.00020884903113421223
2197,0.00026407222370774055,0.00024839622479207304
2198,0.0002724767601761046,0.00014918249474827792
2199,0.000220472579252948,0.0001456762256566435
2200,0.00021167272583700103,0.00020602106749058956
2201,0.0002183323421503316,0.0001466264273569157
2202,0.00020993579915255545,0.0001530954529946691
2203,0.00019588206688897887,0.00021736314837736163
2204,0.0002323890237655658,0.00019686110846867615
2205,0.00025387881724826626,0.0001463053386859511
2206,0.00022497547773839662,0.0001768493328365201
2207,0.000223105224172065,0.00017097524092109367
2208,0.000261839091374926,0.00025289995193650776
2209,0.00023071786187317097,0.00014075070529625836
2210,0.0002085741597399105,0.00014063007058046588
2211,0.00021688951158020575,0.0001452002437541854
2212,0.00016783275535767932,0.00021313325454353947
2213,0.0002397945008374932,0.0002068855030136712
2214,0.00022159211886070026,0.00016192142356885597
2215,0.00026008886342243837,0.00015649818835134448
2216,0.00022158099542030096,0.00019929053947139025
2217,0.0002381890994860278,0.00018210173584520817
2218,0.00021332714629594118,0.0002039492736168375
2219,0.00022539753472948732,0.00018685525620557283
2220,0.00023449650548803115,0.00029668451845116743
2221,0.00021471787596815563,0.0002344016194745729
2222,0.00019827022322729118,0.00016527971919541332
2223,0.00021727288636502772,0.000170441697264323
2224,0.00020409150828244618,0.00015703674646581268
2225,0.0002662958332018278,0.0002771887739072554
2226,0.0002442827106633115,0.00015991759110792455
2227,0.00020788582640831718,0.00027818908645051784
2228,0.00023977767479037412,0.00016587280697422102
2229,0.00020309480084612102,0.0001630669722461872
2230,0.00023705959296087674,0.00024168034592135385
2231,0.00024782033205077695,0.00016874778057998893
2232,0.00018234830671242936,0.00016482490371510556
2233,0.00020536273874408715,0.00013485443642738656
2234,0.00022103347350565947,0.00016406508670611814
2235,0.00022364478635258122,0.0002629145422939804
2236,0.0002445730579971625,0.00017086286838589743
2237,0.00025014494578894716,0.0001954154524190182
2238,0.00024314908736319132,0.00014801732091159053
2239,0.00021234278354361264,0.00019432376277770592
2240,0.00026150379715354815,0.00015615984565639255
2241,0.0002274008666233627,0.00016585153372778387
2242,0.00021569291448542388,0.00017700213423019952
2243,0.00021352992728915001,0.00014501418428897688
2244,0.00022087116618483757,0.00015796469630334866
2245,0.00027883757814444073,0.00013093897789737886
2246,0.00023900272867734778,0.0001377359764195386
2247,0.00019997151728548556,0.00015429633723132693
2248,0.00024205062950199142,0.0001918962569272315
2249,0.0002132262222781474,0.00014889137740035287
2250,0.00021862719632678208,0.00014970704664433882
2251,0.00020641723744944436,0.00015900285010998644
2252,0.00021480052185389613,0.00016912997208154675
2253,0.0002034495309352123,0.00019776996156327766
2254,0.0002206007625505656,0.00014499384120757566
2255,0.00023612617676352127,0.00018964527672241357
2256,0.00023699975390491262,0.0002487743860745633
2257,0.000260576706624691,0.00018920996246213855
2258,0.0002311843486410332,0.00022791228945028376
2259,0.00022118590220160196,0.0001722169485715726
2260,0.0002875463175500154,0.00013751573715126142
2261,0.00018503130992398377,0.00013807488523360172
2262,0.0001838459237037211,0.00022583362376529047
2263,0.0002417318325198503,0.00020730251757909585
2264,0.00020466281080615013,0.00016725014922320207
2265,0.00024058333879741335,0.00021124292569848794
2266,0.00019251331137597896,0.00017825367037651384
2267,0.00019297503792351176,0.0001486968936991285
2268,0.0002153152006953843,0.00016002238870979372
2269,0.0001992484565984723,0.0002998694703406231
2270,0.00023662325710734904,0.00014554600784322247
2271,0.00020364454756874577,0.00015169346376999536
2272,0.00020908583633598177,0.00023546805922788653
2273,0.00021684545922670374,0.00013883594411626373
2274,0.0002122815183999561,0.00016831936558115888
2275,0.00020711660958052183,0.0002068162357318215
2276,0.0001955401893157498,0.0001961709296500141
2277,0.00022339512328512631,0.0002511866894730536
2278,0.00024885902808471634,0.00017401160155052574
2279,0.00020870335761122825,0.0001903890853017484
2280,0.00019555559298128225,0.00020588618248108435
2281,0.0002091379800993663,0.00013332688467926346
2282,0.0001911142962955964,0.0001882253034802323
2283,0.00023199953881139458,0.0001501876987194092
2284,0.00022949108522348733,0.0001539296106949967
2285,0.00020227585974247944,0.0001495878700965973
2286,0.00021297083581162945,0.00015492051286194263
2287,0.00019723996583264223,0.0003878401912515983
2288,0.00022887097377755612,0.0001562871589571428
2289,0.00018422034460517547,0.00012918888321358034
2290,0.000208676679372484,0.00013418054798173463
2291,0.00022429038861187432,0.0001604028802830726
2292,0.00025804215747416575,0.00020888726827582684
2293,0.0002410554730164215,0.00019558646040836308
2294,0.0002558796415528394,0.00023490485843715513
2295,0.00023406496718839816,0.00014713377401097784
2296,0.0002069153334297526,0.00019588689809262922
2297,0.00021222574190353914,0.0001494455657600404
2298,0.00020036548635510775,0.00015362275470662016
2299,0.00022372264182413075,0.00031701594376830724
2300,0.000317095437484762,0.00020113075945780358
2301,0.0002843143880549968,0.00014331771738149902
2302,0.00021777246882075143,0.00025313373242335564
2303,0.00025654329309215566,0.00019254146197702292
2304,0.0002536124725355627,0.0001712876791399057
2305,0.0001974155993287169,0.00013203190709728833
2306,0.00020804868087025136,0.00013577617606973615
2307,0.00019815752403950146,0.000195362769194286
2308,0.00021909521382532262,0.00013985502102348784
2309,0.00019991405460632961,0.00013428233333715153
2310,0.00021776521368273134,0.00018490631323815748
2311,0.00019269591390415992,0.00013019031030125916
2312,0.00022621829550380188,0.00016897453976773912
2313,0.00025448504589456185,0.00017538662161148915
2314,0.00019632583866218518,0.000373088495424864
2315,0.0002406990475065776,0.00014364979274846107
2316,0.00019777451686766906,0.00013168272529252465
2317,0.00021986046809029908,0.0001965664169719358
2318,0.00019165231025043513,0.00016961361424447122
2319,0.00023003043800902864,0.000262174544993534
2320,0.0001999963401277874,0.0001523752322431061
2321,0.00020460218120512834,0.00020192899418444458
2322,0.00022865269684768194,0.00016732237393377793
2323,0.0003042566634811398,0.00018591536817521873
2324,0.0002189896044178346,0.00014095257078720763
2325,0.00021377950378088454,0.00016099909077059817
2326,0.00021305777865448052,0.00017716790369542485
2327,0.00021037950988401997,0.00022847896021134645
2328,0.00019918551002733745,0.0001638221772075419
2329,0.0002002228409608247,0.00015171711427022026
2330,0.0002495037319403742,0.00014608527511551404
2331,0.00021513596361098385,0.00018663664112947035
2332,0.00018324793753199357,0.00014859195884624072
2333,0.00019157742516814352,0.00013515088754833084
2334,0.00018300093711076535,0.0001641265076944943
2335,0.000199151527163161,0.00013948942102036779
2336,0.00022611369006946152,0.00014793390040391716
2337,0.00021367355989735252,0.00015337620078009257
2338,0.0002257196495755513,0.0001295123643516986
2339,0.00020690058890602826,0.00026870360968380487
2340,0.0002380976902952327,0.00017314963373461399
2341,0.00018010893073595698,0.00014040032163558698
2342,0.0001896301648829809,0.00015444779670691457
2343,0.00019883984127142971,0.00013436426425786604
2344,0.0001982612954910447,0.00017154183561532673
2345,0.00022671147642486244,0.00021967810872328383
2346,0.0002501587133177936,0.00018184138951420954
2347,0.0001879330137605022,0.000226794870369221
2348,0.00022655436560931904,0.0001911647810960527
2349,0.00019165885343464014,0.00013595073886046356
2350,0.00018603245220635408,0.00014656434028769252
2351,0.00021099624877371774,0.00014447012852708048
2352,0.00020629268815202032,0.0002617973950691521
2353,0.00021983036481032378,0.00019307457577352497
2354,0.00022112327887919078,0.000140619148871999
2355,0.00023603834510930858,0.0001603319562326016
2356,0.0002650246927767559,0.00013596425097520378
2357,0.00019116694365335063,0.00016139118617337027
2358,0.00020776878238380067,0.00014181833549545527
2359,0.00024205521575335678,0.00014001143459939738
2360,0.00022539150445941795,0.00015263767404989764
2361,0.00021013423817036917,0.00015173328839327124
2362,0.00021916240868367925,0.00013594137139576063
2363,0.00024385738548646552,0.00014871231145331296
2364,0.00020896315739567703,0.00015419997759057549
2365,0.00019393524495982443,0.0002166440119088458
2366,0.0002201615051411734,0.00015815224304043858
2367,0.000193635885466818,0.00016041756978004494
2368,0.0001907154212139847,0.00017053345006636599
2369,0.00020048717786348686,0.00014470987166119315
2370,0.00020475378469302414,0.0001945662806974724
2371,0.00022019509352309358,0.00018277608482590452
2372,0.00018252628693646623,0.0001412691050394311
2373,0.0001845173213991933,0.000181695365013597
2374,0.0002162901780346569,0.00015179582458751446
2375,0.00019823589602228924,0.00013494005576252346
2376,0.0001900344582094483,0.0001765458920007487
2377,0.00020747496471792626,0.00021586091051259163
2378,0.0002234300696277949,0.0001581737299354493
2379,0.00018310728942895176,0.0001462585040082393
2380,0.00020648001386672397,0.0002116299041187052
2381,0.0002018366277035612,0.00013933563472660765
2382,0.00019717684769061174,0.0001456912971413906
2383,0.00020549941202146018,0.00014212132356822787
2384,0.00018382844365156544,0.00016993658341975376
2385,0.00020231909786999812,0.0002142423671268096
2386,0.00022073512354495932,0.00016036187282059638
2387,0.00018828259213096794,0.00017736627540381795
2388,0.00019043893586017527,0.00014944387360380708
2389,0.00025303841547601007,0.000186964380687145
2390,0.00020889968147818768,0.00019019239070158537
2391,0.00026445036639776847,0.00040381085868416864
2392,0.0002750557851027139,0.0001338283545919694
2393,0.00019715652468745956,0.00018456368442540142
2394,0.00019610341547200043,0.00014230071974452585
2395,0.00020105384102405994,0.000144501550411488
2396,0.00021076561882110898,0.000166073990840232
2397,0.00020284813323863938,0.0001879321885512168
2398,0.0002018393160472711,0.0001781150402331894
2399,0.00025365736233271056,0.00017066037650114265
2400,0.00018438482904511988,0.0001459145281511486
2401,0.00019863044498845837,0.0001524349394127388
2402,0.00023778423942513903,0.00014985942834755406
2403,0.000213341664338453,0.00026717648275238884
2404,0.00020370571559063098,0.000322868559371934
2405,0.00021195456929320002,0.00014280406057051468
2406,0.00018573020073820224,0.00017813786358932373
2407,0.0002195575480106939,0.0001937149195741354
2408,0.00018164414661973088,0.00013450176001325335
2409,0.0002132932907746484,0.0001966414023296569
2410,0.00019679847075289972,0.00018753761039327153
2411,0.00020670258268506409,0.0001419646346634677
2412,0.0001813478012262296,0.0001425357325140133
2413,0.00022855886255568835,0.00013774891836378217
2414,0.00020939938896047893,0.00018150047782745042
2415,0.00021473188384886035,0.0001555206121834503
2416,0.00023969290928465179,0.00019015004694334823
2417,0.00031318161442565423,0.0001639284091652371
2418,0.0002374133102339431,0.0002769225737376308
2419,0.0002066669071388382,0.00019539374493020162
2420,0.00022888751499954794,0.0001616274396589936
2421,0.0002442699456360707,0.00021796434719528241
2422,0.00023833639566151754,0.00023227307776158506
2423,0.00022056893693969483,0.00013070920381737366
2424,0.00019821928247673373,0.00016586261468050495
2425,0.00018535268641022918,0.00016852259729851292
2426,0.00020712581849029142,0.00019560973702358422
2427,0.0002354181134329467,0.0001556187939554961
2428,0.00019603464508268718,0.00015323299290189013
2429,0.00018148890711508397,0.0001414456984837836
2430,0.00021581318908962265,0.00017101767695170236
2431,0.00019556792139656466,0.00014718189182035118
2432,0.0002214889028345057,0.00014980598643887788
2433,0.0001860201799276735,0.0001552603220757605
2434,0.00019625252660377865,0.00019338936544954777
2435,0.0002659348082512422,0.00016919440068622035
2436,0.00023711373804861764,0.00016073544396600812
2437,0.00020963854478211718,0.00014021565518553623
2438,0.00020156734233219803,0.00015418592440916902
2439,0.00019140091468754472,0.00017877243226394057
2440,0.0002353083965157539,0.00021293232169806618
2441,0.00022784476214234999,0.0002455559072338722
2442,0.00022249986428055871,0.00018271175874608824
2443,0.00018968263026004244,0.00013171213835118
2444,0.00021323610719795643,0.0001607007712168111
2445,0.00020660050957010666,0.00015642998650119725
2446,0.00023149079633379626,0.00019389072456926277
2447,0.00017120016996891756,0.0001305835622505666
2448,0.00021098492002596012,0.00019126617090395567
2449,0.00021003783876268186,0.0001395989298047921
2450,0.00022515346695519008,0.0001656912003950724
2451,0.00017148764090144255,0.0001531821756295606
2452,0.00022196451637829386,0.00018813435996311125
2453,0.00019609522377925644,0.00018462433548517186
2454,0.00023198167151206413,0.0001401352737130682
2455,0.00017571815691015436,0.00017436719810410233
2456,0.00019197562922660806,0.00014709953128741208
2457,0.00022602668803792153,0.0002528880894797939
2458,0.00021128832342535647,0.0001499654145763171
2459,0.00020726884452343573,0.00017859376847892153
2460,0.00020656222319500765,0.00018554283484594305
2461,0.000201719352074686,0.0001568434851254675
2462,0.00020693003086413324,0.00014493425194152886
2463,0.0001980049239906695,0.00019073495919160038
2464,0.00019578804211404998,0.00019889801478711888
2465,0.0001874905575458344,0.00014876586316280407
2466,0.00021426286962587901,0.00039222439425595275
2467,0.000187264518504474,0.00016190953928426924
2468,0.00019459366216978288,0.00014879231490671043
2469,0.00018063747101247114,0.0001589717682112347
2470,0.0001920229176644494,0.0001360406227335757
2471,0.00019264126358700266,0.00013652165481206876
2472,0.00021414193585262136,0.0004028482124505734
2473,0.00026391065090437756,0.0002697280506254174
2474,0.0002687332848887472,0.00016406144740440968
2475,0.00020120160457763597,0.00024300057636785576
2476,0.00019005835662362226,0.000155960495745107
2477,0.00019706824223725874,0.00015248399788767776
2478,0.00020617585363148184,0.00018751708491684192
2479,0.00018488865243035548,0.00017024060600140894
2480,0.00020214917270330648,0.00014771864185935226
2481,0.0002052008205643691,0.0002520789831495759
2482,0.00022607434757685197,0.0002619554156395183
2483,0.00020479967979860773,0.00015660936663731593
2484,0.00022741244327144396,0.00020257917111104524
2485,0.00019519562258128747,0.00016501499902171253
2486,0.000218891920790003,0.00013111235437628983
2487,0.00021426558805444742,0.00014805191312916577
2488,0.00016435336408576813,0.00014466603500874373
2489,0.00019535998805796236,0.00014698287734724792
2490,0.0002074378179839711,0.00016184504883395593
2491,0.00022021890192794918,0.0001319858836888505
2492,0.000193711996071079,0.00022411697798154572
2493,0.0002232294247685391,0.0001608861698927781
2494,0.00020505133429838673,0.00012453337397098287
2495,0.00019038053471874097,0.00013459637921187095
2496,0.0001959701793624545,0.00022090322520605034
2497,0.0002115673763474296,0.00013245511714062147
2498,0.0001967682965118996,0.00015283730383750728
2499,0.00021808888640124805,0.00020213497307188598
2500,0.00023570082885952673,0.00016903260521675375
2501,0.0001760557746690827,0.00015744314309400082
2502,0.00022892158381267684,0.00019989558561726219
2503,0.0002469822434880265,0.0002453416805523871
2504,0.0002310164337097022,0.00017838510856646198
2505,0.00023627851400585419,0.00028437760192900896
2506,0.0001990048636417236,0.00015248899713200942
2507,0.0001698114141250249,0.00015529131104069
2508,0.0002145402564899124,0.00015221088026671416
2509,0.00021455493909987004,0.00014618862521522468
2510,0.00019121169231872142,0.00017467488644549368
2511,0.00018846690434568355,0.00015032541639150375
2512,0.00024408653416855728,0.00023296696004267275
2513,0.00024344828128047315,0.0001753415721891956
2514,0.00020585274767463726,0.00022888469009723684
2515,0.00022937643629706322,0.0001554477442120763
2516,0.00021037544761060595,0.00015857721733813048
2517,0.00024699537961635643,0.0003625319804996252
2518,0.00021466307192936204,0.00013556609469973907
2519,0.00020169231625123837,0.00016060499977108768
2520,0.0002451500977905753,0.00020499836649502288
2521,0.00025289486072327914,0.0002300367870537395
2522,0.00025199463308443515,0.00013802638907443244
2523,0.0002136368487398262,0.00015288716911692808
2524,0.0002521965165460336,0.0003423626006803137
2525,0.00020845391587458886,0.0001592193134869872
2526,0.0002446481552540084,0.00014341388503618708
2527,0.00020127929779805578,0.00014285216920225966
2528,0.00019763208228540136,0.00014325954543892294
2529,0.0001770127997956019,0.00016381941069002178
2530,0.00019586563559662384,0.00017258567095268518
2531,0.00016319499767912125,0.00019594257570464504
2532,0.00018566949495763173,0.00013069689785797064
2533,0.0002053440097751696,0.00016139243796880527
2534,0.00019412515399374122,0.0001532559637615288
2535,0.00017380783480874608,0.00018653812201757154
2536,0.00018844516383883394,0.0001781731943165968
2537,0.00022885699718074406,0.00015417983575554734
2538,0.00017738738358857926,0.00016536548950667068
2539,0.00022049645861882842,0.00019059098121942952
2540,0.00019064885584859018,0.00013524641227294606
2541,0.00020571621937140098,0.00017445587821963602
2542,0.0002224807755468755,0.00015844880214320835
2543,0.00017831251881964338,0.00015118479363577947
2544,0.00021751792988066704,0.0001602959782758262
2545,0.0002178830280594793,0.0001436757606411861
2546,0.00018799192367395393,0.00017425263525762023
2547,0.0002466557132802234,0.00015904095529218796
2548,0.00018733152762153064,0.00017154768283944577
2549,0.00024772486189460517,0.00031755344124659047
2550,0.00025983115298235755,0.0001407643774820661
2551,0.0002031988720017161,0.00013147097938186064
2552,0.00020461005755187422,0.0001478431606136093
2553,0.00017036875408606722,0.0001673064421497243
2554,0.00016705307371352803,0.00014525681829333982
2555,0.0002219617682463779,0.00015899012545229527
2556,0.00021032867372194688,0.00015905498168484138
2557,0.00020183723291608048,0.00013355733873058026
2558,0.00018892833527678116,0.00026444233596769414
2559,0.00020441005079682622,0.00018462680931076068
2560,0.0002007090677559543,0.00027881859105863526
2561,0.000248865256195431,0.0002268470045898787
2562,0.0002317295517597595,0.0002650958221321079
2563,0.000219049964154406,0.00016072113926797598
2564,0.0002301980832666647,0.00014511009232426824
2565,0.0001871954617639899,0.0002353117101434195
2566,0.0002329923116169479,0.00017269652016693726
2567,0.00021367998464967818,0.0001441995277260007
2568,0.00021196071794064722,0.0002503901685651561
2569,0.00021581875549695604,0.00014663191210605544
2570,0.00019939615330589092,0.0001299580035265535
2571,0.00019434661299691356,0.00014733639876464042
2572,0.0001852854013790495,0.00029979957616887987
2573,0.00024989297234606736,0.00015353545313701034
2574,0.00022848121320902045,0.0001881644526623528
2575,0.00020050569705591862,0.00013564877934351733
2576,0.00019357519880266796,0.00016534929719372568
2577,0.0002059403778366005,0.00031594019145069814
2578,0.00019620822545067732,0.0001435730849731375
2579,0.00019586382576348155,0.0001443510903878963
2580,0.00021725197291927768,0.00013328671163683546
2581,0.00019342755839535584,0.0001757636220480146
2582,0.00018226412197527885,0.00012525350724569182
2583,0.00019073321182962703,0.00024021991438613358
2584,0.0002115777990613342,0.0001541160805076784
2585,0.00022293807667713223,0.0001754077371019362
2586,0.00022828754607486898,0.00016478930443885144
2587,0.0002415982753688937,0.0002781329153962857
2588,0.00022140776838589293,0.00019950968271587044
2589,0.00022566191697744338,0.00014854581009289674
2590,0.00017634116557700566,0.00016321483549704268
2591,0.000190475472680852,0.00013138757441827858
2592,0.0001859098150959929,0.00012247266237285328
2593,0.00017298975109631957,0.0001664942908312448
2594,0.0001991960873894048,0.00025830510606862265
2595,0.00019403010916770592,0.000130336628485979
2596,0.00021105195605315962,0.00017038625678238034
2597,0.00019095010627305295,0.00014562766938814258
2598,0.00020634443280051642,0.00016390619103648615
2599,0.00020145702131976783,0.00018762908637819982
2600,0.00018223859709844495,0.00016352886252041736
2601,0.00021058796078301547,0.00015973114370188506
2602,0.00018589454670332037,0.00012682319852915086
2603,0.00019996818636844026,0.00020513592145024714
2604,0.00019819199027797061,0.0001333785075985361
2605,0.00022402740776240616,0.00022806944418169388
2606,0.00017788319023106288,0.00012891685004102658
2607,0.00019833019793762612,0.00015456977995530576
2608,0.00022442180608627684,0.00016516532113283492
2609,0.00022568506722151884,0.0001632392242589214
2610,0.00024355451015263711,0.00017757824753061868
2611,0.00017429378157488528,0.0002309341520727189
2612,0.0001768902853682414,0.00019583492989609525
2613,0.00018033851210589517,0.00020681608822831714
2614,0.00019968743381536938,0.00014876097239638594
2615,0.00020610500790470032,0.0001558184091911905
2616,0.0002169074891361823,0.0002549239725340158
2617,0.00020415643048045411,0.00019148184186302717
2618,0.00019454452948106717,0.00017380546970261176
2619,0.00023659709003869068,0.00015946411109656435
2620,0.0002115021553446455,0.000162541497213004
2621,0.0001789525996353861,0.00018813149555088867
2622,0.00017896711934019537,0.0001328370096664664
2623,0.00019920605482456836,0.00019533721470824358
2624,0.00020699642547615543,0.00015028320508876774
2625,0.00024015187805349336,0.00016745631348219996
2626,0.00024163253112235682,0.0004276003905529664
2627,0.00029481957188706275,0.00023229117174527016
2628,0.00022586351173067875,0.0002442076709650626
2629,0.0002089620690132458,0.00017309258493531326
2630,0.00021847104108700536,0.00019729934071867981
2631,0.00018876529196695834,0.00018730561846909538
2632,0.0001833293395287406,0.0002191049736046063
2633,0.0001716482726537033,0.00028599986002187836
2634,0.00021157400302801715,0.00017872730503850934
2635,0.00017360430687172372,0.00016011340366358954
2636,0.00022150097007833574,0.00017080742095872253
2637,0.00020426851679825603,0.00014520477270707488
2638,0.00021667689781155078,0.00014688623692067765
2639,0.00016335736140905276,0.00015125688845397565
2640,0.00018896843125339082,0.00021002016993324187
2641,0.00019816002914898294,0.0001398153432422656
2642,0.0001715784545264936,0.0001297434578604721
2643,0.0002093721648341582,0.0002532122360373085
2644,0.00020054744666421346,0.00016564302148419137
2645,0.00021140414228216372,0.0001719238071845294
2646,0.00019709744797199826,0.00015633864611366087
2647,0.00020330665991811627,0.0002050084942972965
2648,0.0002088610067931335,0.00014040627667616883
2649,0.00019600487862232277,0.000239250031220515
2650,0.0001921768703873789,0.0001422788502002897
2651,0.00020698944472621476,0.0001401935032018545
2652,0.000208675925997487,0.000313608307888816
2653,0.0001900064276508666,0.0001327057510603812
2654,0.0001990807541142033,0.00017926599585652266
2655,0.00021283621457230984,0.0001585051273154518
2656,0.00018874116603604236,0.00012750725694455798
2657,0.00021434331238162982,0.00021879095914879474
2658,0.00019566635232246986,0.0001388155052898748
2659,0.00020683213200966028,0.0001492874630044257
2660,0.00020043237142662487,0.00018577908221314746
2661,0.00023634595289492407,0.00017496512935560366
2662,0.00017242810439513752,0.00026994733343599364
2663,0.00018372529673334282,0.0001723409884355285
2664,0.00020205951895310164,0.00018565071414658715
2665,0.00021542618831633573,0.00016812258400022984
2666,0.0002078825124685063,0.00021185286062642592
2667,0.0001747554267515962,0.00015826006247979504
2668,0.000192170387100383,0.0001704876035959883
2669,0.00019587147859934968,0.00016810760057110613
2670,0.0001780438130723194,0.00013041328665250066
2671,0.0002641640483093891,0.00014111907049399716
2672,0.00024250819616382488,0.00013496959648116237
2673,0.00026465674983477044,0.00019209023858738047
2674,0.00024350834275728393,0.000189254015326283
2675,0.00019160002968814712,0.00016195310771846297
2676,0.00019415123745701398,0.00014286157238529995
2677,0.00022376013382543786,0.00015661625663845123
2678,0.0002029764542616869,0.00018252304091054776
2679,0.00019975926980815743,0.0001381868291487494
2680,0.0002283081436296053,0.00015041990594578567
2681,0.0002154181220861717,0.0002406503315962089
2682,0.0002701286152824899,0.00017715171535118398
2683,0.00023139539065296423,0.00019074849114986137
2684,0.00016275596372610524,0.00019786125134983607
2685,0.00020986701143174764,0.00016304685149489987
2686,0.00021930718705082515,0.00016697811290875754
2687,0.0002537847610804416,0.0002049479305490174
2688,0.0001818821852684914,0.000154987017016207
2689,0.00020936676754515046,0.00015111870611276984
2690,0.0002052245822068904,0.000159474654620598
2691,0.00019410811318324405,0.00013804539164332462
2692,0.00023047333879288188,0.00013748232562317173
2693,0.00021353365443250137,0.00018552356844090602
2694,0.00025537020652397966,0.00015566787095105445
2695,0.00019642471069642708,0.00015418264642490115
2696,0.00021724136724365242,0.0001998684204987843
2697,0.0002049348478520303,0.00014584613117304715
2698,0.00018228113289167302,0.0002666372972519391
2699,0.00019833377678224587,0.0001700470119513656
2700,0.00018409054574520896,0.00014894438473592427
2701,0.00021611334414182976,0.0002538667613407597
2702,0.00020894078573356782,0.00015482136222999543
2703,0.00023688808659506677,0.00015247167241547933
2704,0.0001985905106634613,0.0001278456246919549
2705,0.00023494552799556334,0.00019831174854929983
2706,0.00018835370712268275,0.00017358398326905444
2707,0.00019434134888245589,0.0001742905796246222
2708,0.0002638401800665432,0.00022496056176764384
2709,0.00021931299642609148,0.00014596014146015725
2710,0.00024145040774459808,0.00016952588140901008
2711,0.00020659119126209048,0.00016987806686136702
2712,0.00023004718802647825,0.00019860032328076406
2713,0.0002403967159892666,0.00015124374344436959
2714,0.00021012544281840016,0.0002513756586598571
2715,0.00021193961063286547,0.00014153195049650756
2716,0.0002507189582389769,0.00022813523405189201
2717,0.00024184359013877308,0.0001654213027160784
2718,0.00022626768808318336,0.00013857422362145206
2719,0.00018108302515003593,0.00012745841807124882
2720,0.00021025440276317884,0.00015144449554844124
2721,0.00019699399704410092,0.00014518887209388512
2722,0.00018380293051981672,0.00015337868667715654
2723,0.00018527978523904702,0.00015836362449177116
2724,0.0001918078451262602,0.0001672797469919632
2725,0.00019774905643892414,0.00014134436142657333
2726,0.00019912129144440666,0.00025298300633122295
2727,0.00021254833839347146,0.00014365526029988277
2728,0.0001924881045974718,0.00014502285921480507
2729,0.000206157378558059,0.00014740482716164976
2730,0.00017858847283779152,0.00016460246181602335
2731,0.0002066622288070954,0.0001517760154621845
2732,0.00024048787414589863,0.0002257991707830859
2733,0.00020441751928118403,0.00015619198050196493
2734,0.0001989953224359722,0.00025224666453802706
2735,0.0001950723509638211,0.00012966871409761634
2736,0.0001694256689858166,0.000140046917791055
2737,0.00022233558833631355,0.00013436949542334662
2738,0.00022928609931536283,0.00018476173996036366
2739,0.00021252279209752641,0.00022023508790880442
2740,0.00019359763028023395,0.0001360172397901558
2741,0.00021203819658844434,0.00018668743591247633
2742,0.00017966407688887448,0.00016194496063028717
2743,0.00020943634085137438,0.0001441506306450306
2744,0.00023638385771826076,0.0001283979895974467
2745,0.00019726510391193913,0.0002227373406640254
2746,0.00020501705576327355,0.00014960085478709186
2747,0.00022001854641744972,0.00023249018572228536
2748,0.00023327539781760773,0.00013533075285853226
2749,0.0002125699761648896,0.0001318315149877559
2750,0.0002125051906840328,0.00017567235375860366
2751,0.00018830546975826448,0.0001838646679640409
2752,0.00019552282138691853,0.00014242733463602647
2753,0.0001901866806170045,0.00013432188643491827
2754,0.00020468199339151132,0.00014474335363378157
2755,0.00018437247975574186,0.0001368905432173051
2756,0.00019916902821204077,0.00021513515027684414
2757,0.00020843681917274686,0.0001426426644519035
2758,0.0001872291829662,0.00015147180899723688
2759,0.00016880020785798607,0.00014983773937935686
2760,0.00019950873662337437,0.0001363773970462551
2761,0.00020172283357952823,0.0001502017019612884
2762,0.00019256934529686631,0.00016284061447632584
2763,0.0002029097642512357,0.000132839659107214
2764,0.00018943367522229068,0.000187614177610323
2765,0.00021244103229806972,0.00012120578040511728
2766,0.00018464715434988256,0.00013449641582238573
2767,0.0002426625523072657,0.00012111791974430989
2768,0.00018223779750612917,0.00012969728049938567
2769,0.00017802554464154294,0.00019722024907506156
2770,0.00019541701492905783,0.00017235071043780243
2771,0.0002015831904034113,0.0001282882597231285
2772,0.00021268558666225147,0.0001496036956351335
2773,0.00018458144553092898,0.00013439020602328873
2774,0.0001813792541282154,0.0001939276381480423
2775,0.00021537839693814333,0.00021102229882010513
2776,0.00024970007902499607,0.00015041028448401696
2777,0.0002492261887658806,0.00015642638093347406
2778,0.00021314183269690177,0.00017813351934654003
2779,0.00020636056313528382,0.00015824642303579657
2780,0.00018973765671968264,0.00013171410517481326
2781,0.0002297028230022716,0.0002004756739056161
2782,0.00025274807522736125,0.0001600289192124778
2783,0.00023236791880135093,0.00022913158384405753
2784,0.00017775395865053328,0.00014491870851171288
2785,0.00019879336774084117,0.00013752551438466816
2786,0.00018059212604558535,0.00014066479608035561
2787,0.00018830408825284422,0.00017698716006138554
2788,0.00021758125425658226,0.0001401530209312279
2789,0.0002002088845568388,0.00017297602144853127
2790,0.00019663385510046126,0.0001417717553108973
2791,0.00022300377356024523,0.00015367953363403848
2792,0.0002293406555355851,0.00015218422711107203
2793,0.00022624122610661002,0.0001408343146481043
2794,0.0001984074439727858,0.00013909078155517238
2795,0.00018916294768527638,0.00016448556727316992
2796,0.00022319401031201322,0.00018783313399498266
2797,0.0002324809978104786,0.00022642220011965202
2798,0.00022324250018213656,0.00018505438062923284
2799,0.00024050481099467934,0.0001430059068793939
2800,0.00021534441123988605,0.00013520198659865525
2801,0.000183505907644734,0.00013931085851998597
2802,0.00019630503154896925,0.0001339431177753299
2803,0.00020696667623828246,0.00026229644308014855
2804,0.00020690542908013913,0.00014789371529001403
2805,0.00018544109725246856,0.00015467024009426083
2806,0.0001835391509773084,0.00017017269353593954
2807,0.00019140469873051965,0.000151741788034666
2808,0.00017611767805320096,0.0003081382112048397
2809,0.0001973599835982623,0.00015796045119548745
2810,0.0002636892417156267,0.00017151974051640454
2811,0.0002427425329034541,0.00013153882140283133
2812,0.00016786520591063236,0.00013294080252473412
2813,0.00017160309988448102,0.00024454969124318183
2814,0.00019207353603830805,0.00013626209726102058
2815,0.00015482773149973794,0.0001624090753631952
2816,0.00019090664417139336,0.00017020045693656854
2817,0.00019636198442057822,0.0001925985316947018
2818,0.00019099103497892395,0.00014061752682953903
2819,0.0001913218170710515,0.00026769808027893305
2820,0.00020527237399384443,0.00014252303563725118
2821,0.0001856558483132346,0.0001324607900724831
2822,0.00018025492917491675,0.00017781698459822854
2823,0.00019324639620702392,0.00015665144746890292
2824,0.00023675741617348086,0.00013388409388426226
2825,0.00018959398200902878,0.00017355109527918765
2826,0.00018716440056468106,0.0001671998242355502
2827,0.0001887566749440778,0.000136874158752934
2828,0.0002026291295305271,0.00012810240150429308
2829,0.00017993437675218541,0.00013664268011449497
2830,0.00016892479146413908,0.00026413867586101827
2831,0.0001989470842540306,0.00016811433041849259
2832,0.00021083197972391932,0.000148760473166476
2833,0.00023267282453611534,0.0001933352859024043
2834,0.00020474787879550362,0.00014167359702035108
2835,0.00019764082705992718,0.00021214748597809705
2836,0.00020600683801399354,0.00015162790210028604
2837,0.0001795275610664943,0.00019879192437987183
2838,0.00019182521251007593,0.00015131380760894072
2839,0.0002302720273251049,0.00026709153660869396
2840,0.00022448006895726567,0.0001281700702251824
2841,0.00021372291072854278,0.0001467763272971338
2842,0.00019442009112155867,0.0001250666391570121
2843,0.000194344936256569,0.00016977284097017466
2844,0.00021967486413422457,0.00015247211922542192
2845,0.00017738010742658424,0.00019720727008957923
2846,0.00017697173897796118,0.00014887020535587163
2847,0.0001779048634284919,0.00013605734065177703
2848,0.00020549913185621588,0.00016354602650442922
2849,0.00018576215839271576,0.00018470607871925247
2850,0.00022669614889800254,0.00017123335899007296
2851,0.00020187732559534606,0.00013643364697848236
2852,0.00017983352828717246,0.00013456147181304087
2853,0.0001891262001752128,0.0001373354165976211
2854,0.00018939264612455507,0.00016017143670152026
2855,0.0002012766099993614,0.00014880313458640805
2856,0.00019595046601369838,0.00012910450062587518
2857,0.0002260844406108494,0.00018472781680016354
2858,0.00032275885638732057,0.00014464722798121247
2859,0.00027315288161674047,0.0004421635636721145
2860,0.000263006251035232,0.00017451062707219865
2861,0.0002431496964725718,0.00015326073877407578
2862,0.00022474355936902382,0.000130325479734562
2863,0.00019040038887226487,0.0001374461717205122
2864,0.00021335781680085185,0.00016845855068161407
2865,0.00018847718787624165,0.00014356513681625736
2866,0.0002168186240779822,0.00016201539520724592
2867,0.0002402846322875393,0.0001385293355931274
2868,0.0002202833164984723,0.00013972676457673185
2869,0.0001971917781055153,0.00013318701795386997
2870,0.0001801371750768888,0.00015171492189190096
2871,0.0002188932709025275,0.00026361010399837556
2872,0.00024108487388035387,0.00032253004147523
2873,0.00020419657518145408,0.00013577717816753483
2874,0.00020651851570009593,0.00014546542760482143
2875,0.00021385501770211963,0.00022631570870792282
2876,0.0002376580512114497,0.00015835224158680913
2877,0.00024694644223396365,0.0003047213619786569
2878,0.00020632076599070112,0.0002264638513390144
2879,0.00019548447188539326,0.0001859504025725817
2880,0.0001847675833297363,0.00013947078902922593
2881,0.00018559892544473176,0.00012337913060698403
2882,0.00018586559242513102,0.00014499719095924362
2883,0.00019158721838908598,0.00013637628713199362
2884,0.00020342148076969615,0.00012448746201698668
2885,0.00018588397939678993,0.00014218848842905243
2886,0.00018827910076134422,0.0001542660288991597
2887,0.00019749323573126546,0.0001379199294950178
2888,0.00016075461086545014,0.0001492358023824636
2889,0.00020149198412190608,0.00018555468308146703
2890,0.00018876747878735766,0.0003062312435676259
2891,0.00024179686704556343,0.00022166922082595357
2892,0.0001664633064989475,0.00013541353572773832
2893,0.00019679289458978796,0.00015502775502020748
2894,0.00019528337035760673,0.0001327779550179416
2895,0.00017449613429487365,0.0002002741318640553
2896,0.00022054089907790474,0.000146070765781174
2897,0.00021430453551978516,0.00019718324223173443
2898,0.0001910637662142571,0.00016631891048746184
2899,0.0002210351529710818,0.0001610318729283542
2900,0.00020071151850013452,0.0002045772853307426
2901,0.00019772623682853309,0.00016267140612895176
2902,0.0002619150217425441,0.00014589401871489827
2903,0.00023451602767258256,0.00013192794656127015
2904,0.0001889824776121935,0.00017143485886415212
2905,0.000204004038246052,0.00012939756437514336
2906,0.0002008937220769317,0.00014668252697447315
2907,0.00022828526785536164,0.00013090278959928335
2908,0.00017746892243873132,0.00013566767632834274
2909,0.00018684581920431757,0.00013414455712667075
2910,0.00018373783372607682,0.00031315181430810213
2911,0.00020564250972414955,0.0001487021687683988
2912,0.00019997009730196737,0.00019026106267781208
2913,0.00020135093319787007,0.00020076273556862196
2914,0.00024335042003207328,0.0002476526430903257
2915,0.0002480645358882067,0.00013681187688648194
2916,0.0002359904758483939,0.0001865152060583403
2917,0.00020431878614415543,0.00016671166800237685
2918,0.00019073186618623006,0.00014298547863621604
2919,0.00020000158759202,0.00014734011611753058
2920,0.00017103196416278667,0.00012916223270374096
2921,0.00018215525773491656,0.00015310596592660824
2922,0.0001876943256167088,0.00012007197834794748
2923,0.00019217883838403425,0.00017438827258460648
2924,0.00020325378422609666,0.00016340461959109896
2925,0.0002703733366939382,0.00018168685015883636
2926,0.0002451956429961748,0.00015065471498845992
2927,0.0002097735809962778,0.00013515917287970132
2928,0.00019968987635706555,0.00013933920110337732
2929,0.00024216108322570846,0.00015591115251564506
2930,0.00021785036233438646,0.00017866435188228604
2931,0.00021083177850417766,0.000159908603812007
2932,0.00018789910452792679,0.00013234661905285478
2933,0.00018771798261624416,0.00015405766052109274
2934,0.00017613208976317867,0.00012766623711451592
2935,0.0001777894851622566,0.00014004970812080003
2936,0.00018982954628718495,0.00016073669923405924
2937,0.00020624702080843574,0.0001251398561263076
2938,0.00020064612450941435,0.00011987798180515793
2939,0.00017790294660879682,0.00016335020534990525
2940,0.00023658461866582907,0.00018124189756979996
2941,0.00019501827539281381,0.00013056570208970118
2942,0.00019423939039789435,0.00018471161390400746
2943,0.0001768384777704491,0.00015047426330221987
2944,0.00020469093919502334,0.00013739013295641846
2945,0.00019583195973970764,0.0001926897411150011
2946,0.0001866887989022319,0.00014563698774013162
2947,0.00020580342789570808,0.00013567533262010494
2948,0.00020053552515754191,0.00022951866015897724
2949,0.0002009701237739988,0.00017895440495604734
2950,0.00016951213003492003,0.00013249368831483562
2951,0.000217957591637097,0.00017303559566657483
2952,0.00016675482746928734,0.00013798745964198713
2953,0.00018088955503900637,0.00012782796925007872
2954,0.00023776646592298502,0.00024399359377143398
2955,0.00020699014253687629,0.00018121209160943346
2956,0.00017241636971979707,0.00012336272497619078
2957,0.00019144765745581578,0.00011634946647311814
2958,0.0002241908700256835,0.00021298469734822655
2959,0.00016868139078887701,0.0001459872288581788
2960,0.0001898782873822268,0.00017968584076945925
2961,0.00023179321063896956,0.00014008018933964195
2962,0.0002154925441777522,0.00017190853726457465
2963,0.00018596390015027076,0.00023633368718120354
2964,0.00021888412930217853,0.0001252031060258477
2965,0.00020507834450610344,0.0001771247870320539
2966,0.00020592477725694925,0.00023012018275701186
2967,0.00019875729414250715,0.00015529625662483423
2968,0.00019668864941072725,0.00013415984523651952
2969,0.00019281677276503,0.0001220637502476827
2970,0.00018843406672268575,0.0001700374725094827
2971,0.00016566836717167924,0.00013420227035319178
2972,0.0001781360112548778,0.00014224054955940863
2973,0.00018115540904695802,0.00012234125394818628
2974,0.00019237456415092732,0.00018199489105344665
2975,0.00019945284364350865,0.00021733418080574748
2976,0.00024179464305510348,0.0001684770187156656
2977,0.0002170860224965025,0.00032057929440105164
2978,0.00023084517497170808,0.00014382775539574638
2979,0.00018972181322660003,0.0001365523853151403
2980,0.00022982783381886472,0.00017497142595278672
2981,0.00021197484823184484,0.00016174514596720903
2982,0.00020051329168412584,0.00014608941141473636
2983,0.0002484480141442311,0.0001931997341506014
2984,0.00019367119914996838,0.0001523167689315001
2985,0.000181238686224212,0.0001284875192637132
2986,0.00017801918054944819,0.000146306043792389
2987,0.0001862268108017359,0.00014949342320588502
2988,0.00020446549577390853,0.00014225669094065034
2989,0.0002293659362999534,0.00014163555897539482
2990,0.00019851442420338927,0.00013798462896374986
2991,0.00017957143498190472,0.00013696345724218355
2992,0.00024169968564956263,0.0002308101671091704
2993,0.0001727033800869301,0.00015194188282211226
2994,0.00023428897501129921,0.00020140823984217025
2995,0.0001866604148738142,0.0001428653241336261
2996,0.0002505076297668719,0.0001912111557348081
2997,0.0002978898321382164,0.0004369540421810763
2998,0.00027735258288217587,0.00014417570789439858
2999,0.0001951975143030164,0.00019332994931821966
3000,0.00018514662660346174,0.00014637022402232768
