epoch,train_mse,validation_mse
1,0.15031821727752687,0.17427296492091396
2,0.053412175426880516,0.04117236654573714
3,0.03821688170234362,0.028191364822331925
4,0.017150031154354414,0.04148674446936936
5,0.003909220220521092,0.08739786643033837
6,0.0053047306214769685,0.10663719588552999
7,0.0044672387031217415,0.08198127089536678
8,0.0028895294138540826,0.05518365006523523
9,0.0037306543439626695,0.0486395947243038
10,0.003570079384371638,0.06036601230850694
11,0.0021168401464819906,0.07528356778604245
12,0.0017017677969609697,0.07845217647433977
13,0.0014970576701064905,0.0703797452805335
14,0.0011867831461131572,0.055000597839815576
15,0.0012207578091571727,0.04983498378281008
16,0.001152661240970095,0.054339362711411474
17,0.0011510774958878756,0.06003137588588118
18,0.0010814224525044361,0.05651393384612792
19,0.0009756133037929734,0.054931282909990053
20,0.0009677243884652853,0.05389863982448104
21,0.0007867082545999438,0.05520338944175787
22,0.0009327342811351021,0.05552926180306931
23,0.0009321828450386723,0.05464752826687188
24,0.0008557425307420392,0.05434682069901835
25,0.0009398003186409672,0.05237196571035692
26,0.0008863771605926255,0.05221068824243824
27,0.0007988520451666166,0.051561434998324045
28,0.0008837328913311164,0.05047322395775053
29,0.0008793148367355267,0.048615055714260065
30,0.0008672794909216463,0.04996319400549632
31,0.0007702302110070984,0.04899955096474865
32,0.000843825036038955,0.04786379827044861
33,0.0007892805481484781,0.0490889307873988
34,0.0007803160309170684,0.04767297166917059
35,0.0007878912923236688,0.04712349877894273
36,0.0007696368033066392,0.045655821509964285
37,0.0007153169698237131,0.04486688836450465
38,0.0007868951574588816,0.046863383629865814
39,0.0007976077904459089,0.043158333748579025
40,0.0006238669389858842,0.04450928997139485
41,0.0007426943241929015,0.04298723152462851
42,0.0005760772076124946,0.04301466657752879
43,0.0007263365162846943,0.042829664478525084
44,0.0006965159399745364,0.04046663405558868
45,0.0006833000884701808,0.041310229431293165
46,0.0006638599482054512,0.039737631005850454
47,0.0006714263775696357,0.038706250902679235
48,0.0006761695335929592,0.040655342567908134
49,0.0006696730464076003,0.04083933107206347
50,0.0006390998605638742,0.037866930341162876
51,0.0006800839929686238,0.03529178246594312
52,0.0006348805502057076,0.03907607027400307
53,0.0006190389258942257,0.03734993318106696
54,0.0006043088428365688,0.03454736303211304
55,0.0005796094580243031,0.035196728677603234
56,0.0005723304231651128,0.036301098872869336
57,0.0004645468608941883,0.03569300172098896
58,0.000561788499665757,0.03342690887419801
59,0.0004105995253970226,0.034121140140539026
60,0.0004310639187072714,0.03474083250900458
61,0.0005503551568835974,0.03441742975373714
62,0.00040870472439564766,0.03187682976325353
63,0.0005345763405784964,0.03183676110722168
64,0.0005170936812646687,0.03111878638727623
65,0.0005034720175899565,0.03149845675505393
66,0.0004852609010413289,0.030475311220912207
67,0.0004758869550035646,0.030441302109008642
68,0.00048523096290106575,0.030289691159425425
69,0.0003665305072596918,0.030898710462259272
70,0.00046998158019656935,0.029384183430532267
71,0.0004370450100395828,0.02718786566316733
72,0.0004609927476849407,0.028745295109543188
73,0.000455269372711579,0.027971752521674536
74,0.000438813102664426,0.027886941114015747
75,0.0004312089993618429,0.026630776024788444
76,0.000428414517470325,0.026173765340830848
77,0.0004175256821326911,0.025846426827255745
78,0.00040806590501839913,0.025777436395268343
79,0.0004038414558939015,0.02409423984674334
80,0.0004024853619436423,0.02487006514436669
81,0.00036564364175622663,0.02500335071018042
82,0.0003738415737946828,0.024617474177601743
83,0.0003617994797726472,0.02205335721373558
84,0.0003617061690116922,0.02347992358957989
85,0.0003506106130468349,0.023380582052016118
86,0.0003716610410871605,0.022416476911881512
87,0.00032559267710894344,0.022868855404313545
88,0.000324503091784815,0.022317792343422335
89,0.0002718302110830943,0.021684491146377653
90,0.0003405287648395946,0.022179190706657737
91,0.00032334332936443386,0.02136112263763857
92,0.00025592522094181427,0.019563609118742203
93,0.0002839765977114439,0.02086562033720881
94,0.0003239834137881796,0.021163174708248578
95,0.00031459528448370594,0.019978073169613444
96,0.00024997782117376725,0.01971493481674738
97,0.000323872376854221,0.02060406417613141
98,0.00030360761641835176,0.018387175622608578
99,0.0002950291275434817,0.017687131819582126
100,0.0002880475183095162,0.019958037599834087
101,0.00029277998061540226,0.018735981562681366
102,0.00026531106365534164,0.017640773288644197
103,0.0002869348235738774,0.01787467049271391
104,0.0002755113295279443,0.017529546822372236
105,0.00026302883149279904,0.016833528298993556
106,0.0002625024043178807,0.01717676611192394
107,0.00024006285627062123,0.01718723162877978
108,0.000262184816529043,0.015837112964506735
109,0.0002715236934212347,0.016880442600762637
110,0.00025745593399430314,0.015547251742747095
111,0.00025444252241868526,0.01638595128638877
112,0.00023911447594097504,0.015400513233235704
113,0.00022408591272930303,0.015380331527507096
114,0.0002453027409501374,0.014880317726243309
115,0.0002250492301148673,0.015651299781574493
116,0.00023262217291630805,0.014906487748985403
117,0.0002282141475006938,0.014253118641848802
118,0.00023091942033109564,0.014961841537982051
119,0.0002607871370855719,0.014791491637496572
120,0.000236598508975779,0.012316250634428701
121,0.00022838070969252537,0.014813893087948973
122,0.0002160606415903506,0.013398112097417402
123,0.00016722646832931787,0.01329457285481761
124,0.00021447531422988202,0.014056913598239074
125,0.00016380722615091752,0.013245595902291655
126,0.000211413815850392,0.013275006731525499
127,0.00018975476656729978,0.012849909498503334
128,0.00019936651030244928,0.012549123225722745
129,0.00020361394078160326,0.012486113464100319
130,0.00019256970845162868,0.012412634062749601
131,0.00019724020870247235,0.011807740415441014
132,0.00018014824308920652,0.012216452127921652
133,0.00018457560897028696,0.011910225754897846
134,0.00020787074560454737,0.011527909886375157
135,0.0001760053807326282,0.012066699831327151
136,0.0001901918575943758,0.011504122001603681
137,0.0001954176715419938,0.011079585065313598
138,0.00018893245530004303,0.011873945098217816
139,0.00019182471248010795,0.01056714702332229
140,0.00018619784968905152,0.01065945651992197
141,0.00017355189241546515,0.01120535696568022
142,0.0001828283081219221,0.010933608720787087
143,0.00017964007371726136,0.010124325017003636
144,0.00017490544657145318,0.010582123910300216
145,0.00013030051365300703,0.009979345154953979
146,0.0001708916446659714,0.010314626450383524
147,0.0001772496858999754,0.010135143368956987
148,0.00017204625473823398,0.009507504422544387
149,0.00016701109513329963,0.01027750270168858
150,0.00017344206911123667,0.009647513963064255
151,0.00016761505151710783,0.009338693873009138
152,0.00015787849551998078,0.009778831072413084
153,0.00016965066218593467,0.009481782120875797
154,0.00015095889539225028,0.00914518416407164
155,0.00015864089364185928,0.009118520671076942
156,0.00015556491950216393,0.009429064029228617
157,0.0001563528373177784,0.009266524254317171
158,0.00015325932423972214,0.008916734129582582
159,0.0001475775856912757,0.00894634849364646
160,0.00013026478991378098,0.009205713121993848
161,0.00014636468064660829,0.008266971920404518
162,0.00016070165632603068,0.00889213805288425
163,0.00011948419099401993,0.008961118855758718
164,0.00014666533291650315,0.008430549194110416
165,0.0001445068046450615,0.00887887634347841
166,0.00015815859272455174,0.008176446946784419
167,0.00015887618016373987,0.008244219530177744
168,0.00015241040625066187,0.008027867103616396
169,0.0001575905131176114,0.008590793947836286
170,0.0001493064230695988,0.00725055528445202
171,0.00015551707668540378,0.008284653929111204
172,0.00015460740251000972,0.00784170027408335
173,0.00014313527596338343,0.007901545845473196
174,0.0001492699171649292,0.007737114156830554
175,0.00015001586871221662,0.007549560043350821
176,0.00014187184715410694,0.007636751443125874
177,0.00013593780264879266,0.007692825062777738
178,0.00014594430928506578,0.007417463626690776
179,0.00014119959669187666,0.0073797988776139346
180,0.00013682230880173544,0.007676161033215753
181,0.0001446169112265731,0.007039478446264365
182,0.00011784954937562967,0.007683087736694959
183,0.00014598718747341384,0.00694873106627785
184,0.00013466906384564936,0.007193981152441766
185,0.00014534917330214132,0.007134138786217622
186,0.00014706199096205334,0.0072525734060079035
187,0.00013327766355359928,0.006592375079267903
188,0.00013891715401162703,0.007335812948121314
189,0.00013427621646163365,0.006507300031071866
190,0.00014357052326280002,0.006945216690587719
191,0.00013656013179570438,0.007163804179678361
192,0.0001331028892309405,0.006369094026672561
193,0.00014146839093882592,0.007229898427204604
194,0.00012973578025897344,0.006199324797642858
195,0.00014179009788980088,0.006963284359427921
196,0.00014349547273013742,0.00649145603103683
197,0.00014940465092270946,0.006015244495581116
198,0.00015903707632484534,0.00719425793225218
199,0.00014570931671187282,0.00563225418067815
200,0.00013480357301887125,0.00681859891513112
201,0.00012090043843879053,0.006234798730182195
202,0.00013588361907750367,0.006457001891270367
203,0.00014021467165245365,0.0063558664140209815
204,0.00013706661799612146,0.0056426046737496965
205,0.0001339068485928389,0.006923312560943832
206,0.0001416396669810638,0.005960288147131602
207,0.00012473928703305622,0.0063935379601187175
208,0.000124567097130542,0.005801066119027765
209,0.0001316413574386388,0.006058418921777728
210,0.00012915601934461544,0.006255563367593881
211,0.00013168919006905828,0.005946638541873436
212,0.00012557996378745884,0.005931486321166593
213,0.00011861818347824737,0.005851187699675908
214,0.00013580149873935928,0.005946875642440472
215,0.00013425534125417472,0.006293758218944596
216,0.0001272680926679944,0.0057533265619772915
217,0.0001309138203699452,0.006408561503089834
218,0.00012978709419257938,0.005555111887641469
219,0.00013236233789939433,0.006131982294657425
220,0.00012462432399236908,0.0057116398664071545
221,0.00012918291031382978,0.0059768605911940855
222,0.00012035690136447859,0.005778278047164456
223,0.0001252116480221351,0.0061039305863934655
224,0.0001263023945890988,0.00589741197855849
225,0.00012201484059914947,0.00547610790528662
226,0.00012969530265157422,0.005991675975400279
227,0.00011815780211084832,0.005325856264571697
228,0.00012757779622916133,0.0058330490188509745
229,0.0001276433050710087,0.00539149912564378
230,0.00012672653150123855,0.005722765277047255
231,0.00014620539247213552,0.005669157750555995
232,0.000130085987620987,0.005096748362333454
233,0.00013022169296164065,0.005882460084792815
234,0.000130793362041004,0.005051812097125235
235,0.00013093967621292298,0.005898877648821874
236,0.00010299621208105236,0.005361718267245948
237,0.00012903793540317566,0.005727254227348413
238,0.00012422626168699934,0.005700722301367953
239,0.00011609231781524916,0.005060154677788068
240,0.00011872869023742775,0.005752161926758742
241,0.00012651542395663757,0.005054235943097469
242,0.0001244228473903301,0.005704401888781124
243,0.00012089134252164513,0.0054934536194025775
244,0.00011241463847303143,0.005374749109410403
245,0.00012350287191414583,0.005527615024332414
246,0.00012313003147331378,0.004948740838672857
247,0.00012497932960589726,0.005636663538300329
248,0.0001214292336953804,0.005069783755322123
249,0.00011799491767305881,0.005700620356947184
250,0.00011625316352971519,0.005122669120128566
251,0.00012260571238584817,0.005491431312341439
252,0.00012200002480919162,0.005243870043005162
253,0.00012324741207218418,0.005572124128366074
254,0.00014534898606749874,0.005160057963531094
255,0.00012460181800027687,0.004926338911666508
256,0.00010860949114430696,0.006170201627265292
257,0.0001277222409650373,0.004937414450255054
258,0.00012427941934826472,0.005776683878894263
259,0.00013903296203352511,0.005133615006088165
260,0.00011784660212773208,0.005439155081515773
261,0.00012947837143049886,0.005223585442471051
262,0.00011990450948360377,0.0048370104016224194
263,0.00012015607644570992,0.005614514575661187
264,0.00012135631210791568,0.005133572693543824
265,0.0001220487979783987,0.005143456912615843
266,0.00010068841511383653,0.005018646807044919
267,0.00011824497923953458,0.005381578176516538
268,0.00011557848289764175,0.0050129652164920034
269,0.00012232644755082826,0.005232471406285526
270,0.0001165419826672102,0.0048063832732756235
271,0.0001154834336678808,0.0052140858242211985
272,0.00010700763329320276,0.005039708054357627
273,0.00011292152097060655,0.00541699650201794
274,0.00010894461835656936,0.004493428671961291
275,0.00011010844124636303,0.005380243551781216
276,0.00010654240274258579,0.005146496297453927
277,9.736830737286558e-05,0.005080092466866587
278,0.00012229950516484678,0.00505829643327416
279,0.0001052464489475824,0.005473488103053723
280,0.00011542448361675875,0.004802572987537983
281,9.912022796925158e-05,0.00565530904786585
282,0.00011523893820897986,0.004899203396070073
283,0.00011822112040439,0.005516525219080218
284,0.00010841516583847503,0.004960815204383686
285,0.00010741748556029052,0.004771256745841943
286,0.00011339357491427412,0.005490770357884249
287,0.00010222250906129678,0.004951953212594428
288,0.00011316914848672847,0.005092047967768291
289,0.00012605164859754345,0.004719589597256909
290,0.000113029471928409,0.005137863069260765
291,0.00011279682124344011,0.005012822333363849
292,0.0001196411302468429,0.005048092558152146
293,0.00010965033337318649,0.005000038581698785
294,0.00011100739939138294,0.004862877820776395
295,0.00012136582615009198,0.005449085471857535
296,0.00011838783587639531,0.004490062556289441
297,0.00010817835912651693,0.005576285381109742
298,0.00011132247042648184,0.004515235530136273
299,0.00011671369575196877,0.005096670143491431
300,0.00011484130518510938,0.004808027174715933
301,0.0001094166732703646,0.0051094737688177514
302,9.793878853088245e-05,0.004520519376509109
303,0.00011639219495312621,0.004843279423889274
304,0.00011345295157904426,0.004885753684769771
305,0.0001542853560143461,0.0048508521016926796
306,0.0001525436295196414,0.0046848565059556075
307,0.00015707475637706617,0.004033358971866076
308,0.00015052781673148276,0.005024541106772179
309,0.0001512273175952335,0.004586564812656731
310,0.00014436965769467255,0.005128393145768266
311,0.00012080101975395033,0.004463402080562031
312,0.00013057178002782167,0.0052112630862546595
313,0.00013037482567597182,0.004011610615453873
314,0.00012789044703822582,0.004993151869265395
315,0.00013559085394566258,0.004313635347106042
316,0.00010713235048266748,0.00504369576113048
317,0.00012438387105551859,0.004481163235348568
318,9.962145995814353e-05,0.004998278255405569
319,0.00011355859945372989,0.0044016101185167045
320,0.00011669975065160542,0.004972220371254006
321,0.00010285377647960559,0.004259486336871023
322,0.00012619862100109457,0.004839334684582046
323,0.00012912653619423509,0.004277526527610526
324,0.00012541797720283892,0.005334223303344776
325,0.00012945972751670826,0.004381507025127522
326,0.00014061524270800874,0.005010414552706027
327,0.00014384802440569426,0.004287648848012874
328,0.00011797102730876456,0.0045161048598500375
329,0.00011629705550149083,0.004828304104093049
330,0.00011568071495275945,0.0045870288046436355
331,0.00011317757598590106,0.004651569109137731
332,0.00010175117834781607,0.004454700356588987
333,0.00011905289914769431,0.004396136501553463
334,0.00011101569592331846,0.00459247929376294
335,0.00011280680628260598,0.004510789923097568
336,0.00010289934822746241,0.004399320839125424
337,0.00011178306594956666,0.004194884359488013
338,0.00010417549589571232,0.0047980833401064776
339,0.00010852070505886028,0.004278334385949617
340,9.937217061330254e-05,0.0043351614265021874
341,0.0001024976266004766,0.004558303239564711
342,0.00011329552410946539,0.004366334353448354
343,0.00010734392853919416,0.004515200028228655
344,9.402797101453568e-05,0.00427469680608626
345,0.0001171291796102499,0.0046352749276492335
346,0.0001130817816980804,0.004586360941515767
347,0.00011279252697325622,0.004479860090405533
348,0.0001096766577878346,0.004865143208475838
349,9.696432292306175e-05,0.0040019058039662435
350,0.00012042392142272243,0.0051213046712855325
351,0.00010913441025574381,0.0037407715129529873
352,0.00012169752396099891,0.004703031286422969
353,0.0001175618002889678,0.0038740059322737463
354,0.00010291731353693953,0.004231642888129106
355,0.00010900150421851625,0.004326491401536249
356,9.850084995074818e-05,0.004341891419403909
357,0.0001104225428813758,0.0044336748317602955
358,0.00010617155930958688,0.004411405505209464
359,0.00010678827432760347,0.004187771210403383
360,0.00010273052879104702,0.003896515919930405
361,0.00010368278938888882,0.004784781466733817
362,0.00011982807530633485,0.0037113625436411266
363,0.00011282674871229878,0.005128345901571345
364,0.00011924004793399945,0.00353977724376042
365,0.00010996319081944724,0.004804516107671791
366,0.00013972017914056777,0.0036154364600603345
367,0.00012066743317215392,0.004545182498901734
368,0.00010901476392367234,0.003957137065171672
369,0.00010670787257064755,0.004318989399406645
370,0.0001088477210335744,0.004049058902834417
371,0.00010529087934022149,0.004334723988101322
372,0.00010404898445509995,0.004030820758392413
373,9.713060329280173e-05,0.004147392204739371
374,0.00011114956287201494,0.004320883804834203
375,0.0001041567603048558,0.004122817160409183
376,9.84276916521291e-05,0.003994045794086411
377,9.311130221855516e-05,0.004225548460251755
378,0.00010589287509598459,0.004334911130837094
379,0.00011036561627406627,0.003806752776345837
380,0.00010633558073701958,0.005074169387365555
381,0.00015757943231922884,0.002941285592247868
382,0.00016652940539643168,0.005393492848999057
383,0.00015002800112900633,0.003204773942673067
384,0.00011922691143505896,0.004913305278257494
385,0.00012470878379341836,0.003599947579858596
386,9.582961283740587e-05,0.004872749759733938
387,0.00010652681812644005,0.0035937496390171914
388,0.00011157328553963452,0.0043751900996577145
389,9.926126416151723e-05,0.0033298949411476567
390,0.000134863945034643,0.0057238492664025975
391,0.00017928152713769425,0.002362204339812722
392,0.0002089075307594612,0.004670447358120865
393,0.00013077978607422362,0.0025623994498181414
394,0.00013408021380503972,0.005315016469052225
395,0.00013507096737157552,0.0027006894665939068
396,0.00017559433326823636,0.007143323027871941
397,0.00024432230663175384,0.003632863490618983
398,0.00016205784825918575,0.005156850809917638
399,0.0001502914703451097,0.0041919459591548865
400,0.0001616242331995939,0.003396606818930796
401,0.00013156602556894844,0.004775603017252352
402,0.00010924864812598875,0.003790623765732897
403,0.00010334445008387168,0.00494754981053503
404,0.00011721716655301861,0.003647090300743343
405,0.0001239878552344938,0.005621892144108376
406,0.00014431884143656742,0.003225776170821566
407,0.00011998391273664311,0.004804696910878458
408,0.0001326328288996592,0.00317220376771793
409,0.00011839490859226014,0.00530411554391534
410,0.00013050444152516624,0.002893401808187104
411,0.00014472334393455337,0.004972061154579646
412,0.00014690518049368013,0.002869983002194884
413,0.00011604926839936525,0.004151719017771252
414,0.00010926398099400103,0.0031866322459424275
415,0.00012157864694017917,0.004377156063064672
416,0.00012284295711045463,0.003819436436704202
417,0.00010946586747498563,0.003652620869988238
418,0.00011587263143155723,0.004273316911448948
419,0.0001035732605184118,0.003401205613555615
420,0.00011370763240847737,0.004022682062486372
421,9.38386253740949e-05,0.00397337461707362
422,0.00010648446526223173,0.003688424569690785
423,8.930279339741295e-05,0.0042733637866569545
424,0.00010259485691979839,0.003711378376124895
425,9.93927038507536e-05,0.0037784128428071913
426,9.901834127958863e-05,0.0039013491818212973
427,9.491720314448078e-05,0.003985705616617063
428,9.219323619618081e-05,0.003532529707823755
429,9.816352248890326e-05,0.0038877591430835907
430,9.701908178006609e-05,0.0034621175656323892
431,0.0001099261212705945,0.004121884568839481
432,0.00012386812110586713,0.002750996728999573
433,0.0001438014146212178,0.005193076504949937
434,0.00013959514956998949,0.0026385259231803014
435,0.0001521013075641046,0.005407342277412788
436,0.00014253368232554445,0.0030622440090740635
437,0.000125851109623909,0.0040629014021537286
438,0.00012194704807673891,0.0037868012339203503
439,0.00016682993300491943,0.0028093297889575973
440,0.00014216703032919517,0.004775264042386055
441,0.00014858524276254077,0.002444948072474428
442,0.00018116278515663,0.004740611180303651
443,0.0001083972048945725,0.0032012258187938502
444,0.00011287121936523667,0.004462619640248996
445,0.0001165801630122587,0.003153134328013624
446,0.00015318994895399858,0.003964210515950768
447,0.00011511913423116009,0.003248970612491432
448,0.00014301567280199378,0.0032207936181942796
449,0.00012247988294499616,0.0037483281349730596
450,0.00010156626619088153,0.003012538367435772
451,0.00010985734746403372,0.0036887619086154546
452,0.0001162671770240801,0.0027140044656239056
453,9.67745843809098e-05,0.0035403224228396576
454,9.954796890572955e-05,0.0032543894693211855
455,9.132757259067148e-05,0.003538605637238388
456,0.00010379496040210748,0.003942104948314222
457,9.746362532799442e-05,0.0031121483083531173
458,9.401693144657959e-05,0.0037635944917122697
459,9.505788038950413e-05,0.003013554643240501
460,0.00010724583795915047,0.00368686106698642
461,8.750214183237404e-05,0.002937292459567911
462,0.00010743363139530023,0.0034731874795227544
463,8.96181101173473e-05,0.003251112431113483
464,9.275688159201914e-05,0.003259040339038386
465,9.347008793459584e-05,0.003457720648791445
466,0.00010319546854589134,0.003191673127411489
467,9.487721108598634e-05,0.003495110441217123
468,9.988169088804473e-05,0.0030870386562718635
469,0.00010154051390903381,0.0036157567288225504
470,9.591048292350024e-05,0.0031070796519583254
471,9.9859723316816e-05,0.002963841233772841
472,0.00010521728545427322,0.003856978173590979
473,8.851724802904452e-05,0.0028333361423982864
474,9.979466024863844e-05,0.004255710198266203
475,0.00011490702842517445,0.003093400618813017
476,9.780330971504251e-05,0.0032445513125922945
477,0.00011499966494739055,0.0035769468206062653
478,0.00010856129811145365,0.002202414450023258
479,0.00013423371807827305,0.0033514678739664846
480,0.00010623965548196186,0.0028475147198166765
481,0.00011056920047849416,0.0030534554256551097
482,0.00010279338118076945,0.003503811250206584
483,0.00010382830611585328,0.002572807347216801
484,0.0001227703003678471,0.004155636416497635
485,0.00012128943441590915,0.0025829772018331884
486,9.72032590652816e-05,0.0031744782957221157
487,0.0001017412393897151,0.0030450630069802902
488,8.686222039007892e-05,0.0029898372462444137
489,9.560885858566811e-05,0.0038360583361739305
490,9.823615352312723e-05,0.0030621334403883992
491,9.957606137807791e-05,0.0034138357010806164
492,9.124411444645375e-05,0.0033020755270637614
493,8.831827241616945e-05,0.003091227031743143
494,8.96785146323964e-05,0.00299957487732172
495,9.29618831529903e-05,0.0031909453818759724
496,9.32884679059498e-05,0.003038018918732366
497,8.687719819135963e-05,0.0031355836031119726
498,9.278102855508526e-05,0.0032149280655628058
499,8.842062331192816e-05,0.0031311269522758954
500,9.325750531085457e-05,0.0031475392592341055
501,9.842135865862171e-05,0.0026718320526531217
502,9.026328819648673e-05,0.003669574864927614
503,9.406523604411632e-05,0.0027434095054080614
504,0.00010117695492226631,0.003833639303396581
505,0.00010457565222168341,0.002814104963006855
506,9.280362137360498e-05,0.0035963723209975233
507,9.962446638382972e-05,0.0025870944373309612
508,0.00010077013284899294,0.002742540816999754
509,0.00011554693531555434,0.0032812141750705
510,0.00016577287945741166,0.0018640610590925691
511,0.00018520017571669692,0.004692042629065657
512,0.000196594091054673,0.002357026167235702
513,0.00011809398129116743,0.0031720768096611686
514,0.00010551166681883236,0.003034497193218759
515,9.485373448114842e-05,0.002951941805570359
516,9.782955942985913e-05,0.0030402735744368787
517,7.52602553499552e-05,0.0029480079929643903
518,9.054779511643573e-05,0.0032924511742217152
519,8.160140132531523e-05,0.0027303980344808416
520,8.465530797063063e-05,0.0034742173194144553
521,9.383304083409409e-05,0.002736641685015451
522,8.83794108328099e-05,0.003345789649246032
523,9.51716472627595e-05,0.0024220689978690173
524,8.837289545529833e-05,0.002811408831808738
525,8.573753245097274e-05,0.0027605365629563903
526,9.22452590505903e-05,0.0032550447105773187
527,9.205399886316931e-05,0.0024690351704930702
528,0.00011592012694260727,0.0026200968780342422
529,0.00011564836410495142,0.003390499766458545
530,9.171044027122359e-05,0.0023631904089049987
531,9.426017059013247e-05,0.0034628167832869363
532,9.028024166279162e-05,0.0025476208337914872
533,9.038926703700176e-05,0.003561634909394279
534,0.00011432697113680964,0.002312842666645322
535,0.0001000966023032864,0.003524451063161618
536,0.00010009206647130972,0.0024979898844959968
537,8.672429394209757e-05,0.003144767440376226
538,9.346131409984081e-05,0.0025697960967622827
539,8.933038382868593e-05,0.002919752282847525
540,9.117437972842406e-05,0.002660815527782454
541,7.8317448302793e-05,0.002786544527401004
542,8.851060799012582e-05,0.002701373877036467
543,8.980723602386812e-05,0.0029437946869136644
544,9.14534684852697e-05,0.0024554938273994545
545,9.358791139675304e-05,0.0030810217991231654
546,9.946796247580399e-05,0.00291171588128901
547,8.940671638508017e-05,0.00229590106210862
548,0.00013939543471982083,0.004277104910800768
549,0.00013519291242118924,0.0021796765225280445
550,8.81074719169798e-05,0.0032477907711171614
551,0.00010652332033108299,0.0021308225998927276
552,9.339193444854269e-05,0.0034108496072282743
553,9.935095537609111e-05,0.002307528055311121
554,9.178976906696335e-05,0.002814881436864448
555,7.672483819381644e-05,0.00252898745865109
556,8.617077207115168e-05,0.0023959320888184664
557,9.041735902428626e-05,0.0027651331395629726
558,8.202969329431652e-05,0.0024707609302859904
559,8.967057704770317e-05,0.002455260650913792
560,0.00011521513709643235,0.0036934317356487464
561,0.00015324610382473717,0.0017445343383179423
562,0.00011474030470708385,0.0036910248965253693
563,0.0001539062960849454,0.0019753308999433854
564,0.00011030624664272181,0.0023421967668970775
565,0.00010105271697587644,0.0027395629062595076
566,8.833910348281885e-05,0.0022199275897957426
567,9.240810274301718e-05,0.0031854586671678383
568,9.650472978440424e-05,0.0022727788796332495
569,8.754681378680592e-05,0.0024334142265067986
570,9.461112495046109e-05,0.0030782122610202222
571,8.642157238985722e-05,0.002280773818275036
572,8.855223228844503e-05,0.002861632881086995
573,8.519028245549029e-05,0.002284080809940807
574,9.166060093169411e-05,0.0032690822484505457
575,9.743201856811841e-05,0.0024036376230549394
576,0.00010086984014681852,0.0022664378064940548
577,0.0001025746634695679,0.003407475696495402
578,0.0001576114659352849,0.001736112881168636
579,0.00011795860142835105,0.0025129906808663356
580,9.848989235858122e-05,0.0020859606280835747
581,0.000201882819722717,0.0023498473476553173
582,0.00029068157164147124,0.00430600595665954
583,0.0001800801299395971,0.001672473011745347
584,0.00018977732009564836,0.004324302928282591
585,0.00022620040108449756,0.001634147742556201
586,0.00022200309516241153,0.0022648666557795994
587,0.00021368908346630633,0.0028458720941793676
588,0.00018447895442174437,0.0014749026846423833
589,0.00015592552954331041,0.003401343157917958
590,0.0001546257456842189,0.0017402840734660975
591,0.0001391741679981351,0.0021721180038232553
592,0.00014616633561672642,0.0027048194955228365
593,0.00013440801315785697,0.0014979481909489422
594,0.00017007140656157086,0.0029927296917994467
595,0.00014129920455161483,0.0017855652194056246
596,0.00011489933191721017,0.0018651346207667163
597,0.00010043392636968443,0.002440421023727422
598,0.00010626602209716415,0.0018947244218784816
599,8.727943932171912e-05,0.0025333042109483167
600,8.895165422776094e-05,0.0020874328666219584
601,9.408467643273374e-05,0.002461057918810705
602,7.424127325066366e-05,0.001860255898352255
603,8.02882670541294e-05,0.002259660449576134
604,8.401681795173014e-05,0.001928395277150629
605,9.180964892342066e-05,0.002133343477695309
606,9.383618841335798e-05,0.0023855509914523154
607,9.044751156276713e-05,0.0018001689265171688
608,0.00010074368328787387,0.0029510874151421045
609,0.00014434986320945123,0.002171855798394185
610,0.00012712662379878262,0.0016246751027061926
611,9.421691041400966e-05,0.002457398854533744
612,8.914800758551186e-05,0.0016943020664416907
613,0.00014846929504225653,0.0020960606335068657
614,0.0001330869369364033,0.0032247359597543527
615,0.00016091264551505448,0.0017681920122115584
616,0.00023009008533942204,0.002016641550877115
617,0.00021810335601912811,0.0032497399904607245
618,0.0001409581610156844,0.0014721795627901776
619,0.00015187730314210058,0.003071016120065374
620,0.00022264946601353587,0.0018231592015826214
621,0.00023014266383446133,0.0015585203763990724
622,0.00017623029561946167,0.004192379265152223
623,0.0003004874432614694,0.001990096508430001
624,0.0003490366584931811,0.00286625962900488
625,0.00020981943816877902,0.0031934542042252267
626,0.0002676404042479893,0.0014972677100340873
627,0.00021250588761176915,0.00479143889816968
628,0.00024377503529346238,0.0015871385902122795
629,0.00018882391256435464,0.003286618788383509
630,0.00016879999505666396,0.002907735987277756
631,0.0002710119855085698,0.0017268507256668214
632,0.0002737689627489696,0.0040211036518128995
633,0.00020250620824905732,0.001458603635495692
634,0.00019458881385313968,0.0021570948979201896
635,0.00016445198950047293,0.0017046124009927463
636,0.00013915357606795927,0.001578224490652656
637,0.00012211752667402228,0.0033393013045976035
638,0.00014479367528110742,0.0018719306803847615
639,0.00014630755710337933,0.0016995407722628954
640,0.00012999509441821526,0.0033172688022125186
641,0.00019333449890837073,0.0014005843345729406
642,0.00016866710308628777,0.0028582704090104813
643,0.00014088170379788305,0.002041743937553021
644,0.00015673196079054227,0.0014601850375663816
645,0.00023886600392870606,0.00427558631581739
646,0.00031466496293433013,0.0014166515538392708
647,0.00020663755130954087,0.0012458630290143845
648,0.00032892455637920646,0.004378031163165967
649,0.0003124173633599033,0.0016652017107440366
650,0.00035788748452129465,0.0051539786437755095
651,0.0003593167794557909,0.0018253504483802625
652,0.0002762003059615381,0.0013991137095100698
653,0.0005471840733662248,0.013711367368872403
654,0.0016334641763630013,0.006906225852537574
655,0.0016591713453332584,0.0038503716857722628
656,0.000965855453008165,0.0031463927235345396
657,0.00045702017184036473,0.0020466516480634085
658,0.0002536817036646729,0.0028420059903584726
659,0.00016099485316469023,0.0015198998970159313
660,0.00021410141683494052,0.003221575271512507
661,0.0002000892263216277,0.0013785043388212983
662,0.00012245163331196332,0.0020519128976095665
663,0.00010014618213366096,0.0016437358391738078
664,9.700291266199202e-05,0.002024186800958382
665,9.52548124284173e-05,0.0018588980300384655
666,9.413974039489404e-05,0.0016938881752522367
667,0.00010048933909274637,0.002035757371534904
668,9.322935172046224e-05,0.0015067062068360242
669,8.982099485971654e-05,0.0020713777722496736
670,8.215224127828454e-05,0.0015541486311377141
671,0.00010277172938610117,0.0019148795427046499
672,0.00010794991976581514,0.0022496500471879165
673,0.00011657197319436818,0.0014744712671602679
674,0.00012914661444180336,0.0028219585945524757
675,0.00016859363919744888,0.0013527302371000337
676,0.00015567307903741797,0.0029668274773992816
677,0.00023646499030292035,0.0016997483319314251
678,0.00019727120525203645,0.0014244832005896415
679,0.00017316205388245482,0.0023688806523160452
680,0.00018123929670158152,0.001262392293204341
681,0.00019742204555465528,0.0030745239315652533
682,0.00017475540419885268,0.001267891576001693
683,0.00011487719602882862,0.0017348181262982693
684,9.996148340481643e-05,0.001562720840001664
685,8.96394257627738e-05,0.0013608382796944931
686,8.457286263971278e-05,0.001772272913874677
687,8.215555571950972e-05,0.0012898714395991543
688,0.00010020019205209489,0.0017860103316866514
689,9.33737678375716e-05,0.0012953841693873643
690,9.474357987831657e-05,0.0014595222722041852
691,9.770209580892698e-05,0.0013777366621496037
692,9.045609234211345e-05,0.0014969976646117648
693,7.199238267882416e-05,0.0014261157709386265
694,8.836365983976672e-05,0.0013622577814112978
695,8.83574093071123e-05,0.0018280576846469738
696,8.956553065218032e-05,0.001395885625647174
697,7.074417759819577e-05,0.0016709224481614884
698,8.646369484874109e-05,0.0013480901620105694
699,8.985297269343088e-05,0.001530843537725639
700,8.350371014482031e-05,0.0013313596640653603
701,8.638204938809698e-05,0.0013359780586733106
702,8.591028066196789e-05,0.0018401231789656463
703,9.854599193204194e-05,0.0012880860724382931
704,9.086044253005335e-05,0.0021778489578765823
705,0.0001025214204370665,0.0014200986264959763
706,8.238880448819448e-05,0.001806076478528959
707,0.00010601475951261818,0.001400216218432662
708,0.00012607220099501623,0.001309377781240738
709,9.713314551239213e-05,0.0015283911693187659
710,7.457586276965837e-05,0.0012893428405125935
711,8.914310067969685e-05,0.0016453607111341422
712,7.768234791001305e-05,0.0012095991701802664
713,9.630473408227166e-05,0.0014716703158786945
714,7.765030895825475e-05,0.0013712026173390492
715,7.608267042087391e-05,0.0014553887998325784
716,8.038206093867e-05,0.001386347945714206
717,7.75933760451153e-05,0.0014282665828144864
718,7.92292288679164e-05,0.0013532854170042869
719,8.243557870931302e-05,0.00128864694375828
720,9.860047042214622e-05,0.0017074763949154414
721,0.00010876818657076607,0.0011473188261169264
722,0.0001223552991480877,0.002230435680619806
723,0.00013559072588880856,0.0012474673587763519
724,0.00014085870934650303,0.0015798804502694579
725,0.00016862328629940748,0.0023561897823772236
726,0.00030839655082672837,0.0020554451485830278
727,0.00034067755526242155,0.002546784060881936
728,0.00015872375030691425,0.0011464681391936472
729,0.0001028610800858587,0.001172253977757884
730,8.655232522869483e-05,0.0013324149192599525
731,9.461435935615251e-05,0.0010986797122164952
732,7.918841826419036e-05,0.0013697940654704096
733,8.145049820692899e-05,0.0012306290112261535
734,8.174515387509018e-05,0.0011774814423522232
735,9.700656179726745e-05,0.00153869967526424
736,9.667241683928297e-05,0.0010492151592210023
737,9.264869149774312e-05,0.0013564010164346437
738,8.638570967984075e-05,0.001181581735676318
739,8.512344647897408e-05,0.0011760163126371757
740,8.119518073120464e-05,0.0013978703503023113
741,8.454938700500255e-05,0.0011335868505510495
742,7.93595696450211e-05,0.001400331827697524
743,7.725236161301533e-05,0.0010957385424241336
744,7.676671375520528e-05,0.001426241733678426
745,8.51497519761324e-05,0.0011196061451401976
746,8.238897329041114e-05,0.0013760951693491106
747,7.53510743379593e-05,0.001084006791770981
748,0.00010967120955077311,0.001639015200596891
749,0.00010031137741558874,0.0011061144358211616
750,7.872226415202021e-05,0.0011696842014353875
751,7.900484900649948e-05,0.0010603472919949487
752,8.077961829258128e-05,0.0011705852968738092
753,7.598834490636363e-05,0.0011745002161580743
754,8.180612882521624e-05,0.0011562266338028405
755,7.84798253638049e-05,0.0011766929783972732
756,7.41665564419236e-05,0.0011942993784159945
757,7.96514699080338e-05,0.0010525934147643068
758,9.70550870988518e-05,0.0012064520664491327
759,8.842029007306943e-05,0.0011905627611109562
760,8.4313688663921e-05,0.0010049607950584059
761,8.070401090662927e-05,0.001152326764092285
762,8.479816363736367e-05,0.0010896095589391496
763,7.392324866183723e-05,0.0012577932875342014
764,8.544064670180281e-05,0.001188318438457641
765,7.169690895049522e-05,0.001272626609231035
766,7.373369783939173e-05,0.0010573873650391548
767,8.087383563785504e-05,0.0013784239509780157
768,8.34206953489532e-05,0.0010624463079028834
769,7.55262672707128e-05,0.0011008629215913906
770,7.805103474917511e-05,0.0012004301523822441
771,9.290656113686661e-05,0.001027775728906238
772,0.00011093680902073781,0.00128843487452781
773,9.317653893958777e-05,0.00114677479757508
774,8.249937721605723e-05,0.0009461939171479459
775,8.666581707075238e-05,0.0013217346712794396
776,9.834692173171788e-05,0.0010597452123742006
777,8.207140611678672e-05,0.0009795033988374017
778,9.952513501048088e-05,0.001279483815486276
779,0.00010492005579484005,0.0009440646679766955
780,0.0001483094277015577,0.0012297710874907628
781,0.00012764308776240795,0.0014874502425544966
782,0.00019642089124924194,0.001052741149211662
783,0.00018788303326194484,0.0008829161844744581
784,0.00014081225235713647,0.0012292778779812463
785,0.00010784008724537367,0.0009286805615646013
786,0.0001008906663628295,0.0013002741303055258
787,8.303062471289498e-05,0.0010202550574352866
788,9.333733226715898e-05,0.001246522500708002
789,7.977787075409045e-05,0.0010479941272465458
790,7.437866006512194e-05,0.0010904769633749598
791,7.560119653741519e-05,0.0010489512763220317
792,7.724520304085066e-05,0.0011577845267864348
793,7.80366967471006e-05,0.0010593749585490653
794,7.119925673274945e-05,0.0010637935654026025
795,7.809031812939793e-05,0.0009885842990870887
796,8.341855233690391e-05,0.0012647839336607017
797,8.222383718627194e-05,0.0010222547336301783
798,7.453692257210301e-05,0.0012220964707129183
799,7.353289062545324e-05,0.0009657859853986236
800,9.825314821985861e-05,0.0012996359891666654
801,7.420130762814854e-05,0.0011167711502060903
802,8.268539556108104e-05,0.001048823181343706
803,8.349947262710581e-05,0.0011239502366566867
804,7.50533077128542e-05,0.0009378663758469516
805,0.00010306284142037233,0.00105858874665192
806,8.979222863369311e-05,0.0013078010194439288
807,9.749822008113067e-05,0.0010251552193311223
808,7.716824426703775e-05,0.0011909098952616517
809,7.935355436832955e-05,0.0009674563982159074
810,7.19619837279121e-05,0.001168695064697262
811,7.887923663171628e-05,0.0009785892199507058
812,9.339608950540424e-05,0.0009559250643683805
813,0.0001061590068275109,0.0014263613691433655
814,0.00011161196647056689,0.0010170808956517202
815,0.0001369100073740507,0.0009630306035672364
816,9.337038160689796e-05,0.001372043563499611
817,0.0001224416521533082,0.0010112694911223058
818,0.00010789150352745007,0.0010174321097850103
819,8.819905391040568e-05,0.0012279793086369135
820,8.824129229954755e-05,0.0009020361736177178
821,7.079786494917547e-05,0.0009652323862918984
822,8.281137076361725e-05,0.0009431100303405209
823,8.931472063219795e-05,0.0009508195458448421
824,8.375792628309378e-05,0.0010029119521118048
825,8.225357548023264e-05,0.0009668918397299379
826,8.275869477074594e-05,0.0008922242743306254
827,0.00010665428514281909,0.0011962746809187688
828,0.0001293830486247316,0.0012965592275215694
829,0.00012829855380308192,0.001202973750745333
830,0.00013186741368069002,0.0012831634941254878
831,0.0001396534586092457,0.0008683851674983376
832,0.00010290216693344215,0.000913823602111106
833,9.525611579495793e-05,0.0011379738618777684
834,9.083452799435084e-05,0.0009121528815761295
835,8.192199311451986e-05,0.0008506568329822686
836,7.30818775385463e-05,0.0008862881951186566
837,7.217706200511506e-05,0.0008632716183599673
838,7.201493717730045e-05,0.0008907910907499448
839,7.005814598718038e-05,0.0009555793762185246
840,7.898299372754991e-05,0.0008935158791793891
841,7.488252255522335e-05,0.000896802012759604
842,7.54213872520874e-05,0.000865014657318287
843,8.878326625563204e-05,0.0009772005226811645
844,0.0001127238511495913,0.001106625573971031
845,9.398812884076809e-05,0.0009205545140811574
846,0.00010397607984486967,0.0008691114289086987
847,0.0001160270922506849,0.0008255985295890193
848,0.00013456564677956825,0.0009655281302263165
849,0.00011711711413227021,0.000925759673227518
850,8.923284670648475e-05,0.0008373551890362948
851,7.545315214277556e-05,0.0008023777589942628
852,8.163459715433418e-05,0.0008136484205548526
853,7.387163859675638e-05,0.0008133912951908788
854,6.351416959660128e-05,0.0007996863402339101
855,7.697467178028698e-05,0.0007948477967636801
856,7.971842326999952e-05,0.0008957289235546575
857,7.447671632689889e-05,0.0008149848044550384
858,7.534166046146614e-05,0.0008435203797287411
859,7.253786219128718e-05,0.0008203368034889126
860,7.020962657406926e-05,0.0008678891184080763
861,8.460040917270816e-05,0.0009132818623897973
862,8.784684517498439e-05,0.00082089420004982
863,7.86840386960345e-05,0.0007971655591037016
864,8.130825590342283e-05,0.0009124644756948913
865,8.94640635427398e-05,0.0010309751099247856
866,0.00010608592031834027,0.0012932596755437335
867,0.00010354288679081947,0.0009642118732417711
868,7.822397504545128e-05,0.00091667831548604
869,7.263518685552602e-05,0.0008284656170276347
870,7.113226529327221e-05,0.0008089578348315425
871,8.058645616983994e-05,0.0010654965854026595
872,9.454211540287361e-05,0.0009520579053208842
873,0.0001079537930005851,0.0010615927085541842
874,9.867175249382854e-05,0.0008650537490387235
875,8.676742921428134e-05,0.0008367513638665104
876,0.00012796577502740547,0.0011040207151083918
877,9.070118782498564e-05,0.0008681319389840838
878,8.129958878271282e-05,0.0008457632543388428
879,9.117254230659456e-05,0.0010647278385269537
880,8.816966437734664e-05,0.0008534175270286045
881,9.774529171409085e-05,0.0008549630037394532
882,9.405392920598387e-05,0.0013939947154024365
883,0.00011833768221549689,0.0008936140166148979
884,0.00010191918505976597,0.0008447649228326672
885,9.418595921791469e-05,0.0011648176114036762
886,0.00015687234602713336,0.0017480644552658002
887,0.00032233479529774435,0.0009059570362105182
888,0.00026443588867550714,0.002196808920203768
889,0.0004333640448749065,0.0013529889498141523
890,0.00032029435242293404,0.0010853712664840862
891,0.00021687713160645217,0.0015888001541035216
892,0.00019967253125893574,0.0010097255189603532
893,0.00016184677369892597,0.0008333505332818505
894,0.0001778396443114616,0.00112079440381879
895,0.00015423584651822844,0.0009878070532120982
896,0.0001368669036310166,0.0010957864510734178
897,0.00016187770719019076,0.0008775054569742833
898,0.00010012079437728971,0.0008261022362204498
899,8.973733541400482e-05,0.0011620676650104728
900,9.527506044832989e-05,0.001002841224357464
901,0.00010934715392068029,0.0008318223970076232
902,8.822457263401399e-05,0.000755007996915551
903,7.437947497237473e-05,0.0007688320930829348
904,7.705591948858152e-05,0.0007729227096386995
905,7.223308542355274e-05,0.0007659393234712164
906,7.686383760301397e-05,0.0007643543220566292
907,8.446307959578311e-05,0.0007368326146286307
908,8.529493497917428e-05,0.0008238660497046266
909,8.68704179689909e-05,0.0011732568773740566
910,0.00019272369875883061,0.0008303906560238255
911,0.00010803054610732942,0.0007155681837742266
912,9.521075456480806e-05,0.0006946401884343628
913,9.715627335632841e-05,0.0008315991713088115
914,7.757503723648067e-05,0.0007382747860167894
915,7.613070968848963e-05,0.0007365489404441582
916,8.484906090113024e-05,0.0008088050683148815
917,8.044148174424966e-05,0.0007203726182359527
918,7.36513058654964e-05,0.0007219026981695005
919,8.284587966045365e-05,0.0007564059427356598
920,7.892977931381514e-05,0.0007324535678799825
921,8.096783227908114e-05,0.0007001455649951396
922,7.466674724128097e-05,0.0007196415695007782
923,7.229129478218966e-05,0.000726964762461595
924,7.029370220455652e-05,0.0007983508907198601
925,8.478640132428458e-05,0.0007205212125227901
926,7.364626556712513e-05,0.0007292671055582009
927,7.290021894732491e-05,0.0007192251137702873
928,7.311288451698299e-05,0.0007023745875435266
929,7.676472790384045e-05,0.0007178770597446819
930,8.313581832529356e-05,0.0007038732802724106
931,8.159661423026895e-05,0.0007189876598725367
932,7.151817117119208e-05,0.0007037980909519202
933,7.884141450631432e-05,0.0007007915597430796
934,7.800675715164592e-05,0.0007388596416162381
935,7.466144646362712e-05,0.0007148512914145027
936,8.079218581163635e-05,0.0007243019212799811
937,7.778391833805169e-05,0.0007590479408091272
938,0.00010421548989446213,0.000717301690972775
939,0.00011386802167786906,0.0012587507715590342
940,0.00022053166370217999,0.0007002318062824987
941,0.00016327017122724403,0.0010345452756155282
942,0.00013474119283879798,0.0008011665011413003
943,0.00012231352545010547,0.0007360022479657367
944,0.00010396843087316181,0.0007407323893687922
945,7.980367615042875e-05,0.0006881045723573594
946,9.330056491307914e-05,0.000835543317136175
947,8.955673887006318e-05,0.000653533398429727
948,7.902728878737738e-05,0.0006638751201854463
949,8.390525472350419e-05,0.0007008865648575606
950,7.581934720898667e-05,0.0007419975594296093
951,7.979748140011604e-05,0.0006732463044228784
952,8.495752699673176e-05,0.0007011889730585598
953,7.894573645899073e-05,0.00103917120471161
954,0.0001626275343975673,0.0010652585467051344
955,0.00015837010820784296,0.000895241731559934
956,0.00014345405749433365,0.0016514948344070433
957,0.00022391341044567526,0.0006484501608456784
958,0.00019513814865301053,0.0008600228595443898
959,0.00017762210142488282,0.0017368884580410684
960,0.00017294760909862815,0.0006668378166004754
961,0.00012023853002271304,0.0006534978686096636
962,8.000279073409426e-05,0.0009177103401223002
963,0.00010079110361402855,0.0008462371525207633
964,0.0001293787635707607,0.000810951527210813
965,0.00018824302242137492,0.0006514300574543096
966,0.000171478262442785,0.0010075702247542074
967,0.0003146559582091868,0.0022478258233498347
968,0.0002616213091338674,0.0014883147127795638
969,0.0005811790470033884,0.0012493337050477882
970,0.00044820460413272183,0.001783915423546109
971,0.00039824668395643434,0.0033174296350855577
972,0.0006774697569198907,0.0030293768446767234
973,0.000520671543199569,0.0008777715646994044
974,0.0001879453076981008,0.000626274023057991
975,9.620185252667094e-05,0.0006849220252666644
976,0.0001147920983688285,0.0006605573304879822
977,0.00011414315473909179,0.000767539452750519
978,9.810827711286644e-05,0.0006742622486822176
979,0.00011460751896568885,0.000672267538860266
980,8.936943825877582e-05,0.0006446047231271776
981,7.672961946809664e-05,0.000761714084169212
982,8.68262398095491e-05,0.0006240373667961325
983,8.952105029796561e-05,0.0006520760767107383
984,8.05705586875168e-05,0.0008436111072609364
985,8.669021966246267e-05,0.0006993890975531169
986,9.647074596917568e-05,0.0010244499257839237
987,0.00010451988103644301,0.0006277100754934445
988,7.536923949373886e-05,0.0008206599547217289
989,9.503822172215829e-05,0.0006963976118332375
990,7.531095495020661e-05,0.0006044233838717142
991,7.657558016944676e-05,0.0006903661741760739
992,7.50238762217729e-05,0.0006990717653844135
993,7.577137924575557e-05,0.0005982018318245111
994,8.180776009491335e-05,0.0006202437441077148
995,7.263468723976985e-05,0.001081112612240365
996,0.00011862627094766746,0.0006063844476232839
997,0.000104418583214283,0.0006472408177184039
998,8.191279800181897e-05,0.0007227655135609798
999,8.037232692004181e-05,0.0006018914010005388
1000,8.561691114058097e-05,0.0006990567895063684
1001,6.556748170017575e-05,0.0006952212816403841
1002,7.201139742392115e-05,0.0006443022352735899
1003,8.425162523053586e-05,0.0006805154759088281
1004,8.46385199110955e-05,0.000581727598042211
1005,9.925439080689102e-05,0.001251968994943632
1006,0.00011017036401123429,0.0005864460580867895
1007,0.00010509677813388407,0.0008510926776505702
1008,0.0001252247738496711,0.0007315146207825787
1009,0.00011663567517340804,0.0007513172772021322
1010,0.0001143908710218966,0.0006338118130275816
1011,8.533782480905454e-05,0.0006672448055867694
1012,7.400646524426217e-05,0.0005958461058353297
1013,7.458930873932938e-05,0.0007202560470129052
1014,7.373821863438934e-05,0.0006369266564391379
1015,7.031689116653676e-05,0.0005903578430076527
1016,7.164529621756325e-05,0.0008836183161713042
1017,8.777919623147076e-05,0.0006034578882942075
1018,8.252315067996581e-05,0.0008957360306760155
1019,9.285418248812978e-05,0.0008400152778635564
1020,8.320596195214118e-05,0.0005938209169843827
1021,8.775572738765429e-05,0.0011309572423271132
1022,0.0001367345394100994,0.0006064775022705308
1023,0.00011922686535399407,0.0008562738320937282
1024,0.00019488142182429632,0.0014384124916373977
1025,0.00015921393157138178,0.0006768673539913276
1026,0.00010394241495911652,0.0006213713653810453
1027,0.00010030766134150326,0.0006699889278099245
1028,6.813618116818058e-05,0.0006297064879745768
1029,6.876070498644064e-05,0.0007267034861425276
1030,7.118185167200863e-05,0.0006018386192467303
1031,6.554870730421195e-05,0.0006834107688737064
1032,7.37521710107103e-05,0.0006929775611470231
1033,7.486428512493148e-05,0.0005988935110763761
1034,8.128506888169796e-05,0.0006593056833262593
1035,6.909278199600522e-05,0.0007929830146103836
1036,6.584171254265432e-05,0.0005988422325098811
1037,8.544469892513007e-05,0.000677359319014246
1038,7.26110493512048e-05,0.0008919387547760842
1039,7.496555044781417e-05,0.000635431161046856
1040,9.894414494434992e-05,0.0008500117302412026
1041,0.00011882870361053695,0.0006238647773371715
1042,0.00010302049583212162,0.0005771566471030489
1043,9.870706223106633e-05,0.0011450530605463683
1044,0.00012865482713095844,0.0006132448454284006
1045,0.00011222883282850186,0.0005719765186124639
1046,7.479386476916261e-05,0.0010880499486593605
1047,9.88120533293113e-05,0.0006498872807619777
1048,0.00010285925236530602,0.0005649322152344717
1049,0.00012969531089765952,0.001185404744968929
1050,8.548084236584449e-05,0.0006291187196093127
1051,7.085180647360781e-05,0.0008463186229924993
1052,7.301459409063682e-05,0.0005729746608586426
1053,6.461400092424204e-05,0.0007297304233914644
1054,7.034571754047648e-05,0.0008563586102753648
1055,6.615160188327233e-05,0.0005976167804975477
1056,7.442991433587546e-05,0.0007018250354010154
1057,6.821977100723113e-05,0.0005560497874502986
1058,6.765699120781695e-05,0.0008163506082430678
1059,8.109690994994405e-05,0.0006510648680360694
1060,7.290772434013586e-05,0.0005951548139537462
1061,6.52126555602687e-05,0.0007086969314317345
1062,6.766852311557159e-05,0.0006777190985239781
1063,6.15274114049195e-05,0.0005425266602909879
1064,8.308098598111732e-05,0.0010131755563038522
1065,8.334741335905468e-05,0.0007234803850766631
1066,8.6155403793479e-05,0.0005741081454475242
1067,6.904931578901596e-05,0.0006927298261084164
1068,6.572887796210125e-05,0.0005935337619137084
1069,6.750525499228388e-05,0.0006032528233856007
1070,6.822154003505905e-05,0.0007555343856427775
1071,7.327227601005386e-05,0.0008174984860376929
1072,7.068884733598679e-05,0.0005515855798301729
1073,6.761017648386769e-05,0.0007509535261258287
1074,8.678452431922778e-05,0.0008275184895413007
1075,9.832287614699453e-05,0.0005570996684779287
1076,0.00015004437591414899,0.0010632856153055751
1077,0.00011141916499279129,0.0010414295134813722
1078,0.00011565524425047139,0.0005294113863825973
1079,0.00013445812025262663,0.0008241974955291231
1080,0.00013224599436701586,0.0016058381091686217
1081,0.00010427359423677747,0.0006013995823477618
1082,0.0001463327440433204,0.0007030954359818185
1083,0.00010530113019437218,0.000994374529133164
1084,9.371125391529252e-05,0.0005133175434087191
1085,8.670824754517526e-05,0.0006091895849207056
1086,9.635688329581171e-05,0.0008673006181070058
1087,7.430288048150638e-05,0.000856396340327991
1088,8.599068193385999e-05,0.0006872692145577397
1089,7.451483349238211e-05,0.0005524910125903219
1090,7.460175984306261e-05,0.001386609738477341
1091,9.483517399833848e-05,0.0007540358654094032
1092,6.893445582439502e-05,0.0006197383481776342
1093,6.825914266907299e-05,0.0005795982433483005
1094,6.821926896615575e-05,0.000809657642859843
1095,6.663709258039793e-05,0.0007593856040457787
1096,6.447484823487078e-05,0.0006322551398518991
1097,6.190323959647988e-05,0.0008040053827132572
1098,7.238683028845116e-05,0.000889929964572017
1099,7.681516775240501e-05,0.0005470349062615406
1100,9.662827505962923e-05,0.0015724715969916052
1101,0.00011292164951252441,0.0005761858488416724
1102,0.00013280764493780832,0.0004995625843266734
1103,0.000259016341685007,0.005675653608417825
1104,0.000418650743085891,0.0005403792945809706
1105,0.00028380731237120926,0.0005455187914010725
1106,0.0002488925315750142,0.00418446919940717
1107,0.00038065951472769183,0.0011041816405690554
1108,0.00040766706224530934,0.000659011406327015
1109,0.00022254855915283163,0.001028500236225759
1110,0.0001129558290510128,0.0005240763485845593
1111,9.710292166952665e-05,0.0020310699082611468
1112,0.00015780790514933565,0.0005014645186258339
1113,0.0001419771579094231,0.0008058530478571455
1114,0.00012789967537779983,0.0010453566328379295
1115,9.23327791194121e-05,0.0005235551185538306
1116,0.00010136577863401423,0.0008421732063386664
1117,8.985462724619235e-05,0.0012628387671531783
1118,0.00010129087992633382,0.00046563365841175466
1119,0.00010909713746514172,0.0011899425903002818
1120,0.00010504839980664352,0.0008363320709167699
1121,7.609791549233099e-05,0.000636725566288312
1122,7.880784445054208e-05,0.000711253534356399
1123,7.047543088750293e-05,0.0012579172830210047
1124,8.258987072622404e-05,0.00047696806825370643
1125,0.00010475078888703138,0.0012696682140132419
1126,0.00012908919889014213,0.0007554772966071603
1127,0.00011237755825277418,0.0005901227854954743
1128,0.00015272049543758233,0.0017349467468475216
1129,0.00020521432937433323,0.0006084276612763625
1130,0.0001493428193498403,0.0005025744304736281
1131,0.0002295148054448267,0.0044512255253455445
1132,0.00044524969222644966,0.000554282700898921
1133,0.0003883020447877546,0.0005230351721552032
1134,0.0002525742034777068,0.002977336440317071
1135,0.00029971974436193705,0.001442644675670747
1136,0.000530215073376894,0.0019643010560706346
1137,0.000253531391111513,0.0005021478506948864
1138,0.00038486875710077586,0.0006754772236559824
1139,0.00044422399951145054,0.0041857961843019
1140,0.00039344236914378903,0.001395905839704108
1141,0.0003871821390930563,0.003974530523866197
1142,0.00044991009247799714,0.0020572325917320292
1143,0.0005357901332899928,0.001950837708179082
1144,0.0002267763038010647,0.0011791172873501785
1145,0.0002513244243649145,0.000529192853718996
1146,0.0006087479103977482,0.005199578581160011
1147,0.002213024802040309,0.004423347361690816
1148,0.0008390165632590652,0.01481281263394314
1149,0.002809539025959869,0.011856652338776672
1150,0.002007857570424676,0.004194054142599217
1151,0.001309014274738729,0.01800756740291216
1152,0.003710497450083494,0.005364547673563816
1153,0.004032616519058744,0.024249229710875897
1154,0.002748892921954393,0.012157350440907199
1155,0.002134106261655688,0.005634865739889312
1156,0.0016900393723820646,0.005491250569044411
1157,0.0005718163719090323,0.0017968294393184067
1158,0.0004141023634777715,0.0008493303125574422
1159,0.00019207356235710903,0.0005922643066117028
1160,0.00015661764725033816,0.0011686079312700623
1161,0.00013271442827923844,0.0005144479855410319
1162,0.00012508723739301786,0.0012166003943577528
1163,7.783438049955294e-05,0.0006765381478852924
1164,9.064285986823962e-05,0.0008929054550564445
1165,6.681743155544003e-05,0.0005845729404943314
1166,7.23865499215511e-05,0.0007727018938136385
1167,6.610803878478085e-05,0.0006403462590795413
1168,6.889698803812886e-05,0.0007454993556272674
1169,6.291558189938465e-05,0.0006404555516218092
1170,6.87472740537487e-05,0.0008061173981406565
1171,6.494453482446261e-05,0.0006507253305808157
1172,5.9931413125013934e-05,0.0006817767256751728
1173,6.153839737332116e-05,0.0007831319625443801
1174,6.463205014976363e-05,0.0006347931699373907
1175,5.8464292184604956e-05,0.0009156374769884822
1176,6.349282169442934e-05,0.0006464483489232051
1177,6.128669313814802e-05,0.0008185862902180348
1178,6.0145213986591746e-05,0.0007344767001027933
1179,6.212749334129815e-05,0.0008294014084762696
1180,6.27502212106871e-05,0.0007475150784573583
1181,5.814256364828907e-05,0.0008082980311936334
1182,6.255031063725861e-05,0.0007460500062479058
1183,6.22717588460849e-05,0.0007327034444541722
1184,6.0633024259004745e-05,0.0007769514797356665
1185,5.8480235747992995e-05,0.0007395059503579161
1186,6.147612827286744e-05,0.0007615430931338928
1187,6.439188146032394e-05,0.000806639414719423
1188,6.094256532378495e-05,0.0007484903065323502
1189,6.483644368321014e-05,0.0008186971629249072
1190,6.0347547211373846e-05,0.000742954574155176
1191,6.181184192731356e-05,0.0007696051221149933
1192,5.9593306408108525e-05,0.0007829778498479121
1193,6.347420882472458e-05,0.0008422307121754944
1194,5.4718218355750046e-05,0.0008649980831462432
1195,6.208559207152576e-05,0.0008158198609193841
1196,5.9901722609841573e-05,0.0008428446119364308
1197,6.303418097862353e-05,0.0007648957731968645
1198,6.539408107831453e-05,0.0007977605381051811
1199,6.177845983377969e-05,0.0007726508365149715
1200,6.301317286367218e-05,0.0008619766545272094
1201,6.085893789228673e-05,0.0008072664345517514
1202,5.965971892389158e-05,0.0008170922926305596
1203,6.003969465382397e-05,0.0008225179423233283
1204,6.033934696461074e-05,0.0008331109789247017
1205,6.068645889172331e-05,0.0008536718201376539
1206,6.421866758804148e-05,0.0007507562287912938
1207,6.18418639836212e-05,0.0009615729823638753
1208,6.295369336536774e-05,0.0007588193960661784
1209,6.198488602725168e-05,0.0010717843767361578
1210,6.142351339804009e-05,0.0007681864299069785
1211,6.42559466844735e-05,0.0009771173163084824
1212,6.228447940278177e-05,0.0006619723161966037
1213,6.612710664436842e-05,0.0008847642512240814
1214,5.957104391806449e-05,0.0008332046869056061
1215,5.911917202562715e-05,0.0008693792173720507
1216,6.11570833522516e-05,0.0008292871004270733
1217,5.993488472692358e-05,0.0008947888301920942
1218,5.818907666252926e-05,0.0009105540308894766
1219,6.562352452116708e-05,0.0007621838309279947
1220,5.6277431334213664e-05,0.0009993597110458095
1221,6.195387104526162e-05,0.0009040051471835439
1222,5.640703869479087e-05,0.0007312255176699895
1223,6.201585759602797e-05,0.0008441628905229291
1224,6.149258600392689e-05,0.0008544220105992754
1225,5.537493343581446e-05,0.000845074451854953
1226,6.691181188216433e-05,0.000826160887989687
1227,5.930893385084346e-05,0.0009681949170140127
1228,6.5457338981408e-05,0.0009616149303018952
1229,6.144460227612096e-05,0.0007996455692352212
1230,6.020103343568432e-05,0.0008493647409418585
1231,6.076038310614725e-05,0.0009615961262915074
1232,6.408980601311972e-05,0.0007609821256521268
1233,6.181503364738698e-05,0.0009397651503487709
1234,6.096488893187294e-05,0.0008063610535862619
1235,6.125216168584302e-05,0.0008664539018833526
1236,5.838890453257288e-05,0.0008455734862379135
1237,6.074947596061975e-05,0.0009752380857521556
1238,5.6384800700470805e-05,0.000932458605991635
1239,5.6296341548052926e-05,0.000915406778536816
1240,5.585411490756087e-05,0.0008989502359210151
1241,5.952876235824078e-05,0.0008388998462851039
1242,6.244886899366974e-05,0.0008632720419903664
1243,6.601300604719048e-05,0.0010016089927588762
1244,5.80166114862853e-05,0.0009007131300688067
1245,6.318026668547342e-05,0.0008448037511014753
1246,6.26674314844422e-05,0.0008839630379856987
1247,5.896854090678971e-05,0.000987507894513339
1248,5.9778887953143565e-05,0.0009129124206955625
1249,5.7429633549569796e-05,0.0008628236322910895
1250,5.7985616149380806e-05,0.000869485343521811
1251,6.092889670981094e-05,0.000835670476802914
1252,5.515755231802662e-05,0.0009850575459080446
1253,6.553335697390139e-05,0.0008610062680003338
1254,5.908868139764915e-05,0.001028624394198312
1255,6.060222173497702e-05,0.0009600898097631758
1256,6.0843943113771575e-05,0.0008080412644876986
1257,8.136157751626645e-05,0.0016091953432364444
1258,0.00010161559597084609,0.00047629487461462204
1259,9.544191901416828e-05,0.0017552088485889093
1260,0.0001109280022016416,0.0004214829117146849
1261,0.00013431426292906206,0.0017024937694434797
1262,0.00012463510793168098,0.000431411974683502
1263,0.00010305186539577941,0.0011671458460167268
1264,0.00011534952209331095,0.0009831273806486817
1265,0.00013004861345204213,0.0007919438065196996
1266,0.00010296622761719239,0.0008663770526286578
1267,8.626138199664031e-05,0.0006331023953527236
1268,9.632722794776783e-05,0.0012847783664521918
1269,9.392893844051287e-05,0.0005253720543502519
1270,8.708112388073156e-05,0.0015176234924103738
1271,7.599040824667706e-05,0.000492529342106233
1272,0.00010834467878642803,0.0016177792356714433
1273,8.787178424730276e-05,0.0006921707203676236
1274,7.393937218391026e-05,0.0012867614759298378
1275,7.477139782470961e-05,0.0006354752193104301
1276,7.90201040217653e-05,0.0009628542213451712
1277,7.649658267231038e-05,0.0008876154849600447
1278,7.881409837864339e-05,0.0007131683789461479
1279,7.746415164244051e-05,0.0012443191651833566
1280,7.690190880869826e-05,0.0006483036981165758
1281,7.148461906278195e-05,0.0011848165595863827
1282,6.604273197202322e-05,0.000793381425181818
1283,6.413551697429891e-05,0.0012407137162892192
1284,7.208556004722292e-05,0.0006461147030576183
1285,7.942651839888034e-05,0.0013859025833274548
1286,6.938708829693497e-05,0.000921556918549267
1287,6.921053912568216e-05,0.0009110052753321565
1288,7.261096131211768e-05,0.0011809906815566744
1289,6.972249466343782e-05,0.0008907748589182221
1290,5.997175394441001e-05,0.0010687653481659387
1291,6.387656758306548e-05,0.0008141758832437395
1292,5.798103520646691e-05,0.0010836352737162982
1293,6.068325989569227e-05,0.0008005516906012002
1294,6.281348129656786e-05,0.0011061028267542168
1295,6.655939990499368e-05,0.0009872973975279553
1296,6.394664233084768e-05,0.0007300817208259594
1297,7.053331840628137e-05,0.001201010972505833
1298,7.251968296865623e-05,0.0007236876060155923
1299,6.500896900737037e-05,0.0014753847231316428
1300,8.355169581288161e-05,0.0006793023679415322
1301,6.364936780300923e-05,0.0011424965699416401
1302,8.216494752559811e-05,0.0009663115669625991
1303,6.16343265088896e-05,0.001251790210368433
1304,6.313468717659514e-05,0.0009986410977040438
1305,6.236260305740871e-05,0.0008419565605202197
1306,5.60418760869652e-05,0.001071335164995521
1307,6.482766063224214e-05,0.0007821917137493052
1308,6.922226651416471e-05,0.001213906639376764
1309,7.268878495475898e-05,0.0007988518951893447
1310,6.938322961408024e-05,0.001178707115323901
1311,6.463601748691871e-05,0.0010574261881023024
1312,6.021779554430395e-05,0.0010976269859064925
1313,5.758400463188688e-05,0.0009642358316937108
1314,5.998852405658302e-05,0.0010696042842900228
1315,6.065065681468695e-05,0.0009850157879746373
1316,5.934867998197054e-05,0.000977234744339363
1317,5.8416620595380665e-05,0.0009953302613967398
1318,6.0094498621765524e-05,0.0009519099202784859
1319,5.73065301675039e-05,0.0008559313391210894
1320,6.242646389485648e-05,0.0011243422576365856
1321,5.662455660058185e-05,0.0008527861993825992
1322,6.786988087696955e-05,0.0010764285893031746
1323,6.51172905539473e-05,0.0010885836431288232
1324,5.9337021472553415e-05,0.0007954086137293916
1325,6.862555649907638e-05,0.000956037512931725
1326,7.342301541939378e-05,0.0012215345617818064
1327,6.111485563451425e-05,0.0009271936919158073
1328,7.044802089997878e-05,0.0010126082497078392
1329,6.616644435174143e-05,0.0009761993332979765
1330,6.303234331426211e-05,0.0011128969098647583
1331,7.819977666561802e-05,0.000734055591571595
1332,6.658903342516472e-05,0.0014359722583151657
1333,7.279215933522209e-05,0.0006999363570190454
1334,6.497340097363727e-05,0.001208560838607788
1335,7.29322661451685e-05,0.0005257976603420582
1336,7.03154772054404e-05,0.0017276086421732448
1337,8.417972567258403e-05,0.0006646080416154205
1338,6.655683488740275e-05,0.0015438756999445328
1339,7.247335937184592e-05,0.0007399028492597359
1340,6.764994614059106e-05,0.0012084680246202853
1341,6.317444349406287e-05,0.0008557682973460352
1342,6.469032377935946e-05,0.0009668397614037978
1343,5.768411501776427e-05,0.0011157446845716454
1344,5.7494956854498015e-05,0.0008651810144621447
1345,5.9812239972719304e-05,0.001117056146785222
1346,5.820771281529839e-05,0.0008694391045532167
1347,6.218081737946098e-05,0.0012770124614253715
1348,6.36140456966435e-05,0.0010383962532736861
1349,7.672520199169715e-05,0.0008207390983656222
1350,7.948336763850724e-05,0.0019295135923465224
1351,0.00014267322064066926,0.0004918692374468525
1352,7.826451619621366e-05,0.001707923769636341
1353,0.00010534358152654022,0.0006336626245694512
1354,9.841679808838913e-05,0.0011174132000234206
1355,9.892208375579988e-05,0.0017714312433521127
1356,0.00011251087319881965,0.0005585815372993578
1357,9.892578091239557e-05,0.0016430744629663725
1358,8.889695212322598e-05,0.000400634599088457
1359,9.997638553613797e-05,0.0024048994337508116
1360,0.0001608628653533136,0.00042731252877444725
1361,0.00018548180329768608,0.002897652025383554
1362,0.00016182716741847497,0.00040632512349613576
1363,0.00014341154892463237,0.002608669813509965
1364,0.0001494295507048567,0.0007377444833060396
1365,9.088247849528367e-05,0.0014459860115584356
1366,8.050141768762842e-05,0.0012395466165208634
1367,7.1539342267594e-05,0.0008128517171257289
1368,7.242447221263622e-05,0.0012640242269283096
1369,7.057402835926041e-05,0.0006918237715071936
1370,7.802993932273238e-05,0.0014199451485523485
1371,6.298387840312596e-05,0.0011986254914241642
1372,6.428703297084818e-05,0.001411582438931501
1373,6.376351763416702e-05,0.001040678526385829
1374,5.6305726563247545e-05,0.0013280839449760086
1375,6.676398819157232e-05,0.0008467583973374291
1376,5.271703557809815e-05,0.0012319183897169861
1377,5.544887292974939e-05,0.0011005217537259388
1378,6.347193411784246e-05,0.0013142719148993166
1379,6.708486228793239e-05,0.001031692354976981
1380,5.797775860022133e-05,0.0012250194627803897
1381,6.247431544276575e-05,0.000930052055704628
1382,6.318046168113748e-05,0.0010095533382315025
1383,6.372225761879236e-05,0.0012679783493274965
1384,6.2864456170549e-05,0.0010334036166797398
1385,6.0881477596315864e-05,0.0012476813122670968
1386,6.0967659131468584e-05,0.0011434996970697737
1387,6.176393799250945e-05,0.0008565111526627467
1388,6.57962926197797e-05,0.0014878750117686278
1389,6.577081245874675e-05,0.0009696472248801831
1390,5.902103997262505e-05,0.0009060063463113575
1391,6.122252113224627e-05,0.0012879026400154097
1392,6.02618213936997e-05,0.0008128849917765583
1393,6.675045636560147e-05,0.0014088212540345974
1394,6.775895938820516e-05,0.0010850588072497092
1395,6.40829976570482e-05,0.0009237251643854608
1396,6.119301979197189e-05,0.0012969595192229015
1397,6.651951068003352e-05,0.000812127512593482
1398,6.75474502107439e-05,0.0010688747308279622
1399,6.416477020441865e-05,0.0010956064018431768
1400,5.9530291764531285e-05,0.0009199664408064649
1401,6.460064541897736e-05,0.0012769613107625525
1402,6.156157905934379e-05,0.0007345894468155208
1403,6.339510388594741e-05,0.0012795173710965066
1404,5.576821737728703e-05,0.0009799314260636647
1405,6.061097834996569e-05,0.0014474033813771101
1406,6.535460706800223e-05,0.0007739044968086453
1407,6.03906242758967e-05,0.0013078585994152124
1408,6.461485657685747e-05,0.0010732147157684441
1409,6.93067064275965e-05,0.0009983425639291997
1410,6.775897442518423e-05,0.0011257760865649219
1411,6.506466064214086e-05,0.0012103447026664347
1412,6.259400009488066e-05,0.0011610955979242071
1413,6.641944346483797e-05,0.001383060354219303
1414,6.218717147324545e-05,0.0006258568211668775
1415,8.261540594200293e-05,0.001824894872676494
1416,7.117601538387437e-05,0.0007368586150185057
1417,7.093565266889831e-05,0.0014206711350931997
1418,7.052933845746641e-05,0.0012613506533262697
1419,6.032160842247928e-05,0.0009747989526275839
1420,7.284927996806801e-05,0.0018248229092858426
1421,8.486851050596064e-05,0.0004946838793574904
1422,9.267477435059845e-05,0.0011711762472578701
1423,9.943565043310324e-05,0.001807678855781318
1424,0.00010725749598350376,0.0005230439849248413
1425,0.00011058157566973629,0.0030267081721767524
1426,0.00014101831960336615,0.0006719696528318033
1427,0.00015988864955337098,0.0011308248168775234
1428,0.00010542326563154348,0.002038386917934475
1429,8.789985828722517e-05,0.0006818196331646744
1430,7.300002325791866e-05,0.0020957956044956477
1431,0.00010729203252897908,0.0009365277008285571
1432,8.668717346154154e-05,0.0010373722872498027
1433,8.251735756251341e-05,0.002062437925841768
1434,0.00010470192355569453,0.00054760809948489
1435,0.00010142987836540367,0.002342304622629189
1436,0.00010446162195876241,0.0011884151663997466
1437,7.816618259918566e-05,0.0008321604228507705
1438,8.346090471604839e-05,0.002756831782178311
1439,0.00013818805940294017,0.0007076581314907594
1440,8.258109010057524e-05,0.0011720555058029637
1441,8.227836175744112e-05,0.002047733028626276
1442,8.477460069116205e-05,0.0008192008802628455
1443,7.16333447295862e-05,0.0017478835336014367
1444,7.207100619173919e-05,0.0009836687971749316
1445,7.208083698060364e-05,0.0016149941543171628
1446,7.697054049155364e-05,0.0012152759883857784
1447,6.956323098468904e-05,0.001046851670678585
1448,6.513017481969048e-05,0.0014276063377418888
1449,6.333634640517023e-05,0.0008694514094740261
1450,6.174258960527368e-05,0.0015963239967006079
1451,6.330945034278556e-05,0.0008785039534872637
1452,7.384036968384559e-05,0.0011543444952143258
1453,7.161709072533995e-05,0.0019414777113859983
1454,7.205356620640183e-05,0.0010639442290398646
1455,6.099362944951281e-05,0.0013391223580546524
1456,5.929215500752131e-05,0.001130946619471546
1457,6.868059863336384e-05,0.001292827288274332
1458,6.470523609702165e-05,0.0013789591857379204
1459,6.361966613136853e-05,0.0011910262748419324
1460,5.76616626252265e-05,0.0012166577480510095
1461,6.704121187794954e-05,0.0009468457800620752
1462,5.87073307542596e-05,0.0017073525045045287
1463,6.255411838841003e-05,0.0008072283064329735
1464,6.622433914647748e-05,0.0012757684810806
1465,6.234619577298872e-05,0.0017879459716254376
1466,6.83469979170089e-05,0.0008425891371471099
1467,7.146646094042808e-05,0.0014621156427126966
1468,5.5590511328773574e-05,0.0008713977703874337
1469,6.47599973793452e-05,0.0014190692304802395
1470,6.454496615333482e-05,0.0014584427701148657
1471,8.198748061355824e-05,0.0007006190615580284
1472,8.67182762400868e-05,0.0020729310024932726
1473,9.310438714843864e-05,0.0008699190417374076
1474,8.370050248534729e-05,0.0013189040087313222
1475,7.386273876666868e-05,0.0016653177121447192
1476,7.11638053568701e-05,0.0006861328747299124
1477,9.176894091069698e-05,0.002447801210498165
1478,9.666594366232554e-05,0.0011645333895225578
1479,0.00010142838485383739,0.000928178606779527
1480,6.875977075348298e-05,0.0015968801943879378
1481,6.374749743069212e-05,0.0016339354997239354
1482,6.168087857076898e-05,0.0013216301602752584
1483,6.218881656726202e-05,0.001620833862747191
1484,6.439499411499127e-05,0.0019082902435060831
1485,7.838407982490026e-05,0.0009559563336259419
1486,6.639074660294378e-05,0.0020388998414596748
1487,7.495824684156105e-05,0.0012129921830675908
1488,7.715100946370512e-05,0.0009440238072199213
1489,0.00011573272737829636,0.0029775744007235904
1490,0.00010633313601526121,0.0011332457921228083
1491,8.891858209002143e-05,0.0009402487063113252
1492,9.23704166780226e-05,0.0026828382199641032
1493,0.00014868170643846194,0.0006627150139792592
1494,0.0001685400192703431,0.002693350285248101
1495,0.00013785357393013934,0.0016988820402490858
1496,0.00012629104652053986,0.0007250622434477589
1497,0.00011762514817140376,0.0030400011993465367
1498,0.00022467440236747886,0.0004384557075583381
1499,0.0002685234920742611,0.0016917057137266454
1500,0.00021994110332646717,0.0036361656255192226
1501,0.00022126140538603067,0.0003890130115395183
1502,0.00016830615932121872,0.0008675310378131724
1503,8.842436460933337e-05,0.0008901604471237355
1504,7.993991433371168e-05,0.0006763767908055688
1505,7.040772761683911e-05,0.0019014337221269458
1506,8.347407419933006e-05,0.0007555437834568496
1507,7.737711809265116e-05,0.0013037275418105443
1508,9.829993747795621e-05,0.001704992770696636
1509,9.43318271311e-05,0.0007374009530809545
1510,8.370251453015953e-05,0.0018827594300644876
1511,7.661566827058172e-05,0.0011719167327824218
1512,5.551507783820853e-05,0.0009835313207215265
1513,6.48852461987796e-05,0.0013348039209690186
1514,7.819323606478671e-05,0.0014928152293854594
1515,8.208404057465183e-05,0.0006214171653156712
1516,9.473007715617617e-05,0.001996909940481861
1517,7.877355383243412e-05,0.0005620103082314103
1518,7.235482432103406e-05,0.0011190461180865907
1519,7.414792150181407e-05,0.0013160417389127355
1520,6.863385836671417e-05,0.0007844456319260814
1521,7.87063220438237e-05,0.0021090036263547796
1522,6.706594916371008e-05,0.0008010192000601925
1523,7.295039589128767e-05,0.0016229296081334526
1524,6.748029603234803e-05,0.0010884882567711827
1525,8.155085136725877e-05,0.0009640785711456624
1526,8.138330983153234e-05,0.001833561140014545
1527,6.81723264278844e-05,0.0010740540747065097
1528,6.785291819445168e-05,0.0012760526110548853
1529,6.287898286245763e-05,0.0013476558712485372
1530,6.749535168637522e-05,0.0009180456654363371
1531,7.514170332190891e-05,0.001506080205568619
1532,6.413126781505223e-05,0.0016744824940589263
1533,7.293939949401343e-05,0.000939759417564325
1534,5.9085759858135134e-05,0.001807696250681248
1535,6.180804775794968e-05,0.0007937580134058562
1536,6.360100815072656e-05,0.0014281427308682852
1537,6.484784001562124e-05,0.0013208104871425843
1538,5.807228929673632e-05,0.0013156245821373462
1539,6.0914406397690375e-05,0.001533419271993685
1540,5.973820346601618e-05,0.001113108402167104
1541,7.394685235340148e-05,0.0014398779998511643
1542,6.522540788864717e-05,0.001467400263826096
1543,6.393289974463794e-05,0.0012096715542999755
1544,5.7460193299145125e-05,0.00198394359070372
1545,8.148398628691212e-05,0.0010172153901538883
1546,8.294996320425222e-05,0.0011116287045382313
1547,7.185449794633314e-05,0.0019278697508158522
1548,5.9895406108504784e-05,0.0008724035537932395
1549,6.922961135084431e-05,0.0014931915347649559
1550,6.411577002533402e-05,0.001007767900693835
1551,5.705731358223905e-05,0.001265026512555778
1552,5.9990803129039706e-05,0.001758465262903282
1553,6.501337678249305e-05,0.0013447959290555957
1554,7.266373722814023e-05,0.0012915777209302007
1555,6.164544902276248e-05,0.0017272263359583435
1556,6.91700564251126e-05,0.0012635998846554574
1557,5.9220123027140896e-05,0.0011531274685056129
1558,6.569809338543564e-05,0.0017812489715747927
1559,6.20252462492014e-05,0.0008900424926603017
1560,8.578592581519237e-05,0.0010383223026530675
1561,0.00013049047289920662,0.0032253866533242296
1562,0.00014513208443531767,0.0005149558458852928
1563,0.00013457688085812455,0.002019778487670143
1564,0.00010397651155168812,0.0017945025809250816
1565,9.779230798206603e-05,0.0005968344832836648
1566,8.621544354051973e-05,0.0021097603899410417
1567,6.538626864009227e-05,0.0006973653021969761
1568,8.573065521583582e-05,0.0020620564096852354
1569,7.571445118325452e-05,0.0010901803973849798
1570,7.745272159809247e-05,0.0012418940457057928
1571,6.0978959663771096e-05,0.0020650105526376712
1572,6.823747389717028e-05,0.0012357650378825176
1573,6.486154549444715e-05,0.0011008674401738164
1574,6.407573043058316e-05,0.0016376688751005377
1575,6.291152870592971e-05,0.0013043039957638721
1576,5.941752315266058e-05,0.0011513983946203727
1577,6.266935524763539e-05,0.0023104256544567163
1578,8.314362785313278e-05,0.000964774612653238
1579,9.899813254984716e-05,0.0006280370296054991
1580,0.00011367032032770416,0.0026374809574662593
1581,8.592119653864454e-05,0.0011985088056579711
1582,8.981406620781248e-05,0.00136745092459023
1583,8.025171506839493e-05,0.0018349819869750686
1584,7.279831431029985e-05,0.0009723727415010812
1585,8.733908228653793e-05,0.001758283425574545
1586,8.038984572825333e-05,0.0014910016641870403
1587,7.22183904144913e-05,0.0012634255741559492
1588,6.936733213175709e-05,0.001775974722998489
1589,7.821540590763713e-05,0.0015376518801813238
1590,6.29395503589573e-05,0.0014640567977422553
1591,7.230788081263503e-05,0.002405258184925201
1592,9.19495903265973e-05,0.0016743751594725975
1593,6.497539288830012e-05,0.0009208318168244308
1594,7.472433499060571e-05,0.0017776491599734764
1595,6.794109843516102e-05,0.0013141307002205772
1596,7.041584224983428e-05,0.0009053007744481427
1597,9.561707459700604e-05,0.0026027045937048066
1598,7.506718538934365e-05,0.0011943836055821277
1599,7.374396761103222e-05,0.0011694892278970464
1600,7.271823900130887e-05,0.0014703275784931815
1601,6.263865943765268e-05,0.0014541408425600034
1602,5.979377019684762e-05,0.001657887886833857
1603,5.759556224802509e-05,0.0013847216481767725
1604,6.310546668828466e-05,0.0014082786541334109
1605,6.508178315319431e-05,0.0022358509149587556
1606,7.083975627513913e-05,0.0006679053419316937
1607,9.24116485596945e-05,0.0019809999938901752
1608,9.323684789706022e-05,0.0024867845223998726
1609,0.00010159429900037745,0.0004974363397536098
1610,0.0001667712732645062,0.003152056746947312
1611,0.00011253530974499881,0.001629534895036217
1612,0.0001239930497831665,0.0006093662440227426
1613,0.00017133353976532816,0.002834835902608016
1614,0.00020119535426298777,0.002139287028592407
1615,0.00022010548661152522,0.0006148188164194425
1616,0.00022792722059724232,0.006176255093288352
1617,0.00024422164618348083,0.002591459290260634
1618,0.00012775712966686114,0.0012525498008557014
1619,0.00011966360325459391,0.0021391841964197088
1620,8.018640898323307e-05,0.0007502789966039066
1621,6.269377821202701e-05,0.001510688807333313
1622,7.021940740135809e-05,0.0008622996495204041
1623,6.85816024391291e-05,0.0011871093584562254
1624,6.075149940443225e-05,0.0015356095221127815
1625,7.081007303592439e-05,0.0009467723038679327
1626,7.811638351995498e-05,0.001511043928187798
1627,6.006033218000084e-05,0.0018402925932137241
1628,5.807043780805543e-05,0.000981865333048055
1629,7.378154065615186e-05,0.0013450629898886148
1630,7.056922622723505e-05,0.0020549949592153665
1631,6.926174537511543e-05,0.0008420453786241348
1632,8.243119130687167e-05,0.002129782535195656
1633,7.830042450223118e-05,0.0008102259014042813
1634,6.41626514455614e-05,0.0013449593581264696
1635,6.130299686143795e-05,0.0018511322518941341
1636,7.015528778235118e-05,0.0011732413815416134
1637,6.866355543024837e-05,0.00172040611539548
1638,6.32345603662543e-05,0.0019582911293779376
1639,5.9693859657272694e-05,0.0013696364387842603
1640,5.674743442796171e-05,0.0018174864279585537
1641,5.9974699979647994e-05,0.0015576627413192165
1642,5.73855371233852e-05,0.0011020098844875326
1643,7.468217857725298e-05,0.002137259725203509
1644,6.725206136858712e-05,0.0021485863062852655
1645,7.334309193538502e-05,0.0011509522672794345
1646,8.118503077033286e-05,0.0035052558309153505
1647,0.0001125465603157257,0.0014473523199830575
1648,9.80227302837496e-05,0.0015064373092279273
1649,9.09843414168184e-05,0.0034433576477179576
1650,0.00010847779631149024,0.0010648067681151524
1651,9.73580899881199e-05,0.0012768925670044202
1652,0.00011837628844659775,0.003793996922148947
1653,0.0001374913069109122,0.0005772373314602197
1654,0.00021622047255126137,0.004623726481430189
1655,0.00018488643690943717,0.0010725734139280666
1656,9.42671686061658e-05,0.0009340585843586412
1657,0.00010060992402335008,0.0020242592024382706
1658,8.116863755276426e-05,0.0013109142776328133
1659,7.440872626223912e-05,0.0015726441405822485
1660,6.148237346981962e-05,0.0020659527556197337
1661,6.799146261376639e-05,0.0009846552845283972
1662,6.33784237531169e-05,0.002044628656806958
1663,6.357367674354464e-05,0.0013297945666072444
1664,5.477336162584834e-05,0.0013818512030751907
1665,6.56290760768267e-05,0.0016826564205772304
1666,5.8344970360243074e-05,0.0014890145765051072
1667,5.594408309358793e-05,0.0017995453924376365
1668,6.0028244721858455e-05,0.0011692624654871418
1669,6.731416870024987e-05,0.0022123109968651454
1670,8.105657567890982e-05,0.0015616073376602596
1671,8.957803668939354e-05,0.000909614583173745
1672,0.00011104433215223253,0.002048734315447727
1673,0.00012247101888836673,0.0019883662571161115
1674,0.0001488235837314278,0.0005610162330314609
1675,0.00022588042872181784,0.0016617024819807786
1676,8.572895167162642e-05,0.00237069615606785
1677,8.025022956038204e-05,0.0012004088082116597
1678,5.768023790248359e-05,0.0014357563691643988
1679,6.296317636345823e-05,0.0010963171476781456
1680,5.7665590187146636e-05,0.0016500157806532162
1681,6.324738496914506e-05,0.001683327621965511
1682,6.033623746285836e-05,0.0012591267607109458
1683,6.483875161696535e-05,0.0014964994090767196
1684,6.131632811351058e-05,0.0014528913174249362
1685,6.14568627497647e-05,0.0018884794485662677
1686,7.15391778309519e-05,0.0014893312210745413
1687,6.771337454362462e-05,0.0012549378875811852
1688,6.209440374126037e-05,0.001836054706510309
1689,7.475603585286687e-05,0.0017045227959152987
1690,6.49150853860192e-05,0.0015830052894000943
1691,7.052998068199182e-05,0.0015768805424797169
1692,6.063068103685509e-05,0.001698993285981753
1693,6.423803085150817e-05,0.0013060915339683668
1694,6.48699535910661e-05,0.0014067688563359324
1695,6.348127402209988e-05,0.002165919770241568
1696,6.76449213642627e-05,0.0012933837875522324
1697,6.0942640508680294e-05,0.0012013138641537935
1698,6.566512286857082e-05,0.001987695305918654
1699,6.243248208193108e-05,0.0015438235227334483
1700,5.812627035387171e-05,0.0012650989916458814
1701,6.636462591510886e-05,0.0024569287953342786
1702,7.496171213764077e-05,0.0014473873558889922
1703,7.530711445724592e-05,0.0014244344198466306
1704,6.378884621274969e-05,0.0024325849259631675
1705,0.00010795724422981341,0.001480371522109912
1706,0.00010133239387262923,0.0009502722161457117
1707,0.00011104333680123091,0.0051779122342361
1708,0.00032824917774026594,0.0017907228137023356
1709,0.00014258727145109636,0.0011148138097024452
1710,0.0001247480317639808,0.0027979375312529634
1711,0.00013858604555328687,0.0009984087436568886
1712,8.663850943169867e-05,0.0011677391420674037
1713,0.00010482169842968384,0.00202952141190024
1714,7.252334956622994e-05,0.002248696799046899
1715,7.478616704853872e-05,0.0015846169764742429
1716,7.717561141665405e-05,0.0016451945595786367
1717,7.915642466590118e-05,0.002794801532590424
1718,9.459964445947359e-05,0.0017764492992486
1719,6.899583750055171e-05,0.0017147992576924506
1720,7.157344807637856e-05,0.0024119844681948248
1721,6.139644077241731e-05,0.001430810422347913
1722,6.631025268385807e-05,0.0018516750951782304
1723,6.63369936470796e-05,0.002967041838173455
1724,8.126188671061148e-05,0.0018375904894330436
1725,6.760239205808224e-05,0.0012118231130039527
1726,8.659612843378758e-05,0.0018994044920985114
1727,7.4653282839184e-05,0.00228641468729301
1728,8.404909603996203e-05,0.000680103428259816
1729,0.000213925193141525,0.002783830650695409
1730,0.0002879004983697087,0.0005241438383835199
1731,0.00017423122675002862,0.0010861233067399228
1732,0.0001471750350901857,0.0016117048611842663
1733,0.00010363074543420225,0.0019251192002203207
1734,8.335692279312449e-05,0.0022020239726101096
1735,9.77279618382454e-05,0.001661338750136831
1736,7.790336385369301e-05,0.0014624317021419604
1737,6.700056983390822e-05,0.0018256215817071715
1738,7.363266583221654e-05,0.001104847839672652
1739,8.339031725578631e-05,0.001940911506406135
1740,6.623082250977556e-05,0.002057460340949004
1741,6.650114689061108e-05,0.0015964495652622125
1742,7.44549926215162e-05,0.0009670527716581193
1743,0.00011572503523590663,0.002934071548522739
1744,9.179118933388963e-05,0.0019775816125043653
1745,5.984804253481949e-05,0.001996413676601927
1746,6.236672294714177e-05,0.0016119167323044518
1747,6.729343537396441e-05,0.0022596577774700627
1748,7.171972295812641e-05,0.0015548525231057092
1749,5.6513993088932085e-05,0.0019167024391697862
1750,5.978270201012492e-05,0.0015389884805731605
1751,5.9441284004909294e-05,0.0015402700260488524
1752,6.636851467192172e-05,0.002326460478266385
1753,7.032958431712662e-05,0.0015254410052514085
1754,9.169400048752626e-05,0.0016767801151866889
1755,8.047649025684222e-05,0.00220796370835245
1756,6.497908204134243e-05,0.0021025927993332783
1757,6.236651436969017e-05,0.0012622731683329183
1758,6.246544556537022e-05,0.0014420644099666187
1759,7.041877979645506e-05,0.0023710629494305244
1760,7.330605294555425e-05,0.0013967921885209736
1761,9.287067805416883e-05,0.00070022429519657
1762,0.00011060963928078612,0.0022078226374908846
1763,0.00010316639575952043,0.0019404743580223873
1764,9.090577101839396e-05,0.0011185005263626925
1765,7.54872482502833e-05,0.00392959233133765
1766,0.00022729023864182334,0.001598874646870757
1767,0.00011071836634073407,0.0008098703323337876
1768,0.00011190394191847493,0.002506057315162922
1769,8.126122605366012e-05,0.001860453496681668
1770,6.968573143240064e-05,0.0010022077868060803
1771,8.714972937013954e-05,0.003051445596137939
1772,0.0001703521489010503,0.0010436347175841573
1773,0.00015833073024017116,0.0003120065097423401
1774,0.0002726090140640736,0.003369062044249292
1775,0.0001667691171557332,0.0006765374491380648
1776,9.352221386507153e-05,0.0017646072195483405
1777,7.728656443456809e-05,0.00141030383413407
1778,6.066338488987337e-05,0.0010259685178739372
1779,8.278564394762119e-05,0.0022033323964093165
1780,0.00013801268069073557,0.002461637105460535
1781,0.00022894716627585391,0.0004974388410737952
1782,0.0002334095406695269,0.0009425855748905469
1783,0.00020047872967552394,0.005135490422883229
1784,0.00023019948178747048,0.0015837584311763446
1785,0.00016519084456376732,0.0013935122675022753
1786,0.000127875164616853,0.002786679909570001
1787,0.0001344984717434272,0.0008652632942352422
1788,0.00014128161710686983,0.002281970736619673
1789,9.369673304414998e-05,0.00232978473616252
1790,0.00011013493155284474,0.001010704795627076
1791,0.00010503593706137812,0.003764919166001137
1792,0.0001753278881854688,0.002296992464601035
1793,0.00015793372440384701,0.0014350637194444561
1794,0.00011926222941838205,0.00460091890080979
1795,0.0001638522643285493,0.0006605673910524392
1796,0.0002382918658743923,0.004351234243235044
1797,0.00017396901869991174,0.003812846825703194
1798,0.00020526400961292288,0.0004937389750219218
1799,0.0003624294127803296,0.003153731627117472
1800,0.000327513855881989,0.0025757142432491506
1801,0.00019892708902868132,0.0009781678460132636
1802,0.0001625164290696072,0.0035028927714416853
1803,0.0001923587570975845,0.00038738209521568145
1804,0.00028700532857328653,0.005329073581038512
1805,0.00028744742254881807,0.0013169052170545995
1806,0.00018712602662465845,0.0009920511616677134
1807,0.00013468171625087658,0.002361668731298363
1808,6.981466843474967e-05,0.0017958180161944607
1809,6.976574513828382e-05,0.0018594435733410785
1810,8.037101846033086e-05,0.0023324195995425793
1811,9.793823313278457e-05,0.0007965791143670308
1812,9.810172098999222e-05,0.002492836570334539
1813,7.822599339609344e-05,0.0017735062613647584
1814,7.608054220327176e-05,0.0019151311264269883
1815,8.211942622438073e-05,0.0021728833269992333
1816,7.635302317794412e-05,0.0017045787664958173
1817,7.016042218310758e-05,0.0024079273302347686
1818,8.59378002739201e-05,0.0006596577436832047
1819,0.00012026453235497077,0.001577849337852925
1820,7.63703957394076e-05,0.0018908906284153288
1821,8.405264719234159e-05,0.0010279468716835678
1822,8.880074019543827e-05,0.002701154960406541
1823,0.00010040088770134996,0.002062305622892073
1824,0.0001310155785176903,0.0007831457224014156
1825,0.00011714548260594408,0.0034356212041923525
1826,0.0001789519553616022,0.0004294417817911051
1827,0.00014692715582593035,0.003443108778991546
1828,0.00018117624567821623,0.0019257804753302396
1829,0.00011183299284311943,0.0007251166603773049
1830,0.00012330366250049943,0.0032438829620178157
1831,0.00010304363968316466,0.0009572199785439243
1832,6.721151100161174e-05,0.00222397253069787
1833,7.318047573789954e-05,0.0023116035964231047
1834,6.911620682027811e-05,0.0018691880143743161
1835,7.652054167313811e-05,0.0018398184935175623
1836,6.362039421219379e-05,0.002329253166783274
1837,7.739091088296846e-05,0.0009597742963073046
1838,7.89181693107821e-05,0.0021244581497399605
1839,5.979365135620658e-05,0.0022371138870846807
1840,6.450686923926696e-05,0.0021842621520096273
1841,6.3500504863138e-05,0.0016165833875308173
1842,8.022697487225135e-05,0.002499923499420895
1843,5.72775747665825e-05,0.002083549706254438
1844,6.517925212392583e-05,0.0016564378672829496
1845,7.566327694803476e-05,0.0026583679603162215
1846,5.975577320593099e-05,0.0018172560393134927
1847,5.902224123322715e-05,0.002272234981803343
1848,6.007148258504458e-05,0.0018160056148530447
1849,5.167885877502461e-05,0.0024789585670652358
1850,5.708615450809399e-05,0.0017387492776908286
1851,6.591746350750327e-05,0.0015626968846558348
1852,6.549417666974477e-05,0.0026730539478710172
1853,6.574762858993685e-05,0.0019124841946585658
1854,6.034378602635115e-05,0.001879230567815098
1855,5.9199656728499876e-05,0.0022000177213323045
1856,5.887690858799033e-05,0.001566724497375585
1857,6.20058832282666e-05,0.0025494548938732745
1858,6.601058169811344e-05,0.0010472306352291168
1859,8.606257809636493e-05,0.002795445833529471
1860,8.780363520296911e-05,0.002353236649038368
1861,8.151365497421163e-05,0.0010654077787232742
1862,7.802840288301619e-05,0.004348893766972231
1863,0.00019758786802412943,0.0018209147659179411
1864,0.00010668086809649443,0.0009464986694837806
1865,0.0001066454239965727,0.0024898748093268325
1866,8.013691622181796e-05,0.0027451097545873005
1867,7.31958959174032e-05,0.0015879249842211125
1868,7.322017821328093e-05,0.0023625483790859145
1869,6.180451212761303e-05,0.001105767205849083
1870,8.094030830155438e-05,0.001751822145786463
1871,8.585425142276411e-05,0.0025943574626325515
1872,7.002006993085766e-05,0.0012421705892816056
1873,7.786987989675254e-05,0.002194336499768304
1874,6.680583852964143e-05,0.0023202417372066896
1875,7.544999825768173e-05,0.0015356662109281803
1876,6.143146504958471e-05,0.0021423773897256246
1877,5.597700922711131e-05,0.0019626235936588622
1878,5.625822595902719e-05,0.0017523235445351976
1879,5.2966072932273774e-05,0.0019785902280447603
1880,5.5437805955686295e-05,0.0019407655719711244
1881,5.062673008069396e-05,0.0017769391034397552
1882,5.723232704137142e-05,0.002375620162000128
1883,5.774653594320019e-05,0.0017469829582876107
1884,5.794782143008585e-05,0.0021480262532764883
1885,5.868608665574963e-05,0.0022021293277955717
1886,7.269012567121536e-05,0.0010563402289622708
1887,0.00013018622218320767,0.0023026627090852163
1888,9.692257929903766e-05,0.0031312410474607817
1889,8.900926040951162e-05,0.001073252019603132
1890,7.637758123261544e-05,0.0029432587434499585
1891,9.199372628548493e-05,0.0014022079096257425
1892,7.97093319609606e-05,0.001915953226921241
1893,5.9450750025765346e-05,0.002066228847830878
1894,6.108958429346482e-05,0.0014057136052260883
1895,6.89582564518787e-05,0.0022140980401343245
1896,7.254153266937162e-05,0.0023368957700284076
1897,6.174703497284403e-05,0.0012972807870464324
1898,6.363849388435483e-05,0.002256151428990807
1899,5.8889828748457756e-05,0.0017745549918549975
1900,5.6110752484528345e-05,0.0019526503509052142
1901,5.778778625729804e-05,0.00237230195838152
1902,6.044753681635484e-05,0.0015818601663425914
1903,6.651682391141851e-05,0.0027551821144352184
1904,7.832989746627087e-05,0.0024671997529133196
1905,7.305575175754105e-05,0.0012577938086799842
1906,0.0001359755153922985,0.003985289663991384
1907,0.00017985338733221093,0.0006551279207114239
1908,0.0001760856811112414,0.0005596646912386083
1909,0.00014162791533938918,0.0034249580304590408
1910,0.00017534918830885242,0.0027009046347866283
1911,0.00017905724234879017,0.00059644609117167
1912,0.00033068318346825737,0.0034644847112157715
1913,0.00033845878206193445,0.004287872000526615
1914,0.000328736695034119,0.0006811593133991595
1915,0.00023730587757502992,0.0032348490772191544
1916,0.0001862887293100357,0.004882183209148764
1917,0.0002832621083750079,0.0004885182984439488
1918,0.0003962548604855935,0.008800982067372367
1919,0.0004466351044053833,0.00040871852350030476
1920,0.00039519504449951154,0.0008884600437878038
1921,0.00022177614155225456,0.004466258860819521
1922,0.00024730516403603055,0.0004763481848250747
1923,0.0002796527851993839,0.0017051070245059088
1924,0.00015837734875579675,0.0025946220440234533
1925,0.0001448584827206408,0.0007489391033944799
1926,0.00012897882455339035,0.003405607841930717
1927,0.00012360683758743106,0.0022780832913513595
1928,9.118128752258295e-05,0.0015212305493336933
1929,8.622199141730865e-05,0.0022982904014901984
1930,9.912284149322659e-05,0.0028628939803559007
1931,0.00014768164207149917,0.0008272076340811599
1932,0.00011067454179283231,0.004064118859973567
1933,0.00012877519620815291,0.0011968036581849275
1934,0.00011343413789290934,0.0022587804382459987
1935,0.0001440090777274842,0.0021197859208747657
1936,0.00012198258724917347,0.0009452807962110168
1937,0.0001454497653564128,0.00421427206098162
1938,0.0001691425267684584,0.0006914321490262543
1939,0.00016633213187257448,0.002504058558036361
1940,0.00010062863487595072,0.0027590803448001894
1941,9.7872340605439e-05,0.0009428084676823856
1942,0.00014784050969562183,0.0033651001598925616
1943,7.850814630122235e-05,0.0011531532774761058
1944,9.148901444859803e-05,0.0020391488010717326
1945,7.9004463138214e-05,0.0026470489298913913
1946,8.477733451096962e-05,0.0011392920121430742
1947,0.00014030242261166374,0.003976021569265783
1948,0.00010470070507532607,0.001196643269528248
1949,0.00020632818535280725,0.0064176608323615195
1950,0.00043799843406304716,0.0013783500776272158
1951,0.0004624258843250573,0.0010163759896450006
1952,0.0005316519411280752,0.007753100502168575
1953,0.000442319221716995,0.0006875852003338888
1954,0.00027612887400512895,0.004881703455480393
1955,0.00014324100144828358,0.0016670501423313429
1956,0.00011233859695494174,0.0013909309595954
1957,0.0001703429562136686,0.007599564693998872
1958,0.0002500086983976265,0.0008406131448324945
1959,0.00012713271232011418,0.005295743419630834
1960,0.0003667723736725748,0.001466190720205767
1961,0.00020809853740502148,0.0016341834650402181
1962,0.00012372856654110364,0.0037422729928416817
1963,9.927385156818977e-05,0.001305856605806546
1964,9.720223024487496e-05,0.0034047049110788002
1965,7.326488654750089e-05,0.0014142252325096674
1966,8.37377718805025e-05,0.002576770088009057
1967,6.889092073834036e-05,0.002660137455507416
1968,6.796090407685066e-05,0.0017598480910705457
1969,6.375407780675838e-05,0.00353549210605217
1970,8.897455651701118e-05,0.0011824114041876768
1971,7.584846413616712e-05,0.0031752355576476505
1972,8.229304366977886e-05,0.0010466795160751028
1973,7.882923115782129e-05,0.003344536679987496
1974,9.049592384447654e-05,0.0013990633789455376
1975,0.00011107979274432485,0.0035204776570919834
1976,9.13432872039266e-05,0.0025487987580573
1977,7.24278126047769e-05,0.0027708649888569326
1978,5.935690096521284e-05,0.002087550882484263
1979,5.641694006044418e-05,0.0022362712757084627
1980,5.827725544804707e-05,0.0022562557010372217
1981,6.131166689253102e-05,0.002242090056612216
1982,5.823828444893782e-05,0.0020609205624099536
1983,6.088972174135658e-05,0.0023449901409708616
1984,5.50529327786838e-05,0.0019295476200004594
1985,6.977143299688274e-05,0.002883732081962782
1986,7.01696626492776e-05,0.0026820685390426574
1987,5.501983444749688e-05,0.0021866332747761093
1988,6.0058052379948394e-05,0.0022285956547633684
1989,5.681914578114326e-05,0.0021791369613390742
1990,5.7012515026144686e-05,0.002531305067132265
1991,5.3821999244973995e-05,0.0017161830294365335
1992,7.008740528059813e-05,0.002544417719993936
1993,5.286020386847667e-05,0.0017795838614413787
1994,6.0893469102059804e-05,0.00255308566854624
1995,5.5623395989338555e-05,0.0015276179373896086
1996,6.230814033187926e-05,0.0025177682553859135
1997,6.39555287004138e-05,0.0015776769247189252
1998,8.251245987291137e-05,0.0017208118292595647
1999,6.815369730854097e-05,0.0027538965706718943
2000,6.409552103529374e-05,0.001663118618545912
2001,8.04167122017437e-05,0.0030985689689323566
2002,7.437128321422885e-05,0.0022170782349295697
2003,6.022187905424895e-05,0.002000338448298692
2004,6.224559595769582e-05,0.0027579462689440153
2005,6.231162988115102e-05,0.0018868770883336925
2006,5.2969564906864736e-05,0.0024331100026352536
2007,6.0577117255888877e-05,0.0019389570163758961
2008,6.002391843746106e-05,0.0021482413091386356
2009,5.812540960808595e-05,0.0020957440260405604
2010,5.642040099094932e-05,0.002306138159848793
2011,5.875881009463531e-05,0.002032882539413826
2012,5.746450624428689e-05,0.0023357896556347956
2013,5.9229369314077e-05,0.0021306085189238015
2014,5.3721519361715767e-05,0.002572452938129679
2015,6.687907201315586e-05,0.002440435333961719
2016,7.490772162176048e-05,0.001696880797212889
2017,9.267445808897416e-05,0.004634076081303477
2018,9.900106112278687e-05,0.0017713759896448916
2019,0.00010711499635362998,0.004096421132637569
2020,7.040701796843981e-05,0.0028694605356768556
2021,7.715486572124064e-05,0.0014987864030514195
2022,7.793083544432496e-05,0.0038435796401000513
2023,8.921298431232571e-05,0.0017391296909653653
2024,6.956250096360843e-05,0.0026494194944089618
2025,5.803430249216035e-05,0.001860905039717841
2026,6.840196971703941e-05,0.0018317659449496725
2027,6.943999226981153e-05,0.003049632060553944
2028,9.003873613740628e-05,0.0016462129189453105
2029,6.573671077300483e-05,0.004744736052918853
2030,0.00010538309822247053,0.0012042538994073606
2031,9.756158397067338e-05,0.003191973438094321
2032,9.527834287534157e-05,0.002087427736178302
2033,8.582167210988701e-05,0.0016288659875744094
2034,7.91982170388413e-05,0.004232685441118583
2035,9.386507348002245e-05,0.0016478653738482131
2036,5.916859712063645e-05,0.0023690559751522993
2037,5.5214296298800034e-05,0.0020621724716763487
2038,4.7335073031717914e-05,0.0026788631486788133
2039,5.776551818901983e-05,0.0022543252116254374
2040,5.537640390684828e-05,0.0023268997064677245
2041,5.466030634124763e-05,0.0021550298807325595
2042,5.497712045325898e-05,0.00183426640786187
2043,6.518075194132204e-05,0.0023243224223781574
2044,6.058603539713658e-05,0.002613230518539224
2045,5.504010381021847e-05,0.002380922352296044
2046,5.6910661805886774e-05,0.0024456167920378215
2047,5.882447367184795e-05,0.001966916116591739
2048,6.140281087330853e-05,0.002956687798178945
2049,6.209866357191156e-05,0.0018700300280157236
2050,5.653881210794983e-05,0.002440712632535145
2051,6.573559755148986e-05,0.002030565781921845
2052,6.0015190198707086e-05,0.0021532972517548598
2053,6.743101451623564e-05,0.0025537745191100223
2054,6.709996620581175e-05,0.002629731550311659
2055,5.945273054142793e-05,0.002327159184646624
2056,6.252578483933273e-05,0.0016826206929872781
2057,6.248469629402583e-05,0.0025641300650150107
2058,6.508417354780249e-05,0.0018910818531760695
2059,6.0405904271950324e-05,0.0019502429657871699
2060,6.460874283220619e-05,0.002738737373215239
2061,5.768316696048714e-05,0.002555171095858715
2062,5.0767937015431626e-05,0.0024158433324804433
2063,5.6284930421194684e-05,0.002372868843812343
2064,6.324576703870358e-05,0.001954849901995812
2065,5.7108882901957256e-05,0.002264368861140302
2066,5.626328371969672e-05,0.001744648173440531
2067,6.176985528630516e-05,0.002810478714234822
2068,7.948053001503771e-05,0.0023968407124476997
2069,6.311679171631113e-05,0.0021827050902722784
2070,7.417436863761395e-05,0.0021037611067404
2071,6.207480885980962e-05,0.002349008697123207
2072,6.185689320166905e-05,0.0025786417944912324
2073,5.6912568834377455e-05,0.0016738992934632632
2074,6.825788877904416e-05,0.0019486575722367618
2075,6.506113495561295e-05,0.0032253428444004896
2076,7.854237434609482e-05,0.0018113583703498132
2077,7.058538030833006e-05,0.0026756675957500587
2078,6.150827636398996e-05,0.0026574995360549606
2079,6.53671120138218e-05,0.002068224877707268
2080,5.825224943691865e-05,0.002428780380658239
2081,5.6616436389352505e-05,0.0022133487638913924
2082,5.666724609909579e-05,0.002501244811962048
2083,5.9594670892693104e-05,0.002186679947108292
2084,7.116532942745835e-05,0.0023041809963509005
2085,6.078181662208711e-05,0.0018278734025964785
2086,5.98712761226731e-05,0.002245032932467715
2087,5.479379154470128e-05,0.0024766322955140593
2088,6.565959459597555e-05,0.001796302067017869
2089,6.576266702419767e-05,0.0024163515418659004
2090,6.285266402604369e-05,0.001634231658260289
2091,6.432418207017085e-05,0.003069232671374553
2092,6.450288977551584e-05,0.0019851961317444928
2093,6.64024759316817e-05,0.0017378922641734804
2094,8.231364360350805e-05,0.003128525689353197
2095,7.28429479446883e-05,0.0017315709067519472
2096,6.0061774759863815e-05,0.002817375590883152
2097,6.704188805694382e-05,0.0019006360777005641
2098,5.797196984834348e-05,0.002059361648239326
2099,6.495870475191623e-05,0.002159080518496751
2100,5.406937319397305e-05,0.0019748850442381977
2101,5.477527496016895e-05,0.0023632033902345694
2102,5.9814832638949156e-05,0.0023482125388643547
2103,5.6817042544328915e-05,0.0015975589930673528
2104,6.567399589888131e-05,0.003166458727410662
2105,8.43831260378162e-05,0.0016648280870016905
2106,7.385908684227615e-05,0.0029676858967507794
2107,7.235737333151822e-05,0.002778708281224234
2108,7.224130046476299e-05,0.0017418665123820217
2109,9.424030043495199e-05,0.0027424694060712877
2110,8.831137626354272e-05,0.0030098231209779694
2111,0.00010373836169795444,0.0020434344337152983
2112,9.046271928430845e-05,0.0034283096738682503
2113,7.477322506019846e-05,0.002659803595426574
2114,6.057986853799472e-05,0.0025539529272927005
2115,6.168331989708046e-05,0.0025809324463578866
2116,6.298065951947744e-05,0.0024854647681901328
2117,5.665603724385922e-05,0.0025382045471267394
2118,5.7004196181272465e-05,0.002103943185750068
2119,5.755636763448517e-05,0.003093859011971811
2120,8.378682929712037e-05,0.0020883038758479975
2121,6.521676647632072e-05,0.002032677739673452
2122,9.881297931618368e-05,0.004376059869162695
2123,0.00012138219026383012,0.0025577581111799206
2124,8.328538169735111e-05,0.0025705760617179482
2125,7.325274006385977e-05,0.003627881535726507
2126,9.170430712401867e-05,0.00176841098194321
2127,7.940183277241886e-05,0.001724339809203357
2128,6.846732164073425e-05,0.002472090988272899
2129,5.86675227774928e-05,0.002671630064581047
2130,6.0664927392887576e-05,0.0016625637286587765
2131,6.576140925365811e-05,0.0021504755485911814
2132,6.139056204119697e-05,0.0026364195683415523
2133,6.1119784610734e-05,0.0031882587803952526
2134,6.179532865644433e-05,0.0019787021215504023
2135,5.8918562717735765e-05,0.002277999005296774
2136,5.886170935506622e-05,0.002596921799432116
2137,5.4507686581928286e-05,0.0020732907299224656
2138,5.726029242699345e-05,0.0032714005690394786
2139,6.802457246521954e-05,0.002674815938018306
2140,5.7220451708417386e-05,0.002184389877318247
2141,5.787551999674179e-05,0.0022940788981749825
2142,5.8907218529687574e-05,0.00195270570741193
2143,6.13636623408335e-05,0.0031446230581455062
2144,7.173421545303427e-05,0.0017424253338392366
2145,6.337698675148809e-05,0.003327478523970696
2146,7.610617321915925e-05,0.0027409636086038157
2147,6.001260238311564e-05,0.0021833047850809075
2148,6.207929715552988e-05,0.0036326594982971573
2149,8.493543233877669e-05,0.0024216074376688366
2150,8.383067664302265e-05,0.0010380196073283142
2151,0.00012411714803117017,0.0029617262492228668
2152,0.00010150469024665654,0.0035673148047767186
2153,0.0001011612842072888,0.0019150170904709495
2154,8.337242179550231e-05,0.0018733267608365557
2155,9.972052357625217e-05,0.004327746554773453
2156,0.00010378742784572144,0.0023546752966504695
2157,9.416635148227215e-05,0.0013250244743250616
2158,0.00013371063226562304,0.003743398648670368
2159,0.0002127434437473615,0.000496308925047269
2160,0.0002057376104251792,0.0015533389836789398
2161,0.00013404356820198398,0.0042320349368087035
2162,0.0001621286248943458,0.0008796004102598026
2163,0.00011663855305717637,0.0019209812931738227
2164,0.00012464876466159087,0.003548643162354217
2165,0.0001415474253008142,0.0014756160014859068
2166,0.00012872488393137851,0.002281366547907305
2167,0.0001605466726080825,0.006444241889692538
2168,0.00020061966448944684,0.0011981353756007657
2169,0.00012241014434645573,0.0016234634479518697
2170,9.756925865076483e-05,0.0031840748940621727
2171,0.0001113734717364423,0.0015678290905409128
2172,0.00010574434418231249,0.0025504936888944684
2173,0.00010189746147564923,0.0022624171317190108
2174,9.018037186857934e-05,0.0012497363485428586
2175,7.541774636289725e-05,0.002807554176175281
2176,6.805842834486005e-05,0.0016524449306709028
2177,6.658101143936316e-05,0.002346878795073046
2178,7.355908358780046e-05,0.0026075906496037518
2179,9.166544671946515e-05,0.0013467152766360525
2180,8.641375849644343e-05,0.0029864259995520115
2181,7.841465121600777e-05,0.0030859262323039665
2182,8.250200165396867e-05,0.0012746095723385395
2183,0.00015067867061588914,0.003084038747801331
2184,0.00010436407950085899,0.0038435136904798406
2185,9.149628749582916e-05,0.001937041647340122
2186,8.331746697270622e-05,0.0016369378787862976
2187,7.730059151072055e-05,0.0029267941135913134
2188,7.784106467928117e-05,0.0018395443327114945
2189,7.444974617101252e-05,0.0018302726536194047
2190,8.364775324783598e-05,0.00331847727767121
2191,7.787072972860187e-05,0.002238927313742059
2192,7.558258560796579e-05,0.0018704505433050687
2193,7.013847449949632e-05,0.0025915828184905456
2194,6.232725257480828e-05,0.0027120843140288576
2195,6.1074365900519e-05,0.001812303197782552
2196,5.236971604366166e-05,0.002626750980400377
2197,9.116004512179642e-05,0.0012842844960644668
2198,7.75648436198632e-05,0.0022048541856657345
2199,7.3340923700016e-05,0.0020049284511839435
2200,6.790248929367711e-05,0.0018882815602197373
2201,6.950881118730953e-05,0.001992637878392785
2202,6.555648457530575e-05,0.0023289340662590243
2203,5.9432791507182024e-05,0.0022169670514893113
2204,5.4695945436833426e-05,0.00240338324672646
2205,6.0462408388654394e-05,0.0023582732394795145
2206,6.297969375737011e-05,0.002167927545130427
2207,6.392391830255899e-05,0.0030841731128680426
2208,6.981814658502117e-05,0.0024303634207129303
2209,5.946679981813456e-05,0.0023431783645517295
2210,5.3122724057175216e-05,0.0022218719898172987
2211,6.195197250538817e-05,0.001561640241668064
2212,5.976126946431274e-05,0.0029628220741359287
2213,7.093286937257896e-05,0.0027137708452622793
2214,6.997443366950999e-05,0.0024219177764083382
2215,6.1022089115188766e-05,0.002615608443772932
2216,5.7053722654624533e-05,0.002716015773819901
2217,7.426271064711424e-05,0.0016891165018321304
2218,6.68148616872107e-05,0.002785090550409946
2219,6.771901147052025e-05,0.0025878302584135394
2220,6.95724707232633e-05,0.0013435640173544835
2221,8.356449058434615e-05,0.0031027201868114415
2222,6.025585995909447e-05,0.002472703120458806
2223,6.206040949715922e-05,0.0022647834698838448
2224,6.790628200784947e-05,0.0030095481016940017
2225,7.824098477916171e-05,0.00222389186781488
2226,6.992517737671732e-05,0.001689607389843124
2227,7.134493256065374e-05,0.0032014260912717088
2228,6.780994760144191e-05,0.0024648302817466662
2229,5.1842484147831176e-05,0.002518205083797724
2230,6.378293473972008e-05,0.004010353847379573
2231,9.360302647110075e-05,0.0022520845121437173
2232,6.752763292752206e-05,0.0020424676800353658
2233,6.784572081717973e-05,0.003263914212856812
2234,6.104340088010455e-05,0.002541715750329153
2235,5.895535675032685e-05,0.002361049371831424
2236,6.122232237733745e-05,0.0028352619268610115
2237,6.0469947735934206e-05,0.0017546420802541992
2238,7.872434362070635e-05,0.00244470178667042
2239,6.932534985632325e-05,0.002703040819179419
2240,9.104871908978869e-05,0.0019862542435396136
2241,6.331405456876383e-05,0.0030114048021731145
2242,5.870130747401466e-05,0.0024030998795788886
2243,6.087523894772555e-05,0.002608150202911674
2244,5.64408182981424e-05,0.0023725127831253916
2245,6.315321710038309e-05,0.0032520363602939755
2246,8.805451555720841e-05,0.002983373968333703
2247,6.33489660685882e-05,0.0014293449481524397
2248,9.417569963261485e-05,0.00438533902810941
2249,7.320459990296513e-05,0.0032128867766770875
2250,7.171483788018426e-05,0.0025918542064334218
2251,6.564311503704327e-05,0.0021889615716815694
2252,7.432754719047808e-05,0.002880410718791492
2253,7.248521336199095e-05,0.00146219540831268
2254,8.822579159944629e-05,0.0021110205742263656
2255,7.288184812447677e-05,0.0028313048311906772
2256,6.606837244665561e-05,0.002421361640673022
2257,5.6266822502948345e-05,0.0017395925262877554
2258,7.584453002588513e-05,0.0031050207196838325
2259,7.056014195162182e-05,0.0016806088456045292
2260,7.17909346955518e-05,0.0023605996437850055
2261,6.815818730198468e-05,0.002691050789901736
2262,6.272700071955721e-05,0.002121506458997988
2263,7.041524028560768e-05,0.0018623953716480853
2264,9.203483447587739e-05,0.004577159756326187
2265,9.645107784308493e-05,0.0020690433727305014
2266,7.439999705335746e-05,0.0024969522318426976
2267,6.667073030257598e-05,0.00409500295982549
2268,9.25446569453925e-05,0.0013994254193633621
2269,9.410178705972309e-05,0.002868246771830913
2270,7.506310503231361e-05,0.0038216836445512828
2271,0.00010502915441369017,0.0029680789584479138
2272,0.0001282021092871825,0.000996687372245047
2273,0.00021862716336424153,0.005201701249121226
2274,0.00034291613458966214,0.0007344316966880701
2275,0.0002637437389542659,0.002905569666974813
2276,0.00012653935361110294,0.003290829478833846
2277,8.724674698896706e-05,0.0017506405125693445
2278,7.823311752872542e-05,0.004700406813961372
2279,0.0001031006754298384,0.0016836272498146135
2280,0.00013266260890911022,0.0025657706618940797
2281,0.00013172220739458376,0.003472006487611093
2282,0.0001178202520047004,0.0009264566429090081
2283,0.00010918659099843354,0.003773964598382774
2284,0.00011544002724500994,0.0030886429084236162
2285,7.797933309727038e-05,0.002167558921119797
2286,7.765198485382522e-05,0.0030232340925269658
2287,6.273588611899565e-05,0.0015760307092687975
2288,8.113350001319002e-05,0.001821935918911943
2289,7.783733599353582e-05,0.00291738196205326
2290,6.937761402999361e-05,0.0015317473542871096
2291,8.920555895504852e-05,0.003270955372340324
2292,9.051101030005763e-05,0.0029414293454273753
2293,0.00010266377891336258,0.0011429633585768833
2294,0.0001132859605907773,0.0034818965179181237
2295,9.280015074182301e-05,0.0029026983804151156
2296,9.325336674616361e-05,0.0016131559985945797
2297,8.861094247549772e-05,0.003506886206393005
2298,7.517912357191865e-05,0.0017141821652607262
2299,7.952746527735144e-05,0.0018630703633422392
2300,7.826454432991644e-05,0.0037903232004340977
2301,8.386664315670107e-05,0.002146461500639194
2302,9.921393672508808e-05,0.0014192537555732486
2303,8.407510589070928e-05,0.005054688772829304
2304,0.0001621751143829897,0.0010537082313734232
2305,0.00011589484153470645,0.002056732990953265
2306,0.00014634793624281883,0.004952566834351821
2307,0.00020476326365799954,0.0008960666539343564
2308,0.0009394720041503509,0.012662900415690322
2309,0.0012696710124146192,0.005847393257314698
2310,0.0010126949016315242,0.0010725508906268542
2311,0.00108001083911707,0.01460073363275556
2312,0.0007905087511365612,0.0012819027985658561
2313,0.0005329487767691414,0.0034337064839507405
2314,0.0003565294163612028,0.0035920302868325113
2315,0.00031671601075989507,0.0011528268114701784
2316,0.0004828184600531434,0.008614610237946288
2317,0.0004154210619162768,0.0005331680909790914
2318,0.0007229551071456323,0.006960520036082867
2319,0.00038120707613416017,0.0014511134491808583
2320,0.00034741822940607866,0.0034756519564846803
2321,0.0003196807811036706,0.004423671072534128
2322,0.00022724124525363247,0.0011154844038248368
2323,0.00016778721037553624,0.004175995950374687
2324,0.00013871378226516147,0.0014850979790701504
2325,8.564453310100362e-05,0.0026718298414427984
2326,7.127905895079797e-05,0.0020768627659172602
2327,6.870469369459897e-05,0.0027230957615575944
2328,5.773875576172335e-05,0.0021263877234873716
2329,6.147089637427901e-05,0.0023239377834316757
2330,6.905582170778265e-05,0.002148375239179671
2331,5.8727899643902976e-05,0.0024110525029531695
2332,6.278498646376345e-05,0.002233771912274305
2333,6.764621066395194e-05,0.003193925224702086
2334,6.788519215964092e-05,0.00205601189470692
2335,6.01385024007565e-05,0.0031426643383585745
2336,6.039259120977173e-05,0.0026650998567105733
2337,5.6994701056585956e-05,0.002533413396265946
2338,5.40232385295288e-05,0.0027948171581136205
2339,5.5518796337613215e-05,0.002280030756295599
2340,5.5782467340274405e-05,0.0032572397548291418
2341,6.481916595172758e-05,0.002190518423054389
2342,6.245813759354253e-05,0.0024775392158033205
2343,6.426126880493636e-05,0.003153553793522698
2344,8.771607196346546e-05,0.0014790504522708772
2345,0.00018611398021069667,0.004767432476649856
2346,0.00017200538228886824,0.00216019406849355
2347,0.00010101491546568772,0.0037571266810927126
2348,8.359927548250805e-05,0.0020462414957800805
2349,6.559446289126451e-05,0.003021431941136021
2350,7.312060139762859e-05,0.00229306450407756
2351,6.0684895530963937e-05,0.002662432890614135
2352,7.61421329419439e-05,0.0033983283414783187
2353,7.5601120867456e-05,0.002030068751130449
2354,8.251634086870278e-05,0.004815417026000762
2355,0.00013194790420432886,0.0016094191627555163
2356,9.699840496371811e-05,0.00413501585087581
2357,0.00010209662820367763,0.0019684024958473724
2358,9.697088341151053e-05,0.004095532683579371
2359,7.18216043120871e-05,0.00263355900560729
2360,6.506664503831416e-05,0.0032538659543844693
2361,6.583182766917162e-05,0.0026167147229180523
2362,5.901996337343007e-05,0.002495987617209205
2363,5.5805090232752265e-05,0.0029418046520859526
2364,5.892890961452698e-05,0.002847625054310114
2365,6.648689595749602e-05,0.002222082000334709
2366,6.662224671648195e-05,0.004005933479999589
2367,7.387662456797746e-05,0.0018875591500460752
2368,7.068419605881597e-05,0.0035113759545816314
2369,7.059424266723606e-05,0.001761151819451772
2370,9.86618756238992e-05,0.0034048705380845664
2371,7.763404913324242e-05,0.0028315969138291842
2372,7.985925185494125e-05,0.0023421737507029233
2373,6.310092697579724e-05,0.003030597354824606
2374,6.458347828205054e-05,0.0023661925272242717
2375,6.087197301288446e-05,0.002800165004320225
2376,5.422399214391286e-05,0.002470913830578153
2377,5.29679343647634e-05,0.002958075829634541
2378,5.569268638888995e-05,0.00244792249075502
2379,5.658209944764773e-05,0.00276811342081872
2380,5.528749510024985e-05,0.002778378428281312
2381,5.54701565609624e-05,0.0025350487006730155
2382,6.333920318866149e-05,0.003065180158710968
2383,5.4935999893738576e-05,0.002615360096532699
2384,5.5229252514739834e-05,0.003044128690285292
2385,6.192355212988331e-05,0.0026130694514739585
2386,5.6700926749423766e-05,0.0027593803110025953
2387,5.355114214277516e-05,0.002746962473798565
2388,5.628074626050268e-05,0.002544442176742599
2389,5.60311110651431e-05,0.0029223126560798166
2390,5.062332978316893e-05,0.0022685054433668216
2391,6.5320576444113e-05,0.002677260369759554
2392,5.945864249952137e-05,0.0029413168623564187
2393,5.532797731575556e-05,0.0021979141223369635
2394,6.372630887199193e-05,0.002911711002738155
2395,6.902780393526579e-05,0.0021805059878231836
2396,8.063077984843403e-05,0.0039831795756928405
2397,8.405318706839656e-05,0.002268972177581306
2398,6.388519638373206e-05,0.002847296659622276
2399,6.904643596499227e-05,0.0028184022405865596
2400,7.184269343269989e-05,0.002143932464233006
2401,6.30355216950799e-05,0.0029836940437511744
2402,6.497120023899091e-05,0.002471044016947523
2403,6.531268251516545e-05,0.0023657685671306665
2404,7.498792644279698e-05,0.003463471289288405
2405,6.15137915398615e-05,0.0019552094319955126
2406,7.137000357033685e-05,0.0033516256786795735
2407,6.569938608057176e-05,0.001954787489767486
2408,7.159150191000662e-05,0.0031513604063170345
2409,5.951272517753144e-05,0.0020666204921204094
2410,6.443552653460453e-05,0.0034878270275760116
2411,6.756627311309179e-05,0.0020146640453335136
2412,7.849781638166556e-05,0.0018458465428761485
2413,7.339094590861351e-05,0.0037775929875628294
2414,0.00010558359790593385,0.0024908615701031266
2415,6.790383098026117e-05,0.0026318796458300094
2416,6.016889747115783e-05,0.0028036687937047747
2417,7.097727260164295e-05,0.0016172387411175241
2418,9.25270685305198e-05,0.0032789082353531615
2419,7.666244976765787e-05,0.0032754392126215655
2420,8.20582989642086e-05,0.001488488204287071
2421,0.000110368657624349,0.0036603344212237155
2422,8.793818124104291e-05,0.0022420948711686837
2423,0.0001013668409238259,0.002406357564249931
2424,9.719496786904831e-05,0.0037792917798485674
2425,0.00011125599994556978,0.0013928695402124472
2426,9.790145559236407e-05,0.003058414388861921
2427,8.862998850721245e-05,0.0035404629449833904
2428,8.590433571953326e-05,0.00187549894207228
2429,7.190078249550425e-05,0.00346029534042753
2430,7.770033553242684e-05,0.0017759127988975648
2431,8.263532605875904e-05,0.003423971565146195
2432,6.678868764235328e-05,0.0030044981616151613
2433,5.664655424576874e-05,0.0026011109305818
2434,5.999754454630117e-05,0.0025604568552552607
2435,6.917834058792019e-05,0.0024373109741081967
2436,5.9952153727257e-05,0.0028996396188934646
2437,6.615564222253548e-05,0.002217363707764804
2438,6.720279779983684e-05,0.0034785751928711494
2439,7.46916644857265e-05,0.002446666659449625
2440,6.762166837385546e-05,0.0024589544586968003
2441,7.396468499791809e-05,0.0037543737242401345
2442,0.00010093161399709061,0.001758694488075916
2443,0.0001020055574675401,0.004553416280936428
2444,0.00011175580681689704,0.0021361805231729794
2445,0.00011159787536598741,0.002821495421557573
2446,8.790310918508719e-05,0.0032004953759629824
2447,6.716353794521032e-05,0.0025180865947854276
2448,7.321521698031575e-05,0.00390682975919536
2449,6.226933643726322e-05,0.0025934019379252405
2450,6.541628342044229e-05,0.0027204073546181996
2451,6.400815667196487e-05,0.0026664050140728555
2452,5.911446545117845e-05,0.002993374741608985
2453,5.491501069627702e-05,0.0028917836079820555
2454,6.630579106664906e-05,0.002205902308890084
2455,7.432707740614811e-05,0.003258258141087074
2456,6.787977908970789e-05,0.002636711036906256
2457,7.948804607925316e-05,0.003194036278111196
2458,8.616232468436161e-05,0.0033485218664707495
2459,6.918759997158001e-05,0.0018200704035463563
2460,7.349888134437303e-05,0.0030252177864639905
2461,6.084920217593511e-05,0.00254926768441995
2462,6.210658199658307e-05,0.0025479447638496145
2463,5.7388172717764976e-05,0.002770222135280308
2464,5.636782346603771e-05,0.002594721950154904
2465,7.662725329282694e-05,0.00206411330911674
2466,7.462549110641703e-05,0.0032896329458171163
2467,6.017428871321802e-05,0.002499872769572233
2468,6.180828058859334e-05,0.0025963035646324965
2469,6.783043160491312e-05,0.0033751403959195693
2470,6.3925729773473e-05,0.00225584051021707
2471,6.043573763842384e-05,0.002794771310900561
2472,6.406262230787737e-05,0.0034655595241844307
2473,6.695767272807037e-05,0.002108398778636379
2474,7.366141653619707e-05,0.003279376385613666
2475,6.128580037814876e-05,0.002723040813525692
2476,6.391273345798253e-05,0.0023487551595296778
2477,5.7059412938542664e-05,0.003252928066258019
2478,6.2461289538381e-05,0.0018829419549924937
2479,7.911051846652603e-05,0.003698364284150956
2480,9.388493878456453e-05,0.0024077149369476133
2481,8.373991634774332e-05,0.0017166194820515158
2482,7.886577319974701e-05,0.0038343407594931054
2483,8.973895164672285e-05,0.0019460424320630685
2484,6.931383638099456e-05,0.0025173009193518708
2485,7.842238871186661e-05,0.0032113564816134716
2486,7.993103111706054e-05,0.00096587776424287
2487,0.00018381866781661907,0.007061294329009558
2488,0.00031503418382878103,0.0012032155877480294
2489,0.00034327770893772446,0.002324429501327332
2490,0.0001559190054346497,0.00394511078511588
2491,0.00013601971149910242,0.001761371381471903
2492,7.628896807242806e-05,0.0035652463890786406
2493,6.876506377011538e-05,0.0021444453819714792
2494,5.7822261199665564e-05,0.0022250665024968618
2495,5.9403353952802716e-05,0.002624664270476988
2496,6.372731222654693e-05,0.002277261411433506
2497,6.451830001121076e-05,0.003003586494848568
2498,5.708247408620082e-05,0.002256745663171972
2499,6.137345383952683e-05,0.003000664417168986
2500,5.539705210442965e-05,0.002528866360846319
2501,5.3906017031598213e-05,0.0026151509111344115
2502,5.737170674062023e-05,0.003040919039529144
2503,6.115157690752918e-05,0.0024640241866571862
2504,5.842176591007349e-05,0.002636695761309817
2505,5.3274893919782094e-05,0.00242531480136932
2506,5.8560392547709245e-05,0.0023392844204491343
2507,5.813308477324123e-05,0.0031958839131726157
2508,6.0768983288047215e-05,0.0026730297593541485
2509,5.806261857893939e-05,0.0027757670283753274
2510,5.615094778477214e-05,0.0027305842540635353
2511,5.6154695630539206e-05,0.002342353279468173
2512,5.820903170388192e-05,0.003535896016840349
2513,6.78706385466891e-05,0.001953730851204859
2514,6.876191473565995e-05,0.0027036190860801274
2515,5.453558163329338e-05,0.0029380791316800125
2516,6.532190648916488e-05,0.0034169823541278727
2517,6.251988088479266e-05,0.0020102572515715805
2518,6.63752124334375e-05,0.003206347145292668
2519,6.104358471930027e-05,0.0024864071794943503
2520,5.815262702526525e-05,0.0029739354279611193
2521,6.522687229638298e-05,0.0028056207695725368
2522,8.257467319102337e-05,0.001428118826581808
2523,0.00010474860998025785,0.0028676068102559673
2524,0.00010890962488095587,0.003349059313121769
2525,8.074503857642412e-05,0.0020349460997079547
2526,7.205666624940932e-05,0.003938243664496127
2527,6.340836043818853e-05,0.0028586120192201163
2528,5.793098025606014e-05,0.0026434806205484778
2529,6.6552985420761e-05,0.003913746912533428
2530,8.471428785317888e-05,0.001880469860656089
2531,8.385268447455018e-05,0.001840557303274192
2532,0.00017768795563218495,0.003948965270551499
2533,8.498682000208646e-05,0.0029964623537067085
2534,0.0001013125753767478,0.0018699537562369777
2535,0.00016487822043321406,0.005718713691621496
2536,0.00013238639124513914,0.001317516324649516
2537,0.00010625773090093087,0.0032805204663796037
2538,0.00012935371487401425,0.0036671837105562814
2539,0.00016874467425319987,0.0014636458009372503
2540,0.00015243085896751534,0.005743456239218426
2541,0.00014953396651738634,0.0021860749237457215
2542,9.839542229504635e-05,0.002056651668383451
2543,8.908443754383674e-05,0.004008695295309289
2544,7.851699144036198e-05,0.001863448393847031
2545,9.323567986333122e-05,0.0036123881051153468
2546,7.472468763201808e-05,0.002431211376301291
2547,6.350730012248581e-05,0.0024442259053432803
2548,6.945653197666009e-05,0.0038462024051369283
2549,7.154870205946887e-05,0.002391708211439569
2550,6.193382335671535e-05,0.00303780489290754
2551,5.943388193069647e-05,0.002539712998318916
2552,6.402125436579808e-05,0.0021384393208120998
2553,8.065897951989124e-05,0.003446179496570986
2554,7.573626062367112e-05,0.002666415826401167
2555,6.413123410311527e-05,0.002487989235124741
2556,5.97244060675924e-05,0.0029945265071477456
2557,6.03311083978042e-05,0.0021484340500217258
2558,7.748447824269533e-05,0.0037366249843647607
2559,8.171880423712234e-05,0.0032963243814196153
2560,6.609590927837416e-05,0.002690366668114711
2561,6.317080794057498e-05,0.002918392218300822
2562,6.424872553907335e-05,0.001541955539499197
2563,8.72393977867129e-05,0.005523065938369224
2564,0.00011917899585872268,0.0015597846536020263
2565,0.00011247025686316192,0.0031340232238783474
2566,7.716399559285492e-05,0.0034936890795783343
2567,7.370586196581523e-05,0.0023264577380811783
2568,7.260514830704778e-05,0.003733954623842623
2569,7.704891831963323e-05,0.0019314801279586135
2570,6.966875516809524e-05,0.002787113805132651
2571,7.114573721385871e-05,0.0029357925182676805
2572,5.6435663039640835e-05,0.002259397165773556
2573,6.442594749387354e-05,0.003311679077645143
2574,6.37630660397311e-05,0.0020286140075683246
2575,7.655913456498335e-05,0.0020304041892856535
2576,7.737325819713684e-05,0.0038110171281324143
2577,8.489917915236826e-05,0.0016772183433055269
2578,6.866343416428814e-05,0.003057383970297568
2579,5.796295590698719e-05,0.0025618779718091615
2580,7.617358981709307e-05,0.001967005992624146
2581,7.988437985962567e-05,0.0036684374559169623
2582,7.346251707834502e-05,0.0021385936711898496
2583,8.545654806463669e-05,0.002441430450771113
2584,8.752044450375252e-05,0.004552049973532993
2585,0.00010946640832116827,0.0014375814084203271
2586,0.00012281151139177383,0.004513616439456131
2587,0.00013873055819810058,0.003188202890148114
2588,0.00010951796648441813,0.002292043928394628
2589,8.481311718545233e-05,0.004163077969801182
2590,0.00010588752726713817,0.0014383078182432039
2591,0.00011140846278673659,0.004705274940539173
2592,0.00013731020153500139,0.004336721762165166
2593,0.00011737007007468492,0.0016440009066497373
2594,0.00017083978891605512,0.007646052439136115
2595,0.00020914297783747315,0.0014683997485928281
2596,0.00010767153580673038,0.0029376385248761775
2597,9.35341677783678e-05,0.0036793071449848645
2598,8.876564291616281e-05,0.0019325638402318745
2599,8.955595694715157e-05,0.002770116005354283
2600,8.025784821559985e-05,0.00441768173433361
2601,0.00016371030263447514,0.001061214264468644
2602,0.00015714781960317244,0.00527433917601729
2603,0.00019948868236194055,0.0024437308434004847
2604,0.00012589276981695246,0.0013655224251315783
2605,0.0001243826583959162,0.005016835888422895
2606,0.000108195366919972,0.0018444963620583479
2607,0.0001035057590343058,0.003132487983546323
2608,0.0001124594253875936,0.0027880871842740572
2609,8.987116549784939e-05,0.0016437831248990015
2610,9.412585544244697e-05,0.002854175969130463
2611,7.136166362518755e-05,0.0034085594999947047
2612,6.111375502465914e-05,0.0031083017554983756
2613,6.204185677537074e-05,0.0024524915334360117
2614,6.646307835277791e-05,0.002958220903549278
2615,5.788887453187878e-05,0.002519956730001154
2616,6.298599764704704e-05,0.0024490067708082715
2617,5.850656016264111e-05,0.0026402830701778854
2618,5.942791491785708e-05,0.0032142044524308185
2619,6.183882627131728e-05,0.002283321489302213
2620,5.884715889502938e-05,0.0033075272865397366
2621,6.562095077242703e-05,0.0020370142948296335
2622,7.400127942673862e-05,0.002409115316596819
2623,5.507470511171656e-05,0.0029735020606925615
2624,5.666677801248928e-05,0.0025726496977241417
2625,6.091338558083711e-05,0.003077353691213835
2626,5.953031456253181e-05,0.0023606006350172194
2627,6.55714757158421e-05,0.0034083451814295954
2628,7.090911919173474e-05,0.003487773255951572
2629,8.201636373996734e-05,0.0021419617625182135
2630,6.815527885919436e-05,0.004128445876620666
2631,6.378249042124176e-05,0.002860016098289549
2632,5.7472692666730533e-05,0.0028560886497211737
2633,6.304927713548143e-05,0.0032908921946951174
2634,7.16204628891622e-05,0.002261892805278998
2635,6.790910168395688e-05,0.003471579846561129
2636,7.476640409246708e-05,0.00370174392033913
2637,6.995810011479383e-05,0.002191188888166819
2638,6.019128243982171e-05,0.002934952631418468
2639,6.684217805741355e-05,0.002834991423946898
2640,5.4685909951028104e-05,0.0022105445611503042
2641,6.163833556153502e-05,0.003201665092608211
2642,7.138375658541918e-05,0.0027130647502534573
2643,5.95648566862413e-05,0.0023097466835370886
2644,5.736015518778004e-05,0.003547308274833431
2645,7.617333564364041e-05,0.002427569378102035
2646,6.980471128675466e-05,0.002857707067779456
2647,6.196378380991518e-05,0.0026543581754797036
2648,7.116670288572398e-05,0.0025758863023716454
2649,5.988785803007583e-05,0.0029022118937202363
2650,5.434279009932652e-05,0.002741490991797015
2651,5.557768527069129e-05,0.002923158403181019
2652,5.933411812293343e-05,0.003348745446521462
2653,6.0618050580766675e-05,0.002706818785028238
2654,6.395009307501217e-05,0.002470775103000434
2655,5.6143603190624464e-05,0.003016323616390514
2656,5.8995613168614604e-05,0.003027618043015749
2657,6.135610262087236e-05,0.0024082388957602937
2658,5.944187299367816e-05,0.0032139729983472858
2659,5.849813193587276e-05,0.0024566674708492225
2660,5.931607132273105e-05,0.002759999685446944
2661,6.091208197176456e-05,0.0038228733410612184
2662,7.684071218439688e-05,0.0025936339257491958
2663,5.819085660429361e-05,0.003043454769475941
2664,5.873607151443139e-05,0.002739952032982606
2665,4.9591432131516436e-05,0.0029326455425253213
2666,4.9302536838998395e-05,0.0029969866011749233
2667,5.833507990852619e-05,0.0026018551158669746
2668,5.5738693724075954e-05,0.0034303225451611983
2669,6.071111420169473e-05,0.0024750924162697373
2670,5.224442890418383e-05,0.003007988441376048
2671,6.016483772934104e-05,0.002126621166843246
2672,7.188969272344062e-05,0.0042526005598449565
2673,8.145682756245757e-05,0.0021794080088862727
2674,7.688643333191673e-05,0.0033398150488167825
2675,7.708125534312179e-05,0.003794965966011
2676,7.764046216228356e-05,0.0019673039872547863
2677,7.031919861522813e-05,0.003998786908144142
2678,8.398431139842918e-05,0.002333630426454614
2679,6.0757755272788926e-05,0.002488368557090735
2680,6.157854683503198e-05,0.0030552261122311765
2681,5.791271396446973e-05,0.00226540486627852
2682,5.356588032251845e-05,0.003077274517902331
2683,5.936507732258178e-05,0.0031136462317877694
2684,6.369703284387166e-05,0.0019653686499277578
2685,7.141862442949787e-05,0.003211761040515021
2686,5.5340742498325805e-05,0.0023926137538071266
2687,5.706727630846823e-05,0.003061885583317942
2688,6.605664627083267e-05,0.0035786889248380534
2689,6.133414911649501e-05,0.0027010010103341083
2690,5.6008240547574437e-05,0.0027924516450679093
2691,6.716409188811667e-05,0.0019830637802070346
2692,7.768081365308413e-05,0.0030102037650407754
2693,6.459628445251534e-05,0.0032943142605237445
2694,6.472302629845217e-05,0.002505184356831232
2695,6.579492765013129e-05,0.0028910870277132207
2696,6.0453725988433384e-05,0.0028178022618879353
2697,5.885922873858362e-05,0.002904656766614283
2698,5.865743344960113e-05,0.0029659730011913164
2699,5.5354558571707455e-05,0.0030138506935310293
2700,5.94074064186619e-05,0.0028308720997812457
2701,5.8538749969253936e-05,0.0024727621028602822
2702,7.221589718634884e-05,0.002110209555653801
2703,0.00010489225872637084,0.005284462042414306
2704,0.000189825130898195,0.004802498432715037
2705,0.00013001104331730555,0.0015483226188681802
2706,0.00014546398306265474,0.003112306076303473
2707,0.00010978928427599992,0.0026780494096639907
2708,7.382088418429096e-05,0.0023395560630079773
2709,8.71629556058906e-05,0.004784819955953904
2710,8.701034433518846e-05,0.0023021162405871508
2711,0.00010563439233616616,0.0016711515589611747
2712,0.00010287117960009104,0.004203731019855939
2713,8.917086621901641e-05,0.0019697140308630747
2714,8.31244804430753e-05,0.0023224966529734998
2715,8.559879339979186e-05,0.003832639565375465
2716,0.00010420120961498469,0.0023195691085393317
2717,8.170421836742511e-05,0.0025244410236894385
2718,5.993444938212633e-05,0.00265825384743076
2719,6.209042282231772e-05,0.002437014361484009
2720,5.6885559267054e-05,0.003456332660906496
2721,7.50173072447069e-05,0.001883991382613081
2722,7.318318918502579e-05,0.0023716496009575693
2723,8.013430730594943e-05,0.003414870778981008
2724,6.745349819539114e-05,0.002376568658898274
2725,5.911788757657632e-05,0.002847928758057063
2726,5.413472220728484e-05,0.0024740571096234505
2727,5.6233010764117355e-05,0.0030202964873581426
2728,6.031796025733153e-05,0.0024380109147631632
2729,7.252076951165994e-05,0.002031389723275924
2730,0.00010225899653354039,0.0035667573646451646
2731,0.0001255846640560776,0.003317257601833134
2732,8.705057456002881e-05,0.0024772897221104445
2733,8.575015187185878e-05,0.003156092757228435
2734,7.644474778013924e-05,0.003433814713437306
2735,7.50968320062384e-05,0.002605776318855453
2736,6.0662430769298226e-05,0.0027651978896288147
2737,8.883575283107348e-05,0.00443767346659599
2738,0.00010339740256313235,0.0021459947677862925
2739,7.432013687017995e-05,0.0022621094548737094
2740,6.696259758124749e-05,0.003960999140069324
2741,7.606405027521153e-05,0.0032778689147610414
2742,8.114996550527091e-05,0.0024882457654770702
2743,9.371011838084087e-05,0.0035610691132296245
2744,8.667740282059337e-05,0.0027904198722837614
2745,7.226603192975745e-05,0.0021863383818308863
2746,8.216835412895307e-05,0.004215375830729802
2747,7.230178016470745e-05,0.0029513160698115826
2748,7.217247184598818e-05,0.0015933085750374529
2749,7.865552955384676e-05,0.0032342079297056673
2750,6.709402902439857e-05,0.0036895910730008145
2751,6.945903005544097e-05,0.002618664266999092
2752,6.256470854471748e-05,0.003020717965286465
2753,6.736779008254719e-05,0.0032687720063834164
2754,6.646812980761751e-05,0.0026033262515233625
2755,6.078813894419e-05,0.00359178807216081
2756,8.605243007574851e-05,0.003918769976331128
2757,7.579050434287637e-05,0.0020197465735329696
2758,8.691478142281994e-05,0.0027034821271983505
2759,6.042663347519313e-05,0.0021191474475097238
2760,6.967513230241215e-05,0.00273990342039506
2761,6.179720221552998e-05,0.0032898023838928915
2762,5.6797178209914516e-05,0.0027033466578880597
2763,6.61728661119317e-05,0.0021885211296292424
2764,6.519734112468238e-05,0.0033936875229646935
2765,6.968012118401627e-05,0.002172744993599709
2766,7.278854754986242e-05,0.002704567316788853
2767,5.800528403293962e-05,0.0033520324596841085
2768,6.124467957609643e-05,0.0030578218947834614
2769,6.18273081878821e-05,0.002401635679824833
2770,6.245798722375185e-05,0.00307762082012599
2771,6.767094552439327e-05,0.003467763937486891
2772,5.8493663285238044e-05,0.0022899531623163417
2773,5.739351521090915e-05,0.0029929947592753766
