epoch,train_mse,validation_mse
1,49.64274393717448,90.98532281284444
2,34.294824759165444,59.027909468489085
3,21.429432042439778,40.01914929785924
4,13.7964537302653,28.490389478136922
5,9.420919291178386,20.95872021836844
6,6.9783316930135095,15.800243101621929
7,5.103400452931722,12.40269670848958
8,3.896183395385742,10.049786015560752
9,3.2063356399536134,8.315188788531119
10,2.5293664495150248,7.105094943827356
11,2.1019031127293903,6.2117266996562135
12,1.8087845007578531,5.513521566725614
13,1.569482719898224,4.95553725992727
14,1.3616385221481324,4.526082486437078
15,1.2089074412981669,4.170517797358552
16,1.0933575570583343,3.8606523658797056
17,0.9953940709431967,3.5909623772080184
18,0.8968084335327149,3.3615402059945447
19,0.8339889248212179,3.140451609042653
20,0.7522116661071777,2.953982484270955
21,0.694675225019455,2.783747192711858
22,0.6430524587631226,2.632130809694703
23,0.597723642985026,2.4955955262769733
24,0.5474456369876861,2.3705224788676924
25,0.5177465756734212,2.253831580368399
26,0.4839093367258708,2.145273425425702
27,0.44393557707468667,2.0486475445373715
28,0.4175859729448954,1.9637328713958027
29,0.396881594757239,1.8775282097838775
30,0.3702523390452067,1.8029473692353009
31,0.34566038052241005,1.7296253965612043
32,0.32421261072158813,1.6642942466931037
33,0.30634239812692005,1.6021886464448003
34,0.28888089060783384,1.5439458288993055
35,0.27605490883191425,1.4902138033805534
36,0.2590174575646718,1.4403861975460721
37,0.24374389847119649,1.3925407263967726
38,0.23134241104125977,1.3495084279113345
39,0.2224713330467542,1.3078043112280773
40,0.20867364803949992,1.2678888565615605
41,0.20108300546805064,1.230097957696134
42,0.18751336336135865,1.197159777259269
43,0.18329146007696787,1.1622298075790294
44,0.17200954457124074,1.131036081683566
45,0.16605581889549892,1.1013262237024586
46,0.15859349568684897,1.073463144183856
47,0.15194332400957744,1.0471922392733612
48,0.14613206088542938,1.0230716902610155
49,0.138935520251592,1.0001471535852777
50,0.13290743331114452,0.9770490440883135
51,0.12956767082214354,0.956026962887474
52,0.12425896028677623,0.9365014245635584
53,0.12097599258025488,0.9164673621542969
54,0.11602210104465485,0.8986806041664548
55,0.11154618312915167,0.8817196416924571
56,0.10764790972073873,0.8669664414479719
57,0.10268385608990988,0.8518944979585402
58,0.10018295546372731,0.836028525790973
59,0.09362589617570241,0.8213126446768554
60,0.09327474460005761,0.8072347633148494
61,0.09108509272336959,0.79438925617271
62,0.08673004905382792,0.7820074281148743
63,0.08715372780958812,0.770652486654053
64,0.08554225265979767,0.7590848281108148
65,0.08165769378344218,0.7490953335113693
66,0.07883772055308023,0.7394604034155433
67,0.0778928945461909,0.7300307989904755
68,0.07713935375213624,0.7202833998970121
69,0.07366047749916713,0.7107373289110368
70,0.07199914331237475,0.7020352106345328
71,0.07051138480504354,0.6938978510729054
72,0.07049746761719386,0.6856764838186621
73,0.06918593148390452,0.6775804675723377
74,0.06765892604986827,0.6707083464365954
75,0.06630902861555417,0.6643027687630458
76,0.06386780415972074,0.6575886880358061
77,0.06418023109436036,0.6512156889191147
78,0.061443114280700685,0.6457200738334516
79,0.06183213194211324,0.6402096769701667
80,0.06086353013912837,0.6342813083085052
81,0.058891247709592184,0.6288320030690285
82,0.05729642311731974,0.6244402712984392
83,0.05740614285071691,0.6192249169475154
84,0.05580169409513473,0.6138647165563371
85,0.055950153370698294,0.6090855975553655
86,0.055701643228530884,0.6047085459120789
87,0.0537357101837794,0.600799446500707
88,0.053190098702907564,0.5964249375096539
89,0.05245075424512227,0.5919115384550471
90,0.05189979275067647,0.5880259050394011
91,0.050582470496495564,0.584666749211954
92,0.05078515311082204,0.5813606474439652
93,0.04836167792479197,0.5781388454444227
94,0.04966302414735158,0.5745402750564598
95,0.04971454789241155,0.571415124776942
96,0.04880214780569077,0.5682529984205439
97,0.049219609797000886,0.5649801660655883
98,0.048683655758698784,0.5617023091545404
99,0.04753993377089501,0.5593508337215897
100,0.047265330950419106,0.5566184673763332
101,0.045810171961784364,0.5538741166850454
102,0.04617366343736649,0.5517734150941435
103,0.04663872718811035,0.5497698584212023
104,0.04600915213425954,0.5476894074647921
105,0.045233661929766335,0.54590937251236
106,0.044992956519126895,0.543978204863549
107,0.04338691681623459,0.5418934723177151
108,0.04483908054729303,0.5403817263132299
109,0.044520384569962816,0.5388295871058577
110,0.04334984322388967,0.5367163199909598
111,0.04304769138495127,0.534739976236869
112,0.0430890587468942,0.5330067780631328
113,0.04154667208592097,0.5314141127515083
114,0.04234254658222199,0.5297308011329052
115,0.04226837406555812,0.527862763326419
116,0.04222890610496203,0.5267488462414746
117,0.041615675141414,0.5255298739440782
118,0.04191135639945666,0.5239684603868695
119,0.04165981809298198,0.5220284478041773
120,0.041176943480968474,0.5206785578912462
121,0.04036288559436798,0.5193817504022641
122,0.04037190191447735,0.5181451392474404
123,0.03958328912655513,0.517030701460589
124,0.03977759877840678,0.5158926096924564
125,0.038947174698114394,0.5150588192481395
126,0.039758395155270895,0.513893566475582
127,0.038860394557317095,0.5128113839568363
128,0.03920118510723114,0.5116395632687368
129,0.03873683313528697,0.5110203523341327
130,0.038659357279539106,0.509964538465815
131,0.038754855593045555,0.5089876594686369
132,0.03778794060150782,0.5084257879027585
133,0.03760106799503168,0.5076725860970498
134,0.03787366126974424,0.5066113805872176
135,0.036885056644678116,0.5057656774324588
136,0.03728040878971418,0.505141756290363
137,0.03765762969851494,0.5043062153163405
138,0.03741176426410675,0.5035867981792411
139,0.03723542876541615,0.5025382866069936
140,0.036884118989109996,0.5020315783664758
141,0.036257784565289816,0.5008368026220092
142,0.036640828102827074,0.5000035120773385
143,0.03645529051621755,0.49959564339696316
144,0.035610246906677884,0.4986759025510945
145,0.035349463919798534,0.49809413442213896
146,0.03500745805601279,0.4976634237730102
147,0.035719241077701254,0.49726083159599216
148,0.03512085850040118,0.4969789108114415
149,0.03519760618607203,0.4958413396880292
150,0.035011539608240126,0.49530273543845055
151,0.034587646027406056,0.49450668295006656
152,0.033949744701385495,0.4935985850306413
153,0.03462690437833468,0.4930140381319481
154,0.03375527486205101,0.4921169370053369
155,0.03375975141922633,0.4913875990647997
156,0.033663754165172574,0.49078104727389565
157,0.033442872762680056,0.490250608107696
158,0.03350857943296433,0.4901448581694511
159,0.0328122208515803,0.48933323154808706
160,0.03280130575100581,0.4885966433511709
161,0.03257020860910416,0.48828452455468085
162,0.03301214575767517,0.4877295841078944
163,0.03229511305689812,0.48712087825365497
164,0.032278424873948094,0.4868548730829437
165,0.03195245464642842,0.4863659787925821
166,0.03242264539003372,0.4858237992582723
167,0.032236286501089735,0.48507447572076445
168,0.031820396830638246,0.48476675573371525
169,0.03190460292001565,0.48439050725612204
170,0.031519167497754096,0.4841773386579007
171,0.03158527339498202,0.48380891796697084
172,0.03131011227766673,0.483186766382699
173,0.030725800494352976,0.48301577665815837
174,0.031089037160078683,0.4824967393324825
175,0.03091624900698662,0.48188253517442364
176,0.030465463673075042,0.48160123054689746
177,0.02998508488138517,0.4814630809201919
178,0.030466243252158166,0.4808768206098994
179,0.030268675088882445,0.48056903330892414
180,0.029945182303587597,0.4803164933470475
181,0.02998892739415169,0.4798279725184
182,0.029578993966182073,0.4794689171909415
183,0.029561054209868112,0.478831182081492
184,0.029026883840560912,0.478479315371563
185,0.02928038202226162,0.47845491587473027
186,0.029136979952454567,0.47812124992018207
187,0.02844348226984342,0.47788815440512017
188,0.028696580479542416,0.47726978526358105
189,0.02850707930823167,0.47636509364557983
190,0.02819686383008957,0.4758288030082371
191,0.02826759877304236,0.4753592444790734
192,0.02794430876771609,0.47463398752189434
193,0.02792836365600427,0.47430663725786043
194,0.0275992501527071,0.47386234120209836
195,0.027799670149882636,0.47388749977584643
196,0.027336829155683518,0.4736344088930963
197,0.02756780112783114,0.4729255119403988
198,0.027247988618910313,0.4724411999164095
199,0.02726477732261022,0.47228430945437117
200,0.026887771487236024,0.47203559581223026
201,0.026636578142642975,0.4720687267386861
202,0.02683583398660024,0.47193438006968
203,0.02656211405992508,0.47088902171875474
204,0.02656572014093399,0.4707173339025885
205,0.026345251500606535,0.4702088313030177
206,0.025996430590748788,0.4702266800456969
207,0.02592652787764867,0.4696284211649184
208,0.025693353762229285,0.4690555846400298
209,0.025561390568812688,0.4682592689903856
210,0.025705407559871673,0.4679666009230528
211,0.02558060611287753,0.4678135199434184
212,0.025131277243296304,0.4677052308985016
213,0.02481974959373474,0.4676351007509824
214,0.02496253848075867,0.46726993645122
215,0.024919989829262097,0.46716243221440856
216,0.024545832723379134,0.46708833683848555
217,0.02476155466089646,0.4672071713496718
218,0.024293241649866106,0.4668759818826067
219,0.024378174791733424,0.46607772829501254
220,0.023945036778847375,0.46497374688607385
221,0.024216503649950028,0.46442216592268987
222,0.023908647894859313,0.4637871684495643
223,0.023600577066342037,0.4634679884960254
224,0.02341494200130304,0.4629417248832726
225,0.023524207125107447,0.46227327233169513
226,0.02353120446205139,0.46141399005809197
227,0.02308553010225296,0.46119381958477157
228,0.023146329323450725,0.4605491223107827
229,0.02305453730126222,0.45980995644581074
230,0.022854269792636234,0.4597623128857877
231,0.022914874305327734,0.4589589722835791
232,0.02267818177739779,0.4581746117467856
233,0.022610760169724624,0.4576781278922718
234,0.02234810640414556,0.45716651221356025
235,0.022377484167615574,0.456655205167525
236,0.021894335995117822,0.45648823105539493
237,0.022115464384357134,0.4563903351918909
238,0.02173834089189768,0.4559860565912044
239,0.02160353076954683,0.4552976713891615
240,0.021593563010295233,0.4545598646506057
241,0.021554237604141234,0.45418602399179464
242,0.021397596100966136,0.4539885455088919
243,0.020959561752776305,0.4533372650532956
244,0.021082230657339097,0.45295325363305405
245,0.020891862735152245,0.4522866526651278
246,0.020979027450084686,0.45149615601968696
247,0.020724897955854735,0.451370581935503
248,0.020788416266441345,0.45089346602864083
249,0.020416863138477008,0.4503516795015649
250,0.02035725737611453,0.45017429031104894
251,0.020323720822731654,0.4497499655583623
252,0.02031029537320137,0.4494694247896298
253,0.020129733284314475,0.4496167405339622
254,0.020060726751883824,0.4491667216698154
255,0.01979189639290174,0.4487666402458709
256,0.019706748177607855,0.448587847568574
257,0.019732839862505593,0.44803028011269735
258,0.019394496952493987,0.44769678863408097
259,0.019479884828130404,0.44704926891895064
260,0.018992857821285725,0.4468996895488068
261,0.019295275025069714,0.4466050102958205
262,0.01907821794350942,0.44598736853627435
263,0.019041995579997698,0.4457612926826665
264,0.018716181566317876,0.4455749736935423
265,0.01867820123831431,0.44522024728139936
266,0.01851214642326037,0.4449196039911425
267,0.01848438705007235,0.4442846457860623
268,0.018226967379450797,0.44405824845733
269,0.018416143332918484,0.4435494570660661
270,0.018061223874489465,0.44333655068008176
271,0.01797927338629961,0.4433006752739873
272,0.01787679692109426,0.4431048309789938
273,0.017890072365601858,0.44267424174219544
274,0.017679564903179804,0.44229105533215035
275,0.017502970124284426,0.4418224080394932
276,0.017194140454133353,0.4417774871383843
277,0.017272676279147466,0.4413029257404177
278,0.017477084447940192,0.4411012029155479
279,0.017108743265271186,0.4405496729134816
280,0.017247427285959325,0.44011948509305193
281,0.016817957845826945,0.4399852872940532
282,0.016865955169002213,0.43957841190460484
283,0.01696891337633133,0.4393395902098794
284,0.016552833343545594,0.4389846066982425
285,0.016547597696383795,0.4386726226984409
286,0.016446519270539285,0.4385424633973349
287,0.01637251153588295,0.4379740484516349
288,0.016337024793028832,0.4377520750467366
289,0.016329956240952015,0.4375360983135233
290,0.01616178217033545,0.4373717872284309
291,0.016050960620244345,0.43731601783537377
292,0.016030106134712695,0.4369173217129115
293,0.01578190972407659,0.4362731915599073
294,0.015551739682753881,0.4358940381796388
295,0.015839199535548687,0.4354596812256247
296,0.01564616933465004,0.43490418020570487
297,0.015446554372708003,0.4349036189939892
298,0.01524172822634379,0.43464238195522137
299,0.015360402377943198,0.43451324881909537
300,0.015354759991168976,0.43448514097005303
301,0.015077527860800426,0.4345847138623048
302,0.014930437008539835,0.4339957435272242
303,0.014965096116065979,0.4338083056874617
304,0.014728458349903424,0.43386222333892394
305,0.014869539439678192,0.4335925709565132
306,0.014824446042378743,0.43297156072848025
307,0.014360442385077476,0.43246789910552796
308,0.01464881223315994,0.4319916093689308
309,0.0144501481205225,0.43166396985843514
310,0.01446618524690469,0.43126042767792766
311,0.014273761461178461,0.4310905049331704
312,0.014129750306407611,0.4305561750756893
313,0.014223712434371313,0.43022457054919666
314,0.014030867007871468,0.4294939400377678
315,0.014045394584536552,0.4292356510869941
316,0.01379063172886769,0.42890060173445627
317,0.013760661830504735,0.428709969066127
318,0.013683002938826879,0.4282773411043032
319,0.013670340925455094,0.42779586011031917
320,0.013617387848595779,0.42771100281187663
321,0.013192638258139293,0.42682307801748576
322,0.013329747319221496,0.42607082806701896
323,0.013224764540791512,0.425592704714216
324,0.01314562683304151,0.42528874409651896
325,0.012980972913404306,0.42503978718311813
326,0.0127986840903759,0.4250333303291547
327,0.013090630124012629,0.4249322859036644
328,0.012845027726143599,0.424887344121323
329,0.012762835000952084,0.4245320872038777
330,0.012765373041232427,0.42443075026685034
331,0.012642326951026916,0.42430289587474357
332,0.012596450559794903,0.4238716403120442
333,0.012543365359306335,0.423630665247029
334,0.012470374628901482,0.4233230340310879
335,0.012431440874934196,0.42318101338388625
336,0.012176609163482984,0.4231018601584504
337,0.012262645363807678,0.4226263512078433
338,0.012020614681144555,0.4227000322432546
339,0.012052216505010923,0.42286772047828514
340,0.011933660258849461,0.42255914734120953
341,0.011972310890754064,0.4227654362282558
342,0.011990202777087688,0.42280533868405556
343,0.011917450154821077,0.42224077544888555
344,0.011665282274285952,0.4219624898369201
345,0.011775319402416547,0.42175168260844825
346,0.011698334415753683,0.4213422808295105
347,0.011442481850584349,0.4208970863742438
348,0.011351192059616247,0.42081990489485666
349,0.011308106097082297,0.4206187109196047
350,0.011418595910072327,0.42036451192365754
351,0.011363744859894116,0.42018973328478154
352,0.011294785017768542,0.42009863429512195
353,0.011125638335943221,0.42008895043566913
354,0.011088894059260687,0.4201276882262955
355,0.010984301815430324,0.4203155385820489
356,0.010918392923971017,0.4204678952214662
357,0.010990269482135773,0.42041185243349327
358,0.010885680032273134,0.4205576453292579
359,0.010854581091552972,0.42007336558567154
360,0.010624643322080374,0.4198333009946765
361,0.01059286060432593,0.4195604021524825
362,0.010659263779719671,0.41909159284237535
363,0.010384689706067244,0.418449833357369
364,0.010510929487645626,0.4180800923042827
365,0.01033530964826544,0.4179619868552824
366,0.010383001031974952,0.41750303353046814
367,0.010299996286630631,0.4171634985907385
368,0.010240265230337778,0.416728578965392
369,0.01024453832457463,0.4163899631484559
370,0.010191487583021323,0.4162894660138596
371,0.010140468738973141,0.41631217013325605
372,0.009945422224700452,0.416246219946627
373,0.009912135203679402,0.4159321300249699
374,0.009970987836519877,0.41612003061767905
375,0.009911037267496188,0.415887844797812
376,0.009661278470108907,0.4155348385330181
377,0.009575519834955533,0.41524263323224775
378,0.009690465778112412,0.4149187118773572
379,0.009649478582044442,0.4148499588563777
380,0.009429338512321313,0.41513218290624565
381,0.009533193583289782,0.4150420768916258
382,0.009529950159291426,0.41450261599139165
383,0.00947504931439956,0.4141997373417804
384,0.00942462452997764,0.4142004258451406
385,0.009362135951717695,0.414021993785748
386,0.009159925642112892,0.414007636669435
387,0.009177193356057009,0.41387181354370733
388,0.009083751092354457,0.4140238308767129
389,0.009059153373042743,0.41380229668571933
390,0.008979385470350583,0.41356127251658525
391,0.008915845553080242,0.4133868576490391
392,0.009013459210594495,0.41331975384239567
393,0.00885172573228677,0.413296014549788
394,0.008874073686699072,0.41294433790863605
395,0.008853229197363059,0.41268085296216767
396,0.008776150395472844,0.4126595674812445
397,0.008639392753442129,0.41269424522829334
398,0.008558655778566996,0.4123827138403703
399,0.008541653212159873,0.41226687755065355
400,0.008614782678584258,0.41212541638323436
401,0.008566465725501378,0.4119305050556074
402,0.008469425328075885,0.4115524942719797
403,0.008419339110453923,0.41162525459426885
404,0.008430273892978827,0.4112488964017023
405,0.00828485464056333,0.41129656515100543
406,0.008138942842682203,0.4113421661899104
407,0.008297438422838846,0.4111058603732558
408,0.008255913325895866,0.4108398182437434
409,0.008148871610562007,0.41096156197246053
410,0.008073016504446666,0.4108057517275127
411,0.008115746546536684,0.4105534028065832
412,0.00799345327541232,0.4103817511676696
413,0.007883395999670029,0.4100291334876889
414,0.007863058025638263,0.40976702800968234
415,0.007834387508531411,0.40985735529783174
416,0.007908319992323717,0.4097424542956185
417,0.0077748904625574745,0.40993819518657454
418,0.007822273423274358,0.4097107558004689
419,0.007735676566759745,0.40957841669258316
420,0.007657306020458539,0.40922936195867105
421,0.007570368920763334,0.4091261689774474
422,0.007658340161045393,0.40905341081190527
423,0.007475080154836178,0.40879115715012915
424,0.007496375155945619,0.40878949185822444
425,0.0075365356480081875,0.4088968415880761
426,0.00750893938044707,0.40852586153829307
427,0.007325159665197134,0.40856944573552983
428,0.007317228056490421,0.40864032818472873
429,0.0072407970204949375,0.408335574406978
430,0.007294808359195788,0.40841509793934067
431,0.007275221931437651,0.40831478192792303
432,0.007224709944178661,0.40820330170075797
433,0.007214521989226341,0.40811074954288745
434,0.007157746609300375,0.4079760830653341
435,0.007164331773916881,0.40777970003018604
436,0.007134314347058535,0.4075342812166925
437,0.006991504070659478,0.4071221817611602
438,0.006993475183844566,0.40700138199050523
439,0.006933936787148317,0.40650924116547343
440,0.0069992141177256904,0.4063066688545963
441,0.006911985886593659,0.40616126406436776
442,0.006916687451303005,0.40606859751176416
443,0.006823033125450214,0.4059924169808452
444,0.006807207937041918,0.40599365896213124
445,0.006740705731014411,0.4061350885408315
446,0.006753536763911446,0.4059083126049641
447,0.006674097447345654,0.406082942559008
448,0.0067232646048069,0.405791119721375
449,0.006635444021473328,0.4059365955535431
450,0.0064956142256657285,0.4055168955690331
451,0.0066358869895339016,0.40548766842275336
452,0.006536063210417827,0.4051478462653202
453,0.00644157212227583,0.4049166327897917
454,0.006505033001303673,0.4049180535196561
455,0.006427389072875182,0.4045041192170472
456,0.006408069531122843,0.404298466744653
457,0.006359547190368175,0.4044168470372931
458,0.00634401539961497,0.40445687719865847
459,0.006311736504236857,0.4044092992723685
460,0.006323419325053692,0.4043445061696203
461,0.0061839027951161064,0.404353169408458
462,0.006255817413330078,0.4040936321804398
463,0.006221019849181175,0.4039180010818599
464,0.006185260135680437,0.4039977047352763
465,0.006151937879621983,0.4036699948472935
466,0.006173603609204293,0.4035343226502862
467,0.006133700286348661,0.4034390042138378
468,0.006068606302142144,0.4035880693741012
469,0.006047606250892083,0.4037615159711643
470,0.0060015017166733745,0.4036975701214277
471,0.005953633785247802,0.40349659924967246
472,0.005886918616791566,0.4033576878800727
473,0.00590927309046189,0.4034367964455956
474,0.005922577468057474,0.40347245703750884
475,0.0059295710797111194,0.40333779694305527
476,0.005815953512986501,0.402975426714497
477,0.005811187562843164,0.40305597953803357
478,0.0058404489420354365,0.4032194779543152
479,0.005806748941540718,0.403031330664604
480,0.005795034067705274,0.40286437587605584
481,0.005731134799619516,0.40264158495511226
482,0.0056823011177281535,0.4025861041413413
483,0.005679726600646973,0.402389790209239
484,0.0055724452870587506,0.40240196593933636
485,0.0055153646506369116,0.4021614807173174
486,0.005602479974428812,0.4018709811202267
487,0.00558412674193581,0.40178634315642
488,0.005483733614285787,0.4015140172246604
489,0.005486944752434889,0.4014125429529544
490,0.005508923127005498,0.40133331794487803
491,0.005489478912204504,0.4012785301440292
492,0.005432955051461855,0.40118700932515294
493,0.005392494425177574,0.4011694456053059
494,0.005441381906469663,0.40135329687281657
495,0.0054163947080572445,0.4014220072599182
496,0.0053542526283611854,0.40121406896246803
497,0.005338436411693692,0.4010896199540785
498,0.005297664537404974,0.4007804413375102
499,0.005256646079942584,0.4007125759159612
500,0.005272877961397171,0.40033565287353
501,0.005266252780954043,0.4002212217807421
502,0.005165333890666564,0.39978513193496484
503,0.005191847123205662,0.39958521044045164
504,0.005207110460226734,0.3996881430652755
505,0.005173471880455812,0.3993916634404868
506,0.00508999852463603,0.3994187008785574
507,0.005088113093127807,0.3990809502657394
508,0.00503615567771097,0.3988622595387244
509,0.005087974698593219,0.39901989149419886
510,0.005039112083613873,0.3988197495539983
511,0.0050107441842556,0.3985455044441753
512,0.004983122460544109,0.3983385524990266
513,0.004985321188966433,0.3979343323592554
514,0.0049438100929061575,0.39779670159632
515,0.0049766837308804195,0.3978848679546724
516,0.004941428514818351,0.3979335623352151
517,0.004777377083276709,0.39792117241181824
518,0.004880617248515288,0.3978133034723544
519,0.00478998152539134,0.39784072457175507
520,0.00482844536503156,0.39803386730147383
521,0.004873646857837836,0.39789347738376135
522,0.004862693309163054,0.3978822630399849
523,0.004785429313778877,0.3977170380278986
524,0.0047396155695120495,0.3974824698522077
525,0.0046850881849726045,0.39723897148032633
526,0.004781292068461577,0.39708471001937373
527,0.004689361155033112,0.3970384553554114
528,0.004740273944723109,0.39695665161860616
529,0.004723001612971226,0.39690744384513266
530,0.004654750445236762,0.3965419795995916
531,0.004670897809167703,0.3966592202583949
532,0.004629032903661331,0.3966106295542062
533,0.004658060769240062,0.39691596434653154
534,0.004612946137785912,0.3968126603908706
535,0.004565047565847635,0.39702632781444935
536,0.00456493793365856,0.3969638809692441
537,0.00455603605757157,0.3965569112384528
538,0.004521017242223024,0.3962271801299519
539,0.0045181890639166035,0.39598384630261807
540,0.004495389635364214,0.39578622803963415
541,0.004392210921893517,0.39558159664534687
542,0.004411801695823669,0.3953353428439787
543,0.00441988135377566,0.39531659500466454
544,0.004424673318862915,0.39523605841119386
545,0.0043828488327562806,0.3953210790777764
546,0.00444625938932101,0.39555077496589275
547,0.004268859978765249,0.39490440385470615
548,0.004373549732069174,0.3946737379968515
549,0.004352765778700511,0.3943150275936949
550,0.004299299015353124,0.3941183130077103
551,0.004361290950328112,0.39400715359121735
552,0.004342319630086422,0.3938213885048328
553,0.0042739260631302995,0.39374546223042306
554,0.004221694978574912,0.3937583290127634
555,0.004247121637066206,0.393322999256919
556,0.004259633459150791,0.3934478211211182
557,0.004266496623555819,0.39340132607789763
558,0.004182536465426286,0.3936706274225001
559,0.004242382509013017,0.3937931230934391
560,0.004227354284375906,0.39367984442247284
561,0.004189719259738922,0.3932630241745048
562,0.004160738177597522,0.3930522813216636
563,0.0041323613996307055,0.39278297074008406
564,0.004150798978904883,0.3928578847158722
565,0.004150346635530392,0.3926283877495437
566,0.004104389188190301,0.3926309644086668
567,0.0040522576154520115,0.39274576615694673
568,0.0041147082423170405,0.39302255252474233
569,0.004043972305953503,0.3927633013162348
570,0.004085412248969078,0.39294321174945746
571,0.0040254921186715364,0.3931086013278766
572,0.004030761014049252,0.3932286269570652
573,0.003988105151802301,0.39311898172947396
574,0.004030654268960158,0.39309235474868126
575,0.003998520070066055,0.39341830932780314
576,0.003990197523186604,0.3931601360353113
577,0.003934864311789473,0.39327161885492984
578,0.00390557860955596,0.393088296948992
579,0.003945376879225175,0.39317372885712404
580,0.003930543983976046,0.3928802080931719
581,0.003922498598694801,0.3925160657592684
582,0.003932743861029545,0.39257951072084973
583,0.003870892090102037,0.3929226840492229
584,0.0039054494351148604,0.39260237650913105
585,0.0038841049186885356,0.392448979402669
586,0.003853966388851404,0.39262446737167433
587,0.0038260907245179017,0.3923234325229076
588,0.003782682369152705,0.3920749404974151
589,0.0038187184371054174,0.3917054291487786
590,0.0038126936958481866,0.39163076328603846
591,0.003804820434500774,0.39167773797672395
592,0.003671522780011098,0.39114097076637006
593,0.00375306016455094,0.3911838062020422
594,0.003708866269638141,0.3911711370997262
595,0.003766827875127395,0.39095627431545343
596,0.003755168430507183,0.39070957084322533
597,0.0037251926648120084,0.39060389559868486
598,0.003742433028916518,0.39052658959438924
599,0.0036647863065203032,0.3904311349125285
600,0.003673496345678965,0.39035283447357644
601,0.0036950087174773215,0.39003294632274504
602,0.0036079993471503256,0.3898339961704455
603,0.0035981593343118825,0.3897573311339345
604,0.0036507995488742986,0.3895448295519366
605,0.0036179687983045974,0.389413664520484
606,0.003604314266704023,0.3895964148013215
607,0.0036292558535933493,0.3895537838862653
608,0.00357272873322169,0.38961471360155014
609,0.003620701345304648,0.3895470861193032
610,0.0036147292548169693,0.38937683917625604
611,0.0035340567662691075,0.38902152824210146
612,0.0035472477475802103,0.3887049851623195
613,0.0035552248979608216,0.3882727871774233
614,0.003552833323677381,0.38804482385429023
615,0.003508754416058461,0.38827502829899563
616,0.0034903977376719315,0.38840337537708336
617,0.0035317705323298773,0.3880940921038215
618,0.0035072519754370053,0.3878518118582971
619,0.003479105622197191,0.38816209701679605
620,0.0034941275293628375,0.387595223426296
621,0.003448641796906789,0.3875347205508522
622,0.0034817532170563934,0.38713996023026825
623,0.0034730364258090656,0.3873478334549575
624,0.0034262862522155047,0.38702627857439004
625,0.0033880173694342377,0.38725716559684764
626,0.0034411233849823476,0.38725067049874895
627,0.0034131518254677455,0.3865848924332892
628,0.0033786936197429895,0.38701623630279686
629,0.003311685224374135,0.3869191084427443
630,0.0033503387744228045,0.3862591620687156
631,0.003376789577305317,0.38623990894061083
632,0.0033482549401621024,0.3859672668820236
633,0.003376860652739803,0.38573821644946843
634,0.0033072004715601604,0.3854233633443626
635,0.0033157363844414553,0.38538446950546484
636,0.0033228362755229075,0.3851848940490282
637,0.0032773683468500774,0.38534763525103966
638,0.003330714317659537,0.3852877420814414
639,0.0033236338136096795,0.3849773501966432
640,0.0033080401675154767,0.3851368279572119
641,0.0032811387131611506,0.3850108382036114
642,0.0032936279972394307,0.38479935216624833
643,0.003282379265874624,0.3847614587965416
644,0.0032716631734122834,0.38477483609615015
645,0.003197225710997979,0.38455552609953264
646,0.003240262779096762,0.38471897883199113
647,0.0032072647785147033,0.38548729102513946
648,0.0032207606670757133,0.3856516507459663
649,0.0032321143429726363,0.38582968557177233
650,0.0031852174395074445,0.3857298811886743
651,0.003214888833463192,0.38529017349781347
652,0.003182898120333751,0.3855697235299481
653,0.0031758657346169154,0.38531841305002834
654,0.003159437235444784,0.38473316170928773
655,0.0031240721698850395,0.38463354897167945
656,0.0031589101379116374,0.3839751712498609
657,0.003146895735214154,0.38371432132539696
658,0.0030777414639790853,0.3837687234388806
659,0.0031302309439828,0.38326410790197335
660,0.0031364541811247666,0.38303656239955747
661,0.003114921816935142,0.3830569934165269
662,0.003059094057728847,0.3832429076452353
663,0.0030880683412154515,0.3827154908263892
664,0.003084854936848084,0.38273227750732186
665,0.0030389222937325638,0.3826475978899769
666,0.0030936674719365936,0.3822330324665496
667,0.0030780247102181117,0.38171967362974124
668,0.003054388581464688,0.381681598134731
669,0.0030497290194034577,0.38127325656034095
670,0.0030347439305235943,0.38101192907980314
671,0.003037798466781775,0.3802481231590112
672,0.003039824900527795,0.38039057852144825
673,0.002967749939610561,0.3804611866062845
674,0.002996328581745426,0.3801701816332619
675,0.003003585105761886,0.380384016084915
676,0.0029932348368068534,0.3800150383024188
677,0.0029405052463213604,0.37962386547996285
678,0.002895348829527696,0.37999639812617275
679,0.00291080290141205,0.38036258335699114
680,0.0029637242667376997,0.3801831283677391
681,0.0029431195774426064,0.3803444532840921
682,0.002942995075136423,0.38029166886158156
683,0.0029411436058580875,0.3801213308558827
684,0.0029469450392449895,0.37996431738573905
685,0.0029204237507656217,0.3801043925490993
686,0.00290988323589166,0.38001882620373667
687,0.002902096323668957,0.3797074404942711
688,0.002922523332138856,0.37995762639401254
689,0.0028888575887928408,0.3800878122187497
690,0.002890572572747866,0.3798319950525524
691,0.002897938930739959,0.37889596148889665
692,0.0028910872371246416,0.37853683736066374
693,0.0028184132340053716,0.3780471537022563
694,0.0028717410440246265,0.37775711904753717
695,0.0028640287617842358,0.3777318288577579
696,0.002852947342519959,0.37750033572403313
697,0.002801116059223811,0.3781772421683833
698,0.0028298679428795975,0.37823568606934355
699,0.0028408124577254056,0.3779559118662313
700,0.0028168061592926583,0.3777104808965273
701,0.0028060502993563813,0.37791713089709394
702,0.002811684552580118,0.3779304832742925
703,0.0028033928945660593,0.37848682156954594
704,0.0027866091889639697,0.37825114752726946
705,0.002802268353601297,0.37765658646821976
706,0.0027799156804879507,0.37772963507569324
707,0.0027848399399469296,0.37805032616818857
708,0.0027794116331885258,0.37764780077407933
709,0.002759175809721152,0.3772899147929155
710,0.0027322895514468354,0.3772696854426847
711,0.0027466540069629748,0.3766840444932207
712,0.0027351631627728543,0.3763364208589869
713,0.002742027925948302,0.376447908972439
714,0.0026784854009747503,0.37625211732167946
715,0.0026786910369992257,0.3759292666500772
716,0.002720582205802202,0.3761436537953845
717,0.002712912360827128,0.37632409910186687
718,0.002707992432018121,0.3760100645367165
719,0.0026933369692414997,0.3759576677404649
720,0.00269942085724324,0.3759459234469118
721,0.0026848923414945604,0.37576104746314515
722,0.002687054562071959,0.3753753381819404
723,0.002663497906178236,0.37536010135248393
724,0.002670124623303612,0.3749403724152791
725,0.0026226426474750043,0.3753563231020643
726,0.0026447901502251623,0.3756321182812167
727,0.0026512513247629005,0.375486923131155
728,0.002605421654880047,0.3757497892437274
729,0.0026194994803518056,0.37596959311362593
730,0.0026114958648880324,0.37544928820073953
731,0.0026290687421957654,0.37530244198458934
732,0.0026082553590337436,0.3750925133582096
733,0.002611959477265676,0.37480823153205084
734,0.002596003469079733,0.3744557044136594
735,0.0025828967181344828,0.374494195855849
736,0.0025757895472149055,0.3749598025491363
737,0.0025618916687866053,0.3748344141358172
738,0.0025826778262853624,0.37478224242552677
739,0.002576389396563172,0.37486252931562086
740,0.0025427401221046844,0.37457525316211915
741,0.0025653014580408733,0.37437416813526936
742,0.002543898873652021,0.37411978509691024
743,0.0025397109178205333,0.37412395343533034
744,0.0025072289009888966,0.37365445102515976
745,0.0025206572376191617,0.3733045824787073
746,0.0025328009234120447,0.3730169848827591
747,0.0024997605321307975,0.3731509237958674
748,0.0025107900922497115,0.37361885988485743
749,0.0024886237612615028,0.3734483491215441
750,0.002478404932965835,0.3737707229559882
751,0.002504210794965426,0.3727961091749501
752,0.0024713629546264807,0.3724810312235216
753,0.002479023144890865,0.37219041699205924
754,0.0024788368958979846,0.37216040598805883
755,0.002479817345738411,0.3716902471425241
756,0.0024591564821700254,0.37128657488185063
757,0.002467541334529718,0.3713500383609568
758,0.002437389750654499,0.3717198312195421
759,0.0024487899616360666,0.3719754289203917
760,0.0024307525716722013,0.3719791225784006
761,0.002403051530321439,0.3716933147339096
762,0.00243470409574608,0.37224642862701973
763,0.0024221621764202914,0.37199314988670296
764,0.0024205127808575827,0.3720860860326834
765,0.0023663850501179696,0.37217069550128706
766,0.0023637066440035897,0.3718770349191295
767,0.002397284765417377,0.371581193408248
768,0.0024054848278562226,0.37103571481349173
769,0.002389784436672926,0.3705103764452084
770,0.0023842158804958063,0.3706979183207827
771,0.002342551574110985,0.37070746726372783
772,0.0023512936662882567,0.3707373830222944
773,0.002337664660687248,0.3702086578858526
774,0.0023595341481268406,0.3697715825591868
775,0.0023330649205793937,0.3699322496241296
776,0.002324718392143647,0.3697814374769989
777,0.0023446251483013234,0.36938154148428065
778,0.0023344585904851558,0.3691778804736528
779,0.0023429975068817535,0.3689447304353728
780,0.0023320273496210573,0.36846709759001844
781,0.002328123548068106,0.36878831817479857
782,0.0023180576662222546,0.3681077570899537
783,0.00226025590673089,0.3681640614107338
784,0.0023148578281203904,0.3679125466934073
785,0.0022895834408700466,0.36799266008518594
786,0.0022846927555898824,0.3676227017452842
787,0.0022420494972417754,0.36741358290115994
788,0.0022520152696718773,0.36733926161687974
789,0.002262142254039645,0.3671792828374439
790,0.0022624559234827755,0.36705945037871773
791,0.002269478499268492,0.3662208231786887
792,0.0022725577000528574,0.3658084880713134
793,0.0022673582735781867,0.36584791434351466
794,0.0022438913273314636,0.36596961003559375
795,0.002234573864067594,0.3660330996788733
796,0.0022510403456787267,0.3656094804493307
797,0.0022365673600385585,0.36557419940132146
798,0.002239517370859782,0.3656418565116082
799,0.0022232343287517625,0.36546420933384643
800,0.0022220787592232226,0.36471065183916285
801,0.0022182024704913298,0.36504813784744305
802,0.0022118528528759875,0.3648844666517617
803,0.0022106977179646493,0.36533158292111595
804,0.002200239213804404,0.36484021292618146
805,0.002194310259073973,0.36508704846103984
806,0.0021967506812264523,0.3656744192305364
807,0.002196515475710233,0.3662364621870002
808,0.0021529862967630225,0.3664165422189654
809,0.0021599944215267898,0.3660288603638696
810,0.0021492058876901865,0.3659064060632597
811,0.0021662965727349123,0.3658266912339724
812,0.002149832931657632,0.3654925488153396
813,0.0021542114360878863,0.3651433971149531
814,0.0021231397520750763,0.36414454507026056
815,0.0021534586635728677,0.36426416379317905
816,0.0021094137026617926,0.36427788423341617
817,0.0021448987691352764,0.3643027252969686
818,0.00213866806589067,0.3637537905695843
819,0.0021346284076571463,0.363405648989287
820,0.0021247693182279664,0.36345529268708143
821,0.002089102853400012,0.3632531023164939
822,0.00210804077796638,0.36337987795385
823,0.0021035517488295834,0.3627992811345915
824,0.0021103033097460864,0.3625874831749682
825,0.002108431328088045,0.36235996902163264
826,0.002094300587972005,0.3617575679257599
827,0.0020938549501200517,0.3615444282516401
828,0.002091273572295904,0.3618380392286164
829,0.0020769253838807344,0.3617164734206353
830,0.0020665815720955533,0.36208508048228355
831,0.00206209955116113,0.36213781813170476
832,0.002051686953442792,0.36226730835106635
833,0.0020674288544493416,0.36275969604738273
834,0.0020623971863339345,0.36324531168878427
835,0.0020581013755872845,0.3633990852674197
836,0.002044773396725456,0.3630966969618672
837,0.0020039109668383995,0.36230614990518806
838,0.002017224331696828,0.3615849448357061
839,0.0020072475541383027,0.3620012611673589
840,0.002026738536854585,0.3614986324519442
841,0.0020211205972979467,0.3610326918114347
842,0.0020059108113249144,0.3612161430350521
843,0.002010490217556556,0.36123041512324794
844,0.0019777184274668495,0.36185797171024553
845,0.0020122162842502195,0.36186283334479696
846,0.0020039619567493597,0.361756351825438
847,0.0019734293688088655,0.36113282480435066
848,0.0019974430091679097,0.360420834077032
849,0.001984564874631663,0.3602569889908994
850,0.0019439611739168565,0.3596733346015041
851,0.0019785719846064846,0.3601209877265824
852,0.0019824662090589602,0.3596255157513228
853,0.0019642516970634462,0.3594772452107298
854,0.0019284266512840987,0.3596511847007344
855,0.001961842621676624,0.35920071832792105
856,0.0019525414332747459,0.3591638368864854
857,0.0019509974091003338,0.3589423783123493
858,0.0019434969406574964,0.3585438238816303
859,0.0019455421715974808,0.3577470501656072
860,0.0018967782923330863,0.3577261518752366
861,0.001929278594131271,0.35740626065267456
862,0.00193606981386741,0.35691863538054697
863,0.0019276869405681887,0.35693228832985224
864,0.0019151889253407716,0.3573471595320785
865,0.0019076088132957618,0.357089522572463
866,0.0018723588902503252,0.35667229489537705
867,0.001907710637897253,0.35619692678688564
868,0.0018995576848586401,0.35603346022074683
869,0.0018702000534782806,0.3564323188181509
870,0.0018895650748163462,0.3565338949362437
871,0.001887079110989968,0.35740348461427185
872,0.0018905647952730457,0.35737065541726803
873,0.0018845679587684572,0.35732703117860687
874,0.001840571197681129,0.35737828879851347
875,0.0018516341534753642,0.35694660444618664
876,0.001865315957305332,0.35627514041132397
877,0.0018291004312535127,0.35583896024359596
878,0.0018285999850680432,0.3559506780614978
879,0.001854990244222184,0.35594599537159266
880,0.0018466715972560146,0.3559239977284482
881,0.0017939144046977163,0.3557074297851289
882,0.0018345888936892151,0.3561831580703719
883,0.001843515628327926,0.3560812510767875
884,0.0018375275811801353,0.35500924337154244
885,0.001828959956765175,0.3550054201562154
886,0.0018258065916597842,0.3550217274728923
887,0.0017916447948664426,0.35468694258328765
888,0.0018147937022149562,0.35440106504754715
889,0.0018205362682541212,0.3543727929480592
890,0.0018165823227415483,0.35383844425716593
891,0.0018031249909351268,0.3540074268018293
892,0.0018037660668293635,0.3539548490566817
893,0.001789000847687324,0.35343541758276564
894,0.0017846258046726386,0.35346137287846785
895,0.0017954299381623664,0.35459140932176547
896,0.0017787042539566754,0.35454775876643363
897,0.001791622598345081,0.354172504240135
898,0.0017811916147669157,0.3542788780092844
899,0.0017698084625105063,0.35436769960480824
900,0.0017529281089082361,0.35483365976496745
901,0.0017648218354831139,0.35526724678208255
902,0.001764427296196421,0.355305187491297
903,0.001758916350081563,0.3554412655053083
904,0.0017593196593225003,0.3550259258532733
905,0.0017516519331062833,0.3553875809785915
906,0.0017473516675333182,0.3551245972470582
907,0.0017492260007808606,0.3555873665544722
908,0.0017435994581319393,0.35486358635083975
909,0.001741416829948624,0.3543247639566486
910,0.0017260295649369557,0.3538196133939843
911,0.0017145618291882177,0.35422784320966544
912,0.001725393564750751,0.3537824978910343
913,0.001716825133189559,0.35389758768486
914,0.0017073999391868711,0.35339957917904297
915,0.0017197877634316683,0.35238811315979524
916,0.00170732088930284,0.35180097047174186
917,0.001668381318449974,0.35164875805116536
918,0.0017061232433964808,0.3512376325194076
919,0.0016940873116254806,0.3507096041756415
920,0.0017037296512474617,0.35106202363096484
921,0.0016801105113700033,0.35060161831434705
922,0.0016883749204377333,0.35038878929893874
923,0.0016855515306815505,0.35015189901473576
924,0.0016842405156542858,0.35015733557486395
925,0.0016793135243157546,0.34963576167778315
926,0.001646117400377989,0.34993870386429
927,0.001668678969144821,0.3498840307195981
928,0.0016712348132083812,0.34959019131261354
929,0.001658331168194612,0.3497498186076419
930,0.0016591218649409712,0.350448554741186
931,0.0016417945424715677,0.3507845042523933
932,0.001646721720074614,0.35152236671780634
933,0.001644733486076196,0.3512559054604574
934,0.0016330417866508165,0.3509884629812505
935,0.0016053597598026197,0.35171962326817346
936,0.0016299962531775235,0.3520271069865826
937,0.00163766216331472,0.3515672218599166
938,0.0016248557716608048,0.3512138990216959
939,0.0016223581818242867,0.35139419289839546
940,0.0015995182717839878,0.3507866579058923
941,0.0016212227133413156,0.3509157475694055
942,0.00160758839144061,0.35041129900610934
943,0.0016107375267893076,0.34932504019193483
944,0.0016092560098816952,0.3483095732000139
945,0.0016134816221892833,0.34701984367001126
946,0.001604814703265826,0.34686377226260673
947,0.0016024702849487464,0.3472246962942575
948,0.001597493141889572,0.3471969571509208
949,0.0015837819470713537,0.34753608997715146
950,0.001577820892756184,0.34825853529598627
951,0.0015880181298901638,0.3483238675310249
952,0.0015822658315300941,0.3485322780907154
953,0.0015750447132935126,0.3487035561549036
954,0.0015754823883374531,0.3490507920103812
955,0.001541018874074022,0.34898777379060697
956,0.0015663693464982012,0.3490633276775915
957,0.0015658281743526458,0.3489283977828005
958,0.0015650159834573667,0.3487940992048958
959,0.0015630462129289904,0.3480163588684205
960,0.0015566082128013173,0.3477849237490119
961,0.0015514484839513898,0.34701251001124495
962,0.0015436841795841852,0.34638036633923386
963,0.0015320673662548264,0.3463184248699605
964,0.0015449724781016509,0.345713960910924
965,0.0015306767309084535,0.3464681833590332
966,0.001535423860574762,0.3466878411038751
967,0.001529658989359935,0.3466858626806248
968,0.0015158558031544088,0.3470729097113972
969,0.0015278326968352,0.347007774992993
970,0.0014970257257421811,0.3466703717471563
971,0.0015107731800526381,0.3465903311292505
972,0.0015137725858949125,0.346232140164452
973,0.0015180491376668216,0.3461786862571686
974,0.001507626031525433,0.34693315278804093
975,0.0014795912274469932,0.347084206403696
976,0.0015033517964184284,0.3466400400414104
977,0.0015029803306485215,0.34722276744351055
978,0.0014939429936930537,0.34693312934703296
979,0.0014923618058674038,0.34559274406025287
980,0.0014806078746914864,0.344791971321343
981,0.0014903101526821652,0.34428419174942354
982,0.0014776317402720451,0.3443202929603949
983,0.00148822203433762,0.3444208541111639
984,0.0014774391039585075,0.3441195190388557
985,0.0014716176316142081,0.34360276982841786
986,0.0014419776804667588,0.34430593372001284
987,0.0014684572505454221,0.34394103129617654
988,0.0014504446182399989,0.3443688688178857
989,0.0014620242485155661,0.3440526360591427
990,0.0014687769891073307,0.34521279335893384
991,0.0014268198360999425,0.345052584657195
992,0.0014458382424588005,0.34520614216899315
993,0.0014496323031683762,0.34504579904091637
994,0.0014474730317791302,0.34514136972962417
995,0.0014136440586298704,0.3441930679898513
996,0.0014135436775783697,0.34363283401039263
997,0.001439426513388753,0.34422239347508077
998,0.0014379836230849227,0.34411036395277195
999,0.001429421101541569,0.34347515065244766
1000,0.001431688806042075,0.34288712639949825
1001,0.0014132200352226694,0.3427772158702389
1002,0.0014227931930993994,0.34248027245770074
1003,0.0014049772794047992,0.342535906618363
1004,0.0014135709963738919,0.3427723522641157
1005,0.0014115283032879234,0.34316241452524887
1006,0.0014129699130232135,0.3434581867479093
1007,0.0013913126119102042,0.3432643492624425
1008,0.001414517095933358,0.3420217553513092
1009,0.001383132456491391,0.34244696120595375
1010,0.0013956654661645492,0.3424144519808871
1011,0.0013888763108601172,0.34233730181790234
1012,0.0013985663652420044,0.3430631148972009
1013,0.0013895988541965684,0.342163185169648
1014,0.001391538876729707,0.3424226828899823
1015,0.0013862515023599067,0.3413801995481838
1016,0.0013811520766466856,0.34092767563871823
1017,0.0013801014438892404,0.34085617192655976
1018,0.0013787442430232963,0.3408233896006792
1019,0.0013733734842389822,0.3409819134255076
1020,0.0013721553763995568,0.3413604821966231
1021,0.0013658921234309673,0.340410239025079
1022,0.0013621455679337184,0.34034440204588295
1023,0.001344467063123981,0.3393336698870387
1024,0.0013449172178904216,0.3388524395005222
1025,0.0013475687398264806,0.3386545733532362
1026,0.0013514355290681125,0.33892538069545874
1027,0.0013435998776306708,0.33907181585523466
1028,0.001351861966152986,0.339104976766465
1029,0.001341894610474507,0.3395116804331018
1030,0.0013478317763656379,0.3400112732765619
1031,0.0013463205813119808,0.34062605488457176
1032,0.0013122202595695852,0.34047961898409485
1033,0.0013013778409610192,0.3404060302857767
1034,0.0013103348823885123,0.33938312334449666
1035,0.0013117031776346266,0.3395885012891383
1036,0.001327975847137471,0.3399820614126865
1037,0.0013195920890818039,0.3402370020137196
1038,0.0013252424328432729,0.339995373029545
1039,0.0013192325830459594,0.33936398389220934
1040,0.0013195894852591058,0.33983256574175513
1041,0.0013151038515691956,0.340026079638921
1042,0.0013111015393709143,0.34031122372817924
1043,0.0013095469834903876,0.33928741717286276
1044,0.001296149551247557,0.3395955238861647
1045,0.0013032708860312898,0.3394355281250693
1046,0.0012964218622073531,0.33857614474033404
1047,0.0012963418383151292,0.33856189856578034
1048,0.001298582701322933,0.3384313212696746
1049,0.001304053608328104,0.3372156446832314
1050,0.0012889806763269006,0.33802523224325903
1051,0.0012851567550872763,0.3377422323744548
1052,0.001275292442490657,0.3381601730416044
1053,0.0012785531114786863,0.33821332563608014
1054,0.0012768693811570605,0.3379861490463304
1055,0.0012733265136679014,0.33779108579875083
1056,0.0012800651602447033,0.33693372825302226
1057,0.001277174319451054,0.33724384345332087
1058,0.0012718647602014243,0.3375462555702318
1059,0.0012731543354069193,0.33673745529911325
1060,0.0012636392610147595,0.3368346918788221
1061,0.001248616042236487,0.3370416444448525
1062,0.0012542048779626688,0.3371425908908509
1063,0.0012557226582430303,0.33812140431581883
1064,0.0012442050113653143,0.33839892413009676
1065,0.0012548138853162526,0.3377556284639048
1066,0.001245919413243731,0.3382006108063703
1067,0.0012444248190149666,0.33782029251039725
1068,0.0012508786205823223,0.33725760421819156
1069,0.0012330676273753247,0.3369705661564891
1070,0.0012400281072283785,0.33720603214892725
1071,0.0012280124162013333,0.3365871149785163
1072,0.0012316251173615455,0.3359686209444414
1073,0.0012308681306118765,0.3359268815283887
1074,0.0012318782663593689,0.3353548042301895
1075,0.0012287291736962894,0.33533732664951105
1076,0.00122290076687932,0.3350498037881147
1077,0.0012230252381414176,0.33533762762464625
1078,0.0012265020593379935,0.3359016771727835
1079,0.0012193494476377964,0.33544913383080943
1080,0.0012081394903361796,0.33544007052629315
1081,0.0011889321574320396,0.3353993332895793
1082,0.0012126981047913433,0.33528436306450105
1083,0.0012123307135577003,0.3345898408878442
1084,0.0011990602361038327,0.3348427302372909
1085,0.0012062111869454383,0.33600478392769717
1086,0.0011991646916915974,0.3362332240662031
1087,0.0011818024795502424,0.33690913691463176
1088,0.0011993657564744354,0.33662333865568306
1089,0.001185413240455091,0.33691241097641966
1090,0.0011987548922964683,0.3370565565749567
1091,0.0011815680811802546,0.3369013569072673
1092,0.0011903908220119775,0.3365835945356136
1093,0.0011856234477212032,0.336233381192848
1094,0.001164272396514813,0.3357314279422774
1095,0.0011871438473463058,0.3366684021417335
1096,0.001184543687850237,0.3355751679066503
1097,0.001177363454674681,0.3350512864863315
1098,0.001179188140667975,0.33567787935597854
1099,0.0011728173432250819,0.33597013799811315
1100,0.0011672833158324163,0.33657860490139463
1101,0.0011693759181071073,0.33603535047922917
1102,0.001169133714089791,0.3365292346203013
1103,0.001144694467075169,0.33498107486170287
1104,0.0011656014869610468,0.3345384946234568
1105,0.0011599153357868394,0.3339316395073258
1106,0.001158190137357451,0.3335049800269785
1107,0.0011257015789548556,0.33264660055351536
1108,0.001154651923570782,0.3328165848309185
1109,0.0011287154785046974,0.3328785715700939
1110,0.0011421859497204423,0.33316310148751527
1111,0.0011482721524468313,0.3332441753724165
1112,0.0011424931658742328,0.33327161484773743
1113,0.001141428497309486,0.33274993542255016
1114,0.0011370800202712417,0.332470840551177
1115,0.0011399056995287538,0.33210550800880845
1116,0.0011373441200703382,0.3318276233230418
1117,0.0011254323025544485,0.3315336439780325
1118,0.0011094564998832843,0.3315266947212972
1119,0.0011283544435476264,0.33185404456324047
1120,0.001127937063574791,0.33117179123804585
1121,0.0011342482408508658,0.33098183161638983
1122,0.00110023048085471,0.3311941353114028
1123,0.001118159736506641,0.331422474758144
1124,0.0011169251442576448,0.3316577906388114
1125,0.0011201931551719706,0.3317696932071482
1126,0.001109711437796553,0.3310809106898238
1127,0.0011108205498506626,0.3310346801748924
1128,0.00110723328931878,0.3313273039717249
1129,0.0010992726699138682,0.33185102456189386
1130,0.001104227996741732,0.3315946596908813
1131,0.0011075181420892477,0.33094467608290806
1132,0.001108645376128455,0.33076746880528873
1133,0.0010985553109397492,0.3311341317228929
1134,0.0010938644874840975,0.33135491143367446
1135,0.0010965944849886,0.33166196209253274
1136,0.0010977855029826362,0.33233674932598023
1137,0.0010827095713466406,0.3331239226748023
1138,0.0010868182483439643,0.3328294432259094
1139,0.0010926489407817523,0.33340964766970854
1140,0.0010867903009057045,0.33242008149928864
1141,0.001092028641141951,0.33116568156588844
1142,0.001082944511047875,0.33010462728160167
1143,0.0010732805860849718,0.32958814317676405
1144,0.0010772524556765953,0.33005815957896195
1145,0.0010705167815710107,0.3299974931393102
1146,0.0010583665765201051,0.3294692640655745
1147,0.001073641135978202,0.32898908214131645
1148,0.0010710808215662836,0.33012905710360463
1149,0.0010567877596865097,0.33063870938549267
1150,0.0010657185145343344,0.33126481167144245
1151,0.0010437724180519582,0.3307251707917591
1152,0.00106012811884284,0.3309227728682478
1153,0.0010586368657338123,0.33028221234940647
1154,0.0010530630048985283,0.3296791192100585
1155,0.0010583097347989679,0.3291147499078373
1156,0.0010529312460372845,0.3295142417174508
1157,0.0010599208995699882,0.3291484006947418
1158,0.0010506371036171913,0.3283593955487884
1159,0.0010421581411113343,0.32889919298869824
1160,0.0010438855504617095,0.32906375119560644
1161,0.0010402900787691274,0.3286651920483649
1162,0.0010350548662245273,0.32848583208669346
1163,0.0010398313907595972,0.32853901827413784
1164,0.0010385046247392894,0.32831549372153673
1165,0.001036960732502242,0.3276563632841173
1166,0.0010451973648741841,0.32807424032723
1167,0.0010284608812071382,0.3281090934570247
1168,0.0010348342436676224,0.32801178819908383
1169,0.001027527847327292,0.32826345117642863
1170,0.001025472884066403,0.3274937365857655
1171,0.0010221617606778939,0.32712586023654155
1172,0.0010023289360105991,0.3268673256017834
1173,0.0010217958983654777,0.3267502531256766
1174,0.0010181325565402706,0.3256858352092449
1175,0.000996350597900649,0.32546340877854685
1176,0.0010185045345375936,0.3256097285523575
1177,0.0010144745310147604,0.32582741855965025
1178,0.001012417650781572,0.326205024876964
1179,0.0010112838664402565,0.3261866641519537
1180,0.0009999368397984655,0.3260397916518108
1181,0.0010066355966652433,0.32585048630877195
1182,0.0010087703897928197,0.326712257234238
1183,0.0009991573868319392,0.3261200229130816
1184,0.0009966638715316852,0.3255447064422899
1185,0.0009790523288150629,0.32591474420058797
1186,0.0009950343946305415,0.32644943868991927
1187,0.0009937521458293001,0.32679601455902496
1188,0.0009930568436781566,0.32701649045168657
1189,0.000996093772118911,0.3265418362155644
1190,0.0009843785626192888,0.32735148446950296
1191,0.0009850460725526016,0.3269190908524028
1192,0.0009826106950640678,0.32639576711457724
1193,0.0009921718311185638,0.32706185032706164
1194,0.0009572503700231512,0.32661474792406575
1195,0.0009862001752480865,0.32718005494285396
1196,0.0009791943632687131,0.32637668151560933
1197,0.0009802888613194226,0.3267858137774189
1198,0.0009733263403177261,0.32723869936682326
1199,0.0009802452094542482,0.327204275800035
1200,0.0009500064809496204,0.3269035278421919
1201,0.0009658795936654011,0.32649487373555264
1202,0.0009616448000694315,0.32594426175612107
1203,0.0009686590094740192,0.32691914053383275
1204,0.0009494247768695156,0.32754064201001537
1205,0.0009630212560296058,0.3274354355747414
1206,0.0009571612114086747,0.32632012800340765
1207,0.0009654027254631122,0.32446036876685785
1208,0.0009570425298685829,0.3243884603269616
1209,0.0009658340946771205,0.3243877392872209
1210,0.0009552968976398309,0.32506574304741725
1211,0.0009533508913591504,0.32433995497766993
1212,0.000953401221583287,0.32490786745033245
1213,0.0009477073171486457,0.3255531008447907
1214,0.0009503891769175728,0.32671578278579905
1215,0.000940475861231486,0.32709121265127294
1216,0.0009449449678262075,0.3274335278230801
1217,0.0009454827212418119,0.32615946853065003
1218,0.0009431456487315397,0.32611447925085735
1219,0.0009384566529964407,0.32590314067290194
1220,0.0009211179955552021,0.3264150027817453
1221,0.0009143356854716937,0.326003411948158
1222,0.0009366272677046557,0.3250015033790243
1223,0.0009385572280734778,0.3249162039311047
1224,0.0009414754303482671,0.32443667856747643
1225,0.0009280643813932935,0.32346747580327484
1226,0.0009254454945524534,0.3242359374818659
1227,0.0009269781740537535,0.3252028928721073
1228,0.0009255209666055937,0.3256184120297606
1229,0.0009178690224265058,0.3248262198271546
1230,0.0009209314671655496,0.32515274405980493
1231,0.0009175988341060778,0.324553587310539
1232,0.0009135632154842218,0.3239559197733015
1233,0.0009112813393585383,0.3238653135295326
1234,0.0009095743453751008,0.32399855849294984
1235,0.0009053102151180307,0.3230904807167792
1236,0.0009116892702877522,0.3226940678160267
1237,0.0009126689362650116,0.32374390123183266
1238,0.0009073400714745124,0.32363279517848936
1239,0.0009047561946014563,0.3232877874060681
1240,0.0009018257221517464,0.32283634397239364
1241,0.0009084008634090424,0.32244497754921514
1242,0.000890058985290428,0.32268788806048404
1243,0.0009036321037759384,0.32349480325846297
1244,0.0008970533342411121,0.3234672257186551
1245,0.0008968532706300418,0.32465411151884593
1246,0.0009053824935108424,0.32541999779097
1247,0.0008862058981321752,0.3247166869628151
1248,0.0008992200717329979,0.3242065157163997
1249,0.000887061112249891,0.3234022370817369
1250,0.0008915958421615263,0.3239616410839453
1251,0.0008837911455581586,0.3229623526737791
1252,0.00087867077284803,0.32315267639354484
1253,0.0008835878300790986,0.3226780065264531
1254,0.0008700956435253223,0.323822276873721
1255,0.00087643550359644,0.32432013176033025
1256,0.0008702828083187342,0.3243829272687435
1257,0.0008742401997248332,0.32507159795655666
1258,0.000855880934977904,0.32499776817640363
1259,0.0008657659869641066,0.3245740896254255
1260,0.0008686809645344814,0.32373030320332763
1261,0.0008547882937515775,0.3220780472113201
1262,0.0008669231901876628,0.3224811187471476
1263,0.0008637336548417806,0.3218329023700534
1264,0.0008681939138720433,0.32240635646801247
1265,0.0008635236881673336,0.3211170978059894
1266,0.0008603818869839112,0.3220622807261888
1267,0.0008561550018688043,0.32188126631625735
1268,0.0008615041229253014,0.32248480652311917
1269,0.0008563251428616544,0.32240040266439757
1270,0.0008483269698141764,0.321107841303779
1271,0.0008538952174906929,0.32028561446554304
1272,0.0008487550386538108,0.3203306369625076
1273,0.0008601798908784986,0.319994293779614
1274,0.0008515183348208666,0.3192097152534284
1275,0.0008453876595012844,0.32002745984851966
1276,0.0008507699084778626,0.3210705229304513
1277,0.0008387113688513636,0.32094480196961706
1278,0.000842301764835914,0.31977971852348563
1279,0.0008388170312779645,0.32007093583260887
1280,0.0008366338248985509,0.320019881660391
1281,0.0008387459325604141,0.3208814505759997
1282,0.0008356454549357295,0.32079556550590965
1283,0.0008342431004469594,0.3224232941974848
1284,0.0008285818699126442,0.3228327093526111
1285,0.000827466300688684,0.32274302271091276
1286,0.000830415232727925,0.3221337282322129
1287,0.000831183356543382,0.32234456453319876
1288,0.0008236049752061565,0.32070684173193414
1289,0.0008219899415659407,0.32043478574756296
1290,0.0008091110115249952,0.3197302449037108
1291,0.0008150800984973709,0.31988306595175936
1292,0.0008238614071160554,0.3198286363669829
1293,0.0008217329547430078,0.31969424737453983
1294,0.0008206706416482727,0.3206673944750202
1295,0.0008277829503640533,0.3208095415261144
1296,0.0007970767328515649,0.3216069128462358
1297,0.0008202394004911184,0.3221502258927066
1298,0.0008150446345098316,0.321529949737484
1299,0.0008048433189590772,0.3212546795356082
1300,0.0008023377236289282,0.32079657961271313
1301,0.0008055177206794421,0.3205672388253679
1302,0.0008042599074542522,0.3204582004334059
1303,0.0007887327306283017,0.32017885115847255
1304,0.0007990455875794092,0.32002561835691945
1305,0.0007981399093599369,0.31969216383710414
1306,0.0008040128819023569,0.3192195049677676
1307,0.0007937185466289521,0.31895190296553033
1308,0.000798301196967562,0.31763497889259756
1309,0.000797490185747544,0.31790606057195114
1310,0.0007805683960517248,0.3191536713489576
1311,0.0007930676996087035,0.3198743915261581
1312,0.0007927507317314546,0.31998078385640305
1313,0.0007935063758244117,0.3187821611369911
1314,0.0007879326546875139,0.31980999378345865
1315,0.0007827973769356807,0.31957729507172317
1316,0.0007820141346504291,0.3196607440034723
1317,0.0007676500283802549,0.31946611046050377
1318,0.0007873155176639557,0.3184106289490796
1319,0.0007768718370546897,0.31884612330393486
1320,0.0007761927787214518,0.31936235141488367
1321,0.0007716446959724029,0.3201159327699427
1322,0.0007772762328386307,0.3211007553005689
1323,0.0007725369418039918,0.32070625256420227
1324,0.000776865294513603,0.3204529624846246
1325,0.0007750637053201596,0.3195913053656879
1326,0.0007611845464756092,0.318430008383043
1327,0.0007698138865331809,0.3181278774656399
1328,0.0007705745675290625,0.31995735031536277
1329,0.0007615962919468681,0.32022853229979154
1330,0.0007685574431282779,0.31916092055691786
1331,0.0007603742298670114,0.32007129625444525
1332,0.000755184314524134,0.3204565504511372
1333,0.0007637415585728983,0.32099811524719174
1334,0.0007603871752507984,0.3197505272195092
1335,0.0007550620085870226,0.31932798113499644
1336,0.0007566857733763754,0.31929123080308325
1337,0.0007371314762470623,0.31856687487326346
1338,0.0007493463791130732,0.31805451414738484
1339,0.0007453366105134289,0.31745089206583144
1340,0.0007487231011812886,0.3176848469792228
1341,0.0007468265966357042,0.3168968055615125
1342,0.000743154709925875,0.3169080643473487
1343,0.0007425574634301787,0.31703005224052405
1344,0.0007515124666194121,0.3180134673847964
1345,0.0007388663827441633,0.31797945543535444
1346,0.0007454794521133105,0.31685094001610375
1347,0.0007407631705670307,0.31818953130873495
1348,0.0007330148248001934,0.3178192574465484
1349,0.0007348105078563094,0.3185475382746922
1350,0.0007345443669085701,0.319285067517245
1351,0.0007416259458598991,0.3190173873438211
1352,0.0007314160931855441,0.3181864750620566
1353,0.0007346922376503547,0.3187094204432783
1354,0.0007299796910956502,0.3173219730739879
1355,0.00073055491472284,0.3176147720520521
1356,0.0007296948693692684,0.3174862533056161
1357,0.0007234974376236399,0.31715473161781566
1358,0.0007216978643555194,0.31659740311970486
1359,0.0007215932477265596,0.31644191157769913
1360,0.0007197877896639208,0.3159884475498346
1361,0.000710467357809345,0.31521855758187195
1362,0.0007080326419478903,0.3153878757839053
1363,0.0007157489075325429,0.3165427709695453
1364,0.0007167523338769873,0.3175296432485706
1365,0.0007151414291001856,0.3174836860359674
1366,0.0007147559818501274,0.3171398364149078
1367,0.0007110818211610118,0.315134895094044
1368,0.0007166623137891293,0.31428853273718504
1369,0.0007180729667500903,0.3168650644760557
1370,0.0007073177024722099,0.317263024968057
1371,0.0006944775115698576,0.31730768140078636
1372,0.0007076569095564385,0.3182619012325828
1373,0.0007025357035066311,0.31843729425025613
1374,0.0007004113072374214,0.3180311054361668
1375,0.000699577717265735,0.3174993025836105
1376,0.00069683447945863,0.3168206930008025
1377,0.0006985577987506985,0.3169566401721616
1378,0.00069250594630527,0.3167077612720038
1379,0.0006933039713961383,0.3159487181784291
1380,0.0006942513942097624,0.31530793410404556
1381,0.0007027950836345553,0.3142839936397926
1382,0.0006897814571857452,0.3151411891190542
1383,0.0006866704129303495,0.31607993591402533
1384,0.0006880306793997685,0.31737019939685773
1385,0.0006829775093744199,0.31820790823113326
1386,0.0006961166819867988,0.3200394931026021
1387,0.0007008479617070407,0.31930438992812443
1388,0.0006929402627671758,0.3182074545299885
1389,0.0006830129112737874,0.31805843851741467
1390,0.0006866784572290877,0.3174751243711999
1391,0.0006756487981571506,0.3165490480510202
1392,0.0006803035697278877,0.3162794975912449
1393,0.0006763463296617071,0.31551782921915167
1394,0.000677634368184954,0.31386539558961724
1395,0.0006885601634470125,0.31258516954748256
1396,0.0006749556050635874,0.31323256292952256
1397,0.0006726432785702248,0.3138719820390232
1398,0.0006707515683956444,0.31415701602525703
1399,0.000667049161468943,0.3148823246653927
1400,0.0006770439620595425,0.3170576541308771
1401,0.0006662902887910604,0.31677335140714696
1402,0.0006645497865974903,0.3164338010978716
1403,0.000666816730517894,0.3162143745606667
1404,0.0006572351480523746,0.3158802558608048
1405,0.0006622029196781417,0.31474281883422744
1406,0.0006596259927997987,0.31470917175082785
1407,0.000662287037509183,0.3136939184402513
1408,0.0006538883511287471,0.3141023496884787
1409,0.0006611964956391603,0.3143952073616504
1410,0.0006549060383501152,0.31398832796914883
1411,0.0006552474650864799,0.3136324861048781
1412,0.0006566008552908898,0.3141726742754554
1413,0.0006566349649801851,0.31627549771873054
1414,0.0006443768526272227,0.31661603891710094
1415,0.0006607482054581244,0.3163707412517907
1416,0.0006465446359167497,0.3156755099029482
1417,0.000646152983730038,0.31568757789917506
1418,0.0006362730210336547,0.3159740435950763
1419,0.0006337039715920886,0.31650771236602676
1420,0.0006493854646881422,0.3155293149971648
1421,0.000640369326962779,0.31424707688979414
1422,0.0006395719479769469,0.3147317059065776
1423,0.0006306175064916413,0.314962417606199
1424,0.0006415633833967149,0.31357466451257293
1425,0.0006332294404273852,0.3136997956956862
1426,0.0006427258757563929,0.31471800015509477
1427,0.0006332677284566064,0.3153280349263148
1428,0.0006330134191860755,0.3147989864194254
1429,0.0006352871753430615,0.3132153567830809
1430,0.0006271224954010298,0.31325551645274746
1431,0.000614953925833106,0.31291225559094493
1432,0.0006255428617199262,0.31245467240502783
1433,0.0006258288126749297,0.31157656241622234
1434,0.0006262279891719421,0.3112143903251803
1435,0.0006244472305600841,0.3122691484386025
1436,0.000623871199786663,0.3122039653676731
1437,0.0006063842990746101,0.313523311984905
1438,0.0006088891260636349,0.314511696328763
1439,0.0006292692152783275,0.3151517084837831
1440,0.000623649354868879,0.31375191124341295
1441,0.0006263615136655669,0.3149127841366139
1442,0.0006217959336936474,0.3153236110297124
1443,0.0006126306136138738,0.3147515985537429
1444,0.0006202294297205905,0.31218162502505276
1445,0.0006259934200594822,0.31134070896091515
1446,0.0006026782211847603,0.311290232067089
1447,0.0006114462235321601,0.31275421222508476
1448,0.0006115249552143116,0.3130462930118393
1449,0.0006084421183913946,0.313329387510642
1450,0.000603038522725304,0.3141205594139664
1451,0.000603718754913037,0.31341030167099854
1452,0.0006279028292434911,0.31362241418345976
1453,0.0005971540095439802,0.31384442479224406
1454,0.0006092537116880218,0.31257761644515375
1455,0.000602440027675281,0.3123597603737872
1456,0.0005965785783094665,0.3117083594725843
1457,0.0006008567133297522,0.3115461352254041
1458,0.0005988321926755209,0.3117938778956818
1459,0.0005896351843451461,0.3128866360016298
1460,0.0005935949137589584,0.31173082323995427
1461,0.0005928222206421196,0.31166686076256966
1462,0.0005877994932234287,0.3126050942626439
1463,0.0005901602698334803,0.3120419447805885
1464,0.0006011279377465447,0.3117129155080657
1465,0.0005929413562019666,0.3106378440020813
1466,0.0005907337996177376,0.31153671217439644
1467,0.0005877133303632339,0.31137724810045714
1468,0.0005865071473332743,0.3116493476119045
1469,0.000582665562008818,0.3109922303289872
1470,0.0005831150202235828,0.3110088589573987
1471,0.0005879925719151894,0.31113573548258744
1472,0.0005789975810330361,0.3113371176503555
1473,0.0005792015542586645,0.3108544296024051
1474,0.0005807881922616313,0.311888759645323
1475,0.0005663978712012371,0.3116739379100458
1476,0.0005766272001589338,0.3115046217122622
1477,0.0005725906948403765,0.3113599594148715
1478,0.0005691481987014413,0.31070452088718875
1479,0.0005730900603036086,0.3110285748057721
1480,0.0005710509780328721,0.3114292549394202
1481,0.0005745440954342485,0.3118747790502003
1482,0.0005796355175940941,0.3124583523981927
1483,0.0005664682801580056,0.3116970440013367
1484,0.0005658787830422322,0.3116424521431327
1485,0.0005625953548587858,0.3112442244759254
1486,0.0005627938138786703,0.3113499531653105
1487,0.0005707278304422895,0.3101631552852385
1488,0.0005675020938118298,0.3114823597695744
1489,0.0005581534021378805,0.31239835148927764
1490,0.0005570528330281377,0.3129005975563798
1491,0.0005640961423826715,0.3124683288563239
1492,0.0005602806340903044,0.31357720453422844
1493,0.0005554619555672009,0.3135225061457931
1494,0.0005439790256787091,0.3127993248479321
1495,0.0005627515492960811,0.312229511796426
1496,0.0005631331936456263,0.30975092126176373
1497,0.0005665905385588607,0.307746779772709
1498,0.0005536715150810778,0.30806461740176233
1499,0.0005559260840527714,0.3081247004740245
1500,0.0005483325337991118,0.3088801145411984
1501,0.0005591398299050828,0.3106796933414295
1502,0.0005521142001574238,0.31048934815222756
1503,0.0005455612981071074,0.30985381477103946
1504,0.000534423120552674,0.31007088810118316
1505,0.0005414521593290071,0.3094795187118283
1506,0.0005411756826409449,0.3092290469396271
1507,0.000540788685126851,0.3091980241162822
1508,0.0005426795260670285,0.30927650149018443
1509,0.0005404976507027944,0.30990485873683327
1510,0.0005373180766279499,0.31044160484810146
1511,0.000539289927110076,0.31041724577938257
1512,0.0005395437280337015,0.31080821178831725
1513,0.0005378207851511736,0.30887230396902526
1514,0.0005395978223532438,0.30842306451839313
1515,0.0005288048152578995,0.30833279464546354
1516,0.0005208414329293495,0.3096406266681458
1517,0.0005388417940897246,0.3106164434510801
1518,0.0005346168763935566,0.3104082218899626
1519,0.0005405020269487674,0.3094057890461289
1520,0.000531048090973248,0.3091601903566666
1521,0.0005295053900529941,0.30848605780486477
1522,0.0005262848106212914,0.30687949403423315
1523,0.0005283091372499864,0.3086695103573869
1524,0.0005301383401577672,0.3101509855678904
1525,0.0005229380020561318,0.310126707121207
1526,0.0005246539018116892,0.30901081492438126
1527,0.0005231351242400706,0.3080554416904237
1528,0.0005220240311852346,0.31024031005581915
1529,0.0005200479916917781,0.31017118182621506
1530,0.0005261463714608302,0.31125851522325076
1531,0.0005176405616415043,0.3103475807158396
1532,0.0005200289733087023,0.310868599462971
1533,0.0005171765806153417,0.30943594835371824
1534,0.0005030435024915884,0.30965658049071915
1535,0.0005125075345858932,0.3085397087821835
1536,0.0005071129727487763,0.30773055978250086
1537,0.0005093036122464885,0.30816582312578694
1538,0.0005045267957029864,0.3089477303574047
1539,0.0005099393766916667,0.30992313356775986
1540,0.0005007174797356129,0.3099148522365337
1541,0.0005056446709204466,0.3097549481535254
1542,0.0004960804091145595,0.3094336316479664
1543,0.0005045458150561899,0.30878113473803676
1544,0.0004998755825605865,0.30753998094025936
1545,0.0005077122497217109,0.3066539610436524
1546,0.0004931623096733044,0.30653360994173245
1547,0.0004975543046991031,0.30759881910655584
1548,0.0004943564107331137,0.3073361185243168
1549,0.000501524331048131,0.3084808143552894
1550,0.000492292169171075,0.3087504589766787
1551,0.0004938338107119004,0.30938035561240207
1552,0.0004940811001385251,0.308773288993459
1553,0.0004933147846410672,0.3100099699430124
1554,0.0005042251820365588,0.30951724071273506
1555,0.000504627024444441,0.3108572624079142
1556,0.0005001983159066488,0.30904442416667416
1557,0.0004910541543116172,0.3075477800860304
1558,0.0004912763290728132,0.30762847915444286
1559,0.0004944091216505816,0.3081736671547705
1560,0.0005000006407499313,0.30780734480712674
1561,0.0004868449914890031,0.30843795562566023
1562,0.00048189913698782526,0.30855536250648097
1563,0.0005009095950905854,0.3084133694449451
1564,0.0004955741887291272,0.3075501026683732
1565,0.0004943765311812361,0.30870676040649414
1566,0.0004932809970341623,0.307852393969327
1567,0.0004900692069592576,0.3078566938911004
1568,0.00048385642391319075,0.30818650655840574
1569,0.0004809427075088024,0.30774162607866595
1570,0.0004891552904155106,0.309088395004384
1571,0.000480041594710201,0.30901967081628
1572,0.0004780123475939035,0.3101056905909937
1573,0.0004785641950244705,0.31014210223193056
1574,0.0004790146097851296,0.30965764374521215
1575,0.00048215941642411054,0.30649822391569614
1576,0.00048230261309072374,0.30430885518176687
1577,0.00047588242838780083,0.3059743895843538
1578,0.00046882523262562853,0.30722941288299727
1579,0.0004727454390376806,0.3073254139625538
1580,0.0004733076086267829,0.30566717291043866
1581,0.000470697458270782,0.30432682068288675
1582,0.00045780256041325627,0.304636228807837
1583,0.0004682339921904107,0.30579301204575954
1584,0.000467058434151113,0.3052955458256585
1585,0.0004618346497106055,0.3067258496098874
1586,0.0004609552464292695,0.30806245124893405
1587,0.0004679353636068602,0.30824169496956627
1588,0.00046697344320515793,0.3068342578504779
1589,0.0004580473721337815,0.30708465999133927
1590,0.000454479605347539,0.30737194992405803
1591,0.00045594469411298634,0.3065626713997352
1592,0.00046126227437828977,0.305351722440873
1593,0.0004587629111483693,0.30571304079232337
1594,0.0004559872051080068,0.3042415108542606
1595,0.00045894322684034703,0.30638803520964253
1596,0.0004548225741018541,0.30601222873039063
1597,0.0004568918879764775,0.30694571469654464
1598,0.0004529457927371065,0.30647823371929905
1599,0.0004602017036328713,0.3062017542522466
1600,0.0004494155524298549,0.3052050475717375
1601,0.0004529216055137416,0.30635184437385077
1602,0.00045347373622159164,0.3048591914624847
1603,0.00045300132672612865,0.30506416806156
1604,0.00045797131412352124,0.30511571257783654
1605,0.00044471321064823617,0.3036586349960743
1606,0.00045590196968987585,0.30256896883205714
1607,0.0004502659139689058,0.30411425873375775
1608,0.0004414739732358915,0.30526068309398247
1609,0.00044171311892569063,0.3056500664917611
1610,0.00044585591725384194,0.30552555846148416
1611,0.0004425770331484576,0.30488714190711924
1612,0.0004418369848281145,0.30380310108395
1613,0.0004409463804525634,0.30430316242623573
1614,0.00044255923324575027,0.3066443879189983
1615,0.0004497193653757373,0.3072969805590852
1616,0.0004422344946457694,0.3063516576899684
1617,0.0004424010713895162,0.3065443832361907
1618,0.0004379088815767318,0.3055005311497558
1619,0.0004378517837418864,0.30388306145017085
1620,0.0004370357375591993,0.30326395886487256
1621,0.00042603385324279465,0.30401962088170453
1622,0.00043216324023281536,0.3042727494939116
1623,0.00043233875185251237,0.30520306552123083
1624,0.0004296971814862142,0.30636756519149794
1625,0.00043224964756518605,0.30658730466398054
1626,0.0004224755781857918,0.30672490830963467
1627,0.0004313763929530978,0.3063175264549883
1628,0.00043399224523454905,0.3045324145473148
1629,0.000432838456860433,0.3036799427307053
1630,0.00042411571096939347,0.3038151735080439
1631,0.00043201036557244756,0.3057845122676495
1632,0.00043731030697623886,0.30544747378982123
1633,0.00042356878984719517,0.3040887831835545
1634,0.0004245267172033588,0.30282992504166756
1635,0.0004282709521551927,0.3022042226443906
1636,0.0004198366194032133,0.30190950256570825
1637,0.00042478488758206366,0.3020832075938931
1638,0.0004183351139848431,0.3024645035498236
1639,0.0004202031414024532,0.30391294328354257
1640,0.00042178050304452576,0.30652107868605016
1641,0.0004271034267731011,0.3074803815729785
1642,0.0004159370185031245,0.30637161482713726
1643,0.00042418527494495113,0.30325999495448075
1644,0.00041742740043749414,0.3024845005541343
1645,0.0004177221601518492,0.3015798219555869
1646,0.00041397352470085025,0.3033431094461148
1647,0.0004124642252766838,0.3049763106408785
1648,0.000413543323520571,0.30419555592911635
1649,0.000406527166099598,0.30422185524502954
1650,0.00041239939843459676,0.30319992267139995
1651,0.00042015377742548785,0.30182867295691496
1652,0.0004104420271081229,0.3022058887151206
1653,0.0004030329931993037,0.30211975914017675
1654,0.0004050691961310804,0.3027226603344867
1655,0.00040669399895705284,0.3022214295941661
1656,0.0004067662637680769,0.3009922575445203
1657,0.00040800283507754404,0.30104585121826904
1658,0.00040242808754555883,0.30337211893522864
1659,0.0004086289399613937,0.3056123759978783
1660,0.00042144814894224205,0.30588342385551737
1661,0.00040950328887750707,0.3043930557316812
1662,0.0004099311772733927,0.3011811371914476
1663,0.0003984863947456082,0.2999959214977179
1664,0.0004000709818986555,0.30045390067818134
1665,0.00040585589207087956,0.2994357633257383
1666,0.0004120266695584481,0.3016103279711515
1667,0.0003975971194449812,0.30232781506475737
1668,0.00039431651821359993,0.30316972429455635
1669,0.0003985407932001787,0.3020757288121951
1670,0.00040876885177567603,0.3029475241834134
1671,0.00039013619922722377,0.3011704624183912
1672,0.00040766019374132155,0.29955099658953427
1673,0.0003954565424161653,0.30117463780708653
1674,0.00039783633061839886,0.3032179174846725
1675,0.00041092341998592017,0.3049614422066867
1676,0.0004002397569517295,0.3016887152763574
1677,0.00038150127705497046,0.30014195346834455
1678,0.00039058628996523716,0.2995093371501269
1679,0.00039310511977722247,0.2986594822737034
1680,0.0003971240483224392,0.30014790715486334
1681,0.0003891376623262962,0.3005485374763695
1682,0.000389324186835438,0.2997777267843921
1683,0.0003912319545634091,0.29912409831481107
1684,0.00038222921236107744,0.2995238870420433
1685,0.00038848081215595205,0.300495388046212
1686,0.00039368834307727715,0.30089466427643485
1687,0.0003789834270719439,0.30195537758228636
1688,0.0003847969404887408,0.30239910696638606
1689,0.00038882872322574256,0.30153979993920926
1690,0.00038101834943518045,0.30120257973910597
1691,0.00038919143456344805,0.3015919385684861
1692,0.000384758209111169,0.30023601585018794
1693,0.00038930818360919756,0.2997890849031334
1694,0.00038390296200911206,0.30068884767069104
1695,0.00038457283517345786,0.29893109323838124
1696,0.0003772579211120804,0.29893020942959697
1697,0.0003810796828474849,0.3005921432056753
1698,0.0003813785617239773,0.3003102354678102
1699,0.0003768552531255409,0.2996639031590077
1700,0.0003769215778447688,0.3004784762276587
1701,0.00037242932400355735,0.29968877785637626
1702,0.0003717681567650288,0.29779215969896894
1703,0.00038642464787699284,0.2964539805084075
1704,0.0003805044456385076,0.29796639620462617
1705,0.00037399095405514043,0.29893330588108963
1706,0.00037053152142713466,0.2994456738451419
1707,0.0003666918802385529,0.2993461141330108
1708,0.00037451369571499525,0.29982581065303227
1709,0.00036695412224313864,0.29978193071458425
1710,0.00037050456933987637,0.2991923817504219
1711,0.00036666246596723796,0.3000857526932064
1712,0.0003661728153626124,0.3002886927539581
1713,0.000375223346054554,0.2984392653976442
1714,0.0003647495643235743,0.2982448281213772
1715,0.0003712990369725352,0.2993207806775793
1716,0.00037212721072137355,0.29974784152255507
1717,0.0003665634964515145,0.29907070367994626
1718,0.0003860600156864772,0.29765546199871085
1719,0.00037777536393453676,0.2987476266452182
1720,0.0003612117220958074,0.2978704313622319
1721,0.0003601846246359249,0.29706351323685015
1722,0.00037711334880441427,0.29791409042745565
1723,0.00036413666530279445,0.2970846523285696
1724,0.00036243280628696085,0.2976441205756968
1725,0.00035437938446799915,0.29785728235647346
1726,0.0003642506101944794,0.2969189741518022
1727,0.00035564838520561656,0.2967156782713637
1728,0.0003584938938729465,0.29695894787828736
1729,0.00035570538990820446,0.29862718912092046
1730,0.00035851913271471857,0.29949448856508787
1731,0.0003550215333234519,0.2988262200531991
1732,0.0003564906073734164,0.29751098918733976
1733,0.0003560583844470481,0.298491691928139
1734,0.00036405817372724413,0.2993756113955152
1735,0.00035445391161677736,0.29718406799069624
1736,0.00035286300893252093,0.2964773992517669
1737,0.0003597342331583301,0.2956675008124514
1738,0.0003513523765529195,0.29534108426193134
1739,0.000355120735669819,0.29665777058346054
1740,0.00035524999257177117,0.29722258405847074
1741,0.0003552813606802374,0.2979990272913455
1742,0.0003529571054968983,0.2966956779774692
1743,0.00035455308388918636,0.29614326605649544
1744,0.0003687214950332418,0.29764483817063314
1745,0.0003535941184964031,0.2984543615538213
1746,0.00035414260540468,0.2979452395566592
1747,0.0003503755268563206,0.2957251711383636
1748,0.0003542756914005925,0.2939832061338538
1749,0.0003457343593860666,0.2950390941566891
1750,0.00034496489291389784,0.29609509366864
1751,0.00034047864222278197,0.29603350192460925
1752,0.0003535225880720342,0.2946563290421203
1753,0.0003417015347319345,0.2962251273936957
1754,0.0003419281032014017,0.2960395434549982
1755,0.0003445580640497307,0.2962742114701031
1756,0.00034306138016593956,0.2950833614926502
1757,0.0003429793772132446,0.2946661474831315
1758,0.00035488199209794403,0.2935924535230543
1759,0.0003384908001559476,0.293739530690864
1760,0.0003472755338104131,0.2961066100087387
1761,0.0003431758435908705,0.29647183965085544
1762,0.0003362400243834903,0.29599271171143526
1763,0.00034107410271341603,0.2965057264054902
1764,0.00034205760894110424,0.2958425139376556
1765,0.0003418434304573263,0.2947320144362094
1766,0.00034018496323066455,0.2945648489372903
1767,0.00034406749182380736,0.29295542851438994
1768,0.00033496700537701446,0.29373901612424885
1769,0.0003436772928883632,0.29531716622619164
1770,0.0003373786419009169,0.29492757883881443
1771,0.00033698167850767884,0.295363189238641
1772,0.00033062520475747684,0.2939548134144766
1773,0.00033273312534826496,0.29369164695582023
1774,0.00033037700147057575,0.293837298644565
1775,0.0003310264825510482,0.2949029558572417
1776,0.0003428429627092555,0.2957488016514053
1777,0.0003339573333505541,0.29655222289198846
1778,0.0003364060927803318,0.29503116782275385
1779,0.00033302316248106457,0.2958601740984061
1780,0.00034149926505051554,0.2930555544025673
1781,0.00033095946031001707,0.2926302203276788
1782,0.00033048801124095916,0.29428619442627446
1783,0.0003274300853566577,0.2932195951127344
1784,0.00033549559690679114,0.2947634223287609
1785,0.00032545297678249576,0.29332945112694514
1786,0.000322404463076964,0.29246767632913784
1787,0.00032699693692848084,0.2928070707017915
1788,0.0003263562374437849,0.29293316558046995
1789,0.00032331517431885006,0.2924004256785221
1790,0.0003279691756082078,0.29420531120652343
1791,0.0003346998244524002,0.293408607908835
1792,0.000332275351199011,0.29218415842712886
1793,0.00032070477706535406,0.2919269795338923
1794,0.00032209733326453714,0.2918102279038588
1795,0.0003170481533743441,0.2914263740269064
1796,0.000324608659138903,0.29264918714761734
1797,0.0003242744559732576,0.2940206432453634
1798,0.00032065781609465677,0.29281312985106084
1799,0.0003333435005818804,0.29045326628705914
1800,0.0003196813651205351,0.2912097726567316
1801,0.00032140767434611915,0.2924649698267642
1802,0.0003200930931294958,0.2921498459600435
1803,0.00032241503746869665,0.2922999155462572
1804,0.00032345438182043533,0.2937899424901439
1805,0.0003155367327660012,0.29252843191160965
1806,0.0003155257960315794,0.29104904789880615
1807,0.0003153721025834481,0.28964415060258225
1808,0.00032942877733148633,0.28942122781235313
1809,0.0003173404897097498,0.2915997977112556
1810,0.0003133605462304937,0.292512746609486
1811,0.0003160110888226579,0.29363166669666857
1812,0.0003199293918441981,0.29300734542898443
1813,0.0003089389104085664,0.29068622228346375
1814,0.0003109859205627193,0.29069594604545956
1815,0.00031998706981539726,0.29171415347584156
1816,0.0003074202143276731,0.28996669968906025
1817,0.00030997916085956,0.2890002900375086
1818,0.0003127956767760528,0.2888904086325034
1819,0.0003176396421622485,0.2889282392087387
1820,0.0003103742046126475,0.2914843940344906
1821,0.0003187640201455603,0.29253999253037816
1822,0.00032648182241246104,0.292050388486435
1823,0.0003138463206899663,0.2889726202640879
1824,0.0003159574077775081,0.28672210537768594
1825,0.00031345940466659763,0.28731820412655495
1826,0.00031559534836560487,0.29015427229283325
1827,0.0003065786266233772,0.2910290491353307
1828,0.0003227588322867329,0.2905143486357659
1829,0.00031573581509292126,0.2917860554400505
1830,0.00030426628654822707,0.28893038565946516
1831,0.00030906511819921433,0.2872207973707925
1832,0.00031031888987248144,0.2884512918059066
1833,0.0003111707609302054,0.28796840301164756
1834,0.00030617940453036375,0.29008181777929787
1835,0.00031053501879796386,0.2905621179433986
1836,0.0003033138617562751,0.2918654747459798
1837,0.0003020179419157406,0.2910518146702769
1838,0.0003178499522618949,0.2883294110148274
1839,0.00030647273039600503,0.2884540928974312
1840,0.000303072688014557,0.29006539138404336
1841,0.0003051855368539691,0.2899414136956789
1842,0.0003063270104272912,0.2891659616024304
1843,0.00030107508646324275,0.28757244789406483
1844,0.0003090165730100125,0.286057910625959
1845,0.0002985358005389571,0.287227601093398
1846,0.00029734055763886623,0.28864414280836
1847,0.00030204108140120903,0.2911278817296159
1848,0.00030777572731797894,0.2897817943114461
1849,0.0003012295967588822,0.2899876205190711
1850,0.0002998377439022685,0.2866432841551321
1851,0.0003094730374868959,0.28553631135442276
1852,0.00031376256180616716,0.2887845301445116
1853,0.00029986714168141285,0.2892412248023987
1854,0.0002974747292076548,0.28709581919145166
1855,0.0003003567981068045,0.2876513470672289
1856,0.00029824049949335555,0.285284015584236
1857,0.00030629558120078096,0.28475757093816906
1858,0.0002962961191466699,0.28723294057267884
1859,0.00030108679396410783,0.28742541735501664
1860,0.0002932126847251008,0.28776439755054856
1861,0.00029067273329322536,0.28824354260506335
1862,0.00029110388713888825,0.28698879970531715
1863,0.0002939002341008745,0.2864461869698519
1864,0.0002927926068271821,0.2854958198724957
1865,0.00031072868344684444,0.28626051920939954
1866,0.00028810810569363334,0.2861650175011951
1867,0.00028816535292814174,0.2845385836802249
1868,0.0003003060002811253,0.2855201121691985
1869,0.000297226543383052,0.2874259217451626
1870,0.0002886405486303071,0.28843586013396405
1871,0.00029376325255725533,0.2877463800696471
1872,0.00030325100330325463,0.28591823058300897
1873,0.0003171177813783288,0.2814299150734966
1874,0.00029575218989824257,0.28157807656493017
1875,0.0002895371289923787,0.2853454414411987
1876,0.00028436193145656337,0.2865166970180097
1877,0.00028708471412149567,0.28795994549434173
1878,0.00029450234918234247,0.2877190240103294
1879,0.00028425092653681835,0.2856477533537916
1880,0.0002878948793901751,0.2830381063139883
1881,0.00028653951982657115,0.28211799810493465
1882,0.00029309508196699124,0.2831072878795104
1883,0.0002910817430044214,0.2843356723298063
1884,0.00028320392787766955,0.2865762263400295
1885,0.00028386768341685337,0.2867067631644507
1886,0.000281564569255958,0.2864324839633198
1887,0.00029167945225102204,0.28400429206687894
1888,0.0002842657365060101,0.283625163734286
1889,0.00028232875435302653,0.28326251051710016
1890,0.00029395828993680577,0.28524895415951806
1891,0.00028336758696241305,0.28538841475345933
1892,0.00028172095965904494,0.2847885631122871
1893,0.00028841909564410645,0.2838968221855225
1894,0.0002838228800101206,0.2842850643264576
1895,0.00027964567222322025,0.2815987783053901
1896,0.00027943143310646217,0.2815549785832259
1897,0.0002835709291199843,0.2818537465329364
1898,0.00027816371681789557,0.2830525905503864
1899,0.00027711579071668286,0.28469514187795725
1900,0.0002819905367990335,0.28376784187888626
1901,0.0002847512097408374,0.28241322891056886
1902,0.0002831824259677281,0.2810236901611264
1903,0.00028375428325186174,0.28388869684265805
1904,0.00027476816903799773,0.2837520851454104
1905,0.00028941749672715863,0.28557067894926896
1906,0.000273845541717795,0.2832706025964989
1907,0.0002790711238048971,0.2801993296601488
1908,0.00027860333987822137,0.27929797129193595
1909,0.0002720599867946779,0.2801079547511991
1910,0.0002753022611917307,0.28150627990008187
1911,0.00027975122599552076,0.28323677010910464
1912,0.0002820816065650433,0.28385964372843414
1913,0.0002804689633194357,0.28077426947631506
1914,0.0002837155673963328,0.27754240503741634
1915,0.0002853192291998615,0.2781532340171088
1916,0.00029017835622653366,0.2823129338239543
1917,0.0002677512684992204,0.2829036059604184
1918,0.0002846364843814323,0.28100144931480114
1919,0.0002859893914622565,0.27906035627538
1920,0.00028268347571914397,0.28022355682690414
1921,0.0002783427519413332,0.2794426378946512
1922,0.00027457676575674367,0.28116813665855
1923,0.0002748721473229428,0.2815775811666764
1924,0.0002755867491941899,0.28276938210344976
1925,0.0002873731233800451,0.2820009818867023
1926,0.0002766341223226239,0.2810873925925521
1927,0.00027459187743564446,0.27775935763057474
1928,0.0002769003913272172,0.27679234518729456
1929,0.0002710999125459542,0.2772818137374189
1930,0.0002677033383709689,0.2804909593000877
1931,0.00027244276522348323,0.28214013466491683
1932,0.0002812056331701266,0.28323031637588875
1933,0.00028158168230826657,0.28202120150978627
1934,0.00026133025530725715,0.278905151033371
1935,0.00026831449649762363,0.2766184436936171
1936,0.0002764757528590659,0.2770211502626451
1937,0.0002656406897585839,0.27816927785663836
1938,0.0002690427024693539,0.28031271700447763
1939,0.00027415841662635406,0.2813367577030035
1940,0.00027662983435826994,0.2779838551266108
1941,0.00026808419303658105,0.27669864015555695
1942,0.0002768350978537152,0.2780506178976325
1943,0.00026100862693662443,0.27917155100588215
1944,0.00026619179795185725,0.27854271700921635
1945,0.0002691296976990998,0.2804347408788377
1946,0.0002626150686410256,0.2780261402840764
1947,0.0002582295623142272,0.2774815979952875
1948,0.00025874565277869503,0.2759230100626006
1949,0.00026493672436724106,0.27618064498801154
1950,0.00026447333705921966,0.2780642066020192
1951,0.00026136336188452937,0.27790798720146653
1952,0.0002587025267227242,0.2780343005243057
1953,0.0002607580953432868,0.278770121413539
1954,0.00025951723218895493,0.2777975546441188
1955,0.0002807732244643072,0.27585376492750485
1956,0.0002785550857273241,0.2726539063011432
1957,0.00025902719353325664,0.27600849959018986
1958,0.0002619663369841874,0.27840781202321946
1959,0.00025621680542826654,0.27820002334192395
1960,0.00026769629136348764,0.27584700083512576
1961,0.00026503218493113915,0.2776492077759222
1962,0.0002614861800490568,0.2777803829538892
1963,0.0002567049537901767,0.2763434217627329
1964,0.00025717288178081314,0.2749813514930463
1965,0.000262579209326456,0.2750396923984439
1966,0.0002585707795030127,0.2761392245145395
1967,0.0002654662530403584,0.2768939763187752
1968,0.00026099770911969244,0.27373979299203954
1969,0.0002510135508297632,0.27420219634959137
1970,0.0002600510798705121,0.27591667205029935
1971,0.00025495414738543334,0.27497068061139324
1972,0.0002543271364023288,0.27515235616504186
1973,0.0002568379781829814,0.2733650583370823
1974,0.00026269795295471947,0.2748329313635303
1975,0.00025323855224996806,0.27440981343061777
1976,0.00026209496427327396,0.2727035573759928
1977,0.0002494471802492626,0.2750166862255387
1978,0.0002610919458675198,0.27694054556825354
1979,0.0002618967613670975,0.27764663216249463
1980,0.0002713526017032564,0.2755317148175199
1981,0.00026765668493074674,0.27338726185970225
1982,0.00026318122593996425,0.26993390672148493
1983,0.0002802501063949118,0.274202397803923
1984,0.00025289377469259005,0.27277304422742094
1985,0.000255074433516711,0.2720760600178432
1986,0.0002529057771122704,0.2717200023399895
1987,0.0002631873319235941,0.27418425496754767
1988,0.00025759524820993346,0.2739017486425215
1989,0.0002546895198368778,0.27454031471500706
1990,0.000249926428902351,0.27370614238214075
1991,0.0002456372167216614,0.2743146493377393
1992,0.00024857559183146807,0.2730027621513919
1993,0.0002460394927766174,0.270982242407201
1994,0.0002490340732038021,0.2720013988035464
1995,0.00025726768265788756,0.2708904772523072
1996,0.0002763716445770115,0.27319826785344303
1997,0.000262005904611821,0.2734522306011739
1998,0.000255732744699344,0.27199095948898827
1999,0.00024842673058932027,0.2728936328873997
2000,0.0002561353147029877,0.2716025642952637
2001,0.00024403896920072537,0.2712362193208384
2002,0.0002764785565280666,0.2722784625284635
2003,0.0002452898334013298,0.27260135409928726
2004,0.0002448703404904033,0.2724308835925284
2005,0.00024935559292013447,0.27178478133129447
2006,0.0002454553730785847,0.2699514958375727
2007,0.00024901579211776456,0.26970842125558714
2008,0.00025539696216583254,0.2684217282211441
2009,0.0002496855605083207,0.270450935276955
2010,0.00025474035646766424,0.26925463466333194
2011,0.0002556335248906786,0.2698158305628519
2012,0.00024566688613655667,0.2707709203997071
2013,0.00023787824320606888,0.27179981105857426
2014,0.00023957217345014215,0.2717712700628398
2015,0.0002398754896906515,0.2709446242160834
2016,0.00024384170537814498,0.2693715471698091
2017,0.00024665141633401313,0.27056489818408125
2018,0.00023975062649697065,0.269201273920984
2019,0.0002438509021885693,0.26831152286293386
2020,0.00024252260142626863,0.2688080463013802
2021,0.0002371145858584593,0.2693605986396559
2022,0.00025278766891763854,0.27080513409213625
2023,0.00025042897711197534,0.2722301041810877
2024,0.00024123165349010378,0.26735460233182934
2025,0.00024059052035833398,0.2656810834856802
2026,0.00025511302325564124,0.26613385118108396
2027,0.00025531853995441146,0.2682513336798078
2028,0.0002393094376505663,0.2699284187289314
2029,0.00024330378000740892,0.27132459684433036
2030,0.00026229176631507775,0.27001587081460926
2031,0.00025192594427304963,0.2659569398952071
2032,0.00023945634990620116,0.26574405964888764
2033,0.00023803633618323753,0.26616605249783626
2034,0.00023503694489287834,0.26584911204830947
2035,0.0002342963203166922,0.2667919446915737
2036,0.00023669988731853664,0.26910810719097134
2037,0.00023990727107351024,0.2704196380266146
2038,0.00023782287122836959,0.2679145546107177
2039,0.00024258919099035364,0.2649869524590584
2040,0.00023907312230827908,0.26619999126765376
2041,0.00024042691996631522,0.2668675357061956
2042,0.00024832298513501885,0.2667752252374258
2043,0.000250864385937651,0.26539461127869046
2044,0.00023777791551159074,0.26398203158968986
2045,0.00023747934319544582,0.2658890049811997
2046,0.00023770670328910153,0.2665374158658305
2047,0.0002366592544907083,0.267229461040326
2048,0.00024193560481459522,0.2702654101041674
2049,0.00023917574629498024,0.2681502433853191
2050,0.00022932513384148477,0.2657335566122586
2051,0.00024317448066237072,0.2626664879818975
2052,0.00024237298445465663,0.26166159034929953
2053,0.0002483701799064875,0.26153822902219687
2054,0.000257051121055459,0.2676895380139961
2055,0.00023021612335772564,0.2684136433091167
2056,0.0002452455388265662,0.2680314348122835
2057,0.00023462524792800348,0.26500864627046716
2058,0.00022581252463472386,0.2628054663658752
2059,0.00023143832028533023,0.26209108836197276
2060,0.00023966837713184456,0.2616601972296093
2061,0.0002485256913738946,0.265956086166508
2062,0.00022233711982456346,0.2648936262386933
2063,0.00022870178412025174,0.26265059738577895
2064,0.00024405707372352481,0.2602266369180547
2065,0.00024048617148461442,0.2636352386870231
2066,0.00023638190274747709,0.2644055261690583
2067,0.00024233967415057122,0.26113896263621705
2068,0.00022885122258837026,0.26315001862896986
2069,0.00023154132456208268,0.26439661922597746
2070,0.00023424805064375202,0.26268047903125225
2071,0.00022117691405583174,0.2613918747377108
2072,0.0002352412052763005,0.2614658914332153
2073,0.00022427677661956597,0.2618738069493127
2074,0.00022349312785081566,0.2631898965871735
2075,0.0002314977541876336,0.2628885078848454
2076,0.00023092112775581578,0.2626516822894371
2077,0.0002328399879237016,0.263734682109098
2078,0.00022631525644101202,0.26100496323071204
2079,0.0002251946619556596,0.26078332311402985
2080,0.0002303277375176549,0.26243480754340864
2081,0.00022616790083702655,0.26174422762525534
2082,0.00023027491988614202,0.25962723359705236
2083,0.00022389280202332883,0.2604910829431263
2084,0.0002264394022252721,0.2618740842710331
2085,0.000219988501824749,0.26252032660645
2086,0.00022399817826226353,0.2634544938323442
2087,0.00023853361587195348,0.2604590088444931
2088,0.00022613006294704973,0.2594680357887818
2089,0.00023020859225653112,0.2582496093825726
2090,0.0002359558013267815,0.25851825399770895
2091,0.0002324089650452758,0.26158728302668843
2092,0.00023645048689407606,0.26157942945573326
2093,0.00023767247330397367,0.26047252004486865
2094,0.00022740392790486416,0.2589373949000187
2095,0.00020843948586843908,0.2576205416784039
2096,0.0002364745121061181,0.2580786839710298
2097,0.00023920662933960558,0.2585220840263959
2098,0.0002236091987773155,0.2594376103734674
2099,0.00023146840491487333,0.2580170512596984
2100,0.0002472691451354573,0.2627819203744419
2101,0.00022614903670425217,0.2599064008828405
2102,0.0002266916329972446,0.2574251679817966
2103,0.0002169108580953131,0.2567778813669033
2104,0.00022807137963051598,0.25837759947818184
2105,0.00022431534889619798,0.2591741193134926
2106,0.00023000937653705478,0.2613491522072003
2107,0.0002261626902812471,0.2574488658659509
2108,0.00022324403398670255,0.2547212600386674
2109,0.00022990165549951295,0.25640575806419663
2110,0.00021602149548319478,0.2581710034126296
2111,0.0002169791783671826,0.257780574735973
2112,0.00022278458539706965,0.25602448833779545
2113,0.0002216228347000045,0.255455827691772
2114,0.00021777562797069548,0.2563684322048872
2115,0.00021804196973486493,0.25580620608287075
2116,0.00022527866628176222,0.25676912946996894
2117,0.0002215918949029098,0.25544645346984357
2118,0.00021614419141163427,0.2551515798727105
2119,0.00021959960965129238,0.2564959567072883
2120,0.00021806407554928833,0.258501903665911
2121,0.00022120426098505656,0.25817431216482184
2122,0.00021765246832122404,0.2578520385891591
2123,0.00021657154041652878,0.25389412101031394
2124,0.00021622492155681054,0.2537394400375585
2125,0.00021526912945167472,0.25505537688405366
2126,0.00021435378002934157,0.25435409104527784
2127,0.0002191356848925352,0.2542103835033002
2128,0.00021428565378300846,0.25489980449671285
2129,0.00021169008202074716,0.2558112822810722
2130,0.00021805931076717872,0.2558092009875248
2131,0.00021992638163889449,0.2545160751419458
2132,0.000219992515242969,0.25553667316300394
2133,0.0002140616027948757,0.25542753757854475
2134,0.00022129882127046584,0.2536102351133456
2135,0.00022517566103488206,0.2547907619791552
2136,0.00024464230130737027,0.2571962445658463
2137,0.00020953038862595955,0.255259276631871
2138,0.00020893461575421194,0.2529663012161502
2139,0.0002294620091561228,0.24990005780839258
2140,0.00021091817955796918,0.2534002871688303
2141,0.00022237438921971867,0.25755938766142955
2142,0.00022127436047109466,0.2551880471833181
2143,0.00021954201705132921,0.25167521543539406
2144,0.00022222558327484877,0.25310206395296153
2145,0.00021184265497140587,0.2515700023120258
2146,0.00021711298419783512,0.25200488744848215
2147,0.00021910778693078707,0.25094236313414414
2148,0.00020804032877398034,0.25176034389303353
2149,0.0002112923772074282,0.2534009582275928
2150,0.00022839818751284232,0.2530947535581974
2151,0.00020418887919125458,0.2514194607522273
2152,0.00020341767619053524,0.2507304313336635
2153,0.0002455297973938286,0.24864581089510382
2154,0.00019809203804470598,0.246742209648354
2155,0.0002513274996696661,0.2500871354822963
2156,0.00021763292897958308,0.25280072914207713
2157,0.00024303577956743538,0.2529465028395255
2158,0.00023200081292695056,0.2486108791339075
2159,0.0002120178542099893,0.25053811363864975
2160,0.0002039872022578493,0.24974812035944466
2161,0.00021169487930213413,0.2505498765886091
2162,0.00021696481271646917,0.24893075099204018
2163,0.00020070046108836928,0.2501580434039845
2164,0.00021942762929635744,0.2516787331714703
2165,0.00020509455158996087,0.2490659649129848
2166,0.00020771235867869108,0.24876946183901869
2167,0.00020531180877393732,0.24829931587133316
2168,0.00021313476221015057,0.2508214469182125
2169,0.00020413158733087282,0.24973936613420383
2170,0.00021092638683815798,0.2483369716993201
2171,0.0002012359667181348,0.2480418358232325
2172,0.00021504035297160347,0.24982668558538657
2173,0.0002043415365430216,0.24857992390497474
2174,0.0002211232689054062,0.25036392445071487
2175,0.00019904358002046743,0.24835787036004123
2176,0.00022102211078163237,0.24578268433055073
2177,0.00021297824180995425,0.2494047452880843
2178,0.00022732803675656516,0.2506616306600123
2179,0.000202637198769177,0.24674608623227703
2180,0.00023669762304052712,0.24299056318245435
2181,0.0002320372072669367,0.2484848108496626
2182,0.0002179883827921003,0.2521564218362695
2183,0.00022034463472664356,0.2478328760419237
2184,0.00019890319963451476,0.24447429606592969
2185,0.00021734200417995454,0.24475496829547294
2186,0.00022899499551082652,0.24920036592275688
2187,0.00020480731424565117,0.2474246679407637
2188,0.00019919556652894243,0.2467440884963375
2189,0.00020280706618602077,0.24491470031255083
2190,0.0002022632494724045,0.24631449880285394
2191,0.00021464901122575004,0.24793856970323194
2192,0.00021991906105540694,0.24756699006416297
2193,0.00020724502392113208,0.2440240611894089
2194,0.00019703986666475733,0.24316324383477894
2195,0.00020247684830489258,0.24561190208943004
2196,0.00019205544570771355,0.24800414739078597
2197,0.00020250835029097896,0.2471408670936978
2198,0.00020201864923971395,0.24525019434438636
2199,0.0001974833372514695,0.2433779274157047
2200,0.0002002037042984739,0.24428294168796108
2201,0.00019947840579940626,0.24583381977564062
2202,0.00021265173757759233,0.24486965033612404
2203,0.0002021009975578636,0.2441232035083598
2204,0.00020120825114039082,0.24604846654753937
2205,0.00020196868378358584,0.2439590053229827
2206,0.00019891311142904063,0.24293916100058813
2207,0.000193302272236906,0.2438593530613515
2208,0.00019078134403874476,0.24383396472052088
2209,0.00019601641688495874,0.24358642833547023
2210,0.00019645967598383625,0.24269243853155806
2211,0.00019572835299186409,0.2433215429630588
2212,0.0001958152085232238,0.24246539078021084
2213,0.0001891188381705433,0.24406550266937901
2214,0.00019726357810820143,0.24457884027366664
2215,0.00021666420313219228,0.2438158951372954
2216,0.00021283652167767287,0.2419004950656049
2217,0.00020255338167771698,0.24105291696788186
2218,0.00018623643797279025,0.24224597131234338
2219,0.00019599361112341285,0.2422029290685964
2220,0.00019351214092845718,0.24180185881426983
2221,0.0002027092210482806,0.24314837053701369
2222,0.0001952452352270484,0.24252960757946063
2223,0.0001925403717905283,0.24148778051508274
2224,0.00019676588320483764,0.23976755833895932
2225,0.00019643276270168522,0.2382448365345423
2226,0.00021065466571599246,0.24281566288888629
2227,0.0001999667768056194,0.2414642649740852
2228,0.00018919737194664777,0.24199881582188676
2229,0.0001918156660394743,0.2391691524344796
2230,0.00018765494945303848,0.23672181784790772
2231,0.0002218002938510229,0.2380409322962252
2232,0.0001884201425127685,0.24163813713927104
2233,0.00018937458323004346,0.24271551021293067
2234,0.0002054127612306426,0.23817342596553398
2235,0.00019668461851930866,0.23870539028273777
2236,0.0002005554687154169,0.23982125611387586
2237,0.00019311968935653567,0.2391561438351303
2238,0.0002009121022031953,0.23759100040181252
2239,0.00020831588287061701,0.24035535125628288
2240,0.00019676403123109292,0.23767604835178943
2241,0.00019125579371272275,0.23754574780281612
2242,0.00019122124067507684,0.23814435217976135
2243,0.00018845636999079336,0.24017343286708084
2244,0.00018701577015842001,0.24085437012999728
2245,0.00019359379657544196,0.24011655005065408
2246,0.00019036503557193403,0.2383979855633575
2247,0.0001870023076965784,0.23675029967742706
2248,0.0001913164237824579,0.2338232338885989
2249,0.0001965040787278364,0.23538064097778666
2250,0.00019510025158524512,0.24110390369273854
2251,0.00019513783336151392,0.24004253270431308
2252,0.00018499853322282434,0.23711817934346652
2253,0.00020094335777685047,0.2339991615644019
2254,0.00019064438723338147,0.2353494985121689
2255,0.00020731580734718592,0.2400527989916634
2256,0.00020036872010678052,0.24004858072672847
2257,0.00018813256950428087,0.23468582969354956
2258,0.0001968499719320486,0.23425307631906536
2259,0.00019746922965471942,0.2360222807905653
2260,0.0001972517503115038,0.23389116082100841
2261,0.00019618853887853522,0.23805789744797332
2262,0.0001843154391584297,0.23789507090468068
2263,0.0001862312628266712,0.23339653448392336
2264,0.00018925654779498776,0.23273760569145718
2265,0.0001936362765263766,0.23228985512607367
2266,0.0001936736109200865,0.23771356601725546
2267,0.0001933289342559874,0.2377764747467175
2268,0.00020711422354603807,0.23341741893244417
2269,0.00018753803063494465,0.23629540444640387
2270,0.00018353725123840074,0.2343201996426354
2271,0.0001817844866309315,0.23402788133050004
2272,0.00018870042210134368,0.23189111194731285
2273,0.00018509348155930637,0.23355751613710532
2274,0.0001858383873089527,0.23749617644591114
2275,0.0001893863295360158,0.23647910044174533
2276,0.00019993041642010211,0.2336370177534327
2277,0.00017327856815730532,0.23138047538545223
2278,0.00017857974065312496,0.23126658099316802
2279,0.0002151814609533176,0.23089729589056115
2280,0.00017345394589938224,0.23241306890935054
2281,0.00020694741785215836,0.23776096455230003
2282,0.00019294099183753133,0.2378193065306248
2283,0.0002045535094415148,0.23197432554038297
2284,0.00018918896287990113,0.22680864598580272
2285,0.00021278338196376959,0.23089511977367058
2286,0.00019520906692681214,0.23488190070295717
2287,0.00020042386992524068,0.23581765326589607
2288,0.00018458343207991372,0.23260757438184923
2289,0.00018667266122065484,0.22802429700716895
2290,0.0001890377044522514,0.22989766678789206
2291,0.00018170944968005643,0.2319236110285883
2292,0.00018664230592548847,0.23436617964541007
2293,0.0001838220962478469,0.23250028932445319
2294,0.00017892200654993454,0.22978920411122472
2295,0.00017461163418677945,0.22837507892508954
2296,0.00019383003818802537,0.22801167342528614
2297,0.0001829751223946611,0.23135174618630905
2298,0.00020709154293096314,0.2350059628911447
2299,0.00017920151197661955,0.23228069085747613
2300,0.00018369617076435436,0.22514513402915837
2301,0.00021073958293224375,0.224013635943159
2302,0.00018610515010853608,0.2303679178833787
2303,0.00020992387920462836,0.23608658441522143
2304,0.00020342175315211838,0.23244725395952576
2305,0.0001885078187721471,0.2259755401452731
2306,0.00020142465752239028,0.22604906667917096
2307,0.00020157827530056238,0.23050104846840191
2308,0.00018331556348130106,0.23096329205783836
2309,0.0001776688489674901,0.22855529049683732
2310,0.00018081740903047223,0.22926406514400627
2311,0.00018583259855707487,0.2271326515300755
2312,0.00018240008309173089,0.2281531112170533
2313,0.00017795429836648207,0.2286984965161622
2314,0.0001744653806478406,0.22664506210025118
2315,0.00019593661224159102,0.2262765945109664
2316,0.00017777075408957898,0.22817353384667322
2317,0.000180403267343839,0.22851099420818147
2318,0.0001949012279510498,0.2279384212448583
2319,0.00016923715205242236,0.2254074455854314
2320,0.0001860528844796742,0.22653837292863613
2321,0.00018030460826897374,0.22525816317103062
2322,0.00017464821285102517,0.22712857638926884
2323,0.0001775653717534927,0.226796641815127
2324,0.00017993094127935667,0.22649332312921508
2325,0.00018439174940188726,0.2238316308837711
2326,0.00017766054758491616,0.22702039538049384
2327,0.00017677067662589253,0.22765236306521627
2328,0.0001762345510845383,0.22742916069576266
2329,0.0001757816004101187,0.2271210220070523
2330,0.00017852218782839677,0.22642925091371027
2331,0.0001860840634132425,0.22430824317386625
2332,0.00018926840760589888,0.22239529489599474
2333,0.0001953752488285924,0.22506444374567758
2334,0.00017396978413065274,0.2282232521918782
2335,0.00018259449861943722,0.22615945366979168
2336,0.00017246279943113527,0.22522690746257876
2337,0.00018257885240018367,0.22443808098895507
2338,0.00019531816651578992,0.22154119644553688
2339,0.00018838483568591377,0.22097222248843887
2340,0.00016712004338235905,0.2257443350788794
2341,0.00018159345490857958,0.22789865301388224
2342,0.00018822329972560206,0.22750146353715345
2343,0.00017263677242832878,0.22147451765965998
2344,0.00017193780998544148,0.22040240684992563
2345,0.00017405895632691682,0.22088311448126857
2346,0.00017477369741148626,0.22555409635455287
2347,0.00017468008251550298,0.22557363228883312
2348,0.00017496110134137174,0.22164819684772813
2349,0.00018214036826975645,0.22069771805157265
2350,0.00017653665466544529,0.22304456298680683
2351,0.00016943214577622712,0.2233758955997856
2352,0.0001679666107520461,0.22094746601729714
2353,0.00017456209655695906,0.2194641788942162
2354,0.00017472472100052983,0.22190834805696158
2355,0.0001823921358057608,0.22246187316438956
2356,0.00016895139997359366,0.2212972529613745
2357,0.0001892288370678822,0.220020679032637
2358,0.00016913736665931842,0.21944626131536146
2359,0.00018730809194191048,0.2197948007228953
2360,0.00017342741484753786,0.22216554848226713
2361,0.00016859854513313622,0.21956390024255418
2362,0.000166868000330093,0.21876093869952604
2363,0.00017815362468051414,0.21971333188642012
2364,0.0001693666340239967,0.2200031154053776
2365,0.00017734668120586623,0.2217893351130841
2366,0.00018841279088519514,0.21704890948791078
2367,0.00017180042923428118,0.21941287545977453
2368,0.0001758016839933892,0.222065145166166
2369,0.0001709539802201713,0.21959456362984855
2370,0.00017831477841051918,0.21784015866922357
2371,0.0001898172621925672,0.22243708692360342
2372,0.00018986617700041583,0.21956003210589028
2373,0.00016169331987233213,0.21704061558655305
2374,0.00017619657980200525,0.21744036459369442
2375,0.0001630964126282682,0.21682689099828575
2376,0.0001841953315306455,0.21919534561817933
2377,0.00018992499099113047,0.22144295361807995
2378,0.00018782298429869114,0.21697978496181164
2379,0.0001703865670909484,0.21776287463542662
2380,0.00019080071263791372,0.21701895797962856
2381,0.00016367349890060722,0.2195779255792847
2382,0.0001647474278191415,0.2174057419199431
2383,0.00016484198616429542,0.21383583607228354
2384,0.0001748289456979061,0.2136289781471442
2385,0.0001801875002759819,0.21472301846097785
2386,0.0001697098419147854,0.21874118926907665
2387,0.0001778997442064186,0.22038433253656178
2388,0.0001690858732520913,0.21593460592043678
2389,0.00019402716037196418,0.21135687930454986
2390,0.00017186865637389321,0.21391910144634413
2391,0.00019004901987500488,0.22002816094052896
2392,0.0001829191770715018,0.21843647277146055
2393,0.00016509022874136765,0.21405460970334664
2394,0.00017834629979915917,0.21293723949759502
2395,0.00017038955265888945,0.21627321253307383
2396,0.00018271192675456405,0.21732475155452538
2397,0.00017632961583634218,0.21427491893828438
2398,0.00017580934218131006,0.21066276666474099
2399,0.0001984997681574896,0.21532006125505032
2400,0.0001693289552349597,0.2160621005115889
2401,0.00018758452594435464,0.21575574843724918
2402,0.00015564807351135337,0.2146942048872772
2403,0.00018258168711327016,0.21405156441468592
2404,0.0001671757772176837,0.21430786117388492
2405,0.00016074729695295293,0.21280829422175884
2406,0.00018151927118500075,0.21376620936724874
2407,0.00019667845335789025,0.21715358913772637
2408,0.00015501472322891155,0.21024236205573144
2409,0.00017560702399350704,0.20850999657151817
2410,0.00016645167003540942,0.21263418928856215
2411,0.0001564864127431065,0.21466389784251738
2412,0.000184093473944813,0.2143448178454885
2413,0.00016631929126257697,0.2134093022278962
2414,0.00016209259435224038,0.21204078153363967
2415,0.000164496523696774,0.210009726804643
2416,0.00016817781142890452,0.21109201116977552
2417,0.0001579475589096546,0.212036735645076
2418,0.0001637596539997806,0.21247573023150015
2419,0.00016891582927200944,0.21052888531390337
2420,0.0001691050478257239,0.20782521680781715
2421,0.00016639518629138668,0.212094877862878
2422,0.00015917520213406532,0.21482486681391796
2423,0.00018056085973512382,0.21187784026611095
2424,0.00016681971804549295,0.21095922552267013
2425,0.00015532719359422724,0.20962973549003489
2426,0.00015711621769393485,0.2104980414951144
2427,0.0001581924613371181,0.2082808475059114
2428,0.00015537282451987265,0.20910213306023365
2429,0.00016024533348778884,0.21039748784938925
2430,0.00015550243842881172,0.20869240518223647
2431,0.00015835571490849059,0.20984087096342044
2432,0.0001653018407523632,0.20776042854685706
2433,0.00016188403824344278,0.2073092028901678
2434,0.0001684356063681965,0.21269100968186794
2435,0.00019356557556117574,0.20936840765003922
2436,0.00019353324605617673,0.20862348322696678
2437,0.00019239538038770358,0.21077009886285367
2438,0.00018623141028607885,0.2072064805318389
2439,0.0001627855342424785,0.20657919828741872
2440,0.0001835359842516482,0.2090791268437578
2441,0.00016460600891150535,0.2092624041496923
2442,0.0001574622539919801,0.20730233926609246
2443,0.0001683655932235221,0.2084054038614819
2444,0.00015211464973011364,0.2077362998361476
2445,0.0001563066286810984,0.2049562869408326
2446,0.0001587432052474469,0.20530294510944372
2447,0.00014207628895140562,0.20930274920701458
2448,0.00016077247079617033,0.21055194512772107
2449,0.0001557342300657183,0.2056437423452735
2450,0.00016433798785631855,0.2031133110411683
2451,0.0001688277911550055,0.20794598328505168
2452,0.0001483028531462575,0.2077141354263526
2453,0.00015973424694190423,0.20614583823524896
2454,0.0001523525492909054,0.2040878466401271
2455,0.0001557095480772356,0.20469865610289295
2456,0.0001480043555299441,0.20542615766457298
2457,0.00015802948619239032,0.20698340900503753
2458,0.0001534896039326365,0.20639201949149022
2459,0.00015772820042911918,0.20333410334386673
2460,0.00016104849443460505,0.20387147799983882
2461,0.00015250335806437458,0.2067950029383626
2462,0.0001697475090622902,0.20672525195350425
2463,0.00016388970737655958,0.2033285322865983
2464,0.00017017785382146636,0.20367587993890918
2465,0.0001655515719903633,0.20231920414827545
2466,0.00017230784675727288,0.20396410572010348
2467,0.0001425592345185578,0.2027969737401047
2468,0.00016799534496385603,0.2034902452594704
2469,0.000170235752981777,0.20381983461631845
2470,0.00014956230685735742,0.20345327740110325
2471,0.00016961947452121725,0.20529611840604517
2472,0.00016666008353543777,0.2031670661142085
2473,0.00016013698380750913,0.20237775481910558
2474,0.0001530808634318722,0.20288228722866516
2475,0.0001607103991166999,0.20169752301397728
2476,0.00015614855219610037,0.1998160915089804
2477,0.00016449630396285405,0.20241742991237788
2478,0.00016262591234408318,0.20361157618898745
2479,0.00016151800227817147,0.20082085565473254
2480,0.00015589008301806947,0.20228108316551
2481,0.00016000977096458275,0.2001712588233906
2482,0.0001559433313862731,0.20330385709649812
2483,0.00014889349113218487,0.2028028761303564
2484,0.00015288253392403323,0.20036980523918455
2485,0.00015490333704898756,0.19867939348958913
2486,0.0001474243220097075,0.19961756484158205
2487,0.00014244713723504294,0.20206570063788465
2488,0.00016254111445353678,0.20094291421405056
2489,0.00014350992472221454,0.19813019320455907
2490,0.00015502926350260775,0.20200876434121215
2491,0.00016915190499275923,0.19974493562129506
2492,0.00014039982537118097,0.19790565990434403
2493,0.00015290686181591203,0.19936325956048848
2494,0.00015482710247548918,0.2011196005991415
2495,0.00016022748701895276,0.1999348555065212
2496,0.00014697124133817853,0.19914475366015705
2497,0.00015133977867662907,0.19975792901993494
2498,0.0001498642954781341,0.19580479875773366
2499,0.00015926245250739158,0.19770982028774872
2500,0.00014768900776592395,0.19952440136030578
2501,0.00015704111816982428,0.20076745758323292
2502,0.0001509904575262529,0.19640590603414335
2503,0.00014490901376120746,0.1963312127981444
2504,0.00017016551573760806,0.19599660863958254
2505,0.00014081190262610715,0.19898903744066493
2506,0.00021325597966400286,0.20008044565717378
2507,0.00018844919783684116,0.19471809684642052
2508,0.0002180299440321202,0.19236176477864994
2509,0.00021555452258326113,0.20159806806201996
2510,0.0001784014942434927,0.20146036741176718
2511,0.0001978976632623623,0.19331375750228327
2512,0.00018622777109461214,0.19450598292335955
2513,0.00016236796121423444,0.19870518908797824
2514,0.0001699000383572032,0.19752351800252121
2515,0.00016399654753816625,0.19440341017573898
2516,0.00014036013065682102,0.19879267198082648
2517,0.00015643447598752877,0.1981409975322105
2518,0.0001504345777599762,0.19550224681172454
2519,0.00014705684734508395,0.19536473327016796
2520,0.00014775689924135805,0.1990126735961054
2521,0.00015563679141147684,0.1950926384752431
2522,0.00016166617764004816,0.1942124714236162
2523,0.00015868683500836294,0.19579596324600498
2524,0.0001432798996878167,0.19430353124871066
2525,0.00014871749056813617,0.1913849947679984
2526,0.00015273704387558002,0.19574228366455662
2527,0.00015051744121592493,0.19243411641371877
2528,0.0001467664473845313,0.19479265831933731
2529,0.00014090928210256,0.19307804016167657
2530,0.00014301426126621662,0.19335895625885294
2531,0.00015490411897189915,0.1920521647304471
2532,0.00014716869433565685,0.19232513290443268
2533,0.00013773277266106257,0.19632527952719675
2534,0.00015441678018153956,0.19641393672522398
2535,0.00014482887539391716,0.1906270466320086
2536,0.00019694775498161712,0.18882991463948062
2537,0.00015201266990819324,0.19733345293990004
2538,0.00016243654245045035,0.19646296590261642
2539,0.00014759329496882856,0.19182094782373013
2540,0.0001532456837594509,0.18945338480632035
2541,0.00016833407571539282,0.1924421656441096
2542,0.00013334221051385006,0.19240046595359406
2543,0.00017316931286283458,0.18931584253536854
2544,0.00016085566700591397,0.19116626215325286
2545,0.00015991038623421142,0.19083066659364087
2546,0.00014022567387049397,0.19144339291977952
2547,0.00014820182404946537,0.19009926366178612
2548,0.00015866644098423422,0.19228627915597624
2549,0.00015489202341996134,0.1931794227825271
2550,0.00015086940547917038,0.18936464945344547
2551,0.00013635409122798593,0.18994303939221371
2552,0.00013789597530073177,0.1908970739616201
2553,0.00013776919125424076,0.19144466037355495
2554,0.00013856449901747208,0.1897735209558268
2555,0.00013851552891234556,0.18620121724119312
2556,0.00013829991997530062,0.1886933117734584
2557,0.00013988021722373864,0.19096961105514687
2558,0.00013681009877473116,0.18815754246162741
2559,0.000161200276731203,0.18729642266679924
2560,0.0001679154336064433,0.19479241077815407
2561,0.00014610650444713731,0.18779879500163577
2562,0.0001604471734026447,0.18360863759983004
2563,0.00013302897714311256,0.19232736471822562
2564,0.00015676530310884118,0.19133988388797693
2565,0.00014029351489928862,0.1870764353971558
2566,0.00014243331970646976,0.1846688133855051
2567,0.00014780192286707462,0.18751776225494537
2568,0.0001340794410983411,0.18685654966890464
2569,0.00014884947401393826,0.18739374620262642
2570,0.00015755708057743807,0.19040956881921195
2571,0.00015560588605391482,0.18154998740170433
2572,0.00015664814466920992,0.18559926925826142
2573,0.00012727989475630846,0.1905140353704405
2574,0.00016529593461503584,0.18996849613623662
2575,0.0001531390492649128,0.18154825236408684
2576,0.00015191430575214326,0.18656415809272675
2577,0.00015790273707049589,0.18950079298681682
2578,0.00013002930500078947,0.1848378893619741
2579,0.0001745838128651182,0.18007770993294772
2580,0.00015431954476904746,0.19057558113109996
2581,0.00015939190343488007,0.19047772392020587
2582,0.00016649528018509348,0.1810139627005273
2583,0.00014240168772327403,0.1824824861550366
2584,0.00012309639326607186,0.1884134734997101
2585,0.00015894003639308114,0.18824153544370367
2586,0.000137402083297881,0.18405681965622114
2587,0.00015936449247722824,0.1830834739335012
2588,0.00013826156306701403,0.18378464819329698
2589,0.00021028188590814048,0.18758337104921802
2590,0.0001545143832724231,0.18350289953186324
2591,0.00015334900041731695,0.17899298273048728
2592,0.00020624995716692258,0.1892421257012246
2593,0.00017424330775005122,0.18712674012701763
2594,0.00017360386652095865,0.17413054727976435
2595,0.0001885286745770524,0.18105692567837517
2596,0.00017065070181464156,0.18969846283200018
2597,0.00014861456002108754,0.18092661137469332
2598,0.00013731846896310648,0.17845656130767878
2599,0.00015200153284240515,0.1827463359566547
2600,0.00012934279948240146,0.18285794352448126
2601,0.00015199369615099084,0.18346464204226146
2602,0.000131328899684983,0.180703204735155
2603,0.00013551796534253904,0.18012577842659594
2604,0.00013153815525583922,0.1814929834343711
2605,0.0001394617846623684,0.18217739914353306
2606,0.00016374203357069443,0.1818867574407779
2607,0.0001538800560714056,0.17978341794131616
2608,0.0001890030165668577,0.177474989092838
2609,0.00015602948745557416,0.18374094078371747
2610,0.00017156633160387476,0.18143119597644136
2611,0.00013969839055789636,0.1753666820821532
2612,0.00017438753663251799,0.18048242984982263
2613,0.00014412890886887907,0.18543686258622952
2614,0.00014402277301996946,0.18030941880672996
2615,0.00014109835998776059,0.17633522846545394
2616,0.00013719493290409446,0.17985615969706348
2617,0.00012507275290166338,0.18342711496553574
2618,0.00013639587074673425,0.18048448887876947
2619,0.00017606877372600138,0.17482791973920594
2620,0.00013575426613291104,0.18391516273677871
2621,0.00015155281483506162,0.18184046971214096
2622,0.00013337687511617938,0.17542235099040626
2623,0.00014470165381984165,0.17524928985196248
2624,0.00014685186906717717,0.183468364271722
2625,0.00014450216161397597,0.17763875058323841
2626,0.0001265239562295998,0.17547812323734077
2627,0.00014898134007429082,0.17574190046660035
2628,0.00016101666648561755,0.18144631030702452
2629,0.0001409578539702731,0.17465271564385695
2630,0.00014158247601396093,0.17372008559038069
2631,0.0001251618096527333,0.1775051900321803
2632,0.00013405042506443957,0.181778799540946
2633,0.0001538581942440942,0.17851620788375536
2634,0.00015049911259363096,0.17343833781125254
2635,0.00012657648088255276,0.17893690398039178
2636,0.00015251212947381038,0.177242354342812
2637,0.00014559240128922586,0.17371624285540385
2638,0.0001235204113375706,0.1770287000612296
2639,0.00013804086872066062,0.1784901980103718
2640,0.0001242894756918152,0.17450256787828708
2641,0.00013632301124744117,0.1749262310433806
2642,0.00012605711041639248,0.17324171283374928
2643,0.00011611728211088726,0.1754937375302029
2644,0.00013170737074688076,0.17666687336559708
2645,0.0001329456785848985,0.17282827343377802
2646,0.00012904531419432412,0.1769436364993453
2647,0.00014442580480438966,0.17645641854196265
2648,0.00012475833257970711,0.17210768693676817
2649,0.0001390113243057082,0.16870486723771047
2650,0.00016156541047773014,0.17336126395680926
2651,0.00013820452829046796,0.17895962229292645
2652,0.00014146776132596036,0.17431503043602609
2653,0.0001316747220698744,0.1692422860961037
2654,0.00012976619667218376,0.17339919244445728
2655,0.000127296169133236,0.178035886555213
2656,0.00013011642537700632,0.17320515705566658
2657,0.0001293923589400947,0.17149432052515054
2658,0.00012513625163895387,0.17211662164252056
2659,0.0001281920088028225,0.17327247180959635
2660,0.00011877766616332034,0.17330049078541193
2661,0.00012242744996910916,0.17343127058154484
2662,0.0001282595854718238,0.17304486111460024
2663,0.000135009197886878,0.16992176380226312
2664,0.0001243920797908989,0.17394437871285176
2665,0.00013650698335065196,0.17481534363843546
2666,0.00011851876430834333,0.16987387260302292
2667,0.0001366348849842325,0.17030065661372498
2668,0.00013122404052410275,0.172044248990061
2669,0.00012499133784634373,0.17021994482268366
2670,0.0001312152637789647,0.17290071750397396
2671,0.00013217336187760036,0.17005538086989644
2672,0.00013989569270052017,0.17076219106909998
2673,0.00012641203550932308,0.17154412842437364
2674,0.00015505887276958674,0.16924811750432553
2675,0.00012806685117539018,0.1692777492585238
2676,0.00014473871948818365,0.16896823752802193
2677,0.00013700641381243864,0.17322001656332212
2678,0.00014135709304052095,0.17355665134276912
2679,0.0001429662147226433,0.16241623458523324
2680,0.0001895333572368448,0.16893409701794038
2681,0.00013567688001785426,0.17720267523014754
2682,0.00016549036178427438,0.16592527046930372
2683,0.00015713123915096124,0.1644582737465961
2684,0.0001614239978759239,0.17267072733970937
2685,0.00013666199035166453,0.16985868575454455
2686,0.00016676454300371308,0.16811837266847404
2687,0.00015542140075316033,0.1695561879178324
2688,0.00012398784747347236,0.16865777350657168
2689,0.0001368829519681943,0.16975255969541464
2690,0.0001345921967489024,0.16546879700052808
2691,0.00016691173853663108,0.16775903228278222
2692,0.00012015798905243477,0.17346161160596282
2693,0.00017439308042715613,0.16750542336955057
2694,0.00013791350938845425,0.1667131973179983
2695,0.00013011633418500424,0.16912671995528958
2696,0.00012260929361218587,0.1637719160392445
2697,0.00012999915779801085,0.16615543699665378
2698,0.00014655576281559965,0.16889480595634868
2699,0.00013573900893485794,0.16171498042776397
2700,0.00012982574068397905,0.16738325074772564
2701,0.00012965498899575323,0.16862279739318012
2702,0.00013882302252265314,0.1665833838044377
2703,0.00012121198524255306,0.1620745486062434
2704,0.00014909231322235428,0.16575045002439218
2705,0.0001271455587508778,0.16954492552107886
2706,0.00012888640873522187,0.16434106239994542
2707,0.00013524172730588663,0.16277616497739192
2708,0.0001315919585370769,0.16588892070957792
2709,0.00012896874201639245,0.16520395601571303
2710,0.00011762601789087058,0.1654075455868192
2711,0.0001285264443140477,0.1651573958071439
2712,0.00013201205389729392,0.1637271468838056
2713,0.00012415384699124843,0.1659529329936581
2714,0.00012298644287511706,0.1639892603624721
2715,0.00011909476209742328,0.16470331036926886
2716,0.00012349306925898417,0.16545012336747164
2717,0.00012645398383028805,0.16270752053991047
2718,0.00011471656810802718,0.1648448059466063
2719,0.00013456903689075262,0.1646325345211036
2720,0.000111914566756847,0.1622625448201832
2721,0.0001353634215774946,0.16062539677021273
2722,0.0001333894028599995,0.16557661289272949
2723,0.00013239910961904873,0.16510693953312627
2724,0.00011176645202795043,0.15863800811859077
2725,0.0001233530706182743,0.1614820948034002
2726,0.00011533026214844237,0.1639194883057597
2727,0.00012708627279304588,0.1636541911144877
2728,0.00014569190486023824,0.16120287960623964
2729,0.00016662188184758027,0.16359250016009425
2730,0.00012026912299916148,0.15941578003289233
2731,0.00015560151708389944,0.1670963934606366
2732,0.00015248797523478668,0.15904480108871447
2733,0.00013833892395875106,0.158948051095096
2734,0.0001386631610027204,0.16505165195517374
2735,0.00013042594849442443,0.15907890580006337
2736,0.000137324173313876,0.1597009147599078
2737,0.00010866993785991023,0.1645076707256032
2738,0.00012850058216524,0.1634707012763846
2739,0.00011150338784015427,0.15913736940040227
2740,0.00011970851240524401,0.15702974604584322
2741,0.00012322620314080267,0.1618977547704912
2742,0.00011576712277019396,0.16081707348927246
2743,0.00013830224537135413,0.15770411250121585
2744,0.0001467896761217465,0.15949839025692283
2745,0.00011471034570907553,0.15820202650230009
2746,0.00012583110874402336,0.16183927949321897
2747,0.00012524965131888166,0.15800482047754422
2748,0.00012064685094325493,0.16025697317366538
2749,0.00011056873433214302,0.15796805331646874
2750,0.00013086488955498982,0.15677943691742002
2751,0.00014587517362087964,0.16309376264110817
2752,0.00010991728049702942,0.15666424314769214
2753,0.00011898600205313414,0.15513245962364108
2754,0.0001212626346386969,0.15851525313694748
2755,0.00012809292723735174,0.16127079805326566
2756,0.0001206474524224177,0.15446848525224546
2757,0.00014432527144284297,0.15528768681164024
2758,0.00011543425789568573,0.15821357819180915
2759,0.00011658237102286269,0.16097731492890602
2760,0.00014409493596758693,0.15451004505919957
2761,0.00013805731238486867,0.15909256849285455
2762,0.00013378808313670257,0.16058051898770515
2763,0.00011145391520888855,0.15415480391432843
2764,0.0001224454172188416,0.15598510645264596
2765,0.00011713273755352324,0.1596434146318345
2766,0.00011573283360727752,0.15625992778971878
2767,0.00012990113464184105,0.15470655917119214
2768,0.00012005073949694633,0.15658495276186027
2769,0.00010890044795814901,0.15586149748087974
2770,0.00014929135407631595,0.16029618295421552
2771,0.00012117526202928274,0.15040579233972126
2772,0.0001655752615382274,0.15105979908148795
2773,0.00014915860762509207,0.16385979995632555
2774,0.00014126580014514427,0.15201131594830264
2775,0.00012873661859581867,0.149927303973825
2776,0.00012043579772580415,0.15622373280382296
2777,0.00011527853979108235,0.1576665330307874
2778,0.00013178310279423993,0.1523320858818833
2779,0.00011415873595979064,0.15651348443995966
2780,0.00011308506849066665,0.15473454576857082
2781,0.00011749899907348057,0.15253713144784609
2782,0.00011127035249955953,0.15623395077949553
2783,0.00011792133348838736,0.15618632336239718
2784,0.00011150355470211556,0.1548945480325853
2785,0.00011109248346959551,0.15154213357542518
2786,0.00012509831479595352,0.15268752776761677
2787,0.00011738481553038582,0.1538688933683766
2788,0.00011760653530169899,0.15314866192856727
2789,0.0001255401507175217,0.15366783460373418
2790,0.00011244687193538994,0.15257765415358787
2791,0.0001068424452872326,0.1520098156203129
2792,0.00011024805523144703,0.1524574780531707
2793,0.00011674334042860816,0.1521307659166598
2794,0.00011231659057860573,0.15380450541818003
2795,0.00011530864236798758,0.15124264047944058
2796,0.00010900330380536616,0.15084851390480647
2797,0.00011133919470012188,0.15095029792024028
2798,0.00012453748010254155,0.15317465883423712
2799,0.00010963822132907808,0.15150834724568485
2800,0.00014409751165658235,0.14888596510220514
2801,0.00013135296079174925,0.15474826741789344
2802,0.00014945072228632247,0.14743266431124588
2803,0.00013142040212793898,0.1489700376769604
2804,0.00011269152940561374,0.1534020630152602
2805,0.0001165722613222897,0.14747203980730464
2806,0.00011165803977443526,0.15230694166466333
2807,0.00011800301920933028,0.15157709928087845
2808,0.0001081888311697791,0.1467222188604854
2809,0.00011228249059058726,0.1503565690224195
2810,0.00011076546700981756,0.1543086405015654
2811,0.00012816123344236985,0.14819536366832187
2812,0.0001306036642442147,0.1469835752719327
2813,8.577394983149134e-05,0.15391514143138602
2814,0.00012527082096009206,0.15156430059401263
2815,0.0001198120890573288,0.14497739612533336
2816,0.00011285236299348374,0.15146650942532638
2817,0.00011573219283794363,0.15110144961342128
2818,0.00010673399277341863,0.14698853684665517
2819,0.00010988832073053346,0.14721509910117814
2820,0.00010591565514914692,0.1493044121855358
2821,0.00010931793755541245,0.14861982803769977
2822,0.00010418981352510552,0.14667635713840088
2823,0.00010321308024382839,0.14772939933627321
2824,0.00010249990446027368,0.14855946973510828
2825,0.00010619211291971927,0.14761028938779705
2826,0.00010879851567248503,0.14673483159327716
2827,0.00010221929793866973,0.14811575811421662
2828,9.99046751530841e-05,0.14745561293821935
2829,0.00012296462373342364,0.14643830073485423
2830,0.00013128690770827233,0.14861019507965498
2831,9.746297437231987e-05,0.14796505079261565
2832,0.00010471893474459649,0.14682667142553638
2833,0.00012500891267942885,0.14308622665703297
2834,0.00019420900498516857,0.15162569507738652
2835,0.0001569743772658209,0.13814241185305062
2836,0.0002107644473047306,0.13994316076478588
2837,0.00022481314178245763,0.15548339708877063
2838,0.00015992746339179575,0.14046583610058527
2839,0.00013711290472807983,0.14503821807951606
2840,0.00010865928537289923,0.14700497497330633
2841,0.00010155188792850822,0.14459322503501038
2842,0.0001158911186697272,0.14451174647138829
2843,0.0001065395893723083,0.14661289714494644
2844,0.00010414602196154496,0.14520253066234945
2845,0.00010060438653454184,0.1450923188257287
2846,9.927107506276418e-05,0.1449552249457491
2847,0.0001405604959776004,0.14435602039948367
2848,0.00011190072885559251,0.13919643601348178
2849,0.00014840020157862454,0.14376674255367086
2850,0.00014270768345644078,0.1493943619939406
2851,0.00010883339952367047,0.14062340668680376
2852,0.00012662207591347397,0.1410528123051974
2853,0.00013032840312613794,0.14381264069536973
2854,0.0001262911702118193,0.14595189340935463
2855,0.00014018456859048455,0.14508552953317674
2856,9.425121097592637e-05,0.13976498072346052
2857,0.00011224450815158585,0.14432881632547456
2858,0.00010941366199404001,0.1441413007338929
2859,0.0001137611330098783,0.13992341238003203
2860,0.00013582809673001368,0.14117656875815657
2861,0.0001349834550637752,0.14766660274948643
2862,0.00017147028217247376,0.14243677885364198
2863,0.00018778423157831032,0.13378033342591503
2864,0.0001290547535366689,0.14659499504456394
2865,0.0001335641029678906,0.14283116219009748
2866,0.00010277005300546686,0.13851150219486644
2867,0.0001222689626350378,0.14146158814822374
2868,0.00010266284322521338,0.1426637004843058
2869,0.0001169660419691354,0.13944745106263118
2870,0.00014245217898860573,0.14190186703937097
2871,0.00016313569891887407,0.13837871331808685
2872,0.0001521267966988186,0.13945381138582677
2873,0.0001416072550152118,0.14123560801932686
2874,9.958712519922605e-05,0.14157271421138654
2875,0.0001248672119497011,0.13748666636471513
2876,0.00015400251140818,0.14067370629166825
2877,0.00013639477935309212,0.13921401590893143
2878,0.00012956105056218802,0.14104828095793376
2879,0.00010640226246323436,0.13822182318010526
2880,0.0001271517986121277,0.14047015951238354
2881,0.0001130147148311759,0.13732698303783497
2882,0.00014550273481290789,0.13529867347199143
2883,0.00017638540690920006,0.145902424615029
2884,0.00023370733445820708,0.13965146556191627
2885,0.00031225241449040674,0.132171969479549
2886,0.0001824145515759786,0.1423808752847781
2887,0.00017186780799723542,0.1383947154605075
2888,0.0001990639342693612,0.13895533441930835
2889,0.000262339105635571,0.1363710412287224
2890,0.00014122991463712728,0.14041045735105437
2891,0.00016047449316829442,0.1358781028103236
2892,0.0001548229008524989,0.13762138995794002
2893,0.00011568481519740696,0.14042321434625757
2894,0.00010969695964983354,0.136502443540471
2895,0.00011019067217906316,0.1379267306813197
2896,0.00012579820080039402,0.13325739709104886
2897,0.00010217523861986896,0.14512597487378887
2898,0.00016470464712862545,0.13603920460684082
2899,0.00014134218314817797,0.1318154315142865
2900,8.963075379142538e-05,0.14178270252410605
2901,0.00012699419166892767,0.13820492989813898
2902,0.0001259714694848905,0.13194901124732186
2903,0.00010836996661964804,0.14063410192444833
2904,0.0001511308616803338,0.13405688107558336
2905,0.00010817739870011186,0.1335278069110293
2906,0.00013232689428453644,0.13566845672869543
2907,0.00010629064927343279,0.14211761796770736
2908,0.00015418006272132818,0.13540671363320442
2909,0.0001131705716640378,0.13072721610030932
2910,9.908776943727086e-05,0.13828156444064357
2911,0.00012113558817266797,0.1353596775296923
2912,0.00010493724548723548,0.13296700468864184
2913,0.00010768108865401397,0.13689288774734004
2914,9.197466812717418e-05,0.1322148505227956
2915,9.798298318249483e-05,0.13333924742121445
2916,0.00011483698035590351,0.13618856600393153
2917,0.00010848726572779318,0.12931013757047075
2918,0.00013614351337309927,0.13697241175897987
2919,9.467947626641641e-05,0.1330226992708985
2920,0.00010166852249919127,0.13111079726041408
2921,0.0001119353206983457,0.13450451856424586
2922,0.00011802373046521097,0.1324317234388569
2923,0.00011457525106379762,0.13177395132724304
2924,0.00011193150518617282,0.13494526946165583
2925,0.00011508826719364151,0.13327149514174252
2926,0.0001112180296331644,0.13086801080566923
2927,0.00010613592263932029,0.13480216458069477
2928,9.535731805954129e-05,0.13122616016050007
2929,9.136334604894121e-05,0.13252940107333033
2930,0.00010296621282274524,0.1309339305364162
2931,0.00010384512182402735,0.1368460332735153
2932,0.00013353668618947266,0.13297210731788686
2933,0.0001720815043275555,0.1303826322920664
2934,7.580014498671517e-05,0.13582548654872423
2935,0.00011394091222124794,0.13218870173529748
2936,9.053923519483456e-05,0.12846978496738345
2937,9.910157241392881e-05,0.13227308892280037
2938,0.00010085362494767954,0.13519454027978126
2939,9.165788069367408e-05,0.12795538197091796
2940,0.00010075434402097016,0.13081454073367585
2941,9.771196152238796e-05,0.13341868776631982
2942,0.00010714991270409276,0.13108697798299163
2943,0.0001018955430481583,0.12923368312723454
2944,0.000107700249645859,0.13313336668764814
2945,9.792785858735442e-05,0.13170564394139234
2946,0.0001141842706905057,0.12530714064313656
2947,0.00016722399741411209,0.13286814837013944
2948,0.00036492494400590657,0.13132420495936745
2949,0.00042427255927274623,0.1264307667441361
2950,0.00015200693354321023,0.1344091579241798
2951,0.00043590094428509475,0.12666668151423596
2952,0.00041045656204611686,0.1344364293747478
2953,0.0011445052145669858,0.12740213103723108
2954,0.0016099564110239348,0.12966779043233534
2955,0.0005279777067092558,0.13540914678695606
2956,0.0004257686688409497,0.11289303449162266
2957,0.0016293819295242428,0.1283535399250904
2958,0.001062785362591967,0.13044049177994158
2959,0.00043130953466364496,0.1275944279299842
2960,0.00022914871903291593,0.1307676759118225
2961,0.0001578796363901347,0.12727610191210495
2962,0.0001313995337113738,0.1302852018474879
2963,0.00022510108829010278,0.12407342803103534
2964,0.00024112198831668745,0.13605821480680452
2965,0.0002950317032324771,0.12253744194382116
2966,0.00024301693095670393,0.1264563155474893
2967,0.0001244190837799882,0.13237371198745848
2968,0.00012634965920976053,0.12600908535723274
2969,0.00014034766645636408,0.12987853715207145
2970,9.432934433183012e-05,0.12970244305545997
2971,0.0001646949560381472,0.1257648822900496
2972,0.00020278222024595985,0.12313501302109302
2973,0.0001372050302355395,0.13153518950947893
2974,0.00014442519992978,0.12366118118145138
2975,0.00011911046846459309,0.12482580129187881
2976,9.856780525296926e-05,0.12856173061095832
2977,0.00010693111398722977,0.12575612930657223
2978,8.152837011342248e-05,0.12518799793498034
2979,0.00010665790177881718,0.12452603269869472
2980,8.632690781572213e-05,0.12661355838985644
2981,8.537019796979924e-05,0.12490773247827215
2982,8.286281930243906e-05,0.12525069361759555
2983,8.768236633234967e-05,0.12490657339014156
2984,9.661231694432596e-05,0.12542944077445925
2985,9.505830093985424e-05,0.12123426558635039
2986,9.000261876887331e-05,0.12653751664778642
2987,0.00010641641565598548,0.12239115159653606
2988,0.00017477836809121072,0.12619063708038009
2989,0.0001366052689263597,0.1254510414890117
2990,0.00014507032901747152,0.1206500630019701
2991,0.00016184029227588325,0.12775698139152505
2992,0.00014028525814258804,0.1226652429727783
2993,0.00010711204182977478,0.12288077164724556
2994,0.00016452915345629057,0.12221302668297152
2995,0.00018615534305960562,0.12515458637815818
2996,0.00020239017903804778,0.1228975414663379
2997,0.00016795714909676463,0.12272856078431969
2998,0.00010167507765193781,0.12466928746812699
2999,8.938018072512932e-05,0.12133265904297955
3000,0.00010943092250575622,0.12378411921427439
3001,0.00017164864499742786,0.11941244413433542
3002,0.0002173508556249241,0.12265603860829309
3003,0.0002739935531280935,0.11761155373781745
3004,0.00030724974737192194,0.12336807764456635
3005,0.00029724358464591207,0.13062889428471613
3006,0.00034963446281229454,0.11704663540187635
3007,0.0003230754130830367,0.12686202360306217
3008,0.0002816338266711682,0.11586776557133387
3009,0.0001689144060947001,0.12526335328686655
3010,0.00028797814447898416,0.12222894971743661
3011,0.00035695870562146105,0.11956732104701256
3012,0.000456017420704787,0.11869589056906818
3013,0.0005605344466554622,0.12316284961562757
3014,0.0006210583029314876,0.12564399522560382
3015,0.0011497088513957958,0.1285703662151133
3016,0.002532492213261624,0.13088070543493793
3017,0.001172677509021014,0.11724314039126474
3018,0.0007687445691165824,0.14150334268329087
3019,0.001337305330283319,0.1190169319314392
3020,0.0009384969637418787,0.11606614282953809
3021,0.00046781135412553944,0.12360568365289105
3022,0.00015422958337391417,0.11417056803117719
3023,0.00023619264247827233,0.11992697278309984
3024,0.00028328520129434765,0.11908455360245113
3025,0.0001666711080664148,0.11799016196215362
3026,0.0001405213843099773,0.11575779302470517
3027,0.00010027509779320098,0.1184307693650848
3028,9.116350168672701e-05,0.11949022333764019
3029,0.00010224709743245815,0.11615755326762708
3030,0.00011229725156833107,0.11961785378751524
3031,8.384038762111837e-05,0.11272447225120333
3032,0.00012112468878816192,0.11890337759443717
3033,8.370772702619434e-05,0.11828307762785613
3034,9.43493398760135e-05,0.11428759501408241
3035,9.224663978481354e-05,0.1182217514142394
3036,8.739324645527329e-05,0.11698566557981117
3037,8.720428838084141e-05,0.11509419391639748
3038,9.05591897511234e-05,0.11760597503934687
3039,0.00010106801540435603,0.11374732971801395
3040,0.00010245227216122051,0.11707783328663361
3041,8.893928946539139e-05,0.11593008373608017
3042,8.592932281317189e-05,0.1133200844629989
3043,9.782220295164734e-05,0.11883264482674892
3044,9.684789838502184e-05,0.11337911185116796
3045,0.00011040813891061892,0.11571950840148312
3046,8.88773521486049e-05,0.11628254547671617
3047,8.048466115724295e-05,0.11353048945815243
3048,8.772275590066178e-05,0.11584470843711095
3049,7.764158799545839e-05,0.11543806740327885
3050,7.710752737087508e-05,0.11465968193257586
3051,8.392648014705628e-05,0.11540036450810078
3052,8.204651433819284e-05,0.11558554381437121
3053,8.344635328588386e-05,0.1160504391297088
3054,9.495525155216456e-05,0.11356303941088113
3055,7.612905271040897e-05,0.11731393292698769
3056,8.683039244109144e-05,0.11390639062186605
3057,0.00011032953237493833,0.11188801847485422
3058,8.04806564701721e-05,0.11694596466003802
3059,8.34252171140785e-05,0.11257461247671592
3060,8.609231299487874e-05,0.1129288443892497
3061,7.695985235235033e-05,0.11755363017930621
3062,9.332775904719407e-05,0.11276120762749199
3063,0.00010412464131756375,0.11052659942567
3064,8.454446215182543e-05,0.11715614454744504
3065,8.692410483490676e-05,0.1123879293186797
3066,9.972602905084689e-05,0.11307947696540614
3067,9.429433363645027e-05,0.11430063478278311
3068,7.479146152036264e-05,0.11338489237432069
3069,9.882315450037519e-05,0.11360956956115034
3070,0.00010346954804845155,0.11408093346184806
3071,8.726496356151378e-05,0.10966449966708645
3072,0.00010210313921561464,0.11636561856261994
3073,0.00010957727790810168,0.11256264247631992
3074,0.00012138166445462654,0.11084192455337759
3075,0.00010622384021795976,0.11406932010353484
3076,9.796425486759593e-05,0.11364817259865895
3077,0.00011626055444745968,0.10973721802539645
3078,0.00014579760318156332,0.12046391324668426
3079,0.0001239402510691434,0.10820313149311564
3080,0.00010436779169443374,0.11051672323448965
3081,8.040744578465819e-05,0.11226301414249411
3082,9.457538593172406e-05,0.11011753918069322
3083,7.125081707878659e-05,0.11431764410972073
3084,9.941946094234784e-05,0.11141767621323553
3085,0.00011067247833125293,0.10998664223398381
3086,7.935351362296691e-05,0.11388256557677921
3087,8.959246333688498e-05,0.11088152619743208
3088,0.00010187313115845124,0.11196553173927012
3089,0.00011742750236104863,0.10656534927782782
3090,0.00010066533674641202,0.11447881761807621
3091,9.967884398065507e-05,0.1113838736370903
3092,0.00014684993172219644,0.10811998471290919
3093,0.00017668802465777844,0.11258487705664154
3094,0.00011501624345934639,0.10826771139924289
3095,9.389024683817601e-05,0.11049767350505667
3096,8.949840024191265e-05,0.11070202070980044
3097,0.00012086012672322492,0.10924387889320565
3098,0.00014068346354179084,0.11086906232920132
3099,0.00012110729342869793,0.10840421002249272
3100,9.29584028199315e-05,0.10758991504077152
3101,0.000102029659319669,0.1117069582286024
3102,0.00014989055392409986,0.11106636154067795
3103,0.0001284249466455852,0.10256980357920392
3104,0.00014250774014120302,0.11327224601147293
3105,0.00011892617330886424,0.11216534781460351
3106,0.00011465796851553022,0.10483984541888648
3107,0.00010989505826728419,0.11565219990266433
3108,0.00011519055212071787,0.10622718045760317
3109,0.00012121508771087975,0.10432612666130414
3110,0.00012564116041176022,0.1131166790432313
3111,0.0001341612345034567,0.10694797246101481
3112,0.00011829298649293682,0.10784190972145015
3113,0.00012859620910603552,0.1095155481281772
3114,0.00010440208716318011,0.10029943486163664
3115,0.00022965753111445035,0.11733631813103518
3116,0.0001802061820247521,0.10973889946022578
3117,0.0001415119981781269,0.10231789312058548
3118,9.700253431219608e-05,0.11327376291809375
3119,0.00012051814119331538,0.10645321601925538
3120,0.0001002298250872021,0.1053894685243654
3121,7.540535104150573e-05,0.10977488978390108
3122,7.83233216983111e-05,0.10647919428213472
3123,7.630543210931743e-05,0.1070153967243189
3124,7.372504187515005e-05,0.10562515753315903
3125,7.826356595614925e-05,0.10792939926971469
3126,8.09696561191231e-05,0.10668305879491463
3127,7.192065725879123e-05,0.10847400471960243
3128,7.779240695526823e-05,0.10460897220287756
3129,7.429981681828697e-05,0.1065897697484807
3130,8.002520092607787e-05,0.10813926466963968
3131,8.543378789909184e-05,0.10481366341966286
3132,6.87158108727696e-05,0.1072967592082177
3133,8.17652032613599e-05,0.10532228284303033
3134,8.17675618842865e-05,0.10475267639263855
3135,8.39622734929435e-05,0.10490755154615083
3136,8.525583398295566e-05,0.10535815634835534
3137,6.73896992035831e-05,0.10461207451462223
3138,8.474791781433547e-05,0.10516402765302456
3139,9.306969101695965e-05,0.10591041421441481
3140,8.132568715761106e-05,0.10282215889957216
3141,0.00010526329666996996,0.10448677164682171
3142,8.689623694711676e-05,0.10685020014752596
3143,7.552607178998491e-05,0.10065923675851167
3144,0.00010713256682114055,0.10530506825477581
3145,0.00010024011474646007,0.1072427669365765
3146,9.104185834682235e-05,0.1029314373167809
3147,7.076267841815328e-05,0.1081574070294611
3148,9.289904216226811e-05,0.10251872581348084
3149,8.852262884223213e-05,0.10338588969575034
3150,8.617923158453778e-05,0.1053207602123158
3151,0.00010298612081290533,0.10280089058003754
3152,0.00012850981923596312,0.10692018572763916
3153,8.089864107508523e-05,0.1034159860818794
3154,8.04197450634092e-05,0.10376806517964915
3155,9.390289342263714e-05,0.10511368326842785
3156,0.00010111003648489713,0.1032225556007167
3157,0.00011047844697410861,0.10286169506783722
3158,8.391021886685242e-05,0.1020640063954637
3159,8.62944798427634e-05,0.10528831234561246
3160,9.633126998475443e-05,0.10103519226026814
3161,9.571316089325894e-05,0.10561557076544616
3162,0.00012758507509715855,0.103467580067179
3163,7.641926543631902e-05,0.09765105434742413
3164,0.00010945868076911817,0.10594985826343994
3165,0.00012408898425443718,0.10752600767480874
3166,0.0001455256890039891,0.09447866389582381
3167,0.00013530195768301684,0.10631042159004518
3168,0.00017697071404351543,0.10746170779178191
3169,0.00019279249827377498,0.09704051542025037
3170,9.117372101172805e-05,0.10774492781217161
3171,9.461865314127256e-05,0.10065522508924468
3172,0.000112950637897787,0.09959653364657833
3173,0.00011110998263272146,0.10362036299635792
3174,7.258206314872951e-05,0.09837123156900991
3175,7.746397071362783e-05,0.10224754697158497
3176,9.877967725818356e-05,0.10725182011636378
3177,8.53090716797548e-05,0.09903089308359644
3178,0.00015826633122439186,0.0993917025680169
3179,0.0001611752901226282,0.10786776695051911
3180,9.984737844206392e-05,0.09739049248484491
3181,8.195557165890932e-05,0.1040561115423664
3182,8.382303810018735e-05,0.09800581298550667
3183,9.467963827773929e-05,0.10011085013352465
3184,8.414348994847387e-05,0.10166092227861198
3185,7.068207802755448e-05,0.09574012351576348
3186,8.42861370377553e-05,0.1033700956276765
3187,8.945441610800724e-05,0.09955033273245507
3188,8.76520784610572e-05,0.09861380140139171
3189,7.364780224937325e-05,0.10231710394724594
3190,7.606290334175962e-05,0.09756729044891589
3191,7.71385370171629e-05,0.10079294403916911
3192,8.357403445794868e-05,0.10148284632756173
3193,7.928670869053653e-05,0.09821130251457467
3194,7.258855815355977e-05,0.10038636916736413
3195,6.763891918429485e-05,0.09829721367803582
3196,7.23471185968568e-05,0.09962851916336352
3197,6.335833459161221e-05,0.0993359280281771
3198,6.887633450484525e-05,0.0992221650476867
3199,6.829200137872248e-05,0.09869332709050144
3200,7.206713174430963e-05,0.09838927744163407
3201,7.187541147383551e-05,0.09979716080584024
3202,7.229860893858131e-05,0.09733357187905158
3203,7.123055984266102e-05,0.09938866529635519
3204,6.954140505210186e-05,0.09954262851623066
3205,8.33819688220198e-05,0.0973776048267184
3206,9.929753578035161e-05,0.09825003155839374
3207,0.00010635307553457096,0.09686691789991325
3208,7.469056872650981e-05,0.09621572613236848
3209,7.058250048430637e-05,0.09937709777436235
3210,6.835562623261163e-05,0.09804052805626079
3211,7.329607178689912e-05,0.0966220245593124
3212,6.840667726161579e-05,0.09851064736143364
3213,6.982144162369271e-05,0.09625171265450486
3214,7.099917808470005e-05,0.09988479357626703
3215,7.227013241693688e-05,0.09628506075068001
3216,7.792001318496962e-05,0.0972036387967436
3217,7.09482478365923e-05,0.09846364446964703
3218,7.656787759818447e-05,0.09534819313047226
3219,7.172516294910262e-05,0.09826531206742364
3220,6.63464879229044e-05,0.0968177801117911
3221,6.269263394642621e-05,0.09648277458587759
3222,7.466265888069756e-05,0.0962096667298448
3223,0.00010559779378430298,0.09913308850941602
3224,0.0001831071402799959,0.09563672695069285
3225,0.00012660307305244108,0.09734708336535951
3226,0.00010843329267421117,0.09531077861851245
3227,0.00014394741253151249,0.09262462029484106
3228,0.00010362094617448747,0.10275406490368715
3229,0.00025406245646687845,0.08844517747604708
3230,0.00044260709546506405,0.10499176734851466
3231,0.0005822800778939078,0.09367435402100721
3232,0.00027941307441021004,0.09935510059415598
3233,0.0002667687755698959,0.09310218223986047
3234,0.00016312258085235954,0.09767543752160338
3235,0.00011426603402166317,0.09831777025471654
3236,0.00010090039674347888,0.09414131537471947
3237,9.443544646880279e-05,0.0949354216303916
3238,8.594684574442605e-05,0.09508804457360193
3239,6.441165508780008e-05,0.09378238742876994
3240,7.740839937468991e-05,0.09569511943284356
3241,9.047676188250383e-05,0.09404167960457809
3242,7.661903073312715e-05,0.09463498943447195
3243,6.731139777305846e-05,0.09614105637005546
3244,7.065885874908417e-05,0.09271586194569081
3245,6.66847806617928e-05,0.09469601516312326
3246,6.458210264099762e-05,0.09472401324136738
3247,6.373834670133267e-05,0.09405374329820362
3248,6.367060850607232e-05,0.09304716145587072
3249,6.440117867896333e-05,0.09477441495404257
3250,6.660353440868979e-05,0.09239436061889456
3251,6.729879047876845e-05,0.09335422075260975
3252,6.205490450762833e-05,0.09376291182349648
3253,7.904405986967807e-05,0.09344404402096369
3254,6.572919228347019e-05,0.0916465013641973
3255,7.825818029232323e-05,0.09471443365191856
3256,6.399535777745768e-05,0.09173952290319909
3257,6.626664495949323e-05,0.0938194690174178
3258,6.295500788837672e-05,0.09324188206933047
3259,6.98544875679848e-05,0.09235972996626855
3260,0.00010169809587144604,0.09305756623524497
3261,9.863198647508398e-05,0.09517625676827472
3262,0.00011719600879587234,0.09178377797946943
3263,9.152991018102815e-05,0.09347736442799283
3264,9.913878408648694e-05,0.09271848319392455
3265,8.756855143777405e-05,0.09193950472127276
3266,6.502352577323715e-05,0.09404468245815202
3267,5.955135808714355e-05,0.09160440696719271
3268,6.583000285900197e-05,0.09188815535247674
3269,6.55003750580363e-05,0.09356441804104382
3270,6.271504050043101e-05,0.09089360557692616
3271,7.157546933740377e-05,0.09153309423062536
3272,8.010983632023757e-05,0.09312352875781338
3273,0.00011058533564209939,0.0885470557783605
3274,9.504655802932878e-05,0.09555655470041678
3275,7.098815015827616e-05,0.08758979207939571
3276,8.668902155477554e-05,0.09359033355129916
3277,9.391017762633661e-05,0.09034367849538374
3278,7.820081276198229e-05,0.08665945593333035
3279,8.039437719465544e-05,0.09992126896650645
3280,0.00013711642144092668,0.08748085660130134
3281,8.716213875838245e-05,0.09247001641762187
3282,0.00012059989385306835,0.08968318242318275
3283,0.0001444772429143389,0.0855416573899967
3284,0.00019509545721424121,0.09569527865632584
3285,0.00013973101740702987,0.08898053901564133
3286,9.831566906844576e-05,0.09179530047119884
3287,9.085024939849972e-05,0.08825192375010565
3288,0.00010435587610118091,0.08991453102762588
3289,8.23782126341636e-05,0.09130323395045878
3290,7.798212900524958e-05,0.0870977281456628
3291,9.699438329941283e-05,0.09154775702770342
3292,0.00010492485307622701,0.08801239368925143
3293,0.00012294855453850081,0.0898113316251782
3294,0.00016669263713993133,0.08796252264526852
3295,0.00016060564763999233,0.09036923839291286
3296,0.0001816674227787492,0.08915489567824972
3297,0.00023160445125540717,0.09281177735990948
3298,0.00029885838739573956,0.08139261183987932
3299,0.0008169177919626236,0.10388149333605814
3300,0.0009498437187479188,0.08065939792676975
3301,0.0008546328366113206,0.10647819720056148
3302,0.0015989688069870075,0.0774908827955437
3303,0.0019958346985125292,0.10247223402444296
3304,0.0011148729089957973,0.09260085438601455
3305,0.0005624908182653599,0.08756769829217279
3306,0.0005068001553202824,0.08608767458330295
3307,0.0005836475786054507,0.0908731998527172
3308,0.0009583134048928817,0.08551229784341409
3309,0.0018993293245633442,0.08328361984625546
3310,0.0025287524855230003,0.07524955055910593
3311,0.0010143711192843814,0.0884900409619362
3312,0.0002980093044849733,0.0945861491630649
3313,0.0003457486542174593,0.08148340139080558
3314,0.00046966685428439327,0.08695256487842191
3315,0.0002705166814848781,0.08822297810015885
3316,0.0001494573991900931,0.08368144797607821
3317,0.00028577407356351615,0.08777583538614518
3318,0.00020140982621038954,0.0836321696508349
3319,0.0001995677613498022,0.08690609621995113
3320,0.0002537164691602811,0.0787906467054061
3321,0.00030597282554178186,0.08662086848322062
3322,0.0004491642612265423,0.08561911976389718
3323,0.0003074443705069522,0.08128079878743628
3324,0.00020395810909879704,0.08529145929047413
3325,0.0002089342005395641,0.08303627641381402
3326,0.0003636579611338675,0.07785433991022452
3327,0.00045368704983654123,0.09155452308076167
3328,0.00022772937081754207,0.08009609850450304
3329,0.0002659410083045562,0.07600561282134544
3330,0.0009639817173592747,0.09650102340785122
3331,0.0017142515086258452,0.07870813948238453
3332,0.001925639381321768,0.07908184482710577
3333,0.0016865626986448964,0.10210165678937402
3334,0.0015770029198999207,0.0838441651379853
3335,0.0017105163191445173,0.09249876073305631
3336,0.0049969858936189365,0.0776482329796455
3337,0.00434155020241936,0.0928200280255698
3338,0.003148638643324375,0.08124319624090404
3339,0.0018958831826845805,0.10196460007924085
3340,0.0021175485647593937,0.09802820407159148
3341,0.0021157979887599745,0.06816373752397403
3342,0.001570473394046227,0.0828851272749622
3343,0.0017839331761933864,0.0853126297748446
3344,0.000782173010520637,0.06379963385692813
3345,0.000497119928089281,0.09224089791546222
3346,0.0007187306803340713,0.07849583699373387
3347,0.00038985099721079074,0.06786549875610753
3348,0.0002236520367053648,0.08135082976271708
3349,0.00018502352565216522,0.07396637267645514
3350,0.00017799376510083676,0.07038824586742366
3351,0.00012186303889999787,0.08572104511025487
3352,0.0002445165848863932,0.07057182492731869
3353,0.00015465519585025806,0.06942102717159436
3354,0.00015490765605742732,0.08034360270309997
3355,0.00010354737993717814,0.07207595863875155
3356,8.037452716962435e-05,0.07184180303623802
3357,5.416150961536914e-05,0.07687059879488153
3358,8.203646575566381e-05,0.0751771404712913
3359,7.290906796697527e-05,0.06999722759822133
3360,7.41171243134886e-05,0.07505320568095174
3361,7.897205359768123e-05,0.07621589067190537
3362,5.932264757575467e-05,0.07161204459428874
3363,6.61325689482813e-05,0.07535349211399579
3364,5.9456160912911096e-05,0.074100527874254
3365,5.9810980746988204e-05,0.07209079347725152
3366,5.564919326085753e-05,0.07466067831516701
3367,6.655694014625623e-05,0.07458821470898233
3368,6.815600160431738e-05,0.07017279140738367
3369,8.203360484912992e-05,0.07509218972198099
3370,6.151418104612578e-05,0.07233659031239954
3371,5.456868918069328e-05,0.07328905337027203
3372,5.763372828369029e-05,0.07422939022425672
3373,5.315143886643152e-05,0.0722025805289111
3374,5.75875446277981e-05,0.07309191399226674
3375,5.6899199262261393e-05,0.07425975788395568
3376,6.056110238811622e-05,0.07170363135189253
3377,5.406605087046046e-05,0.07260032077946248
3378,5.9926030129039036e-05,0.07323108623294454
3379,6.382997235050425e-05,0.07358802623001107
3380,7.439127851588031e-05,0.07116611577483298
3381,5.6704608141444623e-05,0.07472993944885961
3382,6.13586596349099e-05,0.0725213406384209
3383,4.988535753606508e-05,0.0724901452535295
3384,5.341574384753282e-05,0.07323516843219598
3385,5.218320487377544e-05,0.07239314722583483
3386,5.059858570651462e-05,0.07178144596996364
3387,5.0777664000634104e-05,0.0734004745837192
3388,5.389602398887898e-05,0.07324626980273173
3389,5.687174125341698e-05,0.07097992255238064
3390,5.670869819975148e-05,0.07380254154654535
3391,6.223447950712094e-05,0.07257572990401011
3392,5.777902357901136e-05,0.06933873223021017
3393,6.918706640135497e-05,0.07581329700803896
3394,8.020490155710528e-05,0.07259279329395085
3395,8.381720981560647e-05,0.06972520958566875
3396,6.724212095529461e-05,0.07370014636292618
3397,5.000178983512645e-05,0.07151798378915815
3398,5.635551497107372e-05,0.07080352456412381
3399,5.2191075034594785e-05,0.07257250720929158
3400,5.3009826903386666e-05,0.07221754578252633
3401,5.578011769102886e-05,0.07202647597262124
3402,5.146472200673694e-05,0.07086445727216745
3403,6.035822540676842e-05,0.07238490157079888
3404,5.2171112717284514e-05,0.07151379845818581
3405,5.0989441418399414e-05,0.0719604527398029
3406,5.1215389976277945e-05,0.07213942555721566
3407,4.669402308839684e-05,0.07216740156692719
3408,5.5650964107674857e-05,0.0718509178575978
3409,6.470033113146201e-05,0.07008310949854683
3410,6.273226608755067e-05,0.07378086287048999
3411,7.173424722471585e-05,0.06952262500420822
3412,8.044466861368467e-05,0.07336657932191565
3413,0.00010156974700900415,0.07263068402218714
3414,8.895322728979712e-05,0.06876021410387598
3415,0.00010970871856746574,0.07353338457328099
3416,0.00011689749250460106,0.0678595627456555
3417,9.270364632053921e-05,0.07004523087478084
3418,8.648080402053892e-05,0.07332189697009778
3419,5.954853695584461e-05,0.06935703531670118
3420,6.693312801265468e-05,0.07241515817436558
3421,6.611352922239652e-05,0.07270815677679422
3422,5.901030259944188e-05,0.06815061627544071
3423,7.618854142492637e-05,0.0729902075434768
3424,7.529881258960813e-05,0.07258091205240864
3425,6.950547782859454e-05,0.06889528296724484
3426,5.9691412995258965e-05,0.0731317530881766
3427,6.178397864763004e-05,0.07126980861485527
3428,5.382983775537771e-05,0.06996753019395105
3429,5.499294735879327e-05,0.07141051503246901
3430,5.645623556726302e-05,0.07096603049825854
3431,5.15385065227747e-05,0.07097615304059889
3432,5.477672772637258e-05,0.07011889862931436
3433,5.7973320751140514e-05,0.0717198440304015
3434,5.7988629851024595e-05,0.07002271182987599
3435,4.9634690609915805e-05,0.07200233466727168
3436,4.903521488207237e-05,0.06985731087407174
3437,5.4470992957552274e-05,0.07079108117954337
3438,5.673891913223391e-05,0.07027408785366437
3439,5.140065283436949e-05,0.0718086459129308
3440,4.959745274391025e-05,0.06969203846529126
3441,7.833769583764176e-05,0.07025233871025736
3442,6.682480161543936e-05,0.07233192845743303
3443,4.818595334654674e-05,0.0670811020393382
3444,6.80849130731076e-05,0.07122919444887958
3445,5.937332074002673e-05,0.0696674841238262
3446,5.0688854632123066e-05,0.06871060971497443
3447,5.049442018692692e-05,0.07089592115300004
3448,5.166526073783946e-05,0.06956766651159055
3449,4.7909563727444036e-05,0.06955905114872414
3450,5.1255093906850865e-05,0.0704652383073903
3451,5.373810660482074e-05,0.06889968430786803
3452,5.107962836821874e-05,0.07055102803673573
3453,5.299767799442634e-05,0.07107335020248827
3454,5.206478138764699e-05,0.06912857845795957
3455,5.466928851092234e-05,0.06896115264348816
3456,5.43859088793397e-05,0.07025642721091359
3457,4.976873994261647e-05,0.0687999253662314
3458,5.454606774340694e-05,0.06933268114968001
3459,6.646107164366791e-05,0.07048021909938744
3460,7.740989870702227e-05,0.06839001796083057
3461,0.00011636456571674595,0.07181523818174126
3462,7.079308682781024e-05,0.06278732992784931
3463,0.00021339976956369355,0.07323763007570429
3464,0.00024877416435629127,0.07276242228268444
3465,0.0001861445722170174,0.06363993928609797
3466,0.00011645232055646678,0.07375606593855641
3467,0.0001335177638490374,0.06900761283563765
3468,0.00011000079102814197,0.06647241422198495
3469,8.059063014419129e-05,0.0744654478706768
3470,0.00010121913898425798,0.06432378832632077
3471,0.0001503207216349741,0.06712152466602754
3472,0.00013014854727468143,0.07730512203899217
3473,0.0001508649913982178,0.06370307127700041
3474,0.0001109698833412646,0.07100877627915544
3475,0.00014686006567596148,0.0692805468175582
3476,0.00010116435878444463,0.061388446796925095
3477,0.00013430372685737288,0.07346931355324579
3478,9.516940651034626e-05,0.06781547557976511
3479,5.4734207272607215e-05,0.06716220896985185
3480,5.694389086177883e-05,0.06900220418795508
3481,5.184372906417896e-05,0.0678302549800634
3482,5.5782699200790374e-05,0.0673190577729055
3483,4.685886330359305e-05,0.06987506440127192
3484,5.510254486580379e-05,0.06799480847861858
3485,5.0005614078448464e-05,0.06740112218199766
3486,4.772457396029495e-05,0.06901275780193551
3487,5.875172476711062e-05,0.06748054862534356
3488,4.928250042818642e-05,0.06909951511552634
3489,5.4754643254758166e-05,0.06748188269319154
3490,6.452952487355409e-05,0.0668027739623311
3491,5.015803859957183e-05,0.06897288790157838
3492,5.079087083383153e-05,0.06722548923711157
3493,5.07893186295405e-05,0.0675321187693299
3494,4.8015622936266786e-05,0.06891162580216838
3495,5.563628510572016e-05,0.06636612279046523
3496,5.363253488515814e-05,0.06762726153982312
3497,5.141028668731451e-05,0.06797562672195641
3498,5.3019826736999676e-05,0.06662865340633438
3499,4.9792016216088084e-05,0.06808605513736954
3500,5.233186335923771e-05,0.06687241565839153
3501,5.062596659020831e-05,0.06798110229687558
3502,5.2187552015917996e-05,0.06757124527003507
3503,5.0666027042704324e-05,0.06622903618406047
3504,5.139776524932434e-05,0.06796172579848453
3505,5.77903173204201e-05,0.06715623238695818
3506,5.404195641555513e-05,0.0675664376957636
3507,4.981257758724193e-05,0.06676972494869117
3508,4.81076311795429e-05,0.06622277551782671
3509,4.360837435039381e-05,0.06748742952790351
3510,5.2006654247331126e-05,0.06768288229161884
3511,4.877504640414069e-05,0.06632467577974611
3512,5.0233453415179004e-05,0.06719737995568423
3513,4.654468648368493e-05,0.0667862173888767
3514,5.021533240020896e-05,0.06599847156532675
3515,5.0914354991012566e-05,0.06721815751451585
3516,5.681775122260054e-05,0.06820997588979134
3517,5.201359502583121e-05,0.06533613269985244
3518,5.1394319355798265e-05,0.06846909076846831
3519,6.991194726045554e-05,0.06668831099216875
3520,7.752557527661945e-05,0.06435879416850923
3521,5.438835335856614e-05,0.06817420457669518
3522,5.758378853594574e-05,0.06595800585816042
3523,4.9462341606461754e-05,0.065580377948868
3524,4.910691495751962e-05,0.066690097699127
3525,4.6654736312727137e-05,0.06649741987637871
3526,4.7539404962056625e-05,0.06599142797814127
3527,5.376020077771197e-05,0.06681202642881033
3528,4.93742050214981e-05,0.06471945886222417
3529,5.0875615124823524e-05,0.066530588837286
3530,6.199372825600827e-05,0.0663663307477159
3531,5.155050942751889e-05,0.06236783975778877
3532,8.814822358544916e-05,0.06893399458008202
3533,0.00013399590291858962,0.06693699834487069
3534,0.0001571383026506131,0.0642579767597044
3535,8.360101346625016e-05,0.07347568123307276
3536,0.0001468563248636201,0.06051941272089181
3537,0.00021756358595060495,0.06439171254373434
3538,0.00011927094213509311,0.07001296453700777
3539,8.703668087643261e-05,0.06159589056481134
3540,9.366949331403399e-05,0.06666040780534696
3541,7.778920965696064e-05,0.06728478103647367
3542,5.688905269683649e-05,0.06283987802317181
3543,5.744553151695679e-05,0.06739681555034473
3544,7.102975844948863e-05,0.06531305094004462
3545,5.826384100752572e-05,0.06456441258227355
3546,5.889434930092345e-05,0.06584894898407466
3547,5.162730376468971e-05,0.06311425897810194
3548,4.952212232941141e-05,0.06584444163334474
3549,6.422178776119836e-05,0.06628424784560737
3550,4.84377904892123e-05,0.06387495744036652
3551,4.9792091886047274e-05,0.06628967748617219
3552,5.559854325838387e-05,0.06446110365683572
3553,5.024546893158307e-05,0.06357230292905493
3554,3.974400606239214e-05,0.066004780061238
3555,5.3640625750025114e-05,0.0645267190711235
3556,4.855783433110143e-05,0.06510974195573413
3557,4.6193199038195115e-05,0.06471498244665345
3558,4.532985428037743e-05,0.06464896762024677
3559,4.2864205048924e-05,0.06653363129113153
3560,4.8868141796750326e-05,0.06459522339629761
3561,5.044018447127504e-05,0.06534093425865149
3562,4.547282514977269e-05,0.06447111025768501
3563,5.7200117347141106e-05,0.06468929160571499
3564,5.1231695882355176e-05,0.06778088522181787
3565,6.393963703885675e-05,0.06277906641429454
3566,5.8538840191128355e-05,0.06461767574815809
3567,4.860705957980827e-05,0.06419218819566637
3568,4.989422886865213e-05,0.06450455169852452
3569,4.961235972587019e-05,0.06499927867563408
3570,5.369745291924725e-05,0.06426294961650121
3571,6.372404750436545e-05,0.0631798829158975
3572,5.4347876236230756e-05,0.0660550943303483
3573,5.405549600254744e-05,0.06291054703611118
3574,4.767023347085342e-05,0.06490230181782741
3575,5.0017391428506625e-05,0.0655969647249501
3576,5.128535679735554e-05,0.06089785637344882
3577,7.217842309425275e-05,0.06539867329819683
3578,9.621195883179705e-05,0.06686429862390485
3579,5.509444163180888e-05,0.061780914247624184
3580,8.960650642014419e-05,0.0646193362282295
3581,0.00010688679127876336,0.06374600517688787
3582,0.00011571989234653302,0.0635192002828794
3583,0.00017886238614058433,0.06938043203373706
3584,0.00023541299451608212,0.05877501091086551
3585,0.00019949761093206083,0.06705038711749976
3586,0.00018616653154216085,0.06202709794654484
3587,0.00024027084728004411,0.06497044795688395
3588,0.00015589407412335276,0.061678544084448915
3589,0.00010433107963763178,0.06271826816526682
3590,0.00014442356768995523,0.06610379492515447
3591,0.00016072483267635108,0.06350595487161861
3592,0.00011156387045048177,0.06501105563355643
3593,0.00037506418690706295,0.06147513230609005
3594,0.0003859971378309031,0.06272526496574718
3595,0.0008876778030147155,0.0562068962693563
3596,0.0018363956633644799,0.0741964104675214
3597,0.0031817877199500797,0.053573875807835694
3598,0.004652518654863039,0.07485947512466003
3599,0.003934037464205176,0.06392243123553389
3600,0.0017830243489394585,0.05868963299221114
3601,0.0018323374291261036,0.07631484600334096
3602,0.0010727426046893622,0.05307195817082249
3603,0.001484900785969027,0.060144681418151186
3604,0.0006706204323563725,0.05975062215472
3605,0.00020387915428727866,0.05494880470670542
3606,0.00018364595307502897,0.05918367586795742
3607,0.0001200768063426949,0.059323387917632246
3608,0.00018799779645632951,0.054879673822015
3609,0.0003347613965161145,0.059033444960062444
3610,0.0004503105340215067,0.06313435254585847
3611,0.0005096960308340688,0.06364012533003649
3612,0.0005807110496486227,0.056798315631519804
3613,0.0002638391464036734,0.060642550678989084
3614,0.00018809949591134986,0.059980412190834505
3615,0.00017423758593698341,0.05767252252094055
3616,0.0001704431837424636,0.06316550881520175
3617,0.00016616238378143559,0.05793570029162611
3618,0.0001447831350863756,0.05810468312086026
3619,0.00010447015035121391,0.05992953883543915
3620,6.708369134382035e-05,0.0559428390551206
3621,7.109365518166063e-05,0.058103035747384034
3622,9.330499015050008e-05,0.060080768808733385
3623,5.992266912168513e-05,0.05691057610684973
3624,6.122625976180037e-05,0.05990311612200798
3625,6.88215366002017e-05,0.05945134203614155
3626,5.081680016398119e-05,0.05620007240349612
3627,6.59093406284228e-05,0.05835326349945488
3628,8.466621220577508e-05,0.06021737501607957
3629,4.540037092131873e-05,0.054852174260049014
3630,8.158238924806937e-05,0.05885608181117745
3631,5.4204007028602064e-05,0.05918271970739098
3632,4.4969780234775195e-05,0.05663786006121956
3633,4.7662055173229116e-05,0.057917755550557844
3634,4.73204447189346e-05,0.05807282266408553
3635,5.2880398531366764e-05,0.057388642704800555
3636,5.222210699381928e-05,0.05944248383908331
3637,4.7947138470287123e-05,0.05620332588904608
3638,6.561599827061096e-05,0.05741540780998984
3639,8.212644218777617e-05,0.059785234740505004
3640,6.305489708514263e-05,0.05687426045340927
3641,6.204281623164812e-05,0.05942958166920825
3642,5.923337982191394e-05,0.05652047018248218
3643,6.89371459884569e-05,0.05731298708580217
3644,5.766170506831259e-05,0.058689548470602745
3645,5.7482116244500506e-05,0.05684105789953331
3646,4.763193380010004e-05,0.057793466880786834
3647,4.931243553680057e-05,0.056633476406194226
3648,4.8536881028364105e-05,0.057107110102034626
3649,4.225565789965913e-05,0.05772299360080856
3650,4.610192869828703e-05,0.05661970238903897
3651,4.4944874874393764e-05,0.05718137724161671
3652,3.9077766026215006e-05,0.057713245098854886
3653,4.379221985194211e-05,0.05747221521651971
3654,4.5049288504136104e-05,0.05589029518070451
3655,4.789830030252536e-05,0.05813651281675836
3656,4.986362473573536e-05,0.05719592697286641
3657,5.162957192320997e-05,0.05489768816038356
3658,5.7353422986731556e-05,0.058137904705577774
3659,5.476781201044408e-05,0.05634506400511192
3660,4.7126378922257574e-05,0.05628063566356418
3661,4.440386110218242e-05,0.058036910182093844
3662,4.5266288604276873e-05,0.056400835889865435
3663,5.7924555342954893e-05,0.056472281119323266
3664,9.563468435468773e-05,0.059669947849412326
3665,6.920278877563154e-05,0.052901842759388404
3666,0.00010633893107296899,0.06025941159211273
3667,0.00012028044705706028,0.05494298470582355
3668,0.000177738595327052,0.05417616117462429
3669,0.0002002036713141327,0.06362712047095492
3670,0.00011067115992773325,0.05301390295815572
3671,8.744142881672209e-05,0.05875350629954397
3672,6.506587039136017e-05,0.05694785741653446
3673,6.854450281631822e-05,0.05520262780234392
3674,5.6013545448270935e-05,0.058218713960071146
3675,4.0454990327513465e-05,0.05426087033831411
3676,5.5917155502053596e-05,0.05684352733401789
3677,4.6496031427523124e-05,0.05674132413900735
3678,4.182267875876278e-05,0.055208124954264325
3679,4.353262314301295e-05,0.056949918127035974
3680,6.016783348362272e-05,0.05693619455107384
3681,4.937500537683566e-05,0.05505304670979797
3682,4.4399730783576766e-05,0.05692970511852083
3683,4.775782605671945e-05,0.05562208972500953
3684,4.404973587952554e-05,0.055401661863539654
3685,4.341763512153799e-05,0.0560183633549128
3686,4.698151800160607e-05,0.05551304909188235
3687,5.521534888733489e-05,0.05629121080416728
3688,4.959937286912464e-05,0.055357419313830245
3689,4.317609685434339e-05,0.0559512819817061
3690,4.7686681864433925e-05,0.05555111219648991
3691,4.5416338737898815e-05,0.05604423423521003
3692,4.116663973642669e-05,0.056933757598506426
3693,4.0777762236151224e-05,0.05479354907796658
3694,4.33267466481387e-05,0.055814695526840305
3695,4.1764892860859014e-05,0.05546643559505063
3696,4.2093154722048594e-05,0.055733466414702046
3697,4.434759709207962e-05,0.05614928823585311
3698,4.268352422513999e-05,0.05572269935084627
3699,4.051971094061931e-05,0.05561329268752352
3700,4.210796056819769e-05,0.05516036712477387
3701,4.090205426715935e-05,0.055522474556976155
3702,5.02862984527989e-05,0.05576025590311453
3703,6.24321624248599e-05,0.05346104461285803
3704,5.2823778484404706e-05,0.05687173340763701
3705,4.8212765250355005e-05,0.05534028529178634
3706,4.705335983696083e-05,0.05423159684648204
3707,5.622482761585464e-05,0.05785576633874828
3708,5.4191966531410195e-05,0.05338361278198093
3709,4.721819762683784e-05,0.05664653647609316
3710,5.4555195189702016e-05,0.053877646441173835
3711,5.021232645958662e-05,0.05513580431698751
3712,4.385421925690025e-05,0.05584073508681174
3713,4.166972163754205e-05,0.05383837847202493
3714,5.057326876946415e-05,0.056402808210502066
3715,4.1573410029135024e-05,0.05260803394716734
3716,6.314353401345821e-05,0.05588054343818398
3717,6.619168464870503e-05,0.05583905339192011
3718,4.906820577161852e-05,0.05333791564256824
3719,5.645077665879702e-05,0.05657303838021182
3720,5.588741502530562e-05,0.05492590274797938
3721,4.60759724470942e-05,0.05383611645288112
3722,4.448260515346192e-05,0.05644217153128825
3723,6.0073166484168423e-05,0.0535499664508242
3724,5.889054640041043e-05,0.05601299297723549
3725,0.00010440891395167758,0.05486053723177453
3726,0.00016373277903767303,0.053743327410935224
3727,0.00016889978141989558,0.054928541598754405
3728,0.00017432428139727563,0.051338712404324124
3729,0.00013783141524375726,0.05912059032949156
3730,0.00043976802941566955,0.05444233368112766
3731,0.001221215034214159,0.058464757711435965
3732,0.001358394716711094,0.054025072808655206
3733,0.0006661191427459319,0.059648723485852366
3734,0.0006215899717062712,0.06498239441755724
3735,0.0012902761964748303,0.05034332161453384
3736,0.0007576102061041941,0.06268731460971921
3737,0.00040282166252533595,0.05108124323254615
3738,0.0002587558080752691,0.05139915337949468
3739,0.00019335695639407884,0.04966167680107667
3740,0.00035526951348098615,0.05281010631482765
3741,0.0003449177175449828,0.05277673579338524
3742,0.0001514685500296764,0.04782196146719245
3743,9.851304518330532e-05,0.054292566880954116
3744,0.00016129587893374265,0.052789950649368395
3745,0.00013852092961315067,0.05155705016552966
3746,6.520973208049934e-05,0.05605611690913725
3747,6.495898705907165e-05,0.050644177420620336
3748,9.329070502038425e-05,0.053013452968685426
3749,9.977950151854506e-05,0.054461714016458794
3750,9.580739909627785e-05,0.050345663302605266
3751,6.129854979614417e-05,0.05275193362888929
3752,4.168528006024038e-05,0.050653736605390645
3753,4.8518985568080095e-05,0.05235611091841731
3754,5.748883995693177e-05,0.05417653727236242
3755,4.876940802205354e-05,0.05043446379087386
3756,5.257716450917845e-05,0.05340764621730175
3757,4.743414732123104e-05,0.05229971694422352
3758,4.385747985603909e-05,0.05101829317360245
3759,4.46195220623243e-05,0.052913111718970604
3760,5.047117471500921e-05,0.051620918617458544
3761,5.2021341495371114e-05,0.05146320447957481
3762,5.161875014891848e-05,0.05198890846140944
3763,4.8784051129284006e-05,0.05176936510993897
3764,4.314139902514095e-05,0.05059055646075404
3765,6.01431248166288e-05,0.05277685652492426
3766,5.165917051878447e-05,0.05220568068979079
3767,5.5033871952521925e-05,0.05091922850571355
3768,4.7015429784854254e-05,0.05225932476796994
3769,3.96057420099775e-05,0.05230303909438962
3770,4.4970016945929575e-05,0.05054501367444227
3771,4.334266680719641e-05,0.05275308119530697
3772,4.619457952988645e-05,0.05130750730590165
3773,3.936199864256196e-05,0.05171857475254096
3774,4.277914073706294e-05,0.05168311980727254
3775,4.2807059071492406e-05,0.051063484022099724
3776,4.416917872731574e-05,0.052250412674021654
3777,4.3745153622391326e-05,0.05119404829330525
3778,5.161850131116807e-05,0.05168523175004674
3779,4.231640656750339e-05,0.05197100813516922
3780,4.824372542013104e-05,0.05116672491197262
3781,6.018184455266843e-05,0.05354889453258039
3782,6.696659256704152e-05,0.04947982507087944
3783,7.62055734715735e-05,0.05200790679790297
3784,6.900113318503524e-05,0.05230974412811865
3785,5.748909364532058e-05,0.04659080079468022
3786,9.156141507749756e-05,0.05285155467895998
3787,0.00024180752031194668,0.04917450695794228
3788,0.00016724195544763157,0.04903409225806289
3789,6.764999367684747e-05,0.054381346090408095
3790,5.69997103108714e-05,0.048500925755912534
3791,9.790972884123524e-05,0.051063398062659984
3792,0.00017140093938602756,0.05434802121602609
3793,0.00010513478870658825,0.046871095258546505
3794,7.417148008244112e-05,0.0567254222308596
3795,0.00022430028960419198,0.05003764377416749
3796,0.0004344003667938523,0.048721030890963406
3797,0.00020150871908602614,0.05259490900329853
3798,0.00013763459282927214,0.04962306714082976
3799,0.00013042070883481454,0.049402934286678045
3800,7.896496657243309e-05,0.0522797961585899
3801,7.754835775510097e-05,0.04807343231160085
3802,0.00017908358616599193,0.05400244032825229
3803,0.0002672106260433793,0.05177919803955184
3804,0.00022965682631668946,0.04862528792936464
3805,0.00013724583647369096,0.050948670967236945
3806,9.029162077543637e-05,0.05021978332661092
3807,5.408144643297419e-05,0.04864697005294743
3808,4.476633645632925e-05,0.0504938516553426
3809,4.9886426859302445e-05,0.04913375294516789
3810,5.057477683294565e-05,0.04966201556694002
3811,5.997960300495227e-05,0.05335400940452795
3812,4.9909942996843405e-05,0.04844879075797678
3813,6.921528935587655e-05,0.049274378669943816
3814,5.3710517628739275e-05,0.05184878589182395
3815,4.8627090776183954e-05,0.04742562874323792
3816,5.116084454736362e-05,0.051648811032799516
3817,5.8101506147067995e-05,0.04869514241629438
3818,4.727865913688826e-05,0.04962128582573904
3819,4.726910034757263e-05,0.04967381072922321
3820,4.7778283139147486e-05,0.04952178358192942
3821,4.4776298940026514e-05,0.04933594596811859
3822,3.8959664986274824e-05,0.04956307751807379
3823,4.114437154688251e-05,0.04963561633264112
3824,4.099369277052271e-05,0.04917438719312699
3825,3.868627657842201e-05,0.04973427889383893
3826,3.946440483559854e-05,0.04904667659913195
3827,3.960635319041709e-05,0.04931036444457128
3828,3.768169772229157e-05,0.04939955075091699
3829,4.29577607671187e-05,0.04828204262909093
3830,4.3174680225395905e-05,0.05024543934507154
3831,5.726820939647344e-05,0.048922645321595126
3832,5.0109973623572536e-05,0.04964471920066627
3833,4.8199223723107325e-05,0.050124974346757806
3834,4.3984881146267676e-05,0.04889942305734414
3835,4.0974847797770055e-05,0.048983697467674205
3836,4.5354977676955364e-05,0.04936788445175217
3837,3.5495037445798515e-05,0.04946748851335537
3838,4.623270215233788e-05,0.04832557059840806
3839,4.676423074367146e-05,0.05004706765846376
3840,4.585324616831107e-05,0.047603116376183884
3841,4.338064973126165e-05,0.049344573861630686
3842,3.939033194910735e-05,0.04977253021410944
3843,4.550375476052674e-05,0.04677058275440457
3844,5.556832329602912e-05,0.051207030332260574
3845,5.135436780013454e-05,0.04727346686325009
3846,5.083220845942075e-05,0.04912731799634707
3847,5.594032118096948e-05,0.04965841507250498
3848,4.2245595250278714e-05,0.04705765064021474
3849,4.2078290425706656e-05,0.04990661789238322
3850,4.5086176396580416e-05,0.04879090438014147
3851,4.498463434477647e-05,0.04877857609423237
3852,4.475316139481341e-05,0.04864027142954979
3853,3.8368406482428936e-05,0.04786904571490765
3854,3.7887634001284216e-05,0.049421024522390104
3855,4.091155230222891e-05,0.048968708176677776
3856,4.4368151672339685e-05,0.04903197822525923
3857,4.6371638260704157e-05,0.04748533338264764
3858,3.756923203278954e-05,0.04937280117866327
3859,4.092197195859626e-05,0.047848727997958834
3860,3.716252297939112e-05,0.049196715246101745
3861,4.028272499757198e-05,0.04826105607003627
3862,3.97489585642082e-05,0.04872214675292765
3863,3.910031106594639e-05,0.04863663611127532
3864,3.8088944226425765e-05,0.048145017771823714
3865,4.15328186742651e-05,0.048397697088967635
3866,4.399953249958344e-05,0.04794596375527176
3867,4.2153875256190076e-05,0.0494629619261849
3868,4.751769277694014e-05,0.047771797918480394
3869,5.270041923116272e-05,0.04768044469409693
3870,5.8485006835932536e-05,0.04994391608569357
3871,5.25193764284874e-05,0.04444169883115206
3872,0.00011161508155055344,0.05481332613492918
3873,0.0002345208292050908,0.0446499486137944
3874,0.00026528280383596815,0.04924604816672703
3875,0.00012991945550311357,0.05130387125645726
3876,0.00010642010408143202,0.04042210677442582
3877,0.0002607490673350791,0.049786863410137376
3878,0.0004704549976546938,0.04978409347502918
3879,0.00013656731656131645,0.037962129614615474
3880,0.0002951469000739356,0.05245855330198197
3881,0.0006991571475130817,0.04856027920365508
3882,0.0009199154233404745,0.03934749054221425
3883,0.000347407969335715,0.060368965840789525
3884,0.00031951002407974255,0.043088827834992904
3885,0.00014796560474981865,0.04803355251798373
3886,8.810686704237014e-05,0.04842579587123068
3887,5.0527571147540584e-05,0.04447202079068891
3888,4.241301333725763e-05,0.047270876510689654
3889,5.393865697745544e-05,0.047957620848983265
3890,4.324102640869872e-05,0.04527729013880268
3891,4.23960368304203e-05,0.04624791649627712
3892,3.911213667985673e-05,0.046733684093032406
3893,3.616361451956133e-05,0.04596006114046738
3894,4.019089537905529e-05,0.04670436085849913
3895,4.097431083209813e-05,0.045959690809032026
3896,3.844840539386496e-05,0.04639162232946844
3897,4.299534217958959e-05,0.04582272246970158
3898,3.8447050125493355e-05,0.04661732445993837
3899,3.985777342071136e-05,0.04595675512914116
3900,5.232184388053914e-05,0.04633587095423531
3901,6.324654095806182e-05,0.046934943582198164
3902,6.654916942352428e-05,0.04519872572572564
3903,6.275687386126568e-05,0.04580664071145506
3904,9.550739293141911e-05,0.04717119405460027
3905,7.561950963766625e-05,0.04529080832545913
3906,9.51235881075263e-05,0.04704175178201227
3907,0.00015583297451181958,0.04683196446477103
3908,0.00011672467226162553,0.044378199272827185
3909,6.686231984834498e-05,0.04800737342233524
3910,5.6414615634518366e-05,0.04611255598052988
3911,4.769617929317368e-05,0.04497573512050797
3912,5.1861906225288594e-05,0.04563300149673215
3913,6.677119357239766e-05,0.04566088959585592
3914,7.146825325132037e-05,0.04507924569770694
3915,5.6816917882921796e-05,0.04759873667927949
3916,5.425531320118656e-05,0.043907915242016315
3917,4.762221651617437e-05,0.04585872769045333
3918,8.447583192416157e-05,0.04617560461261555
3919,9.886127712282663e-05,0.04360808821514859
3920,0.00010674619989003986,0.049064843149512614
3921,0.00012045312808671346,0.04108987444309158
3922,0.00012581873258265356,0.047271383606300454
3923,0.0001711794815491885,0.044955933465192104
3924,0.00021505901822820305,0.04462707575345248
3925,0.0004396684729726985,0.0484091508684255
3926,0.00046137591222456345,0.04417616193324371
3927,0.00012979466118849813,0.04648079895359949
3928,0.00011179863261835029,0.04725977369823782
3929,0.00010694211935818506,0.04103386336774157
3930,8.286470498812075e-05,0.047830952455327785
3931,0.00010914607216060783,0.042222717147843356
3932,0.00014649784231248,0.04497219486793841
3933,9.097187042546769e-05,0.049061723329856644
3934,5.963017829344608e-05,0.04104503167640657
3935,0.00010588410101869764,0.04917538824711779
3936,0.00010785849614573333,0.042991962812143805
3937,8.778825431363658e-05,0.04421834039572648
3938,7.270564480374256e-05,0.047403089059462326
3939,8.18543698793898e-05,0.04281225290737654
3940,7.469116195958728e-05,0.049460134209591174
3941,7.767462448100559e-05,0.04263278017670177
3942,8.164901185712855e-05,0.04551069054491164
3943,6.547715456690639e-05,0.04616843997800385
3944,5.353933132331198e-05,0.0411526593883462
3945,5.993120673034961e-05,0.04743742518268569
3946,8.155333149867753e-05,0.043888766544582375
3947,0.00010014195383215944,0.04297126266609725
3948,8.259261861288299e-05,0.048424606304071104
3949,6.299252806153769e-05,0.04250446400109526
3950,5.063224719682087e-05,0.0461471570745568
3951,4.595830493296186e-05,0.043208391539077136
3952,4.3674129604672394e-05,0.04477098719380273
3953,4.3556582992702414e-05,0.04464788900617488
3954,3.9098777536613244e-05,0.04368042673272957
3955,3.851501775595049e-05,0.044935900005865954
3956,3.7235958006931466e-05,0.04391017269441172
3957,3.897047718055546e-05,0.04440979792720132
3958,3.680044028442353e-05,0.044835765664983124
3959,3.778992371129182e-05,0.04368362085599648
3960,3.676157308897625e-05,0.044751613547927456
3961,3.682802938177095e-05,0.04441537142442594
3962,3.679903384181671e-05,0.04260159017550841
3963,4.632732525351457e-05,0.04530636494576234
3964,4.12126323984315e-05,0.044525820184607955
3965,4.3097007195077214e-05,0.04355721492238604
3966,3.579101879343701e-05,0.04464568686399239
3967,3.605545522683921e-05,0.04372937984666542
3968,4.284593136011002e-05,0.04464489028772764
3969,3.676567891185793e-05,0.04440259285902942
3970,3.471274103503674e-05,0.04369946712170515
3971,3.735652693042842e-05,0.04426215119028126
3972,3.78740517286739e-05,0.04389809936622691
3973,3.831023107826089e-05,0.04450727227873752
3974,3.797232905829636e-05,0.04356786914098986
3975,3.802597590644533e-05,0.043926909226891506
3976,3.669090122760584e-05,0.043903726475770795
3977,3.546951835839233e-05,0.04394560149729208
3978,3.4700703084430035e-05,0.043881906320379055
3979,3.5346866206964477e-05,0.043857267861695665
3980,3.598813952218431e-05,0.044128212635269205
3981,3.797875542659313e-05,0.04369433157619808
3982,3.511055862569871e-05,0.043742053734944664
3983,3.7545663993417595e-05,0.04398403416131759
3984,4.169661915511824e-05,0.04446476968740554
3985,3.521939433994703e-05,0.04253936175676335
3986,3.55025384730349e-05,0.04452971187120641
3987,3.914109159571429e-05,0.04395366682431372
3988,3.4715374689161156e-05,0.04330921414095843
3989,3.586441816878505e-05,0.04418985030140009
3990,4.044518427690491e-05,0.04424869989954502
3991,3.931604248161117e-05,0.04327114271435734
3992,3.737163642654195e-05,0.04509915722117416
3993,5.8296464703744275e-05,0.041763758819212606
3994,0.0001252553605202896,0.04801383530394288
3995,0.00028446523938328026,0.042270187626195235
3996,0.00033256009531517825,0.04593145202338826
3997,0.00023670811521393867,0.04107133507298317
3998,0.00032309832313330843,0.050424530490829844
3999,0.0005843544378876687,0.040944554250720036
4000,0.0003719264752968835,0.04417369747942869
4001,0.00017342698120046408,0.04322279660761008
4002,0.00011981910162527735,0.044834167904857745
4003,7.730317738605664e-05,0.04363260346285084
4004,0.00013516179460566492,0.04552841892231757
4005,0.0002753320790361613,0.04020419293382799
4006,0.0003033356721668194,0.04732414199534956
4007,0.00032854653812440423,0.03893189927514054
4008,0.0004337454891356174,0.04863262861525934
4009,0.0004542569178738631,0.042890802834575116
4010,0.0003218492803474267,0.04196524025861457
4011,0.0002357049835457777,0.0433984678810495
4012,0.0001368723351333756,0.04334237630756801
4013,9.47931390934779e-05,0.0412440028746901
4014,5.2959463694908966e-05,0.042827122712001335
4015,4.234625715374326e-05,0.04190056548285031
4016,3.5872890293831006e-05,0.04334183817808326
4017,4.1218055412173274e-05,0.04222750913199277
4018,5.7033833581954244e-05,0.04217953001535688
4019,6.514879084231021e-05,0.04463172268955723
4020,6.196284569644679e-05,0.039226294182001326
4021,7.018557832149478e-05,0.04625367486647913
4022,0.00011180565876808638,0.04187176696008496
4023,9.956813082681037e-05,0.04121414085779317
4024,7.420395268127322e-05,0.04522289838424029
4025,7.074709768251826e-05,0.038581645859634146
4026,7.281593861989677e-05,0.043628548335948446
4027,6.744387549891447e-05,0.04005983256195721
4028,7.561702659586444e-05,0.042085734870671486
4029,5.277892002292598e-05,0.040799659205742224
4030,5.265630037077547e-05,0.04186913205177267
4031,5.8163525924707456e-05,0.041904480619307016
4032,7.76848872192204e-05,0.04384803926103819
4033,5.665319816519817e-05,0.038136961814070565
4034,6.869818898849189e-05,0.04492103169966293
4035,8.392275400789609e-05,0.04000375998119295
4036,8.616305882848488e-05,0.04294267364870212
4037,7.546350389020517e-05,0.041677524027283905
4038,6.934392865029318e-05,0.04278192460558742
4039,6.467883504228667e-05,0.04231474856295955
4040,6.823642324889078e-05,0.042016796848725814
4041,7.586990250274539e-05,0.04157432470448882
4042,6.795748825728272e-05,0.04254883945012759
4043,6.405298481695353e-05,0.03961860567565506
4044,7.474897114055542e-05,0.04384476115739202
4045,9.04352772825708e-05,0.03900511333669879
4046,8.828281230914096e-05,0.04467761905030593
4047,0.00016228119372196185,0.037763993351104835
4048,0.00030698344611058325,0.04739158460053436
4049,0.00041509336515446196,0.039489445197586605
4050,0.0006471658445661888,0.050093647799923015
4051,0.0007601967314258218,0.041412940600135346
4052,0.0013217800859517106,0.0488188358695023
4053,0.0011484542347413177,0.04261623802513145
4054,0.0006417777854949236,0.0405425042116862
4055,0.0009095796165638603,0.045867219209202635
4056,0.0006142927876984079,0.03456742327649429
4057,0.0003046257479581982,0.04568504713127139
4058,0.00015492049181678642,0.037706769673338934
4059,0.00016672054795587125,0.03941926130635544
4060,0.00011011076931026764,0.04173634950022556
4061,7.697603966031845e-05,0.03911748271209477
4062,5.732772054519349e-05,0.04129790580676248
4063,4.23259953095112e-05,0.04050849740562296
4064,3.541769025711498e-05,0.03994826096850747
4065,4.290732322260737e-05,0.040822470758780184
4066,6.687060461748236e-05,0.04072108133342008
4067,6.039173482956054e-05,0.03936163916685537
4068,4.6149315069972846e-05,0.0414310336005411
4069,5.9857927772100085e-05,0.039221637507176235
4070,5.518283190516134e-05,0.04081282507470259
4071,7.467969371646176e-05,0.039305408933194494
4072,8.947701401969728e-05,0.04097010000276635
4073,5.882198505181198e-05,0.04024143664340614
4074,4.005339069408364e-05,0.039807945127021634
4075,3.760487888939679e-05,0.0393846901174504
4076,3.43494676296056e-05,0.04068161815075389
4077,3.820280641472588e-05,0.04059129944874507
4078,3.8042478505910066e-05,0.038824107658597284
4079,4.682936826914859e-05,0.04187598538909064
4080,5.4120891339456044e-05,0.03954968120894607
4081,4.418827569073376e-05,0.03972348003996787
4082,4.189645624137483e-05,0.040398545175850696
4083,3.745691137737595e-05,0.03977131742265141
4084,3.5987615895768006e-05,0.03976575334281361
4085,3.6056011231266895e-05,0.039545350731214325
4086,3.610742399663043e-05,0.04006682334628436
4087,3.33020669737986e-05,0.03971933099517479
4088,3.534591196512338e-05,0.04042731277094555
4089,3.4295661316718905e-05,0.03954826677572091
4090,3.65011699614115e-05,0.04016213431308994
4091,3.504098228101308e-05,0.03943930943605452
4092,3.3316962556758276e-05,0.040284927937812146
4093,3.61656505750337e-05,0.039713511813284925
4094,3.4956000551270945e-05,0.04030937353579316
4095,3.424662281759083e-05,0.03948921418125191
4096,3.56982044953232e-05,0.04000882294276806
4097,3.437726069629813e-05,0.03998255375459551
4098,3.612910889690587e-05,0.039869531353238466
4099,3.659555974688071e-05,0.03980149759513418
4100,3.360152816943203e-05,0.03942393198369713
4101,3.384802754832587e-05,0.039674197931567
4102,3.035065043756428e-05,0.03952403464531581
4103,3.082134256449838e-05,0.03976391183759756
4104,3.599727933760733e-05,0.04035706560015787
4105,3.780456318054348e-05,0.039539305318953
4106,3.801102720899507e-05,0.038973326189579625
4107,3.4929593190706025e-05,0.03947051290193932
4108,3.100500592457441e-05,0.0400078680511967
4109,3.523626534539896e-05,0.03954747082442263
4110,3.327411128945338e-05,0.03885472724786061
4111,3.441528945889634e-05,0.040348035977113096
4112,3.742424305528402e-05,0.03893799581551347
4113,3.9597702804409586e-05,0.0396508003172481
4114,3.928185057399484e-05,0.04037485681256356
4115,4.1716205790483705e-05,0.03921576595677292
4116,3.377650112573368e-05,0.04015290500372866
4117,3.246819760533981e-05,0.03882524771043998
4118,3.267871773762939e-05,0.0396596524062463
4119,3.495852749135035e-05,0.03949649689163555
4120,3.269074192454961e-05,0.03895679426758022
4121,3.462243669976791e-05,0.039966816918608566
4122,3.211253570043482e-05,0.03932515315422843
4123,3.3663143161296226e-05,0.03964005369074882
4124,3.111229840821276e-05,0.03892172335535397
4125,3.446098999120295e-05,0.03961625741862784
4126,3.325196242561409e-05,0.03930503467495461
4127,3.4960978761470564e-05,0.03908529053360485
4128,3.563152543695954e-05,0.03971073255337753
4129,3.198224876541644e-05,0.03928780463750185
4130,3.105067474583241e-05,0.0390950260113391
4131,3.389496972279934e-05,0.03936377451523637
4132,3.3918376720976086e-05,0.039655163001857306
4133,3.365861897085172e-05,0.038732164188108424
4134,3.510742293049892e-05,0.03959574866617828
4135,3.883690878865309e-05,0.03903558077726361
4136,3.5905234108213334e-05,0.039610814163597484
4137,3.8247284222355424e-05,0.03879015683741118
4138,3.5549089807318525e-05,0.03909125027508197
4139,3.454075231275055e-05,0.04039576624816948
4140,3.280795857184178e-05,0.03840149727129862
4141,3.9034519674411664e-05,0.040333531017426115
4142,3.961203159027112e-05,0.039307709351013145
4143,3.886062428743268e-05,0.03870693739770492
4144,3.831545351810443e-05,0.039687147584596745
4145,3.286713448081476e-05,0.037736649876896136
4146,3.904940895154141e-05,0.040098192458917874
4147,4.062775503067921e-05,0.03803215069118996
4148,3.93199148675194e-05,0.039564711517621684
4149,3.634747069251413e-05,0.038699120424731434
4150,3.750510416769733e-05,0.03917438809947813
4151,3.8819450128357855e-05,0.03980920378633432
4152,3.6972376498548935e-05,0.038449517076791465
4153,3.7406954652396963e-05,0.039740339035239096
4154,3.913287291652523e-05,0.03809882150431931
4155,3.757734739338048e-05,0.03949891912753623
4156,4.130488111210677e-05,0.03909340457124799
4157,3.6488231671683025e-05,0.038372562699869536
4158,3.521678409015294e-05,0.040616466838741205
4159,5.171552038518712e-05,0.03783022569171126
4160,5.073825547394032e-05,0.03972184463888843
4161,4.593937313378167e-05,0.0380689929027045
4162,5.209750209663374e-05,0.03849926275917334
4163,5.745421240135329e-05,0.03938695720780902
4164,6.687208854903778e-05,0.03896827902236398
4165,7.350617937239198e-05,0.03689551387902632
4166,8.043124059137578e-05,0.0432177716757209
4167,9.676954262734701e-05,0.036745211656875255
4168,7.121713958137358e-05,0.040435219924945975
4169,6.062283209757879e-05,0.036640727098715326
4170,8.079503119612733e-05,0.04083122553341962
4171,0.00013697909695717196,0.037854800974999214
4172,0.0001272078896969712,0.03956465341888738
4173,0.0001692107774942997,0.03826129921420603
4174,0.00014262481781770475,0.03917509274644374
4175,0.00015251421670351797,0.037826618987097466
4176,0.0003975283616455272,0.04500533012695044
4177,0.0004505088028963655,0.03934793562862521
4178,0.0003445658803684637,0.04046061283865214
4179,0.00026871328251824406,0.03972058797157124
4180,0.0003471168747637421,0.03765121075782206
4181,0.000335668507614173,0.03644583482303444
4182,0.0003320231781496356,0.04500834943593224
4183,0.00039494222631522764,0.03135982248932123
4184,0.0007686106953769922,0.049192009823211626
4185,0.0013179126496349152,0.030840084414210236
4186,0.001645121513865888,0.05639826529659331
4187,0.0022850846444877485,0.034324604407911415
4188,0.0042304429536064465,0.05680423704035885
4189,0.003773697831396324,0.033834691211167306
4190,0.0026702981830264132,0.03799080783610194
4191,0.001426133152563125,0.04244317592541028
4192,0.0009137422506076595,0.027752957508316516
4193,0.002576886691773931,0.05659639393932551
4194,0.0027816714408497017,0.047749397399350565
4195,0.0017193598362306754,0.03484281965079363
4196,0.0017795164758960405,0.03170178886040043
4197,0.0007462210371159018,0.04714146078215661
4198,0.0015116557789345583,0.04343323653348727
4199,0.0015098390247051915,0.02408898628060842
4200,0.0009790321307567259,0.06197288801637614
4201,0.004426538090532024,0.03369559101046918
4202,0.003133040030176441,0.018454429383079212
4203,0.0012979101991125693,0.04981429559009814
4204,0.0015563343709800392,0.0334696620352136
4205,0.0003722183445158104,0.023806873281426423
4206,0.00022330456267809494,0.03534166681326991
4207,0.0003267885108167926,0.033246210234359516
4208,0.00012666084852147225,0.025269576268030974
4209,0.00017769876188443353,0.03281603790329475
4210,0.0001334422151558101,0.03288613434074915
4211,8.711429739681383e-05,0.0274311477374231
4212,8.759454528141456e-05,0.03252366501517997
4213,9.857067634584382e-05,0.03228007546593353
4214,4.201577879333248e-05,0.02818331733408618
4215,8.170348179798263e-05,0.03092232753239485
4216,5.6657140764097376e-05,0.032222830158405075
4217,4.116827331017703e-05,0.02927703866789564
4218,5.018154297431465e-05,0.031639283896037186
4219,4.290238612156827e-05,0.03159768099703265
4220,2.9429679125314577e-05,0.03037662508833489
4221,3.509517749383425e-05,0.03125363209200424
4222,3.184408815286588e-05,0.03108679105450089
4223,3.0495474372097913e-05,0.030687106513194957
4224,3.3875675884094864e-05,0.031033876027955473
4225,3.2532329350942744e-05,0.030929505091149643
4226,3.1249186577042565e-05,0.031394762814192005
4227,3.2056673323192326e-05,0.030614450009885566
4228,3.3387242971609037e-05,0.030835082327296183
4229,3.490036566896985e-05,0.031370946989062495
4230,3.23608552813918e-05,0.030891431464911683
4231,3.450121415274528e-05,0.031090338858748564
4232,3.155192486398543e-05,0.03143739646296589
4233,2.987724825895081e-05,0.03063469606843826
4234,3.288722606763865e-05,0.031076264963212984
4235,2.961435044805209e-05,0.03139956917529327
4236,3.209984339870668e-05,0.030843241158627757
4237,3.384032994896794e-05,0.03096074892455788
4238,3.282636692650461e-05,0.031226591939958935
4239,3.154987352900207e-05,0.03089477476215927
4240,3.357094562185618e-05,0.031247038234226754
4241,3.043240649276413e-05,0.031158210817936873
4242,3.347359852341469e-05,0.0308622796287929
4243,3.243735118303448e-05,0.03075048279075758
4244,3.1500896875513716e-05,0.03134605997345514
4245,2.921229364195218e-05,0.030840012615230696
4246,3.192355688952375e-05,0.030716370342895715
4247,3.25762084685266e-05,0.03132371666632887
4248,3.157623553609786e-05,0.030900316150199992
4249,3.1867243039111295e-05,0.030836854981699663
4250,3.5190217749914156e-05,0.03074166145004136
4251,3.24883846284744e-05,0.03136859787117461
4252,3.73704084874286e-05,0.03038007600712236
4253,3.8107610453153026e-05,0.031144302116423758
4254,4.877507696316267e-05,0.03062907316720614
4255,4.495163739193231e-05,0.03079472566180051
4256,3.6395309507497586e-05,0.032316632107600066
4257,5.067205432472595e-05,0.0308199667947759
4258,6.106374639784918e-05,0.030930531145841406
4259,4.89405322393092e-05,0.031758619266785464
4260,3.312590112424611e-05,0.030433981466973035
4261,4.4157895657311505e-05,0.03143378373709295
4262,5.043303099228069e-05,0.03086665729932182
4263,5.164915952870312e-05,0.03046423970307741
4264,4.2925469460897145e-05,0.031521990829574936
4265,3.3190377750239955e-05,0.029735017077703225
4266,4.783491507017364e-05,0.03090964523566157
4267,4.354764144712438e-05,0.03110181268240592
4268,3.275903606360468e-05,0.030032470020362072
4269,3.522507886373205e-05,0.03136202576638292
4270,3.854079016794761e-05,0.03071061341495019
4271,4.1590523081443584e-05,0.030820833686575816
4272,3.836383984889835e-05,0.030943335702149907
4273,3.426158994746705e-05,0.029862812421371756
4274,3.509762536850758e-05,0.03184312597401876
4275,4.15514912068223e-05,0.030554765585894365
4276,3.401024756991925e-05,0.030265490118038366
4277,2.8211219857136408e-05,0.03088749188702412
4278,2.9416037432383745e-05,0.030780873630381032
4279,3.249470488905596e-05,0.03047220865353038
4280,3.0424376988473037e-05,0.031001019177887567
4281,3.024406178155914e-05,0.030869054628811145
4282,2.880297931066404e-05,0.030649652335607604
4283,3.0795190347513805e-05,0.030766991237369066
4284,3.065367175925833e-05,0.031077773376280846
4285,3.095008711776851e-05,0.030618302174503453
4286,3.0622697886428794e-05,0.03064435298182887
4287,3.2269647150921324e-05,0.031175361094555182
4288,3.1716617134710155e-05,0.03022561475569219
4289,3.274087236301663e-05,0.030905141563247345
4290,3.240927235310664e-05,0.03113584559171172
4291,3.015000620507635e-05,0.03038367366538062
4292,3.2539916477010894e-05,0.03071997345361194
4293,3.139001491945237e-05,0.03144627424605104
4294,3.164888233489667e-05,0.03056838894970933
4295,3.2695188565412536e-05,0.030495675492416306
4296,3.173167254620542e-05,0.031135315270223028
4297,2.645675873888346e-05,0.030335844327608528
4298,3.174521868155959e-05,0.030971872299631827
4299,3.06147708518741e-05,0.030900325572011958
4300,3.196059915353544e-05,0.030346430763221015
4301,3.30592185491696e-05,0.03126086465597741
4302,3.2347771169346135e-05,0.030680964322357673
4303,3.0131002313282805e-05,0.030436713624628513
4304,2.6324172358727084e-05,0.03099005167816401
4305,2.917230788928767e-05,0.030857885353082017
4306,2.9711766668090907e-05,0.03058873972214203
4307,3.0921541717058666e-05,0.030909136320635872
4308,3.1244691005364684e-05,0.030571831513484884
4309,3.1402664171764626e-05,0.030625549532413178
4310,3.036064396534736e-05,0.030609407463541242
4311,2.855136323584399e-05,0.030494732924530074
4312,3.0215329995068412e-05,0.03075041137404239
4313,3.096108412137255e-05,0.030771070451350413
4314,2.9203053175782166e-05,0.030488979227279927
4315,3.093084863697489e-05,0.03061683501637056
4316,2.7425372779058912e-05,0.030845553315331755
4317,3.052955580642447e-05,0.030576437163678655
4318,3.078500521951355e-05,0.03087704599125594
4319,3.097231504701388e-05,0.03043563403216414
4320,3.318798044347204e-05,0.030521279663849644
4321,2.9937122720487728e-05,0.030841786899108287
4322,3.124723249735932e-05,0.030404289363684646
4323,3.5587703314376996e-05,0.031198992931736055
4324,3.6398263667554905e-05,0.03065117222681772
4325,3.279262734091996e-05,0.0300017616136969
4326,3.297381917946041e-05,0.031152595253593197
4327,2.9829957444841663e-05,0.029949352143152634
4328,3.440720744644447e-05,0.0313032070319141
4329,3.7193942262092605e-05,0.030356952662536144
4330,2.84802384461121e-05,0.03033280904385757
4331,2.715980675323711e-05,0.03074454006532
4332,3.1480923159203185e-05,0.030650977290042115
4333,2.8369059024650292e-05,0.030563064204115007
4334,3.077388464589603e-05,0.030279094439438322
4335,2.9909189470345156e-05,0.030613358943363686
4336,3.101885182938228e-05,0.03067838409656866
4337,3.0647248301344614e-05,0.030451523533570227
4338,2.9584816851032276e-05,0.03026786204856379
4339,3.199207033806791e-05,0.030751311973183912
4340,3.2006502563793524e-05,0.030580535747535657
4341,3.178401942326066e-05,0.030501702691806885
4342,3.1192805909086016e-05,0.03074663987298828
4343,3.0316628059760357e-05,0.030407840585504924
4344,2.885876917086231e-05,0.0303777614295243
4345,3.0653132610799125e-05,0.030633306577365998
4346,3.0241754332867763e-05,0.030614627420708907
4347,3.0204699214664288e-05,0.03065197862622094
4348,3.0500262558537845e-05,0.03055113964586121
4349,2.9864476770550632e-05,0.03050698935597514
4350,3.06606394588016e-05,0.030357426949449928
4351,3.087682804713647e-05,0.030548066317106527
4352,3.0433447561032758e-05,0.03035639746220815
4353,3.087895347562153e-05,0.03053658667166189
4354,2.9533650255568016e-05,0.030249625759278233
4355,2.9059871788679933e-05,0.030498026952566853
4356,2.5977859574292477e-05,0.030481403320142725
4357,2.961148299315634e-05,0.03040017795303771
4358,2.931597045972012e-05,0.030542990586608757
4359,3.0565063449709364e-05,0.030231710045111
4360,3.121206827927381e-05,0.03072290368274682
4361,3.0036274741481368e-05,0.030506890188842707
4362,3.0381993080178898e-05,0.030392809888437847
4363,3.0280237600284938e-05,0.03040708910519998
4364,3.0099754076218234e-05,0.030447489085705264
4365,3.0283173934246103e-05,0.03045903582109563
4366,3.0702594873825247e-05,0.030782932425476067
4367,3.0588184745283795e-05,0.030197717243606738
4368,3.205069006071426e-05,0.030516435437813967
4369,2.9798423929605634e-05,0.030549711370105415
4370,3.141219349345192e-05,0.029967232091605598
4371,3.0500340653816237e-05,0.031005512649324118
4372,3.456054655543994e-05,0.030491555182124375
4373,3.448015340836719e-05,0.029937909689680155
4374,2.9883283908323695e-05,0.03149470997898028
4375,3.316763565332319e-05,0.029923272955337574
4376,3.491957807758202e-05,0.03045962857217283
4377,4.693571148285021e-05,0.031045315846425007
4378,4.860716459612983e-05,0.028278081558715574
4379,4.820039466721937e-05,0.031435460745416886
4380,4.489625450029659e-05,0.029346799152856966
4381,4.965651508731147e-05,0.030081426417754624
4382,4.929393908241764e-05,0.031202369206516912
4383,4.4924960093339905e-05,0.028720965657971408
4384,4.825554569833912e-05,0.0321736381159774
4385,5.8844820887316016e-05,0.030108927679997025
4386,5.932268880618115e-05,0.02848200279571203
4387,5.2735108086684096e-05,0.0336619255058767
4388,7.59548672552531e-05,0.029134700987052325
4389,0.00010215990769211203,0.029373366427226592
4390,8.013189071789383e-05,0.03506046986719321
4391,0.00015546607319265603,0.02787738889101784
4392,0.00018678688114353765,0.030050376211960217
4393,0.00015576540220839282,0.03416767957578114
4394,0.00017071645512866477,0.02652447716991978
4395,0.00020445219415705652,0.03737447865454382
4396,0.0002832879913815608,0.0292350186133071
4397,0.00027206372760701925,0.028728012474831085
4398,0.0001963735994650051,0.03642086040641165
4399,0.0001956376974703744,0.026549452712911873
4400,0.0002228614001069218,0.033141919681993016
4401,0.000307677387415121,0.031375047793660904
4402,0.00026693228088940185,0.02609202825213777
4403,0.0002798994465896006,0.03487585040765177
4404,0.0005136623745784164,0.03170810920854878
4405,0.00027624247207616766,0.0263842430492667
4406,0.00017691644122047972,0.03657404459775997
4407,0.00017979711556108667,0.027968227132822644
4408,0.00015229926599810522,0.02797082745012615
4409,7.651475122353683e-05,0.03553535275185775
4410,0.00011505481864636143,0.028389325408994803
4411,0.0001116779695924682,0.029055612995724973
4412,6.627563367752979e-05,0.03287482653351021
4413,5.073931849134775e-05,0.027393255119310005
4414,8.58189994081234e-05,0.031641253448235776
4415,6.719893475140756e-05,0.030472168355107264
4416,8.983852167148143e-05,0.02949170269479169
4417,0.00011289578978903591,0.030846041493112365
4418,0.00018216217528485383,0.028523803687904966
4419,0.00013276367002011588,0.029704411501508772
4420,0.0001481471219449304,0.0314381772669969
4421,0.00021326880087144673,0.024953294435123865
4422,0.0005454814992845059,0.026821798614324315
4423,0.0007762943937753637,0.03832109854624699
4424,0.0002630365236351887,0.02277925716337274
4425,0.00032444190001115205,0.03271527023446795
4426,0.00043519551012044153,0.03262847604581334
4427,0.0001279323730462541,0.02534405809516708
4428,0.00011764597535754243,0.03369989805876642
4429,0.00016798673896119,0.028752321638820463
4430,0.00022352295927703382,0.02737379482571493
4431,0.00019142747890631048,0.03091677334683822
4432,0.000174675410380587,0.028262831848686595
4433,0.0001422554972426345,0.02924533990008909
4434,0.00010004411548531304,0.03131959851278395
4435,7.444579920653874e-05,0.029538635118886263
4436,8.77812213730067e-05,0.028042028454875804
4437,7.625213329447434e-05,0.031220522949510193
4438,7.429132844360235e-05,0.02771357846193081
4439,9.485959550753857e-05,0.029977545850877568
4440,7.681749751403307e-05,0.030496440354356138
4441,6.0930507121762885e-05,0.02759745805415363
4442,5.3085913532413545e-05,0.031190506475691666
4443,6.165438195845732e-05,0.028357446289346253
4444,7.737484847893938e-05,0.03194262622821564
4445,0.00010993617033818736,0.029864959365671927
4446,0.00015247440217838932,0.02910243560102556
4447,0.00010782346240982103,0.028914889315625227
4448,5.18466319287351e-05,0.028925594996609207
4449,3.185179472590486e-05,0.028659732265150097
4450,4.333939711311056e-05,0.0282164499951984
4451,4.664331645471975e-05,0.029729078839701866
4452,4.970965965185314e-05,0.027811497568332573
4453,5.082510275921474e-05,0.029358848595817447
4454,4.581338895756441e-05,0.029087985936233674
4455,3.5983602720079945e-05,0.027875521085129733
4456,3.6574921735639995e-05,0.029826261628043364
4457,3.338407526219574e-05,0.028315337552833345
4458,4.312667612490865e-05,0.02866666469204223
4459,4.797248936180646e-05,0.029421912525284883
4460,3.8425892125815156e-05,0.02796655451015662
4461,3.5771180046140215e-05,0.029024375325861274
4462,3.631117009111525e-05,0.02904565901936669
4463,4.0777993854135274e-05,0.02854247190424497
4464,3.939266765276746e-05,0.028737138229359638
4465,3.791619189238797e-05,0.02955277778660301
4466,3.9844233348655204e-05,0.028315839407371892
4467,3.679048701693925e-05,0.029145749334153332
4468,3.90497535894004e-05,0.02885073865525566
4469,3.8508828341340023e-05,0.028731526789249996
4470,3.530165583166915e-05,0.029060212839108875
4471,3.3318668041223036e-05,0.028609735413307424
4472,3.613954419658209e-05,0.02915438431504384
4473,3.326301884953864e-05,0.029143302363400722
4474,3.53924318915233e-05,0.028353882543007403
4475,2.9280521387894018e-05,0.028756435573841745
4476,3.122438671804654e-05,0.02907527743379874
4477,3.3084778018140544e-05,0.028243280904999342
4478,2.7635092161896562e-05,0.029299885708204205
4479,2.9056734517022655e-05,0.028216572348722827
4480,2.9663769479763382e-05,0.028896724049557457
4481,3.353359570610337e-05,0.028798507665398352
4482,3.845253595500253e-05,0.028977665638316923
4483,3.661267546704039e-05,0.028571969678023643
4484,3.04469407031623e-05,0.028659417200357005
4485,3.026535626607559e-05,0.028812980314387195
4486,3.000922030575263e-05,0.028757297634746205
4487,2.8548581637248085e-05,0.029036328930418655
4488,2.969612808859286e-05,0.02853836784682547
4489,2.9857707553067787e-05,0.029122412989014072
4490,3.0048024442900592e-05,0.02849656916958721
4491,3.354164170256506e-05,0.029128051314255145
4492,2.8476408927720817e-05,0.02892090990963768
4493,3.25336722501864e-05,0.02875777897329685
4494,2.9636463053369275e-05,0.029140905260955315
4495,3.2171856825395175e-05,0.027895162204737988
4496,3.093600923117871e-05,0.029511727147248208
4497,3.0851038657904914e-05,0.028236510622184397
4498,3.50433814067704e-05,0.028632912969990085
4499,2.9061247429732853e-05,0.028585812196405113
4500,3.255517840443645e-05,0.028670595635112636
4501,3.161809048227345e-05,0.028723131604519895
4502,2.582996651957122e-05,0.02842472259115907
4503,3.067893909853107e-05,0.028859012815706454
4504,2.914573439435723e-05,0.0285735652116209
4505,2.9627614821947645e-05,0.02857582318618327
4506,2.751494842717269e-05,0.028504579218393136
4507,2.689867348332579e-05,0.029087358836169024
4508,3.088976736762561e-05,0.028407284980081566
4509,2.905075004188499e-05,0.028886003735984475
4510,3.7216894755450386e-05,0.028685695516239656
4511,3.6523327192602055e-05,0.028265901784717558
4512,3.5867031207696225e-05,0.028973892248747597
4513,3.0027745136370262e-05,0.028765019934150603
4514,2.7315213992551433e-05,0.028862839700839325
4515,2.881966902350541e-05,0.028297581036278312
4516,3.1123852022574286e-05,0.028677411149024463
4517,3.335595696019785e-05,0.028466016553173507
4518,4.138364505100374e-05,0.028574171904283876
4519,5.364496197823125e-05,0.028282816598412433
4520,5.088295244301359e-05,0.028510524525731933
4521,4.1369811030259976e-05,0.029722481653535443
4522,3.38667466470118e-05,0.0283192146384996
4523,3.488953443593345e-05,0.028565641727478226
4524,2.7409117925950947e-05,0.029133601387151195
4525,3.109877434326336e-05,0.0287811761114022
4526,2.9031560188741423e-05,0.02847958406486565
4527,2.920913017684749e-05,0.02879727062563635
4528,2.986566396430135e-05,0.02849863246130915
4529,2.865719404023063e-05,0.02844826394504165
4530,2.8784635651391e-05,0.028592559778913094
4531,2.9463069222401827e-05,0.028384916315179275
4532,2.9343799057339007e-05,0.028824636935629495
4533,3.0093985090691908e-05,0.02813833215129589
4534,2.831653837347403e-05,0.028678650050070028
4535,2.904857537942007e-05,0.028284905748632436
4536,3.1395423502544875e-05,0.028737501008436084
4537,3.142365615834327e-05,0.028325532994992835
4538,3.135531466493073e-05,0.02835381101736559
4539,3.161275756914013e-05,0.028267702540145826
4540,3.0022533852995063e-05,0.028876130974630973
4541,3.0181914189597593e-05,0.02795394887393395
4542,2.9658953038354716e-05,0.028237877721348177
4543,2.751940119196661e-05,0.028569585988529527
4544,2.9429432227819537e-05,0.02811455539133596
4545,3.046617663737076e-05,0.028679113304759894
4546,2.7911938862719882e-05,0.02774648701333664
4547,3.7314767541829494e-05,0.029359142716064483
4548,3.665207429245735e-05,0.028044940535134327
4549,3.2006606003657606e-05,0.028426009458040392
4550,3.247212589485571e-05,0.028223868261693232
4551,3.2198363138983645e-05,0.028449118240159114
4552,3.395484454813413e-05,0.027973824659939747
4553,3.9261175455370294e-05,0.02936506825628587
4554,4.083496060047764e-05,0.02746541012413473
4555,3.8197791582206264e-05,0.028994140844609675
4556,3.282672126564042e-05,0.027928930445171196
4557,2.941077012413492e-05,0.028908976542284134
4558,3.145344696046474e-05,0.028132305648695264
4559,3.292753329636374e-05,0.02838565104495331
4560,3.3506461234840876e-05,0.02862523089956808
4561,3.682388026694146e-05,0.02893986883103488
4562,4.387974477140233e-05,0.027511951111921527
4563,5.9743659100301254e-05,0.028819125097337566
4564,4.4019403139827774e-05,0.027573556151467088
4565,4.7775298541334146e-05,0.02928604012660203
4566,4.503099795935365e-05,0.02745198045907629
4567,3.523623042080241e-05,0.028541379982989543
4568,3.131925404886715e-05,0.028029838036024147
4569,3.219541977159679e-05,0.028384898636729744
4570,3.5913124884245916e-05,0.028025462039220773
4571,4.452797826767589e-05,0.029156187689816853
4572,7.125428892322816e-05,0.02690613111589997
4573,0.0001265329524661259,0.030227437007447913
4574,0.0001047651957681713,0.02744331508731927
4575,7.226515153888614e-05,0.02953758820713013
4576,7.101857481757179e-05,0.027518153899997386
4577,0.00011115213468049963,0.029942676542757066
4578,0.00020212952513247727,0.023912390315502186
4579,0.00028188535070512445,0.03368843016446138
4580,0.00025370953662786635,0.025017675554940794
4581,0.00021383397155053292,0.030317924119537553
4582,0.00010604504398846378,0.02845651482447045
4583,0.00023938758240547032,0.028987262209765722
4584,0.0003523112999876806,0.026512594707718676
4585,0.0003513947299021917,0.029123287705149044
4586,0.0006912749299469094,0.025173478327182322
4587,0.0017793402580233912,0.030157205393423505
4588,0.0019693468464538457,0.026033260962688935
4589,0.0005492027131064485,0.023795495440159537
4590,0.0001689553454828759,0.030228793963501286
4591,0.00033358170185238123,0.02206647316639295
4592,0.0008534833362015585,0.03938500933370918
4593,0.0020592062510938073,0.02932365927899703
4594,0.0015487468956659237,0.024684791776218195
4595,0.0017122266173828394,0.02685882340795333
4596,0.0007287905279857417,0.04112799059700395
4597,0.0019185474802119037,0.03136766457804942
4598,0.0034593181296562153,0.017196616402974253
4599,0.0017309277784079314,0.042129703307230225
4600,0.002931641833856702,0.024286526945291622
4601,0.002010595550139745,0.01621623815184361
4602,0.0011114988980504374,0.041113491695679245
4603,0.0015511047483111422,0.021229793104187895
4604,0.0007631913991644979,0.017078225022966142
4605,0.0003489537048153579,0.034941752008244134
4606,0.0008444914594292641,0.018535838219369844
4607,0.0009500865281249087,0.020326892828312838
4608,0.0006026050153498849,0.035088530559179903
4609,0.0004589504911564291,0.021886185193856447
4610,0.00020616185890200237,0.02395689165442964
4611,0.0002739643729000818,0.02908756278594139
4612,0.0007299628477388372,0.024214951285400715
4613,0.0003191245608225775,0.024964676775060028
4614,0.00015676952461944892,0.023898641906654167
4615,0.00031157003443998597,0.024931610597308442
4616,0.0001355600732495077,0.022236055767024754
4617,5.878922953949465e-05,0.0234100380136321
4618,9.656002415188898e-05,0.025306308230831784
4619,0.00010263289247329037,0.021618177698671883
4620,8.537649603871008e-05,0.024643239240456177
4621,9.90350633704414e-05,0.024026229167466013
4622,6.35607575532049e-05,0.020748767240329685
4623,6.051728608629977e-05,0.025525298264362353
4624,6.328066641193194e-05,0.023134213377999372
4625,5.2693754696520045e-05,0.02277440637791235
4626,5.2427248010644686e-05,0.024297282540876614
4627,4.514548393975322e-05,0.0228739903762539
4628,3.511662192371053e-05,0.023906310219644455
4629,3.5712713967465484e-05,0.023748533712422245
4630,4.3706710008943143e-05,0.024091187847181828
4631,4.570043820422143e-05,0.0233810456913531
4632,3.273697269226735e-05,0.023674181614504113
4633,3.07513366957816e-05,0.023854363758024372
4634,3.2039913154828055e-05,0.023360846558727368
4635,3.198051878522771e-05,0.02358832899467442
4636,3.1108413774442546e-05,0.023586080379291215
4637,2.8883509367005898e-05,0.02359998250538102
4638,2.840681287731665e-05,0.023669333692792564
4639,3.247165392773847e-05,0.023285621759816678
4640,3.37892648531124e-05,0.02344464933518756
4641,3.234454149302716e-05,0.024089100373410537
4642,2.962878158238406e-05,0.02266028576717053
4643,3.605273571641495e-05,0.024147757508435248
4644,3.5508830236115804e-05,0.023410199462280918
4645,3.544882662633124e-05,0.022902366968364677
4646,3.211179791833274e-05,0.023855124794937975
4647,3.143043359159492e-05,0.02344326212136238
4648,3.0319803227030206e-05,0.023823725570222002
4649,3.055222380983954e-05,0.02380656633949539
4650,2.9953715966257732e-05,0.023588944619319985
4651,2.6173514440112435e-05,0.023554048235446476
4652,2.7630530166788957e-05,0.023549381968271183
4653,2.918463542300742e-05,0.023655805042372982
4654,2.8976563286657134e-05,0.023344086598855448
4655,3.164138336918161e-05,0.0235688229553042
4656,2.6225737504622277e-05,0.02375564859922681
4657,3.0959676587372086e-05,0.02331089327344671
4658,2.846732483400653e-05,0.023943380707308476
4659,3.036666166735813e-05,0.023246059799771103
4660,2.9425453976728023e-05,0.023450579164734885
4661,2.6162944899018233e-05,0.023624080504571245
4662,2.645394779392518e-05,0.023370308175203743
4663,2.652577689635412e-05,0.02370565050970545
4664,2.7083609408388534e-05,0.023676197359417374
4665,2.7850928987997273e-05,0.023451257005200465
4666,2.7101881763276954e-05,0.023507251294618416
4667,2.827860650237805e-05,0.023717159736896077
4668,2.8398361367483935e-05,0.02370762958753669
4669,2.8311831071429574e-05,0.023444241366542506
4670,2.724981544209489e-05,0.02357196767626559
4671,2.6264056214131414e-05,0.02365336243583336
4672,2.6560322051712622e-05,0.02342364250080475
4673,2.9346961794847934e-05,0.023700197880858916
4674,2.762299603394543e-05,0.023550479788583708
4675,2.881889849959407e-05,0.023611678566908934
4676,2.928963306961426e-05,0.02361128404151038
4677,2.684012069948949e-05,0.023542752335588748
4678,2.807987402775325e-05,0.023551871111325114
4679,2.812434031511657e-05,0.02366947302457261
4680,2.6004000756074674e-05,0.023790689561739346
4681,2.8547349211294203e-05,0.02341384246498782
4682,2.8702142784216753e-05,0.023775039985163237
4683,2.80161869644265e-05,0.023594803289831642
4684,2.776464195145915e-05,0.023594041711348518
4685,2.509069278554913e-05,0.023757578804408205
4686,2.6547556262812578e-05,0.02376028631843779
4687,2.7893845253856852e-05,0.023498893254205084
4688,2.8606586177678157e-05,0.023491211290667325
4689,2.8699980369613816e-05,0.02370873573188512
4690,2.7734648998981962e-05,0.023311930348108148
4691,2.732415280964536e-05,0.023883945848493245
4692,3.1064470628431685e-05,0.02336295621880815
4693,2.8800865887509038e-05,0.02366217459063182
4694,3.2609170496774216e-05,0.02354166404090887
4695,3.079270985229717e-05,0.02343363172853943
4696,3.023824077293587e-05,0.023631315807027643
4697,2.992516698820206e-05,0.023414527031671996
4698,2.5154390580913363e-05,0.023963092381750064
4699,2.7427887107478455e-05,0.02328239927171833
4700,3.055093814812911e-05,0.023659408993866534
4701,2.91348133032443e-05,0.023530658411082664
4702,2.8210053036067013e-05,0.023894025401582624
4703,2.4649162999897573e-05,0.02326909307395898
4704,3.117617015959695e-05,0.02349540935958632
4705,2.83814357923499e-05,0.024173986366187488
4706,2.9795589216519148e-05,0.022717054479221722
4707,3.127794067646998e-05,0.024175209714894928
4708,3.08301002708807e-05,0.02344319716671874
4709,3.0074814033772176e-05,0.023536065136210458
4710,2.950379033184921e-05,0.023704007803734762
4711,3.353599992503102e-05,0.023425844596353038
4712,3.425566756050102e-05,0.02357847866880005
4713,3.12789869591749e-05,0.0239092335996779
4714,3.1665653902261205e-05,0.023231316289771892
4715,3.9940315764397384e-05,0.023394978815915707
4716,3.8081828339879094e-05,0.024581721792547633
4717,3.316464377955223e-05,0.02199794057578295
4718,4.289807062984134e-05,0.024189310309025106
4719,4.514458851190284e-05,0.023855209384625504
4720,3.497230597228433e-05,0.023456922869132667
4721,3.801415296038613e-05,0.024152898568011907
4722,3.443867487173217e-05,0.023254394535334746
4723,3.136835293844342e-05,0.023786315749595433
4724,2.898037637351081e-05,0.023627978737659382
4725,2.6556625743978658e-05,0.023761186377711768
4726,2.5580762667232193e-05,0.02321456923225775
4727,2.6097037941023398e-05,0.024003985638482418
4728,2.841216919478029e-05,0.023370602271963477
4729,3.1023829675784026e-05,0.023794214320178444
4730,2.8049287599666665e-05,0.0237268888529755
4731,2.8120069024832144e-05,0.023139889994350245
4732,3.0328605983716746e-05,0.023894928511142274
4733,2.9820774701268724e-05,0.02372480927059721
4734,3.072772087762132e-05,0.023712261264043594
4735,3.330088317549477e-05,0.023589206156892736
4736,2.9760635031076768e-05,0.023637849708531618
4737,2.7372166853941357e-05,0.023607036533863528
4738,2.881770778913051e-05,0.023562131693303498
4739,2.7413594216341154e-05,0.02384869341516584
4740,2.942645939280434e-05,0.023280262148854654
4741,3.0402341508306563e-05,0.02385969656929428
4742,2.8791059836900482e-05,0.02353834076335229
4743,2.931592462118715e-05,0.023456412190516963
4744,2.998786512762308e-05,0.02373713336181037
4745,3.125457369606011e-05,0.023384023587456334
4746,2.9158617932504662e-05,0.023684588582282177
4747,2.8232630090011904e-05,0.0233901166122227
4748,2.7926503268342154e-05,0.023773654139388287
4749,2.7853572949728306e-05,0.023545929989491572
4750,2.8029532889680315e-05,0.02349671793690398
4751,2.89232877548784e-05,0.02352343427428529
4752,2.8061269161601862e-05,0.023643604142398012
4753,2.7407265103344496e-05,0.023478346505428377
4754,2.5474248347260678e-05,0.023804667066069242
4755,2.5936359573582498e-05,0.023269915960086453
4756,2.897317632838773e-05,0.023894253695773082
4757,2.8469101865387834e-05,0.02356877990410124
4758,2.90147004610238e-05,0.023313094471711992
4759,2.892650906384612e-05,0.023591187199487825
4760,3.1058231009713684e-05,0.023434267808922854
4761,2.952727663796395e-05,0.023452305069536362
4762,2.8472708800109102e-05,0.023736485841409003
4763,2.5794731118367054e-05,0.02378008813646279
4764,2.5475129708259676e-05,0.023225012763977943
4765,3.0272062819373483e-05,0.02374006210477772
4766,2.3816712200641632e-05,0.023319962141049578
4767,2.766098235345756e-05,0.023903368850380226
4768,2.7580437260136628e-05,0.0235080138925866
4769,2.641326100274455e-05,0.023649031950953303
4770,2.671108835177923e-05,0.023547167629711548
4771,2.8549359922180883e-05,0.023576793709513866
4772,2.707356143218931e-05,0.023649377738498695
4773,2.812058495085997e-05,0.023338333272976988
4774,2.809273009916069e-05,0.02366850326690082
4775,2.627606809255667e-05,0.023597038062003424
4776,2.7806787208343546e-05,0.023493179225305652
4777,2.7283717584699238e-05,0.023582096261309995
4778,2.7048535775975326e-05,0.02338409522508832
4779,2.5916322920238598e-05,0.023605582807744087
4780,2.5901645494741386e-05,0.02357850182387564
4781,2.5026975587631266e-05,0.02372243008998424
4782,2.9520296811824666e-05,0.023601432377200204
4783,3.168616894981824e-05,0.02319638614749743
4784,3.602627427123177e-05,0.023693333576332604
4785,3.678565808513667e-05,0.023377314172154127
4786,3.2183408378235376e-05,0.023552215206423196
4787,2.7018099111349632e-05,0.023800432308623293
4788,3.1365219183498996e-05,0.023301396987330147
4789,2.8538075033187244e-05,0.02370825556225323
4790,3.108629777367848e-05,0.0233372023325054
4791,2.8431044847820884e-05,0.02361754281888852
4792,2.7523343305801973e-05,0.02351532060869463
4793,2.776603238695922e-05,0.02343113661698768
4794,2.709292214907085e-05,0.023552248388193874
4795,2.7395318708537766e-05,0.023580380035659616
4796,2.8739484453884263e-05,0.02353384870217503
4797,2.5896897568600252e-05,0.023627482163678985
4798,2.9068312020778345e-05,0.02346067579581582
4799,2.7965566065783302e-05,0.023469634318372987
4800,2.7746458848317464e-05,0.02395997820755641
4801,2.8960379616667827e-05,0.024010129184775294
4802,4.250216588843614e-05,0.02279186340039378
4803,6.842417157410333e-05,0.025019118362188078
4804,8.755088153217609e-05,0.021868931540772754
4805,7.479093886407403e-05,0.024353078464713296
4806,7.875488251253652e-05,0.02238763227196933
4807,0.00012479370343498886,0.024716960694109856
4808,0.0001461194168465833,0.022251905337975452
4809,9.078860797065621e-05,0.023523211983653407
4810,6.949523982863563e-05,0.021606669314641353
4811,8.321218338096515e-05,0.024746423196088392
4812,0.00015948262880556286,0.021909468679631686
4813,0.00025987457411247306,0.025522974557352213
4814,0.0002061267849057913,0.021214912406561013
4815,0.00014111157070146875,0.02570884175018587
4816,9.970079797009627e-05,0.024038325761014608
4817,0.00012289409060031175,0.022834977174888513
4818,0.00012387643995073934,0.026724742014404952
4819,0.0001698797879119714,0.023266950020381406
4820,9.424730475681524e-05,0.024273103720859803
4821,6.621075008297339e-05,0.02295188532464141
4822,4.1004817467182876e-05,0.02420710048186239
4823,4.655191805795767e-05,0.023130359646199784
4824,4.4817032903665674e-05,0.02394430411091804
4825,8.097394675132819e-05,0.0220606243952684
4826,0.0001354726327311558,0.02519684447158041
4827,0.00013565207870366673,0.021645327237889454
4828,0.00016992551876076806,0.028621010843130668
4829,0.00020055156395149727,0.020506128963567752
4830,0.0003293160484948506,0.026553928199202388
4831,0.0006174081970433084,0.020857860676655602
4832,0.0006865314557217061,0.022995299200135235
4833,0.0007101498078554869,0.028865466102663623
4834,0.00101883700893571,0.0181599292837421
4835,0.00037480483685309687,0.026314332001510333
4836,0.00034008811344392597,0.022102510124956915
4837,0.00029741387067285056,0.02112996400053455
4838,0.000531301723094657,0.026561898902352703
4839,0.0007822809791832696,0.026082740221118107
4840,0.0009975918588073303,0.02002056873960377
4841,0.0013350368710234762,0.030289878145579183
4842,0.0025229447239932296,0.01902794506882824
4843,0.001515158595672498,0.021988299842420095
4844,0.0004249674151651561,0.025669012804194327
4845,0.00040238292810196676,0.019607288331986127
4846,0.00028596250728393595,0.022805983476730185
4847,0.0003743245693234106,0.01747606376190098
4848,0.00024015807527272653,0.01990534175491663
4849,0.0002121142625886326,0.02668877186291791
4850,0.00019746277733550716,0.01783874124010796
4851,0.0001246632673428394,0.02128766643969963
4852,0.0001304496923694387,0.02235824054403895
4853,9.133402393975605e-05,0.018627189332278915
4854,7.345836153641964e-05,0.0246750872768734
4855,9.051683931223427e-05,0.020746154278347934
4856,7.531540347069191e-05,0.02080859467033188
4857,3.654977275194445e-05,0.022672632957974788
4858,3.628375052358024e-05,0.020263027778638757
4859,3.840815867685403e-05,0.02183582436304256
4860,3.751734087321286e-05,0.02242096818810634
4861,3.342623943656993e-05,0.020647050573201906
4862,3.8846620736876505e-05,0.021984950726789187
4863,4.024786151906786e-05,0.021562978390764924
4864,3.075617751164827e-05,0.021241355383746892
4865,3.167481202884422e-05,0.021820787239305087
4866,3.383571396019154e-05,0.0215285895446762
4867,3.296316499472596e-05,0.020990693931160112
4868,3.299849510464507e-05,0.021764361089209847
4869,3.1072905767359774e-05,0.022619595295036134
4870,3.488943342138858e-05,0.020686032601811906
4871,4.417769426557546e-05,0.022269472245628027
4872,3.711207937158178e-05,0.021419440973100758
4873,3.095717984251678e-05,0.021222708941497213
4874,2.854879930964671e-05,0.021849766116295206
4875,2.4521422528778202e-05,0.02121354167299258
4876,2.8930489497724922e-05,0.021584101435551364
4877,2.517732955311658e-05,0.0217398541185689
4878,2.66504887198001e-05,0.02144923849182465
4879,2.7392562333261595e-05,0.021428534097299633
4880,2.4741883195626238e-05,0.021655108881447116
4881,2.352480878471397e-05,0.021462233502238075
4882,2.842060785042122e-05,0.021527730670896472
4883,2.6942227850668133e-05,0.021496629026889997
4884,2.7708442939911037e-05,0.02157068885563279
4885,2.748383158177603e-05,0.021197328024355925
4886,2.7888207599365464e-05,0.021626022711739336
4887,2.754875580042911e-05,0.02146735171786079
4888,2.7563506106768423e-05,0.02149266557977671
4889,2.8806500874149304e-05,0.021382825848393208
4890,2.6224653629469687e-05,0.02145499812387344
4891,2.4575901867744203e-05,0.02164183837485538
4892,2.5341287861616973e-05,0.021411024015982313
4893,2.9186026707369214e-05,0.02158118943256266
4894,3.246988975054895e-05,0.021424307586279376
4895,3.2570962503086776e-05,0.02162387819139679
4896,2.8354774015800407e-05,0.020896611704248717
4897,3.327662464774524e-05,0.02200644938731348
4898,2.975732689568152e-05,0.02082838362344263
4899,3.488664103012222e-05,0.022456732003987706
4900,4.689156558015384e-05,0.021001458084632843
4901,4.823754570679739e-05,0.021060952154255054
4902,5.163934862745615e-05,0.022743029346994577
4903,3.1941646739142016e-05,0.02095209274812716
4904,3.385878784077552e-05,0.02175489027388067
4905,3.680639032002849e-05,0.02141751173634507
4906,3.267799208212333e-05,0.021044150958510324
4907,3.388424835672292e-05,0.021566677811332265
4908,4.28339898159417e-05,0.021552825224046643
4909,3.303723303057874e-05,0.02275463875467557
4910,5.112208940166359e-05,0.021159346627305693
4911,4.7504053994392356e-05,0.0225854263292375
4912,6.718230918825915e-05,0.021284895034762896
4913,8.27471842058003e-05,0.02137599856530082
4914,5.623181956858995e-05,0.022843219309892745
4915,5.0137497601099314e-05,0.020510591820497828
4916,6.509207329751613e-05,0.023050788402276888
4917,0.0001440544251333146,0.019429613756457048
4918,0.00022510298149427398,0.023657095218921485
4919,0.00020876352767421242,0.019548943968849222
4920,0.00015752640514013667,0.022450135116007897
4921,9.733291857022171e-05,0.021523920809632245
4922,5.6992063764482734e-05,0.02025767088335345
4923,6.0526414987786366e-05,0.02414329959371002
4924,8.562700604670681e-05,0.01934704467060578
4925,7.021457034473618e-05,0.02329774725534109
4926,6.463511029627018e-05,0.020231162958672236
4927,4.3978891153528823e-05,0.02111287031674006
4928,3.472602378072527e-05,0.021901041427926753
4929,3.41116795122313e-05,0.020707279037989197
4930,3.1019382974288115e-05,0.021241482444943543
4931,2.9984440091842166e-05,0.0216449200725782
4932,2.812057573464699e-05,0.0211948036690711
4933,2.9504931929598874e-05,0.02163382330146885
4934,2.734683257585857e-05,0.021643561864549524
4935,2.7740859271337587e-05,0.020970659551063652
4936,3.056296263821423e-05,0.02202296483926802
4937,2.595691718549157e-05,0.020780927499916883
4938,3.280698789846307e-05,0.021723756795049214
4939,3.2782038761069995e-05,0.021027256574002447
4940,3.0064924309651057e-05,0.021518965528825876
4941,2.9644287860719486e-05,0.02165532452585339
4942,2.9138990309244644e-05,0.021342839494930328
4943,2.9620775603689253e-05,0.021469013160911567
4944,2.7041221619583668e-05,0.021248154620618194
4945,2.8257873297358552e-05,0.021917038330977117
4946,2.880916678501914e-05,0.02121741648992164
4947,2.8057669987902044e-05,0.021542743091438814
4948,3.2782072230475025e-05,0.02156955920968597
4949,3.4987154504051435e-05,0.021522960871354573
4950,3.282520507733958e-05,0.021523814076525077
4951,3.0390743389337635e-05,0.02102191042602988
4952,3.0220476037357003e-05,0.02174982429435749
4953,3.1642732816787124e-05,0.021606935313780253
4954,3.442794671476198e-05,0.021662039694182945
4955,3.983090791734867e-05,0.02092911994625264
4956,3.307188235339709e-05,0.022271910454936282
4957,3.063273916268372e-05,0.021267921020813308
4958,2.799556023092009e-05,0.02158129168572231
4959,2.7824025407123067e-05,0.021371711658556232
4960,2.7414093953363287e-05,0.02140051374288156
4961,2.7814600131629655e-05,0.02139623279510371
4962,2.6698510312902122e-05,0.021369336576307227
4963,2.7003253975029415e-05,0.021661741415321914
4964,2.6867973671566383e-05,0.021393467106771986
4965,2.433322952128947e-05,0.021475385132447233
4966,2.8139564528828485e-05,0.021215333040988847
4967,2.7663728299861153e-05,0.021605758889638192
4968,2.7014092969087262e-05,0.021379698094113987
4969,2.5671398301104394e-05,0.021356557117372055
4970,2.639778116038845e-05,0.02166788996883521
4971,2.312887824397573e-05,0.02129293441580478
4972,2.753922496291731e-05,0.021593978322500484
4973,2.5356484184158034e-05,0.02138418389677631
4974,2.348269190406427e-05,0.02137115054113017
4975,2.724904625210911e-05,0.02144775523876292
4976,2.8009931459867705e-05,0.021530034566878162
4977,2.8346720500849188e-05,0.02147236795366159
4978,2.570634242147207e-05,0.02123467410963617
4979,2.8696728744156038e-05,0.021716951288089526
4980,2.8074625394462297e-05,0.021354323420169824
4981,3.0556681546537824e-05,0.02120251000357781
4982,2.8181237939861604e-05,0.021510055331221908
4983,2.46949348365888e-05,0.02130754935835646
4984,2.3855865705021037e-05,0.021577355415799943
4985,2.7924887005307632e-05,0.021036555921136027
4986,2.157838001342801e-05,0.02145623704023681
4987,2.74860719703914e-05,0.021481890762388184
4988,2.6324682160823916e-05,0.0211940092233429
4989,2.6729923350406657e-05,0.021707434208562585
4990,2.3352462752275944e-05,0.021396019188986752
4991,2.776915037732882e-05,0.021377917304253806
4992,2.7534213586477563e-05,0.021696966694264908
4993,2.8859085675018528e-05,0.021080977224529725
4994,3.390140870275597e-05,0.021719033186179612
4995,3.0506552502629346e-05,0.02126802469138056
4996,2.948401573424538e-05,0.021460026812709716
4997,2.7378070808481424e-05,0.021375008384909546
4998,2.7065270842285827e-05,0.021767212407137894
4999,2.624808961021093e-05,0.021404244544186046
5000,2.4692475077851363e-05,0.02134493228227815
5001,2.7784226161505407e-05,0.02159916484668546
5002,2.5725595636079866e-05,0.021463460951692246
5003,2.7655012915298963e-05,0.02154548624898062
5004,2.6856329592798527e-05,0.021222855830401705
5005,3.0228978903323878e-05,0.021433845052103464
5006,3.092398886413624e-05,0.021168659200172937
5007,3.088527876874044e-05,0.021336849041933968
5008,3.698315716367991e-05,0.021708817443843082
5009,4.410265464684926e-05,0.021244079731363934
5010,4.241837038231703e-05,0.02205521234090587
5011,5.105851353922238e-05,0.02098288335251943
5012,5.765586975030601e-05,0.022084689346803844
5013,4.143691730860155e-05,0.020129025823229715
5014,5.543888061462591e-05,0.02207754987526184
5015,5.344276845183534e-05,0.02056016496277812
5016,3.3588709266041404e-05,0.02158249193517905
5017,3.1513767620102344e-05,0.020961157840401565
5018,2.97531104782441e-05,0.021372254233268138
5019,2.8873756188356008e-05,0.02125522279730666
5020,2.731578109281448e-05,0.021659919294618527
5021,2.969565054324145e-05,0.02148385585233983
5022,3.577481329557486e-05,0.0213367967765604
5023,3.805970870113621e-05,0.021121277783627008
5024,4.241481510689482e-05,0.022202404383406565
5025,4.801942074360947e-05,0.02033045460410111
5026,5.927790092149129e-05,0.022426222937797027
5027,0.00011216623570362572,0.019927472051107786
5028,0.0003630404852932164,0.027186059235045086
5029,0.0009784881408753184,0.019309323039028402
5030,0.0024867236303786435,0.053380156387928986
5031,0.00675013528089039,0.023332102659937234
5032,0.00507706495312353,0.020169034774880856
5033,0.0027068659469174842,0.028741599549403227
5034,0.0011312518579264482,0.02366496177324862
5035,0.0033397870177092654,0.03824162857378261
5036,0.004827932485689719,0.020851019882918362
5037,0.003104301642936965,0.026184452328305387
5038,0.0032150640928496916,0.05133872081618211
5039,0.0063249665254261345,0.01779358849073733
5040,0.004416575018937389,0.015973265443136098
5041,0.001782971213106066,0.026866018529763523
5042,0.002313057364275058,0.01265206113280674
5043,0.0015060964118068416,0.01754382220968299
5044,0.0006416113348677755,0.020310906260356046
5045,0.0005753933529679974,0.011655108645430368
5046,0.0006788673733050624,0.017077597474940774
5047,0.0004382549785077572,0.020561892571940757
5048,0.0005508051156842461,0.01306480291191957
5049,0.00016208047648736586,0.01781560820581838
5050,0.0002346028961862127,0.017200421560991403
5051,0.0001632728575107952,0.015187164779469284
5052,6.743447981231536e-05,0.017633231964005888
5053,0.00011209506968346735,0.015203365958050677
5054,9.684036146306123e-05,0.0152311207269106
5055,7.051481613113234e-05,0.01767990009706707
5056,0.0001884844420904604,0.014859473327316387
5057,0.0001274021837161854,0.016127177682291303
5058,8.859401374744872e-05,0.01717582729043254
5059,0.00010522258380660788,0.014479273186087042
5060,6.815898886998184e-05,0.015534454320110816
5061,5.3795097725621116e-05,0.01684582087739605
5062,3.8206265647507585e-05,0.01576859091629127
5063,4.452382321081435e-05,0.015152384788111092
5064,4.710416493859763e-05,0.017344013471238054
5065,4.8259123771761855e-05,0.015423384859302893
5066,3.9746400458777015e-05,0.01614132295403499
5067,3.334908784988026e-05,0.016639060897028282
5068,3.11994957276814e-05,0.015641176216004755
5069,3.6900105988024735e-05,0.015973819651891482
5070,3.0561520058351256e-05,0.016508294821564348
5071,3.343602802488022e-05,0.015686748172864536
5072,3.322889509339196e-05,0.01566060558737566
5073,3.0305894082024073e-05,0.01641817397113933
5074,3.399383058422245e-05,0.015817853228981493
5075,2.9391640055109747e-05,0.015652882710319796
5076,2.8998949528613593e-05,0.01639826843114733
5077,2.890112724950692e-05,0.015922815034476418
5078,3.0417655458829056e-05,0.01582517598078951
5079,3.0801332225867854e-05,0.016069948267496643
5080,2.8958340408280492e-05,0.01574721416167109
5081,2.906586596509442e-05,0.01605922002883149
5082,3.031935387601455e-05,0.01622637843016034
5083,2.7623342612059786e-05,0.01583677470787532
5084,2.428558521690623e-05,0.016109477342256175
5085,2.8771204718699057e-05,0.015955569209974825
5086,2.8468826894822995e-05,0.015894113713739253
5087,2.802757953759283e-05,0.01606170249944934
5088,2.7784133756843706e-05,0.015999477960193825
5089,2.7974787614463517e-05,0.015850636130471153
5090,2.81224783975631e-05,0.016133102765361295
5091,2.4689560814294963e-05,0.01603086012053407
5092,2.8582513186847792e-05,0.016016095721473295
5093,2.8429224767023697e-05,0.016054771801426854
5094,2.9126202813737716e-05,0.015832791392547105
5095,2.7905851554047936e-05,0.016209862414170165
5096,2.9710538122647752e-05,0.01583151815306635
5097,3.134515281999484e-05,0.016088728981544616
5098,2.865674153630001e-05,0.016308709286352106
5099,3.0726197413362875e-05,0.015634132261532332
5100,2.8779903126026814e-05,0.01625933770869167
5101,3.068238632598271e-05,0.01596978760143328
5102,2.8051330203500888e-05,0.016043563731483114
5103,2.8660177728549268e-05,0.016039449128945907
5104,2.877994750936826e-05,0.015906556878424093
5105,2.8335431610078863e-05,0.01590712273551957
5106,2.863081026589498e-05,0.01600580534227846
5107,2.8681558372530466e-05,0.016022802060960156
5108,2.895587094826624e-05,0.015976487955062145
5109,2.8509973344625904e-05,0.016233835877899668
5110,2.5844470534745294e-05,0.01583463854050231
5111,2.8970757557544858e-05,0.016203298537082404
5112,2.7486148125414425e-05,0.01610951092739573
5113,2.8603018533128002e-05,0.015859067081255916
5114,2.601347926732463e-05,0.01619679368868993
5115,2.9319681925699114e-05,0.016069201909806253
5116,2.8670293734952185e-05,0.015510015639650761
5117,2.954646285312871e-05,0.016266479264476406
5118,2.9666574482689613e-05,0.016199583653701
5119,2.7738399270068235e-05,0.015918299537397138
5120,2.946402455563657e-05,0.016042964099307288
5121,2.591140388782757e-05,0.01633265492171376
5122,2.860127842723159e-05,0.015632069008275105
5123,2.9441414274818573e-05,0.01613393314904397
5124,2.791105907817837e-05,0.016243122696429926
5125,2.769526181509718e-05,0.01574557707325027
5126,2.729735448762464e-05,0.016218330607305646
5127,2.8041566232180533e-05,0.016067625266807536
5128,2.7390013807841267e-05,0.015839079032415163
5129,2.676880552220003e-05,0.01632174514765083
5130,2.1692400756971135e-05,0.01605399098990714
5131,2.5597008546659104e-05,0.015990631912878514
5132,2.53770274866838e-05,0.016266609181933192
5133,2.7291861382157852e-05,0.016060960143110144
5134,2.3845806936151348e-05,0.015893104224403154
5135,2.6936557696899398e-05,0.01631511128316933
5136,2.5046806331374683e-05,0.01617744474805216
5137,2.7310442237649114e-05,0.016142378516606878
5138,2.6976067844467858e-05,0.01605704244347398
5139,2.7120241793454624e-05,0.016212619764850153
5140,2.6105821477055238e-05,0.01588045361952867
5141,2.6796858340579394e-05,0.01628188193300521
5142,2.845058722111086e-05,0.016176919087261092
5143,2.6557656019576827e-05,0.015874281230488826
5144,2.3316025180974976e-05,0.016219427179046824
5145,2.5004311828524807e-05,0.016046593969889333
5146,2.7331126329954713e-05,0.016000413984313542
5147,2.7166085055796428e-05,0.016263356855430514
5148,2.333088408098168e-05,0.016014822340047544
5149,2.665334735259724e-05,0.016126738156924537
5150,2.5395963408906633e-05,0.01619721250336247
5151,2.7006363234249874e-05,0.015962399679170756
5152,2.5153680083652338e-05,0.01608461089029211
5153,2.722749438059206e-05,0.016309071007478786
5154,2.471356153061303e-05,0.01596358285506109
5155,2.7946191282050373e-05,0.016219919850390774
5156,2.395848132437095e-05,0.01614900925353289
5157,2.5345994314799705e-05,0.015971371981966152
5158,2.7880744225209733e-05,0.016353977015595992
5159,2.8102533663817062e-05,0.015954129567726554
5160,2.6564600557321682e-05,0.016201502999239083
5161,2.6341205193602944e-05,0.01618014268981489
5162,2.500760165276006e-05,0.01616501597801975
5163,2.784041037860637e-05,0.016066266585628868
5164,2.4989565160164298e-05,0.016132644705109472
5165,2.2632102809438947e-05,0.016296165605546763
5166,2.7099857349336767e-05,0.016166217074380936
5167,2.6009146677097305e-05,0.016095846389319574
5168,2.6962004509793282e-05,0.01626383702608359
5169,2.618134355240424e-05,0.016305303438335157
5170,2.361977367399959e-05,0.016062659240730803
5171,2.7237024429875115e-05,0.016287136628913384
5172,2.8634707753856976e-05,0.016197312871070457
5173,2.7215407923601256e-05,0.016005403342471615
5174,2.6778972217774328e-05,0.016535211937932285
5175,2.4540392526735862e-05,0.016193406724463604
5176,2.815633063922481e-05,0.016081268833446377
5177,2.6828319702569083e-05,0.01637808769350403
5178,2.4797765217954292e-05,0.016054040450079923
5179,2.6492634788155556e-05,0.016174912688932355
5180,2.859999513020739e-05,0.01627390276795874
5181,2.397231231346571e-05,0.01613575318005829
5182,2.6042264168305943e-05,0.016322158867961657
5183,2.6034861851561193e-05,0.01626770164101379
5184,2.62369818907852e-05,0.01611129799925815
5185,2.5972361375655357e-05,0.016285211230459357
5186,2.63296592796299e-05,0.016223513311570324
5187,2.6049837106256746e-05,0.016271169685107813
5188,2.45689739434359e-05,0.016146197679183006
5189,2.613891932317832e-05,0.01636158230466692
5190,2.6003729484121626e-05,0.016146728956502758
5191,2.3910953677841464e-05,0.016223469764751256
5192,2.7848923006483044e-05,0.016397227943338432
5193,2.63286138457867e-05,0.015993660865610257
5194,2.5993697272497228e-05,0.016314389886013206
5195,2.2960711733806725e-05,0.016378475792912975
5196,2.559706384393697e-05,0.01603939602347581
5197,2.7997567667625844e-05,0.016514345000386347
5198,2.848823423846625e-05,0.01621070768539821
5199,2.8626592393266036e-05,0.01609291400820322
5200,2.9769440273715494e-05,0.016533009157167496
5201,2.7585474041795046e-05,0.016003432782361427
5202,2.7601216910018896e-05,0.016295783193809203
5203,2.7221629231159265e-05,0.01624200365006412
5204,2.9081864583228403e-05,0.01621884010304637
5205,2.4917345581343397e-05,0.016447861615925135
5206,2.654852723935619e-05,0.016103583681111207
5207,2.8595227922778578e-05,0.016216384464117824
5208,2.3517285202008984e-05,0.016680744924577096
5209,2.6370055396303847e-05,0.016014716636296906
5210,2.6158118028736984e-05,0.016464844800815073
5211,2.698221263320496e-05,0.01629156350908387
5212,2.6761206875865658e-05,0.01618232133720691
5213,2.6762774723465554e-05,0.016358983258741272
5214,2.3904959622692937e-05,0.01629117681210512
5215,2.641395573543074e-05,0.016310030702373548
5216,2.6607655430173813e-05,0.01634463247855341
5217,2.6132063188318472e-05,0.016270491227164473
5218,2.421616676050083e-05,0.016333402372755067
5219,2.628279932347747e-05,0.016302054312573037
5220,2.6255393216464047e-05,0.01641608722581479
5221,2.4696707502395535e-05,0.016396151217005668
5222,2.4546827868713688e-05,0.016315212648917447
5223,2.363448111282196e-05,0.016305992601041774
5224,2.6475821505300702e-05,0.01630898806905069
5225,2.625316810735967e-05,0.01623021941278021
5226,2.340811855295518e-05,0.016415531782784678
5227,2.6235082138252135e-05,0.016471224683486687
5228,2.6507249640417285e-05,0.01604262813677254
5229,2.7311553276376797e-05,0.016469195510304332
5230,2.3206979009652665e-05,0.016222844303351396
5231,2.505838304690163e-05,0.016327846727922167
5232,2.6342290584580042e-05,0.016412030854766196
5233,2.7937726311696073e-05,0.0161498707041079
5234,2.80497370113153e-05,0.016548709263099214
5235,2.5121201421522225e-05,0.01606792028961371
5236,2.9475018770123522e-05,0.016427745250168078
5237,2.70719051817044e-05,0.016138925192923943
5238,2.326155748354116e-05,0.016623612071185956
5239,2.6965731497815188e-05,0.016126774039054124
5240,2.600330650845232e-05,0.016350264905418178
5241,2.5362111652308766e-05,0.0166913853697506
5242,2.6060305632806072e-05,0.015938326249570364
5243,2.619553512583176e-05,0.01640368553289697
5244,2.9461455778800882e-05,0.016711316999369327
5245,2.3883962179146086e-05,0.016164355447184982
5246,2.731128770392388e-05,0.01651159509756379
5247,3.0131586148248363e-05,0.016479077713553145
5248,2.894273566198535e-05,0.01628847998105349
5249,2.6912643807008863e-05,0.016319953211874575
5250,2.4909543086929867e-05,0.01662534156069432
5251,2.6048420477309264e-05,0.01624607381292439
5252,2.6902565756851497e-05,0.01643516494734594
5253,2.4661608161598755e-05,0.016361581278033555
5254,2.878795603464823e-05,0.01626062813236743
5255,2.525070776755456e-05,0.016690905522813812
5256,2.824913632745544e-05,0.01603025812226789
5257,2.611509056199187e-05,0.016702290191737204
5258,2.7389383164215056e-05,0.016241581964154036
5259,2.73775859871724e-05,0.016438432655988905
5260,2.3502753659461936e-05,0.01661327044440063
5261,2.3108237655833364e-05,0.016132610000238336
5262,2.8337916592136026e-05,0.016821653766650162
5263,2.7650813475095978e-05,0.01624673566772815
5264,2.7473595279540555e-05,0.016410118785185727
5265,2.708231356033745e-05,0.01664992027653229
5266,2.6142165006604044e-05,0.016396041766179408
5267,2.5835543783614413e-05,0.016495860499338034
5268,2.3366763950131524e-05,0.01668161193891946
5269,2.6020985630263263e-05,0.016314517325049058
5270,2.466000611699807e-05,0.016503990982517557
5271,2.8400038960777844e-05,0.016484563565358237
5272,2.773653953530205e-05,0.01640526821060046
5273,2.714262742908128e-05,0.01664202341541637
5274,2.6170118265630055e-05,0.016323422204991746
5275,2.664324195696584e-05,0.016623752910918856
5276,2.4363807157593934e-05,0.01633220043663774
5277,2.1303241252705143e-05,0.016604446606882112
5278,2.7188305587818225e-05,0.016447999713430455
5279,2.5832155248887526e-05,0.016558445734108054
5280,2.6709197603243712e-05,0.016374417627638763
5281,2.4861848942236975e-05,0.01663190310675248
5282,2.646633013985896e-05,0.016354570984268527
5283,2.789396263930636e-05,0.016770520445969696
5284,2.715264539195535e-05,0.015941455912958744
5285,2.968305658820706e-05,0.017013259415857886
5286,3.339245837802688e-05,0.016082033551739233
5287,3.1554972277566167e-05,0.01654006306617112
5288,2.7460873146386195e-05,0.01667648547925382
5289,2.7929371329567707e-05,0.016167525962479848
5290,2.715634933944481e-05,0.016681493779750575
5291,2.6503399082381898e-05,0.01644744174330283
5292,2.805017265927745e-05,0.016558962174261
5293,2.784381625436557e-05,0.016391422220353277
5294,2.8472564493616423e-05,0.016778546815386795
5295,2.6805861853063107e-05,0.016190335323029246
5296,2.798446233403714e-05,0.016958876235862615
5297,3.100532558164559e-05,0.016283976892758248
5298,2.6880131918005647e-05,0.016746593065347457
5299,3.054613553103991e-05,0.016379249787328447
5300,2.705186319265825e-05,0.01675279344920864
5301,2.272661707441633e-05,0.016275360933518616
5302,2.518460496503394e-05,0.01668391001617743
5303,2.6626842615466254e-05,0.016490228851979368
5304,2.3516400869993958e-05,0.016285987337370408
5305,2.638810510688927e-05,0.016863177784402685
5306,2.949001767168132e-05,0.01625536342967732
5307,3.125096094057274e-05,0.016689829049054642
5308,2.9076257002695154e-05,0.016307988106368427
5309,3.2396104749447356e-05,0.016374169549311115
5310,2.714826526547161e-05,0.016597038982517756
5311,2.7881709138455334e-05,0.01635220074550962
5312,2.725571442473059e-05,0.016820366323478955
5313,2.7983007991376024e-05,0.0162707071506952
5314,2.6381506419663007e-05,0.0167176324944965
5315,2.847380528692156e-05,0.016415480155312613
5316,2.8494326458409583e-05,0.016512600310849387
5317,2.61686131125316e-05,0.016871821912065453
5318,2.347179615753703e-05,0.016491245640079595
5319,2.6757501836982554e-05,0.016873754430235477
5320,2.6218840745665753e-05,0.016580769436826046
5321,2.7224415195329735e-05,0.01677098708725616
5322,2.4405478325206786e-05,0.01656868947535067
5323,2.6192355229189464e-05,0.01676429978882273
5324,2.3531285114586355e-05,0.01654543137934865
5325,2.578349012765102e-05,0.016657803192318073
5326,2.619361912366003e-05,0.01655685527921431
5327,2.3105808819915787e-05,0.016821866568752526
5328,2.368814554453517e-05,0.016521548526906217
5329,2.6066981566449005e-05,0.016650787492048496
5330,2.6039391620239864e-05,0.016724574678830737
5331,2.361895882737978e-05,0.016711439601042204
5332,2.3731844703434035e-05,0.01652689481069666
5333,2.7947094349656253e-05,0.01659845056220595
5334,2.7252192376181482e-05,0.016770536324066485
5335,2.5994107212075808e-05,0.016661701147983734
5336,2.3383769560799315e-05,0.01659777909769181
5337,2.468592623093476e-05,0.016637489256484447
5338,2.758919878639669e-05,0.016771774453775444
5339,2.148498024325818e-05,0.016590269754929412
5340,2.9121037368895485e-05,0.0167322793079551
5341,2.6297771061460177e-05,0.01672411112833703
5342,2.714457053419513e-05,0.01670812629639819
5343,2.6662915721923734e-05,0.016778464989371772
5344,2.6141950972184228e-05,0.016837705016253264
5345,2.661840286843168e-05,0.016784498815585407
5346,2.4723286818092067e-05,0.016655087029855502
5347,2.673012095328886e-05,0.0166219427350402
5348,2.631220310528685e-05,0.01683632587218842
5349,2.6420276844874026e-05,0.01689650343250407
5350,2.667681037564762e-05,0.016579032995416756
5351,2.191817038692534e-05,0.017101231058351478
5352,2.522253016650211e-05,0.016506267973624866
5353,2.3438364587491377e-05,0.016895766193673493
5354,2.6181168504990637e-05,0.016383133515135564
5355,2.3137976798655777e-05,0.016915265216127212
5356,2.3958930978551506e-05,0.016552364395125307
5357,2.5220602401532234e-05,0.016884639221978814
5358,2.7456943644210697e-05,0.016473662494872397
5359,3.063200128963217e-05,0.01702633458366672
5360,3.2269283595572534e-05,0.01684357802457127
5361,2.319580332065622e-05,0.016776537385834546
5362,2.527120135103663e-05,0.016870587020880973
5363,2.6430536672705783e-05,0.016574941360056727
5364,2.7310560593226304e-05,0.016977212447959016
5365,2.654233570259142e-05,0.016812319884332693
5366,2.531595091568306e-05,0.016526186124085344
5367,2.3737281905293153e-05,0.016847964933779287
5368,2.6476061369370047e-05,0.016636757379566585
5369,2.444353431201307e-05,0.016854429679816554
5370,2.7940661190465714e-05,0.016778693634169776
5371,2.6964568678522483e-05,0.016591624938202095
5372,2.892815561305421e-05,0.01679333448730006
5373,3.114210279212178e-05,0.016886938900458056
5374,3.810838655529854e-05,0.016655022131377144
5375,3.2601592829450964e-05,0.01724002813874085
5376,3.416101753828116e-05,0.016382032442682732
5377,3.160554382096355e-05,0.017390921766725395
5378,3.045780458705849e-05,0.016481238558932007
5379,2.7669180659965302e-05,0.01738065935307787
5380,3.2281075012482084e-05,0.01695997984188048
5381,3.2148339960258455e-05,0.01641725328252569
5382,3.465735632441162e-05,0.016987534429148188
5383,2.779954156721942e-05,0.01643798285203425
5384,2.5814262213922725e-05,0.01708465128386807
5385,2.739746353957647e-05,0.016510427662250395
5386,2.664761620205051e-05,0.016843657307490184
5387,2.3204913668450898e-05,0.016680384209319644
5388,2.7198533643968403e-05,0.017284311971978463
5389,2.08584967670807e-05,0.016540224400617195
5390,2.6427629685106997e-05,0.017088340576302413
5391,2.3871895549139785e-05,0.01668917243668472
5392,2.465898845305977e-05,0.017049250704895335
5393,2.6042720492114313e-05,0.017055154504044778
5394,2.395601986791007e-05,0.01660125126482848
5395,2.8256718845417102e-05,0.017001741861567794
5396,2.6598807501917084e-05,0.01680937437517623
5397,2.6196847951117282e-05,0.01717076131159015
5398,2.899408452018785e-05,0.016344452184919072
5399,2.5982577669007392e-05,0.017190794494174617
5400,2.7800155172978218e-05,0.016522912339379532
5401,2.7396731456974522e-05,0.017093193285338776
5402,2.6834290474653243e-05,0.016737231034349802
5403,2.66575020456609e-05,0.016898414416903117
5404,2.7705455916778495e-05,0.016592287464946922
5405,2.633958113923048e-05,0.017171731296986646
5406,2.529113650477181e-05,0.016799816172107053
5407,2.608429058454931e-05,0.016881947373639117
5408,2.5418091718165668e-05,0.016767508503490763
5409,2.6193679999172068e-05,0.016970964528862605
5410,2.733470513097321e-05,0.01690128805627774
5411,2.4744773691054432e-05,0.01669897095910246
5412,2.319299298202774e-05,0.017019640301335168
5413,2.549124910729006e-05,0.016986930328257904
5414,2.5514656347998727e-05,0.016865383483039228
5415,2.654457202879712e-05,0.016990049492652197
5416,2.502627454911514e-05,0.017006805437557095
5417,2.0824363309657203e-05,0.01707255928157638
5418,2.6030198447794343e-05,0.01697540646098957
5419,2.4855897693972415e-05,0.01686815287113157
5420,2.2927738124659907e-05,0.016755373150788313
5421,2.66986347924103e-05,0.017057149322112553
5422,2.7555463748285548e-05,0.01672385464615069
5423,2.8694313611291968e-05,0.017077409319868255
5424,3.5186162616203846e-05,0.016533389821654042
5425,3.0994832559372296e-05,0.017179193529327622
5426,3.578768810257316e-05,0.016317334882023183
5427,5.876710977948581e-05,0.01906093823443009
5428,0.00012043661020773773,0.015061494552228077
5429,0.00015244509753150245,0.01845286472915666
5430,0.00011196123038340981,0.016365667296864898
5431,7.59167392970994e-05,0.017349141158030112
5432,7.322275293214867e-05,0.01676339273611955
5433,7.125664754615476e-05,0.016434775590174967
5434,7.326319076431295e-05,0.016181124052256128
5435,8.687981147280274e-05,0.016681941081796995
5436,8.895558518512795e-05,0.017331265322578122
5437,5.6456896224214385e-05,0.017017974806214243
5438,4.965431362506934e-05,0.01759413114955856
5439,7.752268417486145e-05,0.015904163775287503
5440,7.942735489147405e-05,0.01692676551610079
5441,5.933064239798114e-05,0.017954542182797118
5442,5.5280123585058995e-05,0.016103141143753285
5443,4.8846897940772274e-05,0.017197963309185636
5444,3.632196215524649e-05,0.0153027961790706
5445,4.655493151706954e-05,0.01787268498004278
5446,3.6417803251727794e-05,0.015598770038004181
5447,4.236148985607239e-05,0.017647441921140237
5448,4.060490949389835e-05,0.01550225649122285
5449,4.2752009661247334e-05,0.01843014823365412
5450,4.538029540223458e-05,0.015167933418987352
5451,5.424148075690027e-05,0.019349271563638807
5452,7.514365643146448e-05,0.015874352559892526
5453,6.82870099505332e-05,0.017904312461165285
5454,3.734002966666594e-05,0.01636602081292396
5455,3.516714065578223e-05,0.017357123464928688
5456,3.149148821345686e-05,0.01646600463134863
5457,2.5857358317201336e-05,0.01724317297067123
5458,2.2321095336034584e-05,0.01657465357287128
5459,3.0405151968201e-05,0.017202131821547922
5460,2.775477284255127e-05,0.016988345614174238
5461,2.4809052532267137e-05,0.017083447396262327
5462,2.3149849221226758e-05,0.01689634006368323
5463,2.3962886431642497e-05,0.01710963135718624
5464,2.3441169711683568e-05,0.016731077744571044
5465,2.8944716177647933e-05,0.01682924773926678
5466,3.2078040021588095e-05,0.017214334867717642
5467,3.252299939049408e-05,0.016498030532336637
5468,3.646204180161779e-05,0.017588799786672257
5469,3.7254725126937654e-05,0.016604204184909443
5470,3.3154957054648546e-05,0.017213405122876994
5471,3.9137675776146354e-05,0.01603350362247564
5472,6.622584630046428e-05,0.018685654802411272
5473,9.942819597199559e-05,0.01681979953812446
5474,0.00010656365290439377,0.01897458706938863
5475,0.00012681722873821854,0.015724160485527865
5476,8.905732684070245e-05,0.019982309421736812
5477,0.00018160530598834156,0.013557716801065451
5478,0.00016012407722882928,0.023661357738698523
5479,0.0004911413911031559,0.012851203179425336
5480,0.0004258586346016576,0.01711563880818117
5481,0.00016504377951302254,0.023435706048740935
5482,0.00040423995621191957,0.013965711571148199
5483,0.0008518243596578638,0.02462660877050407
5484,0.0007284634334306854,0.01610912203009932
5485,0.0004886537678733779,0.014968642969894882
5486,0.0002582036676661422,0.01888433320935249
5487,0.0002460067024609695,0.014214040721223379
5488,0.00024351485335500912,0.020134229569734013
5489,0.00014378186460817233,0.014279611150009764
5490,8.096242587877593e-05,0.018165943788075876
5491,6.900164213827034e-05,0.015470305808659164
5492,6.206350759991134e-05,0.016673386969388467
5493,6.194616325956303e-05,0.016023519320606815
5494,5.0054570844319336e-05,0.016213141480795713
5495,5.168192498482919e-05,0.016260375511459462
5496,5.741315374810559e-05,0.015970201466752664
5497,0.00010173164094643047,0.01658188103975957
5498,0.00017787385149858892,0.01718482956949251
5499,0.0001795115841863056,0.0146001775082533
5500,0.00011387215684711312,0.01785193779607908
5501,8.948728888450812e-05,0.01629382277783061
5502,0.0001428499893033101,0.01621152799779397
5503,8.694496209500357e-05,0.017053014081725795
5504,5.828204133043376e-05,0.01681859969441937
5505,4.521285057611142e-05,0.016581148714370404
5506,4.228267256015291e-05,0.016329533252347674
5507,3.7454511038959025e-05,0.016095699783624285
5508,3.489417867967859e-05,0.017275475480250622
5509,2.698724165384192e-05,0.015601243222968337
5510,3.0486104272616406e-05,0.016878538940657387
5511,2.848904672039983e-05,0.01586212685511431
5512,3.2541866191119576e-05,0.016931769490168478
5513,3.328299984180679e-05,0.015462061199148551
5514,3.84737752028741e-05,0.01663579084578226
5515,4.900722730477961e-05,0.01586257469073096
5516,0.00012784073308769924,0.01955090918815123
5517,0.00036059169069631026,0.015130501577483588
5518,0.0008382964685248832,0.020229460389696453
5519,0.0007633665372850373,0.013591284667242493
5520,0.002202311957565447,0.021391953848171653
5521,0.005290954296166698,0.009545586190366169
5522,0.005388299644982908,0.02613361954841523
5523,0.004103547070796291,0.01762144046846494
5524,0.0008619348208109538,0.012215177852957242
5525,0.0006693527141275505,0.0197705646094523
5526,0.0008924808508406083,0.012352842937988823
5527,0.00030217451470283173,0.01166259021122466
5528,0.0005518510307107742,0.01728019958950187
5529,0.00039763076056260617,0.011042259732255854
5530,0.000409786762126411,0.01172513547162825
5531,0.0002846470413108667,0.019215351479857812
5532,0.00021861081816799318,0.010108108357397012
5533,0.00030067122085407995,0.014876055813051368
5534,0.00023597909603267908,0.015043132059542974
5535,0.00014448416089483848,0.011774338868974943
5536,8.760189084568992e-05,0.016412526020529675
5537,0.00015203502431783514,0.012804706011114544
5538,0.00014774593097778658,0.011980589448402183
5539,8.390786727735152e-05,0.015944809950370755
5540,8.189439201184238e-05,0.013359969114198497
5541,7.830663040901224e-05,0.013339651284238313
5542,5.7895838108379397e-05,0.015275704408914112
5543,4.020284686703235e-05,0.013364219823607096
5544,4.178544307554451e-05,0.014632749064874492
5545,3.750279483938357e-05,0.014552919986543426
5546,3.312528739722135e-05,0.013385371104555411
5547,3.160303773862931e-05,0.014998524262548059
5548,3.482593092485331e-05,0.014301388501325807
5549,2.9787642536878895e-05,0.013629768540393779
5550,2.6364037573027115e-05,0.014776403886369534
5551,2.9211522208546132e-05,0.01414355510683752
5552,3.0078121199039742e-05,0.014164638707934394
5553,2.7770764305993603e-05,0.014340295940052109
5554,2.5488472359332567e-05,0.014189677281313363
5555,2.6493593516837184e-05,0.014075692897943007
5556,2.6873088305971275e-05,0.014315004806355601
5557,2.6244962403628353e-05,0.01446747820046921
5558,2.8504812992954005e-05,0.014289141736437201
5559,2.6990142638775676e-05,0.014748715699584991
5560,2.85394984530285e-05,0.0139694582958221
5561,3.096999062108807e-05,0.014185835286697144
5562,2.809029295652484e-05,0.014595677744602643
5563,2.6603446652491888e-05,0.014093981249385911
5564,2.836399507941678e-05,0.014352811032045654
5565,2.7593740621038403e-05,0.01428655197139971
5566,2.813424192330179e-05,0.014420061480125946
5567,2.7325832828258475e-05,0.014259065145338009
5568,2.6218127580553603e-05,0.014495337688995863
5569,2.342367382273854e-05,0.01444113216286645
5570,2.8130797848765116e-05,0.014299819211894918
5571,2.787703827683193e-05,0.014395414620136831
5572,2.883708342172516e-05,0.01404498238967492
5573,2.4743184864443415e-05,0.01479863517949009
5574,3.5826859069250834e-05,0.014138162379801186
5575,3.409460186958313e-05,0.01419211487552663
5576,2.881027018399133e-05,0.014372528296465065
5577,2.5928566325698437e-05,0.01397798573414452
5578,2.661025403843572e-05,0.014491710630762909
5579,2.7173979348541857e-05,0.014244926752650577
5580,2.667449213428578e-05,0.014303089695443449
5581,2.546709329180885e-05,0.01441006130969141
5582,2.2167435478574286e-05,0.014319994465423454
5583,2.3450670414604247e-05,0.014470967930150682
5584,2.4514361211913637e-05,0.014380636926242068
5585,2.5757066881245314e-05,0.01439019969367689
5586,2.4581506537894407e-05,0.014320103602745292
5587,2.357056328037288e-05,0.014301479568062296
5588,2.4953099212628635e-05,0.014451105111177837
5589,2.4937233077556206e-05,0.014413111722668666
5590,2.4918953082912292e-05,0.014260315969422982
5591,2.536652609705925e-05,0.01446568736757495
5592,2.535345508173729e-05,0.014436629231834011
5593,2.5109645442474478e-05,0.01426370811174836
5594,2.2848771671609332e-05,0.014383436728688229
5595,2.6159102223270262e-05,0.014544780654097466
5596,2.548585277205954e-05,0.014295286860464043
5597,2.4767315820402777e-05,0.01438233451727146
5598,2.442028896136132e-05,0.01435374117957439
5599,2.203076637670165e-05,0.014476496597604924
5600,2.5519583262697174e-05,0.01436326077530618
5601,2.2447207508472882e-05,0.014289840303595609
5602,2.5414281602328022e-05,0.014534558550786902
5603,2.3937555185208717e-05,0.014400490985132144
5604,2.5953947018327503e-05,0.01414858243919702
5605,2.5755015424995994e-05,0.014756049902303612
5606,2.6297818779615532e-05,0.014284227517901848
5607,2.108258607525689e-05,0.014594283618702832
5608,2.5863799237413332e-05,0.014452859124152414
5609,2.4394328647758812e-05,0.014015436687163617
5610,2.5230012276248696e-05,0.014721788924830089
5611,2.725740826766317e-05,0.014253410500847347
5612,2.7907268668059258e-05,0.014306323240954995
5613,2.695306102395989e-05,0.014617092212340766
5614,2.395114109579784e-05,0.014258225876647348
5615,2.6973740750690923e-05,0.014681505948871548
5616,2.74284539045766e-05,0.01439772566715092
5617,2.3742859411868267e-05,0.014360768757270355
5618,2.2428264734723295e-05,0.014424542335137094
5619,2.5750670950704564e-05,0.014513747477277635
5620,2.5192066217035367e-05,0.014582885368332289
5621,2.6020533308231582e-05,0.014379722548904692
5622,2.4810951921002318e-05,0.01447227546381519
5623,2.4962313303452296e-05,0.014421981136445283
5624,2.4863174136650438e-05,0.014587900342286308
5625,2.467078423554388e-05,0.014435160586852798
5626,2.729423989270193e-05,0.014236766642792836
5627,2.6929696832667106e-05,0.014327294433527565
5628,2.3555300625351568e-05,0.014627475254727821
5629,2.366505462608378e-05,0.014304269211399451
5630,2.6532009117848552e-05,0.014648974903080373
5631,2.6018119630559037e-05,0.014501308556646109
5632,2.439053829827268e-05,0.014448941890177541
5633,2.494629540403063e-05,0.014639579515348663
5634,2.5434793011906247e-05,0.014393379736816979
5635,2.308120692759985e-05,0.01456808933187603
5636,2.6048371182696428e-05,0.014422963196357266
5637,2.536999915416042e-05,0.014582706414495338
5638,2.570331562310457e-05,0.014600099241415485
5639,2.5235456996597348e-05,0.014498660249679147
5640,2.482806160818048e-05,0.014453843225417278
5641,2.4539989923747876e-05,0.014557967220136232
5642,2.56800084268131e-05,0.014577000882893213
5643,2.4913410500933728e-05,0.014447922885761057
5644,2.6100489655315566e-05,0.014601339688878615
5645,2.4092832124248768e-05,0.014413028073153998
5646,2.4992876448474513e-05,0.014604388218446585
5647,2.3289725262050828e-05,0.014633379841552862
5648,2.4983518475589032e-05,0.014472196013421604
5649,2.5004686570658426e-05,0.014728364169091117
5650,2.2516828539664858e-05,0.014405774282787148
5651,2.6283786913457636e-05,0.01469866340920024
5652,2.616195367105926e-05,0.014343833433374305
5653,2.531188656575978e-05,0.014570745607505809
5654,2.67420426098397e-05,0.01454456504134799
5655,2.3524090708330428e-05,0.014471465728534331
5656,2.584601776713195e-05,0.014745744923878548
5657,2.6619051156255105e-05,0.014584162133631477
5658,2.827056875200166e-05,0.01461287823298739
5659,2.6252915146566615e-05,0.014753549185796635
5660,2.5829655836181094e-05,0.01438554524674151
5661,2.1036235436137454e-05,0.014933476675906334
5662,2.28248092753347e-05,0.0142793093613289
5663,2.6186580665428968e-05,0.014856534578077691
5664,2.8211539878005472e-05,0.014773738951414105
5665,2.3631219664821402e-05,0.014283467971921315
5666,2.6232193583079304e-05,0.014845356968100788
5667,2.471541326182584e-05,0.014184219784978832
5668,2.4711192600079813e-05,0.01470779392892789
5669,2.4048426469865567e-05,0.014744834209879458
5670,2.5477196807817866e-05,0.014406699228048738
5671,2.5589523526529472e-05,0.014736196156917956
5672,2.3911387324915266e-05,0.014546474931034538
5673,2.498600151739083e-05,0.014569594103050533
5674,2.2775388545899964e-05,0.014698783281580573
5675,2.400593378600509e-05,0.014541810833541296
5676,2.3750501956480245e-05,0.014631895118662598
5677,2.517593893571757e-05,0.014710302738682504
5678,2.5442328721207255e-05,0.014424249505330073
5679,2.7074261985641594e-05,0.0149950124013608
5680,3.1200539766966054e-05,0.014465267466359406
5681,3.064013350619159e-05,0.014347797774026247
5682,2.8474923601606862e-05,0.014836692047368039
5683,2.2935190645512194e-05,0.0142314469859437
5684,2.8430342232847276e-05,0.014659058520153753
5685,2.6078777712731e-05,0.01442900917707937
5686,2.5041125142403567e-05,0.01456662661148159
5687,2.3123552152052675e-05,0.014472362320537936
5688,2.5943817430137036e-05,0.014796022287289453
5689,2.2903820111726723e-05,0.014579482286370616
5690,2.6670966569023828e-05,0.014784856199706245
5691,2.6454628095962107e-05,0.014479025348078742
5692,2.5935050143743865e-05,0.014805353343642006
5693,2.752510590653401e-05,0.014647546405046197
5694,2.397341916851777e-05,0.014757083585943308
5695,2.2977416180462265e-05,0.014723278984784188
5696,2.1648182337230536e-05,0.014475683628224729
5697,2.7498861042355807e-05,0.015000228809563127
5698,2.699354760504017e-05,0.014566341971594579
5699,2.4555932395742274e-05,0.014933196640551656
5700,2.5037420891749206e-05,0.014655441245913767
5701,2.5800041233499844e-05,0.01484252969129828
5702,2.7015956099300335e-05,0.014626290381624642
5703,2.4278281731919075e-05,0.014567929011638881
5704,2.5634289825878417e-05,0.01515832694815145
5705,2.652253442647634e-05,0.014143850557521062
5706,2.7477474092544676e-05,0.014986379883233023
5707,2.914526218470807e-05,0.0145417597282362
5708,2.336425422981847e-05,0.01471157537566291
5709,2.3901550351486853e-05,0.015152265830373947
5710,2.671097578665164e-05,0.014427234644032144
5711,2.4965144621091895e-05,0.014850863243986946
5712,2.9802594265978163e-05,0.014512756362500224
5713,3.616310665771986e-05,0.014485382688386986
5714,3.945365375936187e-05,0.015047487837523875
5715,3.261831455650584e-05,0.014095449588691805
5716,3.1590672248664003e-05,0.01510567113155314
5717,3.0820513226596326e-05,0.014619312409450415
5718,2.6145227335897894e-05,0.014452971662027076
5719,2.650278511282522e-05,0.014803876341946902
5720,2.517838784115156e-05,0.014713851946721954
5721,2.8640525124501436e-05,0.014649386823719248
5722,2.7539594884729014e-05,0.014503307979927011
5723,3.0742104475696884e-05,0.01500049543537047
5724,2.7769236961224427e-05,0.014548131240748293
5725,2.87952235036452e-05,0.014636719281436625
5726,2.7206238883081824e-05,0.01478266242683228
5727,2.6417246165995795e-05,0.014743960681385006
5728,2.642423423822038e-05,0.014349566109829763
5729,2.742314973147586e-05,0.015142553736120789
5730,3.0227389652281998e-05,0.014384159574738556
5731,3.22257411122943e-05,0.015005653482053037
5732,3.166398382745683e-05,0.014713482980273272
5733,2.6518772089427026e-05,0.014749484556068105
5734,2.2133233384617292e-05,0.014915894668982282
5735,2.5260020386970912e-05,0.014592812491556336
5736,2.557512270868756e-05,0.014958638108297312
5737,3.0383491442383577e-05,0.014696296074356862
5738,2.914726428571157e-05,0.014884172816221652
5739,2.3838265527350207e-05,0.014624386060811383
5740,3.5520329159529256e-05,0.015018861791206121
5741,5.209458298243893e-05,0.015589834641929368
5742,5.04732241097372e-05,0.014729280913199642
5743,3.4641148279964305e-05,0.014951556675920361
5744,4.485379370938366e-05,0.015580193667566371
5745,3.3761513865708066e-05,0.014143471753467092
5746,5.1824167894665155e-05,0.015812753094496392
5747,4.8287286820899077e-05,0.014103472017177942
5748,3.8906840806400093e-05,0.015839516983792316
5749,5.1940714547527024e-05,0.013825609677366379
5750,9.832647386550282e-05,0.01683457501366059
5751,9.018741147883702e-05,0.014556509978750623
5752,6.4389554366547e-05,0.015578182672194003
5753,6.5835653852749e-05,0.01477633351398828
5754,6.869278634743144e-05,0.014988547847987485
5755,7.037511192417392e-05,0.014543474191147562
5756,6.641125752745816e-05,0.014334399135012658
5757,5.937422247370705e-05,0.015314696835931282
5758,5.129528508405201e-05,0.013747011523759156
5759,8.139500738858866e-05,0.015520023983666314
5760,0.000305517054706191,0.013277112502926057
5761,0.00042572333477437497,0.011437675506162474
5762,0.00024445036057538043,0.017299225260449125
5763,0.0002360537357162684,0.013079067585957154
5764,0.000295600985797743,0.01808514998822707
5765,0.00030456445335100095,0.013012790754274056
5766,0.0003094416344538331,0.015053292173396644
5767,0.0004375909532730778,0.013695881408244393
5768,0.0003086256435684239,0.01508658539812892
5769,0.0003698931832332164,0.012933568158411634
5770,0.00024089438569111128,0.013938554198404894
5771,0.0006829000388582548,0.01849428880809975
5772,0.0013964832799198727,0.01683678371390622
5773,0.0014288665571560463,0.011269500806137282
5774,0.002094870778576781,0.02822059009235069
5775,0.0017308539206472536,0.009041016071773413
5776,0.003020100916425387,0.022034487049830586
5777,0.0024473702418617905,0.017595133234948268
5778,0.0014027221516395608,0.008833499166131433
5779,0.0006783274468034506,0.022719972900370932
5780,0.0011546819393212597,0.01361890511290437
5781,0.0003765313187614083,0.0107643849402598
5782,0.00014978191272045174,0.016377899691609566
5783,0.00014636584722514575,0.012584672813584255
5784,0.00010813197586685419,0.012579881373046739
5785,0.00029564929912642886,0.012551432922727576
5786,0.00046860522706992924,0.013676333139726772
5787,0.0003866804210701957,0.016624512662838774
5788,0.00087718428306592,0.01331332334411216
5789,0.0007960826624184847,0.01904956358403229
5790,0.00042130529376057285,0.010564708305973483
5791,0.0005335271562216803,0.014084272907654705
5792,0.0003145266033243388,0.019006513904682117
5793,0.00016941882204264403,0.011345541047658064
5794,0.0002810161153320223,0.012820858492690265
5795,0.00015802588604856281,0.016409964296607335
5796,8.072827477008104e-05,0.011889324148732908
5797,9.475525973054269e-05,0.013115795994005901
5798,5.188717235190173e-05,0.013938522770352749
5799,7.415223250670047e-05,0.01226212331080232
5800,5.280006880639121e-05,0.012368498182493366
5801,2.927903418215768e-05,0.012788184813280966
5802,4.7037100011948495e-05,0.013006134812750075
5803,3.0608775462800014e-05,0.012036790224391292
5804,3.6737714253831655e-05,0.012597081689872065
5805,3.553090840190028e-05,0.01326012878940163
5806,2.952724025817588e-05,0.012222063285843278
5807,3.6295775256197276e-05,0.012596836261865165
5808,2.971060360626628e-05,0.01339704169189198
5809,3.341996634844691e-05,0.012423228370012139
5810,3.419495236206179e-05,0.01232046760245613
5811,3.113292599058089e-05,0.012866986149919291
5812,2.869882312855528e-05,0.012194457993235396
5813,2.8784576473602406e-05,0.012523059880943719
5814,2.6591315205829838e-05,0.012723033987693706
5815,2.7567676928204794e-05,0.01276490391076853
5816,2.7423071757463427e-05,0.012326293918358608
5817,2.6043489500201154e-05,0.01269626880285183
5818,2.813258955332761e-05,0.012722931813165458
5819,2.615478685280929e-05,0.012160865689712244
5820,2.745385233235235e-05,0.012716919691941827
5821,2.4515021990130967e-05,0.012812010180722509
5822,2.4692193013227854e-05,0.012418736894315446
5823,2.8195302002131938e-05,0.012665871268326188
5824,2.9005410518342008e-05,0.01246443329847347
5825,2.5977680100671325e-05,0.013061878415728695
5826,2.755700904041684e-05,0.012572709465540989
5827,2.834591650753282e-05,0.01256401537187746
5828,2.7666159197300053e-05,0.012674389970393536
5829,2.5952473515644668e-05,0.012427370789684138
5830,2.372853875082607e-05,0.01290923431011908
5831,2.4750762289234748e-05,0.012503238179726385
5832,2.545168766422042e-05,0.01272969073561505
5833,2.542953322214695e-05,0.01251459342825134
5834,2.356924511938511e-05,0.012643220266313647
5835,2.1998105754998202e-05,0.012778889739134332
5836,2.64734817998639e-05,0.012556229356529289
5837,2.4724209166985624e-05,0.012570612209478709
5838,2.3315738993308817e-05,0.0125380638950744
5839,2.4148090839541208e-05,0.012627709095300943
5840,2.345479272965652e-05,0.012627026681279034
5841,2.855151712234753e-05,0.012581390310323945
5842,2.9766255950865648e-05,0.012810983844863915
5843,2.608229115139693e-05,0.012380591642359348
5844,2.6013220970829328e-05,0.012816796102765295
5845,2.637397634922915e-05,0.012299054346867015
5846,2.7253148922075827e-05,0.0126673827881854
5847,2.5607275892980398e-05,0.012789433666474965
5848,2.3094567344135914e-05,0.012200140687351098
5849,2.6682824257780644e-05,0.012755076068028677
5850,2.4431305549417934e-05,0.012492087994748454
5851,2.5615535560064017e-05,0.01251371645086788
5852,2.9911739936020847e-05,0.0127702428522242
5853,2.558342797177223e-05,0.012301611351884074
5854,2.5223162325952822e-05,0.012603947492479756
5855,2.1824445623982078e-05,0.012236833076771588
5856,3.3434478609706275e-05,0.012928052650484098
5857,3.371338195089872e-05,0.012425058647276757
5858,2.5251179128341997e-05,0.012581497759623616
5859,2.5249299748490255e-05,0.012634828527408996
5860,2.6191370974023206e-05,0.012491492692405652
5861,2.287721144966781e-05,0.012841408366299295
5862,2.5785216833658828e-05,0.012703517773215883
5863,2.4560852640812906e-05,0.012379306620422598
5864,2.3597768207158274e-05,0.012756786683277494
5865,2.7002527591927598e-05,0.012525935343137196
5866,2.6054274470273717e-05,0.012587841941596538
5867,2.5545239865702266e-05,0.012742667283307304
5868,2.5033598891847456e-05,0.012590876402611141
5869,2.3979589301840557e-05,0.012607268359354147
5870,2.257328960695304e-05,0.012815178155474234
5871,2.3840675688309905e-05,0.012636670321961375
5872,2.4313565033177533e-05,0.012679614886445435
5873,2.2246465232456102e-05,0.012762029930998228
5874,2.3035155997301142e-05,0.012683289066332867
5875,1.9897060519724617e-05,0.012749507715203936
5876,2.4999884772114456e-05,0.01256067027631951
5877,2.431071601070774e-05,0.012590943010556594
5878,2.5496258119043583e-05,0.012743320106392541
5879,2.8338818083284423e-05,0.012712619642520117
5880,3.188932957224703e-05,0.012673554124381415
5881,2.5701120224160454e-05,0.012339553629982214
5882,2.8330391554239517e-05,0.012956096318942545
5883,2.7379419407225214e-05,0.012353957883607901
5884,2.5875788560369982e-05,0.012812551268926489
5885,2.5896261528638814e-05,0.012565654240908069
5886,2.4103120388948203e-05,0.01248287299051554
5887,2.247312877443619e-05,0.012768332795403375
5888,2.266544955394541e-05,0.012609357086462323
5889,2.2235989611848102e-05,0.012654904427268264
5890,2.5409097239995997e-05,0.01264773198840486
5891,2.4085103723336944e-05,0.01275640550819743
5892,2.3569323699727342e-05,0.012374346251722033
5893,2.403872798216374e-05,0.012800374465901949
5894,2.25517035384352e-05,0.012625073150143419
5895,2.5770134137322505e-05,0.012523852147458785
5896,2.5326149382938942e-05,0.012835243235516488
5897,2.4935763091586218e-05,0.012684299687484595
5898,2.2426050539555337e-05,0.012595547018000823
5899,2.5326356626464987e-05,0.012705140265129637
5900,2.499522943253396e-05,0.012805565763795912
5901,2.5531872233841567e-05,0.012735825287632927
5902,2.5196937349392103e-05,0.012716147790278978
5903,2.5507541431579738e-05,0.012794179244481615
5904,2.244285666771854e-05,0.012594075914682026
5905,2.355914330109954e-05,0.012868121013791459
5906,2.527802425902337e-05,0.012857430187334465
5907,2.2588559901729846e-05,0.012587278211974043
5908,2.4687011682544834e-05,0.012984786842669202
5909,2.7629701920280545e-05,0.012281641488512216
5910,3.7556297320406885e-05,0.013291379744908636
5911,3.335020228405483e-05,0.012707366655398247
5912,2.8293816285440698e-05,0.012589386900905955
5913,3.583605963891993e-05,0.012694199713851101
5914,5.4048968134641955e-05,0.01286587606685247
5915,3.9960407351221267e-05,0.012917166748029665
5916,3.25272087745058e-05,0.01229921548643656
5917,2.9827207860459264e-05,0.01356115816903099
5918,5.524970377640178e-05,0.012052202707718873
5919,7.939256271735454e-05,0.012365001822925277
5920,3.7148922759418684e-05,0.01305745737130171
5921,3.2613023601394765e-05,0.012054746563761489
5922,5.84004184929654e-05,0.014256704986035519
5923,4.581326259843384e-05,0.012028555016439103
5924,9.083004788408288e-05,0.014088417877230728
5925,0.00014518531679641455,0.012843407308601104
5926,0.00032812891586218027,0.01344525887649942
5927,0.00025532563061763844,0.014050427660188087
5928,6.495192355941981e-05,0.01160519350335759
5929,9.028906036595193e-05,0.014415569297087035
5930,7.063802477205172e-05,0.012240064480853926
5931,6.157782651522818e-05,0.012769202148264045
5932,3.746212654126187e-05,0.012850567122188817
5933,3.3371584625759475e-05,0.01195845273813527
5934,2.861074681277387e-05,0.013363580904323717
5935,3.0830966716166584e-05,0.0125081399105059
5936,2.7297157551705216e-05,0.012866396608092544
5937,3.748148568168593e-05,0.012577383065519974
5938,3.373625780416963e-05,0.012626268650740059
5939,3.225498124569033e-05,0.012972426072119774
5940,3.031825181096792e-05,0.013093846150924458
5941,3.9560196455568075e-05,0.013150184225680426
5942,2.813198928682444e-05,0.0120308022624105
5943,3.638284615590237e-05,0.013440034497251506
5944,2.8957166311253483e-05,0.012797157950386166
5945,2.577712803031318e-05,0.012571726404184922
5946,3.026189915544819e-05,0.012901180186540389
5947,3.217187919896484e-05,0.0128912472544641
5948,3.6124127655057235e-05,0.0127326595417921
5949,2.878338915858573e-05,0.01335748844665655
5950,3.2071340926146755e-05,0.012778183215226956
5951,3.523452857431645e-05,0.012337249690770276
5952,2.6876413539866916e-05,0.013433849471022118
5953,3.0835861737917486e-05,0.012343668207670534
5954,2.864807938749436e-05,0.012767601965883018
5955,2.8953621646602794e-05,0.01288006860934394
5956,2.7553041945793666e-05,0.012617534176958453
5957,2.641735033345564e-05,0.012901660716991697
5958,2.576723381935153e-05,0.012598314379717698
5959,2.4419980521391458e-05,0.012757775857118748
5960,2.479160793882329e-05,0.012639010145685674
5961,2.562388375129861e-05,0.012717750846620714
5962,2.221512064958612e-05,0.012732040124798292
5963,2.40565400114671e-05,0.012657434781005726
5964,2.603158864076249e-05,0.012539004073723367
5965,2.4416837065170208e-05,0.012947082467110316
5966,2.4909751239950613e-05,0.012739724798226043
5967,2.1810388473871475e-05,0.012705391992498951
5968,2.170436697876236e-05,0.012751595155276053
5969,2.284359943587333e-05,0.012617132582903257
5970,2.416129233703638e-05,0.012841566840230285
5971,2.531751367011263e-05,0.012800468387877384
5972,2.4789882324209127e-05,0.012551880194138387
5973,2.427154334630662e-05,0.012878124237575225
5974,2.2387913971518478e-05,0.012599273418669987
5975,2.4727595882723107e-05,0.01278765036619666
5976,2.6794325215936017e-05,0.012707098151287554
5977,2.6516227080719545e-05,0.012828379636630416
5978,2.5653166449046694e-05,0.012648806735677155
5979,2.5915547545688848e-05,0.013020445014028782
5980,2.5930878230913852e-05,0.012701358163813728
5981,2.4964235126390123e-05,0.012642291370419818
5982,2.3264258804071384e-05,0.012879711534277869
5983,2.3930802611478916e-05,0.012782727742611228
5984,2.397789309422175e-05,0.012708768709794187
5985,2.57618308144932e-05,0.012858078260198018
5986,2.5202570880840844e-05,0.012706083524699884
5987,2.4572537040512542e-05,0.013028363767692721
5988,2.5892860624783982e-05,0.012780739177612055
5989,2.6393191728857345e-05,0.012685949086995893
5990,2.6002755718460927e-05,0.013040181382815217
5991,2.4474055923443908e-05,0.012485778848681468
5992,2.428801478041957e-05,0.01317950150839527
5993,2.631657419745655e-05,0.012449021677538339
5994,2.7111201779916884e-05,0.012987851574731042
5995,2.2832118096024107e-05,0.013080671947375921
5996,2.493048499066693e-05,0.012628670963962502
5997,2.4874979862943293e-05,0.012927396397231615
5998,2.5483501061292677e-05,0.012746994554511767
5999,2.641695148971242e-05,0.012893509380832554
6000,2.2912642089067957e-05,0.012856619187143266
6001,2.558133431496875e-05,0.012585106468487161
6002,2.596554440970067e-05,0.012918135513107658
6003,2.446386897645425e-05,0.01281956830388752
6004,2.1745300606805056e-05,0.012732827907961887
6005,2.558141762468343e-05,0.012844457868377717
6006,2.188502767239697e-05,0.01283356856707244
6007,2.4208234026446008e-05,0.012816863476941416
6008,2.4241623032139613e-05,0.012858583700464636
6009,2.286739739550588e-05,0.012980318804236118
6010,2.2066254556799927e-05,0.012793460077257577
6011,2.7425528969615698e-05,0.013197963181147842
6012,2.829611075867433e-05,0.01256589708156742
6013,3.070655899743239e-05,0.013265234802179691
6014,2.9237988201202825e-05,0.012514615191789398
6015,2.8919467877130955e-05,0.013323554531221785
6016,3.062979036864514e-05,0.012665635206816957
6017,2.4081220302226333e-05,0.013350330045030109
6018,2.749942153362402e-05,0.012922822334395167
6019,2.7802437640881785e-05,0.013379236828258033
6020,2.3721912900024714e-05,0.012519092164587839
6021,2.7054710274872682e-05,0.012994838306647643
6022,2.3925795782512676e-05,0.012791545182733377
6023,2.7354468087044856e-05,0.012981741792625852
6024,2.4677275117331495e-05,0.012766162488386253
6025,2.4515567323154148e-05,0.012969117373369678
6026,2.2944298446721708e-05,0.012770768004464127
6027,2.733812762016896e-05,0.013150191196643513
6028,2.6695525593822823e-05,0.012668143688940732
6029,2.7093636890640483e-05,0.012954040499586525
6030,2.390856194930772e-05,0.01271514221651436
6031,2.810939671083664e-05,0.01330011886236808
6032,3.062551162050416e-05,0.012230890691048896
6033,3.829844281426631e-05,0.013955997636035215
6034,6.671591193783873e-05,0.01228654446531011
6035,5.803088085182632e-05,0.013209804031679309
6036,6.237854395294563e-05,0.012333111670201818
6037,6.0366881128478175e-05,0.01280270339049704
6038,3.468078672691869e-05,0.01247399322360438
6039,3.0463355506071822e-05,0.013109158568304816
6040,2.9640423357098673e-05,0.012585856841825362
6041,2.6919052834273317e-05,0.012800607608007648
6042,2.4379506673236998e-05,0.013084260134805233
6043,2.2340570285450668e-05,0.012874146825729254
6044,2.474302794629087e-05,0.012858188930321594
6045,2.2847357346715095e-05,0.0129143317340334
6046,2.5660076668524805e-05,0.013085129164970802
6047,2.5524872762616722e-05,0.013025720236136726
6048,2.240540294830377e-05,0.012897377892272079
6049,2.5854530395008624e-05,0.012791974204510712
6050,2.4688259509275666e-05,0.013127070662364015
6051,2.552916109076856e-05,0.0127074830057045
6052,2.4103597873666634e-05,0.01301480133810805
6053,2.423594293456214e-05,0.012947539686925209
6054,2.429584880398276e-05,0.012731156414388324
6055,2.485689110471867e-05,0.013002328329572552
6056,2.3732239424134604e-05,0.012946086879193304
6057,2.221120660882055e-05,0.013069859013500574
6058,2.5173537020843167e-05,0.012866194722139172
6059,2.4096999065174412e-05,0.012877712327148221
6060,2.2463435016106814e-05,0.012928571925111855
6061,2.5940990599337966e-05,0.012844488365107288
6062,2.756779213086702e-05,0.012970511009780505
6063,3.018855228826093e-05,0.012854455619279774
6064,3.1035207939567044e-05,0.01251033718298783
6065,3.002123533709285e-05,0.01343563098694628
6066,2.44802065329471e-05,0.012109753846297073
6067,3.422160564999407e-05,0.013945214333263232
6068,3.7827004174080985e-05,0.012376992573841797
6069,3.8283310883950133e-05,0.012665346040858816
6070,5.494029319379479e-05,0.012804269960166462
6071,0.00011563777370611205,0.013041298720054328
6072,0.00016351448866771534,0.010860624457117203
6073,0.00031788544341300923,0.01851103949899736
6074,0.0004022221876463542,0.009973103505180065
6075,0.0002706687407529292,0.014357480889714558
6076,0.0003616374021172912,0.010577653476843142
6077,0.0005000206251376464,0.015119195895334869
6078,0.00037506490286129217,0.011897057281229754
6079,0.00040832945863561085,0.015509387372028931
6080,0.0002126281426171772,0.012574686727531483
6081,0.00022331365738258077,0.014593248779079413
6082,0.00013006927717166641,0.012488607618119024
6083,0.00015050650496656697,0.015181300373290452
6084,0.0004110795600960652,0.011057240954513133
6085,0.0003894876717822626,0.013127991140613126
6086,0.00017299453659992044,0.01320894211408143
6087,7.567454401093224e-05,0.012135786768552786
6088,9.211539872922003e-05,0.012705509964109818
6089,0.00012388866452965884,0.011478123303750606
6090,9.114841911165665e-05,0.013887076829941345
6091,8.074535217019729e-05,0.011373137137158202
6092,0.00020687814879541595,0.015374514031937422
6093,0.0001937803695909679,0.011689536332197716
6094,0.0005717961787013337,0.021152558902616216
6095,0.0018102745021072526,0.010677710617688206
6096,0.004628837613078455,0.024403074704524543
6097,0.007747829643388589,0.01256478796488393
6098,0.00597862006785969,0.017456324538215995
6099,0.0037628663626189033,0.04681944451703314
6100,0.006171595181028048,0.008190776858334458
6101,0.0041496039989093935,0.009693716440965252
6102,0.0009982118033804,0.027723002999105996
6103,0.0026572402489061157,0.008949300487170388
6104,0.0012892256607301533,0.01096841888430757
6105,0.000630146338759611,0.014230802369287662
6106,0.0011232635161528984,0.009483577275093188
6107,0.0004268171537357072,0.008443145427753474
6108,0.00045738699433665414,0.012928133607128559
6109,0.0004998638585675507,0.00980844832711706
6110,0.00014513458008877934,0.00866082044214838
6111,0.0002116352222704639,0.011122861433207815
6112,0.0002452002615124608,0.009358975294247618
6113,8.036042151312964e-05,0.008326975276083714
6114,0.00025921791481475033,0.010585816767698491
6115,0.0002777724817860872,0.008960160405010159
6116,0.00018737758703840274,0.007961148394092003
6117,0.0003053197598395248,0.011882597577828936
6118,0.00014053083044321586,0.010236824810918834
6119,0.00012841011436345677,0.009021052335013161
6120,7.030036698173111e-05,0.010472429261341343
6121,8.921882933160911e-05,0.010583718627288241
6122,6.295721420125725e-05,0.009076746032241057
6123,6.572301814837071e-05,0.010161719873155417
6124,3.204516542609781e-05,0.01044287990604402
6125,4.37893705869404e-05,0.009892623682985659
6126,4.108389063427846e-05,0.009953283113890399
6127,3.6757197328067075e-05,0.010582127137251242
6128,4.8142879434938854e-05,0.0095846314501965
6129,3.745030723318147e-05,0.009869407245627883
6130,3.1595973268849775e-05,0.010320910033415894
6131,3.90445600108554e-05,0.009898945184734961
6132,4.3080412433482705e-05,0.009805542571410232
6133,3.0718405711619803e-05,0.01058435523664655
6134,4.771873839975645e-05,0.00986545855705
6135,3.724148264154792e-05,0.009651780052230371
6136,3.545654083912571e-05,0.009947798816672368
6137,3.994105366776542e-05,0.010015179841555873
6138,3.0102852664034194e-05,0.00997610847269626
6139,3.2992484375427014e-05,0.009916365563281272
6140,3.122726363168719e-05,0.009935401033539303
6141,2.9499819599247228e-05,0.010096798623688737
6142,2.7604171676406017e-05,0.009965337949739606
6143,2.9882596815392997e-05,0.009827945429058365
6144,2.9611879775378232e-05,0.010142895263723202
6145,2.9070567082574903e-05,0.009802728115270535
6146,2.7795717081365486e-05,0.009949789919661717
6147,2.8037979548874623e-05,0.010052683531736944
6148,2.8225663360596324e-05,0.010091900847285812
6149,2.4955309102855003e-05,0.009955930270319968
6150,2.7474619855638593e-05,0.010063821532251585
6151,2.7699603803436425e-05,0.009932810803521316
6152,2.7023009412611524e-05,0.009917532253808925
6153,2.696318745923539e-05,0.010302520994973854
6154,3.108538148808293e-05,0.009886844673912907
6155,2.4723128687279918e-05,0.009980111229042823
6156,2.8574038515216672e-05,0.010271076921765742
6157,2.5673652271507307e-05,0.009785209596565548
6158,2.6763552887132393e-05,0.009872560006735183
6159,2.8313052825978958e-05,0.01032593245726972
6160,2.752466461970471e-05,0.009880576251423237
6161,2.759372776684662e-05,0.009867484156418135
6162,2.4629081114350507e-05,0.010258667937572501
6163,2.8685278327126677e-05,0.009974922538920147
6164,2.3998891750428206e-05,0.009924577948043656
6165,2.8507025854196398e-05,0.01015456413648674
6166,2.5859800613640496e-05,0.009896550913020009
6167,2.8179662816304093e-05,0.009990173079514582
6168,2.6237525404818976e-05,0.010183708309277631
6169,2.249099561595358e-05,0.009889758791099166
6170,2.279416166857118e-05,0.010202320331397155
6171,2.665667149509924e-05,0.010121499998386057
6172,2.562076964143974e-05,0.00998665309955001
6173,2.3933942065923476e-05,0.010049382141622447
6174,2.72239871264901e-05,0.010162410640146866
6175,2.6437103406351527e-05,0.009921101337552005
6176,2.4179690565991526e-05,0.010140514453295727
6177,2.692907291930169e-05,0.010156462634831928
6178,2.5716393793118186e-05,0.009947382768735899
6179,2.4234830925706773e-05,0.01009016787110452
6180,2.3133667370226854e-05,0.01012923293107064
6181,2.432113008884092e-05,0.010129209734807172
6182,2.5791797088459135e-05,0.009994494424430294
6183,2.2712702775606886e-05,0.01021458090784039
6184,2.6450470492515403e-05,0.010253892685913028
6185,2.3199700929884178e-05,0.009935403160671895
6186,2.9323661874514072e-05,0.010294142667999306
6187,2.552832320361631e-05,0.009963323266180069
6188,2.4546191707486286e-05,0.010099069908402904
6189,2.5856869857913504e-05,0.010256638663292628
6190,2.6034944797477997e-05,0.009926221029470779
6191,2.534410402101154e-05,0.01011536501304448
6192,2.363140811212361e-05,0.010193243309615822
6193,2.529465649179959e-05,0.01008807270302933
6194,2.492216420553935e-05,0.01018081496405682
6195,2.343886371818371e-05,0.010276179731420476
6196,2.2603221562652228e-05,0.009994807692615
6197,2.5587683467165334e-05,0.010139406193047762
6198,2.449985501395228e-05,0.01023037762793696
6199,2.4510347672427693e-05,0.010111744721537206
6200,2.248542950837873e-05,0.010128405997978948
6201,2.3706399709529553e-05,0.01019430219819388
6202,2.3437603764856856e-05,0.010165945758188024
6203,2.0498995703140584e-05,0.010242980667961794
6204,2.3675278741090247e-05,0.010246774889746605
6205,2.5322521105408667e-05,0.010028614011751107
6206,2.3252594595154126e-05,0.010277384692293794
6207,2.487440409216409e-05,0.010345590060198277
6208,2.483650459907949e-05,0.010206234314252912
6209,2.313271143066231e-05,0.010164252689315213
6210,2.4643651947068672e-05,0.010320694046571568
6211,2.388210086792242e-05,0.010271143690377953
6212,2.5023497194827844e-05,0.010090883759637391
6213,2.2105830430518837e-05,0.010420606506318507
6214,2.547437737424237e-05,0.010233587321242568
6215,2.2673965001255663e-05,0.010133600818968176
6216,2.20763362449361e-05,0.010363740481610536
6217,2.549310180863055e-05,0.010286048581968034
6218,2.237249039656793e-05,0.010127445499750387
6219,2.4431059622050573e-05,0.01022312644193744
6220,2.4033311638049783e-05,0.010368940836412299
6221,2.5736827713747818e-05,0.010253559712903324
6222,2.457239224895602e-05,0.010280558705664845
6223,2.462750890117604e-05,0.010241183837636085
6224,2.5646830302624342e-05,0.010257112268053474
6225,2.6140675860612343e-05,0.010306489120144941
6226,2.344079148315359e-05,0.010377880013261905
6227,2.4090178097443034e-05,0.010212676472654185
6228,2.316149451265422e-05,0.010252501342407488
6229,2.5072191541160767e-05,0.010452856014248484
6230,2.444776728225406e-05,0.010051718233929327
6231,2.5096941074783294e-05,0.01032835250748975
6232,2.1844795810466167e-05,0.01035368545266816
6233,2.4071421406309432e-05,0.010291709927828406
6234,2.428740990580991e-05,0.010350259027392086
6235,2.515665679917826e-05,0.010245320816763966
6236,2.4740444253742074e-05,0.010322481994272062
6237,2.43659963113411e-05,0.010513791725943572
6238,2.30013389227679e-05,0.010184225988470845
6239,2.1952784906413095e-05,0.010394594684510072
6240,2.189975930377841e-05,0.010272083579009801
6241,2.231451617262792e-05,0.010206378099089216
6242,2.486658534811189e-05,0.010442730988381289
6243,2.4467568133938283e-05,0.010340901697599138
6244,2.4613444778272728e-05,0.010170499116797762
6245,2.515189044061117e-05,0.010469488284893726
6246,2.524167066439986e-05,0.010420807661101962
6247,2.4904366728151218e-05,0.010246266798138053
6248,2.525132343483468e-05,0.010436844790751952
6249,2.23150596866617e-05,0.010327560233485978
6250,2.520402055476249e-05,0.010439122968478596
6251,2.3155874684258983e-05,0.010503187807268676
6252,2.2475506375485567e-05,0.010383454954785388
6253,2.2732780659377266e-05,0.010359936125906
6254,2.1134397684363648e-05,0.010552314538658427
6255,2.2762991648050956e-05,0.010388776795442995
6256,2.5767676318840435e-05,0.010226317170097858
6257,2.5488937414290073e-05,0.010576525458668452
6258,2.3549111938336863e-05,0.01031539349460005
6259,2.524649195644694e-05,0.010445978256944589
6260,2.5481696017474557e-05,0.010546381178527133
6261,2.4485365429427475e-05,0.010347717252358446
6262,2.5024117227682534e-05,0.010450881681532997
6263,2.4963396451009128e-05,0.010532680068339347
6264,2.160669816172837e-05,0.010363873084108428
6265,2.4134761527723943e-05,0.01051235853793775
6266,2.454292989568785e-05,0.010355813084279148
6267,2.4941937226685695e-05,0.01050647987122239
6268,2.3193765688726368e-05,0.010372639751832453
6269,2.1211754180209634e-05,0.01044304450743761
6270,2.456105964180703e-05,0.010542164837168149
6271,2.3600846664824832e-05,0.010438328821277409
6272,1.941497879064021e-05,0.010510535329670171
6273,2.4620989643153733e-05,0.010628540646856683
6274,2.3277574291569182e-05,0.010455261582674796
6275,2.2662270202999936e-05,0.01036582617987797
6276,2.190428446435059e-05,0.010551817269930453
6277,2.3825343547893377e-05,0.01052500981951884
6278,2.4216763995354996e-05,0.010524566988229251
6279,2.4275316354760436e-05,0.010400723844660413
6280,2.4247923768901576e-05,0.010481948929917807
6281,2.3879261910527323e-05,0.010470458841133776
6282,2.2031554302278285e-05,0.010659008857736919
6283,2.3284409447417905e-05,0.01035680954497068
6284,2.4862120335455983e-05,0.010495952457837673
6285,2.5293278304161505e-05,0.010621613074006915
6286,2.3846319284833346e-05,0.010296356232158774
6287,2.3562455317005516e-05,0.010529207269598495
6288,2.1785705272729197e-05,0.010616058504483963
6289,2.1520217584717707e-05,0.010455507117225543
6290,2.4780560367313834e-05,0.010592706695169058
6291,2.6168741472550514e-05,0.010387844480274583
6292,2.4779133855190594e-05,0.010624220330276313
6293,2.651705144671723e-05,0.010551501423929278
6294,2.500251430319622e-05,0.010472848847350487
6295,2.9254641352357186e-05,0.010432823504285876
6296,2.6466574733300757e-05,0.01075541975292546
6297,2.1874210384946007e-05,0.010315860526660751
6298,2.415438114743059e-05,0.01062802143656371
6299,2.475028159096837e-05,0.010568906403996312
6300,2.0601374611336117e-05,0.010470853920356092
6301,2.484682700014673e-05,0.01064814552487751
6302,2.336377741206282e-05,0.010642494449095137
6303,2.3784057035906395e-05,0.01046945107147664
6304,2.219646194134839e-05,0.010589105300387444
6305,2.4332623919084048e-05,0.010690412090952393
6306,2.445129600043098e-05,0.01038945520811371
6307,2.553678095864598e-05,0.010591375451243609
6308,2.3359035427953737e-05,0.010548192811980082
6309,2.498057389554257e-05,0.01058884933985748
6310,2.45770177571103e-05,0.01042653716438891
6311,2.6427992270328105e-05,0.010685626448034063
6312,2.5244852319398586e-05,0.010517415802991181
6313,2.3691399898477055e-05,0.010675337512457297
6314,2.432970074247957e-05,0.010598768010376054
6315,2.172138762640922e-05,0.01068137700762055
6316,2.378873238437033e-05,0.01055755220831519
6317,2.3568612353604596e-05,0.01048793805128628
6318,2.2705238613222416e-05,0.01068624082717184
6319,2.1697088232031093e-05,0.010637143053582798
6320,2.3625128233106806e-05,0.010482824382669025
6321,2.31111179649209e-05,0.01064165826881446
6322,2.5038410967681557e-05,0.010625358920800363
6323,2.39471281626417e-05,0.010672235962518147
6324,2.4706109009760742e-05,0.010580424957347718
6325,2.419572738290299e-05,0.010494361055282364
6326,1.8789836637248906e-05,0.010709354308112496
6327,2.5226629683553863e-05,0.010656488047673078
6328,2.3363671789411456e-05,0.010549683895503982
6329,2.7541956903102498e-05,0.010705663799444399
6330,2.503954031756924e-05,0.010476394930557615
6331,2.365169129916467e-05,0.010680799756460545
6332,2.336784952300756e-05,0.010614419372667891
6333,2.4523787578800695e-05,0.01068230776990388
6334,2.4861645579221657e-05,0.010719530178882095
6335,2.016604097055582e-05,0.010441996120576807
6336,2.5303036212183847e-05,0.010772395850096594
6337,2.5451971426567375e-05,0.010617209588550575
6338,2.1423619788644525e-05,0.010760873110899538
6339,2.4629466012508297e-05,0.010579686161206915
6340,2.421811562574779e-05,0.010710847994982543
6341,2.1160025547336166e-05,0.010378481790951688
6342,2.5180153655431545e-05,0.01086477763039926
6343,2.4648635007906706e-05,0.010593795648514572
6344,2.2697190555239407e-05,0.010850594276548718
6345,2.5250801506141822e-05,0.01063020772481751
6346,2.6175200036959723e-05,0.010658867956052006
6347,2.5864987158759807e-05,0.010792533649888695
6348,2.7782318647950886e-05,0.010657876320809605
6349,2.783393695911703e-05,0.010769100305597074
6350,2.8360756308150787e-05,0.010429300020288197
6351,2.58695503968435e-05,0.011260801451403256
6352,2.9714708519653264e-05,0.010582791826189413
6353,3.0539023525003967e-05,0.010771866942271155
6354,2.679142174505008e-05,0.010781145075605693
6355,2.6524289326819903e-05,0.01093329577087234
6356,2.331542345928028e-05,0.010878299320067623
6357,2.6932952944965412e-05,0.01076008965331402
6358,2.6194177674672877e-05,0.010627550018164301
6359,2.546445102780126e-05,0.010878921938142385
6360,2.4123316325130873e-05,0.010677851642936751
6361,2.398175420239568e-05,0.010729356576642294
6362,2.398823429151283e-05,0.010663231984543347
6363,2.153653210067811e-05,0.010736996094200608
6364,2.470832429632234e-05,0.01070958681367828
6365,2.6185557483889473e-05,0.010784487634194656
6366,2.4149121842735136e-05,0.010697924993232393
6367,1.9702467519285467e-05,0.010811469860767064
6368,2.5417838090409837e-05,0.010799281115300562
6369,2.1617733970439683e-05,0.01072168672370196
6370,2.5078560429392383e-05,0.010803381128138617
6371,2.195077225527105e-05,0.010930194568136783
6372,2.3447724439999245e-05,0.010930739092975528
6373,2.5302703822186837e-05,0.010553472703976328
6374,2.5669926738676926e-05,0.011097195172581648
6375,2.2326775554878015e-05,0.010653082255821414
6376,2.3055543654966943e-05,0.010945838202425546
6377,2.467846764678446e-05,0.010784954251653421
6378,2.3681429835657277e-05,0.010845904318174641
6379,2.4739371898855703e-05,0.010887840774988658
6380,2.572535195213277e-05,0.010583367641730648
6381,2.4453553972610583e-05,0.011145006839392914
6382,2.6410782447783275e-05,0.010608873560334343
6383,2.4924938285645717e-05,0.01087807782698281
6384,2.1719615324400367e-05,0.010731432575675283
6385,2.2745972819393502e-05,0.010795683809862422
6386,2.4947701240307653e-05,0.011079051849780855
6387,2.3941267500049435e-05,0.010537393153365973
6388,2.302959486163066e-05,0.011103244271328161
6389,2.4965667034848592e-05,0.010630931192430346
6390,2.6950586955839148e-05,0.010883410999072139
6391,2.562993589284209e-05,0.01111413491209043
6392,2.3939465851678202e-05,0.01042939051481955
6393,2.8173210012027994e-05,0.011175025831799062
6394,2.6233756822572712e-05,0.010806438196872563
6395,2.291923544059197e-05,0.010922453441787838
6396,2.537365689931903e-05,0.010854371914596499
6397,2.2000394771263625e-05,0.0106295394712558
6398,2.251593299054851e-05,0.011077864097270636
6399,2.1941246571562564e-05,0.010699844759499534
6400,2.3608018091181292e-05,0.010869550176934278
6401,2.4283119273604825e-05,0.011013940734412978
6402,2.3428104213962797e-05,0.010686387870275574
6403,2.363578435809662e-05,0.010908222903650015
6404,2.3950230145904548e-05,0.010920113111214375
6405,2.2284548928534303e-05,0.01090449156826471
6406,2.3958498786669225e-05,0.010850567149906556
6407,2.407761348877102e-05,0.010987678952229192
6408,2.431544580758782e-05,0.010888385621160922
6409,2.1860531584631342e-05,0.01086471723059018
6410,2.437517844858424e-05,0.010870695869133355
6411,2.365337519828851e-05,0.010811173632449596
6412,2.3376357906575624e-05,0.011015775753729785
6413,2.3578035082512846e-05,0.010781908186379962
6414,2.2171143791638313e-05,0.011005387245949728
6415,2.372547120709593e-05,0.010811904079705607
6416,2.3030971109013385e-05,0.01083631489486488
6417,2.1676200412912293e-05,0.01094914465762773
6418,2.1765063623509682e-05,0.01076717529927887
6419,2.40242409442241e-05,0.010982608707548169
6420,2.2881320182932542e-05,0.010729164600287897
6421,2.4487160165638972e-05,0.01090353136686118
6422,2.1118817312526516e-05,0.010888856244736423
6423,2.2595119783848835e-05,0.011027751184458033
6424,2.366454743120509e-05,0.010766526746797806
6425,2.471307404145288e-05,0.01120346477588813
6426,2.5887950566054013e-05,0.010427326648850103
6427,2.8403250325936824e-05,0.011331330176731517
6428,2.8912150446558373e-05,0.010797320164219961
6429,3.0644181485210235e-05,0.011199908459025342
6430,3.811199082216869e-05,0.011477540499715907
6431,2.692350705425876e-05,0.010555549595526785
6432,2.768416355441635e-05,0.01137475359147382
6433,3.16792963227878e-05,0.010280011316226273
6434,3.2751887677780665e-05,0.011733896952402937
6435,3.9333927513022594e-05,0.010331936218375503
6436,4.008861190717046e-05,0.011494349009542567
6437,3.2756603710974254e-05,0.010776807825701932
6438,3.3900713848803816e-05,0.0106728106031837
6439,2.940704701662374e-05,0.011235859159282163
6440,2.723469248545977e-05,0.011172402346144535
6441,2.584048925200477e-05,0.01052784840477636
6442,3.7204380593417836e-05,0.011220225310688349
6443,2.6541229453869163e-05,0.010844213564332836
6444,2.573217085834282e-05,0.010883474998905907
6445,2.7965460079334057e-05,0.010971642186121787
6446,2.460689987249983e-05,0.010948909417663466
6447,2.6157572089384e-05,0.011051527601299122
6448,2.3698090565934156e-05,0.010712810638510453
6449,2.700729867986714e-05,0.011263495885048127
6450,2.3897253170919916e-05,0.011033387843121868
6451,2.6963363779941574e-05,0.01137061503325039
6452,3.7841642309407084e-05,0.010620733718959647
6453,4.631682192363466e-05,0.01174555047434259
6454,4.758380940378023e-05,0.010684802580375649
6455,4.147933602022628e-05,0.011281492444550434
6456,4.152200781391002e-05,0.010320143227306145
6457,3.618164822304e-05,0.012256943581255468
6458,5.96075148981375e-05,0.009571870224555813
6459,8.350138911434139e-05,0.01209688800310836
6460,7.366018653556238e-05,0.010208219426959122
6461,6.323795144756635e-05,0.01110017337742376
6462,7.172182182936618e-05,0.010557103446992495
6463,6.394878146238625e-05,0.010034622762546935
6464,4.59539233512866e-05,0.010951761280564994
6465,4.089381691301242e-05,0.010799613095035679
6466,3.1507005223829766e-05,0.01091201135300492
6467,2.2746658942196518e-05,0.010819097218710973
6468,2.539173389474551e-05,0.011123280242434022
6469,2.428969188864964e-05,0.01086551946116753
6470,2.1677725574894186e-05,0.011034937757230773
6471,2.3330598439012343e-05,0.010782129720142057
6472,2.3554000654257835e-05,0.011128931097980393
6473,2.5690837355796246e-05,0.010960177975578767
6474,2.58045009104535e-05,0.010577361436754095
6475,2.498212100666327e-05,0.011285497348112931
6476,2.568223074680039e-05,0.010942320885035967
6477,2.4082537978150263e-05,0.011029919405190046
6478,2.402793482663886e-05,0.010988370993321664
6479,2.4231152625967903e-05,0.011006125557707481
6480,2.471776776170979e-05,0.01121550901794305
6481,2.4822210616548545e-05,0.010769129784203173
6482,2.436952405939034e-05,0.011105768028878176
6483,2.447080411608719e-05,0.010938522588714892
6484,2.009986534782608e-05,0.011181176239107218
6485,2.803643365041353e-05,0.011032389131393719
6486,2.7256575170516346e-05,0.011048065468176044
6487,2.720250292137886e-05,0.011173919313696174
6488,2.95979407383129e-05,0.010573396314894073
6489,2.667061902078179e-05,0.011978792973279365
6490,3.723979510444527e-05,0.010347355763041223
6491,3.767475482163718e-05,0.011150287706963174
6492,4.211555400009578e-05,0.01065686685223764
6493,4.924340567716475e-05,0.01160454453712558
6494,4.0092193133508164e-05,0.011172945367795966
6495,3.398289324347085e-05,0.010933393502556201
6496,3.440353442177487e-05,0.011568275965513302
6497,2.6035854110280827e-05,0.010581951959763943
6498,2.8292192776765054e-05,0.01144569689116566
6499,2.7120334561914205e-05,0.010792614369617764
6500,2.346925793972332e-05,0.01109084093395882
6501,2.6686561128978306e-05,0.01097442785874336
6502,2.371769781651286e-05,0.011220909644201485
6503,2.185602170357015e-05,0.010910354880071436
6504,2.5929163166438228e-05,0.01097817605767094
6505,2.7604842034634203e-05,0.010932133247468577
6506,2.859689211618388e-05,0.0112058682842398
6507,2.8443662934781362e-05,0.010837746874636246
6508,3.754528424906312e-05,0.011677354755974784
6509,5.06884428129221e-05,0.010763105997960055
6510,6.632732571839975e-05,0.011317934995457225
6511,5.785448447568342e-05,0.011045051954430665
6512,4.372073308331892e-05,0.011027830043584326
6513,4.2427107109688224e-05,0.011337056003404749
6514,4.550772452300104e-05,0.010754332347359095
6515,3.5195717161210874e-05,0.01133772891051577
6516,4.666187693752969e-05,0.01123853096818791
6517,4.824704895630324e-05,0.010313880123328744
6518,5.4569636267842726e-05,0.011401006438611456
6519,9.289294078674478e-05,0.010172791188454789
6520,8.543721827057501e-05,0.011391273740207918
6521,8.725043104883904e-05,0.010277703202486839
6522,9.992665533597271e-05,0.012684595211523405
6523,0.00012745654627603167,0.010811304540798199
6524,9.504753688815981e-05,0.011298360314107178
6525,9.289238757143418e-05,0.010578749170023077
6526,8.948851318564266e-05,0.01145569938854505
6527,0.00011191304026093954,0.009915158487529609
6528,0.00010455796824923405,0.010942333090603787
6529,0.00017605616788690288,0.010464670831658906
6530,0.00023051691144549598,0.01123341063428289
6531,0.00014808079286012798,0.011697384889635164
6532,0.00011638247718413671,0.009988150520220247
6533,0.00014179526915540918,0.012820050109461037
6534,0.00014865291595924645,0.009511496437109641
6535,0.00013613927161107615,0.01118803417925554
6536,0.00012209149232755105,0.010337351151974872
6537,0.00012685235221094143,0.010713856891941344
6538,0.00015277655717606345,0.010754082089818318
6539,0.0001353034662315622,0.010660331679762707
6540,0.00012075750758716216,0.012837180587305137
6541,0.0002072842054379483,0.010750074207963835
6542,0.0004028003143806321,0.012612788347059001
6543,0.000498302684961042,0.010783613893123104
6544,0.0002627486920876739,0.010498482514069311
6545,0.00021978522709105165,0.01088330386685104
6546,0.0001905153311478595,0.011278445207124456
6547,8.246589956494669e-05,0.010679544393879999
6548,5.8170107270901404e-05,0.009949309695396322
6549,3.392618455109186e-05,0.010851654238394346
6550,4.516214661028547e-05,0.010188692098562414
6551,4.029932970297523e-05,0.011310756032229865
6552,4.1574984910160616e-05,0.010518295389167116
6553,3.168236332082112e-05,0.010909258595283813
6554,3.5068568104179575e-05,0.010225624166026015
6555,4.7283156648821506e-05,0.010917158508727773
6556,3.794049019537245e-05,0.010609898516739451
6557,3.066061666080107e-05,0.010098948372168499
6558,2.5173866015393286e-05,0.010506849636920123
6559,3.136139469764506e-05,0.010411124338112684
6560,2.7633276719522352e-05,0.010661802735596308
6561,3.0950801738072185e-05,0.01053867439844248
6562,2.532594893030667e-05,0.010645162892849213
6563,2.5672910608894503e-05,0.01058617313814551
6564,2.350857491061712e-05,0.010664144009065797
6565,2.4830967110271255e-05,0.010341513007729484
6566,2.4229892854539988e-05,0.010627103018729636
6567,2.497341241299485e-05,0.010641614316243744
6568,2.519842504019228e-05,0.01054233207424547
6569,2.463034470565617e-05,0.010461428328975491
6570,2.5554031526553445e-05,0.010807822775694798
6571,2.293502111569978e-05,0.010309996099377388
6572,2.497633589276423e-05,0.010792826327879243
6573,2.7657631289912387e-05,0.010458316438156043
6574,3.093925709739172e-05,0.01075600641670675
6575,3.318687037487204e-05,0.01043710092045857
6576,4.6040468441788106e-05,0.01067861263049298
6577,7.596374549999989e-05,0.010146230288164429
6578,4.676055808279974e-05,0.010626726754538018
6579,4.443565461163719e-05,0.01113260875603086
6580,3.6004204594064505e-05,0.010122133179959891
6581,4.6055594672604154e-05,0.010810792374653383
6582,0.00011323667519415418,0.010145848759413255
6583,0.0001727485721251772,0.012198111290869177
6584,0.0002629077724122908,0.010619057285053416
6585,0.0002746768771127487,0.011267094761922912
6586,0.0003305484089651145,0.011317633975049405
6587,0.0001756029674046052,0.01060013778300749
6588,6.567979447330193e-05,0.009598972311764901
6589,9.312803789119546e-05,0.010949547757593403
6590,5.828880045252542e-05,0.010535500876262392
6591,4.652910805210316e-05,0.010580801540149691
6592,8.999762261131157e-05,0.010640129124969026
6593,0.00020667731878347694,0.0096542377403409
6594,0.00011864333549359193,0.012026046768337358
6595,0.00010432410538972666,0.008433245133495568
6596,9.076780855442242e-05,0.011537894443881137
6597,0.00011728872668754775,0.009208620503430435
6598,0.00013928290572948754,0.011217583235685457
6599,0.00018417613852458696,0.009516090190559571
6600,0.0001470991439418867,0.010445613520933391
6601,0.00014730460825376212,0.01077443244458552
6602,8.626656878429155e-05,0.009690566220911688
6603,0.00012669223457730064,0.010199443919669935
6604,0.00017077156808227302,0.009943015526654062
6605,8.062102812497566e-05,0.010528148534198494
6606,3.843388646297778e-05,0.009668167457883164
6607,6.504559229748944e-05,0.011300079265135553
6608,8.806754679729541e-05,0.008907729158248093
6609,0.00011045793313921118,0.011205588941249931
6610,7.32282700482756e-05,0.010049400158084885
6611,5.45458824490197e-05,0.010135554563872277
6612,5.3902200791829574e-05,0.010240403876084377
6613,3.900310742513587e-05,0.010142640707665804
6614,4.8695350778871215e-05,0.010459006424960598
6615,7.556663622381166e-05,0.010317231952934389
6616,4.664082783468378e-05,0.011008611463598515
6617,3.958324644675789e-05,0.009364658197025873
6618,4.9556631226247797e-05,0.010510739238935451
6619,4.2335804513034723e-05,0.010179069186615273
6620,4.291242536661836e-05,0.010670288960512031
6621,4.435835435288027e-05,0.010443888604300565
6622,5.057428206782788e-05,0.009885223657614415
6623,3.4846622050584604e-05,0.010714446008954284
6624,3.5143721470376475e-05,0.009967642344400961
6625,2.2587450196927723e-05,0.010315226262969058
6626,2.4771190995428092e-05,0.009982393101083757
6627,2.2806589307341103e-05,0.0102628308575742
6628,2.479819874376214e-05,0.010096424630276685
6629,2.5472049552869674e-05,0.010165663306024034
6630,2.2298776578584996e-05,0.010247815083113242
6631,2.365358062282515e-05,0.010173137003572233
6632,2.3366174355032852e-05,0.010321339555574875
6633,2.0985611384579292e-05,0.010172175827956273
6634,2.3400284165594108e-05,0.010240292538104481
6635,2.7787426370196043e-05,0.010196883552394568
6636,2.5802376815893997e-05,0.01021666010114642
6637,2.44003957050154e-05,0.010768125449819218
6638,2.686047494838325e-05,0.00997266547695859
6639,3.5262996001013865e-05,0.01040851004858779
6640,3.054248882108368e-05,0.010549447936283653
6641,2.5792298159406832e-05,0.010046492248354208
6642,2.729220868786797e-05,0.01059877808676891
6643,3.314893086402056e-05,0.009999813770327978
6644,2.6117407711960063e-05,0.010449378880568676
6645,3.0863254323776346e-05,0.009967649056663334
6646,3.327878427323109e-05,0.010731358719003872
6647,3.489354821795132e-05,0.00986270069611689
6648,2.7970339215244166e-05,0.010499953227975456
6649,2.9723711971503993e-05,0.00982159831440648
6650,3.4353839388738076e-05,0.010540727786011776
6651,2.8547974216053264e-05,0.010220471674941306
6652,2.3703511154356723e-05,0.010252254387045181
6653,2.3784620498190635e-05,0.010800149975949082
6654,2.741642432132115e-05,0.009985275544111797
6655,2.828974938893225e-05,0.010652924692789256
6656,3.025684588161918e-05,0.010194513067359388
6657,2.9303133851499295e-05,0.010324981060200399
6658,2.7084015406823407e-05,0.010225448542620377
6659,2.6247027077867337e-05,0.010102370240567633
6660,2.9851251504927252e-05,0.010487721054828371
6661,3.556371836263376e-05,0.010144814023440323
6662,3.046402125619352e-05,0.010588347906728782
6663,5.4741554292074096e-05,0.010820418552356657
6664,7.713656086707487e-05,0.010323403590720974
6665,9.517703292658553e-05,0.01017723035895162
6666,0.00017612140315274397,0.01062842330361624
6667,0.00014494576995881895,0.010899542125414415
6668,0.00013126612951358158,0.009960392223839916
6669,8.81349750367614e-05,0.00985592712099495
6670,0.00015017725915337601,0.011381597110418853
6671,9.102349358727224e-05,0.010450043300424065
6672,0.00013817844786293183,0.010394625091375185
6673,0.00014449934339306008,0.010107916440186363
6674,0.00017478631634730845,0.011205584524275615
6675,0.00017849077266873792,0.010274001775372077
6676,9.868833828174199e-05,0.011799352637720866
6677,0.00013923246491079528,0.009405995257898665
6678,0.00019133032571213942,0.010713691459301511
6679,0.0002569975117997577,0.00979408905541862
6680,0.00015591046103509144,0.011398340842267226
6681,0.00019125786008468518,0.009245228303163395
6682,0.00016912637511268258,0.009911820886803693
6683,7.531992014264688e-05,0.010473937891581646
6684,4.340630742566039e-05,0.00948066022795113
6685,3.8936554240838935e-05,0.010153275840624362
6686,3.634970271377824e-05,0.009920958992249021
6687,2.949161886742028e-05,0.010337569594263421
6688,2.8912947588347985e-05,0.00958046650075577
6689,2.367774359299801e-05,0.010241854052217296
6690,2.5165239640045912e-05,0.010103135854101124
6691,2.7301487837879297e-05,0.01011615423063546
6692,3.074104582386402e-05,0.009800322142454158
6693,2.550473188118e-05,0.010017330832139463
6694,2.60327319362356e-05,0.01009186434393411
6695,2.2687567373698887e-05,0.009975290412017912
6696,2.0822815107142862e-05,0.009988761254060709
6697,2.4492120792274365e-05,0.010115380329148006
6698,2.5849606511959185e-05,0.010050901634910018
6699,2.494306451505205e-05,0.010059244537246768
6700,2.7470559264960077e-05,0.010082923741847799
6701,2.284090078319423e-05,0.010084555534052264
6702,2.351922824648985e-05,0.010045077973413035
6703,2.2536039311186565e-05,0.010118252591281716
6704,2.1385536577630167e-05,0.010024513261275616
6705,2.317781230279555e-05,0.010116265676520787
6706,2.319069014144285e-05,0.01000622200625758
6707,2.4594380859828865e-05,0.009950008877819915
6708,2.3037178713517885e-05,0.010218731286303734
6709,1.847263629315421e-05,0.0099499785342684
6710,2.4823431704135147e-05,0.010229385043331013
6711,2.35139808258585e-05,0.009973272329607532
6712,2.4545062236332644e-05,0.010005503229467383
6713,2.330805673409486e-05,0.010040790228954686
6714,2.3289547728685043e-05,0.010127719907343322
6715,2.3255918980188046e-05,0.010069714696418864
6716,2.3419594072038308e-05,0.010163364401944963
6717,2.5984272603333618e-05,0.010036070485278005
6718,2.654927066032542e-05,0.010010604898456201
6719,2.4570966888859403e-05,0.010014228940102659
6720,2.3315177774444843e-05,0.01030799368538006
6721,2.3104802191179868e-05,0.009876375983888555
6722,2.360325597692281e-05,0.01029231845624527
6723,2.289807313597218e-05,0.009892593435766121
6724,2.504260798256534e-05,0.010417383468140744
6725,2.7652470453176648e-05,0.010238241202780727
6726,2.432745556385877e-05,0.010263062272171834
6727,2.552892862392279e-05,0.010255940262587708
6728,2.3130510817281903e-05,0.010098561564561154
6729,2.886474976548925e-05,0.010145912363877444
6730,2.372077263620061e-05,0.010153542822485583
6731,2.5373619852568178e-05,0.0101270015420915
6732,2.1498428880780316e-05,0.010154053837071821
6733,3.1199632697583483e-05,0.010181638961916583
6734,2.600471149586762e-05,0.009871875929199594
6735,2.4541619495721534e-05,0.010280783521692262
6736,2.5465430007898247e-05,0.010013906204492965
6737,2.6273080826892208e-05,0.010113873258941093
6738,2.5170196264904612e-05,0.010259448935969443
6739,3.058043585042469e-05,0.010220216347887699
6740,2.7883111276120568e-05,0.01031963168085166
6741,2.3698432657207982e-05,0.010397321934340663
6742,2.484571705281269e-05,0.010071960493496058
6743,2.7809697106325377e-05,0.01058411994221898
6744,3.131774913830062e-05,0.009909897228111976
6745,2.9395270757959224e-05,0.01041692777091572
6746,3.2211495999945326e-05,0.009772451723481894
6747,2.6709926290398776e-05,0.010219766545635021
6748,2.8926498756239502e-05,0.010012399251722561
6749,2.4841856308436643e-05,0.010532428529889634
6750,2.59440770605579e-05,0.00985340482408279
6751,2.722574681683909e-05,0.010596033830770252
6752,2.6630742892545336e-05,0.010066455343809
6753,2.357962342406002e-05,0.010582321776521027
6754,2.7319331517598282e-05,0.009826200915676165
6755,2.3640238941879944e-05,0.010306698157471109
6756,2.1773878082361382e-05,0.010020044121662514
6757,2.366868260044915e-05,0.010347978013488655
6758,2.2425444512919057e-05,0.009994472263990873
6759,2.1794356022534582e-05,0.01038251514955048
6760,2.2075944677150498e-05,0.0100836591517324
6761,2.468510125860727e-05,0.010347981590366437
6762,2.5959596556882994e-05,0.009993442473796943
6763,2.3538263849331998e-05,0.010347151021168115
6764,2.8639558513532394e-05,0.010009749334343648
6765,2.444824846558428e-05,0.010312470221791242
6766,2.5338245905004442e-05,0.009946310485928313
6767,2.4812982276974558e-05,0.010351213410412294
6768,2.4569460947532207e-05,0.010079855158889655
6769,2.5631853471471307e-05,0.01038166102326927
6770,2.301464046468027e-05,0.010102309502064855
6771,2.3106138178263792e-05,0.010237819144137378
6772,2.329646740690805e-05,0.010151625966261091
6773,2.300174843791562e-05,0.010062310938268617
6774,2.0736417476049003e-05,0.010190668720098441
6775,2.2395732473038757e-05,0.010287427298495905
6776,2.4567090925605346e-05,0.010062798893770845
6777,2.667334216918486e-05,0.010385586364788401
6778,3.9906910387799144e-05,0.010217000811009487
6779,6.011956890385288e-05,0.009640261638441195
6780,7.791765601723455e-05,0.011617026377567336
6781,0.00012059090464996794,0.009250914649086478
6782,0.00014285068973549642,0.012458467822690762
6783,0.00015076452885599186,0.009685195660782292
6784,0.00011155792599311098,0.011689761668519929
6785,8.1598446922726e-05,0.009863188155152023
6786,6.71738016535528e-05,0.01113738161062397
6787,4.775388636820329e-05,0.00969861053615912
6788,4.411514334303017e-05,0.010763536875234231
6789,3.715962205509034e-05,0.009587639892046279
6790,3.531017634183324e-05,0.01065250122660978
6791,2.8406975858767206e-05,0.010015667317100196
6792,2.240025326803637e-05,0.010586128491508006
6793,2.15661779899771e-05,0.010005947815837088
6794,2.9502927888340005e-05,0.010696451232784935
6795,3.0414860035913685e-05,0.009640647833166122
6796,3.5846113557151206e-05,0.010932433060833325
6797,4.3840048116787024e-05,0.009946189603594006
6798,4.3467737850733104e-05,0.010383072153294775
6799,4.6958360811307406e-05,0.010147711481491909
6800,5.318160013606151e-05,0.010202145480008916
6801,4.502664160099812e-05,0.010196923943745701
6802,4.4684367336837266e-05,0.01016816252785359
6803,3.493040057946928e-05,0.010090926167152126
6804,3.7132485279774606e-05,0.009916434354524602
6805,4.595055749329428e-05,0.010254787489477741
6806,6.785987206967548e-05,0.010084552238000916
6807,3.3458178222645074e-05,0.009722991636988287
6808,3.36182834871579e-05,0.011164490457921021
6809,3.1749885723305243e-05,0.009454989378961423
6810,3.416784020373598e-05,0.011250512710192421
6811,4.381041386902022e-05,0.009872221714702615
6812,7.167052341780314e-05,0.009914614693179988
6813,0.0002459917954790095,0.009698624724361567
6814,0.0005865253857336939,0.00984551471565123
6815,0.0008950127987191081,0.014492241074794044
6816,0.0015458100009709598,0.0106585723371279
6817,0.0017714716959744692,0.029972200755748832
6818,0.005286979178587596,0.007127613730320832
6819,0.0037688270521660646,0.024106101222793785
6820,0.0013156362265969316,0.0068129907530318536
6821,0.0009400257646727065,0.006765730632741374
6822,0.0004814081049213807,0.013466044996282336
6823,0.0008902262095944024,0.005508405823736759
6824,0.0007419432474610706,0.006795769219003531
6825,0.00043096422450616956,0.012405040968013438
6826,0.0003229011393462618,0.005280418993516455
6827,0.0005369556543882936,0.007695058068636348
6828,0.00025783966023785375,0.011005730946869617
6829,0.0002490215750488763,0.006703491736617353
6830,0.000168943710741587,0.0076627200333216385
6831,8.569794881623239e-05,0.00839429358170199
6832,0.00010899453579137723,0.00830296158371221
6833,7.640985277248546e-05,0.007562614680534741
6834,5.2560777112375946e-05,0.008799304488545273
6835,7.023820677810969e-05,0.00834502954899241
6836,7.016832484320427e-05,0.007055834735667453
6837,5.474933229076366e-05,0.008630917877999095
6838,7.175866630859673e-05,0.008257289731613639
6839,6.16279459791258e-05,0.007018400398212382
6840,5.399605967492486e-05,0.008654629153319313
6841,5.610376708015489e-05,0.007748429617525912
6842,4.038149490952492e-05,0.00819181588652669
6843,3.16709231507654e-05,0.008471056422741529
6844,3.2201384601648894e-05,0.008060272504597336
6845,3.149756266793702e-05,0.008311231251620846
6846,2.9776072430346782e-05,0.00795533120079369
6847,3.152569800780232e-05,0.008325735388231077
6848,3.974868692845727e-05,0.007948259862850568
6849,4.895064266747795e-05,0.008075132115733161
6850,3.0348837026394903e-05,0.00828672098322657
6851,2.6256844042412315e-05,0.007872517705739787
6852,2.3153018022033698e-05,0.008344301504589487
6853,2.6083349015001054e-05,0.008021246433552159
6854,2.4510380050439078e-05,0.008040357345363876
6855,2.345136454096064e-05,0.0081648362258569
6856,2.3591490025864915e-05,0.008158593420184365
6857,2.3654241401042477e-05,0.008113365271128714
6858,2.2297045264470703e-05,0.00823440028787509
6859,2.3110206529963762e-05,0.008084830631262334
6860,2.2530966816702858e-05,0.0082326111504917
6861,2.2499418507019678e-05,0.00822148983753477
6862,2.3060992680257188e-05,0.008075228968515383
6863,2.344191016163677e-05,0.008240713409763591
6864,2.3917938233353197e-05,0.008150976235305684
6865,2.347491463297047e-05,0.008205958076668305
6866,2.421872571479374e-05,0.008183625084211865
6867,2.1316321666139024e-05,0.00817082099935138
6868,2.4163438623266606e-05,0.008256790697934073
6869,2.3646954893289755e-05,0.008046371208732589
6870,2.3723068685891728e-05,0.008245314678384198
6871,2.5771411795479556e-05,0.00834172048023221
6872,2.1304215382163725e-05,0.008048178772755207
6873,2.283781395817641e-05,0.008338865819959003
6874,2.3730184208640517e-05,0.008110239184788313
6875,2.2814043222751935e-05,0.008168304661405954
6876,2.4946532115185012e-05,0.00825481488892253
6877,2.3326117055451808e-05,0.008101319345817166
6878,2.4564834651149187e-05,0.008164563273795887
6879,2.2890280039670566e-05,0.008140550462028
6880,2.4631168465324056e-05,0.008315963864977313
6881,2.4068160018941854e-05,0.008055094566212543
6882,2.3411295599847412e-05,0.008139126608352455
6883,2.292855472963614e-05,0.008392166064804344
6884,2.182858649272627e-05,0.008080933680785113
6885,2.364703383742987e-05,0.008304307141956704
6886,2.336881516384892e-05,0.008200371756057707
6887,2.1889717390877195e-05,0.008138691667094283
6888,2.3547600358142516e-05,0.008213009613114055
6889,2.42463448860993e-05,0.008309625245410165
6890,2.3157274093440113e-05,0.008179721505209608
6891,2.314518090618852e-05,0.008263234502829241
6892,2.2728322922678974e-05,0.008309593251280008
6893,2.2650204482488334e-05,0.008145652674628715
6894,2.3963659987202846e-05,0.008325242356408104
6895,2.058946453568448e-05,0.008365807231387657
6896,2.348173426677628e-05,0.00820539078957058
6897,2.5662410553195514e-05,0.008273661854181286
6898,2.3478981650744874e-05,0.008363604182731469
6899,2.680289762793109e-05,0.008145868446002577
6900,2.530147077474491e-05,0.008184738830276574
6901,2.3542043830578526e-05,0.00840999669434873
6902,2.3523406040718933e-05,0.008040219855805239
6903,2.4288971568845834e-05,0.0084105351529961
6904,2.6123359930352308e-05,0.008188256813480099
6905,2.5205485508195123e-05,0.00825676284437694
6906,2.289127151016146e-05,0.0082566993071409
6907,2.1742934283489982e-05,0.008261589891663944
6908,2.423955253713454e-05,0.008364856862653678
6909,1.950141753089459e-05,0.008101861470866382
6910,2.3762685062441356e-05,0.008393431819664935
6911,2.010973597255846e-05,0.008212070140445725
6912,2.57015857641818e-05,0.008443858267192059
6913,2.4528318317607044e-05,0.008140015489713163
6914,2.5006911528180353e-05,0.008165760661205767
6915,2.0376605971250682e-05,0.008271819528952045
6916,2.2176488225037854e-05,0.00837316169241465
6917,2.4783132539596407e-05,0.00824817946100368
6918,2.364706063720708e-05,0.008323210840963088
6919,2.0962830846353123e-05,0.008231073450800902
6920,2.0434969095125173e-05,0.008385079643247943
6921,2.3106862984908125e-05,0.008237941587501756
6922,2.476670803541007e-05,0.008348987369024745
6923,2.340939699934097e-05,0.008336221375461798
6924,2.4190061412809883e-05,0.008309721975990336
6925,2.3956888132185365e-05,0.008357134109161446
6926,2.388425151972721e-05,0.008427743874531109
6927,2.317210795202603e-05,0.008233162248370984
6928,2.8290637177027143e-05,0.008440326637866204
6929,2.86230036484388e-05,0.0086008349708581
6930,2.4766433974339937e-05,0.008207020219769438
6931,2.3358952845834816e-05,0.008438601897217943
6932,2.4010460765566678e-05,0.008382493313143237
6933,2.5328293122584e-05,0.008420619097870518
6934,2.5274379731854423e-05,0.008303544434381116
6935,2.5883292012925572e-05,0.008224518502972563
6936,2.3788967519067226e-05,0.008396881606636776
6937,2.3226476453904373e-05,0.008249967917255317
6938,1.872285241309631e-05,0.008293094038582074
6939,1.9759337010327727e-05,0.008323362472260164
6940,2.3162666548159904e-05,0.00837249502577759
6941,2.1994926222153784e-05,0.008359318693054089
6942,2.2863952714639406e-05,0.008356541048664578
6943,2.5236225095189487e-05,0.008305206726038317
6944,2.1532467508222906e-05,0.008329638405920861
6945,2.4583204140071758e-05,0.0085082270371134
6946,2.3716228830987045e-05,0.00839525935980791
6947,2.3486932089629894e-05,0.008151069153454264
6948,2.0145646643262202e-05,0.00837531883871368
6949,2.1558994679556538e-05,0.008525436825108066
6950,2.1069240392534994e-05,0.00831267812659648
6951,2.176444322685711e-05,0.008323952991022504
6952,2.2354314084320018e-05,0.008518663662545688
6953,2.4415255999580647e-05,0.00833838186002124
6954,2.2644057571596933e-05,0.008310574547003693
6955,2.1136969735380262e-05,0.008509451967639555
6956,2.2202373414377993e-05,0.008281752440944989
6957,2.0300192106030104e-05,0.008398700203564105
6958,2.2785536809048306e-05,0.008310081977778447
6959,1.9747402560218083e-05,0.008448728656039534
6960,1.8727569113252684e-05,0.008345145682126218
6961,2.2170508843070516e-05,0.008329595443220776
6962,2.3345753652392888e-05,0.008402389134838633
6963,2.326801695744507e-05,0.008322784348666037
6964,2.2928608935520363e-05,0.008458344831556212
6965,2.367132049888217e-05,0.00840225525415497
6966,2.0825216900751305e-05,0.00829520346276865
6967,1.9338571534414464e-05,0.008552709991610691
6968,2.3526236691395753e-05,0.008355850013441335
6969,2.4482785859921327e-05,0.008332527511513503
6970,2.2009993214548253e-05,0.008489672148366028
6971,2.350987027360437e-05,0.00845219160985659
6972,2.2897443947537492e-05,0.008381506911143987
6973,2.284549809701275e-05,0.008298144243488752
6974,2.315136637965528e-05,0.008577644575812053
6975,2.4945317757859205e-05,0.008342089788438154
6976,2.2526582809708393e-05,0.00841663852851424
6977,2.2871019245940262e-05,0.008517873890450148
6978,2.3322928124495473e-05,0.008388207573511731
6979,2.1979159403902788e-05,0.008526347472389605
6980,2.249064030669009e-05,0.008425551113993889
6981,2.1792527574386136e-05,0.008529769333640429
6982,2.0597860445074426e-05,0.00832437483896093
6983,2.3324882689242563e-05,0.008524787342325615
6984,2.503655523469206e-05,0.008587575832801212
6985,2.3972030855172004e-05,0.008357262872676883
6986,2.4665887152271657e-05,0.008393207546568623
6987,2.2839954423640543e-05,0.008618214293941311
6988,2.539261695346795e-05,0.008398086539257252
6989,2.509019935435693e-05,0.008493885090533775
6990,2.4261848617849562e-05,0.00837954304423401
6991,2.0996285820729098e-05,0.008378575279578915
6992,2.609544923567834e-05,0.008616194302251573
6993,2.2226253956129465e-05,0.008320684823866564
6994,2.4103945664440594e-05,0.008566989241391203
6995,2.190260638599284e-05,0.008307286263824773
6996,2.275081084614309e-05,0.00843263518137378
6997,2.298190738656558e-05,0.008520945119644291
6998,2.160876974812709e-05,0.008487349253880372
6999,1.9329826621590958e-05,0.00843623631813547
7000,2.4584649630317774e-05,0.008445127354526337
7001,2.142796183761675e-05,0.008338803962235235
7002,2.3790504928911105e-05,0.008533070328555544
7003,2.6405129998844736e-05,0.008433995144822968
7004,2.4624695834063458e-05,0.008239384817520472
7005,2.3607371986145154e-05,0.008708918704079431
7006,2.496271966568505e-05,0.008231082480817446
7007,2.283210330157696e-05,0.008559328843621613
7008,2.2139066641102544e-05,0.00845676057152341
7009,2.23073967693684e-05,0.008431128142823667
7010,2.4013593065319583e-05,0.008485602348367547
7011,2.5196169129534004e-05,0.008401042889675659
7012,2.1902861165775298e-05,0.008560666060129627
7013,2.9578637380230552e-05,0.0082466302220696
7014,4.379477201534125e-05,0.00869072345017363
7015,4.4207686732988806e-05,0.008515822290298557
7016,7.258749731893961e-05,0.008734521418959664
7017,0.0001842125542073821,0.0079872186795389
7018,7.74259038735181e-05,0.00786145430038498
7019,6.240872219981005e-05,0.009542722568155556
7020,8.718577931479862e-05,0.007872875083417614
7021,0.00013599527107241254,0.010984648378533229
7022,0.00039089146472785313,0.006673323191199942
7023,0.0001792855602009998,0.008992004968029889
7024,8.156855692504905e-05,0.007986718988214887
7025,6.56662317245112e-05,0.00826930135048719
7026,4.960991257879262e-05,0.0083417545667746
7027,3.315490660800909e-05,0.008254769395720975
7028,2.697519497208608e-05,0.008048832032908494
7029,2.49422885341725e-05,0.008504160282294653
7030,2.506789302666827e-05,0.008278270105678828
7031,2.508387393997206e-05,0.008324373421893723
7032,2.2323070455361935e-05,0.008411508972609514
7033,2.2665235034461752e-05,0.008256154721030933
7034,2.1975488440754513e-05,0.008514640121639036
7035,2.3752754350425677e-05,0.00826159876135412
7036,2.183559554396197e-05,0.008459540877466728
7037,2.0446064809220843e-05,0.00846522371488901
7038,2.3053717571504726e-05,0.008452309347956021
7039,2.2706427080265713e-05,0.008434042562962079
7040,2.1716117529043308e-05,0.00848280859100823
7041,2.392717748686361e-05,0.00842968013467082
7042,2.4164032947737723e-05,0.008542920593839487
7043,2.4137537305553754e-05,0.008389009420463151
7044,2.1873500372748822e-05,0.008508149633178629
7045,2.510386584617663e-05,0.008413613069263337
7046,2.968390278207759e-05,0.008302423583577818
7047,2.66561165820652e-05,0.008451098279703452
7048,2.3660489144579818e-05,0.008563418133315025
7049,2.8204206319060177e-05,0.008247747232018267
7050,3.134314368556564e-05,0.008528693719380344
7051,3.2922140477846065e-05,0.008521722171834141
7052,4.1696816818633424e-05,0.008519234899594857
7053,3.4792819496942685e-05,0.008026732289101602
7054,3.1313044504107285e-05,0.008622481304558527
7055,3.202736503832663e-05,0.008231429206833722
7056,3.288963010466735e-05,0.008401710749910163
7057,3.1495206106531746e-05,0.008833403018989452
7058,3.020234532111014e-05,0.008168494818005058
7059,3.2900602915712324e-05,0.008986130995030532
7060,2.9462652552562455e-05,0.007858568017353297
7061,3.8181182996292286e-05,0.009118869742079044
7062,3.113825575079924e-05,0.008393593334010121
7063,2.5592809955317837e-05,0.008017505006285994
7064,2.4657334203463204e-05,0.008828695491773257
7065,3.660930136296277e-05,0.00848007423337549
7066,6.072496204675796e-05,0.00824337829195769
7067,4.871141087884704e-05,0.009158031845448963
7068,2.3463755254245675e-05,0.008142528135556869
7069,2.3751206723924647e-05,0.008754965149707635
7070,2.704574302091108e-05,0.008242983876506946
7071,2.789563441183418e-05,0.008371521996903337
7072,2.4626131683665638e-05,0.008738289764886232
7073,2.384541342811038e-05,0.008426484063659844
7074,2.489350724014609e-05,0.008489649294540613
7075,2.071114649879746e-05,0.008471563803603905
7076,2.3063785920385272e-05,0.00859453179260814
7077,2.5389133467494198e-05,0.008661064048017217
7078,2.7604115409000467e-05,0.008530949101148837
7079,2.2874365337581064e-05,0.008399503736154923
7080,2.5966652538045308e-05,0.008777559434992333
7081,2.373099523538258e-05,0.008386142040284253
7082,2.788118314735281e-05,0.008544809192797572
7083,2.8015501205421362e-05,0.008511092631236176
7084,2.9874333389064608e-05,0.008734153776309775
7085,2.2901461731332042e-05,0.008357111432001386
7086,2.3083328414941207e-05,0.008814830516127336
7087,2.504668300389312e-05,0.008361412717910396
7088,2.4606277293059975e-05,0.008694665530309821
7089,3.095801463738705e-05,0.008145736773976273
7090,2.83946103688019e-05,0.00868785533678244
7091,2.7505703716694067e-05,0.008064304487486997
7092,3.84389854540738e-05,0.00903382968349513
7093,6.233669870804684e-05,0.00794001999956199
7094,5.721858178731054e-05,0.009066752634659322
7095,7.511342507010947e-05,0.007872791586400212
7096,6.186343258984077e-05,0.009583062151234532
7097,5.560442926556182e-05,0.00769407604378512
7098,7.080862051225267e-05,0.00938059012432806
7099,5.051578057949276e-05,0.007869747918193113
7100,6.565261768021931e-05,0.009771286034738721
7101,0.00015926913486813039,0.007468734798770485
7102,0.0006141673375774796,0.012934141601735389
7103,0.0014482046690924713,0.008285626581167443
7104,0.00185603314700226,0.011182488104306727
7105,0.0023926461736361185,0.01207525123520727
7106,0.0012256184980894127,0.008993986077002135
7107,0.0005870349006727338,0.011058733055820112
7108,0.0009739203766609231,0.007997988054000538
7109,0.0008877883432433009,0.011186573556379267
7110,0.0006542366366678228,0.005250160201545941
7111,0.00042168645207614947,0.008655083358930478
7112,0.00040672522300155833,0.007903611388231754
7113,0.0002174654781507949,0.005729116781271602
7114,0.00025343210824454825,0.009851038254448894
7115,0.00013513164691782246,0.006805482464815267
7116,0.000156178723652071,0.00695934555934448
7117,6.045753980288282e-05,0.008104667561782295
7118,5.435537944625442e-05,0.006716602202096398
7119,5.876669238205068e-05,0.0077635844460040414
7120,5.303779810977479e-05,0.00734757013041635
7121,3.359348144537459e-05,0.006972962176517109
7122,3.263948553164179e-05,0.007742227268900875
7123,3.251903035561554e-05,0.0072750994902953765
7124,3.3612469754492245e-05,0.006930145750241626
7125,3.2871774237719364e-05,0.007568935913371456
7126,3.811837814282626e-05,0.00763663214192949
7127,3.5065650808974166e-05,0.007034815124873268
7128,3.704773128750579e-05,0.007602975814064082
7129,3.861905182323729e-05,0.007599592099935688
7130,2.669721288839355e-05,0.007661312329038237
7131,2.5599169991134355e-05,0.00764506600922442
7132,3.8619981933152306e-05,0.007708336610608457
7133,4.908965299061189e-05,0.007128925319033952
7134,4.239180198055692e-05,0.008415812064828188
7135,5.8086224210759e-05,0.007293682150564521
7136,6.483524484792724e-05,0.007124190650368381
7137,5.80833099472026e-05,0.008226005942560732
7138,4.363101664542531e-05,0.0068283502593887045
7139,7.37479844246991e-05,0.007961105131843721
7140,8.368050718369584e-05,0.007761909144424033
7141,9.199808700941504e-05,0.006319491478971244
7142,8.746802583724881e-05,0.010253349373563689
7143,0.00018810725014191122,0.006540413743207688
7144,0.00017749561059948366,0.007495261318927185
7145,7.898353602892409e-05,0.007842908358767803
7146,6.573324984249969e-05,0.006525360630574631
7147,5.709722269481669e-05,0.008248911000929816
7148,5.312686359199385e-05,0.0070542766112147975
7149,5.9500335676906006e-05,0.007368838700482197
7150,3.486968295571084e-05,0.007803826759656489
7151,2.6395817258162424e-05,0.007192071468694604
7152,2.9781907990885277e-05,0.007862720439041697
7153,2.442122883318613e-05,0.0076308508671831055
7154,2.233587292721495e-05,0.0074017422089260616
7155,2.392032984062098e-05,0.0076005197210477025
7156,2.513615775872798e-05,0.007534840906362937
7157,2.2757886714922885e-05,0.007424249769221142
7158,2.3438291342851396e-05,0.007572728507724531
7159,2.688607977082332e-05,0.007489706628563765
7160,3.0743942140058304e-05,0.007965286115282461
7161,3.312806887455129e-05,0.0076443171761766595
7162,3.167550263848777e-05,0.007460153861820959
7163,4.173208678063626e-05,0.007663070078536171
7164,2.8500912352077044e-05,0.007901455025183178
7165,2.4313623119572487e-05,0.0075412015114061275
7166,2.8106871468480676e-05,0.007491971930143102
7167,2.5717727354882905e-05,0.007541919811301979
7168,2.4912948477625228e-05,0.00744105314349821
7169,2.387934861568889e-05,0.007502781980867057
7170,2.2100282755369942e-05,0.007825087422330738
7171,2.5389609800186008e-05,0.007452078603415025
7172,2.390419673853709e-05,0.007629898895866276
7173,2.5487825769232587e-05,0.00759304067384103
7174,2.2169637425880258e-05,0.007687975131029709
7175,2.4305181674814473e-05,0.007452010359527946
7176,2.482912277628202e-05,0.007473381113993516
7177,2.345189174472277e-05,0.007675832406718458
7178,2.792454118510553e-05,0.007303554711424969
7179,2.5623746235699704e-05,0.007937779578609033
7180,3.035140398424119e-05,0.0071034996323723195
7181,3.6159348140548295e-05,0.007898400644213505
7182,2.2233355290760908e-05,0.007380780682909951
7183,2.289027591662792e-05,0.007548187673500364
7184,2.1521412296957957e-05,0.007604771620819988
7185,2.3633158707525582e-05,0.007374058623950689
7186,2.3719507589703424e-05,0.0076602668397956425
7187,2.1983021846002278e-05,0.007421057995705599
7188,2.002292433947635e-05,0.007645435366447339
7189,2.2119948092343596e-05,0.007596357430437612
7190,2.3022388389411694e-05,0.007475623187652588
7191,2.3730766891579454e-05,0.007654981183198591
7192,2.2792030237421082e-05,0.0076202617080648
7193,2.2136126911694495e-05,0.007607978183166151
7194,2.2562339593908595e-05,0.007573757414932074
7195,2.3503287957282736e-05,0.007636192068866079
7196,2.24526758150508e-05,0.007593788191940287
7197,2.2229182529069174e-05,0.0075617945008932975
7198,2.2231738027282213e-05,0.007632588943172442
7199,2.1850247382341573e-05,0.0075580019582803665
7200,2.097422184306197e-05,0.0076176453203409475
7201,2.0191027336598683e-05,0.007616744938031471
7202,2.4133484597162654e-05,0.0076213322650662985
7203,2.7787448986297628e-05,0.00766665621235836
7204,2.131125681141081e-05,0.00759801568772524
7205,2.48184730783881e-05,0.007567067477751349
7206,2.6354095280112232e-05,0.007742458922456274
7207,2.851950303011108e-05,0.007416704298563476
7208,2.821648401247027e-05,0.007907042418380557
7209,2.6703810484226172e-05,0.00765263541037903
7210,2.6182099342501413e-05,0.00783416748112231
7211,2.375597347660611e-05,0.007635807665473406
7212,2.360587701938736e-05,0.007562056897624739
7213,2.442775312374579e-05,0.007715210230743284
7214,2.3353236368469273e-05,0.007738114159679509
7215,2.1879002936960508e-05,0.007565966898191459
7216,2.3222749465882468e-05,0.007895172615154314
7217,2.6528990080502505e-05,0.007521963661280597
7218,2.2376239333728638e-05,0.007644034686569146
7219,2.4964945623651147e-05,0.007731779778038549
7220,1.981606086095174e-05,0.007642811093798005
7221,2.3373156485225383e-05,0.007735495089637715
7222,2.3813763861350404e-05,0.0075925948358364186
7223,2.3797882022336125e-05,0.00777190642762243
7224,2.1225458234160517e-05,0.007610252501146203
7225,2.298344006703701e-05,0.007672646555747314
7226,2.3070975294103847e-05,0.007792874375543399
7227,2.2672110208077357e-05,0.007600939500401592
7228,2.294047881150618e-05,0.007711681327306017
7229,2.1771583851659672e-05,0.007787590478111211
7230,2.2943367851742855e-05,0.007662387209745636
7231,2.21081519460616e-05,0.007763740340416586
7232,1.8812679384912676e-05,0.0077160897277355495
7233,2.1619898567829902e-05,0.007740714113780826
7234,2.13070144430579e-05,0.007717211040796178
7235,2.2328401488872866e-05,0.0076744546807420095
7236,2.1396286350257772e-05,0.007709524564292521
7237,1.826463970549715e-05,0.007653879582111272
7238,2.1336765348678456e-05,0.007872250105379617
7239,2.3461031135714925e-05,0.007643764384488483
7240,2.1616565936710687e-05,0.00774816863922326
7241,2.310234121978283e-05,0.007689903419443042
7242,1.9196547873434612e-05,0.007659112787819114
7243,2.3963204178774807e-05,0.007948932059896207
7244,2.4278590960117678e-05,0.0073831702690783955
7245,2.430686351241699e-05,0.007854941915802396
7246,2.9151656174993453e-05,0.007638918979662574
7247,2.8159610277119403e-05,0.007667328547604643
7248,2.6411935929597046e-05,0.008052329120242544
7249,2.8297662599167476e-05,0.007366184458206
7250,2.4646175491701192e-05,0.00818005142895483
7251,2.9806293726627096e-05,0.00750438681577621
7252,3.1900634712656026e-05,0.00791123075028119
7253,2.643032330524875e-05,0.007695371791249283
7254,2.9185236780904233e-05,0.007521467721457348
7255,3.509873301178838e-05,0.007855530749265736
7256,3.240558168423983e-05,0.007577208708835581
7257,2.3375522141577675e-05,0.0077530947831807905
7258,2.2396466617162027e-05,0.0077418111447157744
7259,2.490696363868968e-05,0.007750982048986643
7260,2.614657933008857e-05,0.0078647672263388
7261,2.2226283908821644e-05,0.007640672094673354
7262,3.401880652139274e-05,0.007715875721994068
7263,3.414397697270033e-05,0.007842561430896889
7264,2.3541241777517522e-05,0.007841556352067586
7265,2.1097660828672814e-05,0.007685758172104146
7266,2.2762592016079e-05,0.007978095257741928
7267,2.5216437037064074e-05,0.007657472782717931
7268,2.7702717731396356e-05,0.007906273126871767
7269,2.3740925098536535e-05,0.00775612765216481
7270,2.4356767244171352e-05,0.007941333133841684
7271,2.074693317505686e-05,0.007658452305490729
7272,2.2423858899855988e-05,0.008051287628947185
7273,2.676963607276169e-05,0.007550426562077077
7274,2.747886574070435e-05,0.007925845628157693
7275,2.15625238827973e-05,0.007872227917027753
7276,2.47202263684206e-05,0.00783356788400724
7277,3.025063427533799e-05,0.007800221295444545
7278,3.305931568320375e-05,0.008003961014063015
7279,2.581245704883865e-05,0.007578229140190745
7280,2.8024678855823973e-05,0.008000356491385517
7281,2.683954565630605e-05,0.007551982437195093
7282,2.5557908520568164e-05,0.008104384955078668
7283,2.2890547309846928e-05,0.007476699671793827
7284,3.2400860315343984e-05,0.00828233765089634
7285,3.255705062959654e-05,0.007683076866158987
7286,3.151302929230345e-05,0.00798670934582652
7287,3.804051884799264e-05,0.00796526420843782
7288,2.5695054500829428e-05,0.007797525285767685
7289,2.1675744937965648e-05,0.007689392043016197
7290,1.691711604507873e-05,0.007891990417309584
7291,2.404473113225928e-05,0.007693766246955537
7292,2.5231453158388224e-05,0.007997453900677702
7293,2.2862121719905797e-05,0.007678030783103572
7294,2.659056620662644e-05,0.008117297456643342
7295,3.411940609415372e-05,0.007776472141914483
7296,2.634004680051779e-05,0.007990149604782941
7297,2.3910057886193197e-05,0.007545369172779222
7298,3.2590204803758145e-05,0.007743695534000511
7299,2.5935958304520076e-05,0.00808275739147671
7300,3.263610172628736e-05,0.0077414278060807815
7301,2.7490785820797708e-05,0.007965272767006348
7302,2.5707289023557677e-05,0.007650641870667221
7303,2.1098145710614822e-05,0.008221753790214854
7304,3.257881617173553e-05,0.007658197207353214
7305,3.77528010479485e-05,0.008346876312300498
7306,4.3987921768954646e-05,0.007504087986835764
7307,3.7744474442054826e-05,0.008138389921984063
7308,2.9273056376647825e-05,0.007499119774567791
7309,5.087288542805861e-05,0.008591161555425423
7310,6.792105365699778e-05,0.00757702140219929
7311,4.8104124046706906e-05,0.008016004988226539
7312,3.9096108230296524e-05,0.00751396123138093
7313,2.586234016537977e-05,0.007802056063208947
7314,2.1387047915292594e-05,0.007646028392223848
7315,2.6656473589052137e-05,0.008081851114875676
7316,2.9476663379076247e-05,0.007734642980881689
7317,3.50880978354932e-05,0.007968053438875019
7318,2.7297901397105306e-05,0.007785886464155775
7319,2.213150316189664e-05,0.007902842284621377
7320,2.4789323894462238e-05,0.007905551498927372
7321,2.767691536670706e-05,0.007952710160201317
7322,2.826732755541646e-05,0.0076320691746305565
7323,3.245307404237489e-05,0.00789636436561177
7324,2.618765259588448e-05,0.007972238950937856
7325,2.3214288254772934e-05,0.007883827107562275
7326,3.0425341052856916e-05,0.007762693934148036
7327,3.57122107137305e-05,0.008004406085496562
7328,5.413303758056524e-05,0.007732066180834775
7329,5.911753978580236e-05,0.007766089372865158
7330,6.189471653973063e-05,0.008407675287392186
7331,7.844608820353946e-05,0.007465074795171651
7332,6.81759549479466e-05,0.007948883966412069
7333,8.652407608072584e-05,0.007538392463983554
7334,6.877979837251283e-05,0.007968413983253838
7335,6.827588998324549e-05,0.007495446180671519
7336,5.335304158506915e-05,0.008497818011643463
7337,5.3972976699393865e-05,0.007413506587355926
7338,4.462768071486304e-05,0.008770628430613736
7339,4.631526438364138e-05,0.007648074717944412
7340,3.834391791315284e-05,0.008391772594632396
7341,3.6782528089437015e-05,0.0073395151551676726
7342,4.615554068247244e-05,0.008326096490178018
7343,4.245350931644983e-05,0.007413749556855043
7344,3.7833057528284066e-05,0.008014529832497196
7345,3.95120679968386e-05,0.007628032690178255
7346,2.8809217110392637e-05,0.008014082018836069
7347,2.5177685408076893e-05,0.007734710008875407
7348,2.481413418233084e-05,0.007989603927024035
7349,2.4650074677386632e-05,0.007839379200374174
7350,2.0827813568757846e-05,0.007856465970732446
7351,2.26868040044792e-05,0.007928510183571942
7352,2.357656024590445e-05,0.007708081809466171
7353,2.3473010757394755e-05,0.007809714739257198
7354,2.15311299446815e-05,0.007837296372323095
7355,2.2454518693848512e-05,0.00789195351331217
7356,2.22271150657131e-05,0.007875669356135989
7357,2.2202173810607442e-05,0.007896285154856741
7358,2.2195348962365338e-05,0.0079886628245412
7359,2.5968531796631094e-05,0.007813720039040264
7360,2.3283619763484847e-05,0.007997180877133594
7361,2.4861350296608484e-05,0.00779569868852074
7362,2.4626329104648902e-05,0.008171152588652654
7363,2.8017691753727074e-05,0.007755856567174087
7364,2.498116822001369e-05,0.007904677976560043
7365,2.3797317165493344e-05,0.008084953706765994
7366,2.514538015626992e-05,0.00782328922089124
7367,2.5350031743679818e-05,0.007958685561241201
7368,2.442323554229612e-05,0.007884670851605111
7369,2.5705989537527783e-05,0.007900629809728077
7370,2.7522119489731266e-05,0.00782832360182404
7371,2.604651939085064e-05,0.00785183207586691
7372,2.352751277309532e-05,0.007762960807763432
7373,2.2946909787909438e-05,0.007982287030021677
7374,2.262446432723664e-05,0.007787116374160103
7375,2.3282764595933257e-05,0.008059038569584315
7376,2.3655749343258017e-05,0.007901759293306162
7377,2.2863720490325554e-05,0.007959365509096424
7378,2.0633570359981e-05,0.007911699190218415
7379,2.5242863375751768e-05,0.008027298425321539
7380,2.3562036706910778e-05,0.007851073681104558
7381,2.2599810229924817e-05,0.008069955563439568
7382,2.7518737382100275e-05,0.007909660455321469
7383,4.976591832625369e-05,0.008228496245342738
7384,6.795984372729436e-05,0.007316958856679042
7385,4.5799396563476576e-05,0.008708193417562292
7386,4.267069889465347e-05,0.007265824291511978
7387,5.2449814393185076e-05,0.008690564193332579
7388,3.579683131344306e-05,0.007255690608701903
7389,6.18011023713431e-05,0.009103481107042852
7390,0.00013633926185624052,0.00808772560144701
7391,9.951916484472653e-05,0.007776119161468021
7392,7.601859639786805e-05,0.008436093158435827
7393,7.06394057488069e-05,0.009043580584217146
7394,0.0001469309402940174,0.008405299146853017
7395,0.00026653180636155107,0.009116372301880466
7396,0.00026555906515568495,0.007110878874374858
7397,0.0003311868970437596,0.013489794336008833
7398,0.000697535407380201,0.010214126366599087
7399,0.0021145234796373794,0.023144191092871434
7400,0.004004336430807598,0.007147323401448758
7401,0.0071027096050481,0.013855400250146263
7402,0.007046518040200075,0.02799655366362187
7403,0.004695506122273704,0.027221299577177616
7404,0.009212501486763358,0.013158923837394393
7405,0.009239544036487739,0.015695182617470535
7406,0.002341603922347228,0.015064146554870912
7407,0.003592054033651948,0.007493867108609244
7408,0.0015845399582758545,0.010605509275821044
7409,0.0012310336305138966,0.005633061698281168
7410,0.0009177576440076034,0.006542036509310162
7411,0.00025565441901562733,0.00791883892624786
7412,0.0008177151166213055,0.006074313541373227
7413,0.0001599687869505336,0.006440417762785845
7414,0.0004968566179741174,0.005993595235158651
7415,9.80490770113344e-05,0.005759537380667981
7416,0.00033739099453669044,0.005509480153215908
7417,6.141919099415342e-05,0.005632416431639583
7418,0.00014598712150473147,0.004588115116178292
7419,5.786621331935748e-05,0.004930680567311526
7420,6.451850640587509e-05,0.005387126872512071
7421,4.7058372971757004e-05,0.004893595169636024
7422,4.595437397559484e-05,0.004863063336420826
7423,3.805566157097928e-05,0.005230601578787492
7424,3.167171671520918e-05,0.005084180025988373
7425,3.1357520492747425e-05,0.005032381454036075
7426,2.9895206535002216e-05,0.005186890457533518
7427,3.078985719184857e-05,0.005116941523738205
7428,2.3586373087406778e-05,0.005153918986029008
7429,2.8551893168090223e-05,0.005157943117862556
7430,2.7470959563894817e-05,0.005161170252702302
7431,2.6828946647583508e-05,0.005126769988040565
7432,2.8011937198850017e-05,0.0051629871452684726
7433,2.5947906033252365e-05,0.005126838824216124
7434,2.6742692352854646e-05,0.0052141530898110995
7435,2.4220154591603206e-05,0.005218481265106483
7436,2.6782765295744564e-05,0.00519253712553226
7437,2.6275070801299687e-05,0.005140597878258174
7438,2.4468487390549852e-05,0.005247087469760176
7439,2.691871098553141e-05,0.0052397946067350475
7440,2.31060908845393e-05,0.005147267135039887
7441,2.5805257852577294e-05,0.005176793327092122
7442,2.6142386195715518e-05,0.0053429255099988904
7443,2.17005919694202e-05,0.005189746614186126
7444,2.4298277761166295e-05,0.005207220688108246
7445,2.305238206948464e-05,0.005288165062665939
7446,2.6999100130827478e-05,0.00521179662652488
7447,2.5062380639913803e-05,0.0052634961167840584
7448,2.7476676041260362e-05,0.005304674771804995
7449,2.555701357778162e-05,0.005167259019118739
7450,2.6075104445529482e-05,0.005290490454634684
7451,2.363894918744336e-05,0.005336077593822489
7452,2.4963761704081358e-05,0.00524862566030154
7453,2.5820619945686e-05,0.005286136797318856
7454,2.4826241982130645e-05,0.005239126292242511
7455,2.5448186352150515e-05,0.005315741347775343
7456,2.1124948155678187e-05,0.005359028537869345
7457,2.3995989007138026e-05,0.005259290997930176
7458,2.5136303884210064e-05,0.0052842059756808895
7459,2.2240207120679163e-05,0.005324070101906137
7460,1.911569488584064e-05,0.005232546460468932
7461,2.4061722191011842e-05,0.005297145802849
7462,2.396948427000704e-05,0.005345335753079047
7463,2.4402972515720953e-05,0.0053017326373312815
7464,2.1943062408051142e-05,0.005387663016128435
7465,2.3752409712566685e-05,0.005309131777333368
7466,2.5662962313314588e-05,0.0053030469775477655
7467,2.433949897143369e-05,0.005414954811805718
7468,2.419753921761488e-05,0.005320997354206874
7469,2.296913735335693e-05,0.005354290293687574
7470,2.4092281576789296e-05,0.005402406479153041
7471,2.1979211426999732e-05,0.005329243256029678
7472,2.381192559065918e-05,0.005333630237061182
7473,2.476310085815688e-05,0.005426977243347976
7474,2.3824326005221033e-05,0.005380743461639256
7475,2.329704827085758e-05,0.005396320800465798
7476,2.3920075909700246e-05,0.005372753404952281
7477,2.4467361769590448e-05,0.005368107700739491
7478,2.2782853253981254e-05,0.005417643911790713
7479,1.8777982829002817e-05,0.005456920842877017
7480,2.387504258270686e-05,0.005403215281749744
7481,2.3333379795076324e-05,0.005370679885021014
7482,2.186169100847716e-05,0.0054674835529107575
7483,2.0735011882303905e-05,0.005360840862325518
7484,2.3350359939892465e-05,0.005448064609561442
7485,2.330504382067981e-05,0.005448277875623115
7486,2.319989180250559e-05,0.005425119215666115
7487,2.317443134719118e-05,0.0054045344702218666
7488,2.2968956667076176e-05,0.00544149939369748
7489,2.3346784898118735e-05,0.005489983280360895
7490,2.3784384272100093e-05,0.00539043085269728
7491,2.3288370114945187e-05,0.005520409006796973
7492,2.0865742893268665e-05,0.00548612954754012
7493,2.1939878327733215e-05,0.005374819825591291
7494,2.2346693185681943e-05,0.00550459392269398
7495,2.3767866575023316e-05,0.00552584039427242
7496,2.333442771487171e-05,0.005410007082677463
7497,2.336773080363249e-05,0.005522070090389914
7498,2.516193150465066e-05,0.005485799602009574
7499,2.2612139825165894e-05,0.005443347118963754
7500,2.3920367675600572e-05,0.005555412808653752
7501,2.2598891397744107e-05,0.005577150171987538
7502,2.3896951218678927e-05,0.005407259000971783
7503,2.3815380518499297e-05,0.005484310120387733
7504,2.180306109949015e-05,0.005616392490960527
7505,2.233520620696557e-05,0.00543560503644335
7506,2.091338228638051e-05,0.005474128643641717
7507,2.049733096403846e-05,0.005559820344818658
7508,1.995737341834077e-05,0.005463231866906958
7509,2.0481662007417376e-05,0.005560511260563017
7510,2.3405638421536425e-05,0.005559280778523752
7511,2.284620616895457e-05,0.005541489248869298
7512,2.092066206387244e-05,0.005575603243148728
7513,2.363276762480382e-05,0.005515964210580773
7514,1.9461124611552805e-05,0.005582721410006045
7515,2.172080373081068e-05,0.0054868287995746305
7516,2.3362993185097974e-05,0.005656907836666974
7517,2.0171560997065778e-05,0.005541374182195147
7518,2.27785058086738e-05,0.005546818716772859
7519,2.386994516806832e-05,0.005649598946792144
7520,1.7410645038277533e-05,0.005546259023562313
7521,2.100315020167424e-05,0.005555849492737795
7522,1.898030229009843e-05,0.0055976393942350836
7523,2.405432326971398e-05,0.005627500120011207
7524,2.2623082077188884e-05,0.005571803506953936
7525,2.446769988940408e-05,0.005551832708344953
7526,1.803645706483318e-05,0.005595504575509752
7527,2.1976102774109072e-05,0.005640578173354203
7528,2.157192866434343e-05,0.0056427536993178574
7529,2.2176852326083463e-05,0.0056084470996328175
7530,2.3131858324632048e-05,0.005561015991445042
7531,2.0033708400054213e-05,0.0056383724178715846
7532,2.2548772843341188e-05,0.005718786925709212
7533,2.2361796072800644e-05,0.005577177624558561
7534,2.013350913330214e-05,0.005682902336760549
7535,2.044102590540812e-05,0.005612823742507189
7536,2.094760311592836e-05,0.005590447785989082
7537,2.2731709880948376e-05,0.00578454122960306
7538,2.2694373668249077e-05,0.005666374785782039
7539,2.1426156793798632e-05,0.005603739219085907
7540,2.235340592354381e-05,0.005668997256036259
7541,2.044506763922982e-05,0.005717873249586933
7542,2.195482932923672e-05,0.005656893030816569
7543,2.2346140576701144e-05,0.005675854520839557
7544,1.9372043061594014e-05,0.005721276297509038
7545,2.238992152949019e-05,0.005590321310272996
7546,2.237493135908153e-05,0.0056869867312237185
7547,2.2695978380700883e-05,0.005723701509489127
7548,2.0746629888890312e-05,0.00563028685977323
7549,1.970968053986629e-05,0.005757834139410733
7550,2.187562834781905e-05,0.005760055184446014
7551,2.1910492432652972e-05,0.005687205480038575
7552,1.9168564540450463e-05,0.005685398313938504
7553,1.9222293000590678e-05,0.005709140468252638
7554,2.1571789693553002e-05,0.005727589296174306
7555,2.2303217701846733e-05,0.0056772627547786335
7556,2.2841912626366443e-05,0.005788311818737145
7557,1.980653881522206e-05,0.005712985360657262
7558,2.1299139431600147e-05,0.005695278793764001
7559,2.2017406930293267e-05,0.005734871036430265
7560,1.9953214966032344e-05,0.005740372349687836
7561,2.234720104752341e-05,0.005729042736020985
7562,2.0909323575324378e-05,0.005760260156766997
7563,1.991452857813177e-05,0.005724409367747561
7564,2.13139914800801e-05,0.005761078058480563
7565,2.2323029406834392e-05,0.00575887435966863
7566,1.8977453873958438e-05,0.005791006316376404
7567,2.006931802801167e-05,0.005673994087751639
7568,2.4067692720564082e-05,0.005743582711870951
7569,2.3122399943531492e-05,0.005867862024505171
7570,2.22726579522714e-05,0.005609427654485311
7571,2.2069087693428933e-05,0.005904329440975834
7572,2.2555261360442576e-05,0.005731821377769832
7573,2.3430880294957508e-05,0.005734597646960804
7574,2.2740672041739646e-05,0.006032645756825369
7575,2.515030622210664e-05,0.005709598475062337
7576,2.0291325684714443e-05,0.005598016856959885
7577,2.152485637149463e-05,0.0058252799599731
7578,2.112141337420326e-05,0.00583686448949558
7579,2.2513863041240256e-05,0.005793058820108322
7580,2.102844628097955e-05,0.00576126559062899
7581,2.0612643857020886e-05,0.005834364135169604
7582,2.1395032914976277e-05,0.005782811406847329
7583,2.1652100501038754e-05,0.005800658762754535
7584,2.1237103646853937e-05,0.005842369867758335
7585,2.1534318511839957e-05,0.005771913019870816
7586,2.1069610617511596e-05,0.005827910185972642
7587,2.217233098538903e-05,0.005802667842550225
7588,2.2485694110703965e-05,0.005804946086483828
7589,2.1779291879890177e-05,0.005857200021052199
7590,2.1797598431779382e-05,0.005795979319713541
7591,2.1002574855325898e-05,0.005867251923800669
7592,2.140648333200564e-05,0.0058927179718586175
7593,1.9141656715267648e-05,0.005765480503517513
7594,2.1329729376399578e-05,0.005886066950413763
7595,2.1643781049836738e-05,0.00585525944963103
7596,2.099164375977125e-05,0.005809484041167957
7597,1.9204114990619323e-05,0.0058728036835275004
7598,2.163048681419847e-05,0.005846409589543732
7599,2.142986025622425e-05,0.0058004302481578784
7600,2.1393055552228663e-05,0.00590978564772134
7601,1.8739511142484842e-05,0.005834209101787926
7602,2.248289504980979e-05,0.005919897615669938
7603,1.6844005100817108e-05,0.005837428883910833
7604,2.188262624258641e-05,0.005819848016120918
7605,2.169035312059956e-05,0.006035427479665694
7606,2.3141830024542286e-05,0.005791583209440156
7607,2.3009995614605336e-05,0.005951241655949209
7608,2.011708274949342e-05,0.005846270487530767
7609,2.3636897215813708e-05,0.005923115765255173
7610,2.2105651684493447e-05,0.005926017345158024
7611,2.168325645470759e-05,0.00585641804027333
7612,2.176320006886575e-05,0.005907741955471939
7613,2.1325956186046825e-05,0.0059178240800804695
7614,2.1952792424902632e-05,0.005918253368898213
7615,2.173222686299899e-05,0.005911989810492582
7616,2.2291343339020386e-05,0.005898114440354044
7617,2.1620393151048727e-05,0.005922275563710157
7618,2.1405912169332925e-05,0.005957724360751849
7619,2.0653277412444975e-05,0.005845435243168007
7620,2.22094407035911e-05,0.005911748103010441
7621,2.028744177853999e-05,0.006064344222871151
7622,2.214897018954313e-05,0.005868437991011888
7623,2.2396434239150646e-05,0.0059635577575652176
7624,1.7956396429023396e-05,0.005954947592540813
7625,2.1718103016610258e-05,0.005903129001237909
7626,2.343572329361147e-05,0.005939496382396962
7627,1.910575811052695e-05,0.005900071035731551
7628,2.1927605242429612e-05,0.006000124824530178
7629,2.0574292405702485e-05,0.005939358745957589
7630,2.0001683333248364e-05,0.005941140031263678
7631,2.236751970485784e-05,0.006013004871579541
7632,1.5467957079332944e-05,0.0058850856230332795
7633,2.099435829829114e-05,0.005991378441324992
7634,2.1046430053199098e-05,0.005973885290778095
7635,2.1140461709971228e-05,0.006006036044645793
7636,2.1720518513272207e-05,0.0059218552136829136
7637,2.1059903004546263e-05,0.00596391854515675
7638,1.99416409789895e-05,0.006024703870211559
7639,2.2076952397280063e-05,0.0059768084926144025
7640,2.3735308786854148e-05,0.005932840138091025
7641,2.090338445365584e-05,0.005984281146849848
7642,1.9577567945816555e-05,0.00604300946405713
7643,2.1779691087431276e-05,0.006014943938111418
7644,2.2215979758281416e-05,0.005924632507975469
7645,2.1846576904257137e-05,0.006039562851785579
7646,2.1666138976191482e-05,0.005838330149206697
7647,2.361053545124984e-05,0.006065518514604487
7648,2.1831616686540654e-05,0.0059663866073361525
7649,2.1831027819037748e-05,0.005961738541287953
7650,2.1753356365176538e-05,0.006043680581708074
7651,2.1777530491817743e-05,0.005997081105774323
7652,2.433609843137674e-05,0.0060302248571479245
7653,2.3146209423430263e-05,0.005980629281601079
7654,2.1957700664643198e-05,0.005967460486088874
7655,1.9997142226202412e-05,0.006117312039850465
7656,2.1593665830247726e-05,0.005942063937127067
7657,2.2917024277073022e-05,0.006039006788214145
7658,2.1576736617134885e-05,0.006042796655317049
7659,2.2749508328464193e-05,0.006071740607200027
7660,2.012845585947313e-05,0.006071984717024664
7661,2.019643749614867e-05,0.005957791393511106
7662,2.0978201428079045e-05,0.006064341450518553
7663,2.1933495372650213e-05,0.006105681665327498
7664,2.226192445959896e-05,0.0059682664964198304
7665,2.230823762753668e-05,0.006060217519607994
7666,1.8775886746880133e-05,0.00604807632809848
7667,2.2593205843198425e-05,0.006132176239860424
7668,2.26190909112726e-05,0.006054937109018932
7669,2.2581575710015992e-05,0.006026067099757275
7670,2.102961564863411e-05,0.0061136139349124196
7671,2.1677709446521477e-05,0.006126480110327316
7672,2.1638177501396663e-05,0.006056313658247522
7673,2.1670242252488e-05,0.006062256371771252
7674,2.231344375710857e-05,0.006079466143426926
7675,2.0832978286004315e-05,0.006087807306852355
7676,2.2568195527128408e-05,0.006097300769556968
7677,2.1141953523814058e-05,0.006075234491751143
7678,2.1087807393390297e-05,0.006077616501222392
7679,2.1890237258048727e-05,0.006177349885951521
7680,2.1414549701148643e-05,0.006109398784257515
7681,1.9936983395988742e-05,0.006088119847271101
7682,1.8268166422785724e-05,0.006090250195409798
7683,2.206093085987959e-05,0.0061223778200719765
7684,1.8891300533141477e-05,0.006138485095910293
7685,2.2264050251881902e-05,0.006080823818395971
7686,1.9649336172733457e-05,0.006106063183356207
7687,1.9932645712591088e-05,0.006132384470278637
7688,2.2196967347554163e-05,0.006094780188239022
7689,2.2560708748642357e-05,0.00611112629998154
7690,2.376111163660729e-05,0.0061144042688310255
7691,2.4415328031561027e-05,0.005886777245564855
7692,2.491766451081882e-05,0.006313955098491336
7693,2.50296497445864e-05,0.0057044212862288265
7694,3.0248374241637065e-05,0.006590244296614124
7695,3.5562685661716385e-05,0.005749687896081524
7696,3.1171311032570274e-05,0.006298117378075765
7697,2.4648798959484945e-05,0.006034923283715477
7698,2.1546302135296477e-05,0.0060360916159714825
7699,2.3809628813372305e-05,0.006239102230194891
7700,1.8826470295607578e-05,0.006061428530333694
7701,2.5082369514469368e-05,0.006176114834270478
7702,2.1726443810621278e-05,0.006130693701289224
7703,2.2517364899006984e-05,0.006113155420232368
7704,2.3121309398751087e-05,0.006280043814944005
7705,2.6319245322762677e-05,0.006028370331626996
7706,2.8989633816915252e-05,0.006191828070454877
7707,2.380051021949233e-05,0.00611378249680972
7708,2.4769161973381416e-05,0.006257576825728977
7709,2.5861649343520792e-05,0.006051588956537597
7710,2.1814478047114486e-05,0.0061523346584399195
7711,2.039713496439314e-05,0.006108002484420706
7712,2.1122133815273023e-05,0.0060856352607537145
7713,2.1898131429528196e-05,0.006142079858252322
7714,2.2203660288748022e-05,0.0061333211392779665
7715,2.130655217721748e-05,0.0061563501403087
7716,1.972925626129533e-05,0.006184859698289755
7717,2.1774904113650942e-05,0.006161536819373709
7718,2.2476357298728544e-05,0.006194157416630013
7719,2.2266483756538947e-05,0.006149116381376502
7720,2.1777777389312782e-05,0.006207725865942051
7721,2.284948374532784e-05,0.006143570381314739
7722,2.074859912681859e-05,0.006260879999516826
7723,2.397052570207355e-05,0.006249786681381234
7724,2.1616716670299258e-05,0.006213876225935208
7725,2.06952435595061e-05,0.006207310515986919
7726,2.104686160843509e-05,0.006147844798941906
7727,1.9078752666246145e-05,0.006232495482143679
7728,1.6838955101169025e-05,0.006129922568239817
7729,1.973616126633715e-05,0.006281379027202268
7730,2.179568291467149e-05,0.0061571963566453445
7731,1.8857128209977722e-05,0.006245834716494952
7732,2.3349025953696887e-05,0.006191212235444787
7733,2.1039733474026435e-05,0.006162302618763241
7734,2.406631162254295e-05,0.006256568564880879
7735,2.3492594239845253e-05,0.006148821789341058
7736,2.1563057453022337e-05,0.006201893675661161
7737,2.17972805936976e-05,0.006181439135818639
7738,2.202185593584242e-05,0.006111347151250301
7739,2.3336754626749704e-05,0.006164456100192204
7740,2.1975095053979508e-05,0.006279489877824372
7741,2.0548654477655268e-05,0.006195683251829459
7742,2.2425639084152257e-05,0.0061641568617557575
7743,2.199517972864366e-05,0.006209486573818821
7744,1.9914427502953914e-05,0.006234461450145977
7745,2.1955045667709783e-05,0.006170264550427531
7746,2.03406655297537e-05,0.006270311716317651
7747,2.1557241598202382e-05,0.006111938619035792
7748,2.0064022525427087e-05,0.006288227927802969
7749,2.253569667421592e-05,0.006197813820544554
7750,1.8615956256932502e-05,0.006228100027131973
7751,2.192538365003808e-05,0.006279031922584617
7752,2.175615748759204e-05,0.00624024024425886
7753,1.976108809079354e-05,0.006312235863402769
7754,2.1286615204492895e-05,0.006222461666830145
7755,2.114989668674146e-05,0.00628464364794584
7756,2.1892754678750254e-05,0.0062772643108027085
7757,2.13386258110404e-05,0.006198209750245472
7758,2.338745713738414e-05,0.006229128351582116
7759,2.1309616931830534e-05,0.0063108073612838465
7760,2.0967786743616063e-05,0.006276274668066409
7761,2.3611285602479862e-05,0.00630670926300128
7762,2.407011173393888e-05,0.0064309383218301925
7763,2.364376705372706e-05,0.006290992129967162
7764,2.650685109983897e-05,0.006372554082360816
7765,2.4185184641585997e-05,0.006324151094304398
7766,2.3338007667916828e-05,0.006332254649462635
7767,2.0996859166189098e-05,0.006257727515832003
7768,2.076781553720745e-05,0.006315885325287855
7769,2.129247174404251e-05,0.006272559381656523
7770,2.0182544540148227e-05,0.006321546163448073
7771,2.1802714157577915e-05,0.006295479788296524
7772,2.176368228295663e-05,0.006244885599225683
7773,2.1826511874678546e-05,0.006301748508972808
7774,1.8673009617486968e-05,0.006266850067067031
7775,2.2256887314142658e-05,0.006264505453124555
7776,2.4616121542446005e-05,0.006282958529865075
7777,2.3753641047126926e-05,0.0063782242912736485
7778,2.1088396533741615e-05,0.006226495540447598
7779,2.129565097372203e-05,0.0063631741223824125
7780,2.039597396408984e-05,0.006227897318612447
7781,2.2728155211855968e-05,0.006406628952241824
7782,1.975062781032951e-05,0.006258910809158844
7783,2.117524830585656e-05,0.0063439849512215854
7784,2.1217367854357388e-05,0.006238503396587327
7785,2.171538678036692e-05,0.006339371160124782
7786,2.272021508057757e-05,0.006303012371914222
7787,1.9358347223411936e-05,0.006352794048075472
7788,2.2849691837715606e-05,0.006246435834157515
7789,2.1489743267011364e-05,0.006436652974845101
7790,2.3015860278974287e-05,0.0063462730308883
7791,2.0803513568049917e-05,0.006364511662776914
7792,2.216644679720048e-05,0.006354283864476462
7793,2.114992203132715e-05,0.0063442983809240405
7794,2.134261982670675e-05,0.006344932034286284
7795,2.0171041251160203e-05,0.006349594196800295
7796,2.2094822088547517e-05,0.006325972637526517
7797,2.1805050346301867e-05,0.006248803900000612
7798,2.1836285547275718e-05,0.006334285356297719
7799,1.945028840661204e-05,0.006275448900149122
7800,2.194932991794e-05,0.00634240672504257
7801,2.1496395250627152e-05,0.0063600667001072276
7802,2.2464434490151083e-05,0.006352396323127748
7803,2.127482439391315e-05,0.006199945795263997
7804,2.66108396317577e-05,0.006475863463588451
7805,2.5300799219015365e-05,0.00611039455786037
7806,2.4022607249207795e-05,0.006504482399210693
7807,2.7583709561440627e-05,0.006333662525305459
7808,3.153116801210369e-05,0.006634658858641623
7809,3.5666242426183695e-05,0.0062354302353073154
7810,3.17811956241106e-05,0.00648310310864271
7811,2.914336012812176e-05,0.006111827315095464
7812,3.156022163845288e-05,0.006408536188544063
7813,2.4884614928547912e-05,0.006361871028158334
7814,2.974634832450344e-05,0.0062497397585178326
7815,2.895308747004795e-05,0.006323979431232274
7816,2.4936484866581547e-05,0.006223178185095019
7817,2.2748905515375857e-05,0.006496637467838203
7818,2.3313193620803454e-05,0.006196871722574558
7819,2.2478568159082594e-05,0.006451944604772007
7820,1.90075051553625e-05,0.006035405357180392
7821,2.544558822895245e-05,0.006481949393147309
7822,2.3187089633817475e-05,0.006102969632204894
7823,2.8504770792399844e-05,0.006452479430035911
7824,2.3693138427915982e-05,0.006110768945620814
7825,2.5970345935396228e-05,0.006735218259776883
7826,2.6434122264618055e-05,0.0061367105992854035
7827,3.25452415078568e-05,0.006554943765037045
7828,3.645583795635806e-05,0.006335022921397552
7829,2.829446845377485e-05,0.0063453756891632155
7830,2.3916273494251073e-05,0.00635933893653074
7831,2.9190583275825097e-05,0.006088278800479207
7832,3.182247795242195e-05,0.006411877098256363
7833,3.5218764727081485e-05,0.006255381763436183
7834,3.4624148247530685e-05,0.006410220283055024
7835,2.821225668109643e-05,0.006287548564407125
7836,2.5333036440618646e-05,0.006268849423800579
7837,3.13940123305656e-05,0.006472291206506664
7838,3.296851646155119e-05,0.007017305233496737
7839,5.3320427347595493e-05,0.004835976112461363
7840,0.00026701956618732463,0.009123745692991897
7841,0.00015247703219453494,0.005937757128978976
7842,5.545268334875194e-05,0.007114510096838339
7843,9.574952903979768e-05,0.00511862009486125
7844,0.00014360527444902497,0.007719987675231713
7845,0.00015895053657004609,0.005442778203413108
7846,0.00011440943441508959,0.0081585144170707
7847,0.0001860980623556922,0.005560371560645045
7848,0.00019040453456303414,0.007480375857462791
7849,0.00012599482433870435,0.006296272450606665
7850,0.0001139407114048178,0.005235495027399769
7851,0.0002223100425908342,0.008454804711740965
7852,0.000271908740978688,0.0040368931961132825
7853,0.0007052245123001437,0.009799019370925182
7854,0.0005032862167960654,0.005400408558931803
7855,0.0003987836961944898,0.005784897925808743
7856,0.00032692401437088846,0.008610053112517977
7857,0.00047379691192569833,0.004340400950081458
7858,0.0007458034669980407,0.009391010762396547
7859,0.0005434232351641792,0.005273439112679838
7860,0.0002735234699988117,0.00596486502640189
7861,0.00040093942855795226,0.0062973887326191755
7862,0.00022060576593503357,0.004852446920799407
7863,0.0002024516167390781,0.006934853765585226
7864,0.00021731468732468783,0.004423882484290346
7865,0.0002203379524871707,0.006129085908682026
7866,0.00018313903322753807,0.005654429007261687
7867,7.827460940461606e-05,0.005599189087427194
7868,4.741601781764378e-05,0.005452600752319378
7869,4.485629397095181e-05,0.00540898213529284
7870,3.093243794864975e-05,0.00517845065186579
7871,2.401070378255099e-05,0.0053823490440573175
7872,3.2924648015371836e-05,0.005356265543088622
7873,2.4252931567995498e-05,0.005228931389780367
7874,2.3857055687888835e-05,0.00533868645182375
7875,2.4926055448304397e-05,0.00537353334914381
7876,1.970011386826324e-05,0.005433934828203869
7877,2.418107742414577e-05,0.005372541171651094
7878,2.1761941752629355e-05,0.005500233038437515
7879,1.893157883993505e-05,0.0054591289283680506
7880,1.9190767246376103e-05,0.005504715706736438
7881,2.0070275544033695e-05,0.005368696381024777
7882,2.1684055567069058e-05,0.005484174983644019
7883,2.215725896045721e-05,0.0054585843551931195
7884,2.386286578257568e-05,0.005425702832906088
7885,2.3002761978811273e-05,0.0055312994674899295
7886,2.2595818518311716e-05,0.005477657286335894
7887,2.4901435972424223e-05,0.005505772835809236
7888,2.0723868692584803e-05,0.005330729245191864
7889,2.2542221146674515e-05,0.005595253983019628
7890,2.1008905120349177e-05,0.00555399509605663
7891,1.931045183785803e-05,0.00541552370557104
7892,2.2538086705026215e-05,0.0056140080076636885
7893,2.276487636360495e-05,0.005398727011729347
7894,2.269247755369482e-05,0.005428268764799798
7895,2.2870445536682383e-05,0.005657695100386763
7896,2.3478299529718544e-05,0.005407218369131102
7897,2.255607384237616e-05,0.0055891869103601366
7898,2.261459000389247e-05,0.0055211682959489675
7899,2.2199090381036513e-05,0.005473612553585723
7900,2.388768358893382e-05,0.005571542217529635
7901,2.2780061650943633e-05,0.005437134495324984
7902,2.2857652462941285e-05,0.005586894799557607
7903,2.0008466405367167e-05,0.005515077726456625
7904,2.4412069372677554e-05,0.005667349757975218
7905,2.1322848563916826e-05,0.005592031043386413
7906,2.5236486180801876e-05,0.005578951328401916
7907,2.2878083230655952e-05,0.00563982827418718
7908,2.3573659079071754e-05,0.005588483297006004
7909,2.2543390878126955e-05,0.00557408222965406
7910,2.2664126784851154e-05,0.005520591505174117
7911,2.096532140664446e-05,0.005571695372097368
7912,2.1129835658939555e-05,0.0055577806656641
7913,2.338457270525396e-05,0.0056103252280198515
7914,2.1922153003591423e-05,0.005557483945985472
7915,2.0916243981143148e-05,0.005455978254226652
7916,2.1968073391083938e-05,0.005746093368952909
7917,2.411352106719278e-05,0.005470992799008222
7918,1.874255255340055e-05,0.005528918460313754
7919,2.2392664929308617e-05,0.0055759983698562415
7920,1.956210859740774e-05,0.005495590061815292
7921,2.4973260345480715e-05,0.005695297751760884
7922,2.4707801033703922e-05,0.00555212988653656
7923,2.078625184367411e-05,0.005608096378052073
7924,2.1647083121933976e-05,0.005671580972923347
7925,2.359688029779742e-05,0.005546047115168801
7926,2.6453800698315413e-05,0.005449632602084798
7927,2.3689917846544024e-05,0.005727620156786856
7928,2.3314533730930028e-05,0.0056745045616193425
7929,2.2340374198392964e-05,0.005569650766396165
7930,2.4713513994356617e-05,0.005842641046698265
7931,2.4460096513697258e-05,0.00554715113493761
7932,2.1633613990464558e-05,0.005742419578137737
7933,2.4329617978461708e-05,0.005516161119949334
7934,2.568623191715839e-05,0.005684446507713578
7935,2.1083014750426325e-05,0.005629756067006724
7936,1.94218579660325e-05,0.005587176567866679
7937,2.1043536495805407e-05,0.005736172662697983
7938,2.4575276984251105e-05,0.0056285064353278095
7939,1.8480421325269465e-05,0.005690223194947412
7940,2.1386437098650882e-05,0.0056513937148306385
7941,1.762029169185553e-05,0.00564148307782026
7942,2.152358999107188e-05,0.005656573915485108
7943,2.2532340032436575e-05,0.005703614013370301
7944,2.1199964612605983e-05,0.0055752444591261555
7945,1.9295009163518747e-05,0.005735290027087369
7946,2.226196532622756e-05,0.005681535557228309
7947,2.056785269815009e-05,0.00561668497713811
7948,2.409291482763365e-05,0.005636896584414447
7949,2.3313920549602093e-05,0.005678900048628243
7950,2.1142172045074403e-05,0.005719221766720858
7951,2.3316716639480243e-05,0.005587520920644291
7952,2.1252040460240097e-05,0.005733919307134763
7953,2.0705386244420273e-05,0.00565812071105901
7954,2.1427565782990618e-05,0.005649290103921449
7955,2.1930335545524334e-05,0.005639357398208285
7956,2.178763364402888e-05,0.005567652951825236
7957,2.5278649021250508e-05,0.005774336484259496
7958,2.8130192852889498e-05,0.005418260486650809
7959,2.4625928926980122e-05,0.005913818948112472
7960,2.6105378735034415e-05,0.005450608286385735
7961,2.9228655572903033e-05,0.005656289051107147
7962,2.9696023314803218e-05,0.006164385469110236
7963,3.117462432176883e-05,0.005304020038249015
7964,2.7763169297638037e-05,0.005857109808538665
7965,3.524533482656504e-05,0.005233751692297209
7966,5.228566345370685e-05,0.005805548868681255
7967,7.833800773369149e-05,0.006034196944354505
7968,4.396822332637384e-05,0.004966392401198731
7969,3.201409393417028e-05,0.006271072716808916
7970,5.189638104639016e-05,0.0052378839639230625
7971,4.757302716219177e-05,0.005485592504257979
7972,2.919788530562073e-05,0.005851757080377248
7973,2.9631151361778998e-05,0.005400419550095494
7974,3.196795781453451e-05,0.006043611424879787
7975,3.18142214382533e-05,0.005585118976580959
7976,2.7988505704949298e-05,0.0052886729040836685
7977,2.6215120548537622e-05,0.00579980666727394
7978,2.4678246700204908e-05,0.005521521459017712
7979,2.0983142409628878e-05,0.005631973534313232
7980,2.669687334370489e-05,0.005623651981593398
7981,2.4658971354559375e-05,0.005485702330370472
7982,2.024136992986314e-05,0.005930229369619022
7983,2.320590331995239e-05,0.005506828317366954
7984,2.3712193312045807e-05,0.005788812746037865
7985,2.486533509606185e-05,0.005664184895120779
7986,2.1407953560507546e-05,0.0057117244606900265
7987,2.0736448883932706e-05,0.005624456490609217
7988,2.6597116811899468e-05,0.005693272812419968
7989,2.9772185613789284e-05,0.005670159988272772
7990,3.1153817205146575e-05,0.005803382394519466
7991,2.6580868749685274e-05,0.0055718680703127485
7992,2.064784912363393e-05,0.005753556987895679
7993,2.012524431241521e-05,0.005735741479918687
7994,2.17018636855452e-05,0.005605453219229345
7995,1.7905743879964577e-05,0.005694754305295646
7996,2.1650132051339218e-05,0.00569716198655793
7997,2.0523933562799358e-05,0.00563614600037132
7998,1.9700922469686095e-05,0.005707018017804261
7999,1.7990818014368416e-05,0.005664367931493291
8000,2.3279231451548792e-05,0.005683669646145307
8001,2.4500125315777648e-05,0.005590624527594521
8002,2.2192196168665154e-05,0.005720278007701333
8003,2.4129033045028335e-05,0.005662749876466999
8004,2.4636429346476994e-05,0.005616958439792642
8005,2.279375670089697e-05,0.005696971224735311
8006,2.0537846527683238e-05,0.0057275102096637
8007,2.2592821915168314e-05,0.0056087574034817626
8008,2.2677510908882444e-05,0.005760468808935454
8009,2.1002166492204802e-05,0.005698191212716224
8010,2.1906236603778477e-05,0.005679086072313224
8011,2.2666334189125337e-05,0.005723156547922728
8012,2.1847653139654238e-05,0.005787498588613861
8013,2.191858172106246e-05,0.005696313562585117
8014,2.217405562987551e-05,0.005759766133371414
8015,2.3620587307959794e-05,0.005712446888734461
8016,2.564516253187321e-05,0.005753062601468107
8017,3.0121899302078723e-05,0.005744547137244447
8018,3.064143990438121e-05,0.005895953239431899
8019,3.743930913818379e-05,0.005729750105301027
8020,3.5819728994586814e-05,0.005948177720923848
8021,2.827126493987938e-05,0.005126209964305816
8022,3.858790447945163e-05,0.006512052327468011
8023,4.323650452230747e-05,0.005463625021702311
8024,3.979269313276745e-05,0.005719527590622287
8025,2.7338329164194875e-05,0.005947409623693294
8026,2.4787034878196815e-05,0.005508234851540213
8027,2.6364305570799238e-05,0.005934295165202749
8028,2.866254920566765e-05,0.005756959082369491
8029,2.7841317629887876e-05,0.005564538097861413
8030,2.2842013519645357e-05,0.0058179856298426
8031,2.3114471696317195e-05,0.005617991442811179
8032,2.4471786552264045e-05,0.005836872275536117
8033,1.806412265068502e-05,0.00554536912578011
8034,2.2699140875677887e-05,0.005732735488236996
8035,2.373533649612606e-05,0.00570094447847788
8036,2.1494336033356375e-05,0.005666526287388361
8037,2.090146002349987e-05,0.005740228057151377
8038,2.2964663852083807e-05,0.005742689316523158
8039,1.8657946323704285e-05,0.005754120975878492
8040,1.762842354461706e-05,0.005732750124910748
8041,2.1156052753212862e-05,0.0057531561462851296
8042,2.0899401897622737e-05,0.005667881124648838
8043,2.2108239621350854e-05,0.005787302040234916
8044,1.9611698129059126e-05,0.00563621267775749
8045,2.1843005076031356e-05,0.005792305029878306
8046,2.315156913634079e-05,0.00557129355065786
8047,2.1952061433694326e-05,0.005866298713103176
8048,2.1850213549138668e-05,0.0056760649318324825
8049,2.1717712540218295e-05,0.0058456369541579995
8050,2.4731170318167035e-05,0.005847052312578614
8051,2.0110198965994643e-05,0.005612269795686279
8052,2.1237981369874128e-05,0.005829692663514595
8053,2.354048253134048e-05,0.005626307232972583
8054,2.3096341465134174e-05,0.005759596872982183
8055,2.6620206335792317e-05,0.005765291653697417
8056,2.7398303063819186e-05,0.0055041916172118175
8057,2.3943776371500767e-05,0.005914602585086512
8058,2.387649522764453e-05,0.005692081966564027
8059,2.2173555650321455e-05,0.005805119555014626
8060,2.2568265800752368e-05,0.0056481110148216265
8061,2.2049210080391883e-05,0.005980052993420446
8062,2.4294942462195954e-05,0.005686670221280775
8063,2.010845273616724e-05,0.005760502040574099
8064,2.352625560888555e-05,0.00562795722562335
8065,2.577224477136042e-05,0.005870258792001231
8066,2.3218319984152914e-05,0.005547682580923422
8067,2.5150287607781745e-05,0.005953294110323754
8068,2.686391987178164e-05,0.005583808585635131
8069,2.7267906261840835e-05,0.005904712961722514
8070,2.379840783153971e-05,0.0057328771564929765
8071,3.166037034437371e-05,0.006107385899689136
8072,3.568800129869487e-05,0.005619415198282573
8073,3.367347441477856e-05,0.005954800419405931
8074,2.8939751549235854e-05,0.005682057018728099
8075,2.6817044514852265e-05,0.005986647833579857
8076,2.0941322388049834e-05,0.0056850843693875865
8077,2.4392110572080127e-05,0.0059640131892816145
8078,1.967980982347702e-05,0.005667567251581012
8079,2.654597847140394e-05,0.006133358415668253
8080,3.2070678814003864e-05,0.005531641556466085
8081,3.0460644241732857e-05,0.006075970168846349
8082,2.9388253581904187e-05,0.005522922076433298
8083,2.4782454541612727e-05,0.006008910773286585
8084,2.4942326126620175e-05,0.0056501408710079104
8085,2.6771119883051143e-05,0.006279527253610196
8086,3.4752658393699676e-05,0.005533411701132233
8087,6.196765316417441e-05,0.0062528289486899185
8088,5.74593044196566e-05,0.0056464187788119406
8089,3.4390382158259554e-05,0.005939399417454366
8090,3.502943727653474e-05,0.005637611685782312
8091,4.288910907537987e-05,0.006061364535095268
8092,4.5874888989298294e-05,0.005336074347639108
8093,3.670460646389984e-05,0.0064902457218666216
8094,2.8268133367722232e-05,0.005342699768946218
8095,3.5699752455305615e-05,0.0065901157615041875
8096,4.97391949465964e-05,0.005183614558289753
8097,5.294715204703001e-05,0.006421237798647312
8098,4.695939812033127e-05,0.0054942378074772195
8099,5.1418554357951506e-05,0.006601309778212368
8100,0.00011111406056443229,0.005723308384350749
8101,9.443644667044282e-05,0.007162830599022714
8102,0.00031753858493175355,0.006454661536422437
8103,0.00016025168806663715,0.0057687254892171995
8104,0.00011163508649284874,0.005531919124037196
8105,6.234295651665888e-05,0.005629783159609317
8106,4.9105814832728355e-05,0.005370624588253739
8107,3.76966709154658e-05,0.005877858394081568
8108,3.949163801735267e-05,0.005227663848012664
8109,3.8383443825296124e-05,0.006259024717466503
8110,3.466678002344755e-05,0.005444155622522854
8111,3.6242827627575024e-05,0.005817899732695271
8112,3.622862556464194e-05,0.005580821391964353
8113,2.8605364786926656e-05,0.005825993345236155
8114,2.8772517058920736e-05,0.005569487484376224
8115,2.663182688896389e-05,0.005683866696437679
8116,2.5683633672694366e-05,0.0056010478866158585
8117,2.4135746207321064e-05,0.005707692226588356
8118,2.087253815261647e-05,0.005637456826683221
8119,2.1784938871860506e-05,0.0056922366183621495
8120,2.130062651607053e-05,0.005794295485264877
8121,2.0140655154439933e-05,0.005745259444814786
8122,2.1127823796026254e-05,0.005701938970150611
8123,1.9917640262671436e-05,0.005849533947865473
8124,2.0552172766959605e-05,0.005741363061947356
8125,2.3428287507461696e-05,0.005771216107205602
8126,2.90173994168678e-05,0.005774020273183958
8127,2.4514487571044204e-05,0.006006826774614771
8128,4.79344961301346e-05,0.005629842268893283
8129,0.00011534596536269723,0.0065499486821044605
8130,0.00021613817856026192,0.005869896921993993
8131,0.0002368246641708538,0.00624821495880204
8132,0.00022768601193092763,0.005369077238898618
8133,0.0002625245125576233,0.007024899514511838
8134,0.0003397248782372723,0.005065148726087989
8135,0.0002858707152578669,0.00786819197754893
8136,0.00023476216204774877,0.005142829903011341
8137,0.00019334775570314377,0.0059594935373326885
8138,0.00017058979525851707,0.005176774557929742
8139,0.0001473058053913216,0.005466381477311864
8140,7.885060525344063e-05,0.0055885321034488886
8141,8.753827472294992e-05,0.005452419255896912
8142,8.455103913244481e-05,0.0051058729527087895
8143,0.00017360523052047938,0.005222910533365399
8144,0.00012378284639756506,0.006926553738466872
8145,0.00017304926974854123,0.004461612535895213
8146,0.0001643212800748491,0.00808692684571384
8147,0.000502905326235729,0.004388079204295669
8148,0.0005973494087811559,0.006790376390188889
8149,0.0005430278135463596,0.004860785482070077
8150,0.0005274833917307357,0.006447910688200874
8151,0.0003500850211518506,0.006237648947611016
8152,0.00043722133074576656,0.006064283142653662
8153,0.0004392623154368872,0.00748029530963354
8154,0.00021465805863651137,0.005575121120496637
8155,0.00015759875871784363,0.007192972248245837
8156,9.061300515895709e-05,0.005516411786135123
8157,0.00011325136098700265,0.0064621259531888525
8158,5.704040959244594e-05,0.0053030874716983945
8159,4.682879759153972e-05,0.00547274920462402
8160,6.107092898067397e-05,0.005290169374198974
8161,4.591905647733559e-05,0.0049436346128921985
8162,3.584302370048439e-05,0.005786195770450677
8163,3.369068314592975e-05,0.005022398547278935
8164,2.8949851063468184e-05,0.005712871057831012
8165,2.276247481252843e-05,0.005427883092412039
8166,2.6246461978492637e-05,0.005499718588918491
8167,2.0171502910670824e-05,0.005480467060333042
8168,2.3286708650023987e-05,0.005322302045907869
8169,2.3338192598506187e-05,0.0055016197804742826
8170,2.0172159020148682e-05,0.005269495873475088
8171,2.1816498338012026e-05,0.0055465899950454325
8172,2.0276404999700996e-05,0.005244293510035628
8173,1.9770647243907056e-05,0.005342422771112372
8174,1.9164620607625692e-05,0.005489014468648694
8175,2.0886626468078855e-05,0.005420058589886155
8176,2.1228397417871748e-05,0.005481315268154599
8177,2.0875406395740962e-05,0.005474960573401563
8178,2.1477590538173295e-05,0.005450904133630241
8179,1.6219026777738086e-05,0.005460035139783313
8180,2.2067565926893924e-05,0.005429127379538415
8181,2.0129761348168056e-05,0.005400491115223203
8182,2.29627517304228e-05,0.005495115778135266
8183,2.3903845552316245e-05,0.005430563033540728
8184,2.2537156837643124e-05,0.005527859306567463
8185,1.991661483771168e-05,0.005523764665513599
8186,2.2132058741893464e-05,0.0053139898334752375
8187,2.0582161596394144e-05,0.0056248523117239145
8188,2.2647059328543643e-05,0.005427826633363723
8189,2.176118614443112e-05,0.005363508812846257
8190,1.9615056711093833e-05,0.0056946764734835086
8191,2.2055249428376555e-05,0.005278681477903503
8192,2.4210552752871686e-05,0.0056781695930325365
8193,2.5599812215659767e-05,0.005412285146371554
8194,2.3397800881260385e-05,0.005505835419426786
8195,2.2168292950179118e-05,0.00559152425055757
8196,2.2023281781002878e-05,0.005474651408686754
8197,1.978190023995315e-05,0.005530621011929358
8198,1.8792251770112973e-05,0.005454050000703877
8199,2.109959338364812e-05,0.005481364146250774
8200,1.981393579626456e-05,0.005562043616041672
8201,2.0758008637737173e-05,0.005364028902381267
8202,2.1157152635472205e-05,0.005576153732060145
8203,2.2148218583121586e-05,0.0054866437138499395
8204,2.270529827607485e-05,0.005381444566277242
8205,2.1759603866181956e-05,0.00570696604823454
8206,2.158243502587235e-05,0.005414127649627735
8207,2.1285023346232872e-05,0.005532859535261509
8208,2.0943158112155895e-05,0.005484791158028601
8209,2.1721949451602995e-05,0.005584632757947677
8210,2.0154421144980005e-05,0.005509412991787084
8211,2.041230472968891e-05,0.005481084730756627
8212,2.07613006750762e-05,0.005558083357074303
8213,2.118377330286118e-05,0.005480923938901267
8214,2.021199506998528e-05,0.0055996993432714665
8215,1.756886925553166e-05,0.0054847493470572915
8216,1.721325606922619e-05,0.005547969479165558
8217,1.747440328472294e-05,0.00556480448947653
8218,2.064183669669243e-05,0.005537052819919255
8219,2.0278831774097245e-05,0.005582146507916613
8220,1.9716940732905643e-05,0.005486216080035982
8221,2.1375362363566332e-05,0.005581769091655821
8222,2.3078452674477982e-05,0.005532672314745325
8223,2.3732807312626393e-05,0.005415611582970225
8224,1.81808205525158e-05,0.005647745798852523
8225,2.4268769326833232e-05,0.005592102551838242
8226,2.2263162221255092e-05,0.005444833187438134
8227,2.213671905337833e-05,0.005734408428492188
8228,2.187298523494974e-05,0.00552944987447257
8229,2.0962896936301453e-05,0.005579298353796193
8230,1.870547233314331e-05,0.005519006664596487
8231,2.3684978562717635e-05,0.005510483625888203
8232,2.2987720512901433e-05,0.005592526470403573
8233,1.9762359049006287e-05,0.005547919639281394
8234,2.1904952275993614e-05,0.005582276900225368
8235,2.0290266547817737e-05,0.005544083764639067
8236,1.8652055344621962e-05,0.005606886381875691
8237,1.9573027020669543e-05,0.005585293333884874
8238,1.8778216144710314e-05,0.005581691295755428
8239,2.3064737858173125e-05,0.00554699712393435
8240,2.349927235627547e-05,0.00561683822650604
8241,2.036532387137413e-05,0.005632815802230211
8242,2.178635707726547e-05,0.005539836793285604
8243,1.8223508595838213e-05,0.005600023929101867
8244,1.7736796568594097e-05,0.005676330459353171
8245,2.1734942129114644e-05,0.005515426548799685
8246,2.2651796219482396e-05,0.0057377286302334254
8247,2.2229072298311316e-05,0.0053851984440259175
8248,2.2945490612376793e-05,0.005697227311552072
8249,2.115760629142945e-05,0.0054737108181590185
8250,2.3331995483507246e-05,0.0057825973854476465
8251,2.4955664169586574e-05,0.005406533494559035
8252,3.597482427721843e-05,0.005861877499839934
8253,2.7291419974062593e-05,0.0054262017290657985
8254,3.0382908880710603e-05,0.005980222958088335
8255,3.1096890719103e-05,0.0054033158501209854
8256,3.339880665104526e-05,0.005718412468848445
8257,2.8760087358629485e-05,0.0056210291411588785
8258,2.7691077169341344e-05,0.0056286585698998946
8259,2.3928652929801804e-05,0.00556482298147173
8260,2.6816853642230852e-05,0.005508376923675665
8261,2.9309079400263728e-05,0.005595708018262756
8262,3.7144557427382094e-05,0.0054632090423555706
8263,2.5261431680216144e-05,0.0055923472243369346
8264,2.5039558446830295e-05,0.005689658270876485
8265,2.193937252741307e-05,0.005377615181448712
8266,2.666469396596464e-05,0.005780053899244934
8267,2.431351652679344e-05,0.005562125230330582
8268,2.2401684570165042e-05,0.0057445759040831825
8269,2.4060839981151123e-05,0.0054387320581910726
8270,1.9647668947679144e-05,0.005796921683192166
8271,2.445589125272818e-05,0.0054661221737559475
8272,2.1673425847742087e-05,0.005717598672817347
8273,2.155924133451966e-05,0.0055979320870328435
8274,2.118324458327455e-05,0.005591748409961726
8275,2.0821213668871983e-05,0.005683899560959585
8276,1.8293312920529084e-05,0.005611355221089608
8277,2.420139668781e-05,0.0057603258796836854
8278,2.6086464761950385e-05,0.0055831074886560465
8279,3.115927684120834e-05,0.005659056536387652
8280,2.9463749403172793e-05,0.005955948177806772
8281,3.0099862002922842e-05,0.005357639013778701
8282,2.574945622958088e-05,0.005904153884968541
8283,2.8995396132813766e-05,0.005499840416361398
8284,3.0748615002570054e-05,0.005849240860719321
8285,3.6123998143011704e-05,0.005487740942384579
8286,2.8602394498496626e-05,0.005533513178700331
8287,2.1778997385505743e-05,0.005783467556959922
8288,2.5559043691221936e-05,0.00560240860421167
8289,2.399996713696358e-05,0.005631677883817428
8290,2.6685631989190977e-05,0.005744069602955895
8291,3.2906103539668646e-05,0.0057218038345610844
8292,3.355078927900952e-05,0.0055103345856830285
8293,2.4781121161746948e-05,0.006066133322981213
8294,2.8496690720203333e-05,0.005426099989903622
8295,4.0868106467920975e-05,0.005802026547134816
8296,8.0798758911745e-05,0.005379136004662196
8297,0.00018760521828274553,0.006532320966508392
8298,0.0002639116496842083,0.006004087426100602
8299,0.0003647325696268429,0.006249196107219497
8300,0.00039376476391529046,0.006125224019640414
8301,0.00026094909650661673,0.005452928663985749
8302,0.00016064606600896998,0.005363702439098505
8303,0.00011056438670493662,0.005407597318534026
8304,0.00012933196897696082,0.007821988564921402
8305,0.0002486584863315026,0.003981750537961319
8306,0.00032239607147251564,0.0066311343733700566
8307,0.00041389088049375764,0.004582400601789524
8308,0.00018369379443659758,0.005505893363110852
8309,0.00012304095823007327,0.006096874347381424
8310,8.889277038785319e-05,0.0047889209343243
8311,6.753699854016304e-05,0.006019164241676094
8312,4.702878068201244e-05,0.004311865791154219
8313,8.880671933487368e-05,0.005964883648768634
8314,7.222806695305432e-05,0.005308336493380814
8315,7.90886779820236e-05,0.005587042253518923
8316,7.812377565035907e-05,0.004799901745220842
8317,6.875649511736507e-05,0.005392850362368974
8318,3.872499413167437e-05,0.005427341273378537
8319,5.0733787550901375e-05,0.0049400026974682175
8320,6.548505916725844e-05,0.0061504175139002895
8321,5.207577924011275e-05,0.004995661398276076
8322,7.28747724982289e-05,0.00587957989143981
8323,6.52122325845994e-05,0.005256987537654956
8324,5.813131671554098e-05,0.004998449081274523
8325,3.258683427702636e-05,0.005890548297637061
8326,3.886193541499476e-05,0.004817798128828123
8327,5.4013981328656274e-05,0.006074974817504333
8328,7.11863067408558e-05,0.005122741456082287
8329,6.0849021247122435e-05,0.005097865304032787
8330,3.117362599975119e-05,0.005870493921166699
8331,3.7727403832832354e-05,0.005122750636723916
8332,4.0331696315358086e-05,0.005488010280634881
8333,3.40444058868646e-05,0.00548573407243763
8334,3.233718331709194e-05,0.005328445867921242
8335,2.3463895922759546e-05,0.005635681262917882
8336,2.9413430214238665e-05,0.0048338196916731715
8337,3.5855329527597254e-05,0.006007370703080288
8338,4.8346258214830114e-05,0.005096100658629013
8339,3.41123333782889e-05,0.0051455121471720875
8340,2.297864800008635e-05,0.005558692328686341
8341,2.4872941503417677e-05,0.0050966768819642695
8342,2.158541537937708e-05,0.005508782303951985
8343,2.346821565879509e-05,0.005190669946993391
8344,2.277479822320553e-05,0.005370857100457236
8345,1.8598576086030032e-05,0.0053085594870999715
8346,2.276096274727024e-05,0.005414831317615374
8347,2.2317326268724477e-05,0.005310687645473273
8348,1.7834660199393207e-05,0.005193888897359458
8349,1.9555698781914543e-05,0.005594819516613426
8350,2.4411468863642465e-05,0.005120585448747196
8351,2.215853237430565e-05,0.005429211410977033
8352,2.0375734311528505e-05,0.0052857572043979026
8353,2.3603460673863688e-05,0.005526233966222676
8354,2.556164108682424e-05,0.005271195390633422
8355,3.252393908041995e-05,0.005307307086812812
8356,2.8768965057679453e-05,0.005383903386203398
8357,2.5131133346197505e-05,0.0053172357282015815
8358,3.0964323862766226e-05,0.005378235020873556
8359,2.775208819609058e-05,0.005224380347393018
8360,3.2254641458469756e-05,0.0054793709185116035
8361,2.731997640997482e-05,0.00507721703054318
8362,2.917475940193981e-05,0.005399925024616287
8363,2.9001164512010293e-05,0.00541916204758032
8364,2.0579762713168746e-05,0.005219998790907036
8365,2.5776542073193318e-05,0.005434421247160008
8366,3.916769419447519e-05,0.005130520639519006
8367,4.793316596381677e-05,0.0055201587962308
8368,3.644629214250017e-05,0.005260725972332517
8369,2.6088542169115194e-05,0.00541851469431323
8370,2.7510969509118392e-05,0.005227130747874055
8371,2.7564615265873726e-05,0.005467068937699697
8372,6.144963263068348e-05,0.005248355898599015
8373,0.000156119557019944,0.005628159407210368
8374,0.00013095798252228026,0.005149428689633142
8375,0.00010690568548549587,0.005636681333505576
8376,9.810350990543762e-05,0.004837735770855709
8377,5.062283792843421e-05,0.0054379560418252705
8378,5.255016197528069e-05,0.005296355097899105
8379,5.05869854047584e-05,0.004929791851723512
8380,3.1088508209601665e-05,0.005439833326031024
8381,2.6062111525485914e-05,0.005076606454986709
8382,2.5592156331792162e-05,0.005304238769193098
8383,2.7125201086164452e-05,0.005173858446450305
8384,2.4024443822175574e-05,0.005419111244886983
8385,2.2795970229102142e-05,0.0053038882899740765
8386,2.306036828182793e-05,0.005343377414535274
8387,2.3697015906994543e-05,0.005347893750009111
8388,2.2240367616177537e-05,0.005317522178142609
8389,2.0446733348459626e-05,0.005274739134301056
8390,2.0707194683685277e-05,0.005259496159340958
8391,2.1236853960241812e-05,0.005522459063254166
8392,1.8834110596799293e-05,0.005051180953159928
8393,2.6067421519352744e-05,0.00552621986141717
8394,2.3702152308639294e-05,0.005399197902345256
8395,2.3987037032687415e-05,0.005331464261408863
8396,2.7697960952840124e-05,0.005415371214094087
8397,2.9026983490136142e-05,0.005223069967510048
8398,2.578063188896825e-05,0.005455343789701508
8399,2.247738023773612e-05,0.005310569208371317
8400,2.2545489385568848e-05,0.005443174088351995
8401,2.176962855931682e-05,0.005245372512764488
8402,2.5420793826924636e-05,0.0053821774194499055
8403,2.1614667033039345e-05,0.005243511359229117
8404,2.1157878897308062e-05,0.005363685435653604
8405,2.0104105836556603e-05,0.005487910155969405
8406,2.233784204387727e-05,0.005291649885203319
8407,2.4093092360999435e-05,0.005407109132243527
8408,2.1261366782709956e-05,0.004999873777088976
8409,3.172514649728934e-05,0.005984258720221009
8410,4.399884589171658e-05,0.004840326048869487
8411,3.4699454530103443e-05,0.005932586034759879
8412,4.347609622830836e-05,0.004537898972419455
8413,6.07152767770458e-05,0.005613115613419584
8414,3.946395457508818e-05,0.005443943259360715
8415,3.903176960496542e-05,0.005237293218967793
8416,4.9994306755252184e-05,0.005231423172602778
8417,5.645938144880347e-05,0.005161662340097467
8418,3.6365533621089226e-05,0.005628982030211986
8419,2.5181103895495958e-05,0.005210364327972962
8420,2.000125969061628e-05,0.005442775012544024
8421,2.8223547330223178e-05,0.00523501061201259
8422,2.4324241348949726e-05,0.005469264570155252
8423,2.0430522090464366e-05,0.005140909012672573
8424,2.5128589428883666e-05,0.0056615666947899415
8425,2.5040842774615158e-05,0.005202295100187055
8426,2.4731769735808483e-05,0.00540978221967544
8427,2.0873919129371644e-05,0.005437244433087259
8428,2.339884922548663e-05,0.005267754363233758
8429,2.2722957025204473e-05,0.005458611521661575
8430,2.161739491081486e-05,0.005187360065027919
8431,2.444183531527718e-05,0.005492137036318972
8432,2.0969455060064018e-05,0.005205435547991302
8433,2.464299323037267e-05,0.005415369510243522
8434,2.7382108479893457e-05,0.005434621712982611
8435,2.624906846904196e-05,0.005358686096413464
8436,2.5238551703902582e-05,0.005312799292784021
8437,2.2569863964842322e-05,0.005425233745876678
8438,2.565411778050475e-05,0.00527859270254052
8439,2.433770314382855e-05,0.005218312739120927
8440,2.1995248971506953e-05,0.005447372506516958
8441,1.9144034255684042e-05,0.005280370488238646
8442,2.147759805666283e-05,0.005434311135795937
8443,2.3850329307606442e-05,0.005271098352165359
8444,2.0864747542267046e-05,0.005412550953016698
8445,2.3611420814025527e-05,0.0051854034836066355
8446,2.70861358634041e-05,0.005440182840228298
8447,2.3553996895013065e-05,0.005266523049607851
8448,2.0908076112391428e-05,0.005453344101592768
8449,2.2518817725843595e-05,0.005079107020187807
8450,3.679495008933979e-05,0.006021476544069442
8451,4.4647878773200016e-05,0.00509080205389097
8452,2.7410538435409157e-05,0.005583270433854464
8453,2.9511356115108355e-05,0.005104276784954386
8454,2.694168773208124e-05,0.005696966334611003
8455,3.217060681587706e-05,0.005116926414935648
8456,2.6796734164236114e-05,0.005693371459768203
8457,2.62189982701481e-05,0.00530529534988846
8458,4.3983006617054346e-05,0.005666107930548009
8459,5.9006370429415254e-05,0.0052069379285669595
8460,4.437042941087081e-05,0.0050013170836967205
8461,3.598111531270357e-05,0.005833691868342851
8462,3.798352093629849e-05,0.0043523482772744974
8463,9.227285142211864e-05,0.006417717095341925
8464,5.3173727549922964e-05,0.004911131317433166
8465,4.914779880588564e-05,0.005351601558606745
8466,4.37183549972057e-05,0.005152848585949917
8467,4.269536269324211e-05,0.0054568733171728705
8468,4.551190965382072e-05,0.005241150770006886
8469,4.899726821652924e-05,0.005545706476278233
8470,3.973233348612363e-05,0.005235794437395637
8471,4.336854253779165e-05,0.005436818255656208
8472,4.170978524295303e-05,0.005121893119420965
8473,2.620381261901154e-05,0.005263641733970297
8474,2.3068886609204734e-05,0.00540262011573541
8475,2.1383847100272155e-05,0.004919446147168164
8476,2.0567491810652426e-05,0.005352888457315064
8477,1.9637323202914558e-05,0.005262167021095731
8478,2.3813117635048306e-05,0.005249366408100962
8479,2.4522928773270298e-05,0.005325192779613038
8480,2.8646530699916185e-05,0.005336769455866834
8481,2.6575306643887114e-05,0.0053338400443623726
8482,3.4083672532384904e-05,0.005209952146165503
8483,4.041603994361746e-05,0.005507859820772332
8484,3.589496676189204e-05,0.005158864905273444
8485,3.0168773567614455e-05,0.005447481227534883
8486,2.8997471478457252e-05,0.005237148936983601
8487,2.9230257981301597e-05,0.005482565840857365
8488,2.531733480282128e-05,0.005275469310091515
8489,2.510905651433859e-05,0.005451165872887431
8490,4.58271451255617e-05,0.005201847591563005
8491,4.4805826716280234e-05,0.005543022216038985
8492,3.599893316277303e-05,0.005669611716528603
8493,4.491774016059935e-05,0.005841920591416981
8494,4.3441575204875944e-05,0.005521991811808449
8495,3.756737266182124e-05,0.0057572033841772905
8496,4.3724346566402045e-05,0.005390968131192835
8497,4.451720184685352e-05,0.005438172778561276
8498,5.006310845298382e-05,0.005150774955134757
8499,3.6554632242769006e-05,0.005826455655328014
8500,4.315471063212802e-05,0.004881466522132733
8501,3.5230627327109686e-05,0.005632639599130734
8502,3.998572065029293e-05,0.0050709783537000175
8503,3.3675685457031554e-05,0.005416873110627091
8504,4.353230130315448e-05,0.005216109694889883
8505,3.9405391726177184e-05,0.005721991030398582
8506,3.36314781937593e-05,0.005406012238828433
8507,3.2480579344943784e-05,0.005672638305552761
8508,2.245061817423751e-05,0.0054483479847083115
8509,3.5338267722787955e-05,0.005531430043271955
8510,2.9016062884087055e-05,0.005582160970307778
8511,3.119871447173258e-05,0.005475178921911103
8512,4.4192626228323205e-05,0.005603642667724059
8513,6.075232352789802e-05,0.0058466749039767256
8514,0.0001073844832717441,0.005061512955321286
8515,7.45487084107784e-05,0.005903845764587671
8516,0.00010159045899248061,0.005544271195689979
8517,0.000174476440588478,0.005195985748010486
8518,0.00010358431463828311,0.0054696501449558255
8519,0.00011540260748006403,0.005532282707894123
8520,6.160737308770573e-05,0.005177652702189585
8521,6.661948670322696e-05,0.005301352354087894
8522,5.150067906167048e-05,0.005597711125475883
8523,5.708366467539842e-05,0.004799275858496582
8524,3.365887253797458e-05,0.0053836592961217095
8525,3.940878329255308e-05,0.005189934748494507
8526,2.5230006334216643e-05,0.005303369449180611
8527,2.7645710846021152e-05,0.005098218035309614
8528,5.909180423865716e-05,0.005448030022977802
8529,4.325687162539301e-05,0.005088097427437921
8530,5.438995867734775e-05,0.005539276955406895
8531,3.586598104448058e-05,0.005468266579044754
8532,4.320322423154721e-05,0.00557377985532243
8533,3.636720927412777e-05,0.005133865391277322
8534,4.943162081569123e-05,0.005381390527952789
8535,8.938303459823752e-05,0.004798840164283171
8536,0.00019970998109783978,0.006632952874646201
8537,0.0004193184874263049,0.004407608123191181
8538,0.0007309931136357287,0.006178939015514692
8539,0.0016442370018921793,0.005992596753197586
8540,0.0008882172017668685,0.003771153938335677
8541,0.00042700366078255076,0.0090900993584628
8542,0.000810355866754738,0.003769769163105136
8543,0.001102662563789636,0.0043763642353196325
8544,0.0006336294929496944,0.006987610469675726
8545,0.00038564587011933325,0.002846533390649115
8546,0.0007605878558630745,0.006771205377095101
8547,0.0007653154626799126,0.0038710426951401827
8548,0.0005017436109483242,0.003553041245050358
8549,0.0003608843505692979,0.006462620013687564
8550,0.0006313116968764613,0.003573223860167295
8551,0.0004945743130519986,0.004106635723415523
8552,0.00017816966186122348,0.0046928600206963
8553,0.00023691096381905178,0.005228239125218134
8554,0.0001966228592209518,0.0032689020431914354
8555,0.00021983582021978994,0.0043621603763738526
8556,0.00015571650583297015,0.004076269579838896
8557,9.456088203781594e-05,0.0035090714068698684
8558,7.302192971110344e-05,0.0047187355336085045
8559,6.458868883782998e-05,0.0037134372045787064
8560,7.245129090733826e-05,0.00415774057748624
8561,5.095978315997248e-05,0.0054607599420876006
8562,7.198463354143314e-05,0.003434070444200188
8563,0.0001542397459464458,0.004280885345879833
8564,7.464210842348015e-05,0.0052481224863893455
8565,4.9908313546135714e-05,0.0037795017971738913
8566,5.733922019620271e-05,0.004162921977354682
8567,3.1422859804782396e-05,0.004488825704085461
8568,2.3152785191390044e-05,0.004243789088220624
8569,2.6411319898519043e-05,0.004290119658036386
8570,3.150863194605336e-05,0.004388652401513349
8571,2.7959546059719287e-05,0.004106494296500078
8572,3.4681045508477834e-05,0.0043311803581258445
8573,2.2136415160881977e-05,0.004669758751280388
8574,2.705208765595065e-05,0.0040598236183004115
8575,3.151470276255471e-05,0.004324117402085893
8576,2.1649785170059963e-05,0.004497338702823226
8577,2.3625922767678276e-05,0.004086059710141598
8578,2.5444175359249737e-05,0.004560443552957074
8579,2.438728588458616e-05,0.00441953876499653
8580,2.2081011168969176e-05,0.004355318414058253
8581,2.2676660228171387e-05,0.004470764578671374
8582,2.1212510425054158e-05,0.004379457825786646
8583,2.4496011368076626e-05,0.0043322778683379075
8584,3.387528922758065e-05,0.0045684476441578475
8585,3.626410471042618e-05,0.004373773589678522
8586,2.597236719642145e-05,0.004277208455762014
8587,3.47960810662092e-05,0.004456515287454867
8588,2.5778787918776894e-05,0.004120078644162447
8589,2.6682910781043272e-05,0.0044431557132704564
8590,2.6493823679629713e-05,0.004497224515731506
8591,2.5860348735780765e-05,0.00413649968261019
8592,2.556204708525911e-05,0.004565534236356181
8593,2.4636554129150076e-05,0.0044086370086134
8594,2.4008227046579123e-05,0.00444338738384564
8595,2.0088048768229782e-05,0.0044682667170629475
8596,1.8564073373757615e-05,0.004369916309253994
8597,2.0597016919055024e-05,0.004448611737904275
8598,1.9157921633450316e-05,0.004435460098844828
8599,2.11715330806328e-05,0.00443546006003972
8600,2.005222122534178e-05,0.004374936797958391
8601,2.2565509061678314e-05,0.004427627627656125
8602,2.2845043470927825e-05,0.004452296109238302
8603,2.4741859184966113e-05,0.004414078829216374
8604,2.2551532614064247e-05,0.0045037131326964765
8605,2.0334253955904085e-05,0.0043893584580574595
8606,2.0301899227585332e-05,0.00453262059160982
8607,1.9288288967800327e-05,0.004416282882380207
8608,2.3356100185386217e-05,0.004430606279778158
8609,2.0930015913715276e-05,0.004492345321528635
8610,2.1814416565272648e-05,0.004423247236004154
8611,2.1488953158647443e-05,0.004495644976646362
8612,2.1093306713737547e-05,0.004408218640539991
8613,2.0600502102752218e-05,0.004452175585000247
8614,2.349505618136997e-05,0.004485258083363004
8615,2.2700039698975162e-05,0.004457804014938965
8616,2.1696949897886952e-05,0.004321791045265599
8617,3.0482950023724698e-05,0.004534758339780356
8618,3.525889114825986e-05,0.004406096871223366
8619,2.669165575449976e-05,0.0044647522327865945
8620,3.351457417011261e-05,0.004272192011298666
8621,2.956350350965901e-05,0.004557497505635045
8622,2.5747863886257014e-05,0.004477021164241743
8623,2.229103714247079e-05,0.004369308504858735
8624,2.231332109658979e-05,0.004590906996255447
8625,2.499100131293138e-05,0.004480937193556313
8626,2.6099195383721963e-05,0.004443168139755072
8627,2.5333891365638313e-05,0.004515745186884152
8628,2.2086003203488264e-05,0.0045137686991236275
8629,2.302173040031145e-05,0.004498591235354107
8630,2.4200740396433198e-05,0.0044512366413068
8631,2.3492478309587265e-05,0.004579885063518645
8632,2.411652882680452e-05,0.004582654641211381
8633,2.728020093248536e-05,0.004521081554608104
8634,3.439081277368435e-05,0.004383371534113287
8635,3.016383137340502e-05,0.004719389571565917
8636,2.5623851252021267e-05,0.004469771882415646
8637,2.3105940029684766e-05,0.0044981171155746005
8638,2.1703876685326882e-05,0.004551293937031899
8639,1.932257946464233e-05,0.004464747275774536
8640,2.1703952127912393e-05,0.0045626046778007865
8641,2.1238353171308214e-05,0.004472693822575374
8642,2.166363525854346e-05,0.0045598364034831005
8643,2.0586870232364162e-05,0.004417052645337011
8644,2.2233036482551445e-05,0.004522714016711263
8645,2.2820932341952962e-05,0.004575022811829848
8646,2.1584042406175287e-05,0.00446558742796218
8647,1.9923318419993544e-05,0.0046421571992806086
8648,1.8761073503507455e-05,0.0045011993558881315
8649,1.9940515145814666e-05,0.004503348715295634
8650,1.8577029065151387e-05,0.004587171760276069
8651,1.9595011569132718e-05,0.00448787640351312
8652,2.0523397203457232e-05,0.004524186458806262
8653,2.2427254407375585e-05,0.004609754330162722
8654,2.2462876950157805e-05,0.004464134766600416
8655,2.1441671257586374e-05,0.004484125720377881
8656,2.253591361901878e-05,0.00456018656545335
8657,1.7726128862705082e-05,0.004482977386708344
8658,2.1604803623631597e-05,0.004596382002543647
8659,2.5404286255555537e-05,0.004579728292927626
8660,2.580941121171539e-05,0.004316552364803872
8661,2.5659350649220868e-05,0.004990783485322537
8662,2.7903983451930495e-05,0.004424395813396996
8663,3.130195254925638e-05,0.004621373780877792
8664,2.4574308251127757e-05,0.004522402277243547
8665,2.2210120126449812e-05,0.004352880322867296
8666,2.6540235679325028e-05,0.0046049077499505375
8667,1.9591338908261e-05,0.004606066102145664
8668,1.7935096426905753e-05,0.004477922942173499
8669,2.173800730815856e-05,0.004680806078215549
8670,2.4659700162980395e-05,0.0045126658395934875
8671,2.3002992869199564e-05,0.004429281463884689
8672,2.001172445792084e-05,0.004646368516739784
8673,2.0900591334793716e-05,0.004484500561885764
8674,2.4224745902756695e-05,0.004507791368721042
8675,2.3631479173976307e-05,0.004650306127480727
8676,2.3876955189431708e-05,0.004481007510453071
8677,2.7444114433213448e-05,0.0044772804247376055
8678,3.120615389586116e-05,0.004775290489087851
8679,3.35024828624834e-05,0.004448769383652582
8680,2.3362676862840696e-05,0.00457237331381841
8681,2.1255313428506875e-05,0.004553394219892546
8682,2.6035229529952632e-05,0.004541331011841444
8683,2.0298094750614836e-05,0.004521698728734791
8684,2.3349734874500427e-05,0.0046202909886940485
8685,2.042761019159419e-05,0.004497125691717915
8686,2.404287345901442e-05,0.004488329167548589
8687,2.1720726969457853e-05,0.004648401060179747
8688,2.2697620382435466e-05,0.004403757387894745
8689,2.1996718714945018e-05,0.004632396065924121
8690,2.2671503393212335e-05,0.004569420347954228
8691,2.0742810011142866e-05,0.004410105080538489
8692,2.2184446182412407e-05,0.004646895673910254
8693,2.1478510704279566e-05,0.004596542532294335
8694,1.7759568436304107e-05,0.004531618305727055
8695,2.1302369229185086e-05,0.004608027511058451
8696,2.123265221598558e-05,0.004581287449289778
8697,1.9832408239987367e-05,0.004577532420152722
8698,1.9453650020295753e-05,0.004562910954768862
8699,2.0526482027586706e-05,0.004610413926441157
8700,2.064624162206504e-05,0.004606943067615274
8701,2.0552381950741013e-05,0.004614684688218744
8702,2.2436170305203025e-05,0.004482823065945018
8703,2.1257719223892004e-05,0.004763942547156122
8704,2.074085823551286e-05,0.004504546861447481
8705,2.247178927063942e-05,0.004673131531559214
8706,1.9581688078081547e-05,0.0046926194673257045
8707,2.1774371756085505e-05,0.004421709212597068
8708,2.2466911953718712e-05,0.004647646959849269
8709,2.1927161530281106e-05,0.004680807499367504
8710,2.2397709350722532e-05,0.004490989190594386
8711,2.262957423226908e-05,0.004586508546272369
8712,2.3150341318493397e-05,0.004706238223204378
8713,2.5290928897447883e-05,0.004398016794857008
8714,2.401701943502606e-05,0.0049391292305853846
8715,2.8054166371778895e-05,0.004309095698272624
8716,3.311131974138941e-05,0.004804569541283322
8717,4.451723701398199e-05,0.004421609867437694
8718,4.524321072191621e-05,0.004799690981237599
8719,8.373061864404008e-05,0.004364081400062628
8720,7.488747651223094e-05,0.004662351723629655
8721,4.204784587879355e-05,0.004762134061682403
8722,3.31908823379005e-05,0.004344356623451002
8723,2.775461907731369e-05,0.0046549975403655346
8724,2.8101975234070173e-05,0.004247940173175197
8725,2.868246471431727e-05,0.0046070372881177185
8726,2.6572566275717692e-05,0.004395962061363202
8727,2.492826412587116e-05,0.004572206668689171
8728,2.028761640152273e-05,0.0044345995501481675
8729,2.099344843979149e-05,0.004541290212866486
8730,2.265237247532544e-05,0.004441372204329601
8731,1.974635485263813e-05,0.004542834674177027
8732,2.31179724020573e-05,0.00447173287570531
8733,2.4477700208080932e-05,0.004508955343571977
8734,2.143659645904942e-05,0.00448289997358289
8735,2.1351065273241452e-05,0.004580119452153316
8736,2.028787269712969e-05,0.004515226260821569
8737,2.0052798208780587e-05,0.004653699988804278
8738,2.0805784030623422e-05,0.0045097218676639055
8739,2.1922480785481944e-05,0.004666504195526416
8740,2.1051655373109195e-05,0.004492045460508493
8741,2.0459736272944914e-05,0.004522121854858985
8742,2.0008290933522708e-05,0.004541782759795815
8743,2.4670771502618057e-05,0.004556591900975079
8744,2.2302208283993725e-05,0.004579377032160127
8745,2.1556685533141716e-05,0.004508268955941122
8746,2.702691078108425e-05,0.004591082368449074
8747,2.590778227992511e-05,0.004551301911992037
8748,2.8687935749379297e-05,0.004456155357490245
8749,4.2589291115291414e-05,0.004718883914126857
8750,5.5610564110490183e-05,0.0046707025575260935
8751,6.964931211162669e-05,0.004366021914297323
8752,5.53786590899108e-05,0.004789938458870573
8753,5.04853679255272e-05,0.0042002750815938045
8754,3.4288460422734106e-05,0.004978063695366924
8755,4.835370054934174e-05,0.004635670227788345
8756,9.036836224064851e-05,0.004266284628633725
8757,7.368530690049132e-05,0.005353715154001958
8758,4.582598097234343e-05,0.004153384958810516
8759,5.126893714380761e-05,0.005067274354300217
8760,3.79972072551027e-05,0.00426933682239097
8761,3.0009865228445656e-05,0.00485327514228874
8762,3.0247075907633796e-05,0.004477279000351892
8763,2.7344967020326293e-05,0.004535795868870023
8764,2.3535411128250416e-05,0.004637408650640878
8765,2.839610266770857e-05,0.004517043134836175
8766,2.696693724525782e-05,0.004569394802279792
8767,2.5515023662592284e-05,0.004477989715551249
8768,2.958461257852226e-05,0.004722851641035001
8769,3.180797733269476e-05,0.0043205135939840215
8770,3.0423245819595954e-05,0.0048218705175357346
8771,4.135691779083572e-05,0.004266449223134302
8772,3.641715957201086e-05,0.0047496315847526775
8773,3.5357023686325796e-05,0.004388890726483639
8774,2.7328818032401613e-05,0.004603070760763942
8775,2.464849312673323e-05,0.004564524473171757
8776,2.8983196534682067e-05,0.00473272909338134
8777,4.2895530835570143e-05,0.004543517490546627
8778,7.346074150215524e-05,0.005014208764959759
8779,6.956259409586588e-05,0.004182213890823748
8780,5.195727687047717e-05,0.0048902714985820375
8781,3.886015620082617e-05,0.0042210905724177844
8782,2.7050389811241378e-05,0.00462277823438247
8783,2.79570608351302e-05,0.004257487373634879
8784,4.708603337348905e-05,0.004636084425674305
8785,3.9470424235332756e-05,0.004310762460346263
8786,3.6620275265401386e-05,0.0045852442064366105
8787,4.535803091130219e-05,0.004324297414553401
8788,5.798144641933807e-05,0.004768832363746515
8789,3.537830968222503e-05,0.004172741401598827
8790,3.0064775152519967e-05,0.00483296051817505
8791,3.5702562066338335e-05,0.0045128842509060295
8792,3.8801950237636146e-05,0.004672534780832803
8793,2.548170317216621e-05,0.004577624843365987
8794,5.800264383045336e-05,0.005559984290950567
8795,0.0001655546780966688,0.004764554529461556
8796,0.0003186807948319862,0.00603950195891336
8797,0.0007485320694589366,0.004267435185427435
8798,0.0020217497483827175,0.007276026544308192
8799,0.0008712292784669747,0.00523359773882082
8800,0.000737451280777653,0.005532941614658563
8801,0.0004779240620943407,0.004895175955590536
8802,0.00023153691630189616,0.0034554960932555384
8803,0.00016118404649508497,0.006540923937610541
8804,0.0001601834170287475,0.0035853413718600065
8805,0.00015619508145997923,0.004934936857166869
8806,8.074879879131913e-05,0.004299723753591248
8807,4.300865111872554e-05,0.0037619984185878644
8808,4.316658936052893e-05,0.0045243262038266625
8809,3.521200572625579e-05,0.003676918578982266
8810,3.422034988034284e-05,0.004163942841693149
8811,2.8102051874157042e-05,0.004276876904925451
8812,4.423839212298238e-05,0.004029293520081984
8813,4.320047495032971e-05,0.0042855590571682055
8814,3.6668313017192605e-05,0.004374335207145835
8815,2.791796529587979e-05,0.004315443195018656
8816,1.925349558102122e-05,0.004296523745223466
8817,1.857494692861413e-05,0.00436782293302165
8818,2.4090587976388635e-05,0.004184226074517427
8819,2.7910595235880464e-05,0.004324853826690008
8820,2.742441101872828e-05,0.004189486743008162
8821,2.4491900452024613e-05,0.004274725065054644
8822,2.0527896534379882e-05,0.004227981847514839
8823,2.2028276362107135e-05,0.004306174054597532
8824,2.1878004675575844e-05,0.004279170879734713
8825,1.9986723176164865e-05,0.004246727225087496
8826,2.0900381938796877e-05,0.004296504001933755
8827,1.969527641752696e-05,0.0043120229649439195
8828,2.2619563848517523e-05,0.004289581259298656
8829,1.8075688907022898e-05,0.004316810096752944
8830,2.305663341151861e-05,0.004317183094167243
8831,2.3609948038938454e-05,0.004287294197585216
8832,2.384349403049176e-05,0.004316074646701655
8833,2.4518037874562046e-05,0.004186518417810204
8834,1.835755641271438e-05,0.00431596412771376
8835,2.1583707712125034e-05,0.004240462149027735
8836,1.8505618936615064e-05,0.004263108650328624
8837,1.8018790675948064e-05,0.004291890375588459
8838,2.4640790070407092e-05,0.004281246220782856
8839,2.3243345882898817e-05,0.0042950315237568135
8840,2.3677320617328707e-05,0.004319985615013287
8841,2.163643718328482e-05,0.004390959718811996
8842,2.151251367952985e-05,0.004230807625895573
8843,2.1652156647178344e-05,0.004415557784101877
8844,2.103594548922653e-05,0.004209480729711117
8845,1.963833310583141e-05,0.004432003550934033
8846,2.3553871506010184e-05,0.00430830227611423
8847,2.1736667955944238e-05,0.004299172074656542
8848,1.9449859246378763e-05,0.004356640577248205
8849,2.0569747236246863e-05,0.00435454983703999
8850,1.9790937464373808e-05,0.0042760857995000415
8851,1.8480855942470953e-05,0.0043231727206829
8852,1.772240927190675e-05,0.004317376261566117
8853,2.2226371159680034e-05,0.004368245299723086
8854,2.015260167051262e-05,0.004323154683456326
8855,2.2250267405373356e-05,0.004248561545231581
8856,1.954365276712148e-05,0.004388905374050053
8857,1.826736721947479e-05,0.0043364703816590475
8858,2.0912645049975252e-05,0.004321587568132631
8859,2.0536494897290444e-05,0.004355687604146895
8860,1.9147543510674345e-05,0.004347239251994686
8861,1.963985293211105e-05,0.0043457068954948445
8862,1.8970659706004275e-05,0.004378018105247368
8863,2.007511999787918e-05,0.004404574097883043
8864,1.885637460266783e-05,0.004346743131080936
8865,2.084328201211368e-05,0.004388376034602893
8866,2.4263793602585792e-05,0.004342031798581457
8867,2.1437327814055606e-05,0.004441543487009554
8868,2.1191199994063937e-05,0.004296391510693302
8869,2.334490891371388e-05,0.0044120348433757
8870,2.849176429056873e-05,0.004304778666510546
8871,2.1955734700895847e-05,0.0043010744640647235
8872,2.0926953341889507e-05,0.004469893329466383
8873,2.246498224849347e-05,0.004285192543610778
8874,2.0331701731871967e-05,0.004343676603431895
8875,2.00097749257111e-05,0.004397145344478171
8876,1.95853273908142e-05,0.0044037559892089045
8877,2.048477811816459e-05,0.004323058784122399
8878,1.9182120862145288e-05,0.004417171423685634
8879,2.1670634305337443e-05,0.004343116881287717
8880,2.1249259225442076e-05,0.004359846437017689
8881,2.095555980001033e-05,0.004334462697655834
8882,1.778884119024345e-05,0.004347915061319258
8883,1.7720817777444608e-05,0.0044273025668035565
8884,2.1161841626356667e-05,0.004364342597920491
8885,2.160095718863886e-05,0.004361129430536594
8886,1.9500239795888773e-05,0.004461135872849399
8887,2.00149569233569e-05,0.004353619727635571
8888,2.0416720508364962e-05,0.004404379902489222
8889,2.170158550143242e-05,0.00440699814843308
8890,2.423002885431439e-05,0.004299845957681972
8891,1.8876629474107177e-05,0.0044832903648759324
8892,2.146434392974091e-05,0.004318088727080051
8893,2.080165237809221e-05,0.004455373585373926
8894,1.8849461654705615e-05,0.004460208346026988
8895,1.995841351648172e-05,0.004355036163748901
8896,1.888608458102681e-05,0.004461837885833253
8897,2.1157096731864537e-05,0.004336523075931166
8898,2.0447537463041953e-05,0.004504992764467667
8899,2.1723304598708637e-05,0.004381610754583227
8900,3.089618015413483e-05,0.0043923483469812145
8901,3.391820428078063e-05,0.004572766058266773
8902,3.0416869655406724e-05,0.004282372020258519
8903,2.4169257327836626e-05,0.004617915850279755
8904,2.9354733851505443e-05,0.0044061120372123974
8905,3.022902219527168e-05,0.004595409344190089
8906,2.930347788302849e-05,0.0044769045068985885
8907,2.2578228526981548e-05,0.004396249220348426
8908,2.3185027869961536e-05,0.004766694397382351
8909,2.4813364749813142e-05,0.0041743238275797154
8910,3.147430549385414e-05,0.004652559685409178
8911,3.352715769627442e-05,0.004290677100380513
8912,2.933861833298579e-05,0.004530315589001783
8913,2.5280288051969062e-05,0.004433994603544822
8914,2.3220624522461247e-05,0.004443447303016022
8915,2.2913688735570758e-05,0.004503131829125926
8916,2.3792704208365952e-05,0.004366881439764576
8917,2.3090289566122617e-05,0.0043829412196833666
8918,2.108357609055626e-05,0.004530201698054304
8919,2.0454393112837958e-05,0.004308841140853644
8920,1.991932513192296e-05,0.004508006725492969
8921,2.3647871421417223e-05,0.004443522151600439
8922,2.3329695492672422e-05,0.004176265255947003
8923,2.396110260936742e-05,0.00476301649152383
8924,2.718493318146405e-05,0.00424708108749916
8925,2.5316904066130518e-05,0.004476199784024744
8926,2.196202185587026e-05,0.004521352194020884
8927,2.44016372259163e-05,0.004312926933662258
8928,2.1924301715140853e-05,0.004518922786323669
8929,2.4123753246385603e-05,0.004286288822952069
8930,2.148002095054835e-05,0.004527848312285408
8931,2.838882428477518e-05,0.004354672857739946
8932,3.478073316121784e-05,0.004504783369896236
8933,3.563602428281835e-05,0.004387466238650945
8934,3.305340020839746e-05,0.00440559207039003
8935,2.65593571991e-05,0.00456303473608296
8936,2.7921907561297608e-05,0.004549725424724343
8937,3.536533489144252e-05,0.0044995498219205406
8938,3.7385749358994265e-05,0.004410381266528643
8939,2.8615735936909913e-05,0.004542626825172171
8940,2.31654759166607e-05,0.004235719777207974
8941,3.754828164043526e-05,0.0045496638529329446
8942,2.492500061634928e-05,0.004328245551690285
8943,2.6177029333969888e-05,0.00453052578333286
8944,2.8433793825873484e-05,0.004355981419059007
8945,2.9219593125162645e-05,0.004420923646090128
8946,3.361844452835309e-05,0.0044849547138846105
8947,2.3100113927891168e-05,0.004259387684757249
8948,2.619660566172873e-05,0.0044837840192826
8949,1.9783518655458466e-05,0.0044409264442755985
8950,2.6642049003082018e-05,0.004690752296275541
8951,3.237267180035512e-05,0.004118796923382981
8952,4.0206413541454825e-05,0.00464222194151735
8953,4.80008765104382e-05,0.004248230958055182
8954,6.81053412942371e-05,0.004374905907050625
8955,6.957438308745623e-05,0.00500654495540429
8956,4.442348921050628e-05,0.0039681021497878985
8957,3.205662008743578e-05,0.0046761435516483605
8958,3.7305568306085964e-05,0.003926813568407942
8959,4.145960750368734e-05,0.004805976287693287
8960,6.545800242747646e-05,0.00371083425533582
8961,0.00010759649449028074,0.004343644256651815
8962,0.00010793835147827243,0.004585399702245816
8963,7.499934824105973e-05,0.0036655133008025587
8964,7.009764352308897e-05,0.004969575257198504
8965,6.901205779286101e-05,0.003499410731638972
8966,9.822187615403285e-05,0.005355743442155551
8967,7.82436477796485e-05,0.004076897004641026
8968,4.261412056318174e-05,0.004354593306248844
8969,3.234789583075326e-05,0.005239443828308225
8970,5.099237132526469e-05,0.003581718117378554
8971,5.743731320156561e-05,0.004620754988510053
8972,5.710370096494444e-05,0.0039374973469724255
8973,5.6633709755260496e-05,0.004176939211476714
8974,5.3184301456591736e-05,0.004741214051003954
8975,4.596049523873565e-05,0.003879670072101841
8976,2.768292785428154e-05,0.004657681072498427
8977,2.570655239348222e-05,0.004048619379169629
8978,2.7318308760489647e-05,0.0044304365009663095
8979,2.7290493138328507e-05,0.004117452312800053
8980,2.1799294214967326e-05,0.004208760588615044
8981,2.292183999088593e-05,0.004220798473780681
8982,2.293986308359308e-05,0.004202101064426552
8983,2.151881253666943e-05,0.004211798588553313
8984,2.7542904596581745e-05,0.004196009255213151
8985,2.6857396975780526e-05,0.00413442933516664
8986,4.045269258009891e-05,0.004346864696929765
8987,3.55444918871702e-05,0.0040289566151618045
8988,3.860659417114221e-05,0.004464257413886313
8989,2.9492272733477876e-05,0.0041680063950905455
8990,2.8343887242954226e-05,0.004369569903209653
8991,3.223090437434924e-05,0.004092746640777498
8992,3.2814545799434804e-05,0.0044493664295020465
8993,2.610164156067185e-05,0.004274946727656504
8994,3.2900081472083305e-05,0.004333773062480014
8995,2.4567547613211596e-05,0.004339946777361026
8996,2.2082795961371934e-05,0.004338513697601027
8997,2.408127062759983e-05,0.004330862410691953
8998,2.4935869199301426e-05,0.004244821288075559
8999,2.104804225382395e-05,0.004198067961635112
9000,2.1236533211776986e-05,0.004242826858739646
9001,2.260532516326445e-05,0.0042348563359990415
9002,2.1555941445209706e-05,0.0042312040595522925
9003,2.4962083504457647e-05,0.004287143107857664
9004,2.130858507977488e-05,0.0042707483282133024
9005,2.2988746544190992e-05,0.004336491856541572
9006,2.660885559938227e-05,0.004394302456789481
9007,2.2662836348293542e-05,0.004256432783403243
9008,2.0686289159736284e-05,0.004452107302988852
9009,2.140122523996979e-05,0.004289240394895951
9010,2.1401796645174423e-05,0.004243111220863784
9011,2.0014754166671386e-05,0.004342983570937013
9012,2.6048451400129124e-05,0.0044545800239937
9013,3.698274692093643e-05,0.004232609464973483
9014,3.084484281619856e-05,0.004504198616245293
9015,4.6178106761847935e-05,0.0041616562646180555
9016,3.2592154214701924e-05,0.0044423817981671734
9017,3.896485359291546e-05,0.004115920356265133
9018,5.9375097528876115e-05,0.0043246261894632106
9019,4.4755087825857726e-05,0.004201032275525303
9020,6.451023521852524e-05,0.004667489835720139
9021,6.393422227120027e-05,0.004270838103318391
9022,5.071966928274681e-05,0.004468992173437531
9023,4.248078876116779e-05,0.0043029494349414495
9024,3.962491440082279e-05,0.004396464040146171
9025,3.901153516684038e-05,0.004347518930444494
9026,3.8241267005408494e-05,0.0045520383027267824
9027,5.405380628265751e-05,0.004336272671679852
9028,3.511346634089326e-05,0.0043551548505310865
9029,2.8705799680513642e-05,0.004373953359443912
9030,3.065632572543109e-05,0.0040860828150088265
9031,3.056681125599425e-05,0.004386818827686788
9032,2.2813223768025637e-05,0.004259042112001528
9033,2.0666388688065734e-05,0.004473930161462672
9034,2.1271790804651875e-05,0.0043503750443774445
9035,2.0173466085301093e-05,0.004391384098953867
9036,1.9184617607000594e-05,0.0043967170753156795
9037,2.096412620934037e-05,0.0043150779785389596
9038,3.065552931123723e-05,0.00435490806843018
9039,2.6729420157304654e-05,0.004337634177461855
9040,4.531002299093719e-05,0.004649576311658698
9041,4.5469385440810584e-05,0.004163346078031702
9042,4.051896006179353e-05,0.004648780414142934
9043,4.7132157002730914e-05,0.004386732072572153
9044,6.197627808433027e-05,0.004593056449612156
9045,8.002554871685182e-05,0.004511741828377636
9046,8.062487492376628e-05,0.004327178947703793
9047,4.7621039539080814e-05,0.004202701983383138
9048,4.364083045705532e-05,0.0045421728775809295
9049,4.83789013136023e-05,0.0041440914926079665
9050,4.439562859867389e-05,0.0042657406036660335
9051,3.2513313393186156e-05,0.00412900816500786
9052,3.668358476716094e-05,0.0041922037312706485
9053,3.0358827158731096e-05,0.004145830889417632
9054,2.4751226737862454e-05,0.004346585006736306
9055,2.9175124412480122e-05,0.004128642237952186
9056,2.818530883814674e-05,0.004403224881746594
9057,3.824658536662658e-05,0.004074957080822634
9058,3.4926847729366275e-05,0.004446748278188187
9059,3.742432745639235e-05,0.003879957810610707
9060,3.320078794786241e-05,0.004718452790746607
9061,3.216385084670037e-05,0.004029882460429567
9062,3.317545063813062e-05,0.004220464153144487
9063,2.751576103037223e-05,0.004285748316994895
9064,3.2747590739745644e-05,0.004342242614815436
9065,2.8743573056999595e-05,0.004246611129397211
9066,3.200412587223885e-05,0.004356853456960784
9067,3.8058481247086697e-05,0.004353244273585665
9068,3.817362642924612e-05,0.004398083579808212
9069,4.530981629310797e-05,0.004578540771886467
9070,6.726425732874001e-05,0.00455345601804707
9071,9.515716956229881e-05,0.004080982321916878
9072,6.91547553287819e-05,0.005073574522090804
9073,8.389630966121331e-05,0.004467208340950582
9074,8.00695750513114e-05,0.004534822423691856
9075,4.277018573096332e-05,0.0037474160348827685
9076,4.31745533812015e-05,0.0045250608464594035
9077,4.168663969418655e-05,0.0037301539045851134
9078,5.720264355962475e-05,0.004423998425611191
9079,5.1210736273787916e-05,0.004407538064995138
9080,4.02098002571923e-05,0.0036485150351927053
9081,6.879078234002615e-05,0.004849978954441388
9082,8.163114932055274e-05,0.003616726219709227
9083,0.00013250445651162104,0.005633477170608546
9084,0.00020842064986936748,0.0036366493587534636
9085,0.00018089027726091443,0.003886343040217629
9086,0.00024286277087715765,0.0051378610085053315
9087,0.00025841719470918176,0.0036411456442410834
9088,0.00028348262906850626,0.006004109678106459
9089,0.00033105853265927483,0.007141168678604197
9090,0.00039377409654359023,0.005925137532491316
9091,0.0004937381279887631,0.007086142562656549
9092,0.000661919820898523,0.005017621192059273
9093,0.0008202393151198824,0.004643782253012235
9094,0.0009374422098820408,0.003729026499803434
9095,0.00037266546569298954,0.008929089536857709
9096,0.0018598815814281503,0.017633626771252058
9097,0.0029177057401587564,0.003589275416275432
9098,0.00270935936520497,0.005749124595187387
9099,0.0020059459066639343,0.005801494414400723
9100,0.0017480676372845967,0.0027155733578130385
9101,0.0010329223237931727,0.014462477170824134
9102,0.004564883526957904,0.004313634910037991
9103,0.0028388934830824533,0.0031053333789857695
9104,0.0016351276232550542,0.007652540736129148
9105,0.002722198764483134,0.005997630949976325
9106,0.0007460330671165138,0.002122129383811806
9107,0.0011076935295326015,0.0024103236259424197
9108,0.000571397979122897,0.005516801775591067
9109,0.0003721238172147423,0.0026565528384883677
9110,0.0003446952944311003,0.0021500354353610794
9111,0.0002963414575788192,0.004075771050625726
9112,0.0003095757740084082,0.0032595535508787247
9113,7.399809255730361e-05,0.002295027191516513
9114,0.00017246019706362858,0.002421814633113991
9115,6.235310574993491e-05,0.0033415309602819513
9116,6.937401049071923e-05,0.0027336790961654564
9117,3.514255416424324e-05,0.002514487965718696
9118,2.7926420443691313e-05,0.0029776799758046606
9119,3.0405362728439893e-05,0.003020971858253082
9120,2.6812934811459856e-05,0.0025229962768675814
9121,3.711771957265834e-05,0.0026503928347452604
9122,2.4316566123161464e-05,0.0030454506713635567
9123,3.030197428112539e-05,0.0030029264036348165
9124,2.295192704574826e-05,0.0026186390736341824
9125,3.5748093614529354e-05,0.0027733595962826795
9126,2.2986797072614234e-05,0.003066507637860221
9127,2.6155523422251765e-05,0.0029513339324151737
9128,2.256668813060969e-05,0.0027456718118458287
9129,2.500666402435551e-05,0.002853890799928173
9130,2.2486771922558545e-05,0.0030046553161725055
9131,2.006119781678232e-05,0.002927556328273961
9132,2.2171420278027652e-05,0.0028733764877216074
9133,2.233499496166284e-05,0.0028964940156264787
9134,2.204294602658289e-05,0.003025923571712746
9135,2.1166037913644687e-05,0.002948547064664376
9136,2.242319466555879e-05,0.0029107533396651956
9137,2.177028618461918e-05,0.002938351646332582
9138,2.1446714163175785e-05,0.002988761875026843
9139,2.198215588578023e-05,0.0029747649749512213
9140,2.0714240235975012e-05,0.0029931030500331642
9141,2.1416831865887314e-05,0.00296934911700739
9142,1.9794766194536352e-05,0.00300079470565706
9143,2.2108031286431164e-05,0.0030065980114925062
9144,2.1900781818355122e-05,0.0029994632098388077
9145,1.859042040450731e-05,0.003004353156460351
9146,2.0850378496106715e-05,0.0030240561181341693
9147,1.8525634853479763e-05,0.003027052903133962
9148,2.168511394605351e-05,0.003023022841607705
9149,2.1452658681179553e-05,0.0030286173330761534
9150,1.5909438540499348e-05,0.0030011888048802203
9151,2.1474949971889145e-05,0.0030168964240253407
9152,1.8814824215951376e-05,0.003027279329232937
9153,2.2833481731746968e-05,0.00301579798589466
9154,2.014997025980847e-05,0.002985816341702287
9155,2.1302009796878942e-05,0.0030474068422676527
9156,1.99133336233596e-05,0.003086472216759378
9157,2.046019623473209e-05,0.003032580304316283
9158,2.022532395737168e-05,0.003006899260986618
9159,2.1330743159827155e-05,0.0030685659798886083
9160,2.117110767964429e-05,0.0030876598586410025
9161,2.0999880992652226e-05,0.0030118998872628163
9162,1.7854522472286286e-05,0.003053066501127044
9163,1.9170068784054215e-05,0.0030734622027256595
9164,2.067974152547928e-05,0.0030221272701103437
9165,2.0068624265453158e-05,0.0030693108224778367
9166,2.0833082332198197e-05,0.003075642276375571
9167,1.9866598328614297e-05,0.0030927742703420204
9168,1.7999556196931128e-05,0.003080740446777611
9169,1.9810298059989388e-05,0.00306452531946213
9170,2.0840071132018543e-05,0.003062658876858717
9171,2.045600485871546e-05,0.003086933401843522
9172,2.0271181710995734e-05,0.0031247857436592207
9173,2.1848658434464596e-05,0.0030975394381199317
9174,1.683369894938854e-05,0.003045744105372905
9175,2.221588389753985e-05,0.003125733505643098
9176,2.0283026242395862e-05,0.0031568346829671
9177,2.0968719763914122e-05,0.0031104485214312086
9178,2.082442418516924e-05,0.0030890818050795655
9179,2.0332491112640126e-05,0.003101894884555443
9180,1.897265368218844e-05,0.003102521121376657
9181,2.028858131476833e-05,0.003109598865906833
9182,2.1361631418888767e-05,0.0031234612007630847
9183,1.7895940254675223e-05,0.0031033843539230396
9184,2.3063742749703426e-05,0.003140304254964321
9185,2.2113241963476565e-05,0.0031228464791872566
9186,2.1318829385563732e-05,0.0030656190703443266
9187,2.0269540254957973e-05,0.0031126061963647257
9188,2.2236615041038022e-05,0.0031451746632143508
9189,2.0678079575494242e-05,0.003128692338226788
9190,2.122643272741698e-05,0.0031270120093430127
9191,1.814789393392857e-05,0.003102221067352166
9192,2.1714480681112036e-05,0.0031313152932044533
9193,1.9172336639409574e-05,0.0031290851664124873
9194,2.022564713115571e-05,0.0031534006815044243
9195,1.8819031053377935e-05,0.0031466767799833584
9196,2.0152024808339776e-05,0.003146441901859702
9197,2.0298507054879642e-05,0.0031431306977974176
9198,2.042141459241975e-05,0.003161486205222815
9199,2.189821037366831e-05,0.0031855987165019745
9200,1.819691897253506e-05,0.003136865930136141
9201,2.0095041691092774e-05,0.003154214549869604
9202,2.058537162762756e-05,0.0031394230175289537
9203,2.0129105299323175e-05,0.0030957033475779256
9204,2.211948764549258e-05,0.0031572400761784563
9205,2.1091247253934854e-05,0.00330240210403868
9206,2.2215902329965805e-05,0.0031365927734973223
9207,2.1164604489361713e-05,0.0030134220325731135
9208,2.1143107126893786e-05,0.0031902684512880373
9209,2.1951963693330374e-05,0.0032807937622402537
9210,1.6704198120957395e-05,0.0031682642892259037
9211,2.038136068828559e-05,0.0031201045708975903
9212,2.0544918637218264e-05,0.0032452010898170068
9213,1.965463816304691e-05,0.0031751085144919697
9214,2.1918630833776356e-05,0.0030878684503892273
9215,1.823916415257069e-05,0.0031808634136792557
9216,2.1399310571723618e-05,0.0032056519613269043
9217,2.2384009935194626e-05,0.0031608840456090826
9218,1.9359213971862725e-05,0.0031559124632537018
9219,1.960853029837987e-05,0.003190624355392977
9220,2.0268181954937367e-05,0.0031819098073531662
9221,1.9753763505529303e-05,0.0031937606988763382
9222,1.589528195230135e-05,0.003206245503824052
9223,1.941849847450309e-05,0.0031859763609980675
9224,2.0313441200414673e-05,0.0031831007095445927
9225,1.8306826314073986e-05,0.003261766506751117
9226,2.1512562185913944e-05,0.0031084515057689353
9227,2.0731453059852355e-05,0.003192859716108886
9228,2.038794627878815e-05,0.0033684644187059886
9229,2.4876304572292914e-05,0.003247554301984107
9230,2.5781521738584464e-05,0.002955616218969226
9231,2.553153996511052e-05,0.0033842938467424514
9232,2.078200474594875e-05,0.0033315503962980638
9233,2.2879130604754512e-05,0.0031181483087674524
9234,2.184855754118568e-05,0.0031875505286394156
9235,2.3048073489917443e-05,0.0032670982284144614
9236,1.8189330512541345e-05,0.003227758228136172
9237,2.2686357018149767e-05,0.003239545163736619
9238,1.7826032975184112e-05,0.003195227336884634
9239,1.980735469260253e-05,0.003228371281773179
9240,2.0832199758539598e-05,0.003230849881751779
9241,2.0458597646211274e-05,0.003218943120064813
9242,1.8740570703812408e-05,0.00320112291752083
9243,1.9678197713801637e-05,0.003258524786637366
9244,1.813962226151489e-05,0.0032110002558346164
9245,2.2675778260842587e-05,0.0032180227150007735
9246,1.9836666130383188e-05,0.0031624280089207475
9247,2.174940139714939e-05,0.003210664872483116
9248,2.0492872378478446e-05,0.0032480666287956835
9249,2.2937896089085066e-05,0.0031918796386613307
9250,2.1527628147547753e-05,0.0031994435325542695
9251,1.7170120554510503e-05,0.003260999114650209
9252,1.914915822756787e-05,0.0032022109759661057
9253,1.9722277769081606e-05,0.0032071067259935608
9254,2.0924481456556048e-05,0.0032625905131207704
9255,2.201824505997744e-05,0.0031841891499138192
9256,2.029738449588573e-05,0.003227790241668883
9257,1.9762156928967062e-05,0.0033491948957838206
9258,2.1867451990450112e-05,0.00320338787155618
9259,2.1194493698809916e-05,0.0031783792686550633
9260,1.7287532439998662e-05,0.003286894198101319
9261,1.834015286779807e-05,0.0032742070177112495
9262,2.013516714214347e-05,0.0032037005893210744
9263,1.8253072994411923e-05,0.0032518634192062793
9264,1.676817531309401e-05,0.0032507097896607865
9265,2.000663571379846e-05,0.003213067984614216
9266,2.0437067966364945e-05,0.0032562099523809657
9267,1.75246546859853e-05,0.00325621191306007
9268,1.8377771387652803e-05,0.003230623913825386
9269,1.615113408964438e-05,0.00323640873106959
9270,1.911777338439909e-05,0.003251667888780609
9271,1.7982078134082258e-05,0.0032428176273668063
9272,1.9009606997618297e-05,0.003226500543716707
9273,1.982849425985478e-05,0.0032481579484461604
9274,2.0564206109459823e-05,0.003214181786503817
9275,1.9902291933249215e-05,0.003271522035833165
9276,1.824572561114716e-05,0.0032907420642025857
9277,1.5339539944155454e-05,0.00322054431614417
9278,1.6572707985081554e-05,0.003243806510169756
9279,1.876435405089675e-05,0.003293140640901674
9280,1.857437158226579e-05,0.0032834113120749505
9281,2.228837438451592e-05,0.0032475692984560906
9282,1.9223533187566014e-05,0.0032459045944147205
9283,1.954706252339141e-05,0.00326728747105117
9284,2.1739603107562287e-05,0.0032646276103741115
9285,2.1265604361057436e-05,0.0032509073110607765
9286,2.1150284010218456e-05,0.0032872997186206587
9287,1.757800140088269e-05,0.0032667605991322786
9288,1.9514891998066258e-05,0.0032581780497284267
9289,2.1053900733628932e-05,0.003265636206171557
9290,2.121473274504145e-05,0.0032517381321519
9291,2.034341887338087e-05,0.0033115061508540654
9292,2.0329912998325503e-05,0.003266411089019752
9293,1.7774125202170882e-05,0.0032561198673456125
9294,1.998236196717092e-05,0.003255042506174909
9295,1.973098081483234e-05,0.0032671761980868482
9296,2.141038166882936e-05,0.0032399839310422104
9297,1.7819888428978934e-05,0.0032472725404829486
9298,2.210652492067311e-05,0.003279925687565354
9299,2.0770156940367693e-05,0.0032328001164956487
9300,2.1458031551446765e-05,0.003191802399818464
9301,2.1440813300917703e-05,0.003300475329364928
9302,2.1354037138128963e-05,0.0032572281333803042
9303,1.9786785802959154e-05,0.003206128664709606
9304,1.9863561950235937e-05,0.0032435017198798035
9305,2.2337161741840342e-05,0.0032886008722489775
9306,2.222792960916801e-05,0.0032257583742547366
9307,2.7952352441692106e-05,0.0032486346368514525
9308,2.340493350250957e-05,0.003417182506446057
9309,2.5976188104929558e-05,0.003360412507018412
9310,3.08100148079878e-05,0.0033143180863637674
9311,2.342307404129921e-05,0.003460662188593908
9312,2.0179804171978805e-05,0.0033425787703422775
9313,2.2982430649184002e-05,0.0033309650617618963
9314,2.062472788869248e-05,0.0033152607601130524
9315,1.681990039893814e-05,0.003257731852265979
9316,2.0690464104215305e-05,0.0032790580727650146
9317,2.044854021126715e-05,0.003288996312971505
9318,1.9474875928911692e-05,0.0032541230276679043
9319,1.8404344033721523e-05,0.0032783795647835087
9320,2.119011551258154e-05,0.0032841070416949865
9321,2.017739049430626e-05,0.003335686508778548
9322,2.0226095997107527e-05,0.003380741891369485
9323,2.3923594926600345e-05,0.0032722801895953757
9324,2.6640148644219152e-05,0.0032983292159706095
9325,2.1465719328261912e-05,0.003391413201240289
9326,2.4715291753333684e-05,0.0032384318220619744
9327,2.2154353064252064e-05,0.0033745018204358237
9328,2.261183096076517e-05,0.003437429194049964
9329,2.1242638831608927e-05,0.0032674644049801673
9330,2.0729437043579916e-05,0.0033810526147561026
9331,2.117514050041791e-05,0.003412541203208987
9332,2.206199884919139e-05,0.0033386913369878126
9333,2.0058938207512256e-05,0.003291024575935818
9334,1.505832769908011e-05,0.003331830877571078
9335,1.9030834664590657e-05,0.003317489985877659
9336,2.106277412773731e-05,0.0033068053263691608
9337,2.1425056669007366e-05,0.0032966254253147375
9338,1.754441194255681e-05,0.003313547304943095
9339,1.7479135446289245e-05,0.003263759410093206
9340,1.9510627559308584e-05,0.0033678256291133617
9341,2.0223653943200286e-05,0.0033375674937661105
9342,1.9136191319072775e-05,0.0032649409330221253
9343,1.6579726555695136e-05,0.0033303339596652583
9344,2.1695611394534353e-05,0.003352751843059403
9345,1.9685871908829237e-05,0.0032847680775067436
9346,2.05984311226833e-05,0.0032971774613245104
9347,1.9038391489326992e-05,0.003323902424332299
9348,1.9342112257921446e-05,0.0032980103275128667
9349,1.657273714954499e-05,0.0033028416440424604
9350,1.9659518996680467e-05,0.003316881236203603
9351,1.9646094612350375e-05,0.0033217661119507333
9352,1.855798212394196e-05,0.0032947223632846965
9353,1.7904172758183752e-05,0.0033183297518864056
9354,2.453973914574211e-05,0.0033968180872102362
9355,2.396239033259917e-05,0.0032517606792808102
9356,2.253769780509174e-05,0.0033062193978425354
9357,2.3207318402758877e-05,0.00334294650183544
9358,2.437841540086083e-05,0.0031697973908518836
9359,2.7154877898283303e-05,0.003366343907151393
9360,2.1772427984008877e-05,0.00322250206342065
9361,2.023482884396799e-05,0.0032116215317292214
9362,2.1427418202317008e-05,0.003390285702849798
9363,2.1347569114974854e-05,0.003291562318390682
9364,1.835224769214013e-05,0.0032055179070414465
9365,2.0765981450191854e-05,0.0033812423026303583
9366,2.108528036236142e-05,0.0033460445909717323
9367,2.191913057079849e-05,0.003274448989680832
9368,2.2664259207279733e-05,0.003375259827147102
9369,1.9636501140970115e-05,0.003288945095676232
9370,2.413299419761946e-05,0.0033697158830752324
9371,1.893605737374552e-05,0.0033466461324269136
9372,2.272768967183462e-05,0.0033589359134577257
9373,1.9325218818266877e-05,0.003404758164621018
9374,2.3184400682415192e-05,0.0033798939463333907
9375,2.0773779457764855e-05,0.003412351099371213
9376,1.9132973223653003e-05,0.003348275177297863
9377,2.2292912096114984e-05,0.003350795466556317
9378,1.850283097155625e-05,0.0033453426341531656
9379,1.8287084458279423e-05,0.0033244889890584463
9380,2.0745407042947286e-05,0.00328249716348347
9381,2.0322707920665078e-05,0.0033684631606035634
9382,1.810766910542346e-05,0.0033295073060384183
9383,2.008688340235191e-05,0.003259660406528335
9384,1.83759132293441e-05,0.0033568854107417995
9385,1.971010678971652e-05,0.003393880364604904
9386,2.1572176804814566e-05,0.003300787376209941
9387,2.160939790580111e-05,0.0033101551493422855
9388,2.4421190816307595e-05,0.0033605191053288895
9389,2.1111130990902893e-05,0.003269801502815878
9390,1.8899568870741254e-05,0.003306923385802112
9391,2.1775264758616687e-05,0.00335763428940258
9392,2.293511242896784e-05,0.003307861446849566
9393,2.366162292067505e-05,0.003389465709745187
9394,2.267234898075306e-05,0.0033077375574598403
9395,2.344488978754574e-05,0.0033470173264249113
9396,2.208447161441048e-05,0.003324650245043313
9397,2.2134033254891013e-05,0.0033258822738405384
9398,2.178485447075218e-05,0.003352129489131686
9399,2.1433155476794734e-05,0.0032821894604277016
9400,1.994141457544174e-05,0.003367356331038632
9401,2.1188146032121343e-05,0.00326098761063788
9402,2.0866172114134922e-05,0.003334224673412871
9403,2.4530846349080094e-05,0.003390240736921149
9404,2.2558656686063234e-05,0.0033030397039484124
9405,2.0993117504986004e-05,0.0033076002224408396
9406,2.0232237602613168e-05,0.0033721814990010962
9407,2.0518873619342533e-05,0.0033020593943510054
9408,1.8600110737073314e-05,0.0033818513409599486
9409,2.100972148279349e-05,0.0033954872463132684
9410,1.9089412671746685e-05,0.003318107939850844
9411,2.003250532046271e-05,0.0033529038756829822
9412,1.7981061076473756e-05,0.0034035029688343535
9413,2.1964500895895374e-05,0.003271258363298723
9414,1.7346270154424323e-05,0.0033447283591764667
9415,2.2767290526341338e-05,0.0033341372975867175
9416,2.5793890987794536e-05,0.0032544735768382377
9417,2.99841514788568e-05,0.0033212832416195355
9418,3.100226749666035e-05,0.0032668611833319198
9419,4.517819009682474e-05,0.0034700871679430815
9420,3.054502606876971e-05,0.0033275821887512216
9421,2.6578604714207662e-05,0.003354900060779802
9422,2.3865381202388865e-05,0.0034844522553016785
9423,2.4394099333828005e-05,0.0032565100819732973
9424,2.1058377994146817e-05,0.0033664752151245218
9425,2.032076566441295e-05,0.0033749935158653654
9426,2.0811959802813363e-05,0.0032705333031447094
9427,2.0494785227735218e-05,0.0033920339900286793
9428,1.800675017875619e-05,0.0033764186640656744
9429,1.9236253622996933e-05,0.0033228720078103203
9430,1.8137340036143237e-05,0.0033776618282267096
9431,1.9004652009850058e-05,0.0033789473410140267
9432,1.90106853551697e-05,0.003347334924783035
9433,2.3209317866227745e-05,0.003412604304057769
9434,2.045390671507145e-05,0.003310773367802912
9435,2.1381053617612148e-05,0.0033757102261134015
9436,2.12821230282619e-05,0.0034529521464974735
9437,2.0352573604516994e-05,0.0032896683163320026
9438,2.17666743992595e-05,0.003397859494087466
9439,1.8443050430505535e-05,0.003344946035064147
9440,2.15856047058575e-05,0.003353690095749624
9441,1.7375430373552567e-05,0.0033772707186987875
9442,2.2391666425392033e-05,0.0033371386973307148
9443,2.274547344616925e-05,0.0033976414454665186
9444,2.1515870503208135e-05,0.003389700640289777
9445,2.2175084571548116e-05,0.0033239069556795626
9446,2.030914662706588e-05,0.0034965246215282954
9447,1.8312686491602412e-05,0.0033361266621753398
9448,2.2664036805508658e-05,0.003415275728656796
9449,2.3246098620196184e-05,0.0034395189243042025
9450,2.1824242746030602e-05,0.003354110558618034
9451,2.2132048373653865e-05,0.0033863186890705985
9452,2.004482721531531e-05,0.003338114542638807
9453,2.3858330375029862e-05,0.003377172857664569
9454,1.8370400357525796e-05,0.003380832142517929
9455,1.5819083030995293e-05,0.003331007747039504
9456,2.1389607354649343e-05,0.003402715181926407
9457,1.8419041589368133e-05,0.0033900055694611668
9458,2.002436940529151e-05,0.0033492276289129944
9459,2.3210873647864596e-05,0.003382352493943004
9460,2.272185738547705e-05,0.0033580382730354344
9461,2.213473902277959e-05,0.003278272519873902
9462,2.1864287919015624e-05,0.003416979348774433
9463,2.3343842864657443e-05,0.0033294812031362574
9464,2.5496752035299625e-05,0.003356735932106991
9465,1.965691432512055e-05,0.0034031438707967684
9466,2.3154853442974856e-05,0.0034010421327445983
9467,2.049340752516097e-05,0.003350665371072593
9468,1.8018263078071564e-05,0.0034078427485587912
9469,2.0042317222153844e-05,0.0034281741075451915
9470,1.738257821367976e-05,0.0033568230815700186
9471,1.7890724363193535e-05,0.003459121012101658
9472,1.9441458304451467e-05,0.0034013179723821492
9473,1.9336603509145787e-05,0.003408390201821553
9474,2.1091447949099043e-05,0.00348989180784825
9475,2.2059958791942335e-05,0.003371170548346351
9476,2.1468044481783486e-05,0.003393627647024563
9477,1.834660555080821e-05,0.0034679472861724376
9478,2.0834000436783148e-05,0.003234820918667495
9479,2.20838768655085e-05,0.0034492137128410982
9480,2.0663183507470726e-05,0.003403981578092456
9481,2.137923268795324e-05,0.0033632956539847133
9482,2.5977765835705215e-05,0.0034617735753761747
9483,2.2444728771612668e-05,0.003171646510719251
9484,2.1277924194388712e-05,0.003356036068721843
9485,2.4244414574544257e-05,0.0033195856396974832
9486,2.2401018092447582e-05,0.0032703941735596946
9487,2.1565682497263577e-05,0.003475995623365001
9488,1.7401894244054953e-05,0.0033204858460223947
9489,2.0543756545521318e-05,0.003553181817572651
9490,2.4038294092558014e-05,0.003308938728708077
9491,2.247623833682155e-05,0.003319726038277585
9492,2.8336335162748583e-05,0.0034347004706464838
9493,2.5166343281550022e-05,0.0032640375834835245
9494,2.2047648114191056e-05,0.0033759806524384876
9495,2.1473724215563075e-05,0.003353414130165672
9496,2.1998984690677994e-05,0.0033216332294773963
9497,2.7005071024177597e-05,0.003476546244009545
9498,2.601691533830793e-05,0.00330316885959967
9499,2.3121970904564175e-05,0.003482490391620266
9500,2.409191086674885e-05,0.003336505692081842
9501,2.785214261772732e-05,0.0033948930471928585
9502,2.1723414344402652e-05,0.0033516708260391192
9503,2.3534999369682432e-05,0.0033257642576378383
9504,2.4653516932933903e-05,0.003434089390283222
9505,2.2191352582012768e-05,0.003317817991493237
9506,2.269233955303207e-05,0.0034817848831131966
9507,2.1024702315723214e-05,0.0033711351519613935
9508,2.210629912345515e-05,0.003303674098011651
9509,2.6286562691287447e-05,0.003438505524842951
9510,1.9892570586913887e-05,0.0032454677346865075
9511,2.7066827654683342e-05,0.0035767046522283763
9512,3.061978144008511e-05,0.0034967769878202974
9513,4.408231907291338e-05,0.003474223082994073
9514,3.906128355689968e-05,0.0037310622450051427
9515,7.835813473017576e-05,0.003520584665409055
9516,0.00019374253849188487,0.0038850762505541767
9517,0.00031260921192976333,0.003942660570562659
9518,0.00023151892237365245,0.004481087800262398
9519,0.00012878562847618014,0.004021265098759741
9520,0.00013011897147710745,0.004343354438325358
9521,7.688399055041372e-05,0.0044681772518881235
9522,5.677795610002552e-05,0.003174916602812751
9523,5.60111649974715e-05,0.0038869195336568556
9524,4.6951110410494344e-05,0.003162629297649902
9525,4.3193637975491586e-05,0.003348281219661541
9526,3.640760454193999e-05,0.003773999192795515
9527,2.4505602171605765e-05,0.0033756825172244326
9528,2.3784899288633216e-05,0.0036272653793828964
9529,3.0318213066493627e-05,0.003599942057279118
9530,5.166418644269773e-05,0.0036257514941141185
9531,5.407648738279628e-05,0.003576501233132872
9532,6.20724252560952e-05,0.003712148981646101
9533,4.854863291257061e-05,0.003608511827548432
9534,4.270139264311486e-05,0.0034967637270258752
9535,2.952458829289147e-05,0.003621592236769914
9536,2.6778272755715685e-05,0.003252417316840014
9537,3.0135125355930845e-05,0.0035854950717416163
9538,2.6584056589247968e-05,0.0033268243775972607
9539,2.5114471948957847e-05,0.003439069993804857
9540,2.1295460040467636e-05,0.003393087249823808
9541,2.2722866682064098e-05,0.003384249874428786
9542,2.6901045688039935e-05,0.0034591630462023335
9543,2.552161337613749e-05,0.0034321384638553343
9544,2.65405297492786e-05,0.003494230936395756
9545,1.8696795450523496e-05,0.0033228972604040776
9546,2.373134884692263e-05,0.0034984792827775606
9547,2.3846638456840688e-05,0.0033183711371929194
9548,2.2905632552768413e-05,0.003361668973502142
9549,2.205404016422108e-05,0.0034460303460776107
9550,2.176582844792089e-05,0.0033499532013625036
9551,2.2287514972655724e-05,0.0034190897155166413
9552,1.9473129638451305e-05,0.0033609419002480893
9553,2.111576092526472e-05,0.003402503691708985
9554,2.299556763318833e-05,0.0034137018078023145
9555,2.0637965280911886e-05,0.003296100264905315
9556,2.1666826554186022e-05,0.0035763671853149322
9557,2.5547173815236118e-05,0.0034274418459802167
9558,2.7335908816894518e-05,0.003298434227186239
9559,2.72118384600617e-05,0.003501865770449938
9560,1.9381946185603737e-05,0.0033329736713009575
9561,3.2617465088454385e-05,0.003399812437019349
9562,2.2011866288570067e-05,0.0033876523361895342
9563,2.2914081879813843e-05,0.003418157156284528
9564,2.0836317465485383e-05,0.003345141084510724
9565,1.9658795342062755e-05,0.003531907146254674
9566,1.948702689939334e-05,0.0033516171020700745
9567,2.22728101410515e-05,0.003398150115747724
9568,1.958427552987511e-05,0.0034823812508944707
9569,2.168021546822274e-05,0.00327953925473365
9570,2.4377664036971206e-05,0.003475370231405859
9571,3.2544963687541895e-05,0.003399261790845129
9572,3.1896496390497e-05,0.0032136403596061363
9573,2.891776263519811e-05,0.0034945571208944578
9574,2.4867177853593602e-05,0.0033616175473741208
9575,3.1172145099844784e-05,0.003320327984122832
9576,2.1908965148516776e-05,0.003431943889260728
9577,3.2523953268537295e-05,0.003339844279955223
9578,3.615518071455881e-05,0.003800054290042564
9579,9.716691298914763e-05,0.0035656893432510703
9580,0.000125819249660708,0.003538228943637621
9581,0.0001489627194435646,0.0034551993380055614
9582,0.0001453016612989207,0.003920577080777032
9583,0.00021288654728171725,0.003679792142108257
9584,0.00021283096866682173,0.002535202782691323
9585,0.00024835279521842797,0.005528916079245987
9586,0.00021576010767603292,0.002696192495783414
9587,0.0002874978604571273,0.003992107985486762
9588,0.00042053137246208887,0.0038144746141736967
9589,0.00020103800731400648,0.00216142345547992
9590,0.00019728878639095152,0.004220463617446789
9591,0.0002448232320602983,0.0025137035776615925
9592,0.00017249190132133662,0.003756752157344194
9593,0.00031366273178718985,0.0050590481739818
9594,0.00018599471877678297,0.0024087859703328636
9595,0.0002612367238422545,0.0059798415042242115
9596,0.00037160743571196996,0.0028526722685003666
9597,0.00033821709803305566,0.0025160132855590847
9598,7.292584559763782e-05,0.0036967769115400766
9599,6.836788403840425e-05,0.002750032836685709
9600,5.488192036864348e-05,0.0031334925024247354
9601,3.3557473701269674e-05,0.0033083547169495135
9602,3.264575619444561e-05,0.0029740718354018983
9603,2.6802875981957187e-05,0.0033420586164724844
9604,2.5466449248294035e-05,0.003148347731647
9605,2.2852569478952016e-05,0.0030980204345729223
9606,2.1594788389241634e-05,0.0031375965315913945
9607,2.1935420105971084e-05,0.0030769132212490626
9608,2.058397585642524e-05,0.003066677770343179
9609,1.8397436118296658e-05,0.003161241243217598
9610,2.1944607821448394e-05,0.003007469460509761
9611,2.1294417335108542e-05,0.003100799176738494
9612,2.017050640764258e-05,0.003112878343389963
9613,1.9395087413916674e-05,0.0030623405238433756
9614,2.2396105729664367e-05,0.0031240431919329044
9615,2.0671839592978358e-05,0.0030809661532801235
9616,2.257363266835455e-05,0.003129877773663628
9617,1.7600207866053096e-05,0.0031744252699046063
9618,2.249042712113199e-05,0.0030310689311676075
9619,2.529354896978475e-05,0.0031887810328043997
9620,2.203236708737677e-05,0.0031199630901996285
9621,2.3848052054139166e-05,0.003081960525303774
9622,2.1693872016233704e-05,0.003164866146745912
9623,2.271380120267471e-05,0.003087273916659866
9624,2.08397626314157e-05,0.0032105664545615687
9625,2.2704449293087237e-05,0.003150556733142802
9626,2.08436601193777e-05,0.003063481823576625
9627,2.0874480833299457e-05,0.00331307669123907
9628,1.7500507844185147e-05,0.003181303738635469
9629,1.821506860627172e-05,0.0031321326533484965
9630,2.0581991460251933e-05,0.0031999490218378645
9631,2.095528773982854e-05,0.0031759839226513536
9632,2.0465348582850615e-05,0.0031524832501370263
9633,2.0423909821450554e-05,0.0031318891846591184
9634,2.2903191711520778e-05,0.003167353057144591
9635,2.2131233223869154e-05,0.0031178630653589047
9636,2.3727802302649557e-05,0.003116653326351457
9637,2.6501986455211105e-05,0.0033431908715521774
9638,2.502793164846177e-05,0.0031672800204863676
9639,2.897478067704166e-05,0.003174184878392156
9640,2.9861518608716627e-05,0.003262723340620205
9641,2.7448001734834785e-05,0.0032049618489163444
9642,2.5658091847920634e-05,0.0031833898831616367
9643,2.48515925098521e-05,0.003244398747249479
9644,2.2056175657780842e-05,0.003159921896121089
9645,1.9112024650288124e-05,0.0031479748574559365
9646,2.14024624559291e-05,0.003314214600971764
9647,2.0995830709580332e-05,0.003106854292659405
9648,2.2714446337583165e-05,0.003177359367295969
9649,1.9867162700393236e-05,0.0032382982293530558
9650,2.0510067649108048e-05,0.0031270161345982326
9651,2.356078487840326e-05,0.0032369883714668582
9652,1.9788413919741287e-05,0.003216978267368953
9653,2.004627870822636e-05,0.0031632271905740104
9654,1.6577427474355014e-05,0.0032029535137361996
9655,2.1691781391079228e-05,0.0031739867470031114
9656,2.303548390045762e-05,0.0031799413604193436
9657,2.4210049923567566e-05,0.003198778928034225
9658,2.7346157003194095e-05,0.0032317026913825054
9659,2.7845638881747922e-05,0.003283487836767685
9660,2.024293571594171e-05,0.00327298823915618
9661,2.0496950128290337e-05,0.0033005526934734037
9662,1.8827337407856247e-05,0.003259511339431901
9663,1.828417856207428e-05,0.0031793183862907017
9664,2.238924389530439e-05,0.0034105370232388812
9665,2.5747424660949037e-05,0.003101576793985169
9666,2.104223361432863e-05,0.003383694832725178
9667,2.2577094932785256e-05,0.00314857367063976
9668,2.0868931157262218e-05,0.0031413565735654
9669,1.9072870039356833e-05,0.003276749184540315
9670,2.0365969097232057e-05,0.0031554383890872156
9671,2.1351881150621922e-05,0.0032597384830849647
9672,2.042649769767498e-05,0.0032173994702575674
9673,1.9773607588528343e-05,0.00325289519254543
9674,2.0374469628829198e-05,0.0032863544469715605
9675,1.9728539822002252e-05,0.00316580717740526
9676,2.0431620214367285e-05,0.003315339211104928
9677,2.0059496455360205e-05,0.003173849267996739
9678,2.0557734387693927e-05,0.0032763487471496326
9679,2.1169580334875113e-05,0.003189906140596045
9680,2.0188056563104814e-05,0.0032582337857763235
9681,1.963176885813785e-05,0.0032206523158636534
9682,1.9409605981005975e-05,0.003239028277665333
9683,2.1562913510327537e-05,0.003276691055510803
9684,2.1694437358140324e-05,0.0032347889803622286
9685,1.9692973728524522e-05,0.003227329919147387
9686,1.986505594686605e-05,0.003286367900429936
9687,2.2690428219599806e-05,0.003249270400666899
9688,1.8153842878139887e-05,0.0032139666261401965
9689,2.1819157397355107e-05,0.0032809625872634134
9690,2.1764877237728798e-05,0.00325289679683026
9691,2.0847659713278213e-05,0.0032522423269107327
9692,2.0085234670356537e-05,0.0032759164453195462
9693,1.833386146851505e-05,0.0033150626304259863
9694,1.9064249621199754e-05,0.003256481099323702
9695,1.9042535374561945e-05,0.0033161438751709784
9696,2.2926599740458187e-05,0.003203797593919767
9697,2.662072486903829e-05,0.003289520015806635
9698,3.543181446730159e-05,0.0033468309700031553
9699,3.282316150337768e-05,0.0032479199335763327
9700,3.691923823983719e-05,0.0033948502642216914
9701,3.493039039312862e-05,0.0032130777468218617
9702,3.849954761487121e-05,0.0035360236078628734
9703,4.210986032073076e-05,0.0032444177930684467
9704,4.528429708443582e-05,0.003264066923208186
9705,3.363381838425994e-05,0.0034253929097652
9706,2.8278813867170054e-05,0.0032155138892475624
9707,2.4580593041415948e-05,0.003546574866135022
9708,2.2977733897278087e-05,0.0031941618031021534
9709,2.2492611121075847e-05,0.003353893326606318
9710,2.3238172677035133e-05,0.003330138945279436
9711,2.259594851542109e-05,0.003175980045204187
9712,2.0104152160153414e-05,0.003406436560397739
9713,2.1557919414287122e-05,0.0032056432611537737
9714,2.4548934864772793e-05,0.0033354852705981515
9715,2.598261611031679e-05,0.0032564210695247247
9716,2.995347822434269e-05,0.0032314062023219483
9717,5.871332541573793e-05,0.003398409670856046
9718,9.01997227629181e-05,0.003160476367236442
9719,7.03746377742694e-05,0.003557349380911791
9720,4.458205791403695e-05,0.0030782171433154297
9721,3.1894626105592275e-05,0.003313468465559751
9722,3.448561401455663e-05,0.0032223630519529357
9723,3.799127625825349e-05,0.0032709010656138786
9724,3.136274948095282e-05,0.003154507499155507
9725,2.365428808843717e-05,0.0031942509394547527
9726,2.84454063148587e-05,0.003315555934735699
9727,3.9877690566451446e-05,0.003117007069965029
9728,4.110280448609653e-05,0.0032436847819521893
9729,4.6758908138144764e-05,0.003387868106201814
9730,6.827757776288006e-05,0.003333252635430436
9731,6.303947811829858e-05,0.003536028754815721
9732,4.84410127683077e-05,0.003128131747052444
9733,5.340674809607056e-05,0.0038922172807679886
9734,6.153578712352707e-05,0.0029727718859232895
9735,4.829618555959314e-05,0.0033999322246411564
9736,5.9139096022893986e-05,0.0033308665333819515
9737,5.189177233357138e-05,0.0029771876765131862
9738,4.014627168847558e-05,0.003328807315515485
9739,3.271684002659943e-05,0.0031706391849380794
9740,2.4549433146603405e-05,0.0033702052522407116
9741,2.6649197631437953e-05,0.003256428797527799
9742,2.4898341265118992e-05,0.0032308478740980706
9743,2.2567073635097283e-05,0.0032822095713447453
9744,1.9443940376125588e-05,0.00317304198356476
9745,1.8766977761212425e-05,0.00329299262596828
9746,1.8721782665428086e-05,0.00309955109181754
9747,2.1012749978884434e-05,0.0032423169972315125
9748,1.8495786328761217e-05,0.0032832447435347397
9749,1.9685305596794932e-05,0.00304181057597614
9750,2.5408257351955398e-05,0.0034300813789081854
9751,2.1822582736300924e-05,0.0031337489555072454
9752,2.2354641138614777e-05,0.003217186118416183
9753,2.3425839511522403e-05,0.0034003339725551984
9754,2.2818825224627897e-05,0.0031467182650258057
9755,2.2414646082324907e-05,0.0032782316941778822
9756,2.6158111480375132e-05,0.0032280327187856517
9757,3.198372821013133e-05,0.003212393199540239
9758,3.068159676331561e-05,0.0034328784197242114
9759,2.4376936683741707e-05,0.0030615843559495494
9760,2.7339873971262325e-05,0.003434828988396241
9761,2.8506621310953052e-05,0.003091360258526708
9762,2.666271290460524e-05,0.0033366014481091884
9763,2.292738524071562e-05,0.0032339533406298892
9764,2.158543550952648e-05,0.0033218281354471953
9765,2.0089826648472808e-05,0.0032179615281968874
9766,2.464603542951712e-05,0.003278967170439639
9767,3.150402432462822e-05,0.0032033491995436146
9768,3.711383324116469e-05,0.0031412824789574098
9769,3.825331975046235e-05,0.003567737094548732
9770,2.479034070953882e-05,0.003200703350914239
9771,2.5749717557725187e-05,0.0033418333623558283
9772,2.594449227520575e-05,0.0030207267434102054
9773,2.3368684621042726e-05,0.0034798209215732216
9774,2.5872279305379683e-05,0.003080905941029063
9775,2.597480840146697e-05,0.003312076856545581
9776,2.3975292181906602e-05,0.0031774402783274086
9777,2.435088269218492e-05,0.0033129122777438955
9778,2.0940325945654574e-05,0.0032583243378345467
9779,2.1269089847919533e-05,0.003314839683170839
9780,1.973630957460652e-05,0.003357201641730485
9781,2.2504679266906655e-05,0.003177864058011304
9782,2.1891876288767285e-05,0.00343609917827212
9783,2.1041817672085016e-05,0.0029543571470969777
9784,2.6067233314582457e-05,0.0035847720039235047
9785,3.124510573494869e-05,0.0030844552348482245
9786,3.572059552728509e-05,0.0033744970657889955
9787,3.337451174350766e-05,0.0032796500048502104
9788,3.827046918255898e-05,0.0033941157526412857
9789,3.556475979470027e-05,0.0035796194478232217
9790,2.73155858546185e-05,0.0029952989091922406
9791,2.7597855781399023e-05,0.0035239282501207895
9792,3.677560768361824e-05,0.0030552132609327548
9793,4.6067485042537254e-05,0.003179132948937276
9794,5.2360534997812165e-05,0.0036772917203839366
9795,3.453505463160885e-05,0.003000083813111554
9796,2.8823061196211105e-05,0.0034045704224484577
9797,2.4652800493640826e-05,0.0032424098330043386
9798,2.4647137403614277e-05,0.003248997634461923
9799,2.1080102184593365e-05,0.0032926254207268357
9800,2.1160496786857644e-05,0.0033333288398108376
9801,2.6136445618855457e-05,0.003283945975650908
9802,2.252339181723073e-05,0.003370601126967728
9803,2.1338524553963605e-05,0.003291409706073263
9804,2.130076645698864e-05,0.0032231542234151074
9805,1.6790771284528697e-05,0.0033292029671131347
9806,2.2030113905202596e-05,0.0032142465304425367
9807,1.970389421330765e-05,0.0032173545210083063
9808,1.9989200882264414e-05,0.0032685783774080027
9809,1.9402824303445717e-05,0.0032511822775834138
9810,1.9605603544429565e-05,0.0033020335058981214
9811,1.7268292867811397e-05,0.0033165185262274805
9812,2.124712318618549e-05,0.0032591994069598356
9813,2.2648692174698225e-05,0.0032323229178372356
9814,2.1243333564295122e-05,0.0033178441716652167
9815,1.869907464424614e-05,0.0031895112022975384
9816,2.3777067872288173e-05,0.003262891974000598
9817,4.436993743487013e-05,0.003246669035625497
9818,4.554221547247532e-05,0.0030613235937981534
9819,0.00010479633492650464,0.0040561550550693125
9820,8.643160351008797e-05,0.003047928236539296
9821,5.580191039674295e-05,0.0039086618776602005
9822,9.794549453848353e-05,0.0035121004187028135
9823,0.00013238343090051785,0.003086615918198742
9824,7.812960442000379e-05,0.00474611232438457
9825,0.00010405243374407291,0.0024387163504255576
9826,8.17404865908126e-05,0.0037295178442850315
9827,6.619346168008633e-05,0.0029556970462633284
9828,5.987513553312359e-05,0.0037296553539270154
9829,7.023457486260062e-05,0.00281036936688885
9830,4.553028799515839e-05,0.0036845806521793815
9831,6.730947449492911e-05,0.0028527874464839044
9832,5.552784314204473e-05,0.003221970920216793
9833,2.956748576252721e-05,0.0034762846029565086
9834,1.854099803798211e-05,0.003138597953209534
9835,3.06411761509177e-05,0.0035035896727036446
9836,3.449601717875339e-05,0.0030891621861149346
9837,3.897764884944384e-05,0.003722062863733576
9838,5.006831779610366e-05,0.0033009325750498917
9839,6.336859781489087e-05,0.003175746832125989
9840,8.022753075541308e-05,0.00372391693601766
9841,7.685774229078864e-05,0.0030048509890537667
9842,6.303110373361657e-05,0.003490983416620446
9843,5.406057365083446e-05,0.00301970293345774
9844,3.211693692719564e-05,0.0032760108016398654
9845,3.426843856383736e-05,0.0032356042446900833
9846,4.315452655040038e-05,0.0030842539159940522
9847,2.1837627233859772e-05,0.0031550997035572448
9848,2.932745592261199e-05,0.0031604885473596857
9849,2.169031674081149e-05,0.002987039316314877
9850,2.6699083173298276e-05,0.003102353061903377
9851,2.2371354862116278e-05,0.0031644097289032364
9852,2.5703419548032496e-05,0.0029960457179069038
9853,2.189110042915369e-05,0.0032454724634632644
9854,2.598305897360357e-05,0.003128569101035181
9855,2.946803603360119e-05,0.003440937170982143
9856,2.6585650872827196e-05,0.0032358210416761233
9857,2.6752478394579763e-05,0.0034411808939470924
9858,3.336266745463945e-05,0.0032590206379577388
9859,3.2589420273628394e-05,0.002950428998334693
9860,4.6984292566776276e-05,0.0039776535466454965
9861,4.754815818159841e-05,0.0028301930573785255
9862,5.848776005829374e-05,0.003386798812749071
9863,6.008530860223497e-05,0.003413417550860441
9864,6.822591531090439e-05,0.003400781622315806
9865,6.761898888119807e-05,0.0034267855951105033
9866,8.087146658605585e-05,0.00329148108466414
9867,0.00012751193232058238,0.003558753233277702
9868,0.00010759045835584402,0.00257592748599372
9869,9.873679858477166e-05,0.004746086795389522
9870,0.00016834962831732507,0.0023629952423623083
9871,8.919813020232444e-05,0.003274870838300047
9872,0.00010404851733862112,0.0026675051793712055
9873,8.632125148627286e-05,0.003118735457612583
9874,7.718412331693495e-05,0.0031833680934131104
9875,7.125846216998374e-05,0.0032432698971477515
9876,6.915721241966822e-05,0.003493365364139682
9877,8.846622658893466e-05,0.003302455954634917
9878,6.694917246932163e-05,0.0032435177610261223
9879,4.510279298604777e-05,0.002938878516889891
9880,3.663001261884346e-05,0.0034486331938825853
9881,3.686966119857971e-05,0.0028032686456504184
9882,4.563751184226324e-05,0.0033015378451993287
9883,4.7738604674426215e-05,0.003484626192387128
9884,5.2676275663543494e-05,0.00255907364329187
9885,5.679690851441895e-05,0.0038086884404527166
9886,4.56079328917743e-05,0.002887915889324065
9887,4.3968064467965935e-05,0.003383143136430292
9888,3.457386434699098e-05,0.003160257757047725
9889,3.013112703532291e-05,0.003119579364534751
9890,2.756212870735908e-05,0.0034350125562966046
9891,2.99308715815035e-05,0.0030084586615826696
9892,3.369612046905483e-05,0.003208533530899634
9893,3.5893870517611504e-05,0.003081646513694908
9894,2.8452631037604686e-05,0.002984806421084863
9895,2.4489633748695875e-05,0.003377220902131729
9896,2.6533780267830783e-05,0.0030920288174233414
9897,2.4531602563608126e-05,0.0033343546861804457
9898,2.6684561210762087e-05,0.003413553699600505
9899,3.216871579449314e-05,0.0031607561926520838
9900,3.716875241176846e-05,0.0033724814631611285
9901,4.8088440235005694e-05,0.0028801771996975795
9902,4.639131560300787e-05,0.00342435981637161
9903,3.524441684324605e-05,0.003407745979003314
9904,5.382712649103875e-05,0.0033933831779122876
9905,6.0331443576918295e-05,0.003852437635133457
9906,6.787889287807047e-05,0.003561745011057073
9907,5.1435486723979315e-05,0.0036667611937403503
9908,6.63769809762016e-05,0.003465164625031427
9909,3.6862355288273344e-05,0.0029749432383806376
9910,4.864484993352865e-05,0.003240456052699088
9911,2.6442095986567438e-05,0.0028039657380445507
9912,2.803000164324961e-05,0.0033525647554677306
9913,3.1976992007306154e-05,0.0032248498615944942
9914,3.204077365808189e-05,0.0033407610955468394
9915,2.726516977418214e-05,0.003250535339939446
9916,2.3681858147028832e-05,0.003328795206449839
9917,2.5729549330814432e-05,0.0031367476491056035
9918,2.2776857319210344e-05,0.003319210606376635
9919,2.945714974581885e-05,0.003376930413566181
9920,5.02989411567493e-05,0.003127423269614272
9921,5.637510766973719e-05,0.0036440632149967915
9922,0.00011425053041117887,0.003165921357689066
9923,0.00012962686499425521,0.003363000276571341
9924,9.79209270250673e-05,0.003065590485276883
9925,0.00013567669326827552,0.0033600205974755482
9926,0.0001487809563210855,0.0034430054512027413
9927,0.0001826791539012144,0.0038162054898370837
9928,0.0002932079912473758,0.0032778955990590197
9929,0.0003841091568271319,0.0032213483608283726
9930,0.0005569671532915285,0.004346737218748408
9931,0.0006140438597261285,0.004416086018709765
9932,0.0006510489562060684,0.0054445132035871
9933,0.0005949334610098352,0.0030284760275117685
9934,0.0004671287790794546,0.0035113865449719612
9935,0.00033550013419395935,0.003412652318229714
9936,0.00028934442865041396,0.002641939809981581
9937,0.00020850582829249711,0.0031702888677474002
9938,9.712055568040038e-05,0.002487075322767861
9939,6.542162736877799e-05,0.0029417407897720385
9940,6.632421282120049e-05,0.0029845813533348406
9941,6.698616586315135e-05,0.002672488659576714
9942,6.55092221374313e-05,0.0031882243789868613
9943,9.721752455031189e-05,0.0030381360230150455
9944,6.968764258393396e-05,0.0028942364611123737
9945,3.773756858815129e-05,0.003125735756679716
9946,2.3692042668699286e-05,0.0029030740730823915
9947,3.0084160607657394e-05,0.003103473646517255
9948,2.9176268678080913e-05,0.0029616961541601965
9949,2.7908464835491033e-05,0.002904423705863151
9950,2.4543027636051798e-05,0.003056344298417108
9951,2.269475153298117e-05,0.0028610314979158036
9952,2.1531951400296142e-05,0.0029305503301986914
9953,2.3355313654368123e-05,0.0030174267591298585
9954,1.863805482571479e-05,0.002940123596457405
9955,2.0178602668844783e-05,0.0030797332094993158
9956,2.3530140121389802e-05,0.002967338541342893
9957,2.1294601174304263e-05,0.0030844409293794665
9958,1.9325310859130695e-05,0.003002022130943138
9959,2.144294097282303e-05,0.00298930563261373
9960,2.2564660321222617e-05,0.0031020091220257226
9961,1.916776382131502e-05,0.003008726846061821
9962,2.0996110106352716e-05,0.003012529342184769
9963,1.9682919203963443e-05,0.0030868483107531586
9964,1.9025873189093546e-05,0.0030662571774436194
9965,1.6430624358084365e-05,0.0030217901823976845
9966,1.99370332362984e-05,0.00309418586534802
9967,2.173549461682948e-05,0.003109935241511734
9968,1.937876598579654e-05,0.003011536050577
9969,1.9689042346726637e-05,0.0031087970516333976
9970,1.901658124552341e-05,0.003083245067282618
9971,2.0195504960914454e-05,0.003065460866006712
9972,1.541726687719347e-05,0.003096432767179386
9973,2.363291229509438e-05,0.0030346070640932836
9974,1.708744512143312e-05,0.0030739840824015397
9975,1.909311455771482e-05,0.003088199196530408
9976,1.816475032683229e-05,0.0030334465129420772
9977,1.9640312045036503e-05,0.0030880628666998438
9978,2.1073468572770557e-05,0.003172062218940833
9979,2.0344365475466474e-05,0.003062416993051615
9980,2.3306945270936314e-05,0.0031123908416351726
9981,2.3526385969792803e-05,0.0031857311971382135
9982,2.7951956872129814e-05,0.0031012459348326235
9983,2.8997309467134377e-05,0.0031402247293432902
9984,2.1154288576023342e-05,0.0032470107414863175
9985,2.2598962702128725e-05,0.003189344952367682
9986,2.37614369931786e-05,0.0031963803469099933
9987,2.363874373259023e-05,0.0032160292047331905
9988,2.6775169377894296e-05,0.003133098328995317
9989,3.510293524110845e-05,0.0031123241445060535
9990,3.935520398954395e-05,0.003328160957395159
9991,4.773561280065527e-05,0.003166890052305153
9992,6.012660402727003e-05,0.0031457201418417847
9993,4.8807650091475804e-05,0.0032102753740479374
9994,3.7775030917449234e-05,0.0031204928115707393
9995,2.6716473439591936e-05,0.0031158153351657746
9996,2.2334419433415557e-05,0.0031149068170592013
9997,2.764961051677043e-05,0.0031980235713032993
9998,3.6811706619725254e-05,0.0030220165073991433
9999,3.5298112076513157e-05,0.0030815274606469734
10000,3.831499003960441e-05,0.0033101625332053295
