epoch,train_mse,validation_mse
1,0.29917867680390675,0.2304556345141779
2,0.13614081343015036,0.09806193657747404
3,0.054927083849906924,0.0586905359165875
4,0.037710226699709894,0.07212015030186945
5,0.041296740124622984,0.08824880075032317
6,0.03847632743418217,0.0847765580992999
7,0.029561789830525716,0.06534430126505573
8,0.02841807280977567,0.04415082089661613
9,0.022414370626211166,0.03127272538547441
10,0.01318469320734342,0.027975747156448252
11,0.015606453828513622,0.028060426495558635
12,0.01429519864420096,0.02564423782090972
13,0.01152580219010512,0.02370074419231396
14,0.009678212801615398,0.02524388424582838
15,0.007532968868811925,0.028086704297328558
16,0.006554753084977468,0.03052238017085969
17,0.0059626248354713125,0.031388782258108844
18,0.006553994088123242,0.03034092154441856
19,0.005106680312504371,0.028992889991660758
20,0.0030025444148729244,0.028486622922767803
21,0.0030895248365898926,0.028969577740965865
22,0.002905600160981218,0.02959450794838545
23,0.0034640759229660036,0.030120675840715722
24,0.003996421334644159,0.0307334819001945
25,0.003236123430542648,0.03143065202775903
26,0.0021352387343843778,0.03150635262525926
27,0.0028832857497036457,0.03132604637483912
28,0.002758228530486425,0.03065045799796037
29,0.0031691419581572214,0.03087371279756854
30,0.0026708641399939854,0.03177109425227473
31,0.003599076997488737,0.03245576013495603
32,0.0037074798252433538,0.03437234693038182
33,0.0029940442647784947,0.035663195159726255
34,0.00216115143460532,0.03538837647578848
35,0.0026667692698538305,0.03533647757932896
36,0.0021980412614842257,0.03509881711146963
37,0.002667205935964982,0.03547690468510305
38,0.003407361668845018,0.036267653694303015
39,0.0024025552906095982,0.03732114962822809
40,0.0028195999407519897,0.03759711540824785
41,0.0016140697679171959,0.03703072678855085
42,0.0013117418663265805,0.03757720933420452
43,0.0024770481511950495,0.037967355525869086
44,0.0027802716940641403,0.038148940254853464
45,0.0023802056210115554,0.03892459626507571
46,0.0024138068780303,0.03877722694883196
47,0.0019691721225778263,0.03866494898720989
48,0.0018743072869256139,0.0384893748821236
49,0.0025223067961633204,0.03897488522013341
50,0.0016927556212370594,0.039920161206891215
51,0.0017199981492012739,0.03965164357282984
52,0.001706989947706461,0.03954497824503681
53,0.0011746528713653486,0.03865405048911027
54,0.002082870155572891,0.03840241088407246
55,0.0014570868108421565,0.038624326427151835
56,0.0020342521136626603,0.03963801035965522
57,0.0019113194197416306,0.039376192968192066
58,0.0012964140468587479,0.03938486990262204
59,0.0015556139211791258,0.03889617939868311
60,0.0014570833494265874,0.0383117383741957
61,0.001298526069149375,0.03895322344903871
62,0.0015721778385341168,0.03964865137272933
63,0.0015214269359906515,0.040247139850939355
64,0.001310921305169662,0.039021490596410795
65,0.0016259221748138467,0.038719491226466625
66,0.001628503001605471,0.039252073980691866
67,0.0014310934425642093,0.040583028274727616
68,0.001045156743687888,0.04124260840453501
69,0.0013300144618066648,0.041786519913222846
70,0.0010214073505873482,0.041563955817635605
71,0.0011705486259112755,0.04120938233503207
72,0.001092898822389543,0.04104487826739709
73,0.001136423461139202,0.041328244497926214
74,0.0012089446497460206,0.0413957533873911
75,0.0010432835280274352,0.04115922842908094
76,0.0012627650906021396,0.04131718185238951
77,0.001121618552133441,0.04064194987139364
78,0.0008443860958019892,0.040802244595655304
79,0.000906021900785466,0.04157757078568766
80,0.0009381000030164918,0.04214076551161413
81,0.0010586947125072281,0.04207505643602431
82,0.0008345324429683387,0.04133452879866277
83,0.0010480546858161687,0.0405449002511858
84,0.0011528947235395512,0.04023969191031193
85,0.0009953112186243138,0.04162516116391955
86,0.0008729689521715045,0.042113414782238755
87,0.0009527523148184021,0.04193794187598341
88,0.000920076792438825,0.042409371848650804
89,0.0009213778229119877,0.04178721058791078
90,0.0009106191961715618,0.041241108021867555
91,0.0008045121639346082,0.041660032110420735
92,0.0008537039626389742,0.04117536826396552
93,0.0007707839055607716,0.04144949776919808
94,0.0006931660153592626,0.04119375553422087
95,0.0006482569811244805,0.04123069316618086
96,0.0007882975391112268,0.04106277291934321
97,0.0007946541998535394,0.041686540102864815
98,0.0007874474860727787,0.04135825543657062
99,0.0007434157732253273,0.04236785873888046
100,0.0006273892475292086,0.04227150565995945
101,0.0008135202728832762,0.040967305931519336
102,0.0007725782770042618,0.041066189743871766
103,0.0007425664380813639,0.041413911977621516
104,0.0007121118872116009,0.04160728393577215
105,0.0007160906757538517,0.042418857845734424
106,0.0007381490354115765,0.04330114240017463
107,0.0006300991595101853,0.044127772466873556
108,0.0006260865561974545,0.04331036938691703
109,0.000605607273367544,0.041690445028421445
110,0.0006766304528961579,0.04182364058306837
111,0.0005538312951102852,0.04271786665822577
112,0.0005786462764566144,0.043797475205162376
113,0.0005784431491823246,0.043219688194473894
114,0.00047038873502363763,0.04286157011281787
115,0.0006271016861622532,0.043096456823386545
116,0.0005638087711607417,0.04287334302748282
117,0.0006167038266236583,0.04328139272965784
118,0.0004922031386134525,0.044708888361773155
119,0.0005891120759770274,0.04484301078037953
120,0.0005985658499412239,0.04393726129700819
121,0.0005295827092292408,0.04232038410864477
122,0.0005352392521065971,0.04221207138121597
123,0.0005110896619347234,0.04248017700403694
124,0.00048517911539723476,0.04304190783754108
125,0.0004573927726596594,0.042915307454706175
126,0.00047934540004159013,0.04281374923591539
127,0.0005186360601025323,0.04303308681944224
128,0.0004124823026359081,0.04310012819964116
129,0.0004468952810081343,0.043557633682498785
130,0.0004717128040889899,0.04315745261475796
131,0.0004735385455812017,0.042836556753774326
132,0.000446647215479364,0.04332638150594366
133,0.0004923359995397429,0.042946636500790364
134,0.0004251991941904028,0.04395619023033953
135,0.0004012256860733032,0.04390418816973844
136,0.00042394405075659353,0.04352576690395986
137,0.0004121695412322879,0.043221760453201655
138,0.0004231058390966306,0.04254164540861535
139,0.00041747935853588084,0.042313473313812196
140,0.00040935505918848015,0.043304326086063084
141,0.00036453762246916693,0.04380123147110301
142,0.00036284009887215993,0.04419880102234563
143,0.0004005261056590825,0.04449987047769892
144,0.0003647404257208109,0.04396797071291706
145,0.0004101603097903232,0.04293725592648889
146,0.0003431472927331924,0.042943451289586196
147,0.00038160431431606413,0.043352914724762985
148,0.00035263414805134137,0.042061408849682395
149,0.0004186473398779829,0.04137818949429069
150,0.0003920580920142432,0.04293377990797749
151,0.0003751396667212248,0.044601513468843744
152,0.0003449672736072292,0.04290182601044497
153,0.0003436216851696372,0.042222825502316784
154,0.00035794805153273047,0.04325887666443202
155,0.0003270006855018437,0.04451713945687286
156,0.00032960374761993686,0.04306359606699681
157,0.00031923225227122504,0.042889048499385206
158,0.0003592534805648029,0.04288028497395553
159,0.00032466891570948064,0.042963312777477926
160,0.0003276451180378596,0.045201444778386064
161,0.00030634908083205424,0.04344267098922429
162,0.0003300523094367236,0.04345198867358561
163,0.00028829045477323233,0.04343796104896726
164,0.00031810641036524127,0.04309479141329217
165,0.00029726826663439474,0.042919060787347356
166,0.00030143419668699303,0.04305674822077038
167,0.00027681582626731447,0.043215562743464796
168,0.0002565368117454151,0.04272098698484616
169,0.00029665533996497593,0.04225394775078991
170,0.00027581329535072047,0.04177854826131205
171,0.0002611174248158932,0.042055859927117356
172,0.00027930574336399637,0.04161528896863066
173,0.0002863416642261048,0.04271524464051554
174,0.00028814313700422647,0.04217938222284392
175,0.00028165242401883005,0.042154836725062275
176,0.00027145939529873433,0.04274754020876772
177,0.00026965827176657814,0.043669309672408216
178,0.00027066603070124984,0.04228541026199897
179,0.0002541076149403428,0.04187732283759305
180,0.0002678454368530462,0.04158343615259711
181,0.00027074148917260267,0.04276614718315169
182,0.0002521806959218035,0.04330900358402823
183,0.00024190188269130887,0.042337887575776556
184,0.0002456025666712473,0.04195044506487884
185,0.00023743524119102706,0.041710161024660575
186,0.00027525219096181296,0.041680810841049735
187,0.00024273605279934903,0.04076021170522284
188,0.00023572039014349382,0.0403270056749892
189,0.0002561177844957759,0.041864107912919654
190,0.00025312474075083933,0.04178607082507742
191,0.00023622870406446358,0.04215215392938749
192,0.0002467997275137653,0.042516343471572154
193,0.00021864699374418706,0.04076560522158315
194,0.00023931235288425037,0.040934332184434874
195,0.00022710986765256774,0.041067004731790285
196,0.0002503298552862058,0.04212245949375348
197,0.00023417271246823173,0.04123916025236836
198,0.00023660441608323404,0.04175748435531076
199,0.00024046131487314898,0.04261884521546326
200,0.00022262630324500302,0.04183858762106558
201,0.00023606396571267395,0.040337989649434726
202,0.00020371755429853994,0.04045084054310491
203,0.00022002569554994503,0.04169139178015116
204,0.00023602035265260686,0.041588381284803855
205,0.00020451926490447174,0.04071542872922627
206,0.0001959598157554865,0.04133701969788769
207,0.00019582851188412558,0.04073626413120059
208,0.00020670859278955808,0.04005075592224992
209,0.00020672814765324195,0.04007226445778148
210,0.00021813057537656277,0.03993227766958747
211,0.0002034237045639505,0.039995301485530974
212,0.00018781981198117136,0.03965957269189865
213,0.00020925180870108307,0.040099768657383954
214,0.0001973587767376254,0.04101152894065136
215,0.0002035944620729424,0.04032310861067509
216,0.00019206089976554115,0.04049529410957351
217,0.00018959742543908458,0.040928371250629425
218,0.000198052340419963,0.04079621836660415
219,0.00019001427960271637,0.040031035174065685
220,0.00016858050948940218,0.03861250294240441
221,0.00018528412523058553,0.038747627962761974
222,0.00019538265575344365,0.03879680666397876
223,0.00017231223949541649,0.039915812825124096
224,0.00018277693501052758,0.039765387773513794
225,0.00016678266110830008,0.038962478302125854
226,0.00018303895485587417,0.03902693790948297
227,0.000170931062893942,0.03855930215965106
228,0.00018459927717534203,0.03809068346117425
229,0.00017919073385807375,0.03738842752036147
230,0.00015962021619391937,0.037953742141798724
231,0.0001700805228513976,0.03960296130321157
232,0.00017441120774795612,0.040433966092706664
233,0.0001646839150149996,0.04066056998695914
234,0.00016401446288606772,0.0385851901112579
235,0.00016629946185275912,0.03758495993266894
236,0.00017153823282569646,0.03738527774341463
237,0.00017568263574503363,0.03856112608524758
238,0.00016114157042466105,0.03885152859715965
239,0.00015014552239639062,0.038816740017706956
240,0.00014736640926760932,0.03798118761674626
241,0.0001708384739079823,0.036745996808442545
242,0.00016135801561176777,0.03581130979802665
243,0.00016404925166474033,0.03734975061782702
244,0.0001606212337113296,0.03827578721083994
245,0.00014635662567646552,0.037811791744288496
246,0.00016659193206578494,0.037366506034933675
247,0.00015665541189567497,0.03754495471481263
248,0.00015905281373610098,0.03766666006619536
249,0.0001344857873239865,0.03775860363338876
250,0.00015654097514925525,0.03816180429824694
251,0.00014308959847160926,0.03702385154530758
252,0.0001372016209643334,0.03595186840361497
253,0.00013342966655424486,0.0355463274937915
254,0.000150489112517486,0.036470424237213736
255,0.00016333116800524295,0.03629605184624514
256,0.00015089367419326058,0.03686356597294019
257,0.00014858923386782408,0.036836807476723285
258,0.00012327905230146523,0.037304167789737074
259,0.00012763587777347613,0.03671765157322245
260,0.00013373813999351114,0.03599308835943853
261,0.00012480625106642645,0.03523256260109699
262,0.00013275487484255185,0.036670636591010206
263,0.00015061549978175512,0.036974522600493095
264,0.00016163104058553775,0.036910690660551776
265,0.00014285742654465138,0.03537446735646781
266,0.00012169656110927463,0.03504799288792873
267,0.00014714520269383988,0.035890967827143634
268,0.00014700541166045393,0.03540930245804975
269,0.00011794353097987672,0.03609569746208942
270,0.0001302180045361941,0.03565834538908455
271,0.00011806229207043847,0.034854746826990385
272,0.00011133813532069326,0.0342694921052362
273,0.00013844536345762511,0.0353245395492381
274,0.00013426514924503864,0.03559402059617005
275,0.00012184160392886648,0.034875289720343795
276,0.0001356863814483707,0.035459833703641815
277,0.0001075062658249711,0.03551757587926594
278,0.00012764524775169168,0.0334982979954697
279,0.00011037021467927844,0.0342752302842816
280,0.00010980849134890983,0.03571005435440484
281,0.0001349334236389647,0.03474822276689875
282,0.00014004498758974176,0.035133587152469815
283,0.00013901140191592277,0.03452944984351556
284,0.0001299216489618023,0.033735972396501404
285,0.00012984424975002185,0.034468418793884785
286,0.00013071192564287533,0.034980981251386205
287,9.739959302047888e-05,0.034369669678642994
288,0.00011731772489535312,0.034432308821696934
289,0.00011250201690321167,0.034424185107542776
290,0.00011176138068549334,0.03395157741514716
291,0.00012281518866075203,0.03386743102721342
292,0.00010040021443273872,0.03443750915095562
293,0.00010550012812018394,0.03357899206595158
294,0.00010448483226355165,0.03404767946230145
295,9.580976766301318e-05,0.03386594871367057
296,0.00011784116504713893,0.033109286110701526
297,0.00011157387004156287,0.03301767212903406
298,0.00010591965498557935,0.03359152810780082
299,0.00010198063294713696,0.032988723866113526
300,0.00012141485543300708,0.03273184486026839
301,9.745380909104521e-05,0.03335694616704475
302,0.0001242252270458266,0.03371895538775001
303,0.00011800027956875662,0.03357914547751269
304,0.00011381656513549387,0.03346167475454451
305,9.262643482846519e-05,0.03311524246855983
306,0.00010254130417403454,0.03314885913621722
307,9.590633756791551e-05,0.03283134407884493
308,8.426914379621546e-05,0.032283930210616645
309,0.00010593990834119419,0.03241757414941713
310,8.594220465359588e-05,0.03194379073193693
311,9.449511029136677e-05,0.03218383254028681
312,0.00011306117327573399,0.03207712602896953
313,0.00010787671878157805,0.032333928710363044
314,9.273355244658888e-05,0.032459248766655055
315,9.20908806923156e-05,0.03342699171520594
316,9.271372109651566e-05,0.03220556787853166
317,8.60555621329695e-05,0.03169093633026589
318,9.152598601455489e-05,0.032052585224467
319,9.161695876779656e-05,0.03134016651572205
320,8.216633141273632e-05,0.03165700568223563
321,0.00011218357249163092,0.03151995204682425
322,8.753280077750484e-05,0.03241529978635743
323,9.970120154321194e-05,0.03202321028380882
324,8.78689131544282e-05,0.03122307970298557
325,8.006173593457788e-05,0.03147974586862279
326,8.266447354496146e-05,0.03157775045379879
327,9.186809159776507e-05,0.031415068141118746
328,0.00010265779419569299,0.030779183908241
329,8.185705131230255e-05,0.032160023007336565
330,0.00010531617056888839,0.03142434678326442
331,8.607462126140794e-05,0.030416574563801757
332,9.58357520479088e-05,0.031408409551372675
333,0.00010009320200576137,0.031122486158384113
334,9.631730790715665e-05,0.03172801317661766
335,9.030469421607752e-05,0.03125059059051078
336,8.304888227333625e-05,0.03093089180903172
337,0.00011445528749997417,0.031158656996535503
338,0.00011031965647513667,0.030550997909598462
339,8.478664676658809e-05,0.03133054500020395
340,8.313173214749744e-05,0.031132458349851174
341,7.678480784913214e-05,0.03115656687401411
342,7.897235773270949e-05,0.03067146147799304
343,8.749127349195381e-05,0.0303918714011748
344,0.00010804320530345042,0.03076571833312981
345,8.389015371600787e-05,0.03087317221981334
346,7.834852391776318e-05,0.030386025247376734
347,8.170331905906399e-05,0.030240489096622768
348,8.095262164715677e-05,0.029163228538561993
349,8.909085493845245e-05,0.02998445095039728
350,8.675140561535955e-05,0.03080940715909943
351,8.132935521037628e-05,0.030637523320716196
352,7.828556554159149e-05,0.03047893783004265
353,8.304675478332986e-05,0.030584892126049583
354,7.543459432781673e-05,0.029672140886229794
355,7.738976516217615e-05,0.029956699385652392
356,8.855470611403385e-05,0.030591468876741065
357,8.914813176185514e-05,0.030327293816513903
358,7.459361368091776e-05,0.03049345898229306
359,8.791770475606124e-05,0.029789154894473986
360,8.708508491205673e-05,0.030052112664763382
361,7.906686029552172e-05,0.030621015884744838
362,8.894664254815628e-05,0.030416075814896682
363,6.824415274119626e-05,0.03075158560839225
364,7.837322264094836e-05,0.02992997418238422
365,8.635944686830044e-05,0.02943337268716707
366,9.431893801471839e-05,0.02985083165131216
367,8.895135251805187e-05,0.028898427042904802
368,7.323227861585716e-05,0.029138164726767952
369,8.934476112093156e-05,0.028566298258351528
370,8.098462276393548e-05,0.02858981806931533
371,7.135272220087548e-05,0.029993071506811877
372,9.331318142358214e-05,0.02998915467205949
373,7.933669112389908e-05,0.029316748514419465
374,8.530555690716331e-05,0.028206248628342246
375,6.384318160902088e-05,0.030233841712080586
376,6.980173542009046e-05,0.02952171076001145
377,6.643475814295622e-05,0.02800809081614487
378,7.25291327398736e-05,0.028771842323888942
379,7.216594773732747e-05,0.02883049954227575
380,8.232501762298247e-05,0.02818771504511045
381,8.574315385582547e-05,0.029485554735022266
382,7.050300434154148e-05,0.02899756347100566
383,6.429108810455849e-05,0.02841118245026258
384,8.233968037529849e-05,0.028413568308034282
385,6.392935417049254e-05,0.028913538463003055
386,7.933119413792156e-05,0.028436550885204255
387,7.781302653408299e-05,0.027923028769455557
388,6.290834668713312e-05,0.02878212981571363
389,7.465119124390185e-05,0.028748866903969623
390,6.381280351585398e-05,0.028661822709511585
391,7.311150014478092e-05,0.027765518567693517
392,7.53862870624289e-05,0.027729249229346675
393,7.2265844210051e-05,0.028947708116272303
394,6.213726398224632e-05,0.029104372882467554
395,6.421748985303566e-05,0.02777617063930654
396,7.116731236844013e-05,0.027456064393201213
397,5.6894867157097906e-05,0.027945457011695922
398,6.267976568778977e-05,0.028587079658283023
399,5.1672858050248274e-05,0.02833136781228809
400,7.470370619557797e-05,0.028284482100582497
401,7.142956407430271e-05,0.027173134608296897
402,7.673548388993367e-05,0.027134751974363026
403,6.584897055290639e-05,0.027710048789818455
404,7.561325473943725e-05,0.02857015487246626
405,5.269997636787593e-05,0.027623008643313657
406,6.475808622781187e-05,0.02730070849455248
407,5.7385891462521004e-05,0.027670562061972506
408,8.193965137858565e-05,0.026939943110144984
409,6.626394169870765e-05,0.028302870866820568
410,7.459026431509604e-05,0.02808978338175871
411,6.772260336826244e-05,0.027034890991965616
412,8.210908272303641e-05,0.027036964160016202
413,7.396528647708085e-05,0.027136064185870914
414,6.251624630143245e-05,0.027349500645568053
415,5.952628465214123e-05,0.027023748208688
416,6.816527602495625e-05,0.027528380461799815
417,6.742235952212165e-05,0.02721708728455183
418,6.647881479390586e-05,0.02643243813021915
419,6.551599023320401e-05,0.027382623081601512
420,7.09226403463011e-05,0.02700135903799628
421,6.304702304381257e-05,0.027380005581172432
422,6.309609986298407e-05,0.027912910763672957
423,6.445469334721565e-05,0.027193640395412295
424,6.442208929608265e-05,0.02679808874885867
425,6.878181787518163e-05,0.026966867220448696
426,6.329037350951693e-05,0.02722536485026202
427,6.63729413645342e-05,0.02721973435263934
428,5.557730328291655e-05,0.026810496957517985
429,6.742030867220213e-05,0.02564036617363532
430,5.865574106186008e-05,0.026843821057888465
431,6.440620685073857e-05,0.02594933749770555
432,8.793645926440756e-05,0.02610143934061208
433,5.663275708987688e-05,0.026369799368494137
434,7.306807674467564e-05,0.025510582163577943
435,6.954174120134363e-05,0.026249911284118188
436,6.218832058948464e-05,0.027196980983488203
437,6.546989898197353e-05,0.02717438871114273
438,6.599459253872434e-05,0.025029958233119935
439,7.032693538349122e-05,0.026501046654980952
440,5.094192310934886e-05,0.027234585354412633
441,5.2377586447012923e-05,0.026733312227829233
442,6.047021985674898e-05,0.02527071550253808
443,5.7437178717615704e-05,0.025784688906406793
444,5.4255435922338315e-05,0.02531577021939548
445,6.249672927272816e-05,0.02642625878293683
446,5.0847583527987204e-05,0.02690494183714934
447,6.115501552509765e-05,0.025544625802302923
448,6.605980937213947e-05,0.02498523861639143
449,5.5336182898220915e-05,0.02672888461764403
450,5.1518939653760756e-05,0.026254590776726955
451,5.081305183315029e-05,0.025601773984788908
452,6.16688082421509e-05,0.02522720414118504
453,5.8701373442697026e-05,0.026225694345207665
454,4.300713771954179e-05,0.02563080174012447
455,4.441613831052867e-05,0.025817977103192037
456,6.419984759607663e-05,0.025801370815029295
457,5.976340617053211e-05,0.02533003488394219
458,4.7068648079099755e-05,0.025790278953830088
459,6.104184528036664e-05,0.025466100290769667
460,5.214681732468307e-05,0.025824525723541814
461,5.298048393645634e-05,0.024917764955852913
462,6.0667796545506766e-05,0.024596728765823708
463,6.20698958906966e-05,0.025590673558355318
464,6.18908661029612e-05,0.025896016244343886
465,6.870618332565452e-05,0.02633214756611764
466,7.706075193709694e-05,0.02519235622108452
467,0.00010034353617811575,0.024902208788892415
468,5.757190374424681e-05,0.024996947790459384
469,5.237364530330524e-05,0.025866745670480053
470,6.507603829959407e-05,0.025290334465231483
471,6.493721448350698e-05,0.024504248140834448
472,6.075853452784941e-05,0.025487704070534294
473,6.220815436487707e-05,0.02556122962649413
474,6.08754931211782e-05,0.02559072016848354
475,6.341923338671525e-05,0.025722413873813285
476,5.4779506657117355e-05,0.02490696859524006
477,6.420397645949076e-05,0.025121096433617
478,6.321151571076674e-05,0.025301492501666228
479,5.588012427324429e-05,0.02516583599678175
480,5.3585684994080415e-05,0.024093281947017656
481,5.5274672437614454e-05,0.024398526426140717
482,6.067915383027867e-05,0.02562200990835513
483,5.7256633832973115e-05,0.02518111458561552
484,4.733572544258398e-05,0.025466992659127618
485,4.9067098977199446e-05,0.024351474308357463
486,4.500943759921938e-05,0.02475336968429445
487,5.696086348810544e-05,0.025146726284205445
488,5.028235318604857e-05,0.024854359957646198
489,5.602164892479777e-05,0.024012594740456483
490,6.198300155422961e-05,0.02447931882082008
491,5.128151484920333e-05,0.024504533198874766
492,4.973280059251313e-05,0.024688604133804953
493,5.609241246323412e-05,0.024524859966724877
494,4.915918737727528e-05,0.02433021228731148
495,4.175551427276029e-05,0.024352283899005005
496,5.9458553732838484e-05,0.024326215021488233
497,5.551387876039371e-05,0.024308646053779782
498,6.0940588688633095e-05,0.024024382321618673
499,5.3578681642344844e-05,0.02473590473138441
500,4.826377941450725e-05,0.0247122601671951
501,5.459803845345353e-05,0.024067298105851873
502,5.6375588368003564e-05,0.02375003270159556
503,4.5627191138919446e-05,0.025363119128416843
504,6.0102417774032804e-05,0.024269415520307584
505,5.36743207097364e-05,0.024017372175933808
506,6.726712987680609e-05,0.02380927701986681
507,5.505009321495891e-05,0.023403921377236448
508,4.7290670530249675e-05,0.025284060812371924
509,5.633170464231322e-05,0.024726572087195916
510,5.429104652042345e-05,0.023660949306694542
511,5.901120506071796e-05,0.023493099107047704
512,6.874838145449757e-05,0.02425832641640986
513,6.695262272842229e-05,0.023513282641885788
514,5.322249999153428e-05,0.024335598323758194
515,6.436608042956019e-05,0.023788772523403168
516,6.37364585903318e-05,0.022812693460485128
517,6.13876540834705e-05,0.02399752400522157
518,5.8876137821547066e-05,0.023693358862963247
519,6.301082078910744e-05,0.02373151953412792
520,5.3111343489338955e-05,0.024113331899398894
521,6.099596212152392e-05,0.023295783239790775
522,6.023723108228296e-05,0.023422919301770803
523,5.4275605846972516e-05,0.02332738575738246
524,6.279079971136526e-05,0.023758594386690243
525,6.29508863009202e-05,0.024343882782722082
526,5.465243715055597e-05,0.023891605935462818
527,6.0056414319357525e-05,0.023364245950237034
528,5.7479207559178276e-05,0.023693477866921837
529,5.056680141327282e-05,0.02334020776659485
530,5.1614058368916936e-05,0.023799115542586395
531,4.522548770182766e-05,0.023193623049287345
532,5.447528553001272e-05,0.023009268200303627
533,5.2290733826036255e-05,0.023019369280948415
534,4.674642623285763e-05,0.023687262146726368
535,4.178851765270035e-05,0.02332634772137394
536,5.648560157472578e-05,0.023282139466738138
537,4.48555202941255e-05,0.023815537414212867
538,4.2863595202409975e-05,0.023426849981696588
539,4.492370693090682e-05,0.023263706583676377
540,4.2149304499616845e-05,0.022974289367048758
541,5.268076298913608e-05,0.022277978197561474
542,3.0124671563195687e-05,0.022574859546629463
543,4.396978232155864e-05,0.02346397557948518
544,4.5077093576158706e-05,0.023065134765594963
545,5.16928979777731e-05,0.022830654991658653
546,5.2538568949482095e-05,0.022341718383896068
547,4.436099504043038e-05,0.022392262242675768
548,4.858121828874573e-05,0.022424395658134474
549,4.6902501586979876e-05,0.02358668555659572
550,4.606303167141353e-05,0.021456438725388896
551,4.771996852165709e-05,0.022173691746287458
552,4.5420211608870884e-05,0.022640575720803944
553,4.822732153115794e-05,0.022865060716867447
554,4.698110715253279e-05,0.022508147751956475
555,4.590868241696929e-05,0.022603367843965844
556,4.0812971322642017e-05,0.022933574672055056
557,4.4192851055413486e-05,0.022443672128784373
558,4.152439214522019e-05,0.02300709318809622
559,4.522303667423936e-05,0.022290092518949135
560,4.633887195571636e-05,0.02224209796138636
561,4.2423829048251115e-05,0.02261590482447091
562,4.642855395407726e-05,0.022102474110333
563,5.341370900472005e-05,0.022643271628327258
564,3.448675027660404e-05,0.022426322337210647
565,3.914159242413007e-05,0.022821550176838252
566,5.0799385159431644e-05,0.022203737092534388
567,5.2805811962268004e-05,0.02168571969538223
568,4.996956534644899e-05,0.023303022006834585
569,5.579785405037304e-05,0.022694690314334208
570,3.839226556010544e-05,0.021127441824655833
571,5.149318070228522e-05,0.022628427461141676
572,5.5995251750573515e-05,0.022746704460129025
573,5.047385542032619e-05,0.021464409145313924
574,5.9192436553227404e-05,0.02274655213388871
575,6.515937372266004e-05,0.021942303435304972
576,9.205590176861734e-05,0.022015909041006733
577,7.513310605039199e-05,0.023123036072714123
578,4.447469400474802e-05,0.022015389905670497
579,5.3215041407383976e-05,0.0219390863978018
580,6.606708290443445e-05,0.021473119138028678
581,6.355656175098072e-05,0.021280381329885616
582,4.707766493083909e-05,0.023026464022989346
583,4.6408274405015014e-05,0.021887913463622566
584,4.778147194883786e-05,0.021014635575803246
585,3.6691008911778526e-05,0.021258895468758785
586,4.145676005767503e-05,0.021363078139898344
587,5.108523085558166e-05,0.021538496956111878
588,4.1609222535043955e-05,0.021888038862173952
589,3.617672167213944e-05,0.020923453933141364
590,4.2871839347450684e-05,0.021572060883045197
591,4.601267573889345e-05,0.0219841543731727
592,4.459769406821579e-05,0.02121854060160832
593,3.7860299441187334e-05,0.021389669907374644
594,4.2012742778752e-05,0.02036169059867934
595,5.7106250460492446e-05,0.02112992902792345
596,5.397191368198643e-05,0.021712839691423055
597,5.2539738438402615e-05,0.021390710495353685
598,5.1543781106981136e-05,0.02066041520378721
599,4.39774642776077e-05,0.021636887094167275
600,5.704245704691857e-05,0.020786104210483745
601,4.312388433997209e-05,0.02175873353725343
602,5.061472911620513e-05,0.021365723624004154
603,3.6576965067069976e-05,0.021308690866851433
604,4.3977573174439995e-05,0.020449792364920217
605,3.908005989311884e-05,0.021336075211838473
606,3.450777585385367e-05,0.020652602595372462
607,5.1729954429902135e-05,0.0208584927609117
608,4.6399278168488915e-05,0.020438332814635255
609,4.367544473401116e-05,0.020665786515070696
610,3.6983867175877094e-05,0.021157479074996287
611,4.1507412970531735e-05,0.021048790591908253
612,4.244498947324852e-05,0.021347732642504173
613,4.4076193201666074e-05,0.020533071112210356
614,4.4061237834588006e-05,0.02056275874258965
615,3.724756267426225e-05,0.02124922640445664
616,3.771960643158915e-05,0.020287830059922587
617,3.383688429797379e-05,0.02000378752787282
618,3.416105658592035e-05,0.02042802212041194
619,4.4269301724852994e-05,0.020840797543995024
620,4.390370328716623e-05,0.0207263729351712
621,3.420716481438528e-05,0.01983213935076721
622,3.320555818694023e-05,0.020697273841993078
623,4.150199116944956e-05,0.02074956052063957
624,4.129354541267579e-05,0.02051457378455973
625,3.020666481461376e-05,0.020359922171108366
626,3.902600583387539e-05,0.020249627706572765
627,4.3388297490309925e-05,0.02128268482060883
628,3.56068284114978e-05,0.02086969289019352
629,3.324118782378112e-05,0.020055756383524165
630,4.5149913300216817e-05,0.019541522150668574
631,4.8308039307206245e-05,0.02059443931527964
632,4.063130327267572e-05,0.02045595147243635
633,3.963257283127556e-05,0.019864463694686963
634,4.4449113678031914e-05,0.02035008637806562
635,3.310099321727951e-05,0.020949816433932837
636,4.813429307735835e-05,0.020119454389012706
637,4.769478255184367e-05,0.019849775931027932
638,4.663881166682889e-05,0.020777509291106323
639,5.518236260589523e-05,0.020118555274066023
640,4.659174446715042e-05,0.020804473059618567
641,5.558029830960246e-05,0.02056839862677056
642,3.781434497795999e-05,0.01999420910252361
643,3.9010331723450996e-05,0.020303217796828803
644,3.104835353345455e-05,0.020224125601175265
645,3.4487457257152224e-05,0.019553998910535976
646,2.948544279206544e-05,0.019475028065480585
647,3.2090353003392616e-05,0.01974108093601512
648,3.668851277325302e-05,0.020635537539176116
649,4.059346829308197e-05,0.018984198452919487
650,3.4405015321681275e-05,0.01922850850529558
651,3.4923508549885204e-05,0.02029870793692709
652,2.6793106856833524e-05,0.019726597681993575
653,3.21408641563418e-05,0.01889039332589765
654,3.261102416824239e-05,0.01942814795637694
655,3.084491084640225e-05,0.019563935169084803
656,4.493186133913696e-05,0.020102600618375568
657,3.313886021108677e-05,0.019707906023254545
658,5.1574081589933483e-05,0.019221251405130223
659,4.203482749289833e-05,0.01984107233290597
660,4.39604312608329e-05,0.01945212823668803
661,4.430879974582543e-05,0.0201538770980253
662,3.9464314128660286e-05,0.018376428809926265
663,4.496392987978955e-05,0.018577261145893982
664,4.1002253419719635e-05,0.02082868207862058
665,3.84606551961042e-05,0.019918842871827405
666,4.6972078174197425e-05,0.019931049621480658
667,4.075532973123093e-05,0.019651914294075777
668,4.3067227913221966e-05,0.020008716732263565
669,4.2529393006892254e-05,0.020037721050536538
670,3.713569215809306e-05,0.019066123277183593
671,3.9117429211425284e-05,0.019172698259353638
672,3.833062704264497e-05,0.01992693734098607
673,3.8629832124570386e-05,0.020253882340089544
674,3.4466826643135086e-05,0.01948488665026004
675,3.982624257332645e-05,0.020046796796359415
676,5.542174864482756e-05,0.01947344038782157
677,4.799729989220699e-05,0.019821871834711766
678,4.284424843111386e-05,0.0198166857319554
679,4.5719175735333316e-05,0.018398033645678692
680,5.715722278788841e-05,0.019441912376035854
681,5.128177435835824e-05,0.019686426204724574
682,3.840988065348938e-05,0.018879010774723187
683,3.612806613091379e-05,0.018540166113085635
684,3.2135931784675144e-05,0.018590417932572326
685,3.734555890938888e-05,0.019459099398823235
686,3.994044212352795e-05,0.018909485878672187
687,4.300453559456703e-05,0.018510238128149604
688,3.4537935304494266e-05,0.019411284300520665
689,3.502202695623661e-05,0.019352650900525372
690,3.94040675018914e-05,0.018261030609682788
691,3.838546739037459e-05,0.018440150105812417
692,3.276336525838512e-05,0.01934123323775652
693,3.575366305691811e-05,0.01960093777362756
694,3.582257728946085e-05,0.018977015066569246
695,3.9162237226264554e-05,0.01849810679362515
696,3.490206872811541e-05,0.019596729515575048
697,3.4212858493750295e-05,0.01920287501741582
698,2.8436467740296697e-05,0.01893271963427386
699,4.556395506369881e-05,0.018461540194712286
700,4.122634830613e-05,0.019185123657147717
701,4.4660668936558065e-05,0.01897750290360038
702,4.616546551308905e-05,0.018657490464411383
703,4.185332751755292e-05,0.019821221434225246
704,4.641380025229107e-05,0.017978479924399084
705,5.300790605057652e-05,0.01921880591338075
706,5.0445210460262996e-05,0.018654074519872665
707,3.5446341886805994e-05,0.018649492647469512
708,3.480295805881421e-05,0.01891269247362933
709,3.417519304396895e-05,0.01914961741665217
710,2.9374223959166557e-05,0.0190333769781383
711,3.472041268347918e-05,0.018136922680721507
712,3.077076350261147e-05,0.01885330539167397
713,3.6640425363051085e-05,0.01883086999218295
714,3.827717009698972e-05,0.019126154951692568
715,3.691657814973344e-05,0.01907670503760886
716,3.578363199873517e-05,0.01821356788864286
717,4.1320403033751064e-05,0.018303305937314596
718,3.0920030500662206e-05,0.019118344279255454
719,3.500936157555164e-05,0.017993620002832937
720,4.796668557294955e-05,0.018960628130539194
721,2.9289682182328154e-05,0.018980043932912857
722,3.2246347109321506e-05,0.018459360254561807
723,3.629539120690121e-05,0.01813967992353627
724,2.875420638398888e-05,0.01846692925245743
725,3.079762391280383e-05,0.018330614515176907
726,3.7453386903507634e-05,0.018079475771019777
727,2.80491090961732e-05,0.01863762692321004
728,3.443285095272586e-05,0.018388141855949492
729,3.618594055296853e-05,0.019438691818573342
730,5.8184196435225505e-05,0.01819309052519911
731,7.201267532461012e-05,0.018139099980902483
732,8.194840484065935e-05,0.019455509040299364
733,6.014932247732456e-05,0.01791213796012045
734,4.4549916977606094e-05,0.01831972513963857
735,4.6928735537221654e-05,0.01696169587570851
736,4.9473355708566184e-05,0.019255421557060375
737,3.7072553580704456e-05,0.018323808057805684
738,3.862632875097916e-05,0.01791422693865506
739,4.1589319152990356e-05,0.018384445927978502
740,3.676807233811512e-05,0.018774694902455712
741,2.8734124255909896e-05,0.018220887233422498
742,2.1231728654432423e-05,0.0173660174716176
743,2.25826567960515e-05,0.017948168997220168
744,2.268729294883087e-05,0.018071939362081017
745,2.6579144954060515e-05,0.017570969890656433
746,3.175603572647863e-05,0.01778198778629303
747,4.1472110024187717e-05,0.017904590140646836
748,3.376332909586684e-05,0.017814619803991842
749,2.4719130548570924e-05,0.01706993447866027
750,2.529181559414913e-05,0.017383137937840513
751,2.767023785660664e-05,0.017997272987300018
752,4.059037261564905e-05,0.017768199636241582
753,4.058025418392693e-05,0.01802891337378757
754,5.805057298857719e-05,0.01729592135337394
755,6.0387494643994916e-05,0.01919656801294154
756,5.979773074310894e-05,0.017915940953521278
757,4.6829538284024845e-05,0.017479216518599218
758,3.935778804589063e-05,0.01708594316572655
759,3.6555044304501885e-05,0.018080136115391422
760,3.058238811111854e-05,0.01747125680521717
761,3.238868327268089e-05,0.01764189668997066
762,5.0397432156993695e-05,0.017831768635220416
763,4.217469395371154e-05,0.019008102379445956
764,5.633393108534316e-05,0.01833291466193875
765,6.614389906947812e-05,0.01792265656660861
766,6.908853683853521e-05,0.018752554064895226
767,5.110703956840249e-05,0.018295971691373765
768,3.632736358364733e-05,0.017908061993873025
769,5.002994585083798e-05,0.019196007078088176
770,3.7091712874826045e-05,0.018008001999357554
771,3.336276956057797e-05,0.017201285222618597
772,3.733508929144591e-05,0.01781132427139545
773,3.111792672522521e-05,0.018287988012935234
774,2.2445743040104085e-05,0.017592581766327536
775,2.7934974180728508e-05,0.01750505442811748
776,3.0987504821193095e-05,0.018002427850417266
777,2.7886537524561086e-05,0.018141649927445283
778,4.013883541726197e-05,0.016904992000089856
779,4.392000749552001e-05,0.018030611812833726
780,4.7712813830003144e-05,0.018561374161421784
781,4.837334126932547e-05,0.017479621607252933
782,4.6375040255952626e-05,0.017923594195777038
783,6.679441479112332e-05,0.016677223439291705
784,7.514445702933396e-05,0.018625340358478817
785,7.494449722192561e-05,0.016064226128688946
786,7.675180968362838e-05,0.01730049606852644
787,7.268758684707185e-05,0.01740928026517545
788,6.387567846104503e-05,0.01739764503958657
789,7.539588744596889e-05,0.01892128346238549
790,4.5607437884124616e-05,0.017052542242243535
791,4.581787361530587e-05,0.01778734686571782
792,2.7537743517314083e-05,0.01583466203663293
793,3.5046914126724006e-05,0.017328951683804744
794,3.624710322280104e-05,0.017071202837341412
795,2.793579672773679e-05,0.017803836027233618
796,2.8254069426717858e-05,0.016866322460137015
797,3.6528002237901094e-05,0.017073930541830738
798,3.053859109058976e-05,0.017020655194605428
799,2.659624515217729e-05,0.016631464759899874
800,3.20913502946496e-05,0.017291690450249694
801,3.083957562921569e-05,0.017347041810826053
802,3.8661530318980415e-05,0.01647807640118862
803,3.760305189643986e-05,0.01684518973893068
804,3.9641976278896134e-05,0.017396671770829854
805,4.447897978631469e-05,0.017444736492915416
806,4.231984833798682e-05,0.016650792005963214
807,5.166154005564749e-05,0.017724498901076205
808,7.121563539840281e-05,0.017917860504679792
809,6.314610363915563e-05,0.015661389486292216
810,0.00010884994529381705,0.01655538776141452
811,7.807523652445525e-05,0.01931951561664033
812,6.98818446835503e-05,0.01550576830004144
813,7.044019342477744e-05,0.01720094366923092
814,8.649212104501202e-05,0.018337416425933988
815,6.494762213454427e-05,0.016884520239248052
816,4.9110194474148254e-05,0.015488010809177489
817,4.106360405179051e-05,0.016622318292227316
818,3.647587582236156e-05,0.01790223904247359
819,3.78467596116631e-05,0.01695445807665352
820,3.272307561322426e-05,0.016228514305484578
821,2.786694252184437e-05,0.01748060018528165
822,1.7441052720338726e-05,0.016491833663596883
823,1.9399160252457173e-05,0.016514384459088167
824,2.7191783859355687e-05,0.016572239713406
825,3.824170028868442e-05,0.016988904838721584
826,3.2159128265144926e-05,0.01698488372517383
827,2.968595532972055e-05,0.01646058229128207
828,2.774649207519057e-05,0.01746166042807534
829,2.6542331155117913e-05,0.017105866810233575
830,3.083773165902433e-05,0.016402145745012704
831,3.237003341685825e-05,0.017344349775258013
832,3.3581614843569696e-05,0.01678099169388531
833,3.931762136441345e-05,0.016126500750620533
834,3.5032098821830004e-05,0.01564224422212661
835,3.092529441346414e-05,0.016911258495698765
836,3.1423500695382244e-05,0.017339240290283216
837,3.06160514204142e-05,0.017277811983908254
838,2.9710988746955992e-05,0.016668660668876227
839,3.632458247011527e-05,0.01665677866480482
840,3.68297388680124e-05,0.01621669929797255
841,3.668940371426288e-05,0.016953550484471433
842,3.333214056813934e-05,0.01680949160198527
843,3.4040829086734446e-05,0.016018114133378652
844,3.194488114483344e-05,0.016957251193720525
845,2.7118399278454792e-05,0.016684634801675015
846,2.6950544512753064e-05,0.015987142040504245
847,2.9889624177788694e-05,0.016888508382510013
848,2.2200937140344954e-05,0.017304108925457074
849,2.5785616344364826e-05,0.01623466194379987
850,2.6361132404417732e-05,0.0163901176919618
851,2.176858179154806e-05,0.01672411630824795
852,2.6661997253540903e-05,0.01688760172898375
853,3.5481766341642164e-05,0.016176989522036604
854,2.0681773215377082e-05,0.01644770490137611
855,2.8059235895246577e-05,0.01733618707755419
856,3.6500470014289024e-05,0.015653331419379694
857,3.796737437369302e-05,0.016552027666897284
858,3.1265186044038275e-05,0.015463309993190089
859,5.5112508562160656e-05,0.016686026241600982
860,6.297011786955408e-05,0.015646225706798824
861,7.748770415976954e-05,0.01594412183081071
862,0.00015886009690196563,0.01558319309095698
863,0.0001740766075575569,0.016097945491159994
864,0.00010980797136047234,0.016819810744110993
865,0.00012032423789302508,0.015479648412447276
866,0.00013400938672324022,0.017162254476171777
867,6.142738517761851e-05,0.014760988038473241
868,8.201933524105698e-05,0.01939062243254166
869,0.00010192699895317976,0.014626456145930477
870,0.00016042060330316113,0.017350366177756017
871,0.00010588799656640428,0.014467252330399874
872,8.832389576127753e-05,0.018546594614823032
873,4.693660594057292e-05,0.016149844182288552
874,4.3531623911500596e-05,0.01686237262576584
875,3.1089652960266294e-05,0.01713225081211
876,2.898702574990845e-05,0.01678857397962743
877,2.7399240813489693e-05,0.015823957077630863
878,2.4189687549854474e-05,0.016537173379828612
879,3.145192167721689e-05,0.01622325296359738
880,2.9067184611146026e-05,0.015932980220852874
881,2.7471168383878345e-05,0.015598149163516487
882,3.117380304805313e-05,0.016426800361533805
883,2.5766870870332544e-05,0.015497905972201055
884,3.40800806346427e-05,0.01572397635795
885,4.2639603149533894e-05,0.01639287197214412
886,4.164488163951319e-05,0.016029546081315814
887,4.000175601201287e-05,0.016307942627921818
888,3.030357923610912e-05,0.016708972680521763
889,3.1573119971047464e-05,0.01594446218154562
890,3.430525296910976e-05,0.016390465111948374
891,3.0823309255841495e-05,0.015729499174149956
892,3.7948084718664175e-05,0.01670157932859706
893,3.0087612685747445e-05,0.015179109268301115
894,3.616531248553656e-05,0.016325630394257898
895,2.434075989488823e-05,0.015575700182849027
896,2.5727119039705335e-05,0.015488034392905048
897,1.9412693048555715e-05,0.01582527926235687
898,2.143765814253129e-05,0.016606336972844884
899,2.3932726374672105e-05,0.014837626807802306
900,3.115435853639307e-05,0.015890202155028742
901,3.0063943389298704e-05,0.016314735680114566
902,2.95436965340438e-05,0.015483365900169207
903,3.559124525054358e-05,0.015001113284525908
904,2.4185793032908503e-05,0.016061458707325102
905,3.90230134750406e-05,0.015830189634965162
906,2.5333486216065165e-05,0.015949596012905826
907,2.1742408353020438e-05,0.015812660706794168
908,2.4220791237894447e-05,0.016665428554213893
909,2.4974794359877706e-05,0.015766959696069477
910,2.6522259577177466e-05,0.0157982965153972
911,2.1045329776825384e-05,0.015690085573459234
912,2.0014087203890087e-05,0.01641854896085469
913,2.624710517314573e-05,0.014766812852517826
914,3.3869980446373425e-05,0.016795321976340663
915,3.381147034815512e-05,0.015371931408803293
916,4.4499198459864904e-05,0.01499929895081858
917,5.337168319480649e-05,0.015278544892945627
918,4.312404101559271e-05,0.01589922372281082
919,2.9821623805522297e-05,0.016043593095043513
920,2.2630504342184093e-05,0.01606630580866431
921,3.1347577654135723e-05,0.016088833724419903
922,3.637147916985365e-05,0.01576578065635651
923,3.298411344682487e-05,0.015878497703572896
924,2.489211340919913e-05,0.01629595517173527
925,2.928208098940862e-05,0.014529136574174475
926,3.154463847749866e-05,0.015853652070591768
927,3.0441869360705216e-05,0.015362560074395083
928,3.596920820806796e-05,0.016310794792306706
929,2.916613666457124e-05,0.014568884688334203
930,2.7341965081480644e-05,0.01666406283932408
931,3.0764805948516975e-05,0.015212414918218072
932,2.896746506545848e-05,0.015549475165802663
933,2.376775112982917e-05,0.015187339461225224
934,2.4313670777094862e-05,0.016511679370337585
935,2.7980865585656526e-05,0.015806805899762733
936,2.7127721599147964e-05,0.015568284215185586
937,3.399464136843259e-05,0.01540109708787888
938,2.1081952521247634e-05,0.015580288039183054
939,2.5734003187001994e-05,0.015479454257356839
940,3.225712935090996e-05,0.01555690629862425
941,2.3010495594159388e-05,0.014864673119361006
942,2.9380296473391355e-05,0.015219656002568447
943,2.8898176969960333e-05,0.01505669487977591
944,3.4143553542283674e-05,0.015774978662100363
945,3.1611688245902767e-05,0.01473688096629353
946,3.650190337793902e-05,0.015832887478466107
947,3.338247649177599e-05,0.015022187809071203
948,3.769222676055506e-05,0.01580176910194825
949,2.9950742464279757e-05,0.014761954105979814
950,3.3409854950150475e-05,0.016251806023083334
951,3.271885567907399e-05,0.015170062151480847
952,3.551412191882264e-05,0.015762091064312325
953,4.500907792438132e-05,0.015327012914372242
954,6.039754371158779e-05,0.016115928582084462
955,8.25564049591776e-05,0.014675077285588258
956,8.899115758443562e-05,0.016473464638464094
957,7.306305487873033e-05,0.014879440522100043
958,7.289588271911877e-05,0.016269725432076793
959,7.498203582751254e-05,0.015825183343464933
960,8.662171167088673e-05,0.016703692829515053
961,0.00012246373153175228,0.015082947469837083
962,0.00017347716202493758,0.015405824334602657
963,0.00022112307682012518,0.01527559370037139
964,0.00036864624586693633,0.016798878865917837
965,0.00042250910579847795,0.014649287012853021
966,0.00020707144091526667,0.012463691241041882
967,0.00011232236477856835,0.01825458553480351
968,8.461452962365002e-05,0.01667558173025687
969,0.0001266104925889522,0.015880278275003584
970,0.00010054623320077856,0.013291718262269742
971,7.927123660920188e-05,0.018202675873135017
972,5.339434768150871e-05,0.01508906322318738
973,4.880174334781865e-05,0.01423937381487193
974,5.987307279913997e-05,0.016069519472873117
975,3.134157838455091e-05,0.017477340761601456
976,4.273789721385886e-05,0.014829831535187294
977,3.5332230618223547e-05,0.014084286665118585
978,5.1913782954216003e-05,0.015646728738321094
979,4.161068403239672e-05,0.013998731882788065
980,6.693107667767132e-05,0.01623848992891199
981,5.165767482443092e-05,0.01514512411956712
982,5.77490345070449e-05,0.01564652613532825
983,4.8286103750191006e-05,0.014461248409091017
984,4.0972658219592024e-05,0.01635416553128423
985,4.403268443032478e-05,0.015382615834709228
986,6.85429500056974e-05,0.015296110076697792
987,7.002196264996504e-05,0.01590518603526701
988,6.608319915054986e-05,0.015542085187172327
989,5.091057246318087e-05,0.01542845781980537
990,3.387534040181587e-05,0.015379657748881288
991,3.460936180393522e-05,0.015365606452536396
992,3.275370521199269e-05,0.014998366337592207
993,2.5294980150647462e-05,0.014735795792162889
994,1.7969210421142635e-05,0.014648854703180433
995,2.458527233102359e-05,0.014800989135043827
996,2.9088183267352483e-05,0.01432376466398164
997,2.73707635642495e-05,0.014939766729206551
998,2.2223736838592837e-05,0.014885079408959142
999,1.971055838415244e-05,0.015201687930137153
1000,1.9146322180555823e-05,0.01437312901372046
1001,2.290910949038031e-05,0.015218027170718186
1002,2.144488025805913e-05,0.014385854429382039
1003,3.28420108417049e-05,0.015886296994808154
1004,5.202106064340721e-05,0.014029713156889743
1005,4.6481162280542775e-05,0.016651800708977257
1006,6.807516037952155e-05,0.013331223352570233
1007,0.00011276746857523298,0.01656512901421607
1008,0.0001194649482689177,0.01547257613948011
1009,9.87890271062497e-05,0.015303135094210857
1010,7.190228304049621e-05,0.014851266268904753
1011,6.004369449025641e-05,0.014839730394168162
1012,7.507369543115298e-05,0.016344040104254023
1013,0.00010116839548572898,0.013909921754063585
1014,9.940562449628487e-05,0.01700721226456597
1015,0.00016871700063347816,0.014184662236238089
1016,6.654621392954141e-05,0.012886222686589234
1017,0.00011787344701588153,0.018006290888457788
1018,9.444247843930498e-05,0.016988411399088507
1019,8.627380448160693e-05,0.013269842492313836
1020,9.042033246563127e-05,0.014003714766558699
1021,7.885340504193058e-05,0.01737474485879808
1022,6.516716966871172e-05,0.013009798676362188
1023,7.804230408510193e-05,0.014274636210184398
1024,7.749322976451367e-05,0.01939025931940304
1025,5.4301326357138654e-05,0.012414196051481202
1026,7.769496102506915e-05,0.01411131314757302
1027,4.750592440056304e-05,0.017163537061355247
1028,5.6944698735605924e-05,0.014890843723702618
1029,5.1013050445665915e-05,0.013757563511452338
1030,4.3744511882929754e-05,0.015978645973318203
1031,5.127387739776168e-05,0.015361464692382362
1032,4.773010514327325e-05,0.013447465067069361
1033,4.954083124175668e-05,0.015054292771525271
1034,9.89370581616337e-05,0.015214336757350155
1035,0.00018162170502667626,0.01482678882367029
1036,0.00021170370794910316,0.014976748360658255
1037,0.00013132147723808884,0.014557550037939718
1038,0.00010081850438533971,0.015076274272259764
1039,7.020116172498092e-05,0.013300730194163135
1040,9.771703674535578e-05,0.01528831539074267
1041,0.00014325369702419266,0.016405755081984
1042,0.00011292953471032282,0.013778260344360757
1043,6.390545410492146e-05,0.014595945813055114
1044,3.616072669198426e-05,0.015729440390829026
1045,5.858377383750242e-05,0.011031000104945475
1046,6.713042578970393e-05,0.013659001218052361
1047,4.253749017758916e-05,0.014665258447016319
1048,4.4700014890016367e-05,0.01385397722167293
1049,4.254852004426842e-05,0.014021902777782575
1050,3.273932040125753e-05,0.016226051712599325
1051,3.154637573364501e-05,0.0151944042542788
1052,3.565433556408e-05,0.013921532545268065
1053,4.0172269412626825e-05,0.015266820084391616
1054,4.889269160533634e-05,0.015101304380443152
1055,7.133634159496675e-05,0.013334963426697911
1056,5.843978869961575e-05,0.01657553181404204
1057,5.670866230502725e-05,0.01493583757459648
1058,3.605104793678038e-05,0.014302913480856288
1059,4.12123018274239e-05,0.015161916026918907
1060,3.2949134523126605e-05,0.016377622833636803
1061,2.4304003212212895e-05,0.01440085529342411
1062,2.879142703022808e-05,0.014460240410068843
1063,2.999870400041497e-05,0.015845563350700018
1064,3.283125624875538e-05,0.014308392414896507
1065,4.174379707061841e-05,0.014360212229602919
1066,3.567240952785748e-05,0.014703751607673374
1067,2.5424747582292186e-05,0.014794961850004873
1068,3.6096077383263034e-05,0.014246746076373603
1069,3.4125477153186994e-05,0.014470507691460332
1070,3.191990278234395e-05,0.014698624933563819
1071,7.0535588505057e-05,0.014658143787872134
1072,0.00012845488866635907,0.01621378949425352
1073,0.00012999049892338613,0.011950334372717565
1074,0.0001687096654980754,0.01611108819800099
1075,0.0001534071828549107,0.015398062178938408
1076,8.666168917746594e-05,0.01768118280946739
1077,5.7775171687050415e-05,0.01292219001242495
1078,7.275721776143959e-05,0.01563355065588876
1079,7.11682182251631e-05,0.015132874485075944
1080,6.234983326673198e-05,0.014800702757018757
1081,4.148343614360783e-05,0.013999238258271705
1082,2.8108842767930278e-05,0.01549200883765859
1083,3.050651891195836e-05,0.014748547226190567
1084,3.0736696013870336e-05,0.013278405834722706
1085,3.375486873361903e-05,0.015761190805378862
1086,3.072170366067439e-05,0.014019904936861805
1087,2.5246546041065206e-05,0.01422737685479517
1088,2.7345797692153915e-05,0.014821698551806877
1089,3.370554428935672e-05,0.014249899871940688
1090,3.8014603584694363e-05,0.013871856415130961
1091,2.9690968221984804e-05,0.013912866757375988
1092,4.352303246074977e-05,0.0165457605259625
1093,5.712765972324026e-05,0.012285771713716778
1094,6.425967051958045e-05,0.014941630811672511
1095,4.147136448106418e-05,0.014517267769950581
1096,3.805789698769028e-05,0.015099374533403577
1097,3.937602935669323e-05,0.012240020147576107
1098,4.669787886086851e-05,0.014676780065917593
1099,3.903625911334529e-05,0.014991789000240837
1100,4.0271072066389024e-05,0.014267688133115844
1101,3.363547487727677e-05,0.014260383513499432
1102,2.5472549047359887e-05,0.014023312961492012
1103,2.4791460600681602e-05,0.014264147552683598
1104,1.976695105743905e-05,0.012990506307229283
1105,1.908755220938474e-05,0.013962533090292937
1106,2.8327159331335375e-05,0.013994663924448134
1107,2.6764358941970083e-05,0.014374925542300142
1108,1.849063094899369e-05,0.013816131674867916
1109,2.0195047545712443e-05,0.013978835341967935
1110,1.6617137528858924e-05,0.014500368767835963
1111,1.8551968484340856e-05,0.013851895371055979
1112,2.0268349180696533e-05,0.013734084268019893
1113,2.162350428989157e-05,0.015033136730588327
1114,2.5484435051718417e-05,0.013477207388816855
1115,2.2426049205629776e-05,0.014364613850755015
1116,2.4732664557329068e-05,0.013154808739860227
1117,2.9547853531160704e-05,0.014621740485739521
1118,3.587441072644045e-05,0.013764995920259183
1119,3.930958943480315e-05,0.013767856928541905
1120,2.9191347130108626e-05,0.01396235583100732
1121,2.6099567912751807e-05,0.013791529183078
1122,2.6492033794056623e-05,0.014025255861714131
1123,2.759154473703044e-05,0.014843107032494283
1124,2.7043369118473493e-05,0.013536656759385987
1125,2.560744202734592e-05,0.013417892436694912
1126,2.9912257499139135e-05,0.01367607099686082
1127,2.6445899129612373e-05,0.014854693271982388
1128,2.7510149326796333e-05,0.013180983245490104
1129,2.415845604749241e-05,0.01301084822557104
1130,1.6441418362470966e-05,0.014703847467899323
1131,3.190209536114707e-05,0.012467335117614175
1132,4.907887535712992e-05,0.014783278870300984
1133,3.37854076254492e-05,0.013971497781398728
1134,2.522662374152181e-05,0.014249917765067318
1135,1.9672845276848723e-05,0.013672975251289804
1136,3.059616671331848e-05,0.013864353768468842
1137,3.4349073636500786e-05,0.0146604193829176
1138,3.693789597794724e-05,0.013031845677673346
1139,3.2316211339396735e-05,0.014093435919425619
1140,2.4164343267329967e-05,0.014826744120186709
1141,2.641676546772942e-05,0.013824225586699688
1142,1.7322827504055263e-05,0.014540941432470412
1143,2.637074958329322e-05,0.014931491128806993
1144,2.2323988620579863e-05,0.014008614256626039
1145,2.910726458746164e-05,0.013110629348890988
1146,1.5675969674096753e-05,0.014212769346209023
1147,1.723378069679408e-05,0.013600056330988727
1148,2.30709723837208e-05,0.013679723937328405
1149,1.1866578097396996e-05,0.014041103803970683
1150,1.790186239910933e-05,0.013543682040896003
1151,1.591123545949813e-05,0.013195357527437173
1152,2.4147618144828206e-05,0.012971431794246351
1153,1.8871199912003553e-05,0.013478634087002183
1154,2.5144076789729298e-05,0.012845551125763908
1155,2.1444328740471975e-05,0.013494045216971494
1156,1.9375703292704808e-05,0.013279325893427443
1157,2.388267263692493e-05,0.013713754244207397
1158,1.6833507591703285e-05,0.012878635120908106
1159,1.761701472181206e-05,0.01347829037763941
1160,2.231540383945685e-05,0.013783627930353946
1161,1.9697058814927004e-05,0.012995254791041059
1162,1.5390142289106733e-05,0.013528212640933164
1163,1.5970340003453507e-05,0.01319710825254598
1164,1.9749559942283668e-05,0.013381052234276073
1165,2.3230518975954814e-05,0.014222088643885035
1166,2.001613150544775e-05,0.013978611941882007
1167,1.4773196016903967e-05,0.012884780397917342
1168,2.0120967625795554e-05,0.013742559948774774
1169,1.7151457965762042e-05,0.013108119060556719
1170,2.1306683144454534e-05,0.013856145751288556
1171,1.4058696372861353e-05,0.013405897031266859
1172,2.59985155328953e-05,0.013146937758786472
1173,2.362595575201946e-05,0.014333230978625966
1174,2.4863102104670058e-05,0.01353526669811076
1175,2.722794088185765e-05,0.012604395631612756
1176,2.953966929150435e-05,0.014039806640288961
1177,2.0110240075155162e-05,0.013325611129403114
1178,1.875403261995719e-05,0.013489835316271294
1179,1.938464993145317e-05,0.01299373092731153
1180,1.740397474350175e-05,0.013110777275182131
1181,2.9445836965654355e-05,0.013091219046453792
1182,3.4513875531653565e-05,0.013641175835972696
1183,3.6432587633801936e-05,0.01398706694287578
1184,3.7391960601477575e-05,0.013656099510239803
1185,2.795855786340932e-05,0.013085565331765987
1186,2.5932355977905294e-05,0.013470629904800512
1187,2.126775070792064e-05,0.012573445582483697
1188,2.277409027252967e-05,0.013709975303862039
1189,2.388940265518613e-05,0.0129618471943018
1190,2.127182863963147e-05,0.012580130410593325
1191,1.6846810467541218e-05,0.013366724899786664
1192,2.0270146099695314e-05,0.012516697414043381
1193,2.3881784485032162e-05,0.013075651894286862
1194,2.352671775346001e-05,0.0123654284668485
1195,2.199197406298481e-05,0.014069227663081461
1196,2.4167829299888883e-05,0.013007311238430616
1197,1.9116960417401666e-05,0.013085475367471927
1198,2.3782076702142756e-05,0.013419704629093643
1199,2.3745190992485733e-05,0.013462267288072842
1200,2.56904950219905e-05,0.012995116896634027
1201,2.4659433256601916e-05,0.013841947613973317
1202,2.2867196457809767e-05,0.012473879015351843
1203,3.0096971264962728e-05,0.013590176069126355
1204,5.293779249768704e-05,0.0129103804461834
1205,9.35879950702656e-05,0.01239178759434561
1206,6.512679683510215e-05,0.013506054746236389
1207,4.755357391938257e-05,0.01240569750565713
1208,3.9963586702166745e-05,0.013206630182547831
1209,2.8071103952242992e-05,0.012784327138361968
1210,3.59072274780677e-05,0.013751862350645967
1211,2.8429445471071328e-05,0.01304711316396871
1212,2.5886247143110572e-05,0.01196675706566788
1213,2.601915305907217e-05,0.012908581013637265
1214,2.498667126928922e-05,0.01431660081340572
1215,2.312557486826942e-05,0.011629432923798486
1216,2.8739052625799864e-05,0.013675576706570903
1217,1.672963905245221e-05,0.01394416837711034
1218,1.6605682564356054e-05,0.012891442404957269
1219,1.7369232470324884e-05,0.013230214746096942
1220,1.983675974770449e-05,0.013724507191988427
1221,1.736819876896334e-05,0.012983721482941486
1222,2.042271153186448e-05,0.013437023503691192
1223,2.0325708707484106e-05,0.01312070401517425
1224,2.484689248376526e-05,0.01274982606625463
1225,1.6393921881293258e-05,0.013642652972242025
1226,2.0644768180015188e-05,0.01311342732056858
1227,2.9528920761852837e-05,0.013234971897808586
1228,2.492144024775674e-05,0.012722583678294354
1229,2.1766718055005187e-05,0.013540458740798508
1230,2.021101572609041e-05,0.01302212602862223
1231,2.1918753312396196e-05,0.013070009076806504
1232,1.642895076656714e-05,0.013541856985979192
1233,1.6695736667315943e-05,0.01275491730610686
1234,1.852374492348948e-05,0.011940576840104081
1235,2.343617064373878e-05,0.013205322766984542
1236,2.0498965265384566e-05,0.012580185849952885
1237,2.1563422099764768e-05,0.012615522413741885
1238,2.4657474690078136e-05,0.012306683689473182
1239,1.8389519391348584e-05,0.013339650575218237
1240,2.554212308799227e-05,0.012572062825124094
1241,3.3111611022225894e-05,0.012698955100587033
1242,3.254000682015127e-05,0.012448177298926931
1243,4.177684653162335e-05,0.013003111750943454
1244,4.090534093847964e-05,0.012763985557349648
1245,2.735694330719222e-05,0.012761859604575503
1246,1.8582132543087938e-05,0.013194839184091785
1247,1.7501922411611303e-05,0.013227744878629061
1248,1.5843588577505822e-05,0.012784233375445125
1249,2.1556897627306172e-05,0.012880557297369626
1250,1.3988914543006103e-05,0.012887160022427716
1251,2.389523870078847e-05,0.013274365610729052
1252,2.9593310076355315e-05,0.012788323377530405
1253,4.066186277971913e-05,0.01517175120396877
1254,4.2692585460220774e-05,0.011851112585602782
1255,4.0328230170416646e-05,0.013269433517038352
1256,4.1472899465588855e-05,0.014941448507111842
1257,5.033681760930146e-05,0.01114424403140864
1258,4.117146697050581e-05,0.012188564150000181
1259,4.5619477896252646e-05,0.014321337622685695
1260,5.41678387283658e-05,0.01010714478673428
1261,6.477736266485105e-05,0.01498679640724903
1262,5.597595615351262e-05,0.013813328467250809
1263,6.950587218549724e-05,0.010747124198970831
1264,4.113126730468745e-05,0.013367966521443345
1265,5.775303579866886e-05,0.013091650578802027
1266,4.884237811590234e-05,0.011389678314797522
1267,4.174275818513706e-05,0.015456841481248224
1268,3.7418903957586735e-05,0.011698505716530357
1269,4.481071276435008e-05,0.011108917235506801
1270,5.8718531120878956e-05,0.016506035232872474
1271,9.489304453988248e-05,0.012460499737910398
1272,4.4331877385654174e-05,0.012141307771909894
1273,4.0762131417674635e-05,0.014343536334244286
1274,5.122373258927837e-05,0.01081983548567051
1275,4.964300411908577e-05,0.010485327985929691
1276,2.926442078508747e-05,0.014450161974495791
1277,5.2675993356388065e-05,0.012057576651178946
1278,5.129545073335369e-05,0.011689204458645948
1279,3.4074025097652336e-05,0.013538590595712812
1280,2.836663164392424e-05,0.01158282660886528
1281,3.23383639624808e-05,0.01340642156387408
1282,2.417955862862679e-05,0.013522659831746357
1283,3.5299716061369205e-05,0.012077581357416205
1284,4.020803802025815e-05,0.012426345044468332
1285,2.893550699809566e-05,0.013072062078423388
1286,4.309683572500944e-05,0.011924345471610235
1287,4.373043508773359e-05,0.014425200358854504
1288,5.501816340256482e-05,0.012645880449709929
1289,4.352240600079919e-05,0.013420109248419446
1290,4.002198984380812e-05,0.012432125375026793
1291,2.9864918178645895e-05,0.011696895833794527
1292,2.3442106612492353e-05,0.012996268803327103
1293,2.19912519241916e-05,0.013159358331302958
1294,1.8095549057761674e-05,0.012671476846018175
1295,2.0329352507057288e-05,0.012851179511410984
1296,2.2134464719177533e-05,0.012514771409626082
1297,2.31951775883014e-05,0.011847250911546505
1298,1.7510095494799317e-05,0.013301728102635212
1299,1.966781589241388e-05,0.011829475410223946
1300,1.7327809352233696e-05,0.012477193731726625
1301,2.5575547382080308e-05,0.013269330763558703
1302,2.463795705504405e-05,0.011713073654906956
1303,1.7717241886809156e-05,0.01221824161649689
1304,1.973710629196527e-05,0.01267162736827933
1305,1.5387532039312644e-05,0.01223080507002947
1306,1.586005964782089e-05,0.012810669003391829
1307,1.1886244828929194e-05,0.01187835438690317
1308,1.4122097612319824e-05,0.012033500026647501
1309,1.3437954112305307e-05,0.01218564865568022
1310,1.4738835307070986e-05,0.01229318008413465
1311,1.3010951624892186e-05,0.012675923757313743
1312,1.597188068747831e-05,0.01243694761665318
1313,1.581880484688251e-05,0.012338586078267398
1314,1.733226951425119e-05,0.012534881611977975
1315,2.122622512009305e-05,0.012455880392606802
1316,2.6914414168762352e-05,0.012105069981198611
1317,1.9914693984901534e-05,0.013249555338672765
1318,2.1258442575344817e-05,0.01254432482688915
1319,1.6064920661544117e-05,0.01239354006476759
1320,1.6385578540697072e-05,0.012704749276318887
1321,1.888529647355123e-05,0.012807972245211676
1322,1.9068826804868878e-05,0.011734828587592118
1323,1.8282616050176633e-05,0.013447283422501068
1324,3.460911987834455e-05,0.010506277977246938
1325,7.19720211539728e-05,0.013898520341773671
1326,0.00013264670948653172,0.012398503735426843
1327,4.2090007142784694e-05,0.012072614841456488
1328,6.4375849130253e-05,0.012172014474516778
1329,5.3605842307054745e-05,0.012820187090771405
1330,4.9650250002741816e-05,0.01230408766079606
1331,7.265913591254502e-05,0.01326897058371953
1332,4.624083570282285e-05,0.01234134161976848
1333,3.531394977471791e-05,0.011962049897378825
1334,2.5184715620222658e-05,0.01234665285707928
1335,1.7954831370540585e-05,0.013267956952762417
1336,1.7351632656451936e-05,0.012288363929104618
1337,1.80902282105914e-05,0.012516508920220878
1338,1.8272191179372992e-05,0.012202276972921814
1339,2.4973049221443944e-05,0.011631761875560902
1340,1.5122880298198045e-05,0.012740115319767336
1341,3.831829914512734e-05,0.011354972146392807
1342,4.161008303829779e-05,0.013699845330217692
1343,3.1258025167820354e-05,0.012929136725509261
1344,3.639043813260893e-05,0.012251400132113554
1345,6.0852907578616094e-05,0.010670718186952937
1346,8.569820444487656e-05,0.012495597135128938
1347,5.3056811642212175e-05,0.011510975541561608
1348,3.479973966022953e-05,0.012776947660943654
1349,3.0114427985002598e-05,0.011543977345655284
1350,4.459803361290445e-05,0.011913048338115685
1351,3.15297785467313e-05,0.010633475051855478
1352,3.151855441198374e-05,0.012076246178173643
1353,2.0275085140989783e-05,0.012069814449806851
1354,1.6550088427417602e-05,0.011567412648262002
1355,2.9221480266035844e-05,0.011978690123816174
1356,2.0737082741106862e-05,0.011353820445030693
1357,1.9546613475540654e-05,0.012216865209730591
1358,3.515859328520795e-05,0.011908153453328478
1359,3.591909529253219e-05,0.012850051672439876
1360,2.8432357188042563e-05,0.011900822067354608
1361,3.247341422441726e-05,0.012288847116856124
1362,4.705003084382042e-05,0.012049419218747635
1363,5.134968693406942e-05,0.012966811803616876
1364,4.1616851982932225e-05,0.011714406986170866
1365,3.227336249741105e-05,0.01174552916131151
1366,2.895848908034774e-05,0.012267935713093111
1367,1.720044553318682e-05,0.011938483153623858
1368,1.7117544484790414e-05,0.012425962483554374
1369,1.4611940180960421e-05,0.012179785078083436
1370,1.8154231171744564e-05,0.012098922856210724
1371,3.872453574634468e-05,0.012180846521821548
1372,2.7709262212738395e-05,0.012432246006966576
1373,1.9935292948503046e-05,0.012335273239204265
1374,2.0091338107401195e-05,0.011469549081456943
1375,1.846839319720554e-05,0.011454881102902683
1376,2.4608363795171802e-05,0.012181790384251302
1377,3.52321219300696e-05,0.011995715521803991
1378,2.2862506739329547e-05,0.012479893613870688
1379,2.5149546127067877e-05,0.011559004125397974
1380,6.958471033916188e-05,0.012599058141271898
1381,5.2578429313143714e-05,0.011166306329876419
1382,6.652603430363039e-05,0.01208253360287411
1383,4.9161911010742185e-05,0.012863927102816386
1384,8.137590872744719e-05,0.009281690371787454
1385,0.00010114220543376481,0.013028918127492657
1386,9.586085943737998e-05,0.016543315180878
1387,6.763400136454342e-05,0.010353949610290564
1388,7.748575881123543e-05,0.012715913487348969
1389,0.00010574558061004306,0.012184487758424338
1390,9.146318334387615e-05,0.012160167010046366
1391,5.828083861464014e-05,0.012516254309828825
1392,0.00011199518824772288,0.013416796600020776
1393,0.0001068154233507812,0.008798239312655344
1394,0.0001057539329243203,0.015872152096877888
1395,0.00017735737298304837,0.010985412099582004
1396,0.0001228485683289667,0.011777241076306096
1397,6.863335947855375e-05,0.014643899451090596
1398,6.295710627455265e-05,0.011698020196805789
1399,3.312163656422247e-05,0.011203398840047243
1400,3.88247887409913e-05,0.012433032483214469
1401,3.860480598329256e-05,0.010363097016618946
1402,3.215044610745584e-05,0.012482064314127907
1403,4.2414375093358105e-05,0.012560369813536096
1404,3.468593143528172e-05,0.009899908148749607
1405,5.928068227755527e-05,0.013020006617105851
1406,6.40187737493155e-05,0.010494937298922088
1407,9.130326992211243e-05,0.012770955560831573
1408,0.00016388510218045364,0.011090735721541203
1409,7.044092490104958e-05,0.012363550597875137
1410,5.908395808849794e-05,0.01100469713546629
1411,3.7399385231159003e-05,0.011516239655416781
1412,3.6516520534253986e-05,0.012099761897184718
1413,4.633733284814904e-05,0.012565610387663203
1414,4.390482451223458e-05,0.0117497423033076
1415,4.799789167009294e-05,0.011345299107469911
1416,0.0001222231958915169,0.011359499884754654
1417,0.00013704942733359834,0.01481997655836616
1418,0.00011752650437604947,0.01051819245294323
1419,9.326457608646402e-05,0.010879399489582055
1420,8.513495946923891e-05,0.01193118022065463
1421,0.00010164359506840508,0.012613202672539733
1422,0.00015609649514469008,0.010966565738630108
1423,0.0001637857043533586,0.011478117791803803
1424,9.527713070080305e-05,0.010832066185713753
1425,8.102620631689206e-05,0.012868158299270578
1426,8.849160658428446e-05,0.012034942593982838
1427,0.00012225516935965668,0.009581493888431646
1428,9.398144854155059e-05,0.014290405569348748
1429,8.714397129854964e-05,0.010352784122421048
1430,9.068021924273732e-05,0.012859687399793797
1431,6.490023830944362e-05,0.012478348894382086
1432,8.409433200237496e-05,0.009575745721501628
1433,8.741221596816709e-05,0.01170252380877968
1434,8.797085586896477e-05,0.012885500992259642
1435,7.964856340549886e-05,0.010212378136402979
1436,8.593107437870155e-05,0.01590881130005431
1437,0.00010308839361338566,0.012172776355048803
1438,9.429389319848269e-05,0.010746474678474149
1439,7.808305623863513e-05,0.011947971673345003
1440,0.00011827783067322647,0.013951186794699647
1441,8.058461098698899e-05,0.011037505943122812
1442,0.0001231393859294864,0.01188089657486893
1443,0.00011694506441320604,0.011459989634555155
1444,0.00014063376875128597,0.011923967457310421
1445,0.0001342546636199889,0.011756102283169903
1446,0.00011447879078332334,0.012824466349337045
1447,0.0001486580081594487,0.009629414996176254
1448,6.869593683707838e-05,0.012474472509829079
1449,4.7146183351287616e-05,0.010273907377611934
1450,2.8718820249196143e-05,0.012454390115155948
1451,3.5735603402523947e-05,0.01226616552554247
1452,4.551101010292768e-05,0.01112056398896251
1453,5.0868965869691846e-05,0.012124433922838039
1454,4.492769215479105e-05,0.012093657525036279
1455,4.157452543343728e-05,0.010242626994965583
1456,3.56783910926121e-05,0.01335052755756641
1457,3.484960810358947e-05,0.012184460405406989
1458,3.636599309781256e-05,0.009930912419918954
1459,5.370826644745345e-05,0.010394792035808714
1460,6.0295447474345566e-05,0.010186586587682483
1461,2.0377985735346252e-05,0.013075442852701728
1462,2.842180268392743e-05,0.013340067001074318
1463,1.896573339763563e-05,0.011324295070110343
1464,1.908474162822434e-05,0.011435937664405567
1465,2.8800152358599006e-05,0.01147928556764689
1466,2.367035461550889e-05,0.012013414302679498
1467,2.534732023680893e-05,0.011876004359384221
1468,3.0868368291218455e-05,0.012328122764473825
1469,2.5411440704677566e-05,0.011075141788350316
1470,2.508496618247591e-05,0.010705968614403658
1471,2.6716669041585797e-05,0.011169567792199728
1472,2.2113782567127297e-05,0.011741420063446827
1473,3.307778897578828e-05,0.011343101259526304
1474,2.7367000196439525e-05,0.011472552193431403
1475,2.4793034390313552e-05,0.011784744632291042
1476,1.7810066613795545e-05,0.011557538692993441
1477,1.3637204513846276e-05,0.011668099237121934
1478,1.3755383164001007e-05,0.011480373821741953
1479,1.3299332325307963e-05,0.011400217835710743
1480,9.255799644355042e-06,0.011567275633844803
1481,1.8716626436798832e-05,0.011485009490856974
1482,9.81360905522403e-06,0.011497426675412599
1483,7.5127703894395385e-06,0.011790009024809665
1484,1.5194514465595907e-05,0.01136858582379311
1485,1.5201941763128464e-05,0.011397883208013895
1486,3.108010205323808e-05,0.01176163928187269
1487,2.9853901166158416e-05,0.01107453295271697
1488,2.6272499477878835e-05,0.011187366759917867
1489,3.720514117352044e-05,0.011716256255474617
1490,2.370862906294254e-05,0.010712776465092118
1491,2.2121450213793045e-05,0.011678047272868045
1492,2.7531151499715633e-05,0.011989732514920198
1493,3.2997930975398046e-05,0.011746524737810526
1494,3.323141160459879e-05,0.011703892295637468
1495,3.7196744233369825e-05,0.010539330307423598
1496,3.916117602784652e-05,0.010227891711855498
1497,2.9563556139085753e-05,0.011891505277649624
1498,2.36390975866622e-05,0.010710092994758464
1499,2.449163633476322e-05,0.0114740040153265
1500,3.330710848482947e-05,0.011936790713175075
1501,6.739751224813518e-05,0.01135018850698715
1502,8.558041057161366e-05,0.010859355037137279
1503,8.06617844015515e-05,0.012418459338231349
1504,2.6945375126767127e-05,0.010245364438009075
1505,3.7655804044334217e-05,0.011200014164480637
1506,5.305082947112775e-05,0.010958352896172231
1507,8.271725782833528e-05,0.012271093761944395
1508,0.00011147575326807176,0.010472194914977381
1509,0.00016989489765061687,0.012310200290182444
1510,9.45079877662162e-05,0.01097242815757361
1511,6.726365245413035e-05,0.010979603624015342
1512,4.332856236336132e-05,0.010435341263380577
1513,2.6497165223797006e-05,0.012556586135912129
1514,2.9102866149817905e-05,0.010465974824165735
1515,3.953896593884565e-05,0.011546991398836684
1516,3.853016411691594e-05,0.01202662314075654
1517,3.2262802111896845e-05,0.012225644516311293
1518,1.963773526464744e-05,0.01028863650079318
1519,2.380694835058724e-05,0.011217768428715195
1520,2.956145181087777e-05,0.011224521382704494
1521,3.188598930137232e-05,0.011731082177537632
1522,4.27701641456224e-05,0.010688184415848236
1523,4.6058995940256865e-05,0.012165886782637731
1524,4.6701172080550654e-05,0.011447077543716731
1525,3.6523473560616064e-05,0.010470026165364296
1526,3.098547070597609e-05,0.012395911138710074
1527,3.228689286819038e-05,0.010117926422183909
1528,2.644365667947568e-05,0.011621517312573635
1529,2.968167512638805e-05,0.012851648325995198
1530,2.1550732344621793e-05,0.009713864848604353
1531,3.024904835911002e-05,0.011517505652791872
1532,2.744738400603334e-05,0.012402981417033616
1533,3.997517342213541e-05,0.009301767985182485
1534,3.071569214322759e-05,0.014001502002787403
1535,4.469356827030424e-05,0.011653601448601626
1536,7.15909210460571e-05,0.010632472127441346
1537,6.15137464289243e-05,0.012504574175425403
1538,4.784801664451758e-05,0.01201559953743548
1539,2.674552027504736e-05,0.010027935919095211
1540,3.343833595863544e-05,0.012056025757095006
1541,6.299260906719914e-05,0.011037772154714178
1542,7.421890186378732e-05,0.01252775219833757
1543,9.66244435403496e-05,0.011136663784309634
1544,7.088900407931457e-05,0.011989004484663798
1545,5.1490627326226485e-05,0.0105133008827844
1546,5.219815696667259e-05,0.011602085113056063
1547,5.13378957596918e-05,0.010420279548041464
1548,2.9028066395161054e-05,0.012716009890235315
1549,3.262399137990239e-05,0.010660900815030721
1550,3.5376258771672535e-05,0.011358853693552844
1551,2.862204285823585e-05,0.011120341322201443
1552,3.7265707821158385e-05,0.010855541293193974
1553,2.5306691532023252e-05,0.010812697052134303
1554,2.9233499784216595e-05,0.01278630119022422
1555,5.2057127565300716e-05,0.010817535954901553
1556,6.422366253294361e-05,0.013964593234493977
1557,0.00013838071996966997,0.010974463368729344
1558,0.00021332430575663844,0.012735577197525445
1559,0.0001278919478257497,0.010732743214434527
1560,0.0001318534331706663,0.013029407343174529
1561,9.555540358026822e-05,0.011892878868448453
1562,9.451364991643155e-05,0.009915625999175658
1563,0.0001214600667784301,0.01239102612447551
1564,0.0001048488620047768,0.01406665765277044
1565,0.00011991818464593962,0.011536167597207497
1566,0.00017332905942263704,0.015499477194050166
1567,0.00019455124080802004,0.008705802481826834
1568,0.0001763408324526002,0.009573636488534334
1569,0.000152373721357435,0.018748129886670375
1570,0.00013144978584023193,0.010333001921613386
1571,0.00010980575655897459,0.009734955902292034
1572,8.743970926540593e-05,0.009721662511858414
1573,6.43207022221759e-05,0.012361154810884806
1574,4.398062361966974e-05,0.011791567618804654
1575,9.062104897263149e-05,0.01185779222177239
1576,5.521259420978216e-05,0.01740656482187782
1577,0.00010149242104186366,0.009044355221503363
1578,5.672324041370302e-05,0.009558814453093086
1579,2.8608770480786917e-05,0.012720605197149938
1580,1.851392250197629e-05,0.011525775650589485
1581,1.600066449706598e-05,0.011649122373677614
1582,1.712747337781669e-05,0.01048429118190694
1583,1.5690328776448344e-05,0.012041491595661546
1584,2.3467475693905725e-05,0.010987667806857214
1585,1.9907579553546383e-05,0.011209293041290262
1586,2.6127755700144916e-05,0.012268826086807438
1587,1.9829933686802786e-05,0.010721245105928324
1588,1.3575276231373815e-05,0.011043684102418854
1589,1.5503478425671347e-05,0.011326628304489954
1590,1.8104901937476824e-05,0.01132309583463068
1591,2.0238756405888125e-05,0.011642060088595068
1592,2.9204931585506226e-05,0.009987573528031665
1593,4.6082963672233744e-05,0.013223508710232307
1594,2.7639146719593554e-05,0.010819978073356658
1595,3.216896050920089e-05,0.010266819455492215
1596,2.9659249412361534e-05,0.010824080717962557
1597,3.2430793362436815e-05,0.012139303111067907
1598,3.428634615071739e-05,0.010527749670537438
1599,3.660807281751962e-05,0.011070077608185491
1600,3.0373713282945877e-05,0.011590592064491407
1601,2.9567088252709556e-05,0.011023868652661955
1602,1.9048722060688304e-05,0.011053354105376821
1603,1.6861886009185886e-05,0.011904594099779767
1604,1.5335396286294176e-05,0.011324077243293365
1605,1.1648043558428375e-05,0.010998357498035656
1606,1.4330811973195523e-05,0.011628699334939634
1607,2.081922199674106e-05,0.011589605478555198
1608,1.54533358606083e-05,0.010492319754493518
1609,2.184398181270808e-05,0.01179531911813368
1610,3.634326397635353e-05,0.011678437959021471
1611,3.49103055971985e-05,0.010774602468206189
1612,2.947337670775596e-05,0.011161911528645537
1613,3.2797971167989694e-05,0.011316284551981866
1614,2.2750672481682462e-05,0.010009528409073673
1615,2.539553048942859e-05,0.01153220422565937
1616,2.795687590454084e-05,0.011079381183376463
1617,2.1615083035915934e-05,0.011187316468498838
1618,2.1658096375176684e-05,0.010396740523966278
1619,1.6191864415304735e-05,0.011460379866047168
1620,1.4584978271159343e-05,0.010614431719845675
1621,1.8890669161919503e-05,0.011197392821429283
1622,1.70545925963476e-05,0.011419819902599328
1623,1.619283533121537e-05,0.010799896646672346
1624,1.4918320812284946e-05,0.010631363281584162
1625,2.340324038717275e-05,0.011210473356988486
1626,2.191045471893934e-05,0.010670013271096184
1627,1.8228979752166196e-05,0.011531154705783513
1628,2.1919891514698976e-05,0.011954379891316721
1629,3.3616368091315964e-05,0.010458771476712753
1630,2.216174422452847e-05,0.011296572222367046
1631,1.5867803813307547e-05,0.010371913532103141
1632,1.8994636169130292e-05,0.011265025818793793
1633,1.858581672422588e-05,0.011408442396699912
1634,1.4791067587793805e-05,0.010947235001940427
1635,1.829650270034714e-05,0.011462533538501093
1636,1.5012458243290894e-05,0.010999488372971692
1637,1.2959802612992158e-05,0.010505606061008971
1638,1.2107260893875112e-05,0.011238618101191334
1639,1.302144955843687e-05,0.011127246470432582
1640,1.0039179111724176e-05,0.01088966838428824
1641,1.2897591902098309e-05,0.010786599589614417
1642,9.199071185624537e-06,0.01138236510061373
1643,1.3757753185927868e-05,0.01044198719593953
1644,1.0711173369296981e-05,0.01025303777336605
1645,1.1347912065199732e-05,0.011572351341876458
1646,9.488236355537082e-06,0.010616968495873954
1647,1.0680507269474523e-05,0.010450312207768283
1648,1.1375118204644725e-05,0.010732975223754335
1649,1.1186470813602984e-05,0.011032903874952963
1650,1.2785485250788042e-05,0.009993889625734232
1651,1.51010036158065e-05,0.01112686823613531
1652,1.9432776268028342e-05,0.010620185885373064
1653,1.4837365961284377e-05,0.010344903065463689
1654,2.4103710893541573e-05,0.010820924913085351
1655,2.2717731917509808e-05,0.01117303691745743
1656,1.8086055448899666e-05,0.010757926660846538
1657,1.7575399760971776e-05,0.011206731669546112
1658,2.158431210167085e-05,0.010763256627274311
1659,2.0386473746233e-05,0.010334051338823761
1660,1.3543957781318264e-05,0.011591892381470034
1661,1.427033942794272e-05,0.010544250403919557
1662,1.5817941857676487e-05,0.01108328747291734
1663,1.3541705751170715e-05,0.011513121220774539
1664,1.2158004392404109e-05,0.010770128027895304
1665,1.538148517283844e-05,0.01086739267361915
1666,1.6620145106571727e-05,0.011081915715430666
1667,1.4558723160007503e-05,0.010768648574319412
1668,1.3107657893366802e-05,0.010858667530412749
1669,1.3762777234660461e-05,0.010798211480806194
1670,1.1318785921806314e-05,0.010601234702965406
1671,9.342811730069418e-06,0.011310371240292947
1672,1.0410763691955556e-05,0.010038148479785507
1673,1.0697917787183542e-05,0.011109648096397168
1674,1.2673271157837007e-05,0.010641855268379834
1675,8.360729225387331e-06,0.010867249983267522
1676,9.730266598732367e-06,0.010916893201784825
1677,1.0946095881081418e-05,0.010687266351787125
1678,1.110825287469197e-05,0.010714809168276824
1679,1.027127327688504e-05,0.010860026000052925
1680,9.614580752289234e-06,0.010744639855670177
1681,1.087685292683697e-05,0.010453326994274545
1682,9.46387287209897e-06,0.010753585876324984
1683,1.148762409381258e-05,0.010783370862912945
1684,1.3526166731026023e-05,0.010914280262636387
1685,1.0942529479507357e-05,0.01000010880722305
1686,1.04510652818135e-05,0.010948933968980482
1687,9.153064214236413e-06,0.01073885882111985
1688,1.3006447989027948e-05,0.010607579884331995
1689,1.5438712580362335e-05,0.010407059108765106
1690,1.1189728623624735e-05,0.01101637458590072
1691,1.4878937508910895e-05,0.01059283355734949
1692,1.9777649382983022e-05,0.010253603108168587
1693,3.054795646069882e-05,0.010791427287177777
1694,4.016373447181347e-05,0.010729934448214967
1695,3.165546647020771e-05,0.010360503334581382
1696,2.9956939882443598e-05,0.00974478770604753
1697,3.5198892752911586e-05,0.011364686911500345
1698,3.157161360528941e-05,0.009332214650793338
1699,5.7563154647747676e-05,0.012460085028034496
1700,5.762462363539574e-05,0.010484038243495574
1701,3.099567644918958e-05,0.009711244869537242
1702,2.5230909038024645e-05,0.010724268956329878
1703,1.7808382896570644e-05,0.01076631704125348
1704,1.9047085152124056e-05,0.010333956299921659
1705,1.7752565205834496e-05,0.011799904070501252
1706,2.094035553454887e-05,0.010325577520714032
1707,1.6445770052087026e-05,0.009351709373588637
1708,1.9965482594367737e-05,0.011671721055282382
1709,2.6177257192709174e-05,0.010017971500871688
1710,2.5148990728969997e-05,0.01026801304437044
1711,1.730675297343017e-05,0.010485002771019936
1712,1.4312724185098583e-05,0.011119520775680467
1713,1.4156866018311121e-05,0.01050275743124992
1714,1.1599901639177308e-05,0.010495093687782137
1715,1.4053091278280288e-05,0.01076247088435128
1716,1.5761289250804112e-05,0.010202572028350643
1717,1.5605758017045444e-05,0.01010275507477794
1718,1.581649539730279e-05,0.010756612044033102
1719,1.1403448540174093e-05,0.010648999949843864
1720,1.188864419721843e-05,0.010735334711164002
1721,1.649079191944717e-05,0.010338198158919341
1722,1.4081116872451578e-05,0.010207050340616797
1723,1.6367071657441558e-05,0.010891856640342652
1724,1.4437301312379228e-05,0.010289971298706813
1725,2.1263587283707843e-05,0.011228017347652143
1726,1.8211599793479158e-05,0.010087569207539709
1727,2.339860390444907e-05,0.010777078920931328
1728,2.490698886200941e-05,0.010406737927142092
1729,4.653056845806229e-05,0.012182713434921475
1730,0.0001758116408988523,0.008737096298984654
1731,0.00018100118710814665,0.016138312707501132
1732,0.0004996672175669422,0.012259161979781361
1733,0.00030688594367044665,0.010722725718157498
1734,0.00017713562507803242,0.010220234612310966
1735,0.00016257772028135757,0.014806782020123924
1736,0.0003868488633694748,0.008405758302629464
1737,0.0002851348544936627,0.014257843716172721
1738,0.00014103689269783596,0.011676690665873016
1739,0.00014695726664892088,0.010577282538329522
1740,0.00015530594731292998,0.009364433351933486
1741,0.00011315623996779322,0.01638196725544967
1742,0.00014717277178230386,0.008687253337441466
1743,0.00013232193984246503,0.009549979545821355
1744,0.0001610426586315346,0.012145535301739774
1745,0.00017671617824817077,0.008645203785868142
1746,0.00016756365415252124,0.009099293265521056
1747,0.00025489616382401437,0.01707695685620383
1748,0.00026588311108450093,0.006751397771276827
1749,0.00024220803655528774,0.012953035108099772
1750,0.00022587209047439198,0.013070349867536328
1751,0.0005435291250857215,0.009816675087598365
1752,0.000921021681278944,0.012706054653239063
1753,0.0010248258971842007,0.01602025139402217
1754,0.00039433744192744297,0.009568044930461823
1755,0.00030886395446335274,0.011043019724760468
1756,0.00018991888015686224,0.011134731561297507
1757,0.00016263160893383125,0.007903080081611167
1758,0.00021895097840266922,0.012417464641722168
1759,0.00023504477576352656,0.009132461314360926
1760,0.00034046910392741364,0.014825777539352733
1761,0.0003012025690016647,0.011792800279231522
1762,0.0002716024483864506,0.009740085964362452
1763,0.00021095443128918607,0.008455824634925587
1764,0.0001574843869699786,0.01123407898162763
1765,0.00011161582466835777,0.011203561227504663
1766,6.941996349875504e-05,0.011563006715159717
1767,6.12040418976297e-05,0.009622228661860069
1768,0.00011522979293658864,0.012811737589714095
1769,7.904615364774751e-05,0.011604027822613716
1770,4.90290757928354e-05,0.009357967362629147
1771,6.958253118985644e-05,0.011778437026490377
1772,4.213370969713045e-05,0.010798426960983614
1773,6.663843475204581e-05,0.011718959246916094
1774,5.909412332888072e-05,0.010017920241463842
1775,5.610991999371133e-05,0.01052418531571317
1776,6.529903718425582e-05,0.010817032747381316
1777,5.15832024878667e-05,0.010799358899551114
1778,3.989956743074193e-05,0.010180635627095156
1779,2.2280430797157655e-05,0.010636845442253774
1780,1.9403577365058785e-05,0.011064378016694324
1781,1.2553837101828928e-05,0.010408845018800787
1782,1.4260849638958462e-05,0.010779657555142725
1783,1.975678460439667e-05,0.010952310651306092
1784,1.4502308598215071e-05,0.010865397824663815
1785,1.5574264398310334e-05,0.010248617540428958
1786,1.9350807512334238e-05,0.010704974871216796
1787,1.12347400621123e-05,0.01073846618432229
1788,1.1231928632090178e-05,0.010094435166890226
1789,1.4722895381661752e-05,0.010655938757686164
1790,8.711491742966852e-06,0.010488471969610124
1791,1.1901855577889364e-05,0.010267226304125599
1792,8.159693940494132e-06,0.01068777843253819
1793,1.1191088682001767e-05,0.010987377043549471
1794,7.853253919165581e-06,0.010451720631498051
1795,9.527856370065517e-06,0.010517508466178037
1796,1.0974987041360389e-05,0.010423901292869426
1797,8.370371263784667e-06,0.010727823073939076
1798,9.394304167168835e-06,0.01063490485933822
1799,8.53474448376801e-06,0.01070336400582565
1800,8.955419555907914e-06,0.010557721332302244
1801,9.529505647757712e-06,0.010737751089916455
1802,1.0731873771874234e-05,0.010898291404674373
1803,9.36812393774744e-06,0.010194960306948565
1804,1.1539068024527903e-05,0.010804683982035306
1805,1.2388731435445759e-05,0.01098094584317658
1806,1.2267320926184766e-05,0.010443951699912078
1807,1.715085588026947e-05,0.010363280758496345
1808,1.2607901347413038e-05,0.010640479125610487
1809,1.106203150508615e-05,0.010017459522786104
1810,9.070757550944109e-06,0.010676962154822087
1811,1.1211205492145383e-05,0.010776158128901729
1812,1.135967446922829e-05,0.010128822016317075
1813,9.579857457235145e-06,0.01054501548174798
1814,8.758934442691195e-06,0.010414365928356104
1815,1.3958817726233974e-05,0.010197162760172303
1816,9.387902355229017e-06,0.010541593934607319
1817,9.419184122331596e-06,0.010607659098083578
1818,1.1645339357831593e-05,0.010966488182192712
1819,1.062657532505303e-05,0.009881121715105424
1820,1.3894504991185386e-05,0.011597275147287865
1821,2.1247895953517098e-05,0.010846751456068256
1822,2.0621802347401776e-05,0.010149283598609797
1823,1.795659287987898e-05,0.01123896216255004
1824,2.0200374274281784e-05,0.00989917904783891
1825,1.8613807333167644e-05,0.009490874001946975
1826,1.7821007471259994e-05,0.010429144565632023
1827,1.9107116653079478e-05,0.011264011102515882
1828,1.141692324987768e-05,0.010409209041262236
1829,1.1053426472547775e-05,0.010212687804825663
1830,7.574199723118606e-06,0.01047232528547133
1831,8.529094035717814e-06,0.010427443867945295
1832,9.241221778211185e-06,0.010236487877885187
1833,9.639122860486774e-06,0.01063979659082852
1834,8.433873335889076e-06,0.010528714711389204
1835,8.309236000059172e-06,0.010812911329658951
1836,7.85587441593331e-06,0.010257537909380094
1837,7.912172865568815e-06,0.010452828201369977
1838,6.547294378833612e-06,0.010456767241199186
1839,7.855809720543523e-06,0.01042663659460432
1840,1.1754611963018154e-05,0.01061108637982466
1841,1.4253152767196297e-05,0.010673784042202582
1842,9.964817460665168e-06,0.010047670043124927
1843,9.535262688586953e-06,0.010053425029976162
1844,1.0750213914434425e-05,0.010484368166350943
1845,1.110980216859995e-05,0.010358864441514015
1846,1.0177934260961289e-05,0.010266059657602798
1847,1.1667658570028532e-05,0.010295824683088017
1848,9.450712241232395e-06,0.01055811388110082
1849,9.608070286049042e-06,0.010366608337389203
1850,9.288426069057702e-06,0.010281822724839833
1851,9.93130427862828e-06,0.01029304813916289
1852,1.0191061301156879e-05,0.010104299852932533
1853,1.263229472291035e-05,0.010394260301951348
1854,1.4188094913455037e-05,0.010576069237679009
1855,1.2679487554123625e-05,0.009796658017503934
1856,1.354213357747843e-05,0.01018637213415987
1857,9.297108893709568e-06,0.0104519959656507
1858,1.1873779597711593e-05,0.009985150828018902
1859,9.89108660481482e-06,0.010175221093644308
1860,1.3686436432180926e-05,0.010305512843169565
1861,1.1055930068929834e-05,0.010044081165917276
1862,1.1074341697773586e-05,0.01035921255082596
1863,9.405894161318429e-06,0.01037041292943823
1864,1.0551403465797194e-05,0.010357817957603087
1865,8.53395010077899e-06,0.009951860680589526
1866,1.2835140417640407e-05,0.010170819443159215
1867,1.1927259826431207e-05,0.01044116390678357
1868,1.6390808317131207e-05,0.009865025175720687
1869,2.855139415866385e-05,0.010707267904727478
1870,2.3970185065991245e-05,0.010226591922870771
1871,1.584817437105812e-05,0.009846648656007812
1872,1.4991001808084548e-05,0.010480795686287203
1873,1.3990307464458358e-05,0.010045795914108358
1874,1.778779430120873e-05,0.010625044822575539
1875,1.6316709661623463e-05,0.010006836036176194
1876,1.3369340922508855e-05,0.010171775317450208
1877,1.365531052215374e-05,0.00958031549404456
1878,1.2912323290947824e-05,0.010196707702762499
1879,1.8517665012041107e-05,0.0104635238324798
1880,1.6578525052561114e-05,0.010414262001556674
1881,1.7707365320044725e-05,0.009987679346809237
1882,2.4851738514068224e-05,0.010190596349361375
1883,2.157384054347252e-05,0.009700647107963487
1884,2.0852960854729948e-05,0.009417355867234741
1885,1.7905758916943644e-05,0.011368483436975892
1886,2.2887159260183884e-05,0.011117849308322734
1887,1.7366330393997486e-05,0.009674029908780976
1888,1.7020710947690533e-05,0.010288358336006562
1889,2.33156179698805e-05,0.010274863471900384
1890,1.5962809569221767e-05,0.008901796545686685
1891,1.5336475735239218e-05,0.010275958839246608
1892,1.779811076024392e-05,0.009635398003060049
1893,1.8252832524012776e-05,0.00969859736230899
1894,2.059420973334151e-05,0.0112255260377653
1895,2.3095456708688288e-05,0.008473868797144552
1896,3.2147190722753294e-05,0.010535392616912135
1897,2.4031010495188334e-05,0.010675552719104009
1898,1.5837183309486135e-05,0.009759971651974626
1899,1.1004088810295798e-05,0.01036110249032655
1900,8.993017884980266e-06,0.00941285405924001
1901,1.1464490853541065e-05,0.009669471018778996
1902,9.749768347925661e-06,0.010258095910934012
1903,1.474156148712306e-05,0.009995150181838847
1904,1.1621638744448622e-05,0.010530377378848594
1905,1.1145646446190464e-05,0.009639224580188436
1906,1.86635973174513e-05,0.010730967526947419
1907,1.5188733232207597e-05,0.009673750160012658
1908,2.116983099161492e-05,0.009286519887996472
1909,2.3207060318479005e-05,0.011033285497211096
1910,3.657759467993552e-05,0.008867219325125688
1911,3.897960583951014e-05,0.009072761660016427
1912,2.844335886038607e-05,0.011167390800015194
1913,3.016946842156661e-05,0.00857193171098007
1914,3.806180805743982e-05,0.010468491727090258
1915,2.8678490101204563e-05,0.010687618714383267
1916,3.61622044389757e-05,0.008526919996292572
1917,5.8985419066933294e-05,0.010439019752886351
1918,3.477242789813317e-05,0.010402394825313974
1919,3.100468226572654e-05,0.009265627154684443
1920,3.0182345411352193e-05,0.0112407157916253
1921,2.3354837321676313e-05,0.008252167751587281
1922,3.18908709838676e-05,0.010486023192565272
1923,2.960700549010653e-05,0.010739079947898708
1924,3.199345179988692e-05,0.0083144496481015
1925,4.773815453518182e-05,0.010006566451290461
1926,3.661570687351438e-05,0.012486950604347732
1927,4.6235572760148595e-05,0.009323986349847373
1928,3.3019961847458035e-05,0.010139301903252526
1929,3.536794683896005e-05,0.010113645975631991
1930,3.2568685128353536e-05,0.010906721179292896
1931,5.168029941463222e-05,0.009469272964817333
1932,2.8625226210958014e-05,0.01158058449743301
1933,2.969868716415173e-05,0.010536344472582884
1934,4.3899353719704474e-05,0.009249743308842652
1935,5.2313624958818154e-05,0.011173594317684962
1936,6.899379950482398e-05,0.00868766618467222
1937,6.424931222378897e-05,0.009591718372984195
1938,5.06865959323477e-05,0.011822341919297309
1939,3.9381379368326935e-05,0.009579017450373003
1940,3.524055500747636e-05,0.00912379334116076
1941,3.448499822601055e-05,0.010901576040063317
1942,2.0013523862871806e-05,0.009946750403623882
1943,1.284642191118716e-05,0.008963504058169567
1944,1.4543764700647444e-05,0.00942736566360072
1945,1.3668685642187484e-05,0.010438043521497194
1946,1.5732390238554217e-05,0.009597906652163334
1947,1.327234258496901e-05,0.01051517102251372
1948,1.4709685153017442e-05,0.010606464482550546
1949,1.1809159514086786e-05,0.00881745697065132
1950,2.1505478071048855e-05,0.010267232464054438
1951,1.5202743088593707e-05,0.010830480928026786
1952,1.761395275631609e-05,0.009434117473603234
1953,1.8565388988160218e-05,0.011195015426226489
1954,2.6148307855085782e-05,0.009908898007564657
1955,2.940270229980039e-05,0.008273710841386337
1956,3.650526632554829e-05,0.00954392660907873
1957,2.5529658948168314e-05,0.009888413442870763
1958,3.389122430235148e-05,0.010649662508856593
1959,5.29782858696611e-05,0.010110944832169165
1960,7.586220017401502e-05,0.012060828022952155
1961,8.898823192187895e-05,0.009530909388788103
1962,4.7228295079548845e-05,0.010395099064261894
1963,2.8539127864254018e-05,0.009461998440853254
1964,3.115574036200996e-05,0.01024841653608431
1965,3.643250868966182e-05,0.010819050490738839
1966,4.4890189989625166e-05,0.009251924275647937
1967,3.1936742379912177e-05,0.010276219404236538
1968,2.8399335921373373e-05,0.009549948834176139
1969,4.060281280544586e-05,0.009062861231720353
1970,7.77052160022625e-05,0.008652326291588347
1971,6.847146184251566e-05,0.009604691608449605
1972,5.6532951081559686e-05,0.009967012624219647
1973,4.039776194986189e-05,0.009951894824195095
1974,2.3103723530463565e-05,0.010151170736809415
1975,3.123695993660173e-05,0.009326784057528015
1976,2.3959489044500516e-05,0.010300209349769307
1977,1.6692784144349085e-05,0.010191834729722165
1978,2.1168950722009563e-05,0.010318574488280326
1979,1.2623038916596366e-05,0.009848999240853655
1980,1.3425786892184988e-05,0.010063993385222953
1981,1.0826085538913807e-05,0.009855467928793486
1982,1.2259896175237373e-05,0.0092484542704004
1983,1.0526961947713668e-05,0.009845512618464747
1984,8.60632802262747e-06,0.009308487118229153
1985,8.86916371503806e-06,0.009539417614500353
1986,1.0562712365450958e-05,0.00997502130903597
1987,9.29118505155202e-06,0.009431727039884395
1988,1.0074566428860029e-05,0.009620857388367803
1989,1.2958661318407395e-05,0.010086599664073291
1990,1.280699889321113e-05,0.009280914602082545
1991,1.2721664218891722e-05,0.010033264140209814
1992,1.1463353015036167e-05,0.00941799818648128
1993,1.0907434625551104e-05,0.00953216159965579
1994,1.1992567579000024e-05,0.010250944702878712
1995,1.7256643332075328e-05,0.009834322975728456
1996,1.4588179207445743e-05,0.00939724840751783
1997,1.62155266176948e-05,0.009787950547426705
1998,1.3030166276924623e-05,0.009534263587373448
1999,1.0449704253308786e-05,0.01020113569427663
2000,7.495705904148053e-06,0.009569999241218792
2001,7.709409904540129e-06,0.009750102213987215
2002,7.977327186381444e-06,0.009297968497074495
2003,9.53372679456758e-06,0.009598000855075093
2004,1.4837001678339827e-05,0.009426259267048574
2005,1.593638274547023e-05,0.009639156952969671
2006,1.6406964884178404e-05,0.00935658702524159
2007,1.376942964270711e-05,0.009750656138254902
2008,1.6125042505639917e-05,0.009358525862843971
2009,1.7684410462000718e-05,0.009937481016037971
2010,1.4100459763236965e-05,0.009423126737902484
2011,1.5584191866461577e-05,0.00930585153400898
2012,1.3644568692446531e-05,0.009731491587645425
2013,1.1936768108474402e-05,0.009131339928648603
2014,1.0945166771610577e-05,0.00927825783944036
2015,1.3766722380144833e-05,0.010137621430665489
2016,1.2815126804828954e-05,0.00936388771423674
2017,1.062648831672656e-05,0.009800141838591868
2018,1.3848956647658876e-05,0.009361395553693058
2019,2.389467529913721e-05,0.009311683813300659
2020,4.990635352442041e-05,0.009407651192677302
2021,6.76569752007102e-05,0.010085247354361955
2022,0.00022464467183453963,0.009243726099687299
2023,0.0001377009806674323,0.010756955210735478
2024,8.322907403150263e-05,0.009671057508451732
2025,7.383167661222009e-05,0.011046704139531129
2026,3.908384120829093e-05,0.008718401472282223
2027,3.903171649047484e-05,0.01019651508765427
2028,4.842118845166018e-05,0.009009302219771963
2029,8.091164733438442e-05,0.009131503900087724
2030,5.43809629258855e-05,0.009814901013425954
2031,2.9102888462754586e-05,0.009888195308057342
2032,1.909519014589023e-05,0.0090766955812381
2033,2.175290610466618e-05,0.009715131109976393
2034,1.623715913107541e-05,0.009262514175979172
2035,2.0596273194920893e-05,0.00950757214638192
2036,2.9777601109041523e-05,0.009965567328915821
2037,2.1781832826187988e-05,0.011175977623486143
2038,3.67314195803677e-05,0.00917899329948613
2039,2.2120092520102238e-05,0.008924296727096001
2040,3.121178548705454e-05,0.009281222393193582
2041,2.273856468188266e-05,0.009070938159748325
2042,1.870139967650175e-05,0.009014983654139549
2043,2.402368760764754e-05,0.009492581548887914
2044,2.2921510147474086e-05,0.0096543269070584
2045,2.786550091210908e-05,0.010186791302650933
2046,7.099358554114587e-05,0.009487091365644313
2047,0.00012309969946121176,0.013465189396983056
2048,0.000187137009925209,0.0068957025815886775
2049,0.00014212912938091904,0.011478722755481877
2050,0.00027064187549209843,0.010964240262827536
2051,0.0004329102967555324,0.00888697990751642
2052,0.00043246424223373955,0.011233077509196724
2053,0.0007718763857459029,0.010560052029377832
2054,0.0013212704642986258,0.007880491182560057
2055,0.0005208789836615324,0.00999126650803671
2056,0.00044979878972905375,0.009306560248488516
2057,0.0002836534287780523,0.008017131721410225
2058,0.0007583758483330409,0.017218234296154787
2059,0.00047294213824595013,0.011944042122739506
2060,0.0004046906988757352,0.010698389393959458
2061,0.00039992150074491897,0.009557301713901711
2062,0.0003466651988370965,0.010134901748750154
2063,0.00019118020281894132,0.007972852143598354
2064,7.214743527583778e-05,0.00962801519634686
2065,0.00013093491579638795,0.01108390004850748
2066,7.498717095586472e-05,0.00937783659443142
2067,5.280145390618903e-05,0.009701973135311773
2068,2.805734826930954e-05,0.008709051726957944
2069,2.6938838830877407e-05,0.00930333313510174
2070,1.9510464820389947e-05,0.009780290675914193
2071,1.88335509543928e-05,0.00895094155795931
2072,2.211161918239668e-05,0.010405675192752222
2073,1.7202777356336205e-05,0.009660917356258302
2074,1.5549389839482804e-05,0.009236011551473085
2075,1.5936096254639172e-05,0.009957953686202605
2076,1.18785538385661e-05,0.00951624063290949
2077,1.0332761727719722e-05,0.009933710068933607
2078,1.1990987453221653e-05,0.009175223848364484
2079,1.4944851864129305e-05,0.009677679167957757
2080,1.7964302242035046e-05,0.00959584424932172
2081,1.1041613773462207e-05,0.009226356655007272
2082,1.0466820458532312e-05,0.009815987404875867
2083,1.1763290725260352e-05,0.00978338950144963
2084,1.155708814621903e-05,0.00938134693254636
2085,9.758492463636988e-06,0.010069295250642018
2086,8.242899245184768e-06,0.009021736989457777
2087,8.711042149419275e-06,0.009180080277595933
2088,7.723314653655204e-06,0.009894472407543754
2089,7.93177105151699e-06,0.009522157185894298
2090,7.595784457710882e-06,0.009426402646725573
2091,1.1247142295663555e-05,0.00949123459244807
2092,1.1355771190816692e-05,0.00946333482274859
2093,8.151140840103228e-06,0.009254998168138068
2094,5.705057871333944e-06,0.009343024445917662
2095,8.105431455381525e-06,0.009569412390664807
2096,6.913361918729303e-06,0.009451263870193264
2097,7.0701331424061206e-06,0.009752292303353782
2098,7.72986374310373e-06,0.009402851669455137
2099,8.335064921993763e-06,0.009412447679934538
2100,1.0235082724345072e-05,0.009567713423624752
2101,8.394597656054732e-06,0.009104623334614311
2102,1.1132873563231745e-05,0.009632124998203413
2103,9.772268458618783e-06,0.009626719719312322
2104,9.626901858913091e-06,0.009336740541176534
2105,1.2946901491280489e-05,0.009526059427481937
2106,1.5453153173439206e-05,0.009090283225605808
2107,1.1289855683571659e-05,0.00909944023848988
2108,2.0106061371431375e-05,0.010271950602883429
2109,2.2196567078935915e-05,0.008431129582871602
2110,2.1199960125765454e-05,0.00853730978693549
2111,1.3940121122383669e-05,0.009741915184564479
2112,1.7952329168717068e-05,0.009460409311211015
2113,1.698208676922756e-05,0.008854674043383186
2114,1.040215241422023e-05,0.008931043462490473
2115,8.034582848874077e-06,0.009109478942521914
2116,9.501446887346296e-06,0.008992702267536028
2117,8.64030304607392e-06,0.008945625964698828
2118,6.4956976833248825e-06,0.009479289815768482
2119,7.74508916947525e-06,0.008928928524255753
2120,7.4367775596329014e-06,0.009158894566335077
2121,7.883671514719026e-06,0.009318461671002268
2122,8.467124037755033e-06,0.009012422634391334
2123,7.398731637901316e-06,0.00883840895661219
2124,7.430072825324411e-06,0.009119202551527286
2125,9.426812933573577e-06,0.009027419421147174
2126,9.02349117192595e-06,0.008902220422123361
2127,7.719925755130437e-06,0.009295578606016054
2128,8.444440936727915e-06,0.00929864774656108
2129,1.0361131595952125e-05,0.008659151155413606
2130,1.2400022690902308e-05,0.009572281025526092
2131,1.089125210758842e-05,0.00926744734032417
2132,1.2912102101836354e-05,0.008898299612750219
2133,1.1432945272341992e-05,0.00936714672725501
2134,1.395151593897026e-05,0.009683555036079226
2135,2.1008147571895584e-05,0.010093950189826057
2136,1.6274993807504264e-05,0.008840292413521
2137,1.6438917009509167e-05,0.009479392334584176
2138,1.5068673261945757e-05,0.0097440731249691
2139,1.5892317302738473e-05,0.00837736609061872
2140,1.0817921914470693e-05,0.009180325501429753
2141,8.291144573983426e-06,0.009293999933586346
2142,1.2458827404771e-05,0.00900295461843333
2143,8.56272393624143e-06,0.00949711167788881
2144,1.3864078209735452e-05,0.009808010546358551
2145,8.076958965830273e-06,0.008728848784927308
2146,1.5626518325007056e-05,0.00959098113216753
2147,2.0400310677359813e-05,0.009422006672174911
2148,1.9964203723551084e-05,0.008901172852891636
2149,2.0124311534649073e-05,0.01010635410120168
2150,2.1520989927618455e-05,0.008643758299899853
2151,3.3471260636967295e-05,0.008817064055190312
2152,3.117481828667224e-05,0.009830859013077781
2153,2.7085768912608425e-05,0.009327208945953002
2154,2.953548367562083e-05,0.008255561403050197
2155,2.6576170057523996e-05,0.008901251699980788
2156,3.0996449883483974e-05,0.009193496162614485
2157,3.0582474816280104e-05,0.008758894688501133
2158,2.0761580041532095e-05,0.008714359561641386
2159,1.8637390894582495e-05,0.00977721041816426
2160,1.3382869716830707e-05,0.009626717431338753
2161,1.1902950063813478e-05,0.008071161923915382
2162,1.2994816885717835e-05,0.008932622384250634
2163,1.1359716639465963e-05,0.009279278304985188
2164,7.562426859900976e-06,0.008999941650572725
2165,8.989849811769091e-06,0.00937851826389005
2166,1.0837383645897111e-05,0.009227624691025478
2167,1.2557550022999446e-05,0.00870502828143713
2168,1.3291815533496749e-05,0.008971334075716536
2169,1.384394181513926e-05,0.008757020500818575
2170,1.0498176986099375e-05,0.008749997257951676
2171,9.402859510980004e-06,0.008988377880158388
2172,7.602310385361004e-06,0.009038720382597502
2173,1.000252268568147e-05,0.008621112318841492
2174,1.1523577389501346e-05,0.008794183131512694
2175,9.246178281803926e-06,0.009063734606964382
2176,1.2647244633020212e-05,0.008278732767372619
2177,9.346656709870633e-06,0.009094338790755573
2178,1.0127150926564354e-05,0.009156934550310683
2179,6.323022898868658e-06,0.008826332577452885
2180,5.4557862919561256e-06,0.008863687925920712
2181,6.598357625383263e-06,0.008915384923379252
2182,8.810312222825207e-06,0.008811081796297877
2183,1.1219148473173845e-05,0.008957725047595858
2184,7.683481180720264e-06,0.009470492924057593
2185,6.40822139151472e-06,0.008900195154852755
2186,6.0748370136328354e-06,0.008766398376484555
2187,7.089719201758271e-06,0.008871084665806274
2188,8.154792643229788e-06,0.008991934491072114
2189,6.943900856034209e-06,0.00940987410566469
2190,9.980368849937804e-06,0.008882278781824224
2191,1.3404886340140365e-05,0.008558027886264906
2192,1.0995407986532276e-05,0.009109848274255362
2193,1.1391182700511612e-05,0.009335634628618797
2194,1.2290290699941882e-05,0.00825826719579265
2195,8.929141222324688e-06,0.009386266603713899
2196,8.795136212332485e-06,0.00886784548189227
2197,6.258595628120626e-06,0.008301735481643301
2198,1.1590956637519411e-05,0.009279226854912878
2199,1.9424342584291785e-05,0.008642953534529903
2200,1.500537691754289e-05,0.00839667212892705
2201,1.2295877604628913e-05,0.009037299096349656
2202,9.409309859620407e-06,0.008775136968868924
2203,9.830202786057878e-06,0.008384161284120064
2204,1.2188385638485972e-05,0.009344903429544816
2205,1.7797164036892355e-05,0.008771509650772013
2206,2.644979334339344e-05,0.00843740426238597
2207,3.074096142275569e-05,0.008824423219509952
2208,3.374074525102818e-05,0.00903470723295775
2209,3.4742078544998854e-05,0.00929812803923145
2210,4.805850815804054e-05,0.011172366541201673
2211,2.9076818706622967e-05,0.008573569357395172
2212,1.8644309420778882e-05,0.008560224868885176
2213,2.1794504937133753e-05,0.00941290339733672
2214,1.7015459525282496e-05,0.008607507206675575
2215,1.2675593825406396e-05,0.008241536975728245
2216,1.233335957901242e-05,0.008706791649066558
2217,9.843931062884318e-06,0.008362138863858275
2218,8.25325702559591e-06,0.008450243710063574
2219,1.1378476119716652e-05,0.008689388368777402
2220,1.155274385382654e-05,0.0088296417938912
2221,8.54811393461811e-06,0.008306376196033373
2222,7.813664766824029e-06,0.009053813850903135
2223,7.174351170154599e-06,0.008665805081213554
2224,7.400862765886511e-06,0.008270191791372037
2225,6.285455310717225e-06,0.008981101141553226
2226,8.766587779973633e-06,0.00885241634146435
2227,6.340556562160297e-06,0.008331118606206939
2228,6.257127400507064e-06,0.008480618641836437
2229,8.953521561731274e-06,0.008632785677323191
2230,6.866229220274059e-06,0.008601105529961623
2231,7.555691142139646e-06,0.009296044927295737
2232,9.166608894399057e-06,0.008456663426569127
2233,1.069608066851894e-05,0.00883185518832188
2234,7.653733337065206e-06,0.009038655512680219
2235,7.193593197977558e-06,0.008170020759223014
2236,9.589474636110633e-06,0.008677218065369786
2237,1.73641717992723e-05,0.008860807572528133
2238,1.0254809179362686e-05,0.008556936742869888
2239,9.857717122940812e-06,0.008423140345830617
2240,1.140851048451926e-05,0.008477748965653847
2241,1.4545131125487388e-05,0.008530777314399171
2242,1.1939622830444326e-05,0.008125623438771315
2243,1.1849827448410603e-05,0.008980481218047969
2244,1.0238627419312252e-05,0.00868184161995809
2245,9.12162628689354e-06,0.008356384243669473
2246,1.1273408078219898e-05,0.008228389986270056
2247,1.5233316056158704e-05,0.008500338158034903
2248,1.6669591968820895e-05,0.007808526244571829
2249,1.9981277485688528e-05,0.009520947815865044
2250,2.761598749809006e-05,0.008242697506321697
2251,2.585088756556312e-05,0.008086390323995605
2252,3.540752877597697e-05,0.008024662718411506
2253,3.8002641910376646e-05,0.008891725531361234
2254,4.66452894518928e-05,0.007595552776859501
2255,6.582707234580691e-05,0.009444353911351032
2256,6.768937503996616e-05,0.008313459747536915
2257,4.0093932996872655e-05,0.008421603179588092
2258,2.9287373278445252e-05,0.00852266284013827
2259,2.0410869547049514e-05,0.008801268560327882
2260,2.1019758545056296e-05,0.007982884819700024
2261,2.008895650457513e-05,0.008710094500245073
2262,2.1555648163484876e-05,0.008458020884220995
2263,1.8870410955666253e-05,0.008578819567410965
2264,2.911753987670333e-05,0.00790903643946948
2265,4.312066448619589e-05,0.009156169091153332
2266,5.2200437251788875e-05,0.008247001668599646
2267,5.287204439810012e-05,0.007965837993959743
2268,3.835007810266688e-05,0.0072503981334487285
2269,4.379466772661544e-05,0.009083753847700405
2270,3.7760880271283286e-05,0.008680414437778353
2271,3.0443924576199303e-05,0.008070723175650506
2272,1.8760754270867133e-05,0.008329017337147646
2273,1.934507987850035e-05,0.008185592692668043
2274,2.4252744818416735e-05,0.0070903586209055
2275,2.9749373728312396e-05,0.008242030078031886
2276,1.4811189127309868e-05,0.008686742180679727
2277,1.399878850255239e-05,0.007817268019586097
2278,1.3602770074309471e-05,0.007558983493977644
2279,1.4671978230277697e-05,0.008735039469411992
2280,2.0626963547935398e-05,0.007316982725591172
2281,4.206432713544927e-05,0.009568201069991419
2282,6.353642335549618e-05,0.008544252202736111
2283,3.1329147653499e-05,0.0086244375070953
2284,4.293348041149632e-05,0.008614441335905255
2285,3.874878226876414e-05,0.008974199381282948
2286,3.878778491828901e-05,0.007987046834286742
2287,2.7207686798647046e-05,0.008891621355231352
2288,3.7789829972704564e-05,0.008036038610996225
2289,3.957956359954551e-05,0.008674889612268276
2290,3.339319803975134e-05,0.008211975814554635
2291,4.108914339061205e-05,0.008026867180945366
2292,5.4551701032323764e-05,0.007274231044795569
2293,8.331229352431062e-05,0.010398520420738093
2294,7.8055551663662e-05,0.006596074615583176
2295,7.471679540079397e-05,0.009979492244054013
2296,0.00013120517639132837,0.007731380703763699
2297,0.00012472016630150998,0.006890541697874313
2298,7.967556302901357e-05,0.008086961100068618
2299,5.4216795979300515e-05,0.007826609654337402
2300,6.972894674011817e-05,0.006163341638551453
2301,0.00026454183389432726,0.010865085310940667
2302,0.00034623520914465187,0.005800263556527106
2303,0.0007209073926787823,0.015439281122773652
2304,0.0014222440620263418,0.009219475229835416
2305,0.0027180646390964586,0.007080112495936278
2306,0.0025234611394504705,0.013969507156394598
2307,0.0021936652716249227,0.010356128523786238
2308,0.0014416610220602403,0.011436628060430054
2309,0.0009137006903377672,0.005500057613198448
2310,0.001207133491213123,0.007078344435027735
2311,0.0008049930057798823,0.0123707646665376
2312,0.00048306335229426623,0.006269371269021448
2313,0.00044697866348239283,0.008509057683972861
2314,0.00029241641944584745,0.009300094567180619
2315,0.00011472288072885324,0.006590668801364936
2316,0.0001255490283559387,0.005833316411031043
2317,0.00010122716388044258,0.009336404825054755
2318,5.8664636162575336e-05,0.007289894335851895
2319,6.393091607606038e-05,0.008253648158485494
2320,4.8261826547483605e-05,0.010001118683556872
2321,2.476738870124488e-05,0.008688239439383266
2322,5.630240557366051e-05,0.008918434029489051
2323,4.096807072831628e-05,0.009347374191669028
2324,3.611334056283037e-05,0.009907816192061882
2325,2.1321010960188382e-05,0.008810644206686282
2326,1.7370797468174715e-05,0.008202184446332023
2327,1.7589947795689416e-05,0.009414311835732986
2328,1.5940349173130622e-05,0.008888499913957175
2329,9.981657422031276e-06,0.009207706179792486
2330,1.3024655102829759e-05,0.008391067943000418
2331,1.7291751161489324e-05,0.008817979039287004
2332,1.004117178429927e-05,0.008878783080873526
2333,1.2298093861318193e-05,0.007783210579687216
2334,1.505739358738841e-05,0.008742753049637389
2335,1.2059144561741656e-05,0.008425303976836168
2336,1.2150760327737469e-05,0.008794693510950082
2337,6.912576524579587e-06,0.008734960020996455
2338,1.3041750753473024e-05,0.008790728643419236
2339,1.1153695959364996e-05,0.008449894471431341
2340,8.578978789349397e-06,0.008173016552615353
2341,1.3400649246856725e-05,0.008851362230974859
2342,1.3390619521184514e-05,0.008111983097679033
2343,7.842063496354967e-06,0.008160507423788543
2344,8.435749987256713e-06,0.008833998990223163
2345,9.237235614515764e-06,0.008557482175235673
2346,1.0545012385894854e-05,0.008402497734962485
2347,1.3016111734032165e-05,0.008443995430244235
2348,1.3275377447522867e-05,0.009016796653195628
2349,1.2169525022424448e-05,0.008053752293032923
2350,1.347411659177548e-05,0.008244386426811143
2351,1.403321463537092e-05,0.009094728963581596
2352,1.4725248790152061e-05,0.008168581169186614
2353,1.0722702578884006e-05,0.008543158595369556
2354,1.2600856643985026e-05,0.008538791777815406
2355,1.1244342143375737e-05,0.008364739263151575
2356,7.326800732698757e-06,0.008669785729895426
2357,9.183096153719816e-06,0.008129186546943319
2358,7.565584382973611e-06,0.008454272552855371
2359,8.28277995121122e-06,0.008612768959224694
2360,1.0871565730970664e-05,0.008578754800159162
2361,1.2793448847029747e-05,0.008445986656574752
2362,7.748277676000726e-06,0.008573673372193584
2363,9.78334198104373e-06,0.008295987461378255
2364,8.52523935463978e-06,0.008397083289510622
2365,7.63760266030052e-06,0.008260870249721948
2366,8.605548676617522e-06,0.008391364763571522
2367,9.817085083341225e-06,0.008425704122880313
2368,1.2113953319688638e-05,0.008502228537530411
2369,1.6669445903971793e-05,0.008011313492622902
2370,1.1909760117608432e-05,0.008550618533191718
2371,1.2123837465575587e-05,0.008944867809457102
2372,1.3707620867838462e-05,0.008507278109863988
2373,7.027546295527524e-06,0.008570156258156918
2374,8.43734305817634e-06,0.008575092238469386
2375,1.0647943175475424e-05,0.008754890309426729
2376,1.1216776692890562e-05,0.008482986474483032
2377,9.265317627675055e-06,0.008609624374217875
2378,9.761905918518702e-06,0.00845078000520158
2379,6.859039482757605e-06,0.008490034987724672
2380,5.675400097970851e-06,0.008295446003633222
2381,5.685103436311086e-06,0.008860630151911044
2382,7.5065845521749e-06,0.008476340336593117
2383,8.096114045959742e-06,0.008165270280767613
2384,6.563145385977502e-06,0.008445724272939164
2385,7.889081462053583e-06,0.008390468068596885
2386,8.02162667241646e-06,0.00809698075232074
2387,8.25241634932657e-06,0.008411754758691225
2388,5.763563543344693e-06,0.008526211853806429
2389,6.4498957423590275e-06,0.00821758253778529
2390,7.749720559028599e-06,0.008378442567516499
2391,6.718628295251013e-06,0.008244145529594009
2392,9.412759906505623e-06,0.00853222158304819
2393,8.157243610185105e-06,0.008260207192048313
2394,7.7719447290292e-06,0.008339463813802388
2395,8.632466900356424e-06,0.008388921926458051
2396,1.3156654313206673e-05,0.008010674444005245
2397,1.8298781409005945e-05,0.008310563774324778
2398,1.8900216430968916e-05,0.009032154543779966
2399,2.0334534929133953e-05,0.008191345963539102
2400,1.7162709021552776e-05,0.00824437890289806
2401,9.07163521333132e-06,0.008540938263685684
2402,7.809093646452918e-06,0.008339638345119521
2403,9.374039776351613e-06,0.008364290673667051
2404,7.2851814669168865e-06,0.008304035496406667
2405,5.871435617639994e-06,0.008274302986545825
2406,1.0289224762042675e-05,0.008592949740178003
2407,1.0885616666200803e-05,0.00844889728161763
2408,1.0451464610620557e-05,0.008606739356879174
2409,6.343346891905337e-06,0.008668274655351488
2410,8.7897781971454e-06,0.008321463445744177
2411,7.74760846979916e-06,0.00856428946859724
2412,9.457926717004739e-06,0.008391081084181943
2413,6.8767588648673455e-06,0.007854550607561126
2414,7.491987040945484e-06,0.008685400489512392
2415,7.945253976989382e-06,0.008493028962471354
2416,7.059363118363156e-06,0.008095254930924244
2417,6.565776614782711e-06,0.008327991239667877
2418,5.530962137830405e-06,0.008551174642767494
2419,6.725448292854707e-06,0.008054365308617983
2420,8.447626775402266e-06,0.008315664708731681
2421,9.925867379934061e-06,0.008434084823399078
2422,9.353828014961133e-06,0.0078063807266903675
2423,8.200207836731958e-06,0.008380852698341129
2424,9.134854675115397e-06,0.008921668813453885
2425,1.4873438097614174e-05,0.008249270003728978
2426,1.2505865318720074e-05,0.008097508966218768
2427,1.1777954629602997e-05,0.008524523842639811
2428,1.1597414656231802e-05,0.008252765910010638
2429,7.215531028729553e-06,0.0082336234618125
2430,9.463683272770141e-06,0.008715380129851694
2431,8.564687459511332e-06,0.008097731310316898
2432,9.145734687384295e-06,0.008065218868570066
2433,7.171266831088966e-06,0.00865152041156461
2434,9.650994252297096e-06,0.008242688911754316
2435,8.263273230113555e-06,0.008152584948642986
2436,8.535921309279122e-06,0.00814980972470261
2437,1.1788362826337107e-05,0.008417125776644767
2438,9.126255190494702e-06,0.008326083729703596
2439,5.0229077108573016e-06,0.008527872834618635
2440,4.409866930169907e-06,0.008164748784125321
2441,4.7276353446553305e-06,0.00781575487706605
2442,4.777643334819004e-06,0.008238680044731756
2443,4.9843103624880316e-06,0.008240947558537243
2444,6.30667515603515e-06,0.008114678037213528
2445,6.5273730191014085e-06,0.008337990593487821
2446,7.118280336726457e-06,0.008268959526940593
2447,1.0432398994453251e-05,0.0080790463835001
2448,1.271122358351325e-05,0.008520107085662565
2449,9.459121853675849e-06,0.00808487524549792
2450,1.1404310013555611e-05,0.00764168419061214
2451,1.100642887953048e-05,0.008842494925410728
2452,9.049537644993204e-06,0.008452905356649339
2453,7.0386383716443865e-06,0.007858435220019085
2454,6.789740412690056e-06,0.008391644703004304
2455,1.2492015957832337e-05,0.008512698597912713
2456,9.978131917402303e-06,0.008224370603368976
2457,1.2172012308534855e-05,0.00799598254439399
2458,1.1738458579202415e-05,0.007878035834924442
2459,1.4475564360812617e-05,0.007849661897369258
2460,8.918835798491878e-06,0.00814237510125468
2461,8.90798613302953e-06,0.008340984274904558
2462,8.217197349343526e-06,0.0080720199580033
2463,6.34687282096517e-06,0.008144925854454829
2464,6.580725797296812e-06,0.008056344640419238
2465,9.075731577468105e-06,0.008438287478849643
2466,7.1099131067361066e-06,0.008223478293677014
2467,1.4842080599919427e-05,0.008234211735016718
2468,2.0318434568859326e-05,0.008577120307040966
2469,1.803018337038035e-05,0.007994490037635556
2470,2.256010023605389e-05,0.00794067669395856
2471,1.0846035850894016e-05,0.008543414863075798
2472,1.043058661404454e-05,0.00765007963096063
2473,1.1663023542496376e-05,0.007486401096455694
2474,8.438933582510799e-06,0.008940166771763892
2475,7.669333596519816e-06,0.008011978603606149
2476,7.80809435430759e-06,0.007936731567532997
2477,7.07229252536005e-06,0.008459227760945718
2478,8.595679234228253e-06,0.007912915742655438
2479,7.484960891209387e-06,0.007982678212753431
2480,1.2941774427114676e-05,0.007999384746424795
2481,1.2739833255182021e-05,0.008304238392729459
2482,1.4505309809464962e-05,0.008125431351656989
2483,1.8575021385913715e-05,0.008046285139294122
2484,1.4903243815448756e-05,0.008663521844923026
2485,1.7678533064705942e-05,0.007576600802460994
2486,1.3859642119011065e-05,0.007596980340368166
2487,1.4707038765967202e-05,0.008978035432968552
2488,1.4975826343288644e-05,0.007902775355798053
2489,9.987156560479586e-06,0.008197827323332546
2490,1.4524706663602653e-05,0.00826872696029389
2491,8.72932226532915e-06,0.00790927232074456
2492,6.132643890547721e-06,0.007868434881835472
2493,8.80806668040653e-06,0.008602110933013789
2494,6.7331103006533034e-06,0.008367884845480206
2495,5.703986971639097e-06,0.008197516642921553
2496,6.679684308134407e-06,0.007931174490395494
2497,6.210799862553055e-06,0.007938354503451369
2498,9.346950052228447e-06,0.007878961745561578
2499,1.0073149496747646e-05,0.00787713774663257
2500,1.0412924469468028e-05,0.008464499296048495
2501,9.578002088043528e-06,0.00834466050576976
2502,6.3430165634296525e-06,0.007342366076360537
2503,8.68321452192807e-06,0.008296769185681042
2504,7.2595012170495465e-06,0.007968310633395601
2505,6.373350424837554e-06,0.007871556323109648
2506,7.15031825772409e-06,0.008161001244750549
2507,5.71828550164355e-06,0.00789621268494392
2508,6.4375058173027355e-06,0.007913820240206607
2509,5.152305751228899e-06,0.008087654986719447
2510,6.220678278623381e-06,0.007749195291301397
2511,6.944560027477564e-06,0.008127120550809882
2512,7.276185048491849e-06,0.007923868257464387
2513,7.25566072408886e-06,0.007627356797456741
2514,9.885623906787563e-06,0.008527179109299277
2515,1.063273090646059e-05,0.007769563330674734
2516,1.0607602962409147e-05,0.00802981054161008
2517,1.0848226186984297e-05,0.007846317818667006
2518,8.185166916518937e-06,0.007981289720793408
2519,5.942553677111088e-06,0.008298379288414332
2520,8.02651096212988e-06,0.008001787280003855
2521,7.786030194741518e-06,0.0077938484981304075
2522,7.5783025446677735e-06,0.008155742132170933
2523,8.15415272275762e-06,0.00809205493589086
2524,9.626343732331104e-06,0.00829878276375335
2525,1.2173222542818014e-05,0.008200881386718413
2526,9.929655910430786e-06,0.007429664191885258
2527,1.4884259204942888e-05,0.0077665214991475655
2528,1.5293627378317372e-05,0.00826311102650297
2529,1.531388576646956e-05,0.007740551811151617
2530,1.3618847272785691e-05,0.008040996591054549
2531,1.4026480494067073e-05,0.007893390146883453
2532,2.1199959155637772e-05,0.007908441463676025
2533,3.260243708306613e-05,0.007734066520736912
2534,2.6611371140461415e-05,0.007317089967018976
2535,3.634148209433382e-05,0.008803866994310551
2536,2.5531388625192147e-05,0.007413591617557008
2537,2.1703427046304567e-05,0.008098521174525652
2538,1.824112969188718e-05,0.008394500050019092
2539,1.3226989782803381e-05,0.0074810599981565175
2540,1.1082853719320459e-05,0.00772602713894187
2541,1.0666936820295329e-05,0.0079811756007784
2542,9.316740215581375e-06,0.007149674731680727
2543,1.3911698200293662e-05,0.007761144570595636
2544,1.9096522252463424e-05,0.007536092641081397
2545,2.428760065716536e-05,0.007648606249314594
2546,1.0642805500538089e-05,0.00856019213326334
2547,9.944849019423903e-06,0.00769000614839276
2548,1.4550939098019928e-05,0.00785132369950531
2549,1.303327868906005e-05,0.007501562895971959
2550,1.0876737966706666e-05,0.007617357282305327
2551,1.2120425769050295e-05,0.008044232372341193
2552,1.216245321605432e-05,0.007968717452695988
2553,7.859982360969298e-06,0.007772767813656274
2554,9.118671308290989e-06,0.0076155050943686265
2555,7.631727081995146e-06,0.007900986879125355
2556,7.31396218422257e-06,0.007924817927827047
2557,7.543369853616847e-06,0.007439078924458797
2558,6.767576905986061e-06,0.007787968758053667
2559,5.9738581815812115e-06,0.007356547479202428
2560,7.931993908035414e-06,0.007840104195780642
2561,9.761458629024371e-06,0.00763672299859092
2562,6.639316840543567e-06,0.007665885935031523
2563,5.563279470758668e-06,0.007204309223205086
2564,7.388518558097227e-06,0.0073611248929904205
2565,7.73603527098506e-06,0.007615127549396725
2566,7.865218382600384e-06,0.007734631884872444
2567,8.04841026062301e-06,0.007711230828536777
2568,7.939886548532135e-06,0.007321307200967796
2569,1.4794706536728579e-05,0.007597958405069479
2570,1.0180403902874484e-05,0.007881919684724546
2571,9.312369244677636e-06,0.0072525953360664565
2572,9.470614956323213e-06,0.007518040514954432
2573,1.0406139214561941e-05,0.007739072122911769
2574,1.3086579080360632e-05,0.007232677675490304
2575,1.0714741953658329e-05,0.007947546407932372
2576,8.774062977560486e-06,0.007396097184987519
2577,7.394389588929092e-06,0.007031885423059539
2578,8.427348196467696e-06,0.007165666493609195
2579,9.091781794268173e-06,0.0075021083283377445
2580,1.00497742096195e-05,0.00748084051402535
2581,1.2113968356667707e-05,0.0072440169751644135
2582,1.3463565968171073e-05,0.007140917160848933
2583,1.4337062020786107e-05,0.007538684607138784
2584,2.325037118377319e-05,0.0073408149769456366
2585,2.1537887490315674e-05,0.008534958043436366
2586,2.8258544868246343e-05,0.007457406795400334
2587,2.2169321891851723e-05,0.007072496249919801
2588,1.908859358081827e-05,0.00756157345072491
2589,1.4719950559083373e-05,0.007525729147468027
2590,2.4071466395980678e-05,0.007045697010173572
2591,2.6903987418336328e-05,0.008320648677823112
2592,2.4848074584345644e-05,0.007304234254195934
2593,2.1463991652126423e-05,0.007525034923487761
2594,3.8434768066508694e-05,0.0075591951461992865
2595,7.331887754844502e-05,0.006995792838004161
2596,5.6698080637337016e-05,0.008191600559264656
2597,7.195023354142905e-05,0.007700549893257186
2598,9.787388019807015e-05,0.0077848720738268274
2599,6.502881636455034e-05,0.007380097737814497
2600,4.911530704703182e-05,0.007603089801791146
2601,7.966347911860793e-05,0.006990059110240673
2602,7.725670002400875e-05,0.008364116127683422
2603,0.0001072047953736425,0.007050622547940006
2604,8.084854901729462e-05,0.007917987622731314
2605,9.18771002034191e-05,0.005787877754608947
2606,0.00010453227732796223,0.0075734288057708364
2607,9.711798241672417e-05,0.009994073528943099
2608,0.00019381439390902717,0.00706217715179357
2609,0.000284175774625813,0.009360949809509
2610,0.00020951674329504992,0.006060062430975005
2611,0.00040618692000862213,0.009857271863954273
2612,0.00033611914404900743,0.005884404682854968
2613,0.00026484094463133563,0.007987991283376386
2614,0.0002759431721642613,0.008133138815953038
2615,0.0006184872317438324,0.006874702452850623
2616,0.0007780854240991176,0.009391313242748028
2617,0.0003504425791713099,0.005908674545820773
2618,0.00022442048454346757,0.010533085224900658
2619,0.0006088600527922002,0.006437808524553231
2620,0.00048288719553966073,0.008825802148913774
2621,0.0001932999051253622,0.0075664748181038955
2622,0.0001105438694745923,0.0063586313145484515
2623,0.00013983823397817712,0.007747951499003125
2624,0.00014114376608631574,0.006215898972737977
2625,8.633062534499914e-05,0.007229611878906648
2626,3.781478711365101e-05,0.007356152349100338
2627,5.745514475468857e-05,0.008082839198351845
2628,6.622914097533794e-05,0.007515975149480376
2629,5.887962300524426e-05,0.006237339998382752
2630,3.6844508819437276e-05,0.007554207143821116
2631,2.5558000682697942e-05,0.007704837482393257
2632,1.8103753003136566e-05,0.007338824146610546
2633,2.018078539549606e-05,0.007800724298700573
2634,1.967170901480131e-05,0.0075535430154931825
2635,1.9179886051764092e-05,0.007358456763812876
2636,1.2931866391833561e-05,0.007424176604611667
2637,1.314134545585451e-05,0.007305622819488443
2638,1.4454306559249137e-05,0.00748989128280343
2639,1.682942165643908e-05,0.007847423995221694
2640,1.9185183191439137e-05,0.00769420421322969
2641,1.1201208690181374e-05,0.007899251231175708
2642,1.6299370387666082e-05,0.0070714870775778465
2643,9.419381907112741e-06,0.007793088084248107
2644,8.984682244772557e-06,0.007581007278223676
2645,6.1017987415349735e-06,0.0072772963133853254
2646,7.752880264888518e-06,0.007974731919216358
2647,7.633336614768875e-06,0.007714869073174131
2648,1.066212571458891e-05,0.007286509645618792
2649,1.1514106396740924e-05,0.007494705516522325
2650,1.3686145454509339e-05,0.008067884079114658
2651,1.9406839419389145e-05,0.0076111587805776145
2652,1.5315590280806647e-05,0.007098257526989997
2653,1.0210819042792234e-05,0.007835837037075223
2654,8.710355389969967e-06,0.007437578879120782
2655,1.0088935353754398e-05,0.006840746314448165
2656,1.0647225644788705e-05,0.007322929330228821
2657,2.051725108079457e-05,0.007646955535050452
2658,1.282169135568741e-05,0.007043413671217565
2659,8.64061566971941e-06,0.007250564348861927
2660,5.958387737337034e-06,0.007774250581860542
2661,7.699321758991574e-06,0.006979020048431524
2662,7.318046967460153e-06,0.0072807787118230275
2663,6.660104372713249e-06,0.007955941452285436
2664,1.3475707722439742e-05,0.006965147551354461
2665,1.1918441305169836e-05,0.0074022034637805986
2666,1.286466928528777e-05,0.007983681371831518
2667,7.190217153644577e-06,0.0073950734194808115
2668,8.603061602722544e-06,0.007226561687476053
2669,6.43728762952378e-06,0.0074493012090367594
2670,8.115326393938933e-06,0.0073806962335672905
2671,9.168360520561691e-06,0.007614804754459013
2672,8.82633861086409e-06,0.0072494180887702885
2673,5.816958825259159e-06,0.007423641380127959
2674,8.031809314464529e-06,0.007112031611870593
2675,8.128080723205737e-06,0.007640573540775794
2676,9.184136433759705e-06,0.007739399889792044
2677,7.4152954766759646e-06,0.007061113420081889
2678,7.740067546061862e-06,0.007512660858434017
2679,1.0441744173779928e-05,0.007497976864064772
2680,1.0044121518149041e-05,0.00701541972793932
2681,1.1029199898378768e-05,0.0074629027132443555
2682,9.49753036062854e-06,0.007311421395169469
2683,1.2079453881597146e-05,0.0073551604098926375
2684,1.0545498723028383e-05,0.007764476490771677
2685,1.3682042723909641e-05,0.007050369638861634
2686,1.2270307646152408e-05,0.007131262205717132
2687,7.924473417612413e-06,0.007360830169728422
2688,7.410230349099341e-06,0.007086469901828315
2689,5.873174692775743e-06,0.007180006646617191
2690,5.872601468581706e-06,0.0075495091420928325
2691,8.320157030539122e-06,0.007299348125307578
2692,9.219917046721093e-06,0.00724009245516747
2693,1.040880027479337e-05,0.007310077562693536
2694,9.120914910454303e-06,0.00736793774495444
2695,9.249859310026902e-06,0.0074252808305222216
2696,7.344072794997677e-06,0.007114112494498726
2697,9.549902642902452e-06,0.007905019549872931
2698,1.1280799056597364e-05,0.007060782250574255
2699,7.77423247200204e-06,0.007390389292258916
2700,6.875689177832101e-06,0.0073613928352284615
2701,4.868263234432864e-06,0.007201154972976587
2702,6.232480185038488e-06,0.007486215227936197
2703,6.364768463148115e-06,0.007139461848327494
2704,5.580967808782589e-06,0.0069164431646583585
2705,5.5150347179733215e-06,0.007471902926606456
2706,4.865580528227534e-06,0.007166524293033156
2707,4.671755596064031e-06,0.00730968835785633
2708,9.862357304276278e-06,0.0072424570465181755
2709,6.929484152351506e-06,0.007165930446559989
2710,8.652290064977327e-06,0.00707267281988005
2711,9.802234126254917e-06,0.00711913626846366
2712,1.1558851838344708e-05,0.007280647094676814
2713,1.5151920979405987e-05,0.007962925036943803
2714,2.5190537659606586e-05,0.0064592412782935645
2715,1.4785152598051354e-05,0.006853946183962146
2716,1.3424980776714316e-05,0.007225021793265042
2717,2.15628526348155e-05,0.007174809279990947
2718,2.021543235362818e-05,0.00718436444427554
2719,4.313133346537749e-05,0.007301221301001827
2720,2.999280501777927e-05,0.007472186254000101
2721,4.8281938506988806e-05,0.005680126255363461
2722,4.440588406093108e-05,0.007443480853607336
2723,5.864195457737272e-05,0.0073324085513907155
2724,9.263043369476994e-05,0.008405839393692693
2725,0.00017792516640232256,0.008497146625570424
2726,0.00012869667892421907,0.009876451990383816
2727,0.00013416730895793688,0.007936249333103811
2728,0.0001199983050658678,0.004739391676142929
2729,0.000246429272616903,0.004068927304071235
2730,0.00015091149446864923,0.010649133458968223
2731,0.00015905489271972328,0.008795493451042437
2732,0.00010960285192898786,0.006966991064058045
2733,8.027322958999623e-05,0.007725911405612165
2734,5.1748817228750946e-05,0.0063108774195388545
2735,3.7519856656823926e-05,0.00695195012381227
2736,2.869511905979986e-05,0.007172252220196987
2737,3.0238205605807405e-05,0.008279790881815859
2738,2.002542290332106e-05,0.006744572210792951
2739,1.586624469685679e-05,0.006407855232576217
2740,1.3079244126856793e-05,0.007239711756898662
2741,1.438406822368658e-05,0.0065674800132437955
2742,1.0269571430399082e-05,0.00706109392830706
2743,1.3679754980936801e-05,0.006609468676853837
2744,1.1362790852823915e-05,0.007273897440649393
2745,1.2153288844274357e-05,0.007318061255798565
2746,9.128989161884722e-06,0.006846872077682826
2747,7.626673747533156e-06,0.006734016373401552
2748,8.807852706619694e-06,0.007187821865668447
2749,7.591899505617524e-06,0.007339134519025097
2750,4.664828156819567e-06,0.006766630087311812
2751,7.414425332778288e-06,0.006857151326936061
2752,7.846591688576155e-06,0.007431285411823453
2753,9.540617308327152e-06,0.006641340713332018
2754,6.879243119328748e-06,0.007086596415033491
2755,8.46637891906236e-06,0.0070796021824981285
2756,1.0753908766976867e-05,0.007026461987044867
2757,7.602363014787746e-06,0.00686018561988365
2758,6.752764087044246e-06,0.007075751684312745
2759,6.217937273807668e-06,0.007130102129785094
2760,5.623057374274746e-06,0.006734638328216676
2761,5.406052999508878e-06,0.006903474857136021
2762,5.248856359685305e-06,0.006782162655878255
2763,6.364974766862967e-06,0.0069852156315262865
2764,6.6914034505316525e-06,0.006758950775357213
2765,7.4514082371024415e-06,0.007191665309268658
2766,7.160973655118141e-06,0.007462794195831291
2767,7.66002497888015e-06,0.006802862040757194
2768,5.789178855290326e-06,0.007196840954812493
2769,6.7071943703922445e-06,0.007285008690957948
2770,7.857257939273647e-06,0.0066669752058668395
2771,8.307175933926677e-06,0.00717195069168027
2772,6.863569099853824e-06,0.006824420317714139
2773,6.944526527756049e-06,0.006456814823657509
2774,8.101254358431713e-06,0.00712090073608038
2775,5.5399778527013645e-06,0.006758424262772864
2776,6.234868730340774e-06,0.006829355462036264
2777,6.903566797215414e-06,0.007065422876965342
2778,9.696445401156477e-06,0.006552835024423956
2779,1.0879936962737701e-05,0.007153536523068983
2780,1.0848868381193218e-05,0.006970443872837569
2781,1.2579450291620257e-05,0.006224312694875274
2782,1.796961478248704e-05,0.006919452685892113
2783,1.3400345051195472e-05,0.006271013916712108
2784,1.7607194119288277e-05,0.006543008837936901
2785,1.1936940033289527e-05,0.006909385998183348
2786,1.3105028241019075e-05,0.006509355012708762
2787,7.494229794247076e-06,0.006586307813743438
2788,7.20820389688015e-06,0.00691894754239424
2789,6.82063470473319e-06,0.007131544301125009
2790,6.8828939523276254e-06,0.006735860091436097
2791,8.127558006284137e-06,0.006975761416742182
2792,6.406912658955359e-06,0.0070140405638715415
2793,8.34078587104159e-06,0.007055336154821351
2794,9.246791645030802e-06,0.006849326867991545
2795,9.319522663039e-06,0.006584403200412359
2796,1.0785833668099561e-05,0.006930730415610816
2797,1.2388261954280703e-05,0.007229960648210969
2798,1.5558054413607655e-05,0.006293356440609365
2799,1.3564200222996685e-05,0.006577232911244152
2800,1.9358905046829022e-05,0.008254517485776285
2801,1.811115847279628e-05,0.006588769783302555
2802,1.5669132092928825e-05,0.006088377460544034
2803,1.3522585019624482e-05,0.00697653013186192
2804,1.4831537555437535e-05,0.007143648722627032
2805,2.1665201590318853e-05,0.006515424493260271
2806,2.009476217305443e-05,0.00603846655645239
2807,1.6336621289762358e-05,0.006779263258039013
2808,1.9619064914877526e-05,0.005994607129786897
2809,1.719578940537758e-05,0.006840350025692794
2810,1.5764415851056888e-05,0.0075164564452537405
2811,9.812895132199629e-06,0.006190052065323657
2812,1.0486340458252623e-05,0.006560780518636929
2813,7.399605298511839e-06,0.006521231098848534
2814,1.0167434750959121e-05,0.006774551851132254
2815,8.259328660642496e-06,0.0073346023953805755
2816,1.3896085147280245e-05,0.006309477179714544
2817,1.0881799577570442e-05,0.006292474214134254
2818,1.2994253484066576e-05,0.007308574232060139
2819,7.034559712337796e-06,0.006483488532853877
2820,5.9480378088968186e-06,0.006907647402267757
2821,6.8025244521171166e-06,0.0070386921884272044
2822,1.1787441326305271e-05,0.006680400433444132
2823,1.1662641675987591e-05,0.006140166460939749
2824,1.3133507794312512e-05,0.006576121491416702
2825,1.352056315226946e-05,0.007161777437202574
2826,1.7764125611089792e-05,0.006479808019371484
2827,1.8394878558562293e-05,0.007559005772386949
2828,2.7369864255888388e-05,0.006509392148279768
2829,3.603469570710634e-05,0.006460456661586686
2830,6.0890109549897414e-05,0.007824003652442159
2831,0.00010041697387350724,0.005464331782239628
2832,8.905700184792901e-05,0.008031462927854905
2833,6.020510263624601e-05,0.006514680293190667
2834,3.185749592375942e-05,0.005658215960473057
2835,3.3430963715848826e-05,0.007211496188180653
2836,3.67793826929604e-05,0.006533876281436973
2837,4.106253351589355e-05,0.006107005928679714
2838,2.6116903366831442e-05,0.007191643001526359
2839,4.251950595062226e-05,0.006093276312618743
2840,3.958972714220484e-05,0.006928782162117207
2841,2.2849342713016085e-05,0.006854869395963789
2842,3.705760658097764e-05,0.005961097402894121
2843,1.9490584236336872e-05,0.00697907163050231
2844,2.2687526507070287e-05,0.007177019066463305
2845,1.8681803885556293e-05,0.005879217025449896
2846,2.3032977090527614e-05,0.006043983997381109
2847,1.956232930145537e-05,0.007676275447010994
2848,1.734716582480663e-05,0.006776879343578196
2849,2.152672944551644e-05,0.006001209451516313
2850,2.21565569518134e-05,0.0057904533968549075
2851,2.072143057982127e-05,0.006195149824433909
2852,1.551030272821663e-05,0.006612382528526107
2853,1.5048566031813001e-05,0.0069081985252344704
2854,1.2098219849576708e-05,0.0056749822821204115
2855,1.3392832079262007e-05,0.006243401273029057
2856,1.596041480903902e-05,0.006457097410393043
2857,1.6891889996865452e-05,0.006448641588075424
2858,1.443942625580045e-05,0.006270863291785473
2859,1.9247576953299966e-05,0.00705587508992886
2860,1.1465161636200112e-05,0.0063029961205842925
2861,9.914326074067504e-06,0.005631919422252911
2862,1.28106561533059e-05,0.0064624672036940655
2863,1.2812160457542632e-05,0.006242742395307135
2864,1.3808627045364119e-05,0.006328310025489237
2865,1.0718543914360149e-05,0.006688536900117641
2866,1.2173084602788246e-05,0.006326399215563076
2867,1.196626890305197e-05,0.006226125165937454
2868,1.2317780844265751e-05,0.005894967765496003
2869,1.0724261483119334e-05,0.006425684295946688
2870,1.1820097279269249e-05,0.00685622380298423
2871,1.8746981125635406e-05,0.006131678702324394
2872,2.1035066068482897e-05,0.0067084910069394295
2873,1.9609100127127023e-05,0.006552353853315819
2874,1.6568009596085175e-05,0.005317047641678589
2875,1.771624738466926e-05,0.007119719687057292
2876,2.4283189122797922e-05,0.007535113447059797
2877,2.623477800322386e-05,0.00568146155927125
2878,2.12833343539387e-05,0.007105327966645008
2879,2.2576899937121198e-05,0.0066541716031084846
2880,2.267267033554769e-05,0.006096715774885782
2881,2.384091822023038e-05,0.006995896610805369
2882,2.2652227077439117e-05,0.007558811749294987
2883,3.064073049851383e-05,0.005230209746170701
2884,3.45155771356076e-05,0.006892834856050221
2885,5.4704535674924655e-05,0.005821383572880208
2886,0.00015004085483572756,0.006146297526113161
2887,0.00017024656117428094,0.007490347894861942
2888,0.00014929224174314488,0.006171240001975551
2889,9.547553181619151e-05,0.005791797830657227
2890,5.55746206373442e-05,0.007209060874980266
2891,2.73780379454062e-05,0.006661415818756021
2892,2.452563348924741e-05,0.0068334324256055
2893,1.3123943002331847e-05,0.006545724310567529
2894,1.1876334610860795e-05,0.006417752008914478
2895,1.2778304396003175e-05,0.006413441276045766
2896,8.607812196714803e-06,0.006012077919962838
2897,5.185210223620137e-06,0.006666554695391279
2898,5.76246948185144e-06,0.006381805465505349
2899,7.843589749730502e-06,0.006102274098675552
2900,7.770591128064553e-06,0.006939639990019986
2901,8.301091505321286e-06,0.0062901468976862785
2902,7.787520977823685e-06,0.0060912905275587025
2903,6.9026591821360245e-06,0.00686960751704109
2904,6.401384992689903e-06,0.006516301703793327
2905,6.24433672176868e-06,0.0063912371232167
2906,7.116576519668646e-06,0.00644513211528382
2907,6.532477588431599e-06,0.0063505013817994616
2908,6.016983691855178e-06,0.006504147262202473
2909,5.301501551002729e-06,0.0064700893969751715
2910,4.9357950956618876e-06,0.0064078201943143145
2911,4.802392929074509e-06,0.006491891959110114
2912,5.542906910704914e-06,0.0062706888778003185
2913,4.248498286566852e-06,0.006203016676888691
2914,5.6192797880309325e-06,0.006553765533007975
2915,7.913193500523146e-06,0.006200668702679356
2916,6.973863492021337e-06,0.006241026239132318
2917,7.065661975502735e-06,0.006420930128867232
2918,5.245126158115454e-06,0.006209366104206231
2919,7.457350390419985e-06,0.006195190538630242
2920,6.274039636385472e-06,0.006143735047048471
2921,7.412998941921008e-06,0.006312893006921284
2922,7.901273359796809e-06,0.006478129189432137
2923,1.447696631657891e-05,0.0063885492236008794
2924,1.8829821419785732e-05,0.006488907642251863
2925,1.5668460885838916e-05,0.006019288497998958
2926,1.5086420413960392e-05,0.0066064864133052
2927,1.5078195914005239e-05,0.0066257412655381705
2928,9.318822382435125e-06,0.006108552862809399
2929,1.4387301537984362e-05,0.0063481107867491525
2930,1.3913448371264774e-05,0.006413610263426942
2931,1.8135185625093677e-05,0.0058298036969435495
2932,1.01511507940207e-05,0.005661569843728711
2933,7.953955355333165e-06,0.006273525598363613
2934,8.20067543827463e-06,0.0061666965044624225
2935,7.052948694763472e-06,0.00595163680085047
2936,5.037346757793178e-06,0.006317826596594702
2937,5.701038632347869e-06,0.006198964125704108
2938,5.755861729994649e-06,0.0061038920406516145
2939,7.487760619066345e-06,0.0062009748658092
2940,6.40135255404554e-06,0.00622026864292584
2941,9.893232587880145e-06,0.005887912476332639
2942,9.191517316745982e-06,0.006881653045223454
2943,9.750910976435989e-06,0.006481220417722004
2944,7.02449215168599e-06,0.005449628501426516
2945,8.932709473204644e-06,0.006146116783534448
2946,1.170458223593111e-05,0.006142762724280827
2947,1.1623466950065146e-05,0.005925335092690047
2948,9.390637205797248e-06,0.006562392293350903
2949,9.202967945990774e-06,0.0060810235028309146
2950,1.908399232585604e-05,0.006603240827465151
2951,1.657472724521843e-05,0.006039120792227936
2952,1.3434553814780277e-05,0.005748293340558142
2953,1.868483935443995e-05,0.006573875185366221
2954,2.1230980807255642e-05,0.00636705336725618
2955,2.2765116409573238e-05,0.00518622477428885
2956,3.668885401566513e-05,0.007210252205217917
2957,4.635870827769395e-05,0.005567208123136693
2958,5.254708994471002e-05,0.006582192834613361
2959,5.3061363481295605e-05,0.006120996307728328
2960,6.208666187982696e-05,0.008094701563983451
2961,0.00013910154812037944,0.005884236326133173
2962,0.0002934980739761765,0.007161773565247303
2963,0.00020156631362624466,0.008091166659485637
2964,0.00011821174606059988,0.004782134689038663
2965,0.00013480838000153503,0.008070319289649566
2966,0.000231473968597129,0.007169494874716744
2967,0.00018562723804886142,0.008281148647464166
2968,0.00018636429158505052,0.007818975449195058
2969,0.0003627526321603606,0.009035916925649944
2970,0.00014047935449828703,0.005015488413316528
2971,0.00011967177536765424,0.009060879567946037
2972,0.00020807384183475127,0.007038407291718355
2973,0.0002048157611473774,0.005195610247200399
2974,0.00013677277729584603,0.007580991819735587
2975,0.0001592699969478417,0.006901847029940819
2976,0.0002318565385697487,0.005362588611585418
2977,0.00016483986983075737,0.009802019736898227
2978,0.0001353524673807745,0.006150098708201581
2979,0.00010161524696741253,0.005384118765533909
2980,7.164575023731838e-05,0.008253277565433285
2981,9.933030717850973e-05,0.005504474623172771
2982,0.00014539925808397433,0.006774923074843846
2983,0.00010470337389657894,0.005714911314856818
2984,6.386764677396665e-05,0.0068910883988921095
2985,0.0001587964497351398,0.007068893072877344
2986,8.131588013687482e-05,0.005991434473104364
2987,9.180959968944081e-05,0.006275668116946389
2988,9.976748721480059e-05,0.00918729713289287
2989,0.0001370117310822631,0.0057233927595451125
2990,8.123888401314616e-05,0.005738734348317769
2991,8.433723608807971e-05,0.006659552689612381
2992,0.00014717008646888038,0.006196435819577983
2993,0.00011374393846684446,0.006586880071132671
2994,9.642618994500177e-05,0.005958341384731878
2995,0.00013366060787423824,0.0073217662916643415
2996,0.000126259634513796,0.0053862586588136795
2997,0.0001205767284166844,0.00617660079004727
2998,6.171196873765439e-05,0.007115424662007121
2999,3.2889586630820604e-05,0.005955488831684815
3000,3.563957410127235e-05,0.007303097761991456
3001,4.780072255622751e-05,0.0067153112801510515
3002,3.415258130795943e-05,0.00632817247574489
3003,3.291310616380845e-05,0.006429862971674269
3004,2.8869691595900805e-05,0.006673996967417518
3005,1.7127494902524632e-05,0.0063681248135454074
3006,2.0224479279325654e-05,0.005832272845753065
3007,1.4457613481984784e-05,0.007243674351122435
3008,1.3154060191785295e-05,0.006064435767787178
3009,2.5236567065197354e-05,0.006184602838273593
3010,3.099309396930039e-05,0.00573036492633538
3011,2.465401812514756e-05,0.0071329453476066665
3012,2.235288314598923e-05,0.00615459802289178
3013,2.791019821112665e-05,0.006468021413531359
3014,3.139660220767837e-05,0.006652506061015636
3015,1.9204194419823276e-05,0.006405006441485694
3016,1.3027863557605694e-05,0.00600074631286653
3017,9.428300230259385e-06,0.006627059321645207
3018,6.830636812082957e-06,0.0068829136453275605
3019,7.525756276057412e-06,0.006357681079525647
3020,7.300601828319486e-06,0.006784635507978323
3021,7.765679583826568e-06,0.006261496173995217
3022,9.794432177538207e-06,0.006321049361365048
3023,1.0299012077060373e-05,0.0069142040598580215
3024,1.115596005547559e-05,0.006193249075724853
3025,8.316702951560728e-06,0.006313496342618165
3026,5.589874763245461e-06,0.006667657168655414
3027,5.046528713137377e-06,0.006166007831751362
3028,5.5856189040544756e-06,0.006289620722431367
3029,3.7561114671310255e-06,0.006386293464992929
3030,5.586855816848887e-06,0.005946803156022481
3031,6.872288849990582e-06,0.006605139669529566
3032,6.983856959171438e-06,0.0061681396291246565
3033,4.899731296366857e-06,0.006142095574654463
3034,5.133910932878886e-06,0.006297761816384755
3035,6.175683499047106e-06,0.006414449260401444
3036,5.2379025873960925e-06,0.0063681669650584695
3037,5.290982092750103e-06,0.006228177654226934
3038,6.107984821331532e-06,0.006354322510324125
3039,7.370746667826704e-06,0.006187792244095971
3040,9.498420452776675e-06,0.006244883601238409
3041,9.119076094066258e-06,0.006411890015299395
3042,1.3531152095917302e-05,0.005918872784676514
3043,1.3254694264711967e-05,0.005881212189734921
3044,2.0203057889981816e-05,0.0066954315178037625
3045,2.449593691077704e-05,0.005961224231428987
3046,2.5250018855634455e-05,0.005751531116488412
3047,1.3838584830712838e-05,0.006269418517142299
3048,1.3696471554188367e-05,0.006840813743669217
3049,8.410033236335343e-06,0.0064808341315177485
3050,9.841121330585642e-06,0.006068625311389213
3051,7.913679291959852e-06,0.005975627685039062
3052,5.812605377286673e-06,0.005531295444669686
3053,7.214344198776719e-06,0.005962091564076153
3054,6.254798184575823e-06,0.006456415520936955
3055,6.492149380695385e-06,0.00624540712185732
3056,6.132109107663079e-06,0.005969160999076103
3057,6.123654338807683e-06,0.005967694870012951
3058,5.1911147541735165e-06,0.005807157950549144
3059,4.119271883003724e-06,0.00572580199571341
3060,4.9487130278672945e-06,0.005918480184545198
3061,4.656389895293008e-06,0.005972304242098425
3062,6.182627051506036e-06,0.005898500756015928
3063,7.062351960485102e-06,0.006099715784896077
3064,6.412289106568399e-06,0.0056778330605213095
3065,7.652083877474069e-06,0.006097905110479809
3066,5.310355087810119e-06,0.005961763012538275
3067,5.683013781284293e-06,0.005909832737107915
3068,6.103772648202721e-06,0.006203342551790823
3069,7.047051500800686e-06,0.005873817789155667
3070,5.7541485148249196e-06,0.005700733717970961
3071,7.094901290353543e-06,0.0056259755822499905
3072,7.995744454092346e-06,0.006079703914074916
3073,9.894046615954722e-06,0.005510348767980816
3074,1.621403850246376e-05,0.005868842707961563
3075,1.241546882132146e-05,0.0057524047777291355
3076,9.783945946158687e-06,0.005765229595575746
3077,1.0914485210378189e-05,0.0059255987376443985
3078,1.587242246993507e-05,0.005893299774098115
3079,9.547322042635642e-06,0.005781401902085214
3080,7.977651087761235e-06,0.005624676401924899
3081,8.037648634247792e-06,0.005868922596372019
3082,9.771779393001149e-06,0.005603519231667669
3083,7.99327320540518e-06,0.0055045171193485185
3084,8.606194933236111e-06,0.0059216052044447015
3085,5.698083108048498e-06,0.006002660943415221
3086,1.4133075455902145e-05,0.005469104201774898
3087,1.681496408612778e-05,0.0058122719674715845
3088,1.0459726217959541e-05,0.0053131723277798784
3089,7.036666465864982e-06,0.006334952174091902
3090,9.597551252227276e-06,0.006448791120348014
3091,1.3643274360219949e-05,0.005405562269816718
3092,1.777393360195371e-05,0.005522708665198228
3093,3.816516885611539e-05,0.0070635107323879336
3094,4.3902597826672715e-05,0.0062859150265732145
3095,4.6469871692049006e-05,0.00615136279893203
3096,4.6932757444058854e-05,0.005538465843836623
3097,5.308960511077506e-05,0.004261054817264474
3098,8.145064251342167e-05,0.0064783457182641105
3099,2.917135728542538e-05,0.006761234898970822
3100,3.252829944055217e-05,0.00495847400395185
3101,2.5506190771314625e-05,0.006018764170722698
3102,2.5551442377036437e-05,0.005273294371120104
3103,3.06313061931481e-05,0.0054517972657061
3104,3.317392474855296e-05,0.00672502391861649
3105,3.31057647902829e-05,0.004870048122788508
3106,3.0202419172079923e-05,0.005769083489055239
3107,2.344650614152973e-05,0.005777391047752279
3108,1.7380256394972093e-05,0.005361872805854467
3109,1.1183511833223748e-05,0.006028711091815017
3110,6.596331119605262e-06,0.0060023639395129025
3111,9.37249884979489e-06,0.005735066866018172
3112,1.1286917288089172e-05,0.006310932000908326
3113,1.5974689934713144e-05,0.005741360179317279
3114,1.3755742232509268e-05,0.005853447036480341
3115,1.2765073976576484e-05,0.005669492091543562
3116,1.200796553651647e-05,0.0051206103929384485
3117,1.5081243691383862e-05,0.0065986714362511485
3118,1.8169072063756175e-05,0.006153263554974335
3119,2.115248144036741e-05,0.0049084541864517165
3120,2.918803559926649e-05,0.006231858307041052
3121,1.9624419170819844e-05,0.006057718380053681
3122,2.4503682288923302e-05,0.004967209487038804
3123,2.5430365349166094e-05,0.005453884821590476
3124,2.5453122119264057e-05,0.006260814159873902
3125,2.239037930849008e-05,0.005742534012423726
3126,2.1300103192819127e-05,0.005678286753946871
3127,2.8694009718795616e-05,0.005595268952975592
3128,1.9560944080391587e-05,0.005879792656133494
3129,2.2762375495706997e-05,0.006513650059758678
3130,2.2684080977342092e-05,0.005469190360112923
3131,3.068698521625872e-05,0.005412755174723666
3132,1.9844313465000595e-05,0.0060243632307085465
3133,2.0355964079499244e-05,0.0048792774341707154
3134,1.63288338323279e-05,0.0053493367566719765
3135,1.4634063457682108e-05,0.005644092020967345
3136,1.802277013969918e-05,0.005824872607907911
3137,2.102132590759235e-05,0.005784588418607637
3138,1.3188353841542267e-05,0.005858564060034714
3139,1.5562353413163996e-05,0.005470040312960861
3140,1.7054514076638347e-05,0.005426036186633617
3141,1.4406290423115328e-05,0.005748208634203344
3142,1.35498133507402e-05,0.005428094930184169
3143,8.56284180675478e-06,0.005346177270503964
3144,6.397490839541812e-06,0.005573658873950403
3145,6.349762922278994e-06,0.005430294362109477
3146,5.543327097257133e-06,0.005454778267935974
3147,7.548801174076895e-06,0.005790614141664636
3148,8.111802890198305e-06,0.005527552847904483
3149,1.205775151902344e-05,0.0056757181002868445
3150,8.989133857539854e-06,0.005621298406947786
3151,8.936300673667574e-06,0.005583429357080947
3152,5.367366672241284e-06,0.005244211235090973
3153,4.192067838933629e-06,0.0056675269202453886
3154,5.295006061108628e-06,0.005509396164318708
3155,6.0705388023052365e-06,0.005593464123158473
3156,6.2671977502759544e-06,0.005282638990503597
3157,9.09795641443149e-06,0.00529448883827981
3158,1.4928030456455114e-05,0.006270279345197941
3159,8.694421285326826e-06,0.005251167078069815
3160,7.713496779615525e-06,0.005058003479512189
3161,7.589496453874744e-06,0.005794748282573354
3162,8.712786438991316e-06,0.005162171865483438
3163,7.655631270608864e-06,0.005233779212269258
3164,9.366274935018736e-06,0.0059973383615688075
3165,9.439026810772095e-06,0.005362513775783261
3166,5.337744763285931e-06,0.005174102459660196
3167,8.387352045247098e-06,0.005121043787931833
3168,9.20820887889325e-06,0.005516893897704252
3169,1.0272614357139295e-05,0.005192234202867418
3170,7.3651711621399345e-06,0.005450762441660475
3171,1.0907615796895698e-05,0.00525876203566555
3172,8.148124137126917e-06,0.005357253189220672
3173,1.1375246685929596e-05,0.005368384532630444
3174,1.133713327969114e-05,0.005566516722457146
3175,1.3798494182992727e-05,0.005186559060427148
3176,1.6409067514662943e-05,0.005426931392958784
3177,1.0210601521976059e-05,0.005397718260431383
3178,8.203354233652742e-06,0.00541867334835642
3179,1.2132679391167282e-05,0.005238468054770015
3180,8.145157274460264e-06,0.0054554207778469786
3181,9.463091191719287e-06,0.005077645791269194
3182,6.04822022675459e-06,0.00569455814731168
3183,5.770952399567856e-06,0.005596778296872856
3184,1.2754160100788189e-05,0.005269020634490674
3185,8.5272807458144e-06,0.00548870988395505
3186,7.96947606431786e-06,0.005755021310169396
3187,1.2435093837363336e-05,0.004799625146987401
3188,1.0220773704835058e-05,0.0058382908542325175
3189,1.1754788526256258e-05,0.004996514050509986
3190,7.485868991352618e-06,0.004999621448613058
3191,6.865087379992474e-06,0.005520987793744549
3192,6.33047790567313e-06,0.005199924500028449
3193,8.104165802554538e-06,0.0054555976411371715
3194,9.06394537499485e-06,0.005435295967663836
3195,7.782554833587104e-06,0.004903370118516636
3196,1.6275036068691405e-05,0.0055448401015339875
3197,1.3252776019119969e-05,0.005362648157564204
3198,9.929197555417582e-06,0.0052178591548457855
3199,1.5718261177729195e-05,0.005662729230335378
3200,1.4632485787539433e-05,0.005261496068748433
3201,1.0823831659460363e-05,0.005167124279606061
3202,1.1698166660304803e-05,0.005260508903485584
3203,1.1557721760861265e-05,0.00552605008193123
3204,1.3248706697292315e-05,0.005454864022945326
3205,9.167489709701234e-06,0.005090082694930355
3206,8.229743343690643e-06,0.005520167745884479
3207,5.922284769136847e-06,0.0051941414048352575
3208,4.153400974852654e-06,0.005099999667035313
3209,3.8278085715622485e-06,0.005208021095829216
3210,4.07781499234261e-06,0.004860052068930442
3211,4.472808511006103e-06,0.005122038880436439
3212,4.564807871550632e-06,0.005432002165714118
3213,6.805116208852269e-06,0.005325589043007592
3214,7.71352515585022e-06,0.0053773381651973165
3215,8.395779635369157e-06,0.005248344437343868
3216,1.1544142853381346e-05,0.004803638054629949
3217,2.603882555073748e-05,0.004464439204417345
3218,3.3802250739730275e-05,0.006149459644917428
3219,8.204664433530222e-05,0.005181573133358336
3220,6.180520031193737e-05,0.006319094573946919
3221,6.46199900074862e-05,0.004878930300180837
3222,9.601943214268735e-05,0.005757551625605643
3223,6.651390018911722e-05,0.004832144481987935
3224,5.496167674815903e-05,0.004262320286645664
3225,6.243093230295926e-05,0.006211880154497041
3226,6.778589170911195e-05,0.005404914670631172
3227,5.859935093515863e-05,0.004949911416867587
3228,6.637186888838186e-05,0.005157513749294394
3229,4.314084896274532e-05,0.004078531615788073
3230,3.3736335414384184e-05,0.005861532661741174
3231,6.345211343917375e-05,0.004923432354089313
3232,3.5476137418299915e-05,0.005585473199470306
3233,2.4836128674602756e-05,0.005916520703847953
3234,1.3602968768585319e-05,0.005276692547197417
3235,1.2759368716312263e-05,0.005420438835294698
3236,1.6282145467509204e-05,0.005167268077278231
3237,1.806659044329232e-05,0.005354626214234378
3238,1.0991590837268935e-05,0.005114582411240874
3239,9.42891322968838e-06,0.0052733118535848115
3240,1.1926288486089713e-05,0.004993627295191363
3241,1.7026016575982793e-05,0.0054152589951326525
3242,1.905908041711276e-05,0.005049317752517115
3243,2.5809599052687796e-05,0.004523838393566177
3244,3.417154560641696e-05,0.005094611379281273
3245,2.9009336261272742e-05,0.004837653878342917
3246,2.5089044841782502e-05,0.004972914835130136
3247,3.1298450630856677e-05,0.007133432407313445
3248,4.0692755525621276e-05,0.004045463035132472
3249,3.4287516003435786e-05,0.005209534568345453
3250,3.220818519669895e-05,0.005655341913674291
3251,1.5130296317996301e-05,0.00466450099195317
3252,1.2751312290977997e-05,0.005168371885193614
3253,7.992490827746223e-06,0.0054894129151669075
3254,7.499343185675874e-06,0.004688734922000742
3255,7.72612365835812e-06,0.00514470568058763
3256,5.981481687437433e-06,0.005247782864497872
3257,9.952120065766696e-06,0.005064812569519666
3258,1.1317494196797876e-05,0.005291205706206832
3259,9.106908692047e-06,0.005283330075853453
3260,7.878324079986972e-06,0.005003471448137535
3261,5.762424552813172e-06,0.005121703516310594
3262,7.729076484489876e-06,0.005035650843065086
3263,1.4465777106427898e-05,0.005155889420058783
3264,1.8625397933647038e-05,0.0052867362305052635
3265,2.3376100337676083e-05,0.004377351912457173
3266,1.569554927603652e-05,0.0047015305901840915
3267,1.4259545787354e-05,0.005705902550926828
3268,1.478245273271265e-05,0.005009960353843809
3269,2.0882050739601256e-05,0.004951534118122003
3270,2.6478356509566463e-05,0.00549017432637102
3271,2.6789921624488972e-05,0.005378817354776259
3272,3.0627309206465726e-05,0.005039086550708831
3273,1.967372015011885e-05,0.005403291016054435
3274,1.910397792623068e-05,0.005140950690632261
3275,2.1449413664716607e-05,0.005207462206952215
3276,2.0143320580245926e-05,0.004715288299920521
3277,1.86867845817081e-05,0.004804429004159499
3278,1.4133504252337541e-05,0.004658588494254848
3279,1.1446619040119306e-05,0.004633045102667621
3280,1.689347712575303e-05,0.005104554985745216
3281,1.1216562779736704e-05,0.004825015200346004
3282,1.0992479777390448e-05,0.0051007832026505094
3283,7.8514475414219e-06,0.004897017662567417
3284,7.67018730887988e-06,0.00485118238739376
3285,7.90634761263694e-06,0.005112489575417493
3286,6.6770877310773354e-06,0.005000180770151728
3287,8.351266114914323e-06,0.004994419308041963
3288,5.057947449434626e-06,0.0049187356650125325
3289,6.758497632593693e-06,0.0046498188235628325
3290,7.134527246914028e-06,0.0052262518012265525
3291,6.464289587408226e-06,0.004783238555620036
3292,5.979168054182082e-06,0.004969814931607153
3293,4.387383160064928e-06,0.005151120366484631
3294,5.771453197667143e-06,0.00470977278763619
3295,6.468054319460256e-06,0.004764221117311106
3296,7.02359945231971e-06,0.005067129993415255
3297,9.952359232556773e-06,0.004978792712561728
3298,8.673558477312327e-06,0.004730254925024791
3299,1.021188472805079e-05,0.005006136233353708
3300,1.0957251167080054e-05,0.004795591075589338
3301,1.7035893445912128e-05,0.005452725075654627
3302,2.4739222862990572e-05,0.004536658972795085
3303,2.96175278587422e-05,0.004835949968693294
3304,1.9714746546621124e-05,0.0049922583390056615
3305,3.683478207676672e-05,0.004919311677025059
3306,2.0978401031849596e-05,0.005089169815476016
3307,2.1972567143772418e-05,0.004847395791136843
3308,2.0471140669542364e-05,0.0046869128443828715
3309,1.3724488417210523e-05,0.0056780251036361445
3310,1.8891211584559642e-05,0.004398127211125817
3311,3.172997530782595e-05,0.00515493132379346
3312,2.0791255398459422e-05,0.005342300827284967
3313,2.9530214184584717e-05,0.00397877951013291
3314,2.9699649409546207e-05,0.005250557091116436
3315,3.454185195247798e-05,0.004125582890247736
3316,6.405900106377279e-05,0.005616698612085008
3317,4.519897338468581e-05,0.004304028849491453
3318,8.920598581122856e-05,0.004231592772279199
3319,0.00010689050589765733,0.005753476260684606
3320,8.015764906303957e-05,0.004459469857823661
3321,5.9655789179184164e-05,0.0057333728195879405
3322,3.163611218042206e-05,0.006146105013670414
3323,2.9893339524278416e-05,0.005024165949072894
3324,2.0401302875446467e-05,0.005767343279824952
3325,2.8375624970067294e-05,0.0045432069551522335
3326,2.9974488522081327e-05,0.005084370468251818
3327,3.9149456764183314e-05,0.0069779010240252565
3328,5.232354887994006e-05,0.003959629791018765
3329,4.285665442390988e-05,0.00546473481758373
3330,3.1196379010604386e-05,0.00615309264628202
3331,3.66627876549804e-05,0.004769587764648471
3332,3.4290185188486554e-05,0.005147308961847636
3333,2.0893111529100376e-05,0.004059537563208989
3334,1.4543223005603068e-05,0.0047437793494561524
3335,1.1897163252190998e-05,0.0048989896831198
3336,6.2499186848678315e-06,0.004585071107533973
3337,9.240456893166993e-06,0.0056973259720042
3338,2.694787981454283e-05,0.0043090698199244
3339,6.904617597077352e-05,0.004949949835757102
3340,3.7524303479585797e-05,0.00567175758137243
3341,3.079621249829264e-05,0.004670485384820953
3342,2.064347706133655e-05,0.004378248878762009
3343,1.6005411331813472e-05,0.0054451415212604945
3344,4.038218370017906e-05,0.00482935788417895
3345,9.577841604671752e-05,0.005130032664091569
3346,0.00010255143861286342,0.005391109507442929
3347,6.8151208688505e-05,0.003766210918410087
3348,2.3482427544270952e-05,0.005723468042675435
3349,3.633169302095969e-05,0.004712530353113892
3350,3.4029264740335444e-05,0.00431333686129784
3351,3.7192490708548576e-05,0.0055328711324672064
3352,3.829244427227726e-05,0.004348742254958378
3353,3.9121853478718546e-05,0.00491834893881336
3354,3.578553053860863e-05,0.004651775590958088
3355,3.0230202052431803e-05,0.004927390563030412
3356,1.9606623633687075e-05,0.004926676649277604
3357,1.9858203935048853e-05,0.004883444288701523
3358,1.5511473854227613e-05,0.004832166459734046
3359,1.7078163242937686e-05,0.004701503889825869
3360,1.583981823690313e-05,0.004537828750615045
3361,1.7376639577075062e-05,0.005344277379784997
3362,3.81094546658763e-05,0.0044329827431384035
3363,2.132198957648749e-05,0.005519147023675949
3364,2.376812196113557e-05,0.004701881354132037
3365,3.8672226583003064e-05,0.00454730000786894
3366,3.6025959707330914e-05,0.004650423354579238
3367,2.097521695153167e-05,0.005468531893052924
3368,2.3263059847522528e-05,0.0042409716086007476
3369,3.65136644783585e-05,0.005218981611212407
3370,1.1626450880915703e-05,0.005361158767436433
3371,8.87424206060435e-06,0.004534574922203548
3372,1.0712587936723139e-05,0.004752404019823225
3373,9.795013587184561e-06,0.004671470159444753
3374,9.843982964715299e-06,0.004614540199771171
3375,5.274296396843662e-06,0.004940408604644884
3376,6.099920695608792e-06,0.004641574851464568
3377,5.3317257576660875e-06,0.004687157078228128
3378,5.94137479007865e-06,0.00503432359106428
3379,5.337751978610564e-06,0.004300244115879686
3380,5.792066137170574e-06,0.004865664255431318
3381,6.865971590741537e-06,0.00477699020980146
3382,7.802209499156258e-06,0.004089622912327136
3383,9.489548392593861e-06,0.0058336107822971085
3384,1.4784001784088711e-05,0.004353092572703136
3385,1.6078333404342025e-05,0.004199580780751123
3386,7.406429237259241e-06,0.00484867667500663
3387,7.012591868260642e-06,0.004550711310461281
3388,6.0605126236623615e-06,0.004699660890449689
3389,5.534913664935933e-06,0.004468611052890462
3390,5.562315406374789e-06,0.0044193336094810265
3391,8.697415250935591e-06,0.004937654009132873
3392,7.574212819842311e-06,0.004725955272694741
3393,7.259433490010754e-06,0.004619690794937723
3394,7.618131773294105e-06,0.004696654060518179
3395,7.50974471278217e-06,0.004147897745797953
3396,6.727432689028016e-06,0.004357888348635257
3397,5.195406295873303e-06,0.00477709885187975
3398,5.42590717789911e-06,0.004403361331994139
3399,6.426982812020772e-06,0.004788588160487611
3400,7.644172850026128e-06,0.004362841180753051
3401,7.232682764879428e-06,0.004329822312189838
3402,7.406249278574251e-06,0.004903305820592745
3403,7.162854126363527e-06,0.004180772391360576
3404,6.244411330650715e-06,0.0050930492873266925
3405,5.9944401376318035e-06,0.0046080021906321445
3406,5.606315547386961e-06,0.004285631569351737
3407,5.920682512320733e-06,0.004458514291529111
3408,6.01290618457521e-06,0.004143936185562235
3409,7.824503791198368e-06,0.004227952518331723
3410,5.748750603136917e-06,0.004597303985552055
3411,7.073088454490062e-06,0.004123976043476833
3412,7.253190475845865e-06,0.004655466055658858
3413,8.211777943264073e-06,0.004510809946071914
3414,7.611787623318378e-06,0.0041489984810821655
3415,1.1773024561989587e-05,0.004671186443388931
3416,8.300763875013218e-06,0.004364582768634079
3417,6.768962339265272e-06,0.004404911008758808
3418,7.731253087210158e-06,0.004270284619974339
3419,6.2102575005458975e-06,0.004347483297501962
3420,4.368214710363342e-06,0.004545293990375958
3421,5.323567772090125e-06,0.004196220348904452
3422,5.9820707368392805e-06,0.004417180340355775
3423,4.450857886695303e-06,0.004690440261633847
3424,4.4166491837434785e-06,0.004223519877537968
3425,4.147215562018876e-06,0.004344345070421696
3426,4.512174746196251e-06,0.004532578386601031
3427,5.009784066108598e-06,0.004254052276158426
3428,6.494911394838709e-06,0.004355588751867061
3429,6.67306791607795e-06,0.004509489455326336
3430,8.527747680394289e-06,0.00434269910810266
3431,9.272560055251233e-06,0.004549005838829701
3432,1.5144446297199466e-05,0.00460063779770624
3433,1.717152942243653e-05,0.003971769804442961
3434,1.326651496735091e-05,0.0040581614057731445
3435,1.3239543841336854e-05,0.0045930557026285825
3436,1.8780833246031157e-05,0.004186035045899275
3437,1.0168660628551151e-05,0.0042589988603483975
3438,1.1008542181419519e-05,0.004558480586709939
3439,1.7231538004125467e-05,0.004156649831359781
3440,1.136550138956712e-05,0.0045522794010132315
3441,1.1720556479607087e-05,0.004501845203633384
3442,8.47438210864008e-06,0.004316691169881914
3443,1.535563618138743e-05,0.004196240031343746
3444,1.5288669480166088e-05,0.004869326127795722
3445,1.257282371322314e-05,0.004278382169097427
3446,7.274773967462048e-06,0.004626043250886943
3447,5.882891855435446e-06,0.004508890372913654
3448,6.358710106724175e-06,0.004056677288251129
3449,5.1921859267167745e-06,0.004368155725358978
3450,9.89588249164323e-06,0.004092271161067674
3451,5.86856866296633e-06,0.003989406582701394
3452,7.799899807044615e-06,0.004382317093765642
3453,7.55699117386636e-06,0.004498825474517552
3454,4.911041984693535e-06,0.004255898839493436
3455,5.008778710665259e-06,0.0045679158083801194
3456,3.892075862192239e-06,0.004226331386392511
3457,5.751715343649267e-06,0.0041590212646314476
3458,8.815296617588804e-06,0.004194721997546868
3459,7.063836528686807e-06,0.004374124637738926
3460,6.839278345675363e-06,0.0042902550872737965
3461,8.589375283918343e-06,0.004332495141979747
3462,6.62971524434397e-06,0.004320903028559497
3463,7.669975881678207e-06,0.004510690920113579
3464,7.5047276065258e-06,0.0041864785607757535
3465,5.690690098466197e-06,0.004433561446453173
3466,4.279549284547102e-06,0.0040685228020774095
3467,6.501561074401252e-06,0.004463494689328464
3468,1.4269907842390239e-05,0.004386839647520715
3469,1.45355142497768e-05,0.0044954295717473105
3470,1.9942079961765558e-05,0.00452068333668033
3471,1.92296411114512e-05,0.004115599163580598
3472,1.4710246735679297e-05,0.004546177610168307
3473,9.935037208682237e-06,0.004208968981631159
3474,8.466247315179014e-06,0.004374416669698682
3475,8.923249030582762e-06,0.004377025560893881
3476,6.5683058589153615e-06,0.003966438686695155
3477,8.80244936827997e-06,0.004601050050943855
3478,8.657602059732501e-06,0.004082887697466246
3479,9.534648112700476e-06,0.0038091512250266676
3480,7.646981187766262e-06,0.00445964552579433
3481,8.662183063279372e-06,0.00386412379397886
3482,1.928917881741654e-05,0.004434242455919427
3483,1.4134413383241433e-05,0.004460001327684076
3484,1.0485028542461806e-05,0.003278704382127195
3485,1.4432223845991151e-05,0.004869440086479262
3486,2.2118767932018577e-05,0.0037077677098843525
3487,2.131102640608636e-05,0.0040072626030937895
3488,2.116832280686746e-05,0.004359855206580613
3489,1.4448486460120573e-05,0.004074364277262856
3490,1.0180679782934022e-05,0.004389376526214476
3491,7.892988833191339e-06,0.004089518941528215
3492,9.275061226314088e-06,0.004442253216045109
3493,8.364402856386732e-06,0.0039217209326117995
3494,2.56902172016756e-05,0.005127430886147529
3495,5.954065806387613e-05,0.003459655305766684
3496,3.5706335863020894e-05,0.004515112531701411
3497,1.9465828275618455e-05,0.0045374783386630336
3498,3.977768489373072e-05,0.004197363052370511
3499,4.92553828128924e-05,0.004237001057802223
3500,3.361439133489815e-05,0.004643368131415112
3501,3.52391511114547e-05,0.0036239927693262814
3502,4.4403670957156766e-05,0.004704073093479543
3503,3.916221830877475e-05,0.003293949997008551
3504,3.01575411867816e-05,0.0027894653071920705
3505,2.0621551084332167e-05,0.004936777700589398
3506,2.254689158386706e-05,0.004082458203761127
3507,3.403699714302396e-05,0.004156360248705064
3508,5.962823488516733e-05,0.005990225755734237
3509,0.00013056765504491826,0.00469212213487137
3510,0.00014123590420543527,0.003484327287420513
3511,0.0002921601252940794,0.0066482303370758306
3512,0.00015946967566075423,0.003241991257573676
3513,0.00014786003642560294,0.002885153385128562
3514,0.00023361351146983605,0.00912431708177713
3515,0.00025790328703199824,0.003491551318301225
3516,0.00011686936595651787,0.004337254031671314
3517,8.564375384594314e-05,0.00378337116017351
3518,4.5916499220766124e-05,0.0026869299330227955
3519,6.77932650432922e-05,0.006018089225853052
3520,7.268231620400911e-05,0.005016670100332245
3521,8.307349344249815e-05,0.00493422583273546
3522,8.031767392822076e-05,0.004140190288835154
3523,0.00014765304998339465,0.0050898042514802904
3524,0.00012481793528422712,0.0049782042780260405
3525,0.00011370088420032213,0.003825996936423572
3526,0.00013310997552859287,0.004953072406351566
3527,0.0001822397403884679,0.0043932431135473285
3528,0.0003069873957429081,0.004518887196762825
3529,0.001215467342020323,0.0040367118772265944
3530,0.002380568227575471,0.005037125339364912
3531,0.002305194145689408,0.005009534592762237
3532,0.0007751232051911454,0.0036990955530658482
3533,0.0006384481637117764,0.006331888687481561
3534,0.0004599477513693273,0.005094698740272071
3535,0.00032634628926947093,0.006800770847581503
3536,0.0005555225381006797,0.005551181535610533
3537,0.0003220919238325829,0.005098241865341588
3538,0.00018269396969117224,0.007227433310073661
3539,0.00031552441651001574,0.006426270391176066
3540,0.000533980259206146,0.005307755704353175
3541,0.00037974017905071376,0.008379210725309342
3542,0.00021156917112724233,0.005286383325248722
3543,0.00036980548369077343,0.0049887624987232405
3544,0.00025392807049987216,0.005312373025680151
3545,0.0001574626211853077,0.004274880267885022
3546,0.00021604508995854606,0.005335635967611328
3547,0.0002481460163835436,0.005534345841431242
3548,0.00012448279036713454,0.005145817283746295
3549,0.00010979084569650392,0.005607274008958827
3550,0.00012150537998725971,0.004901746918601314
3551,9.932870379998348e-05,0.004460309375458815
3552,3.2398745436997466e-05,0.005085652635440113
3553,2.5416933688878392e-05,0.004891217414905706
3554,2.154911562683992e-05,0.004925862013355015
3555,7.65239183238009e-06,0.005203199910190631
3556,1.1606251367387207e-05,0.004986348180613649
3557,8.586816814689276e-06,0.004788487621649044
3558,8.229448576457799e-06,0.004795872349673369
3559,7.653168146741034e-06,0.004819721687497116
3560,5.8817428301457164e-06,0.004697266401444364
3561,5.682073090914249e-06,0.004554177685750751
3562,4.995338046380008e-06,0.004635760369967288
3563,4.943676306841856e-06,0.0048543086759452745
3564,5.670959035342094e-06,0.004920143890744588
3565,4.074698608746985e-06,0.004724095098850295
3566,4.275792495415468e-06,0.004937730428916732
3567,6.060430678189732e-06,0.0048651702878043405
3568,5.721706505331288e-06,0.004799154073762612
3569,4.562404137686827e-06,0.004832973630409541
3570,6.4730423522026586e-06,0.004899275342486505
3571,5.228973410946006e-06,0.004656131709302504
3572,6.914647929079365e-06,0.004886969256647459
3573,6.220876972899229e-06,0.004801671336016317
3574,1.0478202602826059e-05,0.0051352650836462115
3575,1.0706536158977542e-05,0.004611908054844601
3576,1.6028707007838724e-05,0.004535794771445079
3577,1.6639934256090782e-05,0.004878679818407757
3578,1.5302370623733926e-05,0.00494540805422415
3579,1.693888795368063e-05,0.004810567094585088
3580,1.3652515190187841e-05,0.004332695662329985
3581,1.3288290271399697e-05,0.004805022366638259
3582,8.785856698523275e-06,0.004612677759952902
3583,1.1681029354804195e-05,0.0044982395846191355
3584,1.1260440563394999e-05,0.004664495594682187
3585,1.0911181501190489e-05,0.004097822870267188
3586,1.4639433478199257e-05,0.005186183678763588
3587,9.391954154125415e-06,0.004811751722233502
3588,9.457238593313378e-06,0.004465967504762289
3589,9.629369742469862e-06,0.0048390933363808425
3590,7.332673158089165e-06,0.004826780811949509
3591,8.131133593754688e-06,0.004551839545427814
3592,1.2022006436988401e-05,0.004189120598254711
3593,1.0294336001000677e-05,0.005452171349384654
3594,1.1340511870609285e-05,0.004471498204204511
3595,6.94328064128058e-06,0.004443788842305424
3596,7.391437732925018e-06,0.0046942145233665866
3597,6.066364160991119e-06,0.004542287959768547
3598,5.157716047203091e-06,0.004326983956312101
3599,4.6510536170292955e-06,0.004579947366723864
3600,4.861124155771298e-06,0.004591608977341276
3601,5.762498039985075e-06,0.004689423910041493
3602,5.577604254843512e-06,0.004546216168389546
3603,5.21184125924871e-06,0.004561772797344707
3604,5.732263646981058e-06,0.004779684247346375
3605,6.131468126113759e-06,0.0045298851410469675
3606,5.802987046384563e-06,0.004500779821940764
3607,4.598009672918124e-06,0.004552700857477864
3608,5.429447931722583e-06,0.004563638251128159
3609,5.498027409582088e-06,0.004540753858823945
3610,6.938682721132257e-06,0.0044801223172446876
3611,9.460018191020936e-06,0.004834107643975986
3612,8.456155652917611e-06,0.004335000619702921
3613,7.682451177970507e-06,0.004663112023331988
3614,6.406288412108551e-06,0.004486584397927513
3615,5.088370198791381e-06,0.0042856473578360135
3616,5.040569294578745e-06,0.004383024972254836
3617,4.7450401325477285e-06,0.004321029981759589
3618,4.176712415452736e-06,0.004564216521781261
3619,4.345909231536401e-06,0.004478817893646833
3620,4.653005574558241e-06,0.004384665045975231
3621,3.7791663999087176e-06,0.004365766362294438
3622,3.8642931637393e-06,0.004541762796501945
3623,4.936228197038872e-06,0.0044041707173107176
3624,4.179762890998973e-06,0.004339160206984347
3625,4.031403629293588e-06,0.004554944684890311
3626,3.9414190420454055e-06,0.0043532271304820465
3627,3.899425519193756e-06,0.004389065097812123
3628,3.7399005729336445e-06,0.004508033812808709
3629,4.407273809192702e-06,0.004610423607326399
3630,5.3816181510531655e-06,0.0042842195229971505
3631,4.158958214854162e-06,0.004415027841221629
3632,5.024550894934995e-06,0.004457141654052603
3633,4.112683473067591e-06,0.004196728418368523
3634,4.132867070438806e-06,0.004605937147821028
3635,5.961313824324558e-06,0.004465767989067111
3636,3.96094830345343e-06,0.004290138495954003
3637,4.146397623117082e-06,0.004279839842924921
3638,4.447793692937315e-06,0.004478317604759547
3639,3.853537843194014e-06,0.004239505530870337
3640,3.5752744073154947e-06,0.004458956075758916
3641,3.2605147377277414e-06,0.0044265893676618895
3642,4.050365593381381e-06,0.004383717846917355
3643,3.626702346082311e-06,0.004451747961694331
3644,4.446230862716523e-06,0.004427907702432374
3645,4.774639031287128e-06,0.0042112582605185475
3646,4.381488027623466e-06,0.00446240930986686
3647,3.815322027852138e-06,0.004322469586462487
3648,3.962786104239058e-06,0.004212581816562048
3649,4.009336059122385e-06,0.0044902314717962044
3650,4.452412182824143e-06,0.0042458270478436325
3651,3.6451783216762125e-06,0.004297291588654199
3652,4.064106087753317e-06,0.004398419807745716
3653,5.0769374562757244e-06,0.004405969607196455
3654,5.301408873492619e-06,0.004494136199355125
3655,6.076446637356033e-06,0.004265920743052884
3656,5.222679070963446e-06,0.0042982382743846715
3657,4.641590173074898e-06,0.004452887343198765
3658,4.546830859908369e-06,0.004187624850200387
3659,4.038922876740496e-06,0.004294045694817708
3660,4.415050837754582e-06,0.004335440548620824
3661,3.4261310550694662e-06,0.004128805493686613
3662,4.40184521721676e-06,0.004282996300461255
3663,3.3597608914230173e-06,0.004152532146260964
3664,3.638296311692102e-06,0.004322191722339063
3665,3.356625787394781e-06,0.004152425726157005
3666,4.716065450338647e-06,0.004193846458994497
3667,4.264118069841061e-06,0.004205785354408693
3668,4.52481423659871e-06,0.004079232740355289
3669,4.6867649264944095e-06,0.004453688067948725
3670,4.206898514288089e-06,0.004014904046152521
3671,4.258414204135382e-06,0.003931885416524147
3672,3.582300329677916e-06,0.004218453138069374
3673,4.929987062496366e-06,0.004042342855177057
3674,7.435192977330493e-06,0.004389139170956424
3675,6.39973125847367e-06,0.003808201921326438
3676,6.038776640101181e-06,0.004143519561708443
3677,4.5264486895272665e-06,0.004230014092516242
3678,4.857214601846257e-06,0.00400088077748385
3679,4.185534908174304e-06,0.004277640916993768
3680,4.342779235836739e-06,0.0043379978357454925
3681,3.905972183323077e-06,0.004166721777007805
3682,3.6321562220109627e-06,0.004287192927981455
3683,3.819335688604042e-06,0.004117356173283472
3684,4.159299017677162e-06,0.004066775156933022
3685,4.626843322815451e-06,0.004112521721798134
3686,5.209845009327789e-06,0.004064877722852343
3687,3.733228383377233e-06,0.004374059071163024
3688,4.1171664179273645e-06,0.004249021909602984
3689,4.600510207334689e-06,0.004115577112502
3690,4.214758306867831e-06,0.004101575660247971
3691,4.374675912307187e-06,0.004106280577229703
3692,4.0575761583265075e-06,0.0041567052120533516
3693,4.811254863549645e-06,0.0040700917432862005
3694,3.4283360946574248e-06,0.004201574632384646
3695,4.443722324746583e-06,0.004015818494922063
3696,3.854838253876854e-06,0.004022402894191855
3697,5.176250700363501e-06,0.00427646783921193
3698,5.789228089270182e-06,0.0041365880871147625
3699,4.114733928872738e-06,0.004142831776320465
3700,4.248354161973111e-06,0.004069829608981065
3701,3.7162514975837743e-06,0.004209866827925828
3702,4.329096130580486e-06,0.004175728978955839
3703,3.8373067278977635e-06,0.0039414432647777355
3704,4.851036313387643e-06,0.0041623101093051
3705,5.172240889805835e-06,0.004098968697697159
3706,4.857556965968494e-06,0.0038752977655628533
3707,5.051551185412488e-06,0.004167323477390244
3708,5.164581610491344e-06,0.004312452940842298
3709,7.243378483205257e-06,0.003965882393788165
3710,5.3117792049306445e-06,0.0040242839237953736
3711,6.40496388465787e-06,0.004200825475038975
3712,5.55836628943022e-06,0.004029158004156248
3713,8.70396506797988e-06,0.0039352903465234386
3714,8.277842122576354e-06,0.004165607607212123
3715,8.835888365865685e-06,0.0040340309258638405
3716,9.107659752771725e-06,0.003978863329164625
3717,5.148800937604392e-06,0.004144761388696085
3718,6.271976932718341e-06,0.003848786590488877
3719,4.052460887275325e-06,0.00408016605024028
3720,3.96270558364146e-06,0.004093382250898936
3721,4.505030998795216e-06,0.0038384203982400143
3722,3.866834989215325e-06,0.003892777956963524
3723,3.9568505599163474e-06,0.004142795762736497
3724,4.592327816984228e-06,0.0037991459716082087
3725,5.626343621164172e-06,0.00424576328524689
3726,8.159500672870006e-06,0.003912387239768749
3727,6.683638791097716e-06,0.003775694759518612
3728,6.0941603805986235e-06,0.003917198503521953
3729,6.717030919389799e-06,0.004121659235574129
3730,6.613497923050696e-06,0.0042713247899582064
3731,8.165579007860894e-06,0.003908504416623454
3732,6.780914676104051e-06,0.003996160834675699
3733,5.269207334398137e-06,0.004246786126764272
3734,5.095075842594573e-06,0.0038648844791913596
3735,5.342804009463483e-06,0.003730891954417773
3736,4.957937320189861e-06,0.003998679468246896
3737,4.727180991418815e-06,0.003838597950855578
3738,3.739661724466714e-06,0.0038972057651464396
3739,3.1494996922750335e-06,0.004111465162003603
3740,4.8826679024690145e-06,0.0038453467615594075
3741,7.619978471969565e-06,0.00416298413018542
3742,7.286844750827489e-06,0.004098358380747592
3743,5.411554411693942e-06,0.003864198923110962
3744,5.636291886427595e-06,0.004139603357615433
3745,5.628022457434175e-06,0.0038849492227350634
3746,5.12369933858281e-06,0.003836622718340299
3747,4.588752684261029e-06,0.004149234318357753
3748,3.864696888437417e-06,0.0038924518840636794
3749,5.480009743526656e-06,0.003807173873202538
3750,6.127821931537862e-06,0.004221901561566225
3751,8.71486142083692e-06,0.003426395855316027
3752,1.4160817894056284e-05,0.0036000727316525976
3753,1.979372973437421e-05,0.0045566263527968736
3754,1.2513198331968548e-05,0.003583155477082166
3755,5.422555780872548e-06,0.003786066950364845
3756,5.350228881676836e-06,0.0037209226999167853
3757,5.178642186365323e-06,0.0035657922106641015
3758,4.3000574199444e-06,0.003953479985728508
3759,5.835333710516958e-06,0.0040225925246678935
3760,5.374376845187119e-06,0.0038250851642897747
3761,8.085529316304019e-06,0.004009648262867777
3762,9.481732558924704e-06,0.0037453569596501315
3763,1.8361089678364807e-05,0.003786262938767437
3764,1.7005687792940685e-05,0.003752602729946375
3765,1.3599073766575505e-05,0.0038317627178167733
3766,7.748838591699798e-06,0.003979380227860034
3767,8.680037171870936e-06,0.00399180287568588
3768,1.0343686093013578e-05,0.003871690577233401
3769,5.478862506909839e-06,0.003791784592647487
3770,4.791335656288235e-06,0.0034919618115591723
3771,5.696194845465167e-06,0.004392356611788273
3772,7.4451987832920475e-06,0.003986800492807167
3773,1.0160196385792612e-05,0.0036098582442761875
3774,9.301699780432197e-06,0.004210491928704611
3775,8.56233370238139e-06,0.0038128987644014396
3776,1.7751636793642925e-05,0.0038117958364758905
3777,1.3565986591856927e-05,0.003760044902973757
3778,1.1014936656768744e-05,0.0038906453822658755
3779,1.0877616053524738e-05,0.003767772247706811
3780,7.545178020033442e-06,0.003577167124260129
3781,6.144914368633181e-06,0.0035902010460244858
3782,4.627245501372575e-06,0.003821329345677312
3783,4.005202693709483e-06,0.0037287420915865055
3784,3.1784983548277523e-06,0.003885250787918023
3785,4.606113179761451e-06,0.0037846711581558225
3786,3.987232988341323e-06,0.003766349571808351
3787,5.432010160196417e-06,0.003778522023857813
3788,4.619822478465115e-06,0.0036782250394971354
3789,4.028661351185292e-06,0.0037348578229370547
3790,4.777890050415105e-06,0.003617806730454597
3791,4.076652051783943e-06,0.003769561351372266
3792,3.4707761490911556e-06,0.0037310274435192583
3793,3.4503166110274227e-06,0.003800113656096102
3794,4.51609836697268e-06,0.0035534173279531357
3795,4.6973869151164156e-06,0.003562463476784586
3796,5.342147839352644e-06,0.003934726221706923
3797,4.901587787268606e-06,0.0038783112467508617
3798,5.140877146914136e-06,0.0036397814882669862
3799,7.5406799927198636e-06,0.003915982284238489
3800,5.613550683847279e-06,0.0036147760931314445
3801,7.951664550394828e-06,0.0033831622150880614
3802,6.586703633123155e-06,0.004109350113770154
3803,6.781169971266839e-06,0.003915592976735802
3804,7.138599539757706e-06,0.003830478665983583
3805,5.760633879011342e-06,0.0035581970147377864
3806,5.968661571387201e-06,0.0036405588272870994
3807,4.703982388794732e-06,0.0036820194713302013
3808,4.590428094767655e-06,0.00386079415444314
3809,4.829763414212114e-06,0.003611386973616176
3810,7.006942299388659e-06,0.0034350517213227244
3811,7.041076363141959e-06,0.003820472653573892
3812,7.813438605808187e-06,0.0036686943279300617
3813,1.1137247687050452e-05,0.0032962435658463814
3814,1.8044332076290933e-05,0.00435290802416839
3815,1.2999587306694594e-05,0.003889262522240793
3816,1.3809726442559623e-05,0.003178646608336469
3817,1.881452396143383e-05,0.004453272470749739
3818,4.4529805503164725e-05,0.003418610049924982
3819,3.7185775242202604e-05,0.00291810818309859
3820,5.351078434614465e-05,0.0036834190474955117
3821,3.683863130087654e-05,0.004261359887740274
3822,2.6521695569196407e-05,0.0034536121552443413
3823,4.976941975958956e-05,0.0038758782288572918
3824,5.703131270517285e-05,0.004872217855056909
3825,2.9862798995357784e-05,0.0032923538494473836
3826,2.181570974547261e-05,0.003506164774152003
3827,3.9119634796710066e-05,0.0035079282627800317
3828,2.996852551101862e-05,0.0032937758506869706
3829,1.7977193177406055e-05,0.00367589289043832
3830,3.0141614721893954e-05,0.003634541376134542
3831,3.4141546348109844e-05,0.0029733949560877375
3832,2.856026991745845e-05,0.004244096430502538
3833,3.435442073775145e-05,0.004158333816572907
3834,1.7531196378210248e-05,0.0035853062859025056
3835,4.12979323300533e-05,0.004251175846053859
3836,3.633696566491077e-05,0.0033441824750520114
3837,4.854766812059097e-05,0.0035216497169352893
3838,4.1243777620062856e-05,0.0031810365360611537
3839,3.930783956699694e-05,0.0038220696297921533
3840,4.3747336045877695e-05,0.004782016301072958
3841,4.2950430603620286e-05,0.0031810396966913085
3842,0.00012032508578461906,0.0031413534054840642
3843,0.0001068835825814555,0.004540386866396806
3844,8.399982519525414e-05,0.0031234773249900717
3845,9.850867694088568e-05,0.003675216687916536
3846,0.00014552151454457393,0.003383480503744497
3847,0.00018177127349190415,0.004390125676226897
3848,0.00015030203794594855,0.0038925863685101035
3849,0.00017223044706042855,0.0031770048663020134
3850,0.00018637340205411115,0.005215464460509499
3851,0.00016609050605135658,0.0023768818478913994
3852,0.00010862560981574158,0.00562485678517443
3853,6.823540898039936e-05,0.004404757846528151
3854,4.257934342604131e-05,0.003674341252029646
3855,4.239210284140427e-05,0.005663769583650461
3856,4.978229335392825e-05,0.0039711655374235055
3857,5.2836996959134314e-05,0.003710419720581432
3858,8.687300748230578e-05,0.003025965200458455
3859,8.236492358264514e-05,0.004667511899170913
3860,5.912593963633602e-05,0.0031047099431258016
3861,6.676790605221564e-05,0.003885627078904411
3862,7.40235899381029e-05,0.002725071471741819
3863,4.819647001568228e-05,0.004164144440781413
3864,3.591332376042071e-05,0.004631884095413009
3865,2.2594425536226483e-05,0.0033640307960958464
3866,2.438617563408722e-05,0.004221835774992864
3867,1.5437968371164365e-05,0.004341974172477178
3868,1.4111443306319416e-05,0.0037186882773956914
3869,1.2047437727839376e-05,0.0033407520803468904
3870,1.0052609286503867e-05,0.004066311167626399
3871,1.4219952330070858e-05,0.003948457047753916
3872,2.1802114618670507e-05,0.0029218332643994667
3873,2.184065779147204e-05,0.004371476982991527
3874,2.217996880062856e-05,0.003633042837779118
3875,1.120128860444917e-05,0.003582924003089507
3876,1.7809744410139198e-05,0.0036003511714360376
3877,2.123721217988835e-05,0.0045963877108036065
3878,1.5235500419900443e-05,0.0032629120185619265
3879,2.3388201589114034e-05,0.0036157696896533327
3880,3.027562100517874e-05,0.0032938743655489184
3881,1.991255467146402e-05,0.003738353505554631
3882,1.9214283383917063e-05,0.003924540955367989
3883,1.4465950031687196e-05,0.003443309655926359
3884,1.382910607693096e-05,0.0034253538410201315
3885,1.171912651140398e-05,0.00408195579556499
3886,1.1853855661077735e-05,0.0039675585837580084
3887,1.0423814516495138e-05,0.003598494488217934
3888,1.3094057127697548e-05,0.0035423246087638413
3889,1.0204346563114085e-05,0.003982150626522819
3890,1.2006309043499641e-05,0.0035752955655472016
3891,1.2494836634383924e-05,0.0036040804290220023
3892,9.064364773318327e-06,0.003565437860757582
3893,5.085719294584123e-06,0.0038025279008732068
3894,6.184472355622953e-06,0.003583634752545535
3895,5.503264674189268e-06,0.003656323951500373
3896,5.311803882553553e-06,0.003422633803442238
3897,6.443728155621405e-06,0.0035616953519913624
3898,6.851964614421983e-06,0.0033837383224328203
3899,7.384992416821963e-06,0.0035176618413369017
3900,7.1925842955048815e-06,0.0034957902219997145
3901,4.021358411894956e-06,0.0037296446971595287
3902,3.787035742182828e-06,0.003686162657801091
3903,4.4516581207669026e-06,0.003666340963782992
3904,5.446203401030895e-06,0.003611760250637381
3905,9.84689698573978e-06,0.003822239409164181
3906,7.686771580968827e-06,0.003400052021308912
3907,6.966821032013589e-06,0.003665039125155276
3908,6.9850889606944595e-06,0.003407984220342139
3909,9.685429783227542e-06,0.0035305707422121774
3910,9.626107203075663e-06,0.0034896268281997657
3911,1.2127017998864176e-05,0.0036871197567446027
3912,9.908577188374087e-06,0.0035824930940674044
3913,8.278571870808567e-06,0.0032902479677747085
3914,7.6011751995489854e-06,0.0035705159630949105
3915,5.72845322797851e-06,0.0035295318372136966
3916,5.726100001387143e-06,0.0035167640133753537
3917,7.081425367990353e-06,0.0032262636319272163
3918,7.443803466837077e-06,0.004117481520502116
3919,9.471503047583003e-06,0.003238855120469266
3920,8.0368727746342e-06,0.0034876294859399006
3921,6.28645796799295e-06,0.0036015993306838623
3922,6.113432543012702e-06,0.003513301363376182
3923,6.396503704308998e-06,0.0031655485243133204
3924,6.395098140880388e-06,0.0036714608179713327
3925,6.414664070083139e-06,0.0036410671204152537
3926,5.529074921165981e-06,0.0033221261825148517
3927,5.301840762210001e-06,0.0035911611809329256
3928,4.290322885935894e-06,0.0034642307175778027
3929,5.172789921440805e-06,0.0032633184492001383
3930,4.8254177575775735e-06,0.0033806145565188307
3931,4.752766593204191e-06,0.003366346119015705
3932,5.462914790162661e-06,0.003609559161397885
3933,6.0438735090428965e-06,0.003135730094445033
3934,5.408455793561491e-06,0.003425310959848832
3935,6.1656512116314845e-06,0.0032404313802601786
3936,5.644058849914775e-06,0.003350484819246793
3937,6.644629441628543e-06,0.0033037643549655837
3938,7.615248099076173e-06,0.003379744690234267
3939,6.929234405106399e-06,0.003101550438624667
3940,6.392492832674179e-06,0.0037157441760728676
3941,6.447597449247647e-06,0.003540695446917391
3942,6.100959672039607e-06,0.0032621631912124437
3943,6.419649404657927e-06,0.00357996072165492
3944,5.683177247798691e-06,0.003388464692833386
3945,5.608545385863787e-06,0.0032347843534951135
3946,5.11224391933259e-06,0.003388629573595336
3947,5.371885284451612e-06,0.003123572129228218
3948,5.295032557720939e-06,0.003164181702102967
3949,8.669624821777689e-06,0.003793327027829144
3950,1.302263381148805e-05,0.0030300144260147896
3951,1.4190698008557471e-05,0.0036035920199974786
3952,1.0352476874686544e-05,0.0031822001612855223
3953,1.1665553392958827e-05,0.0031193965041320625
3954,8.366755158325153e-06,0.0031725704215290976
3955,4.592346855739985e-06,0.0033051745680080153
3956,3.988681479919857e-06,0.0033672538468628886
3957,3.32349891323247e-06,0.0034950304791096626
3958,3.2081799872685226e-06,0.003248006772748598
3959,3.5180522597026235e-06,0.0034716201682142385
3960,4.43390717919101e-06,0.003219703043715691
3961,4.36092899083936e-06,0.0033042559282868865
3962,4.6550222577934616e-06,0.0033487165310075433
3963,5.845416853844654e-06,0.0030889103453107707
3964,6.544373294066948e-06,0.003478691770189156
3965,5.52775096972861e-06,0.003492003178414632
3966,5.05386572816254e-06,0.0031955835013467025
3967,4.523997601305988e-06,0.0033406888824102916
3968,4.839968642045278e-06,0.003225974217937218
3969,4.872928305606668e-06,0.0031834003610873786
3970,5.94703305978328e-06,0.0034848446664437066
3971,4.069453795333781e-06,0.0031551638596111864
3972,5.917232617017968e-06,0.003201138569174085
3973,5.784902047404709e-06,0.003371087716907028
3974,6.234743341337889e-06,0.0033744792380612197
3975,5.844729336483093e-06,0.0033554696059954446
3976,6.616207489666218e-06,0.0033998156523727995
3977,5.579820541849282e-06,0.003307995331422316
3978,3.852747386190458e-06,0.003157487736765559
3979,4.081391671206802e-06,0.0033509290417817633
3980,4.993526696731958e-06,0.0032585659944342348
3981,4.74023412001164e-06,0.003291861733465683
3982,4.6116876850040475e-06,0.0034017292012673193
3983,4.099603665963514e-06,0.0032174903606101285
3984,5.103063873927264e-06,0.0032447514263546375
3985,5.597167137239012e-06,0.0033668917200462087
3986,6.919197282210613e-06,0.002866440815631095
3987,8.491172745076861e-06,0.0033477227401545666
3988,9.335602226201444e-06,0.0032762788294807194
3989,2.1884982803991685e-05,0.003588061123411721
3990,2.1204050669136146e-05,0.0031073406067361514
3991,2.8575725445989518e-05,0.0035820140899342347
3992,1.9230011215161843e-05,0.0027665505405720762
3993,2.4250067993610477e-05,0.00406655527680643
3994,3.0475306145187155e-05,0.0031648965508449733
3995,6.430554640246555e-05,0.0034199504944400524
3996,7.274401771913593e-05,0.0037638441124182988
3997,7.453677317244e-05,0.0027782487147671032
3998,5.532225598775161e-05,0.002787725409624849
3999,6.662246596533805e-05,0.004192864698335881
4000,0.00012759048307392124,0.0031130110852303
4001,0.00012087791983503849,0.0039844331698213505
4002,0.00012432708996736134,0.002953536782824383
4003,9.349471656605601e-05,0.0036056441196247817
4004,0.0001651016539350773,0.002578314727421586
4005,6.211355503182858e-05,0.0023721079158736027
4006,5.319510334326575e-05,0.0026681153947032813
4007,5.07880142928722e-05,0.0035892187390388465
4008,3.197433228100029e-05,0.003188868471252637
4009,3.12087819717514e-05,0.0031999214332345434
4010,2.3711237736279146e-05,0.0028592747980802076
4011,2.817811352239611e-05,0.002806736834669911
4012,2.166124844128111e-05,0.003161560439717347
4013,1.3421327215231335e-05,0.004169422935137129
4014,2.7246885535229617e-05,0.0029525690653368713
4015,1.7635403673921245e-05,0.0038352635667080015
4016,3.594069542790142e-05,0.0029946556938152146
4017,4.137943372673665e-05,0.002697357357897627
4018,5.837619482917944e-05,0.0028334712301652265
4019,5.8197867717050636e-05,0.00389265908500341
4020,4.5483289735178305e-05,0.002801137397021759
4021,3.0749257227095465e-05,0.0038533890949870187
4022,3.677459098980762e-05,0.003291736078250596
4023,2.1331872994778676e-05,0.0028308944695988507
4024,1.601947102850924e-05,0.0033797649776665713
4025,1.5128445011214352e-05,0.003195306388881263
4026,1.2714600961771793e-05,0.0026554265976186813
4027,1.032849249895662e-05,0.0039225338378877156
4028,1.4488575046319359e-05,0.003277959353400497
4029,1.2974094473368798e-05,0.003123270347714424
4030,9.388707925002867e-06,0.0028426650742904877
4031,8.435651883094883e-06,0.0032618170912106204
4032,6.7399297828766675e-06,0.00314217252202156
4033,5.723195166259151e-06,0.003108705239971792
4034,7.613233234830356e-06,0.0034969373217483206
4035,5.8435134330162935e-06,0.0031518147246340127
4036,5.960352943172135e-06,0.0031159608111548144
4037,6.094789205235429e-06,0.003250487453091567
4038,8.52852796621543e-06,0.002968154282961774
4039,9.401880136768644e-06,0.0035240579521151508
4040,9.777086112687054e-06,0.0032384202991590258
4041,9.903109579075438e-06,0.0031117644329650665
4042,8.592868592434873e-06,0.0031203139851999095
4043,7.29089321490998e-06,0.003189693964049807
4044,6.5871853621501945e-06,0.003144270414119865
4045,6.113058498158353e-06,0.0031458310760909647
4046,3.288741966874416e-06,0.0031122211146894403
4047,3.6258079793090776e-06,0.0031341526613343417
4048,3.906892288796371e-06,0.003118780705579153
4049,6.6488240918261e-06,0.003172256089160292
4050,7.999433910299558e-06,0.003412172707956372
4051,1.2078585253523973e-05,0.002983210494697798
4052,6.580153694812907e-06,0.003126164186951213
4053,6.163333334067526e-06,0.0030879005386428102
4054,6.80436775534569e-06,0.003379567907609808
4055,6.7026119116538515e-06,0.0031769644711019955
4056,6.247377101923727e-06,0.003215764062552471
4057,6.556377290204788e-06,0.002844299571075308
4058,6.479414059867849e-06,0.003268421004254987
4059,5.7624056050068855e-06,0.0032311989669138053
4060,6.4773581470944915e-06,0.003144157221760806
4061,4.902588898403337e-06,0.0031623465676359304
4062,6.028842290106695e-06,0.002998706466687007
4063,6.343595426490841e-06,0.0034627883115739334
4064,7.106734665285331e-06,0.0032212875937441673
4065,8.059593953172832e-06,0.002943649792706403
4066,8.996887239239489e-06,0.003441363917737026
4067,1.4595108344413651e-05,0.00265218280475792
4068,3.108309513966863e-05,0.0034627594075745016
4069,2.5660455018320743e-05,0.003005697648590944
4070,1.3123810276738368e-05,0.0031603764977276793
4071,1.7128076190905025e-05,0.0033355596856632103
4072,1.4379607940403123e-05,0.002530360902388265
4073,1.1932954597189868e-05,0.003315723057484298
4074,1.0452359644356572e-05,0.0034687131327965598
4075,8.152123912926375e-06,0.0026239464426134514
4076,1.988340591196902e-05,0.003417755037135496
4077,2.637620418681763e-05,0.003147702693469881
4078,1.9245570244189972e-05,0.002392526052334881
4079,2.5015506253112108e-05,0.004061461660981648
4080,2.156110373713697e-05,0.003440317727156042
4081,2.5625793083842532e-05,0.0026492154753700956
4082,4.2903731688663053e-05,0.00402214367851967
4083,4.444083169801161e-05,0.002202956708089456
4084,2.302511735858085e-05,0.0030412057590648886
4085,2.0700104869320057e-05,0.0037363598519188214
4086,1.9750516609443974e-05,0.0027538003458634137
4087,2.028655483930682e-05,0.003606439062108205
4088,2.803943049608885e-05,0.0032562697416274097
4089,1.406476282378814e-05,0.002892996133195134
4090,1.5601367219157208e-05,0.0033503668309431377
4091,1.2563319311690671e-05,0.0030030218268355985
4092,1.0770914377644658e-05,0.003144785417170506
4093,8.281691073837767e-06,0.003247588909575789
4094,6.981607596875013e-06,0.003032471702294791
4095,1.0024162535652674e-05,0.003370740087922868
4096,1.2643152755723956e-05,0.0029251634135959654
4097,3.2046257668601656e-05,0.0036482941762610212
4098,4.229984745810119e-05,0.0031010895696153323
4099,3.669406020587e-05,0.0036578256834855698
4100,3.9532439404865724e-05,0.0031935352516749243
4101,8.369266700659257e-05,0.004052348779587764
4102,8.958473869521791e-05,0.0024403983976427966
4103,7.24672936485149e-05,0.0037859614029174715
4104,4.0209020759599905e-05,0.003236978344149946
4105,2.161943084502127e-05,0.003071567197660292
4106,1.60297616578949e-05,0.003224170378108663
4107,2.0043746917508543e-05,0.0029807672579222778
4108,1.3355178271012847e-05,0.002991312212772726
4109,9.811161544348578e-06,0.00297657329603795
4110,1.3053406837570946e-05,0.0032670776814398336
4111,1.422189231258623e-05,0.0032649215486809965
4112,1.2628400751661199e-05,0.0029115947953418015
4113,2.239541572635062e-05,0.0029403756328631103
4114,2.551453447570869e-05,0.003391069950403895
4115,3.5666940918114656e-05,0.0029852573510523385
4116,1.9567364536972793e-05,0.0033798478177095963
4117,2.7121066705149132e-05,0.002567898595749628
4118,4.3993971242646994e-05,0.0037894546912293735
4119,3.84351407168045e-05,0.00261235983279629
4120,7.24463076039683e-05,0.0031736551593314474
4121,0.0001400193640923438,0.0030585367848553996
4122,0.00043495142405542233,0.006648517609757232
4123,0.0002783996770934512,0.0025883969075347142
4124,0.0005155010653349261,0.006649918377575443
4125,0.0010140741011127829,0.0049225922754606395
4126,0.0014236909240329017,0.004647255501174551
4127,0.0012617875841291,0.002820553034397326
4128,0.0006446390645578504,0.005468801309273938
4129,0.00025787149691799033,0.004974400529300604
4130,0.0001670596053979049,0.0028111024605711613
4131,8.990408581060668e-05,0.003984624923272865
4132,7.087977792252786e-05,0.0032940273444483597
4133,3.006517751297603e-05,0.0029984092134542352
4134,3.327330341562629e-05,0.003633387958792251
4135,1.928797695048464e-05,0.004524545076735846
4136,2.3741813007897385e-05,0.003900427052267189
4137,2.286724375153426e-05,0.0036582456219677382
4138,1.3801790707172283e-05,0.00450567354074144
4139,1.4139248257076058e-05,0.0037539453781026554
4140,1.628622703719884e-05,0.003874657954287341
4141,1.6553414752706885e-05,0.0038400748414610785
4142,1.0399383124119291e-05,0.0038250485420461716
4143,8.573876645338411e-06,0.003667819269705476
4144,9.905601473292336e-06,0.0034375820660919655
4145,8.457640797132627e-06,0.0038832132081229854
4146,1.1122419952395527e-05,0.0033861054364210507
4147,1.6353430388941585e-05,0.0037568119596543274
4148,1.1793729572673329e-05,0.003722590856312767
4149,5.351271526402949e-06,0.0035208925736818727
4150,4.5752996811643245e-06,0.0037043719647789565
4151,4.563894920768992e-06,0.003746079497303315
4152,4.491788695304422e-06,0.003798301419697878
4153,6.194514177574698e-06,0.0035162686817641333
4154,6.119568691550133e-06,0.0037658490555903573
4155,4.228548489966973e-06,0.003492894406452423
4156,5.50362507662309e-06,0.0034761670866878484
4157,6.606765661369233e-06,0.0036272285909457937
4158,4.654246231439174e-06,0.003698379311006604
4159,6.73254441304986e-06,0.003523197054393648
4160,6.03330778782644e-06,0.0033555658548835693
4161,8.384811553696637e-06,0.0038207505983630504
4162,9.517110447632149e-06,0.00320907842411887
4163,7.661761022366894e-06,0.0036024867564322443
4164,8.155837773908085e-06,0.0035976687974230512
4165,8.209705447370652e-06,0.003387330690266814
4166,8.625096931306568e-06,0.003367153117359858
4167,5.048227588607309e-06,0.003542025324221202
4168,5.85229942468383e-06,0.0035910604550965187
4169,5.106232583784731e-06,0.003304609801532246
4170,5.7764797020354305e-06,0.003661866769135937
4171,3.7350745969888523e-06,0.003647942139994441
4172,3.4642068082272695e-06,0.0035825256353581515
4173,3.918001614996077e-06,0.003508971582394181
4174,3.830868217846728e-06,0.003471098546906719
4175,5.058041006122949e-06,0.003331770717100365
4176,3.4792291292736384e-06,0.0034074876127456587
4177,5.344048046633058e-06,0.00355965288458612
4178,4.418217122292844e-06,0.0032541857973679782
4179,4.95006764443436e-06,0.003461820036759527
4180,5.0650633359812975e-06,0.0032683129231702154
4181,3.6901597923133523e-06,0.0034286799019305255
4182,4.034138419228838e-06,0.0034049353195633007
4183,4.071441253472585e-06,0.003213546422170842
4184,5.759284628463017e-06,0.003617461283111901
4185,7.482771858728181e-06,0.0029592529657905494
4186,8.264974470269711e-06,0.003349091872338235
4187,5.9464615333126854e-06,0.003311470059281963
4188,4.243484196801243e-06,0.0033801178425902456
4189,5.865904707510102e-06,0.0034480927050055013
4190,7.465948450165646e-06,0.0031516339783886757
4191,5.799207550201876e-06,0.0033969291317181324
4192,4.896710682563328e-06,0.003434183083357304
4193,6.537129290033287e-06,0.003382393085639777
4194,4.947084744344466e-06,0.003319541839369404
4195,4.91507156160272e-06,0.0031887276252130356
4196,3.4001028325292283e-06,0.0033954420552303
4197,3.964041449459425e-06,0.0031765846014902817
4198,3.508722056722036e-06,0.003228120267479204
4199,3.6761255614692344e-06,0.0034705653647327515
4200,3.5714273811512004e-06,0.0033003940855658898
4201,4.221492220798003e-06,0.0034410751857391494
4202,4.483270822674968e-06,0.0033676632511334156
4203,7.344803634623531e-06,0.0032087081207299796
4204,8.56266718377204e-06,0.0036545078358136292
4205,7.283847177556406e-06,0.0033658550150223133
4206,8.458468134146339e-06,0.0031122281692746116
4207,9.535523107236562e-06,0.0036043296054768283
4208,1.529431719973218e-05,0.0034002721690990795
4209,1.1308876855764538e-05,0.003044393533239449
4210,1.4858725868786375e-05,0.0033760156966452523
4211,8.647879076306708e-06,0.003777438283377276
4212,1.5688573087876043e-05,0.0030593903016621674
4213,1.3467910442462501e-05,0.0029290243946602495
4214,1.7116893165317985e-05,0.003664378549786299
4215,9.957880502042827e-06,0.0030210160422982192
4216,1.559257531577411e-05,0.0031806342597082843
4217,1.0377422525683262e-05,0.0031998582242980717
4218,1.268303021788597e-05,0.002967561906804954
4219,1.0751433910627383e-05,0.0030671197437043265
4220,1.4102415661909617e-05,0.003408364698613488
4221,1.5980122407199814e-05,0.0035249827517651196
4222,1.979380673825896e-05,0.0026478349839843163
4223,1.1207768814832282e-05,0.003613992256853055
4224,1.623002802565073e-05,0.003468556179276367
4225,1.0850553007912821e-05,0.002500634189460456
4226,1.615097601946521e-05,0.0038653600550308
4227,1.857530599712239e-05,0.0033464087650003863
4228,1.5192442454766326e-05,0.00282134898153581
4229,1.2266683673563724e-05,0.0028469196528079005
4230,1.328125272266334e-05,0.00340940978187393
4231,7.495071865074958e-06,0.0029164475029495756
4232,7.923781655942245e-06,0.0029408991681485193
4233,7.744408564273424e-06,0.0032215085335251855
4234,5.041453429536584e-06,0.0028949083657715266
4235,5.7490519490481045e-06,0.003238940842478998
4236,5.885635376519834e-06,0.003178758033382611
4237,5.306301712456237e-06,0.003037094963553149
4238,4.921937155207464e-06,0.0028570153948476932
4239,4.4013520891894585e-06,0.003595289359910516
4240,6.3676436184323395e-06,0.0030361379599418694
4241,4.492674755359379e-06,0.0028341255942726227
4242,8.759333347067393e-06,0.0033099773031930757
4243,7.566097459251372e-06,0.003191827341738179
4244,6.630877336040915e-06,0.002872605254418972
4245,6.649451916018734e-06,0.0031101499009496113
4246,8.293872330492983e-06,0.003082829820886841
4247,6.498170660051983e-06,0.0029019781344342887
4248,8.463946081368097e-06,0.003031824704435632
4249,6.5676724868050465e-06,0.0036021792916507704
4250,8.592232249308534e-06,0.002841151154446086
4251,8.495990732626523e-06,0.0030013442215487715
4252,7.309429687059795e-06,0.003470959739510234
4253,5.860812901422226e-06,0.002787412628238126
4254,6.272048813116271e-06,0.0030602815333665824
4255,6.703146694538494e-06,0.002911445981727576
4256,8.369460556423291e-06,0.0030823690545429866
4257,9.01288240129361e-06,0.003068480739648652
4258,9.166414505064798e-06,0.003141662168250544
4259,1.2941562029785322e-05,0.0028327145672395943
4260,2.416772370755401e-05,0.003215583697636062
4261,3.9038849505838397e-05,0.0027715846800839337
4262,4.3031992330118855e-05,0.003305905337232774
4263,2.419908454006266e-05,0.0030358220032584947
4264,2.8326588168662662e-05,0.0029669595720965094
4265,2.8494977110919233e-05,0.0031043053457997447
4266,2.553178055677563e-05,0.0031826800894080185
4267,1.7470558789985566e-05,0.0027156707236733963
4268,2.3234324301787032e-05,0.002962352110322301
4269,1.4176556093540664e-05,0.00328953015640026
4270,9.546054873984152e-06,0.003220759874840421
4271,6.057277551008155e-06,0.0029934132398348155
4272,5.181600621047741e-06,0.0031029749405020336
4273,8.941692006677234e-06,0.0029338176992875853
4274,6.041008343042146e-06,0.0029570370450557218
4275,4.373408167642386e-06,0.0032354596063612013
4276,4.697469618501297e-06,0.0030786385356382593
4277,5.4070619322980445e-06,0.0030926759501435155
4278,4.8289715323335255e-06,0.0031365162003638707
4279,8.00177925460351e-06,0.003076177768731915
4280,7.871536521027641e-06,0.002853207158174102
4281,8.58786012637817e-06,0.002949878056423636
4282,5.148176963605996e-06,0.002821399683616762
4283,5.438095073865649e-06,0.003062506323665615
4284,6.469874764055324e-06,0.0031731621413601664
4285,5.968456146850561e-06,0.0027619297359520057
4286,5.002850866731024e-06,0.0028539889631426243
4287,7.074883766714872e-06,0.0031071625664595543
4288,6.98550490293807e-06,0.0029418922880092473
4289,8.303250676059784e-06,0.002930282838789262
4290,7.2496139334058775e-06,0.003214105960040346
4291,6.5094851379399184e-06,0.003031458562665333
4292,4.001698289357591e-06,0.0028220600426549047
4293,3.6072449195974817e-06,0.0030069694282325705
4294,4.9218313506571574e-06,0.0028670318388035448
4295,4.670485517029496e-06,0.0028945630027611895
4296,5.166840855963528e-06,0.0030352623187240185
4297,4.3227835703874005e-06,0.0028033398502454983
4298,5.33664685159844e-06,0.002979906132870068
4299,6.5046498396744335e-06,0.002972458701903426
4300,6.774313821248749e-06,0.0029361238666465433
4301,7.369282108508438e-06,0.0029512990126752945
4302,8.63651269658779e-06,0.002529851406607337
4303,1.3547513844969217e-05,0.0030731290146180494
4304,8.784074361756211e-06,0.003167352855469533
4305,5.5880422526873495e-06,0.003052232431350496
4306,5.850696591854406e-06,0.00311470768363105
4307,4.6141252823872495e-06,0.002849326623002375
4308,4.2261915647638185e-06,0.002753504093619078
4309,5.4981665319549695e-06,0.0029170557409231588
4310,4.264065319148358e-06,0.002977357682309986
4311,4.491190338740125e-06,0.0031040247720409567
4312,4.962585959826053e-06,0.0029830504978794283
4313,5.830277996210498e-06,0.0028623594667791853
4314,5.699557004845701e-06,0.002878250884200175
4315,7.100060778005476e-06,0.0030209528993609853
4316,5.458274123763355e-06,0.0027894198813834996
4317,6.308241548443524e-06,0.0029239073454395055
4318,7.4254559876862915e-06,0.0027490704151706432
4319,5.4646518644100675e-06,0.002792915424669352
4320,4.513017089872543e-06,0.002674538418503962
4321,5.870734821655788e-06,0.0028352737976751457
4322,1.0344066322431899e-05,0.0029339447771529045
4323,9.891046041351122e-06,0.0028022062766739704
4324,8.388622033332164e-06,0.002707704234369627
4325,6.788714866464337e-06,0.002768623730622408
4326,4.242361167901739e-06,0.0027256382878605777
4327,4.7004354807237785e-06,0.002841374668197369
4328,5.268216045806184e-06,0.002834158458226309
4329,8.311852070619352e-06,0.0027726640279485486
4330,7.95101347345432e-06,0.002900266330542527
4331,9.992305573784202e-06,0.0028519844342991124
4332,1.3031263612598802e-05,0.002827183860464124
4333,7.679131825473935e-06,0.002822768078808944
4334,1.3001393472222845e-05,0.002938350196927786
4335,8.26872898566459e-06,0.002592149843263814
4336,9.195359113315742e-06,0.0026384104101911305
4337,6.929961455170997e-06,0.0028583305176552824
4338,8.473216197065387e-06,0.002863969719844071
4339,1.0182080162242831e-05,0.0028285260906252335
4340,5.517044246516889e-06,0.0028606489462059312
4341,8.22938767062927e-06,0.002362635199303233
4342,1.0190325186461753e-05,0.0028555081445929102
4343,8.88457307155477e-06,0.003333744779962489
4344,5.778208863678931e-06,0.0031105485693441602
4345,7.032919893390499e-06,0.002779121851680551
4346,7.813372091428998e-06,0.0028077159076929092
4347,9.676169005009191e-06,0.002444067412591356
4348,9.28490626392886e-06,0.0026728796449995884
4349,1.1347723314732623e-05,0.0032711054169110897
4350,1.4809319933798785e-05,0.0027412193731998834
4351,1.5285149493138307e-05,0.0022973498663183037
4352,4.595223678431163e-05,0.0043399811788337435
4353,8.291851603037988e-05,0.002499362039489774
4354,4.519887594748676e-05,0.0026863968608475575
4355,0.00015055264472418154,0.005401691773862351
4356,0.00010514591219058881,0.002973762417842788
4357,0.00011016854599195842,0.0029899686039608765
4358,7.615877912030556e-05,0.004044390254191996
4359,5.230166328450044e-05,0.001653736711142394
4360,5.7523295011681816e-05,0.003957853043877233
4361,0.00010948179697152227,0.003923265248771728
4362,0.00013289000344229862,0.003541046031200745
4363,0.0001459317390981596,0.0032762818397792776
4364,0.00015889395072008484,0.0038937660682154453
4365,0.0002526635008204418,0.0021634062616462547
4366,0.00027565737739981464,0.003574242778709085
4367,0.00025919341278495266,0.002527175744350149
4368,0.00020410071689790736,0.004581845974124323
4369,0.0005285401702470456,0.003364781792253608
4370,0.0008256064596935175,0.003733522574028631
4371,0.00031997674159356393,0.002269329677343251
4372,0.00011265028297202662,0.0022569108189736294
4373,4.0612140583107245e-05,0.0026960498690018504
4374,2.338740656947872e-05,0.00292921903741172
4375,5.919278676932057e-05,0.0034569717474340453
4376,6.770610828728725e-05,0.0027414866407790522
4377,4.22601284905492e-05,0.0026523935769897275
4378,1.6398460866184904e-05,0.0025749917904751038
4379,1.4301992753947465e-05,0.002779819148291988
4380,1.0255710670511083e-05,0.0026646685735212537
4381,1.1134052723112594e-05,0.0026898559138882816
4382,8.930501492917149e-06,0.002890712097580508
4383,5.056628045470764e-06,0.002629774013959517
4384,5.3121340897632764e-06,0.0026702831066616876
4385,7.100364746293053e-06,0.0026134850097981493
4386,5.204714155600717e-06,0.0023940768730863343
4387,4.370107853901573e-06,0.0024837853870992585
4388,4.855703809880651e-06,0.002600121403509003
4389,5.640597828460159e-06,0.0027368585909093458
4390,7.1157285371252025e-06,0.0026596324320325234
4391,7.28449628392506e-06,0.002674137682133303
4392,5.644308536526902e-06,0.0025256008210437974
4393,6.9794708603391575e-06,0.0028717921841449625
4394,5.677199366497613e-06,0.0027253811584976246
4395,5.411922393250279e-06,0.002713047719641229
4396,4.835882100451272e-06,0.0027986357655874856
4397,6.639167622779496e-06,0.002708880978775775
4398,5.7454365863425965e-06,0.0025750349429766025
4399,4.966679807694163e-06,0.0025351177351035942
4400,5.0353638471278824e-06,0.002812690596558212
4401,7.006235152099786e-06,0.002570871843069088
4402,5.565719614727035e-06,0.00265581403514297
4403,1.061169926591295e-05,0.002612050281705584
4404,8.0814830653253e-06,0.0024624538175233705
4405,7.319443951322076e-06,0.002831717157428424
4406,5.8710816423020635e-06,0.0026993453575987515
4407,4.903542412648676e-06,0.0022771819586330276
4408,5.9475666906413e-06,0.0024725327590905777
4409,4.912275956788411e-06,0.0028677637996812034
4410,4.690876661091655e-06,0.0025129269911196286
4411,6.844641696564698e-06,0.002518906756707533
4412,6.292677547511024e-06,0.002830255908642228
4413,6.491004720980224e-06,0.002503818876337348
4414,5.848428736499045e-06,0.002619276985555418
4415,5.601175932194261e-06,0.0027225794358633633
4416,5.16158647769771e-06,0.0025897103611115867
4417,4.896132243933001e-06,0.002568454829990629
4418,6.556084766392208e-06,0.0023953185827419983
4419,7.569068323694713e-06,0.002804534117449222
4420,7.0327523644664325e-06,0.0025969679159383607
4421,6.6758131045692915e-06,0.0026993427762952377
4422,1.07889035007247e-05,0.002861817129044317
4423,1.5093554247869179e-05,0.002251781739558526
4424,1.5333919448797437e-05,0.0023510410949059827
4425,9.090604059262357e-06,0.0026894177082838035
4426,7.758468958248462e-06,0.002383788101609767
4427,6.705024134134874e-06,0.0025843508160255085
4428,9.405733483921116e-06,0.0028991847093708402
4429,9.756597986173195e-06,0.00257302853315482
4430,1.1491277230864701e-05,0.002844564481015046
4431,1.4454038682742975e-05,0.0025111299382126707
4432,1.3717310988189032e-05,0.002421256514104802
4433,1.5876847161659195e-05,0.0023702730967362566
4434,8.459180147231867e-06,0.002833899183888135
4435,6.889962787681725e-06,0.0030851173654609307
4436,7.831843807556046e-06,0.0026499027400974213
4437,6.3046977629710454e-06,0.0027671765580069363
4438,6.408266017388087e-06,0.00280986028525421
4439,7.513711473923953e-06,0.002450909711215205
4440,6.324790623087513e-06,0.002634844269720823
4441,1.159317725978326e-05,0.002499710654795874
4442,9.121946641243995e-06,0.0028795087710022926
4443,6.500239214801695e-06,0.002801845583507395
4444,1.0193006831589931e-05,0.0024295214372943704
4445,1.1636800991254859e-05,0.0030696247960990807
4446,1.420822615424792e-05,0.002399573604920952
4447,1.3189340461394749e-05,0.002486505501676263
4448,1.881062392688667e-05,0.0027103523217786953
4449,1.2299195320035021e-05,0.0023556188826896543
4450,1.1617341927679566e-05,0.0028827485159098163
4451,1.0673281030904036e-05,0.0027251682302907227
4452,1.377332135537775e-05,0.002332043062206211
4453,1.3921672689320985e-05,0.002827435016896077
4454,7.0412593534759555e-06,0.002424855764192624
4455,7.718446461998003e-06,0.0026470218147114505
4456,5.0580644407697646e-06,0.00284543065500893
4457,1.0334973224720063e-05,0.0023089398494298297
4458,1.3553215952318472e-05,0.002532095853679293
4459,1.2791679061289567e-05,0.0024388585364314044
4460,7.407780594803626e-06,0.0023341963294981503
4461,7.361194820987293e-06,0.0025848870158312826
4462,5.959311632371585e-06,0.0027576772217440793
4463,6.150787097188489e-06,0.0025071236891598685
4464,4.199573929023851e-06,0.0023828892066605446
4465,4.042734447769665e-06,0.002469986750502286
4466,3.895240691538978e-06,0.0023923874612692304
4467,4.134165980455388e-06,0.002536434716889708
4468,3.1263082291843602e-06,0.0024916796219043844
4469,4.926706454474091e-06,0.0023517983371582557
4470,5.100110562731667e-06,0.0025646118007189647
4471,4.342873717178009e-06,0.0024481797590851784
4472,4.021089231779721e-06,0.0025821239174174983
4473,4.057645098024902e-06,0.002551114017979836
4474,3.285380504773154e-06,0.0023682452151625173
4475,3.1689270599599694e-06,0.0025017900121082942
4476,3.991870410876194e-06,0.002548095564849264
4477,4.549431772223519e-06,0.0024119955377550576
4478,4.970453301211819e-06,0.002468193972879273
4479,5.939708231987121e-06,0.0025643927602493387
4480,6.322824447124731e-06,0.0023933503498125264
4481,6.471647187330139e-06,0.0025649846487451255
4482,5.7291617546676814e-06,0.0025915326477270427
4483,4.227458824364779e-06,0.0022903998312723685
4484,4.139143948123092e-06,0.0023929503027672375
4485,4.287929368729238e-06,0.0023932256405865115
4486,3.816241739211061e-06,0.0024581593424668462
4487,3.6849840398645027e-06,0.002431900361479502
4488,3.7615426663251127e-06,0.002530526285477745
4489,3.909870671729247e-06,0.0023320453886793353
4490,4.000806984549854e-06,0.0023908011695942073
4491,4.073462878295686e-06,0.0024563012402651348
4492,5.1205615212287135e-06,0.0025536193380381648
4493,4.703677708069638e-06,0.0024777888393718896
4494,8.41206844294599e-06,0.002376395483009928
4495,5.721523818162192e-06,0.002876103481673819
4496,7.4177698479616085e-06,0.0023168512000372324
4497,8.255440479842947e-06,0.0024577517055092363
4498,6.459424306134073e-06,0.0025721383317718356
4499,6.523877345898654e-06,0.0022982981690300966
4500,1.0010461877148675e-05,0.002448141347528912
4501,1.0795371963467915e-05,0.0026600651230340396
4502,6.661299509384359e-06,0.0022270175441366246
4503,6.678608770016581e-06,0.0025655398379981985
4504,7.803417884133523e-06,0.002576904738043237
4505,6.617455558928971e-06,0.0024643202246291433
4506,6.632622019727326e-06,0.0023341930368695205
4507,7.6015773932643546e-06,0.0027418103633727146
4508,8.727487693249713e-06,0.0024710907490821336
4509,1.0989421934937126e-05,0.0022342957695579437
4510,1.4586231100111035e-05,0.0023176704834061345
4511,1.282820533864045e-05,0.00261288169243439
4512,6.837569859878082e-06,0.002481368601351507
4513,1.1296915939359072e-05,0.002500618672306378
4514,1.4132018683691665e-05,0.0024829611629540995
4515,1.020571774764297e-05,0.0022485484185767925
4516,4.61092464926575e-06,0.0023885317198110846
4517,6.82326638828575e-06,0.002286681430560984
4518,6.266757524523806e-06,0.002397608671953359
4519,6.061549841736754e-06,0.0026600321124153814
4520,7.895614362496418e-06,0.002313678734019164
4521,7.555747955242017e-06,0.0022569551521281557
4522,6.205414319992997e-06,0.0023912311546269833
4523,3.937143916724987e-06,0.0022990353090145926
4524,3.3744486851598293e-06,0.0024698753731222604
4525,3.2520433099610574e-06,0.0022773880870851477
4526,4.50524360834e-06,0.0023697280200330293
4527,5.907034149762088e-06,0.0024106994337277617
4528,5.774867713626009e-06,0.002374776829708749
4529,7.0555764371723244e-06,0.0024038323817231993
4530,3.93117149239212e-06,0.0023595151696794146
4531,6.29576904126831e-06,0.00226165397151366
4532,8.052427680619682e-06,0.0025582482348980866
4533,7.580622453436566e-06,0.00222023064637278
4534,5.602727136041116e-06,0.002511822490212251
4535,7.94766419858206e-06,0.002322346932716726
4536,5.781863971302907e-06,0.002602874767035246
4537,6.124215421247451e-06,0.002422666661147996
4538,5.266530721807309e-06,0.0023411049903553772
4539,7.0195930372089306e-06,0.0021943810384896564
4540,6.074544732352175e-06,0.002360145968392374
4541,6.430533539969474e-06,0.0023082611664367
4542,7.502786623566257e-06,0.002191934058090716
4543,7.240965957559335e-06,0.0026244758151647615
4544,7.561179639499945e-06,0.0021125739586986894
4545,5.086695152082636e-06,0.0021631667155801782
4546,5.957122539257398e-06,0.0023561758429222687
4547,5.1098451573731536e-06,0.0022945946346469752
4548,4.154298388433139e-06,0.0026971887995114944
4549,6.502814539999236e-06,0.002260434226770922
4550,7.611692005108731e-06,0.002361269898741968
4551,7.420088695653248e-06,0.0023192782175001196
4552,1.4287080315019315e-05,0.0022795033443161823
4553,1.709538519207854e-05,0.002135494384753305
4554,1.60774496786568e-05,0.0023463932159320106
4555,1.160925903604948e-05,0.002197154139454557
4556,1.481715614014926e-05,0.0025423490955663007
4557,1.8608007667353377e-05,0.002226356867935479
4558,1.6344586765626445e-05,0.0021894141155346407
4559,1.6120419816919216e-05,0.002339966063512357
4560,1.652788038578971e-05,0.0023844397194155557
4561,1.3465268663518752e-05,0.002554180877884542
4562,4.243951237488849e-05,0.001983868029687231
4563,5.13712734876511e-05,0.0024358644920188612
4564,6.293683109106495e-05,0.001881568963954768
4565,4.6178070867123704e-05,0.002367407917668383
4566,6.084210787472936e-05,0.004432237780410943
4567,3.8682126978528685e-05,0.0022780796949289682
4568,2.5953488511731847e-05,0.002512959191414315
4569,1.869587407175762e-05,0.002785774956156654
4570,1.3258761949449157e-05,0.0017791172914852307
4571,1.677896725595929e-05,0.002726439012610537
4572,1.3793353779571287e-05,0.0026272866383605584
4573,7.42173087928677e-06,0.0020808045088687517
4574,4.085462690757898e-06,0.0022792584193122435
4575,5.497377454351712e-06,0.002048054345201437
4576,6.3887238259970525e-06,0.002307918571727717
4577,1.1959463032932641e-05,0.002339067799222516
4578,1.002837786169645e-05,0.002295570578206125
4579,1.0917618965322617e-05,0.002370243837074267
4580,2.2629115119343623e-05,0.002358950190539435
4581,2.325524413511933e-05,0.002048663010336752
4582,2.761079097884552e-05,0.002423222169397384
4583,1.5973139670677484e-05,0.0019646569276155217
4584,1.2321126026411852e-05,0.0021924722195404956
4585,1.6634220810374244e-05,0.0023450514165992576
4586,2.1397927048383282e-05,0.0021899985681163277
4587,3.638134294305928e-05,0.0028784276888243797
4588,5.2693692365816486e-05,0.002020197718836895
4589,5.2388324547791854e-05,0.0023534294533154626
4590,4.508655050206774e-05,0.0020894548052731226
4591,2.815474435919896e-05,0.002362781840442555
4592,3.072668453872514e-05,0.002279483286047897
4593,3.721183432692972e-05,0.002669383518720471
4594,4.442384330711017e-05,0.002002485721614065
4595,2.8940114983318684e-05,0.0021362778580358882
4596,1.668830797522484e-05,0.0027046022885369035
4597,5.587097208869333e-05,0.0029229382566345018
4598,3.585358887600402e-05,0.0018373074626007418
4599,4.5835296744674756e-05,0.003949621611634108
4600,9.84921061899513e-05,0.002263372422995295
4601,0.0001674648985499516,0.0021813521418339154
4602,0.00016023678666291137,0.0019563117273533204
4603,0.00010146297087582449,0.0024763277555837873
4604,8.893377974648805e-05,0.003636599217695514
4605,7.594542742784445e-05,0.0017695779266847869
4606,8.151856212255856e-05,0.0016158406373377391
4607,5.691320317661545e-05,0.003197682456766057
4608,5.43264677010787e-05,0.0024569096395701874
4609,6.455117011986053e-05,0.003735525672888662
4610,4.220057574760479e-05,0.002472372281944423
4611,3.662075590303478e-05,0.0017590385047704215
4612,4.5693598137101316e-05,0.0025731425028382325
4613,4.8806318955030295e-05,0.002204645012586018
4614,3.339271546186258e-05,0.0022577105940678925
4615,3.65490821423009e-05,0.0030789591196015123
4616,3.060391688147017e-05,0.002372212216668711
4617,3.5618798453166774e-05,0.002362283251035636
4618,2.443154480715748e-05,0.002154498865211925
4619,2.96453826498085e-05,0.0031446698525055185
4620,6.85028559625304e-05,0.0020248429248417455
4621,0.00012707060862643022,0.003661979664498427
4622,0.0002142692372823755,0.00265389119502245
4623,0.0002899561213174214,0.0022827008405450996
4624,0.00031613237370038406,0.002584809221063308
4625,0.00024116186492998773,0.004293825829357613
4626,0.00017624551546759903,0.002109506939295826
4627,0.0003381408304752161,0.003255681519755932
4628,0.0006224849765809874,0.0026371771741042454
4629,0.00044461393408710135,0.0028115057085794726
4630,0.0001180946419481188,0.0034688038670817227
4631,0.00013076738493206602,0.002310271050385016
4632,0.0001532414035561184,0.003024887121245852
4633,7.540979616654416e-05,0.002516041865469668
4634,5.21297079709863e-05,0.0026420732505443526
4635,2.9368976053471368e-05,0.0024685754521390586
4636,2.7465958070630828e-05,0.002681604403210437
4637,2.4787738948361947e-05,0.0030373663964175335
4638,1.2019341617512207e-05,0.0025650465706964646
4639,1.631729707393485e-05,0.0028139596922308443
4640,2.6434918618178925e-05,0.002591390650367408
4641,3.4492659081782526e-05,0.0028397060681398458
4642,4.9517093672572324e-05,0.002927373984725926
4643,4.1216031847094806e-05,0.002373226516784763
4644,8.355032332474366e-05,0.0036041591954454194
4645,7.792862161295488e-05,0.002704595765612257
4646,5.995024857838871e-05,0.0025342478651524058
4647,6.854348709263528e-05,0.002413863103514112
4648,6.784525030525401e-05,0.00309116172963592
4649,2.4705000760150143e-05,0.002681373666209264
4650,1.8302263621687114e-05,0.0028064081658000554
4651,1.182105797852273e-05,0.002853203121220737
4652,1.4107566221355227e-05,0.002398030029419135
4653,1.4561277081763061e-05,0.0026862334027358396
4654,9.569176533356465e-06,0.002625943388877891
4655,1.0719327656261158e-05,0.0024944632204146836
4656,1.0348505262906353e-05,0.0025594717690970484
4657,7.482839494817502e-06,0.0023651515082346174
4658,6.00514446584081e-06,0.0025831842868346867
4659,5.758295234651693e-06,0.002297340058098276
4660,7.00100717949681e-06,0.002548601342673142
4661,4.73575555588468e-06,0.0024643360094467955
4662,4.029927246544199e-06,0.002370792287071859
4663,7.4029378689980755e-06,0.0025710690707906963
4664,7.749919283620936e-06,0.0024890572338651016
4665,7.5031501789150445e-06,0.002618285189346066
4666,7.508740175884062e-06,0.002346516968169081
4667,9.125718012607346e-06,0.0025891554175223423
4668,1.2158098464472762e-05,0.002548818703828834
4669,1.1193053645304947e-05,0.0024141241598317005
4670,8.917767445382196e-06,0.00247168415189376
4671,5.8492859049389756e-06,0.002391022817033717
4672,4.170247909011474e-06,0.0024611572111685443
4673,3.192010778244973e-06,0.0023010541303596626
4674,5.323205490033918e-06,0.0024319190502636078
4675,6.344664325297345e-06,0.0024209326228464213
4676,5.950575193007049e-06,0.0024193074942867117
4677,5.575860571601273e-06,0.0025762936034364496
4678,4.872343439880448e-06,0.0024977599959967174
4679,3.7980253485632904e-06,0.002379862510958525
4680,5.056282922547931e-06,0.0025828195163818796
4681,4.129182131388613e-06,0.002418543098450411
4682,4.820647154701873e-06,0.0023671585927152725
4683,4.16326908331636e-06,0.0025181696332228463
4684,3.7197297388047446e-06,0.0024838500003528407
4685,4.50904493239553e-06,0.0024479610266119945
4686,4.984249486975993e-06,0.0024049839547534628
4687,6.970122528097515e-06,0.0024061016775081007
4688,4.6443957520144375e-06,0.002496294974254107
4689,3.887309261093227e-06,0.0024392907177721423
4690,4.382598520654331e-06,0.002507608574558431
4691,4.523922992423953e-06,0.0023891380731397727
4692,3.792211343049227e-06,0.0024311847757460094
4693,5.439108736027265e-06,0.002306510358828846
4694,6.609922760011008e-06,0.0025203171714143022
4695,9.398483052791562e-06,0.002493997005467105
4696,6.840618031371074e-06,0.0024693065586932532
4697,5.175414329035751e-06,0.0024451497890876504
4698,5.392337152443361e-06,0.0024294062649581846
4699,4.163516162710342e-06,0.002494309170860944
4700,7.997343103246142e-06,0.0023079783322040256
4701,7.109640682756435e-06,0.002434741012664057
4702,6.528811415288752e-06,0.0022837978688721346
4703,4.858834108745213e-06,0.0022881637367705896
4704,5.1083342138250975e-06,0.0024274437372961383
4705,6.137559739727294e-06,0.0023513515259865232
4706,6.118948537429484e-06,0.002326218262828124
4707,7.663215546926949e-06,0.0024277450861482637
4708,5.819652020970049e-06,0.0023214788667446987
4709,4.826804888580227e-06,0.002273449586249712
4710,4.4506698335074665e-06,0.0022458310704678297
4711,6.8060660851188e-06,0.0024658661797701373
4712,5.982671791571193e-06,0.002307098401035732
4713,5.567845922390309e-06,0.0021766152720546395
4714,6.914283676451305e-06,0.0025390818069769643
4715,8.51611818385815e-06,0.0019752774094268094
4716,9.154726649285294e-06,0.0025652126724443097
4717,1.00541041319957e-05,0.00233290391409491
4718,5.386824462523995e-06,0.00212291716854638
4719,3.862701790543118e-06,0.0024736165765702257
4720,6.178382864163723e-06,0.002332859718438795
4721,8.370879004360177e-06,0.0023153295784484685
4722,9.838856628145247e-06,0.0027175497549666665
4723,7.739047305221902e-06,0.002151935680322056
4724,8.975631620463295e-06,0.0020809002902622766
4725,1.1095184284689215e-05,0.0024039436454378715
4726,1.4850374585269795e-05,0.0021171411866043495
4727,1.2995980190074382e-05,0.0021850833298975793
4728,9.679583066220705e-06,0.002271074389188191
4729,9.324861275672447e-06,0.002204582540641033
4730,8.589006210968363e-06,0.0023778058023844646
4731,9.712172141007613e-06,0.002247973370886459
4732,7.307808967501236e-06,0.002398704523293991
4733,5.751756119328396e-06,0.0019797768341157382
4734,9.687800593383145e-06,0.0021628735194672045
4735,2.248522444763997e-05,0.0027336441897090496
4736,3.68313073219421e-05,0.0018295939630410803
4737,2.433244056495217e-05,0.0023783217294244315
4738,1.8702416370312372e-05,0.002089447879019802
4739,1.9835577162060267e-05,0.0020340000128916164
4740,1.847446753041974e-05,0.0035126482459210506
4741,2.8490720190651093e-05,0.0022024607604853516
4742,3.933738650327238e-05,0.0019549468759535336
4743,2.8708966662331175e-05,0.00306180532743025
4744,2.0396333093231077e-05,0.0018501489929209545
4745,1.1072973120462847e-05,0.0021877033914637378
4746,9.628463340050076e-06,0.0025558249922249263
4747,8.092904166308774e-06,0.0020956589847685786
4748,7.970940896484535e-06,0.002387173470168367
4749,9.010521171148867e-06,0.0022665013845159314
4750,1.0836263754754327e-05,0.0020488877817401736
4751,1.5811681623745245e-05,0.002596409038061232
4752,1.8361260057038938e-05,0.002297842281129886
4753,1.6228288101653256e-05,0.0023913050554399415
4754,1.6750197149425126e-05,0.0023276886543420355
4755,1.7752565084568536e-05,0.002076694531014233
4756,1.5134637578739785e-05,0.0023071579341813336
4757,1.25915177098553e-05,0.0019085215914290486
4758,9.594255304061032e-06,0.002404508129583569
4759,5.3780913276568755e-06,0.002376491467901102
4760,6.441975043950758e-06,0.0021925988574108975
4761,5.090969231484147e-06,0.002430554816690017
4762,5.205879945909449e-06,0.0024011253753281015
4763,4.912475924356841e-06,0.002111806204234521
4764,7.193506523132479e-06,0.0022514782897306708
4765,6.988319000811316e-06,0.002230632610208406
4766,9.346647038910305e-06,0.002027905113467081
4767,5.458448443581195e-06,0.002208892972846552
4768,4.930713960978513e-06,0.0022726125362527183
4769,4.9947788435626235e-06,0.002200453014179008
4770,5.8571660095670575e-06,0.0024419259756627513
4771,5.62451623409288e-06,0.0023185214684088165
4772,7.776425445626955e-06,0.0021972389136419054
4773,9.692503711751973e-06,0.0019775690532868773
4774,9.053271969605704e-06,0.0022417440071819334
4775,1.0028631216603874e-05,0.0022819754355917063
4776,2.242869886686094e-05,0.00271600240284181
4777,1.7486431776584747e-05,0.0022006144758137895
4778,9.377832066093106e-06,0.0019398296314225656
4779,1.068514890600151e-05,0.0018543410958267571
4780,1.2122180608760876e-05,0.0023617311637467286
4781,1.1203642255471399e-05,0.0023676595892610512
4782,1.0460478188178968e-05,0.0023742273915559053
4783,1.1577764113705296e-05,0.0025528301374884103
4784,8.8569798511647e-06,0.0021190172625984265
4785,6.145269950745084e-06,0.002041792480539032
4786,5.103210969537031e-06,0.002144831527889831
4787,5.137760854267981e-06,0.0019470479387027307
4788,4.49542524923648e-06,0.002166870242630051
4789,6.358645138485978e-06,0.0023513360491653128
4790,4.360121026062795e-06,0.002289602730980539
4791,5.359178733973143e-06,0.0021701673720413307
4792,4.525836887599629e-06,0.002250390860626078
4793,6.122063708365507e-06,0.0020768957810227092
4794,1.0204155387327773e-05,0.00251260622382516
4795,1.6257994563299386e-05,0.0019535047834460424
4796,4.0858600793095924e-05,0.00226969645710618
4797,9.787876285069311e-05,0.002082615375782796
4798,0.00019292803772259505,0.0022224551268420585
4799,0.0002130993190803565,0.0022412029637654467
4800,0.00017042024507342527,0.0016545248236213847
4801,0.00019418759426722925,0.0020385658548132874
4802,0.0002482791702883939,0.0023660619530504142
4803,0.0002558087551733479,0.0028342976946178385
4804,0.00017206134216394276,0.002935897239931221
4805,0.00013552801974583417,0.003202441911117768
4806,0.00018897695311655602,0.0019417311592892868
4807,0.00018422221764922143,0.0028179396460874108
4808,0.0003518672854018708,0.008544415675514326
4809,0.0005487200532418986,0.002545066779171388
4810,0.0005871570048232873,0.0036661782573292573
4811,0.0003337221026110152,0.003636414966157337
4812,0.00031102695308315255,0.0014925436455917758
4813,0.00028578680066857485,0.0016276069355791243
4814,0.00028175101955033217,0.0014093113516816709
4815,0.00015936984030607467,0.002665244072206377
4816,0.00012533100404349778,0.00214905218096582
4817,7.362850762244003e-05,0.003220052528011752
4818,5.6878461327869446e-05,0.00258930591778375
4819,4.5550629147328435e-05,0.002613565763531942
4820,3.950919781345874e-05,0.0022795615373105986
4821,4.217090220966687e-05,0.0022913547284079817
4822,4.5230531880709654e-05,0.0020645457140250705
4823,4.410238931692826e-05,0.0028460793321820224
4824,3.21026956953574e-05,0.0024690361524836754
4825,2.9097039320428545e-05,0.0022387872706717393
4826,3.148760721766545e-05,0.001971858300591313
4827,3.4947249999580285e-05,0.002320498118074391
4828,4.0240436889386425e-05,0.0021824548900948736
4829,4.419142921202971e-05,0.002174485267660632
4830,4.981831370969303e-05,0.0029193743418051503
4831,3.872380524020021e-05,0.0021851553148993356
4832,2.1421070899426318e-05,0.0022769685629315264
4833,1.3453278006636537e-05,0.0024937479463442574
4834,1.3421051820235637e-05,0.0021558703715348335
4835,1.4227563769964036e-05,0.0023741428080330212
4836,1.636377534547743e-05,0.002377644789911161
4837,2.140070270494713e-05,0.002380590181885742
4838,2.87272325901237e-05,0.002260856807055905
4839,2.273638868549218e-05,0.0025346328277052856
4840,1.2989182838888761e-05,0.0024371746172175165
4841,1.1525637698165761e-05,0.002363072231587932
4842,1.733253153967477e-05,0.002414605708602141
4843,2.0867395081343907e-05,0.002163814877592555
4844,1.730159813935946e-05,0.002187531599114964
4845,1.049223841012766e-05,0.002518576434190114
4846,7.0327347809021985e-06,0.0024063472203382356
4847,7.641717578129223e-06,0.0023930859568668163
4848,4.690401268211038e-06,0.0022719044120996955
4849,5.449498257803498e-06,0.0025269962759233836
4850,6.768678698184279e-06,0.002165233536704084
4851,5.773844047022673e-06,0.002175115850042757
4852,5.799223254143726e-06,0.0024516526022999303
4853,7.649687237668937e-06,0.0022520975092440608
4854,6.306182331172749e-06,0.0021942170982168414
4855,4.467358924860794e-06,0.002229235102019207
4856,4.424004843410027e-06,0.0022864182017684922
4857,4.743016506836284e-06,0.00224562134322395
4858,3.579206137753014e-06,0.002122377984108418
4859,4.106960902087546e-06,0.0022332571230564767
4860,3.463074851121443e-06,0.0022295730217821953
4861,4.083916974195745e-06,0.002223685849457979
4862,4.0260601660217315e-06,0.0021662799821154572
4863,4.00383696614881e-06,0.0022952838756848037
4864,4.015103907780334e-06,0.002210075455519745
4865,4.33720845952242e-06,0.002219156591280356
4866,6.051799149039046e-06,0.002133878310922328
4867,4.839799945936344e-06,0.002363828744181967
4868,5.125682309881085e-06,0.002169752605332751
4869,4.902020797696119e-06,0.0021340154573380008
4870,4.440107719953327e-06,0.002200294940505089
4871,4.449748454741591e-06,0.00218715907191843
4872,2.7274056416596675e-06,0.0021027852451120776
4873,2.9654146601387764e-06,0.002120583565671026
4874,2.5533671456893596e-06,0.0021626965278451604
4875,3.4429608300949138e-06,0.0021441024086460117
4876,3.5101359571854117e-06,0.002114710079022045
4877,4.788687783729984e-06,0.002177140118158239
4878,4.301074720084823e-06,0.002148570529529898
4879,5.8251162651383005e-06,0.0021602617793049163
4880,5.217003566334218e-06,0.0020888680335515598
4881,4.187884799951765e-06,0.002301020679746087
4882,4.173194914377139e-06,0.0021716376498898886
4883,4.2482176165018854e-06,0.0021115964274912133
4884,4.25435796387319e-06,0.0021680442755675224
4885,4.168153903568358e-06,0.0022151232715402766
4886,3.5928785109717866e-06,0.002071648784803124
4887,3.549397297319956e-06,0.0022553476398649414
4888,3.196582565578865e-06,0.002196408547901028
4889,3.3320024764786165e-06,0.002018644085784597
4890,3.745696085388772e-06,0.0020972476322497205
4891,4.6362987632164735e-06,0.0021424964271984466
4892,5.952754114938822e-06,0.001966868057905689
4893,8.279960093204864e-06,0.0021856866564278995
4894,4.261100487686538e-06,0.002039257094161365
4895,5.210370636632433e-06,0.0020842889111166393
4896,3.1155192724933536e-06,0.00201163073180346
4897,2.776240065334908e-06,0.0020590296902466476
4898,4.507117667647738e-06,0.002120733613104332
4899,4.357408033683896e-06,0.0020021953671349314
4900,3.2203639572495983e-06,0.0020052753792210356
4901,2.934514850494452e-06,0.0020880967591280545
4902,3.0752812259985756e-06,0.002001179222706852
4903,2.877386820424969e-06,0.0020322566283646768
4904,3.4554630474303847e-06,0.002028316230051161
4905,4.634760656093325e-06,0.0020515134697413353
4906,5.581326210328067e-06,0.001979012095450064
4907,3.594144921711025e-06,0.002091886490348756
4908,3.3507939406263176e-06,0.0020712116773526266
4909,3.6107562512673516e-06,0.0019777491505397118
4910,3.638937111342481e-06,0.0020463696743295654
4911,3.7096195834844063e-06,0.0019708665997141927
4912,3.5274886310313983e-06,0.002030612900853157
4913,3.8063090263070382e-06,0.0019370143331117987
4914,4.3373417914457e-06,0.002132118732749125
4915,4.664942116505699e-06,0.002039899897402314
4916,3.83997239623568e-06,0.002006916485096174
4917,3.2124230680589486e-06,0.0020015260010341723
4918,4.590589287545299e-06,0.002061325866054362
4919,3.902890087677709e-06,0.0019285413198261046
4920,4.857725070905872e-06,0.001952923135831952
4921,3.66495542039047e-06,0.0019666076395807304
4922,3.0716703804500865e-06,0.0019604815555164428
4923,2.8947943216432273e-06,0.0020131834005335655
4924,3.0784848907690804e-06,0.001988119403574997
4925,2.8499924155767074e-06,0.0019833439169084934
4926,2.989135509778862e-06,0.002022282055425128
4927,2.6899814959809493e-06,0.0019888603256824683
4928,2.9151375201763586e-06,0.002010067560028021
4929,3.2174308823111155e-06,0.0019899180367970327
4930,3.4147444087769446e-06,0.0019450396570692382
4931,3.5208777717343763e-06,0.002008878248267052
4932,3.71685461383701e-06,0.001966452022545098
4933,3.833111865484776e-06,0.0019536451143249284
4934,4.331016043579439e-06,0.0019308167828730946
4935,4.479803070959557e-06,0.002168824239890641
4936,5.705981038772734e-06,0.0017975556139841558
4937,3.43779835626871e-06,0.0019403482864310188
4938,2.888253447963507e-06,0.001936444932022902
4939,3.187408916952942e-06,0.0018499330562488066
4940,2.9557791549450483e-06,0.0018350971628009803
4941,4.4492037886811884e-06,0.0019909859906266053
4942,3.140790355852611e-06,0.0019923932538697805
4943,3.4663070740255836e-06,0.0019129144291826121
4944,3.3415035128806874e-06,0.0019414440186063604
4945,4.075983270013239e-06,0.0018184024228267079
4946,4.361218058572073e-06,0.0020098917050595123
4947,4.352746236691018e-06,0.0018808451558162613
4948,6.499074030822764e-06,0.001953049869034586
4949,6.697762955809594e-06,0.0020532644570137805
4950,5.110305695173641e-06,0.0018796004615284092
4951,4.9959072384808675e-06,0.0020044037071239996
4952,4.238915547224072e-06,0.0019542541791222933
4953,4.694101729304142e-06,0.0019193968559637314
4954,4.019523142536249e-06,0.0019412004960862202
4955,4.752845779876225e-06,0.0020775099094282453
4956,4.7287542959869216e-06,0.0017449849332851453
4957,4.881769139804722e-06,0.0017858496738788416
4958,6.639391419109112e-06,0.001848393860529727
4959,4.869846634392161e-06,0.001928954344888137
4960,4.192012632605232e-06,0.0018887318447085581
4961,5.364237586036324e-06,0.0019860746243631276
4962,4.715350041806232e-06,0.001974439250275962
4963,4.726591275054185e-06,0.001927762545322574
4964,4.9982521583539585e-06,0.0018877280513044652
4965,4.418461306462025e-06,0.0018999543770649068
4966,5.992297913811247e-06,0.0019595323416485093
4967,5.127808753968565e-06,0.001804075709830119
4968,1.0004917142699317e-05,0.0020070834558339806
4969,1.114606008438083e-05,0.0016411268188962786
4970,1.0934665503251988e-05,0.001971753754132376
4971,8.067041320221808e-06,0.0019038566663186615
4972,6.5463210679202655e-06,0.002011059215072337
4973,1.1214357255084905e-05,0.0017074848246562669
4974,9.307506358406196e-06,0.0020089900308090636
4975,8.845770632130249e-06,0.001700727940045708
4976,1.2019833593512886e-05,0.001972195157033252
4977,1.0419958986555381e-05,0.001908795820094469
4978,7.821220485008477e-06,0.0019164932928392737
4979,6.715835418920809e-06,0.002170160821617002
4980,7.0992103246680925e-06,0.0017609173673989735
4981,4.75008846478886e-06,0.0019176655327974577
4982,4.696844492476279e-06,0.0017605178685140188
4983,3.3993503469294714e-06,0.0017867468858475057
4984,3.3409815235548496e-06,0.0017460791786443296
4985,3.280875595616332e-06,0.001956325015199818
4986,4.823363815376069e-06,0.001864103175054385
4987,5.29503819658809e-06,0.001829359753746686
4988,4.1280934359141005e-06,0.0018550349494779674
4989,4.529138156309879e-06,0.0018684993934355617
4990,3.879474388668314e-06,0.0017926828059419168
4991,5.21224640882186e-06,0.0018910325139643639
4992,4.4368514257560795e-06,0.0018697970411116918
4993,3.6795102763183727e-06,0.0017974566169611113
4994,4.617352927501391e-06,0.0018472774834262106
4995,3.851242126984289e-06,0.0018897595280033396
4996,3.851510670453232e-06,0.001742854514562591
4997,3.303828710462161e-06,0.0018489336077945205
4998,3.571409009358225e-06,0.001718922912355835
4999,6.1379556427709755e-06,0.0018631114595107675
5000,4.286149032850517e-06,0.001747028352179396
5001,3.2014711299173845e-06,0.0017151045961320166
5002,5.391011215275891e-06,0.0018721505574236705
5003,4.068809509287045e-06,0.0016996874455655888
5004,3.780705052728687e-06,0.0018216408862490353
5005,5.333007720764726e-06,0.0019322317203609492
5006,6.202700327169927e-06,0.0017310838402050921
5007,8.146279772821194e-06,0.001755143706430131
5008,1.563471329670089e-05,0.001801003650652142
5009,1.42199634865392e-05,0.002073779876351239
5010,2.1685957472072913e-05,0.0019095466219211422
5011,3.1716662488179284e-05,0.002140555017459111
5012,4.636686486871137e-05,0.001521582124886785
5013,4.922421479326052e-05,0.0020392740999649124
5014,2.0165148513721456e-05,0.0017616500047688175
5015,4.061368551144066e-05,0.0021384618223065466
5016,3.079109204312166e-05,0.0020256034927222675
5017,3.0299079420122628e-05,0.002047699542466815
5018,2.0081597297879247e-05,0.0015832696854334882
5019,2.1995259036581653e-05,0.0018618801740680154
5020,1.0236103601831322e-05,0.0016937311207068952
5021,1.0182482462065916e-05,0.0018002881749173787
5022,5.197339851292781e-06,0.00156672682070474
5023,5.340284951671493e-06,0.0015333763151392928
5024,5.48244861420244e-06,0.0016391548680097568
5025,4.453415112948278e-06,0.0017292222693767838
5026,5.104871555280018e-06,0.0019409830835977876
5027,4.4979465504487354e-06,0.0017979851205224596
5028,8.933414089066597e-06,0.0019936589010822493
5029,1.2494901845154042e-05,0.0018570298845989731
5030,1.9932053874072153e-05,0.0017539035807561686
5031,1.682721061418609e-05,0.0015810090392153328
5032,2.5189187120607433e-05,0.0021364246861730503
5033,2.2281614898626383e-05,0.001821775649358907
5034,2.516928191956443e-05,0.0018867907667987226
5035,1.0619058108810957e-05,0.0015899119568680683
5036,1.287048162339488e-05,0.0018155380724159283
5037,7.72464694212734e-06,0.0017182509539516893
5038,9.790834519662895e-06,0.0018678054297856224
5039,1.096310734283179e-05,0.0015857124730475306
5040,6.408630239699657e-06,0.0018921645273872482
5041,7.528959395131097e-06,0.0016540974107255616
5042,8.339762098330539e-06,0.0017269523924319293
5043,1.0903727646412639e-05,0.0018424843071307253
5044,8.000942822642779e-06,0.0018552976374433736
5045,9.218763049526993e-06,0.001704598010671655
5046,1.2642166984733194e-05,0.0024389288072862963
5047,1.6247522641303173e-05,0.0017784466402326513
5048,9.392860799077122e-06,0.0018526844434645466
5049,9.554643747833325e-06,0.002138026498668776
5050,8.654253118341634e-06,0.0017826795013342787
5051,8.466239766372988e-06,0.0016276153367320737
5052,1.0342428565005927e-05,0.0022735725703289895
5053,9.867963429618006e-06,0.0016575343787714135
5054,1.3787731829021747e-05,0.001914710284936733
5055,1.1844568871310911e-05,0.002118710457809328
5056,9.778859627355511e-06,0.0017570424604955621
5057,6.880367012248219e-06,0.0018501286413227245
5058,5.548073113459396e-06,0.0017213218764761302
5059,6.058243161533028e-06,0.0018802781673661602
5060,4.056507198887023e-06,0.001918077597203921
5061,3.5112803137356725e-06,0.0018894869988182867
5062,3.4511261219449805e-06,0.0019034823901423318
5063,3.361956775430978e-06,0.0017278410703325132
5064,5.5147308861099495e-06,0.0018317587801995943
5065,4.17311348428484e-06,0.0017298071417869544
5066,4.768837152369088e-06,0.0016997675228071964
5067,4.032117218836599e-06,0.001876189837261565
5068,3.988124747896412e-06,0.001622344193041442
5069,4.432610133638567e-06,0.001815208794886437
5070,3.8028301181232865e-06,0.0015853498594864733
5071,6.23527224282346e-06,0.002103291374931889
5072,6.947916396408497e-06,0.00183044383155666
5073,5.78253772497798e-06,0.001728593549639808
5074,7.310796536330599e-06,0.002089510332631666
5075,7.76991219026968e-06,0.0017686936817329934
5076,8.771855270121402e-06,0.0017781081356430851
5077,1.052431010369522e-05,0.0019755529489104205
5078,8.43701545818476e-06,0.0015333889594932241
5079,9.425981049086356e-06,0.0019495303386925008
5080,7.411780643451493e-06,0.0016549446007720833
5081,1.0739730108374108e-05,0.0015897070622350286
5082,7.054729667288484e-06,0.001931848149291995
5083,9.339058063536262e-06,0.0017295856776786602
5084,7.44945306602555e-06,0.001664014769659385
5085,6.683442552457563e-06,0.0019514745075666295
5086,1.1434427809338862e-05,0.0019108131252903874
5087,1.2601470128477862e-05,0.0018593446740249949
5088,1.3103874274141465e-05,0.0020156064562088863
5089,2.621898250557327e-05,0.0016753094116827166
5090,2.4760629033456403e-05,0.0020006922601656183
5091,2.941556128159088e-05,0.0015047541993677498
5092,2.711261089037483e-05,0.0020143195004092428
5093,3.008563980984036e-05,0.0015603990053875358
5094,3.192960502929054e-05,0.0019823315527700766
5095,4.6608485354227015e-05,0.0016038144680150734
5096,7.523330132244154e-05,0.0017499980071236886
5097,0.00016721475622034633,0.0018837010042419232
5098,0.0003904115903424099,0.0031638284411838673
5099,0.000259995444988211,0.002023607763777098
5100,0.00019675249059218912,0.002067474708855739
5101,0.00014642014090592663,0.0016643135537078061
5102,0.00011602852512927105,0.001971096115729471
5103,0.00011122827272629366,0.0016358873667562102
5104,7.676875441878414e-05,0.002647701064198036
5105,4.8610676215806356e-05,0.0019329055029106892
5106,4.948525553724418e-05,0.001995794740908845
5107,7.470408575803352e-05,0.001774572778317168
5108,0.00010604906419757754,0.0014197659554091963
5109,0.0001062066597417773,0.0019074010270405707
5110,0.00015782564732944593,0.002760850791416065
5111,0.0003317666162426273,0.0019468528027902906
5112,0.0006148898197958866,0.004007928106405838
5113,0.0005285223053457836,0.0020678068976849318
5114,0.00045615749744077526,0.0013113953878985732
5115,0.00022203573947384334,0.0022434334556652807
5116,0.00010507667126754919,0.0020360720002891744
5117,3.392387152416632e-05,0.0015566159272566438
5118,5.99692565932249e-05,0.0018234275882755677
5119,6.376310096432766e-05,0.0019114939624252985
5120,3.989663042981799e-05,0.0018608466076745292
5121,3.0234060735286523e-05,0.002022409626451416
5122,1.6519352478402045e-05,0.002212863298147682
5123,1.1679507224471308e-05,0.001906831365621348
5124,1.8193147358639786e-05,0.0020061722336938296
5125,1.4361123491350252e-05,0.0018626818961397869
5126,1.3696653998825544e-05,0.0018340192082536033
5127,1.6348361896234564e-05,0.0019416299989578995
5128,1.9483281175780575e-05,0.0018436290309067787
5129,7.898595989293729e-06,0.0018554579330916246
5130,1.1310166701150593e-05,0.0018364842027777761
5131,9.31502891035052e-06,0.001956625304397518
5132,1.105374703911366e-05,0.0017470703991936652
5133,8.222629367082845e-06,0.001954766445037887
5134,6.319060776149854e-06,0.0020951664617915792
5135,7.578948861919344e-06,0.001863756781722617
5136,5.063299249741249e-06,0.002088309126341437
5137,7.123182391903052e-06,0.0017980359436020137
5138,5.723626766969877e-06,0.0019212961966890518
5139,6.804262223643794e-06,0.001840990262223393
5140,4.272379586230575e-06,0.0019311328037223947
5141,4.652454117604066e-06,0.0020011030907530016
5142,4.180129371889052e-06,0.0019496837704200444
5143,3.1238679184752983e-06,0.0019784261890518386
5144,4.277974949218333e-06,0.0018011766749866836
5145,4.559647929151349e-06,0.0018960266139387615
5146,4.2216703453353455e-06,0.0018156325979906275
5147,4.1425791550864234e-06,0.0018158055673258042
5148,4.297654413676355e-06,0.0020117460838042374
5149,4.26814464541773e-06,0.0018751231942501828
5150,5.790511174078953e-06,0.0020985407773111983
5151,1.0150588968826923e-05,0.001601813806543552
5152,1.905750735507657e-05,0.0019978280069203828
5153,1.7260782018032237e-05,0.0019004043708665398
5154,1.330040807564122e-05,0.0015072085130153092
5155,1.714154001698868e-05,0.0019360469272873533
5156,1.839444697300981e-05,0.0018847272914694988
5157,2.0128572456693896e-05,0.002398221350208981
5158,3.336527297506109e-05,0.0018100834315950712
5159,1.7925036991073286e-05,0.002111331662383136
5160,1.4239071121361728e-05,0.0019568273500634695
5161,1.1879267913172952e-05,0.0017278005688003903
5162,6.157930147310253e-06,0.0019090356246575595
5163,5.745639464294073e-06,0.001734005518286951
5164,5.089209844300058e-06,0.0018380354195246546
5165,5.6925103611623245e-06,0.00193569258288077
5166,5.240268850078185e-06,0.0018197258102054905
5167,4.086317767360015e-06,0.001803908344930199
5168,4.114509389789116e-06,0.00175649557614655
5169,3.0383248789197143e-06,0.001769036148110126
5170,4.971069089757899e-06,0.001764660231827751
5171,3.2119787192641526e-06,0.0018851748414660298
5172,3.854846848601786e-06,0.001756540285130068
5173,5.330861889281854e-06,0.0018599750492428466
5174,5.599661411300379e-06,0.0018649192574602647
5175,5.6123740857098405e-06,0.0016703493214821018
5176,6.851873361786905e-06,0.001844186629132023
5177,4.977306283156698e-06,0.001899004618703263
5178,5.207974209042732e-06,0.0016753286651269657
5179,8.558955293362185e-06,0.0017173955158337833
5180,6.8177146507271875e-06,0.0017587401973831608
5181,6.6792443855471595e-06,0.0018613974758108535
5182,5.6010406600156175e-06,0.0017736869860499158
5183,3.629929566765592e-06,0.0019075304277123898
5184,3.5880498217011336e-06,0.0018457405041815257
5185,3.662165787924702e-06,0.0017822348168046456
5186,2.9686469285176526e-06,0.0017927839387736218
5187,3.303204539406579e-06,0.0017308460944515513
5188,3.6566674983381137e-06,0.0017944137221128922
5189,2.7132124766164147e-06,0.0017703291428400071
5190,2.7004741696146084e-06,0.0017736404327543703
5191,3.5400579993923503e-06,0.001764155462325558
5192,3.0926347638645287e-06,0.0017605522907830364
5193,3.4274144733596285e-06,0.001759974373959181
5194,3.236928500882641e-06,0.0017682143989363758
5195,3.443027208049898e-06,0.0017534824451211635
5196,3.908971848431975e-06,0.0018225124043478506
5197,3.2441498357608605e-06,0.0018102386618018384
5198,4.273867004182345e-06,0.0016111133970305557
5199,3.890149006717062e-06,0.0018327802063999917
5200,3.843782421123857e-06,0.0017728116949946862
5201,3.6098719192523276e-06,0.0017013134064490167
5202,4.49229052416437e-06,0.0017699825551771508
5203,5.781093902138916e-06,0.0019282394393134539
5204,5.903201099499711e-06,0.0017242798394721559
5205,4.242208994279887e-06,0.0016420358227287222
5206,6.4384418389333104e-06,0.0018067354332714333
5207,6.124198322747058e-06,0.0017902860582960168
5208,4.88783137673939e-06,0.001743448372035632
5209,3.6405579066922655e-06,0.0018453901490621913
5210,4.1207442033434445e-06,0.001591668403744111
5211,3.961026777687948e-06,0.0017550264752843952
5212,4.21235181420343e-06,0.0016265818574209149
5213,4.757949833826085e-06,0.0017338680308752173
5214,7.527203191178463e-06,0.001710125659482451
5215,5.9980310652463235e-06,0.0017252740098207485
5216,5.710927416657796e-06,0.0017238982813799475
5217,4.289979763901405e-06,0.0017283514699363333
5218,3.694937716621401e-06,0.0017431991992474306
5219,4.372111228197658e-06,0.0016646469451897727
5220,5.74126734136371e-06,0.0016056051089127703
5221,6.779108677316496e-06,0.0016115039988516236
5222,5.5807024182286115e-06,0.0017922949210894623
5223,3.9030222372578765e-06,0.0017871520203340241
5224,4.202419889528149e-06,0.001652203162941407
5225,3.3670286635848847e-06,0.0016754823388517137
5226,4.398314013087657e-06,0.0017803369353958003
5227,3.4458882661662454e-06,0.0016506820913462891
5228,2.7616662767589634e-06,0.0017846904156040254
5229,3.158195431751665e-06,0.0017047595786385415
5230,3.562740463773177e-06,0.0016455300716961931
5231,6.58771186863305e-06,0.0017227882273700527
5232,4.542431755301853e-06,0.0016575870269132176
5233,9.724960424743282e-06,0.0017053529117843063
5234,7.036340139165986e-06,0.0016504464759014724
5235,9.439555590991706e-06,0.0016340118957551446
5236,5.670753762387904e-06,0.0016378147259911919
5237,9.182557793489347e-06,0.0015853675032826507
5238,1.2045342919009272e-05,0.0017349818706747116
5239,9.083667585703854e-06,0.0019357638345576646
5240,7.77244661852213e-06,0.0017713776287278087
5241,5.241587875085921e-06,0.001734931256592743
5242,8.585649387290081e-06,0.001540789467751921
5243,9.50774374359753e-06,0.0017100157157525302
5244,7.258783989527729e-06,0.0016686359354419502
5245,6.044233244513938e-06,0.0015806113809757815
5246,7.933102521443895e-06,0.0017151733545043807
5247,7.0803034759592265e-06,0.0016254129467576039
5248,8.098573925963137e-06,0.0016061529832503457
5249,7.677484973100945e-06,0.0016343133491060632
5250,1.872192806331441e-05,0.0014984449811690436
5251,1.5153598299851486e-05,0.0020269115939443036
5252,1.2120380415581166e-05,0.0017687800050691122
5253,8.280295090420016e-06,0.0015687195521845358
5254,9.77467282912888e-06,0.0021553596639345717
5255,2.1158651118942847e-05,0.0013690509037738005
5256,1.9076988185891725e-05,0.0015810895527852333
5257,1.0236549921197971e-05,0.0022366547124739004
5258,1.7738887375647513e-05,0.0013627629565793698
5259,1.8443284837606673e-05,0.0015366094152069116
5260,1.1504871508805081e-05,0.0019582435818697053
5261,1.4806826948188246e-05,0.0014334844625151651
5262,1.5984489679491767e-05,0.0018260833370961308
5263,1.2945565686095506e-05,0.0019047491886748339
5264,1.601286918836801e-05,0.001487929593060371
5265,1.2079027874278836e-05,0.0017536509870074866
5266,9.537166442896705e-06,0.0017444254027488898
5267,6.426862273656297e-06,0.0016110476782897442
5268,5.4858256286631026e-06,0.0017522832921405477
5269,4.498888908225733e-06,0.0017719650622750596
5270,3.5648977852057823e-06,0.0015223086701603387
5271,4.638204882212449e-06,0.0015466372907807038
5272,4.275373369940401e-06,0.0016249471406386358
5273,3.616671407750497e-06,0.0015897317862827477
5274,4.069619005046358e-06,0.0016639360087359046
5275,3.8763544883598415e-06,0.0015407242568385765
5276,3.349024215519118e-06,0.0015755351843664378
5277,5.593279092863668e-06,0.0015322836794281803
5278,4.612077100318857e-06,0.001751388857639798
5279,7.251325344744449e-06,0.0014167579869908376
5280,9.0374502785077e-06,0.0014916875053153146
5281,7.405568006409643e-06,0.0017090831190259672
5282,8.97733310315137e-06,0.0015023140911394218
5283,9.064524207739548e-06,0.0016064916510046936
5284,9.311442227044608e-06,0.0018028457095391871
5285,1.0298777397110825e-05,0.0014790215613833797
5286,1.2445933559016945e-05,0.0016419201498983178
5287,7.08440390250568e-06,0.0016145169731288209
5288,1.1596504797732148e-05,0.0016216893816058794
5289,1.2756990023869245e-05,0.0016528390179292893
5290,1.4362156828913916e-05,0.001781460957411002
5291,2.5014552556967827e-05,0.001580985489404049
5292,4.944531304621099e-05,0.0020354925893159128
5293,8.911289951356594e-05,0.0016049863348942337
5294,5.7899536841432564e-05,0.0015754587691658595
5295,2.5706503038236406e-05,0.0015543869918388292
5296,2.1391024953724507e-05,0.001837640082258291
5297,2.1039414423285053e-05,0.0013906062859308532
5298,2.4714262205331277e-05,0.002159689180919622
5299,3.194304517819546e-05,0.0017256303213712737
5300,3.250661878458535e-05,0.0014843046752273977
5301,3.296241896653858e-05,0.0020698163288051454
5302,6.148045358713716e-05,0.0021078613399725965
5303,5.745418748119846e-05,0.0011946436418330398
5304,0.00010468550414467851,0.002656555155248154
5305,9.14684603534018e-05,0.001261196937045361
5306,6.963897637130382e-05,0.0013806164314178384
5307,4.666518943849951e-05,0.0023630491501879037
5308,3.7441803336453934e-05,0.0013905672537984225
5309,4.912807513998511e-05,0.0014113886126016421
5310,4.086963957282326e-05,0.0020605990989500376
5311,5.858882796019316e-05,0.0012848870443752196
5312,4.1289818667185804e-05,0.0016849833067623884
5313,3.32003844960127e-05,0.0018409170030696889
5314,2.029026254604105e-05,0.001625188324769123
5315,3.28112381491034e-05,0.001676682668818733
5316,1.7928660054167266e-05,0.0013399279830375993
5317,2.170275062477837e-05,0.001761064092870655
5318,2.3071779529952134e-05,0.0015051041135755111
5319,2.2480806364910677e-05,0.0016529008262152747
5320,2.162249826748545e-05,0.001852325627609618
5321,1.783758901486484e-05,0.0012461479591007719
5322,2.3994582928329086e-05,0.0019510649896307488
5323,4.5897314460792886e-05,0.0015523170834172545
5324,9.080813130519042e-05,0.001999214397904676
5325,0.00014099977779551408,0.001565403395743058
5326,6.97153993921044e-05,0.002109977363528112
5327,8.889352538972161e-05,0.001761983385250911
5328,4.718599254071402e-05,0.0016444701028577103
5329,2.609691509860568e-05,0.0015314199822390173
5330,2.6492020212269077e-05,0.0019139119544924479
5331,1.706442708382383e-05,0.0014901130247538484
5332,1.170254157235225e-05,0.0014850849113390437
5333,8.82723246225699e-06,0.0015133467528558387
5334,6.900075277371798e-06,0.0013588032104060288
5335,5.986765745547018e-06,0.001488906698022771
5336,5.43967571502435e-06,0.0015006672424139587
5337,7.150808990748677e-06,0.0014578753790825487
5338,7.754330757355396e-06,0.0015558996366146277
5339,5.064037789755579e-06,0.0015203481252253877
5340,6.89402322677779e-06,0.0015324488938529427
5341,5.322172667850585e-06,0.0015983511198781372
5342,5.346959066325023e-06,0.0014464328043514818
5343,4.094376405798054e-06,0.001553441786507922
5344,5.439743775544533e-06,0.0014505838731479809
5345,4.294095045527987e-06,0.0016703665472831079
5346,4.940113255239946e-06,0.00157978689100036
5347,4.10273635983079e-06,0.0014151960655342875
5348,4.129056893968178e-06,0.0015394435058839208
5349,5.143298191493765e-06,0.0014135639511386124
5350,4.735407310363371e-06,0.0014864876939673123
5351,5.864903020362059e-06,0.0015415294319537916
5352,5.51108378203935e-06,0.0015541442301432332
5353,3.91449713485296e-06,0.0017345638956698611
5354,4.296416712653203e-06,0.0014805020920301633
5355,4.808607006149638e-06,0.0014879172062867974
5356,3.61599824524698e-06,0.0015640431569566525
5357,3.98458936009168e-06,0.0014965062517320782
5358,3.5158371853564556e-06,0.0015375321532973623
5359,3.649564799464618e-06,0.001547814494431547
5360,4.413727613912973e-06,0.0015466149967882459
5361,4.333057525703529e-06,0.0014887702271826272
5362,4.2055446101585405e-06,0.0014726864797334502
5363,4.705322286705874e-06,0.0015943152995002785
5364,5.024031330928361e-06,0.0014467450870772984
5365,6.466407709619186e-06,0.0014574156604765906
5366,8.52302346174838e-06,0.001495072153382238
5367,9.26012332153429e-06,0.0015869038839509168
5368,1.5539105394661116e-05,0.0015199681080320453
5369,2.3568343870768634e-05,0.0017036070669524549
5370,2.169520509293458e-05,0.001592929233012237
5371,2.5868773233620836e-05,0.0018666178468380152
5372,3.6878227547276765e-05,0.0013195951964236855
5373,2.863345295433343e-05,0.0021542016248123383
5374,5.6640787079231814e-05,0.0014477210544695065
5375,9.539610994882727e-05,0.001996934731072915
5376,0.0001659308475306413,0.002029546703336628
5377,7.625646006393557e-05,0.0026047963201706334
5378,7.588855805806816e-05,0.0015346074410838874
5379,6.0477424995042384e-05,0.0019910206548928275
5380,3.221153965569101e-05,0.0014409197807884004
5381,6.044807584354809e-05,0.0020121032881777823
5382,4.596804186197308e-05,0.0016604649310007573
5383,5.321979260770604e-05,0.0016080389847964282
5384,0.0001358878133032704,0.0017940785779845057
5385,0.00019401582758291625,0.0022716893389175727
5386,0.00015951529336841002,0.0016520966713382739
5387,8.879715654378137e-05,0.0014763708010051898
5388,5.5752300613676195e-05,0.0019020376283323437
5389,2.5544725455498945e-05,0.0015780520020419453
5390,3.960117416378732e-05,0.001575161344518401
5391,3.819735623740902e-05,0.0020123456612112017
5392,3.819857908335204e-05,0.0017041437965854415
5393,5.223590317958345e-05,0.0014717473133327805
5394,5.0559550315180485e-05,0.002332951789208519
5395,2.740407144301571e-05,0.0013032512891465637
5396,1.8101844761986286e-05,0.0013393703554793605
5397,1.9920316844945773e-05,0.0019421068251162298
5398,2.005258914626514e-05,0.0013824503082327368
5399,2.0375118886780304e-05,0.0017788805027206347
5400,2.0870441949227826e-05,0.0019124492683895225
5401,1.2289572835773772e-05,0.0014411293943669265
5402,1.3696525941971534e-05,0.001722024174363125
5403,9.595769855271404e-06,0.001537769507638758
5404,7.988699932563274e-06,0.0016083258596490922
5405,5.752352838802229e-06,0.0014666039973321393
5406,7.486750352351616e-06,0.0014525406194601472
5407,8.40724605950527e-06,0.001705803954240492
5408,8.41768566412308e-06,0.00142204503741438
5409,7.1942447296654185e-06,0.0014610549931847088
5410,4.93071232388805e-06,0.0016804868392059653
5411,4.144412681246953e-06,0.0016493278071577624
5412,5.492796208272921e-06,0.001668674198499932
5413,5.793735484379188e-06,0.0016802332481354709
5414,5.401530446154841e-06,0.0015131376003553196
5415,5.743245128542185e-06,0.0014910935625932582
5416,8.440882447757759e-06,0.0015885270471999965
5417,7.4451355127772935e-06,0.0015355170334095327
5418,5.831429522610657e-06,0.0014821430099908057
5419,4.392314364546716e-06,0.0015649837579240831
5420,3.7718275962106416e-06,0.0015584269454189407
5421,4.7079007345018905e-06,0.0015975963892635163
5422,5.379891202513439e-06,0.0016293914706306898
5423,6.245122555507502e-06,0.0015118117563382495
5424,6.407509924126013e-06,0.0015992447458882267
5425,5.869338474440156e-06,0.0015445051157451052
5426,4.9781781247778175e-06,0.0014792752184531117
5427,3.35116953162166e-06,0.0015403222765656202
5428,4.012324764820126e-06,0.0015466634988946122
5429,4.461743264982942e-06,0.0014940355986899395
5430,3.274534037700505e-06,0.001527628854034454
5431,4.824094624685434e-06,0.001553367508949316
5432,3.632986469407721e-06,0.0015447546726122029
5433,4.3715484328762004e-06,0.0015399853422079148
5434,5.648681629584947e-06,0.001484432798538973
5435,3.874977619489073e-06,0.0014862554893997593
5436,2.86847418162021e-06,0.0014547645306860015
5437,4.422846510957849e-06,0.001573190881364693
5438,4.653106619419607e-06,0.001461708477302271
5439,4.893962007675631e-06,0.0015650717248245486
5440,6.181396050427186e-06,0.001590632956372354
5441,5.4594605596018175e-06,0.0014980041053454121
5442,4.025999411775653e-06,0.0014255302738192983
5443,3.943061483369093e-06,0.0014529357706453269
5444,3.0814258328367334e-06,0.0015134889335466886
5445,3.0977080011022434e-06,0.0015147350486514606
5446,3.613843152076394e-06,0.0015113763914509552
5447,5.114083978696726e-06,0.0015179061250189159
5448,4.899352218975158e-06,0.0014453852543695354
5449,4.705589920680116e-06,0.001508412806603207
5450,4.101847450025768e-06,0.0015343629047421255
5451,6.206911954601916e-06,0.0015014989363894922
5452,5.899722752171025e-06,0.001571324765755553
5453,8.296650169844119e-06,0.0015631251753945872
5454,8.431155917302628e-06,0.0015127411337686688
5455,6.055508371597776e-06,0.0013512050197643088
5456,5.790044542663963e-06,0.0015170507272338773
5457,8.101621824607719e-06,0.001557776525682645
5458,4.84143665744341e-06,0.0014926387312433381
5459,5.912168611151477e-06,0.0015698940122837392
5460,6.5112305189056014e-06,0.001550920699048406
5461,1.0109781093584995e-05,0.0014772279716030819
5462,6.4064267765691815e-06,0.001434816820290321
5463,7.651062120809609e-06,0.0014565993507400037
5464,6.202109822576555e-06,0.001520529855959352
5465,6.100673150892059e-06,0.0014624683063579943
5466,4.197266328750023e-06,0.0014392771404309888
5467,5.5897615917880705e-06,0.001610043084644896
5468,4.890395272620178e-06,0.0014603473686092482
5469,4.362331325561778e-06,0.0015193863944187173
5470,3.5110482106877803e-06,0.0015387882727865628
5471,3.767718256616111e-06,0.0013449210187742912
5472,4.099986396492265e-06,0.001503826626833147
5473,3.610085665665489e-06,0.0015375189442832873
5474,3.156397209143809e-06,0.001409328991811224
5475,4.626223850815829e-06,0.0014722391460677536
5476,5.154274064504231e-06,0.0015640585054460122
5477,6.4784484796594675e-06,0.0013579515608276907
5478,7.4655753754389785e-06,0.0015282889417423976
5479,8.089223410934209e-06,0.001540102543104
5480,1.0007900588486033e-05,0.0013865641012098494
5481,9.686189635734384e-06,0.0014796645012060841
5482,5.253619868502332e-06,0.0015494097904192182
5483,7.497660408262163e-06,0.001367795849438962
5484,5.213063862659813e-06,0.0015414756224087374
5485,6.211760834654948e-06,0.0013713863225448437
5486,7.0128081764172146e-06,0.001479155133757007
5487,4.6902595083035214e-06,0.0017038680297711234
5488,9.767105575519964e-06,0.0015141117628517113
5489,1.4153224492474692e-05,0.0016380213182712869
5490,1.4311591439764015e-05,0.0018639689857712176
5491,1.2634747569488051e-05,0.0013274618536307234
5492,9.039434219933658e-06,0.0016721598162337786
5493,7.430100686178775e-06,0.0014682888506185703
5494,4.723291264478273e-06,0.0014743190497071958
5495,3.508939244056819e-06,0.0015101272376312866
5496,4.237871538255907e-06,0.001416928996515321
5497,4.099397877628993e-06,0.0015495241359316223
5498,3.7813020147344407e-06,0.001468838919430795
5499,5.661375992834413e-06,0.0014086915418417669
5500,4.5537591631727995e-06,0.0015546845539846992
5501,4.052713090156128e-06,0.0015767814342196533
5502,4.478160159730275e-06,0.0015925726501315129
5503,4.5469155035486136e-06,0.0014925089217429086
5504,4.081459428562084e-06,0.001491030903650433
5505,4.7332615849882135e-06,0.0013979251357162093
5506,3.7479474334152958e-06,0.0015346937121706098
5507,4.63869776770783e-06,0.001446425534352132
5508,3.74250159135651e-06,0.001433297688339463
5509,3.9120425147605905e-06,0.0014726104779447626
5510,4.028830759731742e-06,0.0014120160196871153
5511,5.236081475838243e-06,0.0014101961521270471
5512,5.404347242195703e-06,0.0014639437073973689
5513,4.229920705256518e-06,0.0015162500345668806
5514,2.7078074102367585e-06,0.001405122826484538
5515,3.893480788974557e-06,0.0014379304837376819
5516,3.4673350758869978e-06,0.001408500386050015
5517,6.509600431551613e-06,0.0013460451773712485
5518,5.586703067213724e-06,0.001394023707202511
5519,5.542137114389334e-06,0.0014044777297700837
5520,4.198718306724913e-06,0.0013943614390510039
5521,3.4759703339659607e-06,0.001345872472949678
5522,5.874745905506037e-06,0.001357189936042712
5523,1.0654299270148234e-05,0.0015389941033254575
5524,8.951332711149007e-06,0.0013560362767032165
5525,8.585066188970813e-06,0.001540944712625186
5526,2.3793825918498138e-05,0.0014450400233576735
5527,2.7083171274474202e-05,0.0015408678913459652
5528,3.764458876200176e-05,0.0014858911406087476
5529,3.209943509621856e-05,0.001425588332065271
5530,1.6938814951572567e-05,0.0012916570637507114
5531,1.3946722295562116e-05,0.0013981525590056627
5532,1.3669795832053448e-05,0.0012642587924662128
5533,1.6246308587142266e-05,0.0014180882098739894
5534,2.322142220994768e-05,0.0017335637212239617
5535,1.68308878831643e-05,0.0012397054659833355
5536,1.1588307582618048e-05,0.001428052426433176
5537,1.64837595851471e-05,0.0012233671558082222
5538,1.7587970069143922e-05,0.0014976523422423427
5539,1.6551562536430233e-05,0.0013027728634233784
5540,1.5771183219233837e-05,0.0013936429126848152
5541,1.2667336462376018e-05,0.001343158415636033
5542,1.0385411223978736e-05,0.0012123664624725035
5543,1.1282779814791865e-05,0.0013815215733782278
5544,2.2443243142333814e-05,0.0010948063902864894
5545,1.2086179625233247e-05,0.001277004514351546
5546,1.1772500693041366e-05,0.0016362889904499524
5547,1.9187623547622933e-05,0.0012366308131269877
5548,1.2239787853710974e-05,0.0013885543852179187
5549,1.3401854054488165e-05,0.0014794174825596646
5550,1.1639306467259303e-05,0.0011290775040919915
5551,1.1900056294204358e-05,0.0012856383393628624
5552,8.514411153252392e-06,0.0014522198677488316
5553,4.9601754653849636e-06,0.0012791437247225384
5554,4.301854187360732e-06,0.0014988713875764936
5555,2.682529035761642e-06,0.0013830239296062138
5556,3.6615412985459747e-06,0.0013640861413771594
5557,3.860648303088965e-06,0.001507925583731647
5558,5.260292224799438e-06,0.0012996491213424469
5559,4.182844198415599e-06,0.0012673259727422176
5560,4.109647549436583e-06,0.0014328163861495069
5561,4.572593297780259e-06,0.0013379223193738638
5562,3.869308451006267e-06,0.0014078599202820635
5563,6.159759535269889e-06,0.0014465593918057994
5564,7.911746100338254e-06,0.0012939775309444765
5565,5.67677974080046e-06,0.0013175989459012086
5566,6.209013433059833e-06,0.0016127631533890963
5567,1.5842320378093668e-05,0.0013004985590296702
5568,1.8220385027234442e-05,0.0015784657320125014
5569,1.4826724691374692e-05,0.0013322091118733244
5570,1.6456644031374403e-05,0.0015670157039508693
5571,2.337361123257627e-05,0.0011966095331645621
5572,4.806959235186999e-05,0.0012355626415915964
5573,1.9891626955844306e-05,0.001547479132139014
5574,1.0500003645574907e-05,0.001294897813313296
5575,9.51100176583471e-06,0.0015027675737340853
5576,5.360888978126847e-06,0.001232563767318181
5577,5.667136095629151e-06,0.0011622885757265247
5578,4.154447803254395e-06,0.0014603374925566705
5579,7.888036937705086e-06,0.0012326441974723785
5580,7.408524591786166e-06,0.0013343277240656023
5581,5.512308537921247e-06,0.0014444391177160533
5582,8.31884793418188e-06,0.0012181504903632531
5583,8.307795421084544e-06,0.0013090495320814332
5584,5.939826269241166e-06,0.0013822840598199193
5585,7.460809441302748e-06,0.0012705363122394353
5586,1.006402065589403e-05,0.001605204928035694
5587,6.295325662601196e-06,0.0013448195797794564
5588,1.1873199946421665e-05,0.0013467854825691796
5589,1.100375684472965e-05,0.0012661310647958963
5590,7.644999944507921e-06,0.0013548141770710156
5591,8.318251881670827e-06,0.0014499117295793075
5592,7.900453996019981e-06,0.0013336165969472702
5593,1.4318360505664411e-05,0.001416194369085133
5594,9.795655387279112e-06,0.0013929006440095662
5595,6.16268163563897e-06,0.0012030284549292968
5596,6.731757215068986e-06,0.0013074727947127046
5597,6.419082455977332e-06,0.0012654454931323453
5598,1.019442255104271e-05,0.001258440524721005
5599,1.316032106236283e-05,0.0014660500464814268
5600,7.67261390137719e-06,0.001296244566255491
5601,5.422696328120462e-06,0.0013212436584638446
5602,9.40467398322653e-06,0.0013828754716545461
5603,5.9973764412764774e-06,0.0014849648202263463
5604,7.587412377082122e-06,0.0013295322552132676
5605,1.2417892745967644e-05,0.0014252547453355601
5606,1.2063147247924158e-05,0.0012511983999659814
5607,1.614388177889244e-05,0.0014271046342988183
5608,1.0407353511254768e-05,0.0014840747334253718
5609,9.98063330068059e-06,0.0012284192214463288
5610,9.74733569213034e-06,0.0017550636145220262
5611,1.3676570476188015e-05,0.001199579450272493
5612,2.4575672675079356e-05,0.0011882471740172487
5613,2.305384308177357e-05,0.0014029127512655156
5614,2.0101007733804485e-05,0.0011885293899653992
5615,1.7244284269205915e-05,0.002130228078256794
5616,2.0548314387269785e-05,0.001517938847807566
5617,3.5316076537128535e-05,0.0016644605065101949
5618,2.3789186767923334e-05,0.0012351821715701518
5619,2.49367597765134e-05,0.0011168528191459284
5620,1.5958408524359888e-05,0.001509589385094605
5621,1.8304799474814597e-05,0.0010637147058769473
5622,2.2761902800993995e-05,0.0012578431692883724
5623,3.145482745215607e-05,0.0015382357445860825
5624,3.396057921539371e-05,0.0011136507863860842
5625,2.855287190565529e-05,0.001547211484147573
5626,2.8588641119616415e-05,0.0012035974646060486
5627,2.740585223364178e-05,0.0014675478460120521
5628,4.6238800617478164e-05,0.0020320199825984288
5629,5.8547306980472055e-05,0.0013091659052370805
5630,0.00012861391490635773,0.001497752590500933
5631,0.00037322912539821117,0.0016315144873554194
5632,0.0004544835896619285,0.0018777883882949672
5633,0.000396215597478052,0.0015335654192255796
5634,0.0005125117177764575,0.0027679541225244446
5635,0.0005788345083904763,0.0011281409384737773
5636,0.0005493457041059931,0.0016420379530374459
5637,0.0002604822647602608,0.0022835795323943764
5638,0.0002872717954839269,0.0013340647821864626
5639,0.00013244844109673674,0.0016484941400800224
5640,8.444738535520932e-05,0.001914539977570805
5641,8.426630617274593e-05,0.0015492420478569946
5642,8.4518962103175e-05,0.0012386825126339132
5643,0.00010403671428017939,0.001696122760745132
5644,0.00012046986715480064,0.0017724413329398068
5645,0.00011444630799815059,0.0015267702791194513
5646,9.495215102409324e-05,0.0015628592869244868
5647,0.00010315562055135767,0.0018584264046329214
5648,5.654872220475227e-05,0.0017951999838632627
5649,8.389235493571808e-05,0.001342399099220221
5650,7.136988254690853e-05,0.0022343868815054104
5651,6.262793128068249e-05,0.00122537502494648
5652,9.92759654764086e-05,0.001009392206498429
5653,8.398471096976815e-05,0.0012990168798128216
5654,4.633987603786712e-05,0.0021749374449370413
5655,4.4381918754273406e-05,0.0018481306335705473
5656,3.289169253548607e-05,0.0016784864169816802
5657,1.9518957803181062e-05,0.0025122667897463312
5658,2.4906852922867982e-05,0.0017007001323669445
5659,1.8801645152658843e-05,0.0014017199131286168
5660,1.4908922821632586e-05,0.001769752806331229
5661,1.9157182638688634e-05,0.0015812506633407371
5662,7.898839551974864e-06,0.0013742002577880237
5663,1.1656583531779081e-05,0.0017420350258627276
5664,1.482289141373864e-05,0.0018685561509465608
5665,9.01749511588908e-06,0.001361335981563907
5666,1.1125262426503469e-05,0.0013921506534235214
5667,1.6964490108269577e-05,0.0016812510077115587
5668,2.1643675184653453e-05,0.0013704568736152504
5669,1.8406023688536758e-05,0.0015082573545656688
5670,1.430366774002323e-05,0.0019568089912755516
5671,1.6592680791897387e-05,0.0017613561853297114
5672,1.2032571369976115e-05,0.0015813984145505691
5673,5.6175168235010155e-06,0.0013232979058163373
5674,7.114013412016599e-06,0.001517582219094038
5675,8.06719629811899e-06,0.0014748157223862573
5676,8.035981803307853e-06,0.001347792977430513
5677,5.929555967062091e-06,0.0015104664132131013
5678,5.596319685234145e-06,0.00139760768213346
5679,4.980140602128813e-06,0.001474070097833109
5680,5.058150994348883e-06,0.0015096809957029782
5681,4.93458567992396e-06,0.0013637812679824163
5682,3.5949109587818383e-06,0.0013383653383394042
5683,3.678465964185307e-06,0.0013877479432840047
5684,3.160069460742913e-06,0.0015019977852100813
5685,2.9771552666109833e-06,0.0014721010041635807
5686,3.257598170118096e-06,0.0014732972238447489
5687,3.130539274328233e-06,0.0015033092908927892
5688,2.433114817298095e-06,0.0014274062150649316
5689,2.7821902828388073e-06,0.0014473917421070845
5690,2.491108807589626e-06,0.001421282441890615
5691,2.71495150627743e-06,0.001440922109094837
5692,2.612931075418601e-06,0.0014643450432611027
5693,2.673506211673763e-06,0.0014381535749105135
5694,3.5725435736821966e-06,0.0014695305355245203
5695,3.895707080422047e-06,0.0013668328618968097
5696,4.475028921054521e-06,0.0014104267387966237
5697,5.1317225976769505e-06,0.001377829738276622
5698,5.296231029205955e-06,0.0014643811677604562
5699,5.598829435863687e-06,0.001456157062349357
5700,4.938314577884739e-06,0.0013496109429292204
5701,5.578436563761594e-06,0.0013459468265907383
5702,6.1115255448385145e-06,0.0013698851763028798
5703,6.468779429269489e-06,0.0013593751377990748
5704,8.04733278224982e-06,0.0014622412488143157
5705,1.0608339289319702e-05,0.0013137422043712824
5706,1.3952110020909458e-05,0.0012655762018723869
5707,1.765647436210808e-05,0.0015062466694599414
5708,1.3058351396466605e-05,0.001433248810404105
5709,1.3175471212889534e-05,0.0014127521806829206
5710,1.0549143432096268e-05,0.0014167159546430656
5711,1.1988679034402594e-05,0.0013779325980883767
5712,8.132372295222013e-06,0.0012655128004381388
5713,1.6692759163561278e-05,0.0014091787830464483
5714,1.2961992009271247e-05,0.0017776554395393359
5715,1.2189032228585953e-05,0.0012411214800837531
5716,1.0831860042041323e-05,0.0014571952037733254
5717,5.78860120488874e-06,0.0015363056005499376
5718,3.6593236169816616e-06,0.0012945055560113525
5719,6.3562836658093145e-06,0.001404730349185136
5720,5.4173498331995995e-06,0.0015717777643558077
5721,5.010518543713261e-06,0.001333564140386586
5722,6.175319200944311e-06,0.001460524258482468
5723,5.298922345294462e-06,0.001512062612107009
5724,4.700212442306414e-06,0.0013045425880627017
5725,4.073812760907458e-06,0.0013509793582878362
5726,3.227038693391175e-06,0.0014063412054097207
5727,4.828007452791401e-06,0.0013180524899118293
5728,3.7705007040737352e-06,0.0013725213755992807
5729,5.468504908397639e-06,0.0013391759024756983
5730,4.542069048814786e-06,0.0013901107169057088
5731,3.909606281619441e-06,0.0014023966280611482
5732,3.062264477193821e-06,0.0013591357026483835
5733,3.314649499467729e-06,0.0013499167458132261
5734,3.1985839389866063e-06,0.0013966912524701338
5735,3.732617885058668e-06,0.0014071897621904536
5736,3.3086510939028813e-06,0.0012857909195169103
5737,3.5946934682821544e-06,0.0013721197134059831
5738,3.20308978795462e-06,0.0013944782192019496
5739,3.241934852364163e-06,0.0013246159848397758
5740,3.1308921279560307e-06,0.0013701577119045252
5741,3.0716240265367864e-06,0.0013675559972097554
5742,3.5141951533053844e-06,0.0013571973334572565
5743,4.286983827720784e-06,0.0013559636463755815
5744,3.847823821464165e-06,0.0013268932060331224
5745,3.828775940443545e-06,0.0012717038314188206
5746,5.41384688403923e-06,0.0013083349766693717
5747,5.315185656703155e-06,0.0013870519208245156
5748,4.960914156981744e-06,0.0012015779722687296
5749,5.97321080325249e-06,0.001367594846927627
5750,6.436891999328509e-06,0.0012378050793534305
5751,9.016665838620005e-06,0.0014136809861199475
5752,9.308033046787993e-06,0.0013394131376518038
5753,9.33632019647727e-06,0.0013472262355608967
5754,7.430962553674666e-06,0.0012177606104088463
5755,9.542024539162716e-06,0.0013573272877893461
5756,1.1459593239730264e-05,0.0012824945032640588
5757,1.0587725895068918e-05,0.0012805689571747981
5758,1.1478781561891083e-05,0.0012534805133528127
5759,1.3505828246707096e-05,0.001399390845867534
5760,9.638329690157358e-06,0.001375220131173026
5761,5.005108960176585e-06,0.001286922593777046
5762,3.06146863901328e-06,0.001339565285144183
5763,3.646642683937292e-06,0.001350747768796511
5764,3.457780682462423e-06,0.0012816314275677161
5765,3.754176153355123e-06,0.0012779025238109972
5766,4.46333730603025e-06,0.0013819332573724193
5767,1.134967624238925e-05,0.001324075309002376
5768,2.2461025643375858e-05,0.001285451974015771
5769,2.0568030231515876e-05,0.0013255565326411541
5770,1.8980836709185194e-05,0.0013071075750984193
5771,1.5652018555556423e-05,0.001248514595969514
5772,1.3455866792355664e-05,0.0012378264892311018
5773,1.016621305704272e-05,0.0014321852565237034
5774,6.715965143181772e-06,0.0013674883791575515
5775,5.788499038317241e-06,0.0012157855387667092
5776,5.682957089447882e-06,0.001438153543744207
5777,7.5779378979253425e-06,0.0011784839365946672
5778,8.13886038789254e-06,0.0012984393351513335
5779,1.1108751687061158e-05,0.001238298694067818
5780,3.167112469479131e-05,0.0014311172165284594
5781,4.819134458860693e-05,0.0013577305339643453
5782,6.854106547204235e-05,0.0014986778924784322
5783,0.00011275010256213136,0.0012690031957834607
5784,0.00010188449814449996,0.0013462647458347748
5785,0.00014017578226533563,0.0012878995470328653
5786,0.0001388176308561621,0.0017687719568287529
5787,0.00011171796747172872,0.001627481381196206
5788,0.0001261425762398479,0.0013954349260458239
5789,0.00011572537090008458,0.002539347026746456
5790,0.00014476569364584672,0.0021103694906648924
5791,0.00011982517850507671,0.0016989750809615523
5792,0.0001507947997500499,0.0011820098338007018
5793,0.00022325950291512224,0.001681935313473067
5794,0.00019676299998536707,0.0014920174886699853
5795,0.00034637432739449047,0.0012624824601115557
5796,0.000295472207168738,0.0016025101003332401
5797,0.00015826448701166857,0.0012772509820876629
5798,0.00010206370207015425,0.0023414390784959626
5799,0.0001731789811553123,0.0013280769486500932
5800,8.751046019218241e-05,0.001984146132141234
5801,0.00010799069774899786,0.0017739738902355741
5802,0.00014158658377709797,0.0014263557922828385
5803,0.00013206036977256492,0.0011426890039757834
5804,7.806921979257216e-05,0.0013339128876911608
5805,6.849286097955579e-05,0.0014139706127741557
5806,4.532779809475566e-05,0.001345325468977048
5807,7.375174269933875e-05,0.0021146762159132346
5808,6.687560817226767e-05,0.00207502429747558
5809,5.531599951306513e-05,0.0018916266116012974
5810,7.401120219583391e-05,0.001375724122434209
5811,6.517053552670404e-05,0.0019250896000339993
5812,3.714822742040269e-05,0.0016459621613713232
5813,2.0261148893041537e-05,0.0016013178571061355
5814,1.5866053824235376e-05,0.0017225865208668502
5815,1.2473871781063887e-05,0.0015801962063552474
5816,1.719135137439783e-05,0.0017350250910087598
5817,1.7623085053249573e-05,0.0013184917973369126
5818,2.588931432304283e-05,0.0013622636760137682
5819,1.3479750608288062e-05,0.0015335053069825014
5820,1.53537119331304e-05,0.0014432884182590316
5821,1.3587351835061176e-05,0.001491445355029322
5822,1.8668505072128026e-05,0.0014098568472967255
5823,1.304320527803308e-05,0.001386702690442188
5824,6.904367243502444e-06,0.0015788988373425649
5825,9.068776519901196e-06,0.0014715336930505403
5826,7.98143416128975e-06,0.0014470009257884946
5827,1.2537908696685918e-05,0.0014155900314831594
5828,6.605950845065915e-06,0.0014724006040359107
5829,5.234565666493533e-06,0.0015076108452841991
5830,4.576548750871249e-06,0.0013610382095037951
5831,5.123126296287713e-06,0.0015329775101629885
5832,7.429331344610546e-06,0.0014030790253447031
5833,6.05671069327703e-06,0.0013201573770126606
5834,7.312422288426508e-06,0.0014345466560779477
5835,6.641627563415871e-06,0.001294031166324876
5836,1.0257918741748048e-05,0.0013362485218763821
5837,5.814374344481621e-06,0.0013776676624822686
5838,6.462503370130434e-06,0.0013935865080864059
5839,5.932906606176402e-06,0.0014758868304293926
5840,4.733694216459601e-06,0.0013692153427075212
5841,6.049459807400126e-06,0.0014640985003591875
5842,5.066676203568932e-06,0.0014463346176524098
5843,4.426312898431206e-06,0.0013279548459356344
5844,3.6890230148856064e-06,0.0013994813931548571
5845,6.458557193885402e-06,0.0013863369080010714
5846,5.316790717794599e-06,0.001337677973696566
5847,4.817802406857178e-06,0.001312262196218463
5848,5.048675090317071e-06,0.0013243576088245576
5849,3.401252494465249e-06,0.001346119022268186
5850,3.187571913561745e-06,0.001382484971582303
5851,3.838519023702247e-06,0.0013093739770000845
5852,3.3681620758822343e-06,0.0013339492083549148
5853,3.615348214225378e-06,0.0014049736947906533
5854,3.870981602934383e-06,0.0013430862243866593
5855,3.207820251797481e-06,0.0013534358471602671
5856,4.498484061817483e-06,0.0014377584310585824
5857,3.242075702776977e-06,0.0013203618261508467
5858,3.528868319335743e-06,0.0013032376172211696
5859,4.270311516544704e-06,0.001370865243897722
5860,6.79923274825948e-06,0.0013849298794218522
5861,7.125855760629444e-06,0.0014330549147273377
5862,8.292156720320538e-06,0.0013139818521861837
5863,8.128445248682207e-06,0.0014361261791644955
5864,6.871947789477417e-06,0.0013818675459648564
5865,6.735408715030644e-06,0.0013332825537228326
5866,8.450636232737452e-06,0.001528364373371005
5867,6.00137949125686e-06,0.0012461397958200748
5868,7.285808199715878e-06,0.0012864481252581469
5869,5.067611285388314e-06,0.0015765857822298416
5870,5.566750648237454e-06,0.001329575214300334
5871,5.074081824811098e-06,0.001281172335037859
5872,4.178253084319294e-06,0.0013743528828582192
5873,5.023668654757784e-06,0.0012434381894459287
5874,4.669778839646218e-06,0.0012744170307423773
5875,5.626914268456555e-06,0.0014089819284038632
5876,4.64333540245813e-06,0.0013617746922458837
5877,3.6570700406931184e-06,0.0013404497730098372
5878,4.087540249505158e-06,0.0014092248459309927
5879,4.2155172801964605e-06,0.0013821015361784482
5880,4.345171085636442e-06,0.0012748845830911726
5881,3.187211905242293e-06,0.0012854704455523861
5882,4.471636293601477e-06,0.0014286354481147265
5883,5.341663018043618e-06,0.0012707257263846403
5884,6.611087004178747e-06,0.0013111853801579339
5885,7.409049370229089e-06,0.0014135152033684173
5886,7.876253918463287e-06,0.0012396136165860542
5887,9.664059628751905e-06,0.0014531474494499954
5888,8.126706112913477e-06,0.001436225613432489
5889,8.439311932306736e-06,0.0012318386121535688
5890,1.1749543773476034e-05,0.0019401038729211712
5891,1.9743966186069882e-05,0.001431445955980833
5892,1.8436412695640077e-05,0.0012317888652282497
5893,1.2900398542114998e-05,0.0012651065622977032
5894,8.1244041515068e-06,0.0011504349229109333
5895,9.890256903114884e-06,0.0012642339277117857
5896,9.340789498916516e-06,0.0014706064605953422
5897,9.893068029972104e-06,0.0013280229195659085
5898,1.0965445714343029e-05,0.0014395486576277323
5899,1.7081332165010583e-05,0.001305395580542193
5900,9.557741213939152e-06,0.0013364735481101932
5901,8.028981271005857e-06,0.0012690307697149244
5902,8.494220613404954e-06,0.00125248871256018
5903,1.1532390514427486e-05,0.0013012957033209913
5904,1.3144045078661293e-05,0.001270863842622443
5905,1.3113077754193607e-05,0.0012111352499039095
5906,1.0903354268521071e-05,0.001293342053618898
5907,7.283976568335978e-06,0.001271850079312686
5908,1.0173043362253035e-05,0.0011660887989926878
5909,1.1963945356304369e-05,0.0014147104743105455
5910,9.320551907876506e-06,0.0012464879619646964
5911,7.646731561787117e-06,0.0012866198121914713
5912,1.0678196425336257e-05,0.0012445376065787015
5913,9.656289572982738e-06,0.0012072775733847846
5914,9.408681641313403e-06,0.001321422593396773
5915,1.3765673672120709e-05,0.0012924639713459128
5916,9.920640089452111e-06,0.0012337690353114892
5917,1.018976945488248e-05,0.001276906403734928
5918,8.616902171828163e-06,0.0011461132749599793
5919,1.1207190618733876e-05,0.0012389098561742878
5920,8.648954705374006e-06,0.0012012804101228596
5921,9.099533599510323e-06,0.0012127634575113831
5922,8.3034119597869e-06,0.001352338311922421
5923,9.115610464505152e-06,0.0011655175471751709
5924,5.100344757617373e-06,0.001182884576008105
5925,3.193325756001286e-06,0.001279564877774009
5926,3.181468249143412e-06,0.0012627263566273757
5927,2.624624676172971e-06,0.0012594042492546434
5928,2.75629090538132e-06,0.0012824861928600613
5929,3.4266039316814083e-06,0.001243592777993442
5930,3.2612457289360464e-06,0.0012356634444271133
5931,3.6191990147926844e-06,0.001275987893262306
5932,3.413547134793286e-06,0.0012572004723795287
5933,4.849461341412583e-06,0.00128435558734799
5934,4.1788609754197145e-06,0.0013062571520059128
5935,4.34510857303394e-06,0.0012058288300791243
5936,3.2848966081170753e-06,0.0012433742627677485
5937,3.266782353724314e-06,0.0012486891190367421
5938,3.833048018956712e-06,0.001262938510259892
5939,2.800010088321869e-06,0.0012898532926713623
5940,5.58964820811525e-06,0.0012226952125289016
5941,8.515668499361103e-06,0.0012288663387811912
5942,5.961133107727316e-06,0.001147455558287141
5943,8.928365241445136e-06,0.0012044051637337726
5944,9.796116743624832e-06,0.0012214041844846343
5945,7.505165255376293e-06,0.0011413043803044074
5946,7.537156822460626e-06,0.00129023936804472
5947,9.468496197465962e-06,0.001414164188537952
5948,1.0563234839840637e-05,0.0011310735158255602
5949,1.2384656777915855e-05,0.001380191751990438
5950,8.69046834850451e-06,0.0012621184404000758
5951,9.013167497566125e-06,0.0011030970082625629
5952,9.201097661086048e-06,0.001332785925959919
5953,5.747904151576222e-06,0.0013126032894447916
5954,6.407900279252013e-06,0.0011673890985548496
5955,5.280572152817816e-06,0.0012861746079178425
5956,5.460455122374697e-06,0.0012304734788820381
5957,4.856053177112093e-06,0.0012068454731681097
5958,5.007197129695366e-06,0.0013098735866452179
5959,6.281194328039419e-06,0.001226551342190896
5960,4.234477288870645e-06,0.0011777293288119607
5961,3.931382783169586e-06,0.0012583272241965288
5962,3.1302905578437882e-06,0.0012696997554034113
5963,3.694060978887137e-06,0.0011824789084860776
5964,5.137253022743001e-06,0.0012763386434604099
5965,5.133504297797724e-06,0.001188947284304515
5966,3.865620904737929e-06,0.001152462516654664
5967,3.488249346143372e-06,0.0012447527512599984
5968,4.3584728700807315e-06,0.0012449723178902129
5969,3.869250213028863e-06,0.001190685365059391
5970,4.191212428850122e-06,0.0013009700465830057
5971,3.4498759002114334e-06,0.001215874777527482
5972,3.1106512324186044e-06,0.0011708270822556352
5973,3.197721859275286e-06,0.0012102708290147735
5974,4.055891410340943e-06,0.0011632825476190765
5975,3.882728651660727e-06,0.001190511195363081
5976,4.413282294990495e-06,0.001389752773707366
5977,4.167031223308489e-06,0.0011915291190206065
5978,3.7003431922736733e-06,0.0012586758899187126
5979,3.82007359197208e-06,0.0012518206444444267
5980,5.224577398621477e-06,0.0011419812973596038
5981,6.68234788463451e-06,0.0012195085333000252
5982,9.110095713064462e-06,0.001230182596409004
5983,6.44124799388616e-06,0.001218908619480281
5984,5.959793998044915e-06,0.0011855151305363814
5985,5.283065820549382e-06,0.0011771881538553265
5986,5.205276526491313e-06,0.0011975331329117259
5987,4.038008955831174e-06,0.0011513448369828618
5988,4.922357826823524e-06,0.00122491696823799
5989,3.820580847483749e-06,0.001216321639115299
5990,4.915345986470735e-06,0.001178049165700511
5991,3.8145242645744776e-06,0.0011680108081644739
5992,3.84647203948892e-06,0.0011671254966833342
5993,4.961344105443762e-06,0.0011641484328662962
5994,6.918667865344711e-06,0.0012071469796850808
5995,5.301796500134515e-06,0.0011932865760516463
5996,7.89003964503839e-06,0.0011246471026890332
5997,8.019479476691534e-06,0.0013443846319706773
5998,1.366309261356946e-05,0.001211391070740312
5999,1.3684245156279454e-05,0.0013128169931427348
6000,1.4999116016648865e-05,0.0012629325923282566
6001,7.535219234947969e-06,0.0012253378311678123
6002,5.212040529537869e-06,0.00126542183148902
6003,6.0329223439718286e-06,0.0012090262236425608
6004,5.042841379084469e-06,0.0012943243303548868
6005,5.6807632669612454e-06,0.0012241340321158683
6006,1.0139092410099693e-05,0.0011933938362709005
6007,1.2489824924462785e-05,0.0015270996299814286
6008,1.0916334091840934e-05,0.001050145918041409
6009,1.6678867662752358e-05,0.0012291775618525824
6010,1.9876730584655887e-05,0.0014011067178789673
6011,2.3212329809515118e-05,0.0012553939433112065
6012,2.8805974579881877e-05,0.0014132214572617975
6013,2.0307533607895795e-05,0.001963078130520587
6014,2.5343188341745795e-05,0.0010302102903186484
6015,5.123253674052345e-05,0.001281063406046216
6016,3.2453241268134055e-05,0.0014364449463154035
6017,3.2336494647703755e-05,0.0014402221596807123
6018,3.436596792501708e-05,0.0013409667514543246
6019,3.4714583064972734e-05,0.0015384339247133554
6020,1.9952132182273392e-05,0.0010911892117807774
6021,2.052820424675398e-05,0.0015807932950409613
6022,2.753260123427026e-05,0.0011806110383972056
6023,2.0144658386319254e-05,0.0011430339517409173
6024,1.9929130454935755e-05,0.0014133020744138346
6025,2.8167398947213467e-05,0.0010465447704755063
6026,3.3520372865799194e-05,0.0012444023750575743
6027,2.3915478474615764e-05,0.0012828257745205183
6028,1.92237823891143e-05,0.0012532749115196093
6029,2.0420668079168536e-05,0.001397589046515407
6030,1.4364639112803463e-05,0.0013762793538534617
6031,1.42114985161849e-05,0.0010738749520882494
6032,1.2395656510003998e-05,0.0013485437810904985
6033,1.5679091484344097e-05,0.0011607223904442306
6034,1.7469672820880076e-05,0.0013139532680997228
6035,3.003494227111029e-05,0.0014428756159444258
6036,4.7640494388663984e-05,0.0012861747848324655
6037,3.219119995871248e-05,0.0013083262235204886
6038,2.8768117287351438e-05,0.001698193714154635
6039,2.992310922612281e-05,0.0010850104694914689
6040,4.1031608877043864e-05,0.0012639682037814512
6041,5.224655263494545e-05,0.0011224489082494295
6042,3.345916672211994e-05,0.0012911854964482972
6043,2.609278053569142e-05,0.0011912383350881008
6044,1.5715004944164928e-05,0.0013373242141165602
6045,1.3144522260214823e-05,0.0011110546674183387
6046,1.5750745660625398e-05,0.0011566682616945385
6047,1.477955835677373e-05,0.0011815628056106428
6048,9.195253157182985e-06,0.0011937068573631875
6049,1.014391867405114e-05,0.0012514831564264504
6050,9.626376656039307e-06,0.0013897805502198226
6051,9.699849821724152e-06,0.00123828094760616
6052,9.632880270752746e-06,0.001235651261151189
6053,8.653563539458748e-06,0.0011670755870515613
6054,1.037493284457014e-05,0.0011823978155895364
6055,6.841288965612572e-06,0.0011434409062480774
6056,1.2339388619390472e-05,0.0013467189608376445
6057,1.835068305808818e-05,0.001200934139164678
6058,1.6902572375935658e-05,0.0013605986747480048
6059,2.4981466170477993e-05,0.001063365963155653
6060,3.16561487125e-05,0.0011002449541055693
6061,2.4551988523550487e-05,0.0011870468665083035
6062,2.7741229738846112e-05,0.0014779785552656087
6063,3.297781398335549e-05,0.0011624613250642427
6064,5.164870381122455e-05,0.0014179800499567953
6065,0.00023970595939317718,0.0014061435642762211
6066,0.0002578079739275078,0.0018729401906350935
6067,0.00020818775956286118,0.0013210532002473675
6068,0.0002622339612571523,0.002598276653319715
6069,0.000243946470679172,0.001339761925976738
6070,0.00032416927764037,0.0017665919341792271
6071,0.00029934107054335377,0.0012678787255234372
6072,0.00016447003678573917,0.0012377088029656236
6073,8.669880917295813e-05,0.0013674784031894615
6074,6.568767566932366e-05,0.001550452049462286
6075,4.924926543026231e-05,0.001745443983648823
6076,3.470855372142978e-05,0.0011553327054771646
6077,2.9388459006440824e-05,0.0015009417515761388
6078,2.5248811592367323e-05,0.0012956016722655906
6079,1.9935252930736168e-05,0.001311667179175484
6080,1.393481828320849e-05,0.0012596966011273697
6081,1.1806384281953797e-05,0.0013043900161585588
6082,2.1963372758667296e-05,0.0014871272641622762
6083,1.805493302526884e-05,0.001242893201658341
6084,1.2766224002310385e-05,0.0012847751747508804
6085,1.743763302026006e-05,0.0013012934190140466
6086,1.1053197097983987e-05,0.0012852078327527782
6087,5.226955060303832e-06,0.0012203678658312758
6088,3.7714575228164903e-06,0.0013513968942144255
6089,5.293303562818134e-06,0.0013411740761426255
6090,5.087950376037042e-06,0.0012528503187162084
6091,3.1816599403100555e-06,0.0012600208260485624
6092,3.4828564063597393e-06,0.001244608299095389
6093,3.5444353973919834e-06,0.0012382323391676889
6094,3.875280557015988e-06,0.00128545833744226
6095,3.561466322328973e-06,0.001243957674944788
6096,3.764915572901373e-06,0.0012704427757366436
6097,3.431092439617108e-06,0.0012746945153701845
6098,5.95966788144627e-06,0.0012235444238020738
6099,4.71290692682184e-06,0.0012790302381168787
6100,5.0159624152001925e-06,0.0012373920666662551
6101,5.8240487608903395e-06,0.0011656817253202377
6102,6.006011123342129e-06,0.0013367186307789772
6103,5.929292971510828e-06,0.0013048415820253647
6104,6.291457308786145e-06,0.0012746987512379181
6105,1.2364443258168951e-05,0.0012644480503215564
6106,8.399188482144382e-06,0.0012471672545341173
6107,5.37486967004952e-06,0.0011970285146577855
6108,8.350527302051584e-06,0.0012430093965243813
6109,7.006438439323877e-06,0.0013412015244922066
6110,1.025103095647258e-05,0.00121068010953673
6111,7.3771171779905364e-06,0.001227350915162494
6112,1.0610223216644955e-05,0.0012959724605655458
6113,1.3427048300703366e-05,0.0011834827215982762
6114,1.1495284100722832e-05,0.0011765003771755816
6115,1.5841857263391526e-05,0.0015114811093245788
6116,2.0516115667608878e-05,0.0012414131962554895
6117,2.236994211367952e-05,0.0012148860855739358
6118,2.1241605645627713e-05,0.0015666445416552344
6119,1.8332001369950984e-05,0.0012654159098907602
6120,1.634326084361722e-05,0.001069902096816346
6121,1.4212454395116463e-05,0.0012738107149965884
6122,2.0085366607721274e-05,0.0011710810881130046
6123,1.9792214637467016e-05,0.0012908474932696054
6124,1.0339009592523023e-05,0.0015005911526262878
6125,1.4585383056934613e-05,0.0011948430466128322
6126,1.2020317141529328e-05,0.001144233079513491
6127,9.92102383558328e-06,0.0010476670311360555
6128,9.177400352200494e-06,0.0010603388888746734
6129,9.484880714201911e-06,0.0010981590951807563
6130,6.409518816023289e-06,0.0012146987169467675
6131,5.304126868092378e-06,0.0011833502941280896
6132,4.453953746027158e-06,0.001220426129866538
6133,4.808775186878241e-06,0.001164367143339734
6134,4.256542524672113e-06,0.0011087077528634292
6135,6.336056200476984e-06,0.001170878317372096
6136,8.457496611905906e-06,0.0011592598280898757
6137,1.2391054163648126e-05,0.0012858454248039271
6138,1.3702093080307046e-05,0.0010459421055417097
6139,1.6642136324662714e-05,0.0011036973854519545
6140,1.0411969136233286e-05,0.001183506448324183
6141,8.88189057756487e-06,0.001107093185098387
6142,7.0803307001673e-06,0.0011230630013637068
6143,6.3988349211285825e-06,0.0011859035855489159
6144,4.564010214380687e-06,0.0011940536155240742
6145,5.196862518156801e-06,0.0011597690892068478
6146,7.077723542655197e-06,0.0011032400469435013
6147,5.6222609903973835e-06,0.001197999488107684
6148,9.40538726960464e-06,0.0012295503493794423
6149,5.1691371936613e-06,0.0011447973949944702
6150,4.726986753667007e-06,0.0011723996364643547
6151,3.7309289837139657e-06,0.0011791217339767773
6152,3.6132109623091917e-06,0.0010765001441784732
6153,3.6559601388338098e-06,0.0011603201612991494
6154,3.71456681023119e-06,0.001164654966014782
6155,3.960089270549361e-06,0.0010993600429739716
6156,2.5186126549670006e-06,0.0012111344877043812
6157,4.089658462665587e-06,0.0011574165321754542
6158,6.95934719866879e-06,0.0011186890380171046
6159,1.1156713056455676e-05,0.0010503852601515084
6160,9.099831368075684e-06,0.0010568799568325515
6161,1.068738553537211e-05,0.0012023458752311825
6162,7.051261066711352e-06,0.00121507947250658
6163,8.16235524325748e-06,0.0010624315931579084
6164,1.0300015128450469e-05,0.0011647258744039756
6165,8.32170010956664e-06,0.0011370258688134707
6166,7.381000220145021e-06,0.0011090511977709242
6167,6.803589167247992e-06,0.0011209559436212843
6168,8.463391350232995e-06,0.0011589163038916298
6169,6.153408321551979e-06,0.0011919852058351861
6170,4.316097329137847e-06,0.0012037989116955813
6171,5.765369436024533e-06,0.001099457782344878
6172,5.764456394293423e-06,0.0011753000220005203
6173,4.681550990426331e-06,0.0011484709872651522
6174,5.147637360399434e-06,0.0011297978041876898
6175,6.34749391489701e-06,0.0011486994830422162
6176,3.5672059311764314e-06,0.0011785152646910956
6177,3.378126772683269e-06,0.0011057076686039919
6178,3.3434076309883193e-06,0.0011486650868978968
6179,3.5795161541803584e-06,0.001116551212713445
6180,3.980029820619772e-06,0.001112888400318233
6181,3.6844600951250566e-06,0.001210469453720244
6182,3.0341809178935366e-06,0.001119265481316316
6183,3.6335126120926968e-06,0.0011401444881619137
6184,2.7683561408290794e-06,0.001174056961193798
6185,2.5019644908752524e-06,0.001092415454698448
6186,3.3706225318989405e-06,0.00113311441574891
6187,4.175966175049931e-06,0.0011673966206346205
6188,2.5108633811517697e-06,0.0010852812694048318
6189,2.4762187422311397e-06,0.0011494136103758895
6190,2.9602622665455176e-06,0.0011650789309087702
6191,2.197374389349231e-06,0.0011027067538541485
6192,2.6007852435820193e-06,0.0011538911421093943
6193,3.540916092485228e-06,0.0011381160089284123
6194,3.2915482279349815e-06,0.0011070975974224156
6195,3.3340647557148866e-06,0.001128207512225545
6196,3.5729180581256516e-06,0.0011024155890510426
6197,5.742205515465078e-06,0.001152132885754255
6198,7.131769113281431e-06,0.0011778036774114126
6199,1.0825055505847559e-05,0.001036884386448087
6200,8.776690143956027e-06,0.001030179405196269
6201,7.413038141142655e-06,0.001081574188021019
6202,8.801097252823336e-06,0.0011328986871576919
6203,4.6647315230075035e-06,0.0012380019596623859
6204,5.947569358492426e-06,0.0012423106300549244
6205,4.858849448889184e-06,0.0010952053057198508
6206,5.65056073658828e-06,0.0011083301593087555
6207,3.3460979314744086e-06,0.0011915942841011474
6208,3.1720357280088742e-06,0.0010729738168315742
6209,3.188384016539203e-06,0.001119453510394188
6210,3.5663773815031163e-06,0.0011253193745895576
6211,4.414712414776053e-06,0.0011377030553655538
6212,4.763748196031277e-06,0.001155410659514133
6213,4.526596603682264e-06,0.0011187089432038249
6214,5.3160552852205e-06,0.0010932830229262256
6215,6.353546814352739e-06,0.001161571104431481
6216,6.294666187992941e-06,0.0011013627797548519
6217,4.629810867603131e-06,0.0010861187538968062
6218,1.1089542628421138e-05,0.0011573510100573712
6219,8.213462812515597e-06,0.0011786802655349919
6220,7.025687894686901e-06,0.0012049064384846706
6221,5.671555936714867e-06,0.0012095473004563703
6222,6.302692357470126e-06,0.0010354681610584436
6223,7.058481423882768e-06,0.0009639442781001095
6224,5.553796108870302e-06,0.001077866156064854
6225,8.293267637782264e-06,0.0011170821596215676
6226,7.477751144809493e-06,0.0011254275340484236
6227,6.613733967242297e-06,0.0013491110298709255
6228,1.0860463953576982e-05,0.001065080124686846
6229,2.0501438242111666e-05,0.0010996404769427078
6230,1.620012132358776e-05,0.0010667720403500253
6231,1.614944273266398e-05,0.001173233032670224
6232,2.202351315645501e-05,0.0010220907920949513
6233,3.083550982410088e-05,0.001133360443031782
6234,3.9354269877852253e-05,0.0010594285059331615
6235,1.998323823499959e-05,0.0009790288076340038
6236,1.0048716527914317e-05,0.0009483194577243677
6237,6.326223107559296e-06,0.0010570301138062587
6238,7.321983806226247e-06,0.001023272920709734
6239,7.0419817954340635e-06,0.0010348459576003577
6240,5.444765035160041e-06,0.0012671274928684076
6241,5.943086504582122e-06,0.001059117457026425
6242,7.476847834671693e-06,0.0011136713401069791
6243,1.1088520962706145e-05,0.0010662960492653817
6244,9.81359383634602e-06,0.001008878466829027
6245,1.0068802475871053e-05,0.0010242069235867196
6246,8.200222388647187e-06,0.0012658642142952428
6247,1.3351346327302356e-05,0.0010028503790285115
6248,8.060463915171568e-06,0.0010371269753540126
6249,8.184226984061145e-06,0.0010412294091290142
6250,3.51645759716727e-06,0.0010488517701581824
6251,3.4318797285474525e-06,0.0011435374599243478
6252,3.4665383585282447e-06,0.001113029230316353
6253,3.5872993976227007e-06,0.0010690215496551685
6254,3.5563991332310254e-06,0.0010679543410669866
6255,3.220243828157739e-06,0.001015054444254442
6256,3.5811121354830294e-06,0.001121571758215675
6257,4.186250074174799e-06,0.0010342404931989006
6258,6.21027375018457e-06,0.001078411644804988
6259,8.716396041563713e-06,0.001047175749998877
6260,1.2194430352489386e-05,0.0011362272707056108
6261,8.715272451809142e-06,0.0009667244309002138
6262,6.530637741282893e-06,0.0010085005242575517
6263,7.127105891413521e-06,0.001042828928151234
6264,4.5693352452265875e-06,0.0010634629105357087
6265,7.691956064566814e-06,0.0010563055439265518
6266,8.843730726463643e-06,0.001095579660270275
6267,7.48736832368498e-06,0.0010055628399855978
6268,4.893373989034444e-06,0.0010793534245921344
6269,4.741528755403124e-06,0.0010244138907791504
6270,8.752821546901638e-06,0.0011537428482391644
6271,1.2543242883111816e-05,0.0010768341016955674
6272,1.7834409057589558e-05,0.001086903490789792
6273,2.4646250919128456e-05,0.001055724615429154
6274,2.970217077139144e-05,0.0013192221004420554
6275,3.816650363053971e-05,0.0010191670144123473
6276,5.477798525438023e-05,0.0013121960448159828
6277,0.00012643983391171786,0.0010913639651578448
6278,0.0001228891374921659,0.0016249452523271165
6279,0.00014972238495829514,0.0014801503708641096
6280,0.00032143199762989146,0.0021355857643643467
6281,0.0005614878056803719,0.0016073903919556949
6282,0.0005240174223824094,0.002091795000738985
6283,0.0005468684612424113,0.0015314429536403165
6284,0.0002688143318058186,0.0015854690706093362
6285,0.0001815802437098076,0.0014938292759067314
6286,0.00013571826809008296,0.0014737121564680784
6287,0.00015090251787720869,0.001295613865624732
6288,8.090514966170303e-05,0.0012161664244916847
6289,5.345043706862877e-05,0.0011382217536860064
6290,3.6156475835014136e-05,0.001106376039674579
6291,1.6589189999649535e-05,0.0013105632740945563
6292,2.341832393237079e-05,0.0011708218137748306
6293,2.0919161276348556e-05,0.0013446546513513904
6294,1.2119353596062864e-05,0.0017916033224122027
6295,3.0730010864014426e-05,0.0011860440883008161
6296,3.987557041303565e-05,0.0012754935530146334
6297,4.593546170023425e-05,0.0011645891611082992
6298,2.7594704564156323e-05,0.0011836274615928941
6299,2.0800385270073698e-05,0.0011886710435790046
6300,1.768631039643272e-05,0.0013000822715886582
6301,1.7028817577132335e-05,0.0012544186824316702
6302,1.0530639337957837e-05,0.0012927647830375771
6303,1.021466493208815e-05,0.0012877688653341781
6304,9.845698211089863e-06,0.0012138705520971318
6305,1.1850165719806682e-05,0.0011963858649567298
6306,9.33366084912753e-06,0.0012424647181082194
6307,1.174568872860012e-05,0.0011752098083760091
6308,1.447155943120985e-05,0.0013258742749705677
6309,1.8079890166215287e-05,0.0011301626007651955
6310,1.2299079025979154e-05,0.001135972845478086
6311,1.1457210894150193e-05,0.001209276283295517
6312,9.439575903040047e-06,0.0011286145987311803
6313,1.0621393327407229e-05,0.0011994404810862103
6314,6.227894603701619e-06,0.0011287381584704744
6315,5.741895377771774e-06,0.0011637909149963732
6316,3.952124219116134e-06,0.0011509556761451476
6317,4.920376553248692e-06,0.0011931100537575137
6318,7.193550027295715e-06,0.0011517390980949904
6319,1.1041309456534994e-05,0.0011499290259217652
6320,7.066743819450494e-06,0.001125195087025338
6321,5.81604072067421e-06,0.0011464241070775535
6322,6.8779553960969984e-06,0.0010847721091200282
6323,5.128917685700193e-06,0.0011294830258657027
6324,4.317915136198281e-06,0.0011832742813395291
6325,4.052406696549345e-06,0.0011583064828530013
6326,3.194786631866009e-06,0.0011990424167680166
6327,2.9023095673134473e-06,0.0011391680074423023
6328,2.5777801056392493e-06,0.001126717641769989
6329,2.348567386434297e-06,0.0011532788795573035
6330,3.829152622832528e-06,0.001122017910770016
6331,3.456007743807277e-06,0.001159453831015404
6332,3.6434753534801226e-06,0.0012041402464607863
6333,3.806204737581235e-06,0.0011499988989479195
6334,3.190625329807517e-06,0.0011151915514203683
6335,2.2307410593687868e-06,0.001116646623319587
6336,3.029769898906428e-06,0.0011184344175418355
6337,3.777285989296312e-06,0.0011448494262267343
6338,5.314027218143262e-06,0.001119626236357176
6339,5.1730895696285495e-06,0.0011407928907965113
6340,6.3484178402480515e-06,0.0011328432638396135
6341,5.8530887448190095e-06,0.0010649374815430053
6342,4.944833684324598e-06,0.001044676886636793
6343,4.095878557563992e-06,0.00110090386826457
6344,5.1082059750721476e-06,0.0010748410287613826
6345,4.650989831134212e-06,0.0010887725493232683
6346,4.76835102745099e-06,0.001139073370952218
6347,2.818467207058954e-06,0.0011334417820504802
6348,2.21362421749897e-06,0.001127519155760831
6349,2.860507235406355e-06,0.0011302392932542372
6350,2.888521188045464e-06,0.0010938652425337085
6351,2.9215312830880673e-06,0.001096698836841452
6352,2.535055318730883e-06,0.0011307843012082588
6353,3.2424468675647706e-06,0.0011198568486931227
6354,2.770533546936349e-06,0.0011209601730724254
6355,2.7284859243081883e-06,0.001139742878676341
6356,3.7784928129743395e-06,0.0011326229331765588
6357,3.4192359635198956e-06,0.001076481767515762
6358,3.42451700513872e-06,0.001144384457473093
6359,4.827659298219563e-06,0.0011565072203465687
6360,2.721502270712032e-06,0.0010884416149379173
6361,4.177425277399986e-06,0.0011355587933029189
6362,6.520101123896893e-06,0.0010862252684163414
6363,6.767863790931491e-06,0.0010345177747873868
6364,6.289265274972422e-06,0.001119584652254226
6365,6.429030205860424e-06,0.0010659085686582574
6366,6.861967843481883e-06,0.0010699179077586966
6367,5.32860831299331e-06,0.0011231428201083006
6368,3.3395609686219056e-06,0.001078569819769404
6369,4.492505907667995e-06,0.0010867805695014558
6370,6.4705622814168844e-06,0.001161731367080113
6371,6.230627453381506e-06,0.0011142941675786897
6372,6.750683132850099e-06,0.001064954397514257
6373,9.816923375183251e-06,0.001224080162071513
6374,1.1502256529638544e-05,0.0012445791778484666
6375,7.526111221523024e-06,0.001036452617144256
6376,5.68531592458991e-06,0.0010859511153750473
6377,5.598534456415412e-06,0.001072321410701559
6378,3.7659038450025645e-06,0.0009898300521904383
6379,3.7118495432271933e-06,0.0010845991911175917
6380,3.517739181309783e-06,0.001115085768850711
6381,3.3937786308039603e-06,0.0011237641387641078
6382,2.9655073679653774e-06,0.001089266143412894
6383,3.7431616268198317e-06,0.0011288302292401984
6384,5.1426276210501476e-06,0.0010730441399358624
6385,8.367576265300159e-06,0.0011294810811798344
6386,9.904006825915227e-06,0.0010935090405235844
6387,1.4404631413829823e-05,0.001106160384415847
6388,8.50439228088362e-06,0.0011332175404742712
6389,5.517441316745438e-06,0.0011190292187123084
6390,5.458355129424793e-06,0.0010771536397542365
6391,4.655829525290756e-06,0.0010127373029180898
6392,6.32631769500828e-06,0.0010437643653658168
6393,6.228888590461187e-06,0.0010148585741004842
6394,8.501430359804847e-06,0.001184303662281366
6395,9.628545103623765e-06,0.001072120256941971
6396,1.6231953486567364e-05,0.0010120972132082941
6397,1.9255177661155662e-05,0.0011209741749940074
6398,1.9500192744696204e-05,0.001040065011392736
6399,1.94202995771775e-05,0.0010012977781309563
6400,2.1782107432954943e-05,0.0010565893589812294
6401,1.317159118722581e-05,0.0010859431798833856
6402,1.3096538623358356e-05,0.0010464883906268112
6403,8.897019658130981e-06,0.001249580985067163
6404,9.351531601472136e-06,0.001100521684554589
6405,8.43118777993368e-06,0.0010511341237089062
6406,1.2310190565282634e-05,0.0010184254900618332
6407,9.669529754319229e-06,0.0010239166128779137
6408,6.874914834043011e-06,0.0010348143712360794
6409,7.275735818742154e-06,0.0010348512418934797
6410,5.4131496654008515e-06,0.0010609343495791939
6411,5.129497913003433e-06,0.0010378681335004238
6412,4.524384439719142e-06,0.001059453329896393
6413,3.676401896276123e-06,0.001059252992419042
6414,3.0944040796991127e-06,0.001047741519067231
6415,3.7986374384975836e-06,0.0010544385959936936
6416,3.434696858069704e-06,0.001063930819463718
6417,2.9679400843936794e-06,0.001050728128482331
6418,5.466986416043559e-06,0.0010256982480879786
6419,3.990399757943427e-06,0.001048780565689076
6420,3.979706192088391e-06,0.001038858058356394
6421,5.0912548734534845e-06,0.0010573943695566786
6422,5.095889294655838e-06,0.001034557592494076
6423,6.629185979060518e-06,0.0010853510649735474
6424,4.626607369573321e-06,0.0010756954842239736
6425,4.0908441254335535e-06,0.001096874618019146
6426,4.893542124288312e-06,0.001041683721755756
6427,5.632163189754162e-06,0.0010510020587761982
6428,5.456958691259691e-06,0.001011783564664922
6429,5.746968296686343e-06,0.001084355297810068
6430,3.962015822859636e-06,0.001054235029136982
6431,3.264966274703814e-06,0.0010529638389052134
6432,6.879340768743229e-06,0.0010329874259452738
6433,6.328236668196041e-06,0.0010346951468217032
6434,5.263898310658988e-06,0.0010457048045955306
6435,4.082738360011717e-06,0.0010297985336794628
6436,6.934013375333355e-06,0.0010000724546193314
6437,4.536726161556241e-06,0.0010429586459860557
6438,4.120152986312556e-06,0.0010261696739961928
6439,3.3047448899499915e-06,0.0010748680471992633
6440,3.977589070321604e-06,0.0010645953909948645
6441,6.017588293616427e-06,0.001087333222825491
6442,7.168541136100733e-06,0.0010960287461240636
6443,5.5923159379744906e-06,0.0010650760588588148
6444,5.716665721896182e-06,0.0010765229345401969
6445,4.691574819541226e-06,0.0010192762763793104
6446,5.782619397602199e-06,0.001006457670710937
6447,9.432671686226967e-06,0.001050771440481987
6448,5.105396151824001e-06,0.000989948774964776
6449,7.2025475371143935e-06,0.0011215165292286849
6450,6.887773997732438e-06,0.001083456485359893
6451,4.375402932055295e-06,0.0010298208379843016
6452,3.94622278084474e-06,0.0010238437483446512
6453,4.702621299657039e-06,0.0010573244309896148
6454,4.6292064325825775e-06,0.0010054117668141414
6455,4.868928226642311e-06,0.001082672421750796
6456,5.816742486786097e-06,0.0010431052976669231
6457,4.320729506919936e-06,0.001018282606983264
6458,4.658972223599752e-06,0.001046143867273441
6459,4.1397024991359405e-06,0.001050627174398561
6460,5.260290981823345e-06,0.0010323433854477846
6461,5.7304179184332804e-06,0.0010137742547516337
6462,4.8635777905777404e-06,0.000994517756433512
6463,5.177987789769152e-06,0.001004483762992854
6464,5.0710951048434556e-06,0.0010212455632341072
6465,4.489744454379737e-06,0.0010590909179996728
6466,3.4174440922167074e-06,0.001100919031589402
6467,3.143151783054539e-06,0.0010358572833966025
6468,2.8395894484371335e-06,0.0010272486086780807
6469,2.4711852347536477e-06,0.0010239360569866273
6470,2.2869735706384137e-06,0.0010026919950665099
6471,5.1282607576771016e-06,0.0010189777189741043
6472,6.4073942363999475e-06,0.0010557545428750963
6473,6.454880288705075e-06,0.000985618432989256
6474,5.394319396145875e-06,0.0010083234829069152
6475,5.5333550941819945e-06,0.0010346122838622766
6476,5.351121277878216e-06,0.0009936279295045354
6477,6.103555369918467e-06,0.0010320109624129639
6478,4.65645777391425e-06,0.0009909186910518892
6479,5.3335099740555355e-06,0.0009731107595831332
6480,4.455686575965956e-06,0.0009765078794434813
6481,5.068452628620434e-06,0.0010313676472195959
6482,5.03374124794694e-06,0.0009991646619187302
6483,5.468003231120141e-06,0.0010169777454529692
6484,6.678607769572409e-06,0.0010597911960350012
6485,7.120712537774428e-06,0.0009918744363235383
6486,8.19915737035141e-06,0.0010280202699304508
6487,4.854865013233696e-06,0.0009737339903835178
6488,5.939074738610846e-06,0.0010160345386614744
6489,5.986534809683993e-06,0.0009693370631980292
6490,8.454399964345308e-06,0.0010138454097213122
6491,5.884770507691428e-06,0.0011068554388865184
6492,4.726162963682631e-06,0.0011291216566652704
6493,5.545832694527538e-06,0.0009903883289703438
6494,4.1948381143204944e-06,0.0009793124712112646
6495,4.257043838151731e-06,0.0009918084162320413
6496,4.993960707603643e-06,0.0010092493628360713
6497,1.0032652304895844e-05,0.0010267369305681966
6498,1.559728528566969e-05,0.0010228116467675766
6499,8.947320869386507e-06,0.0010549682536250436
6500,6.803304737938258e-06,0.001136158078754922
6501,4.894277359805225e-06,0.0010178585990064403
6502,5.2072980906814335e-06,0.001031994899390192
6503,6.209149250935297e-06,0.001024173471827324
6504,3.6093049250969974e-06,0.0010020974345182575
6505,2.8158415564879153e-06,0.0009866396868583108
6506,2.4844534891599324e-06,0.000994116074302945
6507,3.0324490429241754e-06,0.0010120220533682135
6508,3.2584396194579313e-06,0.0009986075692293124
6509,5.029354906582739e-06,0.0010091469283527365
6510,1.1173057707007199e-05,0.0012135104465071025
6511,1.8468704365659504e-05,0.0009074739751582012
6512,1.6975436422702236e-05,0.0009142812616448468
6513,2.010487999844675e-05,0.0008752758449262492
6514,1.539254638676842e-05,0.0009626624170749441
6515,8.896112437165963e-06,0.0011438168860297268
6516,1.1958354904588002e-05,0.0010099552455358207
6517,9.008052681262294e-06,0.0009953709636396897
6518,6.459885798903997e-06,0.0010490976384012248
6519,7.124352850951254e-06,0.0009828924777088906
6520,5.2483236686384774e-06,0.0010057050298430085
6521,5.769111794506898e-06,0.0009488450000282582
6522,8.297880170478795e-06,0.0009511127849347801
6523,1.1766060045677781e-05,0.0009158564117089955
6524,1.4441042367252521e-05,0.001014787104946935
6525,9.003712208747554e-06,0.001077011168025082
6526,1.1717990370622525e-05,0.0010129278605917513
6527,2.1991437218578843e-05,0.0010488758772963613
6528,4.579125940532928e-05,0.0011550477979976068
6529,6.696050404570996e-05,0.0011991260208438818
6530,9.443811116701302e-05,0.0010677564350198808
6531,9.019784823370477e-05,0.0009918000027042352
6532,6.994580283693115e-05,0.001018161379102449
6533,7.638586321263574e-05,0.0013000657034883878
6534,4.2378361225322196e-05,0.0010283692104202937
6535,4.621763158259758e-05,0.0012591669141630254
6536,4.180567884759512e-05,0.0010640526325148567
6537,3.967077791457996e-05,0.0010732362059670993
6538,1.8824978239232828e-05,0.0009921179059067902
6539,1.3396913891483564e-05,0.0010559419252521057
6540,1.202165249196696e-05,0.001160655983294705
6541,1.8763218637711058e-05,0.0013172510483368176
6542,2.5868551529129035e-05,0.0009688080819442825
6543,2.416978628995518e-05,0.0010239094547106055
6544,1.6506149646981307e-05,0.0009964464523822187
6545,2.449816723431771e-05,0.0010881051613663242
6546,1.90358735077704e-05,0.0010139545882725722
6547,1.1326373532938306e-05,0.0010870488169859712
6548,1.3814745519387847e-05,0.0009580838560918713
6549,1.9740688609696615e-05,0.0009705777723235848
6550,2.884007432536843e-05,0.0009202388897593184
6551,1.6008428368271173e-05,0.001047205861921855
6552,6.540354297612793e-06,0.001271723441442284
6553,1.0943948169976163e-05,0.0012252025029394688
6554,8.088569059812773e-06,0.0010769831770151032
6555,3.799843458788625e-06,0.0010527709588833798
6556,3.273410008356829e-06,0.0009904297180547137
6557,5.002281750421389e-06,0.001062686325923547
6558,3.545014684884033e-06,0.0010392908318569577
6559,4.061480831296649e-06,0.001025304050225119
6560,1.0298695391005216e-05,0.0010299543927122993
6561,2.0599578904996938e-05,0.0009525449234739268
6562,2.0811330614378676e-05,0.0010067198886609394
6563,2.5174688213761936e-05,0.0011831766661755212
6564,2.234200304277086e-05,0.0009629987220336705
6565,2.568294354811466e-05,0.0011625406089400155
6566,5.3100873386332145e-05,0.0010791640012803685
6567,6.458723510149866e-05,0.0010871228023604526
6568,4.5376141012335815e-05,0.0011661116448121044
6569,7.964243219854931e-05,0.0013162849377474095
6570,6.220895690300192e-05,0.0010742263233208457
6571,6.526366681403791e-05,0.001524391855886866
6572,8.881288425376018e-05,0.0024879619985173538
6573,0.00011582768735631058,0.001342734153516312
6574,9.606440726201981e-05,0.0010839542600887234
6575,0.00012107136644772254,0.002495269723764555
6576,0.00015656264634647716,0.0027402798923861793
6577,0.00015533717669313774,0.0012233164968101058
6578,0.00019448873548147578,0.002086085210532302
6579,0.00016152042711231235,0.001590518246947487
6580,0.00010952895633333052,0.0011209227721294844
6581,5.9067051430853705e-05,0.0013575407109905299
6582,6.659647915512324e-05,0.0009194598622587106
6583,0.00010835855597785364,0.0016663400387560113
6584,8.409787308967982e-05,0.002408591740742678
6585,9.292822869610973e-05,0.0014528918472360673
6586,9.881173318717628e-05,0.0011200512464682563
6587,0.00015502236540972567,0.0014354786239784416
6588,0.00013040284587380788,0.0010870710211461337
6589,9.063557226909324e-05,0.0010288992367765506
6590,8.321784680447309e-05,0.001162094830381354
6591,4.1140489823495345e-05,0.0016244171612610028
6592,3.893516235014734e-05,0.0011607026273392023
6593,4.740646048351967e-05,0.0014638720725582341
6594,5.1972255217454703e-05,0.0013227368417144643
6595,8.21446306266201e-05,0.001169240447292911
6596,6.579882513809328e-05,0.0009536808051854577
6597,5.322233870780716e-05,0.0013145426852907251
6598,6.207060505403206e-05,0.0011116223953807302
6599,6.392076126455019e-05,0.0012218550174849063
6600,5.350357423594687e-05,0.00115721542195703
6601,3.383546378851558e-05,0.0014737701120485706
6602,4.2433643223679e-05,0.0010153879173187995
6603,3.566436741190652e-05,0.0009993929159277538
6604,5.2083490785056105e-05,0.0010373814019565214
6605,7.87055212034223e-05,0.0010320069305012076
6606,6.0154909806442444e-05,0.0010835304246724063
6607,4.132346700013538e-05,0.0012211260985304404
6608,2.4666441095178016e-05,0.0011265502709118047
6609,1.7365401981805916e-05,0.0010265973589097068
6610,1.550968324105876e-05,0.001079312896018657
6611,1.4948536772863008e-05,0.0010207661592097235
6612,1.0823192496900447e-05,0.0011040870903250505
6613,1.1829282266262453e-05,0.001143686067290956
6614,7.083541762161379e-06,0.0011682556158364348
6615,9.371161104354541e-06,0.0010885877070002492
6616,6.345621780686391e-06,0.0011758868111385488
6617,9.180852369657563e-06,0.0010789660553587235
6618,1.0688022666727192e-05,0.0010228854215403242
6619,1.2353562851785682e-05,0.0010587513569639776
6620,9.221756651337879e-06,0.0009955863940885189
6621,6.860664628523712e-06,0.0010693972035655825
6622,6.13152487858315e-06,0.0010423589947882775
6623,5.262138044296686e-06,0.0010084358307965629
6624,7.38013804948423e-06,0.0010032067943903376
6625,6.367094526164389e-06,0.0010634746698581974
6626,5.770915413449984e-06,0.0010527303904353633
6627,5.934842162484226e-06,0.0009924614202509831
6628,6.389962375881927e-06,0.0010337450772553213
6629,5.643924608496794e-06,0.0010376198759933157
6630,5.921363663219381e-06,0.0010306488114819811
6631,5.716454325011e-06,0.0010140956934966792
6632,6.890664978224474e-06,0.0010665522784720667
6633,7.144715952260109e-06,0.0009850459173321724
6634,6.502718103244358e-06,0.0010154863203487058
6635,8.130636706482619e-06,0.0010482930256545133
6636,6.4320608847386515e-06,0.0010343003787987638
6637,9.337862623700251e-06,0.0010893038317275152
6638,9.973737542168238e-06,0.0010985273690930911
6639,1.7003065295284614e-05,0.0010289417386813984
6640,1.074303406009373e-05,0.0009899047468275594
6641,1.04035373624356e-05,0.0009849301388571551
6642,8.339227618610796e-06,0.0010839299542653397
6643,1.1154987745006413e-05,0.0010323363718829726
6644,9.623478945286479e-06,0.0010814315274607126
6645,8.139781130012125e-06,0.001055755155659684
6646,8.444472132396186e-06,0.0010620767578819958
6647,1.2045369173089663e-05,0.0009969815567839803
6648,1.9068473314594787e-05,0.0010828414480898558
6649,2.1184177391357177e-05,0.001010700195888424
6650,3.556919473339804e-05,0.0014013424662389154
6651,7.312294280078882e-05,0.001114967115971399
6652,9.17521664329494e-05,0.001644103104930635
6653,0.00020613315088363986,0.001452732177893081
6654,0.0004173613839763372,0.0024931247943762954
6655,0.0005029224261913138,0.0013663372282474119
6656,0.000478563461607943,0.0014405741097816215
6657,0.0006498028727946803,0.00111471536165052
6658,0.0005593252445881565,0.0011418723477431992
6659,0.0005293835342551271,0.0025662607183371943
6660,0.0005466365003182242,0.0023141880437189083
6661,0.0002520205588856091,0.0028309716575405024
6662,0.000460278873409455,0.0014984511190981376
6663,0.0003086500461601342,0.0014347787433135228
6664,5.4960980681547276e-05,0.0016143145938000577
6665,6.455859256675467e-05,0.001718074391324689
6666,2.6809457752581998e-05,0.0017916204895472199
6667,2.1210153560483982e-05,0.0013602420442011647
6668,1.351178507320583e-05,0.0012881364920873223
6669,1.4822751594086487e-05,0.0012991696918808568
6670,1.4978150011302204e-05,0.0011402354694858897
6671,1.9276620696473402e-05,0.0011830987531589125
6672,1.6475236710296787e-05,0.0011107500282292232
6673,1.0849841176726234e-05,0.0011497096229146609
6674,1.0637682498781941e-05,0.0011429739813503669
6675,7.2717371343363386e-06,0.0011708212940308347
6676,5.726428844354814e-06,0.0011968076220845553
6677,4.5209632541324636e-06,0.0012039297739755157
6678,3.4755248634610325e-06,0.0011872079935636166
6679,3.7290780407298976e-06,0.0011990380828180826
6680,5.342590611689957e-06,0.0011690923679202032
6681,5.95625697314972e-06,0.0012449013622932313
6682,5.014810570476887e-06,0.0012461148526915532
6683,5.605495728862782e-06,0.0012340159710005336
6684,4.107238358604566e-06,0.001205520580640048
6685,4.058399160082141e-06,0.0012570412996349724
6686,3.848115011351183e-06,0.0011917665320279912
6687,4.01148539215986e-06,0.001176301278100591
6688,4.312295004638145e-06,0.0011447322262473053
6689,4.924913143137625e-06,0.0011577167998317365
6690,4.42123133931697e-06,0.0011328537870513818
6691,4.035400843349635e-06,0.0011259114977493002
6692,4.132521614034582e-06,0.0011825951409350172
6693,3.0647049243270887e-06,0.0011803440948559602
6694,2.9576005545095542e-06,0.00114746674974119
6695,2.704377402551472e-06,0.0011760668611835953
6696,3.3228451532825905e-06,0.0011982463266311844
6697,2.262015095766401e-06,0.0011556758059511386
6698,2.9164651702255166e-06,0.001158183346608815
6699,2.9483358048310038e-06,0.001167718923328019
6700,2.694013316310399e-06,0.0011446159823401648
6701,2.9023416573181748e-06,0.001124122121378662
6702,3.4921584604793074e-06,0.001108685715534673
6703,3.060286902230776e-06,0.0011199696317652432
6704,3.3697827954407937e-06,0.0011394866118867566
6705,3.8265029312848735e-06,0.0011404131875578753
6706,3.97291375217416e-06,0.0011492578118423543
6707,6.547192545743504e-06,0.0011315187136825965
6708,4.2955931348842565e-06,0.001139999536419742
6709,4.304645017327857e-06,0.0011038991061633262
6710,3.7487448025785852e-06,0.0011351652847654296
6711,5.036083227120495e-06,0.0011112312593783333
6712,3.6419359427479017e-06,0.0011039455577100473
6713,3.2424765474085384e-06,0.0011710148193785465
6714,3.921325787814567e-06,0.0011449712686108675
6715,5.181393741319577e-06,0.0011190745482719906
6716,5.540352897999886e-06,0.0011220544605977892
6717,5.276027968648122e-06,0.001095918291816708
6718,5.950633385509718e-06,0.0011008355233040968
6719,4.2774373469001145e-06,0.0011348959010857062
6720,4.288197609033281e-06,0.0011418497022131356
6721,2.553258718762663e-06,0.001089292289194189
6722,4.3689469748642296e-06,0.0011051051491893476
6723,3.938331777438482e-06,0.0010728520656547208
6724,5.803617932542693e-06,0.001045051555141924
6725,5.3687851201781695e-06,0.0011397165358139891
6726,6.7799765020026825e-06,0.0011133233724183983
6727,3.5071492675342596e-06,0.0010722914291729079
6728,3.4546359529485925e-06,0.0010896270093691395
6729,3.4795348256011494e-06,0.001098431574408053
6730,2.692096647175883e-06,0.0010757495916822529
6731,3.4790958428250938e-06,0.0010772211936405148
6732,2.9532862148092438e-06,0.0011198755516853974
6733,3.54160943061288e-06,0.0011351676176551465
6734,3.7553883582101357e-06,0.0011067580533448578
6735,3.0357296964211856e-06,0.0010894647236605445
6736,3.0244227370227843e-06,0.0010917103518438562
6737,2.582727514284973e-06,0.0010575454042285799
6738,3.4112671528419013e-06,0.0010417951830098127
6739,4.572318327215423e-06,0.0010699176240536407
6740,3.6848570895623805e-06,0.001065680623333168
6741,3.370141636575378e-06,0.0010588650731919846
6742,4.915115641779266e-06,0.0010731491511394306
6743,3.9379870031552855e-06,0.0011201579706728692
6744,4.438584740758718e-06,0.0010926290529809422
6745,3.3037757020792922e-06,0.0010562780199528444
6746,2.893206601584097e-06,0.001058468774811724
6747,2.798146852001082e-06,0.001042442079120147
6748,3.88488451790181e-06,0.0010310836685418086
6749,4.129064048659833e-06,0.0010383159658270264
6750,3.4358199172856986e-06,0.0010563113184015112
6751,2.9001991606492085e-06,0.0010680138778792123
6752,3.3769948155774426e-06,0.0010624680921112694
6753,3.103589718496854e-06,0.0010693440260548936
6754,2.063214136190557e-06,0.0010784079561809328
6755,2.9303152208134026e-06,0.001046991239276194
6756,3.241218928451417e-06,0.00104531106735235
6757,2.7289600287379773e-06,0.0010560533177569568
6758,2.532900665149403e-06,0.00104773610483811
6759,2.723385849397649e-06,0.0010522093663292782
6760,4.4433459455224995e-06,0.001092286244232765
6761,2.708983417202641e-06,0.0010605383896741898
6762,4.445224294613581e-06,0.001057964217973741
6763,2.831734855135437e-06,0.001072472670870855
6764,3.8526965302783845e-06,0.0010507614869719709
6765,3.5808267966785936e-06,0.0010465347115500411
6766,5.317502230658041e-06,0.0010783161278667412
6767,4.620810341293691e-06,0.001090638376185744
6768,4.108311501719678e-06,0.0010620628572509104
6769,3.984514228250191e-06,0.0010255724207707132
6770,3.4172296485242745e-06,0.0010615663477366306
6771,3.539218475149634e-06,0.0010585713972095546
6772,3.7695954536805704e-06,0.0010226520088200612
6773,3.5846869650413282e-06,0.0010459765124567382
6774,3.35698684163314e-06,0.001059104661882569
6775,2.8165080796801097e-06,0.0010292689092768958
6776,4.16510001741699e-06,0.001062084367044094
6777,5.664524966656851e-06,0.0010305023449656413
6778,5.585097521058439e-06,0.0010397303585920072
6779,7.038250926901431e-06,0.0010898491660111004
6780,1.127354823135344e-05,0.0011226974210452553
6781,1.072669565473916e-05,0.0010999287703206513
6782,8.911533283632404e-06,0.0010141256477548116
6783,1.1160267664915106e-05,0.001091176757174654
6784,1.6501408875531828e-05,0.0010271624727981297
6785,1.958302867327196e-05,0.0010268863285506716
6786,1.889487369529282e-05,0.0011736997247372908
6787,1.2528673081154313e-05,0.0010905948267721636
6788,1.1202394125575665e-05,0.001058544555686297
6789,9.065142588345528e-06,0.0010103434273848442
6790,9.897729675382531e-06,0.0011403141625768204
6791,1.0084005104242048e-05,0.0010224455396010445
6792,1.066053033961604e-05,0.0010968231166140947
6793,1.1539857769093943e-05,0.0010374788986427313
6794,1.5461516704817767e-05,0.0011123286337430375
6795,2.5127248712427293e-05,0.0010365007310467736
6796,1.596836773387622e-05,0.0010745174234996983
6797,1.0965781135989043e-05,0.0011304941749764885
6798,8.079237341007684e-06,0.0010776243110253352
6799,6.6445130869396966e-06,0.0010635442775124172
6800,7.503507246534961e-06,0.0010783053413455147
6801,8.87526330188848e-06,0.0010854392101636201
6802,7.217783543940944e-06,0.001111410066437739
6803,6.543318401478852e-06,0.000969844246943166
6804,6.6151341343356765e-06,0.0009645215539522029
6805,4.740639921389326e-06,0.0009799037400475433
6806,5.407325155222983e-06,0.001004750891698627
6807,4.126783096580766e-06,0.0010487596622638874
6808,3.0555510420526843e-06,0.001051242080586779
6809,3.183433151813612e-06,0.00100970925537752
6810,2.983124477395904e-06,0.0009953141444835694
6811,2.459915428213814e-06,0.0009780674700727906
6812,2.753158742052619e-06,0.0009583239074646107
6813,2.6358851149173765e-06,0.0009999985308899713
6814,2.6040500415547284e-06,0.0009959246335353145
6815,3.58661673089955e-06,0.0010096818980060546
6816,2.9091108444845306e-06,0.0010278772117705709
6817,3.3887794415932148e-06,0.000996841574692732
6818,2.6850173753700803e-06,0.0010215825273831353
6819,2.6482912896123406e-06,0.0010192886088410114
6820,2.6911250643024685e-06,0.0010039846400920977
6821,2.833000417012954e-06,0.0010068959065650655
6822,3.5629726577705394e-06,0.0009971090787691689
6823,3.7256378467039515e-06,0.0009856079597352439
6824,3.280076847052745e-06,0.0010047933046878352
6825,4.6427144601087395e-06,0.0010264878971117189
6826,3.7351940742761752e-06,0.0010087471563042707
6827,3.0819134735793343e-06,0.0010075750721776197
6828,2.4210650432602656e-06,0.0009891762710763068
6829,2.7799711157664814e-06,0.0009734615322393109
6830,2.975012542568341e-06,0.0009890654931893558
6831,4.564808114082552e-06,0.0010033292383300214
6832,3.602542043760574e-06,0.0010024114829528432
6833,4.260354353391449e-06,0.001007997295654225
6834,5.6323026607666785e-06,0.0009260391738581083
6835,7.745228018999721e-06,0.0009342551054469654
6836,6.8167353068323186e-06,0.0010236905579268198
6837,8.256724080032048e-06,0.0010066236878972588
6838,6.826045137131587e-06,0.0009850284777211363
6839,5.392503877980441e-06,0.0010096364414895055
6840,4.485931246260103e-06,0.0010557532522233394
6841,5.761352743623623e-06,0.0009727132725291043
6842,3.6847534223246233e-06,0.0009907235209940103
6843,4.299617436724171e-06,0.0010011468202290015
6844,7.93038567887076e-06,0.0010061532127905609
6845,5.139223473330882e-06,0.0010397662766145792
6846,5.722082278225571e-06,0.0010868095697497758
6847,5.463280316083304e-06,0.0010025414480556419
6848,5.99873210376245e-06,0.0009723333607512108
6849,5.280244946940608e-06,0.0009316356415405694
6850,3.70406310139515e-06,0.0009496094096144001
6851,3.3320538629292667e-06,0.0009868044821420817
6852,3.5544878907482294e-06,0.0010418243805683533
6853,4.6162116935496066e-06,0.0010053650712077396
6854,3.2387156049177673e-06,0.0009943000526776112
6855,2.880233296309598e-06,0.0009885134906911356
6856,3.4644304529744358e-06,0.0009828704364843461
6857,3.6764629082123672e-06,0.00096728607845368
6858,3.5647926476182572e-06,0.0009684630611904082
6859,3.038647279633248e-06,0.0009907389382325757
6860,2.9052722614627176e-06,0.0009982152828235385
6861,3.1823888699970365e-06,0.0010220749305073524
6862,3.6706611657185324e-06,0.0009802823128200716
6863,3.2545332639225912e-06,0.000996303195995462
6864,5.562433276888138e-06,0.0009717217827120458
6865,5.567996837877824e-06,0.0009680752815242387
6866,3.862713644290731e-06,0.0009796268505586942
6867,4.6907854387730674e-06,0.0010287498587313452
6868,7.568231497619611e-06,0.0009889326619321672
6869,6.557256529049482e-06,0.0009709876195681612
6870,5.084135348928006e-06,0.0009337019190874215
6871,6.230720130891617e-06,0.0010172694577289174
6872,7.25128484191373e-06,0.0010507446273750676
6873,5.107725913452062e-06,0.0010334782446294612
6874,6.5762725474390516e-06,0.0010689532752772132
6875,4.454228655959014e-06,0.0010256340069967637
6876,5.324502065680766e-06,0.0010260910013008598
6877,5.4653154923774615e-06,0.001017713556744481
6878,5.937762368072678e-06,0.0009753719065246708
6879,5.4914196880417874e-06,0.0009621343693208301
6880,6.0104842608173685e-06,0.0010172256154437206
6881,4.4865591765604526e-06,0.0009654275424444799
6882,4.257580030753161e-06,0.0009917244278481157
6883,3.902531246543125e-06,0.0010129759043700788
6884,5.201281298165365e-06,0.0009750944849169688
6885,8.7228327174671e-06,0.0010640409245251084
6886,1.5047292254166678e-05,0.0010789804596923233
6887,1.6840468985416614e-05,0.0010275817084342506
6888,1.7011890546806776e-05,0.0010566349614752589
6889,9.961330639877512e-06,0.0012885062243994765
6890,1.2958482451116045e-05,0.0009929788710025147
6891,9.045331050098563e-06,0.0009562128508100506
6892,7.663651134256118e-06,0.0010020426562968934
6893,6.541236204308613e-06,0.0009731227402780645
6894,7.569934496132191e-06,0.0009118913666906173
6895,4.132615352621846e-06,0.0009803837121695308
6896,3.6224174133773585e-06,0.0009431100020086114
6897,3.253187545245358e-06,0.0009860736941258738
6898,3.4337002034590112e-06,0.000993512194112354
6899,5.706630994003111e-06,0.0009755107253793568
6900,5.132295397440127e-06,0.0009299458399154686
6901,5.294647341240003e-06,0.0009875154834493671
6902,8.458063045206169e-06,0.0009739254660882408
6903,5.65644983604822e-06,0.0009616845377673226
6904,5.583227903116494e-06,0.0010132757677810311
6905,4.6291173930512745e-06,0.0009599838616220119
6906,5.1183599680371115e-06,0.0009102456333064364
6907,7.17956863809377e-06,0.000961185281034779
6908,4.581757881775653e-06,0.0009596913626259853
6909,4.266087717041955e-06,0.0009671028492161931
6910,3.6953800796860984e-06,0.0010073461093642844
6911,5.039738546959901e-06,0.0009362782107842132
6912,5.330975303271164e-06,0.0009511899144396069
6913,6.8585860086993e-06,0.0009343064947908114
6914,8.205717964907914e-06,0.0009853913850704664
6915,9.99721595083732e-06,0.0009702419345157118
6916,1.0060911760471451e-05,0.0010253781018280022
6917,1.1585049226899477e-05,0.0009460165682129606
6918,9.552638509073101e-06,0.0009605813440115111
6919,5.907825046354749e-06,0.0009198176277403566
6920,7.697184931506248e-06,0.0009368051175306749
6921,4.527129643368729e-06,0.0009680464180868383
6922,3.817666947725229e-06,0.0009896366939032963
6923,5.135422725288663e-06,0.0009841670339017755
6924,5.666456612137457e-06,0.00103916971844357
6925,4.569305140951959e-06,0.0009784757573978874
6926,9.748783850227482e-06,0.0009561242110840243
6927,9.363818268563288e-06,0.0009660890450110791
6928,8.295900928108798e-06,0.0009948870748754473
6929,8.575158850968971e-06,0.0009637842634069462
6930,7.683852102976136e-06,0.0009462800968665718
6931,1.2038188409254265e-05,0.0008648333179133791
6932,7.644441302545601e-06,0.0009112010226863635
6933,9.548279437391709e-06,0.0010582578421651026
6934,1.0527487938816194e-05,0.0010400951737317983
6935,8.664263683992127e-06,0.0009910014206378566
6936,9.555461171354787e-06,0.0009689100774639382
6937,5.134744515089551e-06,0.0009908421640192693
6938,4.7705222944690226e-06,0.0009527500931037898
6939,6.409010105320098e-06,0.0009722495348445749
6940,4.968387656845152e-06,0.0009718939062028272
6941,5.435759976535337e-06,0.0009620788855034506
6942,5.8071911704852635e-06,0.000972839091367301
6943,5.232535022514639e-06,0.0009730540373633931
6944,7.558761414353891e-06,0.0009310310057962064
6945,6.974226562306285e-06,0.0009402734863179494
6946,4.940761133790753e-06,0.0009270697123074068
6947,3.8260263409028996e-06,0.0009543442962082528
6948,3.437969250323173e-06,0.0009682077834727316
6949,4.288425376823094e-06,0.0009595781393297838
6950,5.449700741640602e-06,0.0009875514193467326
6951,5.241828057478415e-06,0.0009696646236015235
6952,5.462183419998231e-06,0.0009683799828168034
6953,6.965675068689355e-06,0.0009505155360634167
6954,8.412167881033384e-06,0.0009551668852681338
6955,8.339825217262842e-06,0.0009503078607541662
6956,8.421943433252939e-06,0.0009171949093611397
6957,6.635430994113752e-06,0.000956966746809313
6958,8.007774401145677e-06,0.0009893146840815146
6959,7.4977999853823954e-06,0.000999264647555354
6960,1.1114183386477332e-05,0.0009734124464521874
6961,9.073741360528705e-06,0.0009589310773046995
6962,6.542503206219407e-06,0.0009770113149819178
6963,6.05042593330533e-06,0.000937956130713239
6964,4.997742386573615e-06,0.0009664837642220824
6965,3.236730632731148e-06,0.0009930484103658566
6966,6.170282419285892e-06,0.001036326509559395
6967,4.864347041196501e-06,0.0009476533232946095
6968,4.170190550212283e-06,0.0009626287586096029
6969,6.918112558196299e-06,0.0009497488504202347
6970,8.122099340350056e-06,0.000963496319274968
6971,7.634797051044491e-06,0.0010181903599864092
6972,3.872679159636997e-06,0.0009553317513635866
6973,4.53664367038679e-06,0.0009415293266853743
6974,4.130955251942699e-06,0.0009582051127327709
6975,4.810264636034845e-06,0.0009349334013820662
6976,5.808127328540043e-06,0.0009415476483487209
6977,7.116986550196695e-06,0.0009802508825164904
6978,8.887814571304868e-06,0.0009039805805141942
6979,1.0194881178904325e-05,0.000995182833500485
6980,5.767413525366768e-06,0.0010058407336711796
6981,6.0994031628069935e-06,0.0009916060009245269
6982,6.485012272605673e-06,0.0010055934993814179
6983,1.0254750729169851e-05,0.001029372404102148
6984,9.422789025848033e-06,0.0009545318706247105
6985,6.489317699257905e-06,0.0009383283696214367
6986,4.09704192255352e-06,0.000925447447839611
6987,4.3088781694677895e-06,0.0009453354385501785
6988,2.08141636903747e-06,0.0010079650314227773
6989,3.4380057362189593e-06,0.001003614345869768
6990,3.5197446474436824e-06,0.0009670462275994575
6991,3.379288015518493e-06,0.0009655223068080872
6992,3.518273600396545e-06,0.0009590504573214447
6993,4.410741712490562e-06,0.0010193417391439123
6994,9.707329142353653e-06,0.0009789730295700235
6995,5.979903744446347e-06,0.0009655797401237793
6996,5.670921018463559e-06,0.0010195293646639463
6997,5.36092638867558e-06,0.0009983210598932593
6998,6.714490852270198e-06,0.0009626196236734637
6999,5.693156284299524e-06,0.0009291118533830855
7000,6.938428850844503e-06,0.0009509250906655403
7001,7.94088803862299e-06,0.0009183880981189881
7002,5.0175068736280085e-06,0.0010101043126054519
7003,5.871805600084675e-06,0.0009687779492819609
7004,9.13474341359688e-06,0.0010125169566718817
7005,2.687417775935804e-05,0.0009944373857473778
7006,4.6854128352909656e-05,0.0011658857704422577
7007,4.712349740051044e-05,0.0010514138622794256
7008,5.5694504893229654e-05,0.0011864188067637032
7009,8.387019721946368e-05,0.0014698850293460442
7010,5.680704489350319e-05,0.001145852669178853
7011,4.105503830942325e-05,0.0010976240425700629
7012,4.9953177040151786e-05,0.001284735139796701
7013,6.770927284378558e-05,0.0008729359047491044
7014,7.643880162504502e-05,0.0009542691346494422
7015,6.986482427843536e-05,0.0008878661875336203
7016,7.1427532141873e-05,0.0009506593905682639
7017,0.00010392401284965065,0.000905564106637832
7018,6.545029439924595e-05,0.0010145278608584116
7019,3.0866666080934616e-05,0.001166182673512408
7020,4.019296296367732e-05,0.0012302227331120082
7021,2.953151415567845e-05,0.0009491724220166848
7022,1.6425828168091054e-05,0.0008884659756569001
7023,3.4516832480827965e-05,0.0008492695967901469
7024,4.598019489397605e-05,0.001103350963016356
7025,6.649637264975657e-05,0.0010199753331995797
7026,7.173350119652848e-05,0.0012337640670355497
7027,6.668686498111735e-05,0.001138146818884993
7028,5.699303583241999e-05,0.0011643987326831447
7029,6.712530012009665e-05,0.0015696080678369937
7030,7.283146818129657e-05,0.001147372808305576
7031,3.787212335737422e-05,0.0011903049142877242
7032,3.638688989061241e-05,0.0010004886629987567
7033,4.020360162636886e-05,0.000898145746272864
7034,2.6420604050751233e-05,0.00111537742131485
7035,1.3768520905917589e-05,0.0010830998990417084
7036,2.304352189336593e-05,0.0010639482389083205
7037,2.8722710461200525e-05,0.0012074464246425338
7038,3.419107136627038e-05,0.001042861852145893
7039,2.653877636475954e-05,0.0009646862502371173
7040,1.7778937884334785e-05,0.0012126288016502723
7041,1.9052507923333906e-05,0.001000640196560728
7042,9.180962782314358e-06,0.0009552667326042722
7043,8.632971730548889e-06,0.0008863122393807953
7044,6.329858388198773e-06,0.0008903870881098784
7045,6.028615886558934e-06,0.0009489534688585504
7046,3.516184127268692e-06,0.0010682748521560817
7047,6.000848346351025e-06,0.001070696194601194
7048,5.769718973169801e-06,0.001039542719092968
7049,5.6948074719305925e-06,0.0010098920918278778
7050,8.547909480209152e-06,0.000938853103434667
7051,6.755468378590497e-06,0.0009506216392335372
7052,7.266524456402598e-06,0.0009775722865015268
7053,8.103347317955922e-06,0.0009847377043301752
7054,4.608769480303939e-06,0.001004773886474656
7055,3.787402086648702e-06,0.0010261075845259557
7056,3.991331080518042e-06,0.0010030324118006535
7057,4.038487228778346e-06,0.0009456480327098975
7058,4.223007575395362e-06,0.0009546510682268963
7059,3.2009592511409815e-06,0.00098515795562123
7060,2.9949213664319056e-06,0.0009922454091005292
7061,2.376558707813577e-06,0.000993390887742862
7062,3.586405303697878e-06,0.0009600146887658942
7063,3.2809994081617333e-06,0.0009501371023934481
7064,2.6924088767070013e-06,0.0009327249967687448
7065,2.8424632394793055e-06,0.0009530453659011065
7066,2.877172846638132e-06,0.0009724118730317303
7067,3.2693675772558586e-06,0.0009903135474800594
7068,3.060972206488562e-06,0.0009987903470136813
7069,3.0345442307104045e-06,0.0009758198454125425
7070,3.1848654240699642e-06,0.00098789029403619
7071,3.1744144507683814e-06,0.000966684853586581
7072,5.39439382312897e-06,0.0009783439692953146
7073,4.208121724028994e-06,0.0009822814423301235
7074,3.120986366411671e-06,0.0009860307581843735
7075,3.1207736052844363e-06,0.0009646612067347554
7076,3.7147120868515533e-06,0.0009643532572713806
7077,3.4538279881720275e-06,0.0009545464548520655
7078,4.83537314721616e-06,0.0010004732033648477
7079,5.711784918579118e-06,0.0009777860912608028
7080,9.381480170607877e-06,0.0010319105931557715
7081,1.532201664910341e-05,0.0010524093586856162
7082,1.3599015680180553e-05,0.0010156416940121493
7083,1.1425523795575525e-05,0.0009346042801424363
7084,1.161613254225813e-05,0.0009336524480755815
7085,1.4707657101098448e-05,0.0009561102210789714
7086,1.891207454415659e-05,0.0010291858943817242
7087,1.4990724957897328e-05,0.0009713739135639933
7088,2.2491675917990505e-05,0.0011009053268935531
7089,1.9703924711696647e-05,0.0010068164386705855
7090,3.9477380535875754e-05,0.0012317359672976644
7091,6.452602756326086e-05,0.0009707837327984785
7092,2.011707826265289e-05,0.0010852654039214447
7093,2.783692276958997e-05,0.0009699449494048425
7094,2.6234509277855977e-05,0.0011834795618847775
7095,3.526197967100112e-05,0.0011341813818815597
7096,0.00010124447095828751,0.0011652057910682707
7097,8.107970643322915e-05,0.001227425891098449
7098,9.954361642788475e-05,0.001653099081508346
7099,0.00017509988392703236,0.0010980014652829603
7100,0.00023330426950754675,0.0018983913528710955
7101,0.0005654340076337879,0.002581440096567055
7102,0.0013744161241144562,0.004493950708497931
7103,0.0028643708520879347,0.0016725764217544493
7104,0.001462638316055139,0.0015582645052537967
7105,0.0008561338763684034,0.0029679792667335766
7106,0.0008246884836504857,0.0027639269443800836
7107,0.0003226056753192097,0.002033007376108641
7108,0.0005289801551649968,0.0013054785328755873
7109,0.0003189422985694061,0.0014336383030713192
7110,0.00020617479846502345,0.002140926156838344
7111,0.0002791822140958781,0.0015263459626878575
7112,7.522578525822609e-05,0.0014070770652840046
7113,7.959473587106913e-05,0.0012924637568483906
7114,5.7482122065266596e-05,0.0015262893692582964
7115,6.536085905584817e-05,0.0017065510206936499
7116,2.4736080376897007e-05,0.0013251798594091822
7117,2.1828968844298894e-05,0.0012885070040154704
7118,2.366652782560171e-05,0.001544119792946387
7119,2.4763920373516156e-05,0.0013011404790724884
7120,2.7148363248367483e-05,0.0010817408053879077
7121,3.04842229525093e-05,0.0011985623066892892
7122,1.9337387008514877e-05,0.0012650676594137794
7123,1.449022183805937e-05,0.001154517406583067
7124,1.1121627054914522e-05,0.0012765383979444957
7125,1.2472481406196797e-05,0.001484759596513775
7126,1.4561888626000534e-05,0.0014181511263971723
7127,1.600154379654365e-05,0.0014399369439755485
7128,1.6627763397991657e-05,0.001297180195280358
7129,1.4481416777319585e-05,0.001291815567336331
7130,2.0446440369899695e-05,0.0011767484683096116
7131,2.060473076805162e-05,0.0012158105996855366
7132,2.0407505386780635e-05,0.0014186576989618695
7133,1.7834152761982598e-05,0.0013211178675836583
7134,1.4031634312535365e-05,0.0012425205314634587
7135,1.4380865710942695e-05,0.0012903221379635549
7136,1.2053762778426366e-05,0.0014716674524220073
7137,9.790679117334851e-06,0.0012765531359409078
7138,5.6735222339436104e-06,0.0012258524771809108
7139,4.454691073381886e-06,0.0011809044357161882
7140,3.873011337418575e-06,0.0011458575673306023
7141,4.809571813287524e-06,0.001156290302852418
7142,4.874503307898218e-06,0.001210595180892833
7143,4.23927846592657e-06,0.0012215180941270738
7144,3.4841031265386845e-06,0.0011964987172363838
7145,3.1728779504192063e-06,0.0012006777156269046
7146,2.873086911373927e-06,0.001168209179414539
7147,2.5817887035373134e-06,0.0011554863908892776
7148,2.542670487552338e-06,0.001179985212085138
7149,3.1114209681012046e-06,0.0011932410090780398
7150,2.3273484354528287e-06,0.0011703170603141189
7151,2.9940092038790073e-06,0.0011866949539902935
7152,3.193317115801619e-06,0.0012219446105332533
7153,2.8122602392007443e-06,0.0011824529217446121
7154,2.969839101751859e-06,0.001188312582928306
7155,3.566095225930136e-06,0.001192419584400541
7156,3.0127672289381736e-06,0.0011772063453535102
7157,2.921261996865117e-06,0.0011812125251987788
7158,2.7396523364586756e-06,0.0011643410488911795
7159,2.784520074783359e-06,0.001140771564334543
7160,3.2725445331986217e-06,0.0011498320290422815
7161,3.4441087943074913e-06,0.0011624382395392621
7162,3.628174408731866e-06,0.0011440656321145242
7163,3.683784416352864e-06,0.0011223941756317054
7164,2.9180801144927196e-06,0.00112777623699934
7165,3.8961969039519316e-06,0.001152909923652847
7166,2.881493446693639e-06,0.001152499900639468
7167,3.1069356433969612e-06,0.0011508010211400688
7168,3.589554732267667e-06,0.0011669683804566876
7169,2.9263991867386113e-06,0.0011654688768624145
7170,3.763679887924809e-06,0.0011293743219131266
7171,3.4605059227033053e-06,0.001087116456579593
7172,4.19609004893573e-06,0.0010990735815331984
7173,3.855100188350965e-06,0.001132435747880606
7174,4.38936943586062e-06,0.0011001993974443438
7175,4.084202979962963e-06,0.0011235334787620451
7176,4.424005010150722e-06,0.0011606610638610138
7177,3.264693744616428e-06,0.0011581748794566283
7178,3.4240133269728783e-06,0.0011241533197682556
7179,3.095686527861593e-06,0.0011230811231960286
7180,3.626031229941873e-06,0.0011260681693977493
7181,4.123962783827058e-06,0.0011192268126380197
7182,4.438088944880292e-06,0.0011212341588239852
7183,4.540381269180216e-06,0.0011642972785634847
7184,3.3872003465755065e-06,0.0011639450172578373
7185,3.1543774639430923e-06,0.0010989923222635791
7186,3.0012680933092875e-06,0.0010649526361596045
7187,3.0344978767971044e-06,0.0010897404253922814
7188,2.455501195678759e-06,0.0010997847118598269
7189,2.430377389828209e-06,0.0010884243020545838
7190,2.9465346718401027e-06,0.001109038271086921
7191,3.5230764297011774e-06,0.0011483807594324718
7192,5.866892509705697e-06,0.0011641046391638714
7193,6.500860187467575e-06,0.001106245134770137
7194,5.2207309636287395e-06,0.001127037746322114
7195,8.179768459134114e-06,0.0011010217594026816
7196,6.814182355204442e-06,0.0010619210363475707
7197,7.20902727759191e-06,0.0011137413144236298
7198,7.636229687098725e-06,0.0011571509819514462
7199,6.359785766107962e-06,0.0011327260313188936
7200,6.8656320763693655e-06,0.001081309571869554
7201,6.0079661731530605e-06,0.0011893674620339191
7202,1.0429073487709199e-05,0.0011186219145008546
7203,5.8563811156394275e-06,0.0011267810413709248
7204,4.8919933760771524e-06,0.0010579169716862008
7205,4.515582501577834e-06,0.0010511658762170984
7206,3.642284476275866e-06,0.0011036719844537222
7207,4.34655262324668e-06,0.001085317200031425
7208,4.529263363413823e-06,0.001092376091194845
7209,3.1834627103914196e-06,0.0011208357608429795
7210,3.975126583100064e-06,0.0010969841419205832
7211,2.815619730730153e-06,0.0010634760331549485
7212,3.105870503835225e-06,0.0010598482872088125
7213,3.159259479919759e-06,0.001070188641214494
7214,3.7731043145565008e-06,0.0010602070159814138
7215,2.7618022916916138e-06,0.0010571445386094137
7216,2.5449526068162717e-06,0.0010742079237417326
7217,3.6582714831941605e-06,0.0011080978044096057
7218,3.6742187148774976e-06,0.0011078195360408525
7219,5.1420861079047125e-06,0.0010830793570081785
7220,4.350730296209804e-06,0.001062805312465671
7221,4.40977070563046e-06,0.001052062831063733
7222,3.390990392896735e-06,0.0010554912460208907
7223,5.567725384025834e-06,0.0010783962610243696
7224,5.723768451086168e-06,0.0010486343599613902
7225,3.571352620686715e-06,0.0010630110550055823
7226,3.5508968570259943e-06,0.001104308545725112
7227,2.6900743705482453e-06,0.001082680749571259
7228,2.3451087145076597e-06,0.0010756829643061047
7229,2.3956886858892784e-06,0.001071591239136563
7230,3.5888863294530893e-06,0.001058980201528679
7231,2.969901106553152e-06,0.0010682744903060951
7232,3.432120047364151e-06,0.001087305598019615
7233,2.735505571157167e-06,0.001093909094443794
7234,4.837776305066654e-06,0.001088402387099414
7235,4.8390091554513974e-06,0.0010660309812024705
7236,5.454146715540749e-06,0.0010605426129379023
7237,6.5869779064087195e-06,0.0010635766932212813
7238,3.0779602184338726e-06,0.0010167107755578615
7239,3.83921321069162e-06,0.0010659244423915492
7240,4.218828295658265e-06,0.0010816207472748292
7241,3.0792589010767795e-06,0.001090510885366862
7242,3.7218897735632104e-06,0.0010639190851201076
7243,2.789907648548251e-06,0.0010676938347430444
7244,3.2719046582011895e-06,0.00106795634991878
7245,2.7669282947802762e-06,0.001044260444510068
7246,2.8349914070228502e-06,0.0010786196164233154
7247,2.6714677763569246e-06,0.0010928695551193077
7248,2.8701502439313725e-06,0.001079955201515356
7249,2.485101231286535e-06,0.0010743197530332044
7250,2.3681900529481936e-06,0.001058179435987524
7251,2.1790947509240747e-06,0.0010409082556931727
7252,2.552139297525476e-06,0.0010505111170309325
7253,2.145344266561248e-06,0.0010707535158556805
7254,3.084983715477089e-06,0.001072095607601722
7255,2.3191312114552906e-06,0.0010624927093685554
7256,4.040166402319301e-06,0.0010633204722645011
7257,5.317219923502611e-06,0.0010683778150916451
7258,4.369614483342351e-06,0.001040977278749979
7259,6.3625478408842655e-06,0.00102559688357145
7260,4.374211433362992e-06,0.0010372083411849008
7261,4.459086418743633e-06,0.00106107655685307
7262,4.727372288471088e-06,0.001108378037172333
7263,5.458208458245887e-06,0.0010823890077331522
7264,8.161995386520479e-06,0.0010895170954305414
7265,1.0201658733421937e-05,0.0010750542163819544
7266,6.10292563578696e-06,0.001064725687239671
7267,8.291619633382651e-06,0.0010686559620034684
7268,6.192743573289287e-06,0.0010250830547572443
7269,5.326380778569728e-06,0.001075058180461161
7270,5.147389704992141e-06,0.0010968030102213653
7271,7.090899089234881e-06,0.0010352209155396449
7272,6.678523762578455e-06,0.0010236453456991155
7273,7.406775330309756e-06,0.0009589758529749471
7274,9.88460172569224e-06,0.0010051028729658427
7275,9.83659623064644e-06,0.0011699536666787398
7276,1.396349956242678e-05,0.0010975010438242882
7277,7.385234312096145e-06,0.0011394498177701388
7278,7.148567541056158e-06,0.0011606133849118051
7279,5.363520358514506e-06,0.0010564027037416534
7280,4.571212745455947e-06,0.001013184403982307
7281,4.981576967111323e-06,0.0010037313524347649
7282,3.4378180619872484e-06,0.0010257696093052744
7283,3.614996800630858e-06,0.001058838658372131
7284,3.370144834965079e-06,0.0011018615236183203
7285,3.206068716584317e-06,0.0010763708184432883
7286,3.5174295286803194e-06,0.001051177102504078
7287,3.270360533254764e-06,0.0010143009043760657
7288,2.869811548104432e-06,0.0010042823628819452
7289,3.4083907242650943e-06,0.0010167652311162863
7290,3.4028724712698023e-06,0.0010368400351896032
7291,4.298269353360714e-06,0.0010201426987869915
7292,4.757612805406097e-06,0.0010211190206959374
7293,4.85628291547376e-06,0.0010571605860490324
7294,4.4998104082575685e-06,0.0010564260910756475
7295,3.247482603304282e-06,0.001050255439651206
7296,3.8045053467309724e-06,0.0010442434478730813
7297,3.595139727015824e-06,0.0010861508162347527
7298,3.6975660502018097e-06,0.0010593359640022138
7299,3.6569093936122953e-06,0.0010192997393374309
7300,3.880993729884115e-06,0.0010391749752370098
7301,4.810603165121089e-06,0.0010525250230369518
7302,5.1373707416739e-06,0.0010040843560026708
7303,4.720895140053471e-06,0.00100505092904507
7304,4.628173913564145e-06,0.0010018016642058547
7305,4.938338982659237e-06,0.0009939176989279277
7306,5.8999782595492435e-06,0.0010290425211213177
7307,7.311708516984557e-06,0.0010421442383108295
7308,6.250182013900485e-06,0.001015658345528123
7309,7.922523400338832e-06,0.0010498571333358078
7310,7.984082185430452e-06,0.0010595516701353582
7311,3.8133473329556486e-06,0.0010397925090198734
7312,3.978090232218771e-06,0.0010708210298674195
7313,4.7527131755487065e-06,0.0010518757191002662
7314,4.416043005524747e-06,0.0010186705060438877
7315,3.9756397654855394e-06,0.0010102346830994009
7316,6.93617530487245e-06,0.0010177752366986154
7317,5.834275483114955e-06,0.0010655820566801515
7318,4.8078132598069106e-06,0.0010170287103850512
7319,3.549404815809491e-06,0.0009755126657111086
7320,2.715592351402544e-06,0.0009527329110731115
7321,4.5286609444398584e-06,0.0009567282349604556
7322,4.0088828427542465e-06,0.00101261658847926
7323,4.6856096560077274e-06,0.0010312906769837627
7324,4.141440210029638e-06,0.0010619831228386757
7325,5.098731495915369e-06,0.0009902993594772937
7326,5.128839802637231e-06,0.0009661658885192097
7327,5.20979992870707e-06,0.001041769383266187
7328,6.3924062487785704e-06,0.0010658852560317335
7329,6.179118160313616e-06,0.0010983399958826425
7330,1.0299235509592108e-05,0.0010847137465442376
7331,8.275141954072752e-06,0.0009973809536909465
7332,5.409653355551806e-06,0.0009958672103028393
7333,5.572110724945863e-06,0.0010332437330677255
7334,3.6864037156192353e-06,0.0010199292632109508
7335,4.8109876236897735e-06,0.0010552600270877848
7336,4.235930524979873e-06,0.0010211111358495238
7337,3.658694367913995e-06,0.000964013658423622
7338,4.627017430417861e-06,0.0009993070124201184
7339,3.880991971527692e-06,0.0010605111012810943
7340,5.168031566427089e-06,0.0010435842731545907
7341,3.9982575799513144e-06,0.001056752374348062
7342,2.584426905135236e-06,0.0010577654482074464
7343,3.1841326593469906e-06,0.0010080649962054757
7344,3.134234278453126e-06,0.0009990601590009567
7345,2.491700782532765e-06,0.0010014441676481855
7346,3.195748649886809e-06,0.0010093558280853422
7347,3.4395538477838274e-06,0.0010380793798725875
7348,3.128505371326658e-06,0.0010262906450987245
7349,4.032715423818445e-06,0.0010399094319400034
7350,3.5829494512048163e-06,0.001013148260233176
7351,3.7332342193015694e-06,0.0009916596837418784
7352,2.4744420443312263e-06,0.0009882451439785999
7353,3.6679717595689e-06,0.0009852811104277017
7354,4.258802922170919e-06,0.0009924725484557627
7355,3.4713221339188747e-06,0.001011859653994265
7356,4.105202394081668e-06,0.0010161325218628974
7357,2.6318361051380633e-06,0.0009767921001184732
7358,4.767460965619345e-06,0.001007193638521474
7359,3.6038303126891455e-06,0.0010002398021027857
7360,4.676252183344332e-06,0.0010098968059609197
7361,6.020656413359878e-06,0.0010021894331013153
7362,4.592629435743826e-06,0.0009832490136109909
7363,5.50529245325985e-06,0.001041722768096356
7364,6.595717786694877e-06,0.0010780425094651044
7365,7.663756150577683e-06,0.001100840277770006
7366,1.4348471692452828e-05,0.0011722284491085923
7367,1.330717508002029e-05,0.0010385917438703817
7368,2.069274002375702e-05,0.000952130698050761
7369,1.7854428733699024e-05,0.0010026569513046717
7370,2.0047058933414517e-05,0.0010634355025189951
7371,1.9311884534545244e-05,0.000982073647168091
7372,9.164187667920487e-06,0.001118854015944599
7373,7.419654684781562e-06,0.0011224394630252083
7374,6.473008276467832e-06,0.0010426235873358485
7375,9.766522998688742e-06,0.0010573300789660355
7376,5.4816090596432335e-06,0.000984393298996275
7377,5.8738651811533295e-06,0.0009523184846731005
7378,3.845284148458935e-06,0.0009471360467077328
7379,3.344840357992022e-06,0.0009737430524454988
7380,2.6095294136515196e-06,0.0010158227115876855
7381,2.550770235150897e-06,0.001018434930015282
7382,2.3352967370252977e-06,0.0009994654839227753
7383,2.279599387596439e-06,0.0009756735782688997
7384,2.2864032568274222e-06,0.0009720402750952947
7385,2.056826785216496e-06,0.0009721290012161563
7386,2.0305972763405106e-06,0.0009633697166958251
7387,2.5701705453684553e-06,0.0010006978812693494
7388,2.0384657545946537e-06,0.0010093468778554027
7389,2.3146373678173406e-06,0.0010157625732199092
7390,3.549390051678832e-06,0.0009892863316798774
7391,3.410871067899279e-06,0.0009726902447534563
7392,3.7200769535653914e-06,0.0009814874105445132
7393,3.835940818438151e-06,0.0009548607436797075
7394,2.7633135687210596e-06,0.0009733233642104397
7395,3.2122604504062718e-06,0.0009917711738706017
7396,2.340267034621017e-06,0.000999953558138667
7397,3.194044378081647e-06,0.0009943432698033632
7398,2.945621145045152e-06,0.0010181890693346522
7399,3.1702743702529308e-06,0.0009758638286336113
7400,2.482478763946953e-06,0.0009593751859451519
7401,2.8459615350584498e-06,0.0009659777670882378
7402,3.5422156543063464e-06,0.0009691735757533167
7403,3.501286103831565e-06,0.0010009250151246463
7404,3.2513660698896272e-06,0.001024007868740385
7405,3.3886657092807582e-06,0.001001982056163618
7406,6.247197355454167e-06,0.0010378332941528908
7407,1.1835933643548438e-05,0.001007015265498721
7408,1.3423462830057057e-05,0.000982012683809845
7409,1.59693067871558e-05,0.0010335133855568436
7410,1.3552976815844886e-05,0.0010713731137188664
7411,1.9387469365028664e-05,0.0009728608012206736
7412,1.641994240344502e-05,0.001052319841948888
7413,1.8762966283247807e-05,0.0009793398833529306
7414,2.9400232112190375e-05,0.0009808210157844289
7415,3.6221247379823275e-05,0.0010687292028240508
7416,4.9713318973469237e-05,0.0011263060948158812
7417,3.991973268663666e-05,0.0011786078886627622
7418,3.413923210852469e-05,0.0011620423953620878
7419,2.428796518264183e-05,0.0009871968888589657
7420,2.625789202284068e-05,0.0010344203473087107
7421,2.4714297857523586e-05,0.001012333148107754
7422,3.268324168554197e-05,0.000996579978006386
7423,2.7451077282118302e-05,0.001082363856982029
7424,2.4170604956452734e-05,0.0009674388032102239
7425,1.8922847205734192e-05,0.0009420927800513129
7426,1.065433280018624e-05,0.001129194448324375
7427,1.7499450526277844e-05,0.0011414358329108556
7428,1.5485847082648737e-05,0.0009891168300546413
7429,1.0317784593401787e-05,0.0009573004698916155
7430,1.0191010126921658e-05,0.0009608755081133022
7431,1.270576049137162e-05,0.0008763687926441739
7432,1.9484907049142446e-05,0.0009785732082512933
7433,2.1446854952955617e-05,0.00098885263831494
7434,1.733055711762669e-05,0.000988447805637435
7435,1.4646947480893383e-05,0.0012521649656751317
7436,3.2166910629409054e-05,0.0009635969353418094
7437,2.1347826987039298e-05,0.0009501622657485922
7438,1.8889585286766913e-05,0.001028466319819311
7439,1.3447689646757983e-05,0.0010011667710193616
7440,8.558005659627572e-06,0.0009938142804142938
7441,6.898707154808411e-06,0.0009877188727039638
7442,8.435562358499738e-06,0.0009799339594484461
7443,4.671011871929901e-06,0.0009758406690886523
7444,3.4903681201588674e-06,0.0009807124096848892
7445,5.389711623138282e-06,0.0009558396395589188
7446,5.507962972236176e-06,0.0009542736431077768
7447,4.428954071045155e-06,0.0009658999400081362
7448,5.19154767365156e-06,0.0010295499273847172
7449,6.530654961049246e-06,0.0010188194285110227
7450,4.9630978537607005e-06,0.0009974244201471517
7451,3.7637807812037257e-06,0.0010219399742122123
7452,4.327096667111618e-06,0.0010037532705982311
7453,4.626912353463316e-06,0.0009743331965447704
7454,7.4226038426180215e-06,0.0009435128079595293
7455,4.2233022819952264e-06,0.001004027503617768
7456,5.373162336278862e-06,0.0009686751561569358
7457,3.95255307618451e-06,0.0010065608458523822
7458,4.084685830700133e-06,0.0010138133010922337
7459,3.4823930946004113e-06,0.0009837578679618285
7460,3.968561441070051e-06,0.0009939878322844078
7461,2.957283565289496e-06,0.000989413522752222
7462,2.32740039791679e-06,0.0009821166880667122
7463,3.2826159137281745e-06,0.0010218260606739847
7464,4.573715038228935e-06,0.0010052497579356816
7465,4.047073571200599e-06,0.0010142708000155005
7466,4.138146293068227e-06,0.0010108434749624186
7467,3.4565831811050884e-06,0.000966564115085529
7468,2.4484887641544144e-06,0.0009474105400575955
7469,3.731472800912646e-06,0.0009497622915774613
7470,3.6505745204825264e-06,0.0009840008695921531
7471,3.0497663374262627e-06,0.0009882282117367025
7472,2.5657660444267095e-06,0.0009980907922199978
7473,2.259156311386808e-06,0.0009976077023215269
7474,3.3420141183645076e-06,0.0009708759495456828
7475,3.6971253697023108e-06,0.0009611541346654179
7476,4.607958999258699e-06,0.001000469638947691
7477,4.233602521708235e-06,0.0009796563513012324
7478,6.550900555642632e-06,0.000977622160842041
7479,5.52163104051336e-06,0.0009946807979250428
7480,5.833470853152297e-06,0.000960155721345007
7481,1.3560503308932918e-05,0.000961201073414844
7482,2.064088548650034e-05,0.0010773347989531366
7483,1.7746166607442624e-05,0.0010045218065117053
7484,1.689111389471994e-05,0.0010357967219920463
7485,1.9324988776740308e-05,0.0013136041302996592
7486,6.131771612369144e-05,0.0009642475879087487
7487,8.347168914042413e-05,0.0009313296388255389
7488,8.990534600646545e-05,0.0010625955920967119
7489,0.00011397155612939969,0.0010040700034601394
7490,9.096734672008703e-05,0.001258645460603568
7491,8.502807104378007e-05,0.0016553835543679206
7492,5.180640061250112e-05,0.0013627214215175198
7493,5.1747258839895946e-05,0.001065414787112464
7494,4.5967014254226037e-05,0.0008367599529172038
7495,3.3008572548472635e-05,0.0009188427095756111
7496,2.8182660874639016e-05,0.000898824744137356
7497,1.959047209917723e-05,0.0009684293103719673
7498,2.783459325049383e-05,0.0010186411153000788
7499,4.998492295271717e-05,0.001004071337194732
7500,8.635117652981232e-05,0.0010480559783929036
7501,6.033509998815134e-05,0.0009920971037720983
7502,4.607484297594056e-05,0.0009802479189673923
7503,4.247856777510606e-05,0.0010753353960504094
7504,2.3994669997288536e-05,0.0011236858641266764
7505,1.2798632087651641e-05,0.0011692275270255004
7506,9.008937680240099e-06,0.0011059615245880925
7507,1.221319240964173e-05,0.0009649857181109723
7508,6.971210435343286e-06,0.0009994205398169735
7509,7.208394951400502e-06,0.0009553346876421665
7510,8.393303990790931e-06,0.0009874229868928953
7511,7.001500413631826e-06,0.0009992753277444756
7512,6.508063779619988e-06,0.0010018830428699282
7513,7.471332961965042e-06,0.0010119466689473941
7514,5.691144936766553e-06,0.0010020936771449962
7515,3.854631631838856e-06,0.0009974463199774962
7516,3.433318685589863e-06,0.001007802325427371
7517,3.335582914587576e-06,0.0009863251331170624
7518,3.3677810885516617e-06,0.0009948246687005355
7519,4.5787255658069625e-06,0.0009673877255294442
7520,4.333000470069237e-06,0.0009953381936432515
7521,7.728490891167894e-06,0.0010296629242668677
7522,5.956284348940244e-06,0.0010123033047650068
7523,7.766823394680007e-06,0.0009773192999657156
7524,6.189841345379439e-06,0.0009222339610037519
7525,6.549642300039219e-06,0.0009285719294328331
7526,6.05884979449911e-06,0.000986317534038181
7527,4.100175010535167e-06,0.0010219965163090331
7528,5.274482039870539e-06,0.0010047133188826713
7529,4.268468759012952e-06,0.0009387680980208234
7530,5.498411004130806e-06,0.0009583325153235052
7531,4.693694912324039e-06,0.0009585626622273286
7532,3.4669656391391374e-06,0.000979168492499519
7533,4.125304258195683e-06,0.0009783116253147884
7534,4.216667063398442e-06,0.0009878468979333387
7535,3.171113682280217e-06,0.0009619912630365061
7536,4.013508684389914e-06,0.0009845000928667498
7537,3.201869549229741e-06,0.0009854910760021614
7538,3.380528596608201e-06,0.0009695689813105581
7539,3.4049528797671275e-06,0.0009804428438197703
7540,5.202249606857853e-06,0.0010155655945995896
7541,4.600499930044559e-06,0.001023932300071694
7542,4.058277166526144e-06,0.0010013877935285908
7543,3.2766056392574683e-06,0.0009593005121619566
7544,3.4061865638553476e-06,0.0009562722746444147
7545,2.8620841324785335e-06,0.0009511093550369027
7546,3.1114967138516175e-06,0.0009857409896776373
7547,4.206471445892627e-06,0.0010164255978939247
7548,6.498082378432931e-06,0.0010040277827395433
7549,5.235208042601395e-06,0.0010022350232204878
7550,7.170775643317029e-06,0.000982789427232672
7551,3.832063763790454e-06,0.0009329608108987665
7552,4.400765465106815e-06,0.0009592060186702201
7553,2.2737991912435972e-06,0.0009960224758008656
7554,3.5326648988605787e-06,0.0010061863927614296
7555,2.8525953287802016e-06,0.0009732289312180043
7556,3.2786509715757954e-06,0.0009231180899985516
7557,5.371517060363355e-06,0.0009593118250729354
7558,4.0803414170416845e-06,0.0009649779544923249
7559,4.065594005927172e-06,0.0009912709766489226
7560,4.2500238729796065e-06,0.0010103630701787623
7561,4.7038626386589994e-06,0.0010247453568250264
7562,9.647531442169566e-06,0.0009786841282199365
7563,1.0810109173083522e-05,0.0010324680211121495
7564,9.883158236334566e-06,0.0010334472465292207
7565,1.6351282465620897e-05,0.0010572557390748163
7566,1.330907759135395e-05,0.00096298772204616
7567,1.0986795132339466e-05,0.0009783435838414342
7568,1.2182702964006845e-05,0.0009873069991911286
7569,1.3277537345857126e-05,0.0009825230529348506
7570,1.5973719670607048e-05,0.0009637971722161559
7571,3.675758092261579e-05,0.00108123195332871
7572,7.840358496954043e-05,0.0011766701427977679
7573,8.862090714198226e-05,0.0010788086217399099
7574,6.973297695367364e-05,0.0010008192907626499
7575,9.960299454784642e-05,0.0011069323623728916
7576,0.00010309652813399832,0.0010077266964885429
7577,9.446136876552676e-05,0.0009967465719985446
7578,9.618759504519403e-05,0.001195999207506763
7579,0.00011219437607602837,0.0012935159771930514
7580,7.108006369283733e-05,0.0009916309571153976
7581,3.534874546555026e-05,0.0011645000795540436
7582,3.18426117398e-05,0.0014296255109274363
7583,5.403104635964458e-05,0.0012147801728391154
7584,4.958746236904214e-05,0.001081968159469827
7585,2.7403616695664822e-05,0.0011742731031969072
7586,3.471750023891218e-05,0.0011291846559166644
7587,2.5562640682134468e-05,0.0009630818504796136
7588,1.436067671723625e-05,0.0011179396130078596
7589,3.77920765458839e-05,0.0011681752005778987
7590,3.9637432807163955e-05,0.0011854162011167226
7591,0.0001090758977322063,0.0016302174707969988
7592,0.0002668373791190485,0.00127000201839081
7593,0.00027599079185165466,0.0012854024168382596
7594,0.000299259841752549,0.0012128185632081306
7595,0.00019159054014987,0.001410789945892491
7596,0.00012559731064053873,0.0021294127695086432
7597,0.0003099929919699207,0.0017066346779355678
7598,0.0002774743734335061,0.0011619005964584941
7599,0.0003134651885678371,0.0008169609786783103
7600,0.00042410010452537486,0.0012644050829845855
7601,0.000778455741237849,0.002779238955411092
7602,0.000842793274205178,0.0070943588346946895
7603,0.0014231015617648761,0.0020273524404349407
7604,0.0012850232655182482,0.0026659383181863883
7605,0.0006625751964747905,0.0020923487815499952
7606,0.0006420414953026921,0.0026647384905468994
7607,0.0006544951349496842,0.0017529528951969026
7608,0.00042999474486956994,0.001635322013162223
7609,0.0003279109679472943,0.0015614131700676522
7610,0.00033135766085858146,0.00129007361095956
7611,0.00026763558853417637,0.0012005202499251284
7612,0.0001618392658807958,0.0014102258572838908
7613,0.0001472770469263196,0.0011125586300861003
7614,9.902524519323682e-05,0.00125890414186526
7615,4.897821005821849e-05,0.001311073336827268
7616,5.155593583670755e-05,0.001171237669012502
7617,5.482820027585452e-05,0.0013753082649048975
7618,2.6590334770541327e-05,0.0013501557918434127
7619,3.1243481862475166e-05,0.001341768673815449
7620,3.069779862319895e-05,0.001225615890080652
7621,1.5130349493119865e-05,0.0012515136123246212
7622,1.4821888544247486e-05,0.0012604538044217592
7623,1.3771859751917267e-05,0.0011225597796353005
7624,1.0401729984247746e-05,0.001136875506508802
7625,5.135912306286627e-06,0.0012248875252447845
7626,5.599161886493675e-06,0.0012790415716526194
7627,4.37551627025338e-06,0.0012582608069637864
7628,3.468646355031524e-06,0.0012293320032767951
7629,4.20606238549226e-06,0.0012713383184745908
7630,3.937532195171419e-06,0.0012407420234256021
7631,4.277459932685209e-06,0.0012340768974633727
7632,4.586645627568942e-06,0.001206842939072384
7633,4.299724787415471e-06,0.001166677717064456
7634,3.957081571570598e-06,0.0011969155675042274
7635,3.2724444887814267e-06,0.001200008581898461
7636,3.0324594263220205e-06,0.001192068140752115
7637,2.9355332571867622e-06,0.0012112516977670273
7638,3.027696493518306e-06,0.0012126961488306053
7639,3.083756034053901e-06,0.0012030641948914257
7640,3.4618756975154006e-06,0.0011592615591948779
7641,2.79280551088353e-06,0.001179824406776108
7642,3.2031618805679804e-06,0.0012040244104656002
7643,3.2492699726086964e-06,0.0011744798430586307
7644,2.839158757221109e-06,0.0011720190848605195
7645,2.626452593782839e-06,0.0011819874868713553
7646,2.6707058471705143e-06,0.0011747099219007403
7647,3.0362191864696795e-06,0.001175952479463276
7648,2.5437233489356003e-06,0.0011787501481860347
7649,2.823151438254475e-06,0.001199682276626301
7650,3.2362175564533877e-06,0.0011920087895627449
7651,3.2561762964178344e-06,0.0011516044660669377
7652,3.120122482869192e-06,0.0011458640045479058
7653,3.4864469247016433e-06,0.0011282837550947809
7654,3.827593294166339e-06,0.0011499155579523484
7655,3.307057659185375e-06,0.001170167831913018
7656,3.5506677704688627e-06,0.001178436594058239
7657,3.7497757602977798e-06,0.001167416977274459
7658,3.6954139432054945e-06,0.0011375733627387741
7659,3.3596201925926532e-06,0.001155061282008505
7660,3.594668669393286e-06,0.0011549480080670553
7661,2.9657132927241037e-06,0.0011102257142444766
7662,3.6227032372456356e-06,0.0011561888817323768
7663,2.637453129257968e-06,0.0011768435200448992
7664,3.135975763749836e-06,0.0011941070244904225
7665,4.131925925321411e-06,0.0011797352963471858
7666,3.7255664210533724e-06,0.0011468086433853572
7667,4.096206248505041e-06,0.001159196393656009
7668,3.126148506756484e-06,0.001190090002437071
7669,3.342417433790009e-06,0.0011418425385458907
7670,2.7939897033017283e-06,0.001136104188085805
7671,3.4675870665523688e-06,0.0011801931926408622
7672,4.1066052290261725e-06,0.001153577786437639
7673,3.789912746772946e-06,0.0011334914208103821
7674,4.5590367032370216e-06,0.0011581115857294696
7675,4.329572675487725e-06,0.0011659396228409834
7676,4.197805204360824e-06,0.001140699977161524
7677,3.3582836446536626e-06,0.001142674205021742
7678,2.7978311360736067e-06,0.0011434659405838786
7679,2.8410981485649247e-06,0.0011597319426359682
7680,2.4784896140772616e-06,0.0011636760561565655
7681,2.7416835867673702e-06,0.0011402201737042545
7682,2.278561654141716e-06,0.0011473385870134033
7683,2.3940286458431124e-06,0.0011396196590164516
7684,3.0352936240281754e-06,0.0011384123629215722
7685,2.641452965690405e-06,0.00111930410370348
7686,2.5264890003503144e-06,0.0011244978412883137
7687,2.5119104975601657e-06,0.001132122407792004
7688,2.9120841342470764e-06,0.001136653325575455
7689,3.359900074428879e-06,0.0011132021625269587
7690,3.92269724519186e-06,0.0011223362250928218
7691,4.8958904092918e-06,0.0011386132623090988
7692,3.3978806944408766e-06,0.0011312587179360897
7693,4.393383066296034e-06,0.0011323092177172932
7694,3.2664018059828473e-06,0.0011050627387209435
7695,2.8000071779388238e-06,0.0011085550049613193
7696,3.2041451731856796e-06,0.0010931084586094742
7697,3.4152901207562538e-06,0.0010997808591543337
7698,3.0247833516720373e-06,0.0011100959404936339
7699,2.6916118258668575e-06,0.0011378035932874645
7700,2.181395484512905e-06,0.0011332208986438107
7701,2.5370172200685675e-06,0.001124802951638653
7702,2.420446874869716e-06,0.0011289813459528185
7703,3.2049355468188877e-06,0.0010988634711270786
7704,2.512347161124732e-06,0.0010999525364627696
7705,2.583441937531461e-06,0.0010773311960364245
7706,2.7273230898572367e-06,0.0011188867515664342
7707,2.224818642086272e-06,0.0011146305404845479
7708,2.4674551999244915e-06,0.0011249976530561122
7709,3.0729924219485837e-06,0.0011159020391710865
7710,2.80708190985024e-06,0.0011089432532679084
7711,2.88590543580843e-06,0.0010891953771053923
7712,2.6538300062384225e-06,0.0010658847832663615
7713,2.3836144767604614e-06,0.0010851932154220389
7714,2.168645748194346e-06,0.0010947290153469978
7715,2.361222838468772e-06,0.0011076073998248013
7716,2.303730373872289e-06,0.0011208737443208576
7717,2.2427162548410707e-06,0.001107299729254038
7718,2.3863395654188936e-06,0.0011214722749065813
7719,2.9999813402052193e-06,0.001104227857990557
7720,2.3890821694294573e-06,0.001097146141174154
7721,2.119778810083517e-06,0.0010877562728967135
7722,2.070155672602899e-06,0.0010905448511411531
7723,2.1559849149828855e-06,0.001095613966582299
7724,2.6066970046182783e-06,0.0010803535839132084
7725,2.607278065624996e-06,0.0010826671133954517
7726,2.9620192738851377e-06,0.001082220891633577
7727,3.01052612788529e-06,0.0010863229660793962
7728,2.3774529230043602e-06,0.0010661206274168698
7729,3.2436792632021633e-06,0.0010747413506628726
7730,3.946215262355205e-06,0.0010932308991116978
7731,3.6085438599305536e-06,0.001090759782241584
7732,4.04091554931559e-06,0.0010846925309976549
7733,3.5498628524995487e-06,0.0010974946483148364
7734,4.02754194510635e-06,0.001084136373297436
7735,2.9437168298803347e-06,0.001063260220231371
7736,3.2759746621498683e-06,0.001087217235123724
7737,4.3125307153483545e-06,0.0010784098357842194
7738,3.8128631786094046e-06,0.0010889320850636312
7739,4.033978075312916e-06,0.0011100369417585256
7740,5.597821291303262e-06,0.0010644238305600785
7741,4.909615139088904e-06,0.0010615907417881618
7742,5.028013917277955e-06,0.0010737177483209474
7743,3.5181873499823268e-06,0.0010283130100070257
7744,3.936429296421314e-06,0.0010542521905428986
7745,3.3810316532859967e-06,0.0010806255053552821
7746,3.0825950943835777e-06,0.0010809064482973053
7747,2.634162774484139e-06,0.0010886008447443143
7748,3.4027197519511293e-06,0.0010765998626098507
7749,2.965361712388888e-06,0.0010785531563369014
7750,2.7729806485391844e-06,0.0010829554113566757
7751,2.8007560710345085e-06,0.0010518981920698233
7752,2.340703607236113e-06,0.001066779239308529
7753,2.6484540285309777e-06,0.001047238298713809
7754,3.0641367023539107e-06,0.001059501581984814
7755,3.1878975581397145e-06,0.0010615219238331527
7756,3.5945688675080115e-06,0.001025524547261252
7757,3.79840732117979e-06,0.0010750627625957278
7758,3.0215199027831355e-06,0.0010876269941401528
7759,3.3246820748900064e-06,0.001076183057716483
7760,3.0363254760838268e-06,0.0010663048638302217
7761,2.1820274999602892e-06,0.0010704043837847174
7762,3.2569992981734686e-06,0.0010478829829330286
7763,2.7491419738604844e-06,0.0010601233995306914
7764,3.7898939808655996e-06,0.0010582100623837253
7765,3.0242935584586422e-06,0.0010820912494228815
7766,3.4841299869488768e-06,0.001076894502226982
7767,2.793122591053058e-06,0.0010576164184915504
7768,2.7556166060094256e-06,0.001057358313577367
7769,3.1225936860816245e-06,0.0010668070270500227
7770,3.7654002577861926e-06,0.001071326218510604
7771,4.614468950118559e-06,0.0010662246364861814
7772,4.391460455129466e-06,0.0010454963320246568
7773,3.0416813842748523e-06,0.0010767432310578127
7774,2.6925859704836816e-06,0.0010443638774610352
7775,3.399085987136156e-06,0.0010411136338622934
7776,3.855357984624182e-06,0.0010732579472159424
7777,3.527504441080964e-06,0.0010574261064817175
7778,4.111808963595346e-06,0.0010609543462023578
7779,5.944346836865104e-06,0.0010534293576525012
7780,3.905858102370985e-06,0.001081951478162531
7781,2.6209764655504842e-06,0.0010516338034782294
7782,2.6110856500357233e-06,0.0010493861203811565
7783,2.8253883101569953e-06,0.0010633682415043333
7784,2.3578691677054548e-06,0.0010551241628448003
7785,3.434910862173031e-06,0.0010549578871614643
7786,3.250527621882308e-06,0.0010697264694077087
7787,3.3016755575469383e-06,0.0010494460192725327
7788,3.0444428981960907e-06,0.001051174057143425
7789,3.3872463063744364e-06,0.0010363140072871557
7790,3.320641978158771e-06,0.0010682482063388964
7791,4.490566122209809e-06,0.0010981808245130705
7792,4.551417335581694e-06,0.001078642865113078
7793,3.6538603126246016e-06,0.0010876427193751603
7794,2.7845571215342107e-06,0.0010499644435128183
7795,2.0074555171352887e-06,0.0010548457627067357
7796,2.4581647570206163e-06,0.0010413151588675926
7797,2.2799648832005913e-06,0.0010360994857028273
7798,2.7713428001637415e-06,0.0010549435774726045
7799,2.8722908609779553e-06,0.0010813478413441283
7800,3.153906952017375e-06,0.001055206113502266
7801,3.56907767127268e-06,0.0010454386473160355
7802,4.4603047475296385e-06,0.0010547740928055058
7803,5.011657761618456e-06,0.0010765822362301387
7804,4.132864827018542e-06,0.0010335209502611222
7805,4.455935747197752e-06,0.0010851032103367853
7806,4.656305130386803e-06,0.0010491003425366532
7807,5.165575991365282e-06,0.0010223479842488457
7808,4.4398632477774905e-06,0.0010379427431176937
7809,3.543901160204162e-06,0.0010118457508423754
7810,3.710264172696043e-06,0.00106180751261734
7811,2.9477857424353717e-06,0.0010528256880636437
7812,4.0428565019586435e-06,0.001059814648451577
7813,3.4588065621695325e-06,0.0010611801069068509
7814,3.6027679016115146e-06,0.0010485630003482427
7815,3.550060106742118e-06,0.0010522882796468315
7816,3.6565036983423247e-06,0.0010303049950996107
7817,4.75207883331071e-06,0.0010036076483221387
7818,3.884050662842734e-06,0.0010708014413853741
7819,4.42571499661426e-06,0.0010654758820108571
7820,4.259857632860076e-06,0.0010416017587234331
7821,6.692182220528291e-06,0.0010641101173924532
7822,6.765856475491697e-06,0.0010506533110132953
7823,7.764712366527722e-06,0.0010359997173136936
7824,8.714499047831244e-06,0.0010212691391700893
7825,8.317902756971308e-06,0.0010291841311937595
7826,7.371249012066983e-06,0.001075205599154001
7827,7.973717947606928e-06,0.0010751211343380791
7828,5.1973429435747676e-06,0.0010062133818663159
7829,4.701922686460118e-06,0.0010547800139454376
7830,5.105073796585202e-06,0.001102250550165919
7831,5.714954750146717e-06,0.0010366743729783472
7832,4.845530747843441e-06,0.0010696400422602892
7833,3.848374429556619e-06,0.001030841517568324
7834,7.470412917124728e-06,0.0010223950139763875
7835,7.318540186436924e-06,0.0010491890097623618
7836,6.7844568548025565e-06,0.001047300256185571
7837,4.7009520888726305e-06,0.001088087768504748
7838,4.709569172215803e-06,0.0010367644914997902
7839,3.12055243133121e-06,0.001004192869290783
7840,5.011050294948897e-06,0.0010384542026051033
7841,4.157371040491853e-06,0.0010322589185693867
7842,3.7013539743687337e-06,0.0010317133319762161
7843,4.06299999061351e-06,0.0010238056979508792
7844,8.118096593534574e-06,0.0010635237022501042
7845,4.383802615848254e-06,0.0010876237409277343
7846,7.277123586391099e-06,0.0010550711404781524
7847,5.215296399304255e-06,0.0010251276580961494
7848,4.440907105163205e-06,0.0010082974970821057
7849,4.191227920576542e-06,0.0010084125848567685
7850,2.958721294514059e-06,0.001062034148499223
7851,3.501952884713925e-06,0.0010513234727715297
7852,3.1971758592893213e-06,0.0010625960527163908
7853,3.189237683424532e-06,0.0010652968162252736
7854,2.404962348615906e-06,0.0010370615254225958
7855,2.981779258940757e-06,0.0010162097620539455
7856,2.9728605416797413e-06,0.001052375286808384
7857,3.23477212684035e-06,0.001046217066615336
7858,4.296155566407833e-06,0.001032301665221407
7859,3.5573346091647787e-06,0.0010406780022280803
7860,3.663877229579763e-06,0.00103000301994222
7861,3.3720111484096076e-06,0.0010562800764707541
7862,3.035292805482944e-06,0.0010295163094814076
7863,3.481502487071945e-06,0.001009903823650684
7864,3.143783048168795e-06,0.0010779642400984455
7865,2.5136064474888068e-06,0.0010578323973298776
7866,3.6811010431847534e-06,0.0010647099970667586
7867,2.634662481189783e-06,0.0010567018191612466
7868,2.3696614334767217e-06,0.0010325521233905928
7869,2.5081675933809794e-06,0.0010537548615380857
7870,3.085101100926598e-06,0.001037852677533139
7871,2.6900931516138373e-06,0.0010431796373289782
7872,2.7402161625407945e-06,0.0010250386526243483
7873,2.6240177248837426e-06,0.0010261718045340806
7874,3.1166190638032275e-06,0.0010843858476654868
7875,4.322151835367549e-06,0.0009946918566931244
7876,3.835824948813146e-06,0.001049207693963187
7877,2.864902186653732e-06,0.0010407527401772013
7878,2.574173731773044e-06,0.0010679238549191651
7879,2.431498402681124e-06,0.001076699058547264
7880,3.5824120156272934e-06,0.0010359072670483537
7881,3.195135453400629e-06,0.0010217387170996517
7882,3.5774231340231686e-06,0.0010681049185566692
7883,3.0050827566204435e-06,0.0010641508989630076
7884,3.789208737240794e-06,0.0010470867692767899
7885,4.084266220161226e-06,0.0010467175667918484
7886,6.812849763567404e-06,0.001005746214513073
7887,5.251222258569518e-06,0.0010525696584588195
7888,5.491884561100354e-06,0.0010734185980684234
7889,6.674650012428174e-06,0.0009990556941983678
7890,7.71412466444114e-06,0.0010670935340944354
7891,5.8086372215863475e-06,0.0010205909032759617
7892,4.796809722999266e-06,0.0010218774743092165
7893,4.221387674382034e-06,0.0010960280797150954
7894,4.902776800008723e-06,0.0010660985662550556
7895,7.035265025479021e-06,0.0009921999874169109
7896,1.1851223825942725e-05,0.0010347369241099217
7897,9.699333622847916e-06,0.0011463773823673213
7898,9.759711095587894e-06,0.0010465321286423793
7899,1.0465519396044936e-05,0.0010524809825248782
7900,1.2784678498671079e-05,0.0010312603244385645
7901,1.247979356170011e-05,0.001079354038751706
7902,1.4069545128829001e-05,0.0010912795633620282
7903,1.1018939949281048e-05,0.001007448172831072
7904,1.2920819669185827e-05,0.0010120343102057883
7905,2.136499315383844e-05,0.0011051788536087413
7906,1.8587558527845735e-05,0.0011461291755054616
7907,3.791951069918771e-05,0.001089713269455989
7908,6.734635559647965e-05,0.0010482112292244327
7909,3.303876389206077e-05,0.0010506055953978437
7910,1.4264947579552729e-05,0.0010883467941999612
7911,2.0372954895719887e-05,0.0010701606084966636
7912,1.154408904161149e-05,0.000993791205889186
7913,1.7375847346556838e-05,0.0010252796518194717
7914,1.3402274271356874e-05,0.0010462497589251716
7915,7.702468216545337e-06,0.0010531748063847656
7916,6.851658963569207e-06,0.0010158654094277698
7917,4.828088064338469e-06,0.001035359914058922
7918,6.28227708148188e-06,0.0009632940898194733
7919,9.330388760038962e-06,0.001084206254573495
7920,7.0329761304795586e-06,0.001057186147920406
7921,8.290291043522302e-06,0.0010401609376179215
7922,7.309428777565093e-06,0.0010913604779689624
7923,7.545476061447213e-06,0.0010824408263012063
7924,1.0997234433792376e-05,0.0010312352300617903
7925,1.2417743710102513e-05,0.001132381114261738
7926,1.0202785900522333e-05,0.0010658371111920734
7927,8.527396069742584e-06,0.0010083765313982612
7928,1.0287481200066394e-05,0.0010538467952677262
7929,6.6696122758003185e-06,0.0012215282570930037
7930,1.455762370217902e-05,0.0010519593781754962
7931,9.445675520206957e-06,0.0010697497201599473
7932,9.867286159230086e-06,0.0010353115632008086
7933,8.960433236400907e-06,0.0010542454093504022
7934,8.138970163903044e-06,0.0010586380743142952
7935,4.475444923931112e-06,0.0010540616156819358
7936,6.209017738001421e-06,0.0009902544834332057
7937,4.990988418285269e-06,0.0010238241905705843
7938,4.179788084002211e-06,0.0010777034418195427
7939,5.838311274904603e-06,0.0009984311028512004
7940,8.046848355055166e-06,0.0010460480441720644
7941,1.0191691095921367e-05,0.0009934598003426111
7942,9.789145527368722e-06,0.0010410564796683767
7943,1.7555293986030544e-05,0.0012770205535412597
7944,2.7655968733597546e-05,0.0009966399646675816
7945,3.1381798483683575e-05,0.0009289616528682146
7946,6.125655321132702e-05,0.0012971109208306224
7947,7.186032210787137e-05,0.001307401863865437
7948,5.0483080606985216e-05,0.0011035447177572513
7949,5.304817483799222e-05,0.0015499161475697372
7950,6.051379896234721e-05,0.0011971396014578348
7951,4.181150701091004e-05,0.0011393666653765557
7952,4.51088861154858e-05,0.0013894439586914899
7953,4.533286870961698e-05,0.0010505500341230255
7954,2.7558514072249334e-05,0.001038972768010425
7955,1.5692325784281518e-05,0.000928417425446843
7956,2.0275444937093803e-05,0.0010442928824478423
7957,1.0706603461585473e-05,0.0010791375193154572
7958,1.4395950711332261e-05,0.000958141996149399
7959,9.888063353476657e-06,0.0010441417089025453
7960,7.307031167632279e-06,0.0009937868091483108
7961,3.40400247296202e-06,0.0010355874166391261
7962,4.304293148985986e-06,0.0009955825645285915
7963,4.407069233517783e-06,0.0010338978645736425
7964,4.366019008254322e-06,0.0010959275161268145
7965,9.907577259582468e-06,0.0010620574808338525
7966,9.80338002894617e-06,0.001046556625817719
7967,8.950788105721585e-06,0.0010152674659602637
7968,8.82152738389171e-06,0.0010257807139061597
7969,9.201339131929369e-06,0.0010982202714323764
7970,9.501162882467421e-06,0.0010578266980207165
7971,5.402968114746424e-06,0.0010570419313364083
7972,1.0537650693246784e-05,0.0010593652447472934
7973,1.2597445311257615e-05,0.0010084683212128974
7974,1.561577858713766e-05,0.0011138693355280524
7975,1.606276309757959e-05,0.0010452336078513355
7976,1.2124978911742802e-05,0.0010300934418768248
7977,8.889377295417943e-06,0.0012015304844423132
7978,1.0701321540788437e-05,0.0010986640505349689
7979,1.0368692164774984e-05,0.00107947662523141
7980,9.75006026540844e-06,0.00104399306807799
7981,7.954725515446625e-06,0.0010122603188657503
7982,1.0081550832789314e-05,0.001172519751868438
7983,1.0630070391925983e-05,0.0010097931250544836
7984,1.0414204492311304e-05,0.001058022560612262
7985,9.033153522371625e-06,0.001097261052263358
7986,6.672217477898812e-06,0.00105243530028177
7987,5.378992924912988e-06,0.0010743669791543108
7988,7.554442405914112e-06,0.001082524067839593
7989,1.0261609880520457e-05,0.0010535396499408952
7990,1.3075332935841288e-05,0.001034491359280041
7991,1.0524876233830583e-05,0.0010871561986621557
7992,1.7739244140102527e-05,0.0011000444023598602
7993,1.8165623987442814e-05,0.0010185345570102157
7994,1.2016084959517077e-05,0.0010862360240004253
7995,9.462796636701872e-06,0.001015117869292584
7996,6.269025349562677e-06,0.0010844791453793704
7997,8.748919814631032e-06,0.0010758321764365601
7998,9.590676412093064e-06,0.0010521772508252794
7999,8.25608385639498e-06,0.001038888882062816
8000,7.768007223300326e-06,0.0010342498756321808
8001,5.096325033567458e-06,0.0009903958888621781
8002,4.4663901159462205e-06,0.0010200362830371486
8003,4.0658589568920435e-06,0.0009904818505774744
8004,6.098605081206188e-06,0.0009901693066046756
8005,7.0437550675706e-06,0.001106964516834774
8006,5.485202200361527e-06,0.0010292112364848035
8007,5.256550715178795e-06,0.0010706357342579703
8008,4.5135238300038814e-06,0.001054737310834581
8009,5.323389981034173e-06,0.0010005113800279943
8010,4.856426827852071e-06,0.0010402890849917188
8011,3.724630172049122e-06,0.0010320224834048724
8012,2.555663468228886e-06,0.0010375983641376558
8013,5.235250622111683e-06,0.0011401632777781878
8014,8.539108663777977e-06,0.0010159169724779423
8015,7.0060805834752195e-06,0.0009907661191477463
8016,5.66991560238724e-06,0.0009959157456379882
8017,4.253959620352058e-06,0.0010066099394310823
8018,2.663028196063048e-06,0.0010558500987712265
8019,2.448107367551226e-06,0.0010222341976674845
8020,5.335879905032925e-06,0.0010812990243663997
8021,4.011356213595718e-06,0.0010517177370919545
8022,3.5593244168315627e-06,0.0010407033441019956
8023,2.169737429843129e-06,0.0010422822062795115
8024,2.358912721926269e-06,0.001039897571556182
8025,2.7689814790695286e-06,0.0010150221101279686
8026,4.419261828540281e-06,0.001062581872505202
8027,5.813165868554885e-06,0.0010857098386622965
8028,5.826640062878141e-06,0.001024988550036471
8029,3.6054268700051276e-06,0.0010361075978799481
8030,3.4769272739746764e-06,0.0010309775546009793
8031,3.454445989821882e-06,0.001022118271381675
8032,3.1638419689746417e-06,0.0010284191807805319
8033,2.422792416230853e-06,0.0010372154654359343
8034,2.4723745658169114e-06,0.0010116024813193124
8035,3.5050351167834985e-06,0.0010041209642672692
8036,4.326221520993082e-06,0.0010542179023348324
8037,4.5524928282247855e-06,0.000995207673276034
8038,4.623666124340768e-06,0.0010409208819431466
8039,4.889132803024646e-06,0.0010213571562574751
8040,3.713229807544849e-06,0.0010381814596100204
8041,4.363206123040678e-06,0.0010802178386063498
8042,4.100354999536648e-06,0.0010559259651239784
8043,6.877032349924169e-06,0.0010490362948598706
8044,5.767889160779305e-06,0.0010323309239667407
8045,4.9281934934697345e-06,0.0009715474610799909
8046,6.046220247905391e-06,0.0010626663973620969
8047,5.806260742247105e-06,0.0010574233597217817
8048,5.476377979600026e-06,0.0010504834661003585
8049,3.5148761829380723e-06,0.0010775534732186595
8050,4.562747562886216e-06,0.0010153611367531709
8051,7.2820532902066285e-06,0.0010387267203319553
8052,4.091461763285527e-06,0.0010402164166228567
8053,2.8213704050964833e-06,0.001033246415203408
8054,3.1967311770131347e-06,0.0010842223386793566
8055,4.716254716186086e-06,0.0010183915332249388
8056,6.713882915695042e-06,0.0009913211699857517
8057,8.522282587364317e-06,0.001069674230782007
8058,9.66862244240474e-06,0.0010351930524031888
8059,9.415465926091808e-06,0.001052057456250823
8060,1.2963225829783672e-05,0.0010352807349111063
8061,8.200085358112118e-06,0.0010700549904667722
8062,1.578832367764941e-05,0.0010369400004306296
8063,1.2944278811725477e-05,0.001070019165713956
8064,1.023214745146106e-05,0.0010603726869009024
8065,4.277548517469161e-06,0.0010101470766739377
8066,4.6631626294887e-06,0.001014379357990596
8067,6.725794992235023e-06,0.0009988168642698517
8068,7.220568234818832e-06,0.0010756313086736683
8069,9.891479627791948e-06,0.0011234133615246498
8070,1.87037435049812e-05,0.0010727315583801645
8071,2.4565136118326337e-05,0.0011822425491748538
8072,3.294981531022738e-05,0.00109802954073988
8073,3.074267879128456e-05,0.0011263555896607793
8074,3.291692458636438e-05,0.001194129539396995
8075,4.185293243305447e-05,0.001100152311113289
8076,3.9190945002095154e-05,0.0012792104485767387
8077,6.23610404242451e-05,0.0013691670156824659
8078,6.21522543951869e-05,0.0011198471431385754
8079,6.030943938336956e-05,0.001180529347840902
8080,7.115041832245576e-05,0.001723689882370724
8081,6.417382561873334e-05,0.001175090406130354
8082,7.115299279879158e-05,0.0012508557076331256
8083,6.906806362773447e-05,0.0017152254874854692
8084,7.706873693678063e-05,0.0016712877472246609
8085,0.00011905760620720685,0.002154056321990889
8086,9.637088514864444e-05,0.0009049851841276776
8087,8.608444719963397e-05,0.0012224274458304987
8088,0.00012732010703378667,0.0012792340180961283
8089,0.00013979093152253577,0.001191516922453169
8090,0.00020748836226024044,0.002266054016017304
8091,0.00026464476444137595,0.0012426160846096207
8092,0.00016531437286175786,0.0013860410801684996
8093,9.898541053795876e-05,0.0011232937461564568
8094,5.736618380372723e-05,0.0010278243461521123
8095,2.5854567502392457e-05,0.0011635131746215203
8096,1.3987020914404032e-05,0.0012040742637230244
8097,1.4887810903019271e-05,0.0012236523279722223
8098,1.0080160548871693e-05,0.0011874057836537286
8099,6.905177876130134e-06,0.0012368240217700249
8100,6.432761104709547e-06,0.0011310103389720514
8101,9.550736770809938e-06,0.0011440345469319563
8102,9.164387302007526e-06,0.0011335618639966166
8103,6.740822997623278e-06,0.0011363180705316835
8104,7.677980829612351e-06,0.001175285376586372
8105,5.1417226435053936e-06,0.0011006319637806338
8106,5.7103619080104785e-06,0.0011369754990203467
8107,4.305896224347331e-06,0.001054976149700494
8108,4.264689058193956e-06,0.001159599447333232
8109,7.854711596640602e-06,0.0010905342435970258
8110,6.613033353157031e-06,0.0011269286669988742
8111,5.793956430958739e-06,0.0011118305324554795
8112,5.110009806230664e-06,0.0011747600712380775
8113,5.5420397378232644e-06,0.0011672328485681962
8114,4.224784667409646e-06,0.0011272326897367776
8115,3.3590801952717205e-06,0.0010849070321863855
8116,2.6791638977859597e-06,0.0010855443212827007
8117,2.372440061056598e-06,0.0010991867422676226
8118,2.592384407762438e-06,0.0010948104034067961
8119,2.0990436648086566e-06,0.0011037481746152336
8120,2.145482812920818e-06,0.0011217522826302414
8121,2.240255071228603e-06,0.0010874871898801837
8122,2.421176971741564e-06,0.0010858736258535463
8123,2.5756160236293605e-06,0.0011008865498813001
8124,2.651265792034489e-06,0.0011016801100473587
8125,3.4950655996605443e-06,0.0011100868183906798
8126,2.7073405969228286e-06,0.00109830461433304
8127,2.3582925071726397e-06,0.0010917486648595943
8128,2.554591901571257e-06,0.0011274258268806408
8129,3.2857248394672447e-06,0.001106695257820277
8130,4.554711388967311e-06,0.0010934034972011632
8131,5.1262784836580975e-06,0.0010739951252416657
8132,4.586079133635697e-06,0.001074854336774314
8133,5.149833668838255e-06,0.0010990446037429525
8134,6.581797636802851e-06,0.001122740359965888
8135,5.547851598445656e-06,0.0010837629179866236
8136,5.194818246915626e-06,0.0011182109784980223
8137,1.2619989684026223e-05,0.0011135532706792607
8138,2.5087907245809524e-05,0.0011082841747983058
8139,2.9558939543979554e-05,0.001046443762309028
8140,3.342478181972789e-05,0.0010973347284955772
8141,2.046104212543772e-05,0.0011847353623776632
8142,2.5452965807441312e-05,0.0012024492845782555
8143,3.212422489013988e-05,0.0011894676250434942
8144,2.9722559581083867e-05,0.0010628742488984781
8145,3.5537820076569913e-05,0.0010988273764190478
8146,4.563934065420957e-05,0.0012837719125489845
8147,5.6425265635577183e-05,0.0013815352013041302
8148,0.0001150296004198026,0.0012863974231771948
8149,9.427507017486883e-05,0.0012765260886283606
8150,6.24234101754458e-05,0.0011054017694710982
8151,3.068177478174524e-05,0.0011648451826923828
8152,2.258814153416703e-05,0.0009945633884897
8153,1.970936876508252e-05,0.0011929371045887704
8154,1.603791849144424e-05,0.0011674605331046316
8155,1.1973869489641704e-05,0.0011303614720511506
8156,1.3032308227896768e-05,0.001226663008317586
8157,7.208910756162368e-06,0.0011789817541771692
8158,9.874544412014075e-06,0.0011150834960019671
8159,1.079264563183339e-05,0.001074476514972277
8160,9.08500405785162e-06,0.001086591702141601
8161,9.350654863737873e-06,0.0011490382273373464
8162,5.633253416211422e-06,0.0011220404504263025
8163,5.794494427391328e-06,0.001171170466205501
8164,4.215951958030928e-06,0.0011542207308436238
8165,4.0572576532819465e-06,0.0011218426484196616
8166,4.038801186349398e-06,0.001143076526290759
8167,3.6841388161216553e-06,0.0011129344998690204
8168,3.983088026870973e-06,0.0010888605469317125
8169,3.599337643815185e-06,0.0011178979830721056
8170,2.851643027194465e-06,0.0010993050637757625
8171,3.400981495360611e-06,0.0010935050814859862
8172,3.1503089909771613e-06,0.001106436350602862
8173,2.405310290972314e-06,0.0011082638099085627
8174,3.13979979485642e-06,0.0011394276718176373
8175,2.8803458008042073e-06,0.0011147667092865142
8176,2.4682395936300357e-06,0.001108864978630477
8177,3.4102792142221005e-06,0.0011047026807970302
8178,2.4216093758392767e-06,0.001116071677378078
8179,2.713048252189765e-06,0.0010979330441254506
8180,3.861482946376782e-06,0.001088643584521414
8181,5.513567157322541e-06,0.0010699030185140318
8182,7.79191486799391e-06,0.0011290178499477879
8183,1.0766688077031479e-05,0.0012340563098262028
8184,1.3056119799633355e-05,0.0011805158532884588
8185,1.2563886897017558e-05,0.001066465897386615
8186,1.7461637132025013e-05,0.0011343997907751482
8187,1.7587894884248575e-05,0.001137204731330569
8188,1.3341319572646171e-05,0.001120675828190535
8189,1.4461175790832689e-05,0.0011032327677775909
8190,8.7796517618699e-06,0.001024888056114052
8191,9.334805235994282e-06,0.0011125709907349756
8192,6.8885655309713915e-06,0.001197018711479366
8193,7.53524539807889e-06,0.0011143446423289344
8194,7.030211509118089e-06,0.0010643586984791565
8195,8.173289885841466e-06,0.0010374972503265645
8196,5.658025505302551e-06,0.001060654666351785
8197,6.268083961913362e-06,0.0012782598097669327
8198,8.860688224861708e-06,0.0011252328862553448
8199,7.0662849490569595e-06,0.0011261524852570585
8200,4.297416626286576e-06,0.0011166515787623412
8201,3.14883612494062e-06,0.0010858619577383372
8202,2.2523327970702668e-06,0.0011106831975845899
8203,2.4775061016650094e-06,0.001110639400673869
8204,2.997542893960296e-06,0.0011034056184058055
8205,2.3985902771528344e-06,0.0011184605083237658
8206,2.4657752267861117e-06,0.0011033384834313546
8207,4.314970540993575e-06,0.0011316385747146185
8208,3.8567550594355755e-06,0.0010903020399461287
8209,4.435006637019493e-06,0.0011039297577675696
8210,3.474009220857018e-06,0.001092527300031401
8211,2.6176458201613665e-06,0.0011049890624887245
8212,3.477773467845206e-06,0.001061002670706609
8213,2.6585512841847956e-06,0.001089589757382811
8214,3.561796287006776e-06,0.0011314796444255946
8215,3.3555612996375808e-06,0.0011319501176989806
8216,3.594914232962765e-06,0.0011231484126270287
8217,5.428402922310246e-06,0.0010980818714895176
8218,1.1831257991919604e-05,0.001104977935658929
8219,1.732232737291876e-05,0.0010700812389135479
8220,8.685113486232392e-06,0.0010963734037675492
8221,6.6854011189813415e-06,0.0010693872133893231
8222,4.367799677614433e-06,0.001088623895665528
8223,5.194279462254296e-06,0.001158553099545731
8224,4.513469199688794e-06,0.0010782418608496801
8225,4.414358060481997e-06,0.0010821529756681481
8226,3.760624364682978e-06,0.001096313848622202
8227,3.486759184549252e-06,0.0011076359403700987
8228,4.305084591275469e-06,0.001129245175155041
8229,5.533034178976474e-06,0.0010975215966285271
8230,4.562464982882375e-06,0.0011133447676295722
8231,3.854422720905859e-06,0.0011215317943023416
8232,3.82459274987923e-06,0.0010726880227164256
8233,2.955468031965817e-06,0.0011105862254548202
8234,4.150007074107028e-06,0.0010611442564876649
8235,2.7717362627299735e-06,0.0010699275166060277
8236,2.233634980560358e-06,0.0010788598268358844
8237,2.277115405983447e-06,0.0011333738207105753
8238,3.3591801335812003e-06,0.0011225438843605908
8239,2.5219086940827157e-06,0.0010872559551347604
8240,2.519340174937194e-06,0.001093881537928796
8241,2.8043582309085954e-06,0.001086240309825915
8242,4.002713831141591e-06,0.0010785866376584556
8243,4.937197960922882e-06,0.0011307954715792177
8244,3.806618224189151e-06,0.0011539459324764513
8245,3.614971183196758e-06,0.001110012695288623
8246,3.6363917085206292e-06,0.001171885785192075
8247,4.473040765636445e-06,0.001059655192689457
8248,4.68059891621427e-06,0.0010350285364703576
8249,6.047962051525246e-06,0.0011480563832630263
8250,9.952888164358835e-06,0.0010556127792627616
8251,1.0579799375894557e-05,0.001186260499800812
8252,8.460588833258954e-06,0.0011562450365420049
8253,5.154778500582325e-06,0.0010716598274692248
8254,7.155097500799457e-06,0.0011283326431133557
8255,5.819517537020147e-06,0.0010533537390260538
8256,6.462738717042763e-06,0.0011165609086431034
8257,9.556820562769039e-06,0.0011375175452585824
8258,6.512246848918343e-06,0.0010759763792707166
8259,4.5720411587050575e-06,0.0010746423467649074
8260,4.3319092583260496e-06,0.0011290508825661922
8261,5.437739628177951e-06,0.0011192433614885128
8262,6.3946944161822705e-06,0.0010842646693986818
8263,8.216432979679666e-06,0.0011062690865351107
8264,5.2138966869582266e-06,0.0011021794520289176
8265,3.334116687862358e-06,0.0010741428388685984
8266,3.3350978810631204e-06,0.0011196113571957282
8267,3.781568921112921e-06,0.0010893559628752918
8268,3.5849590100648736e-06,0.0010118388016726529
8269,6.2776436607236976e-06,0.0011276263733555776
8270,7.938410696321323e-06,0.0011306640272226742
8271,7.403352810797514e-06,0.0010732161930732899
8272,9.810703401550806e-06,0.0011164945780343604
8273,7.04311884571022e-06,0.0011172134288968006
8274,5.474188674270408e-06,0.0010646045520557017
8275,8.623539664161702e-06,0.001135416377489785
8276,8.379047024694349e-06,0.0011735437712888782
8277,1.1287852794339415e-05,0.00111099890997912
8278,1.8889140483224766e-05,0.0013410461054542873
8279,2.4457011992732684e-05,0.001209343453561227
8280,3.526132689633717e-05,0.0011786227925739243
8281,3.200468308932614e-05,0.0011507319442297177
8282,2.118672346114181e-05,0.0011911070222717043
8283,3.243805949750822e-05,0.0011010295395211382
8284,1.9579086074372754e-05,0.00113681762334414
8285,1.1858504876727238e-05,0.001135568013029745
8286,1.4808352292069079e-05,0.0010279127553391352
8287,1.136772340638951e-05,0.0010909379920995552
8288,9.749157713182892e-06,0.0010631625058393427
8289,8.588026836757005e-06,0.0009987729878392158
8290,1.240138323434318e-05,0.0011424901730226955
8291,1.1004575329328266e-05,0.0010729504902260451
8292,9.738025498033192e-06,0.0010592260839798907
8293,7.807461224729196e-06,0.0011231395105215332
8294,7.260979449104828e-06,0.0010583508566322582
8295,5.86338254227788e-06,0.0011125025765669687
8296,7.904068085432907e-06,0.0010622716880051464
8297,1.3777721081472312e-05,0.0010993737928151322
8298,2.5365112984824616e-05,0.001107146433649922
8299,3.086479670552459e-05,0.001191086476800714
8300,3.091154946256817e-05,0.0010655210651347312
8301,3.059861198077366e-05,0.0012543612103872589
8302,4.921577516749191e-05,0.0013005987545805359
8303,0.00012072489626007155,0.0017401446578254205
8304,0.0002715695125516504,0.0012413990476689352
8305,9.470483346376568e-05,0.0011721076810453821
8306,7.286317656204725e-05,0.0010981981419796842
8307,4.501090855531705e-05,0.0011407557891417793
8308,1.9895602963515558e-05,0.0012763351991251992
8309,3.900613319274271e-05,0.0012902036010412367
8310,5.723316644434817e-05,0.0012278975089315297
8311,2.8370214689251346e-05,0.0012515137108651496
8312,3.361266238547008e-05,0.0013345777158860089
8313,3.5225867395638486e-05,0.0012179499516798932
8314,3.179239486901982e-05,0.0011997960588535455
8315,2.3312691337196156e-05,0.0011049198907044694
8316,1.029946227693775e-05,0.0011478366200100836
8317,1.3334694025009715e-05,0.0011300932433580848
8318,1.3944844552800835e-05,0.0010872797432766245
8319,2.7091329927012944e-05,0.0011230405034152718
8320,5.094487375269334e-05,0.001171039890380591
8321,3.613121116359252e-05,0.0011565870207580408
8322,7.597972095633547e-06,0.0011234329646731924
8323,7.392309635179118e-06,0.0011112461472480139
8324,4.194667841754077e-06,0.001074761388764724
8325,5.099438324881097e-06,0.0011164608785486597
8326,3.796886721829651e-06,0.0011726859035740393
8327,3.145495035520677e-06,0.0011441274509420545
8328,3.420003713472397e-06,0.0010855030465511766
8329,3.880341137119103e-06,0.0011215536670913318
8330,4.064814811499673e-06,0.0010866188269115866
8331,4.149482689778476e-06,0.0011081849247781838
8332,4.392778661591971e-06,0.0011537564147491095
8333,4.876501619340464e-06,0.001081147034997194
8334,5.931003882627313e-06,0.0010975775318990248
8335,6.26392769239222e-06,0.001129010518074153
8336,4.5959482425435756e-06,0.0010852244504778756
8337,3.1861902546855466e-06,0.001151942272622901
8338,5.4751574983432265e-06,0.0011843074961954097
8339,7.332046213074742e-06,0.0010680073375381
8340,1.301190241065342e-05,0.0011231759375173922
8341,9.473841115929342e-06,0.001068348468347328
8342,6.128916690310386e-06,0.0010660357203143905
8343,4.7468573939113415e-06,0.0011622696646533203
8344,5.203697188941684e-06,0.0010990681388877391
8345,5.1175423929331975e-06,0.001199371578798842
8346,6.879638567625079e-06,0.0011059518446999155
8347,4.526295257771077e-06,0.001055388328230639
8348,6.4415292096479485e-06,0.0010535034115470242
8349,8.87467322172597e-06,0.001061383049979102
8350,7.350367134980237e-06,0.0010994532361890623
8351,7.712946899118834e-06,0.0011610523137579284
8352,5.724860723906507e-06,0.001134474648118723
8353,5.984037034068024e-06,0.0011369434495155854
8354,7.045281563478056e-06,0.0011968825289275585
8355,4.386540634489696e-06,0.0011184643032799261
8356,5.581256330818481e-06,0.0011108225948492608
8357,5.53767210173343e-06,0.0011467929488583285
8358,4.481648375076475e-06,0.0010886389256169007
8359,4.635022802782866e-06,0.0011026972536305627
8360,4.235623509885045e-06,0.001142750627097241
8361,3.6271713725000155e-06,0.0011161411392839817
8362,4.007649173824271e-06,0.0011414592433904157
8363,8.876179951281907e-06,0.0011528084017006373
8364,4.097516648471356e-06,0.001057353977564957
8365,4.6994733565952625e-06,0.0010937413738813164
8366,4.103149664539766e-06,0.0011590889826468302
8367,5.367867864454942e-06,0.0011183625494137288
8368,5.539972850480505e-06,0.0011141298684350207
8369,3.1160808854716984e-06,0.0011342731460298257
8370,4.274729568957506e-06,0.0010856992861175338
8371,4.12094207907406e-06,0.0011516856171711399
8372,5.1478989917086436e-06,0.0011131287475417214
8373,5.950661094781632e-06,0.0010878364816784682
8374,1.1100775282102404e-05,0.0011552631998009335
8375,2.1980066109487476e-05,0.001112145051822125
8376,2.066336098020353e-05,0.0011240550134455653
8377,1.7472949609024604e-05,0.0011069785760473606
8378,2.5189049847540445e-05,0.001239712179114118
8379,2.0765109426671793e-05,0.0012648145541710061
8380,2.6161734937583483e-05,0.0012653365659740146
8381,2.4409819161519408e-05,0.001287392866761079
8382,2.7577912017780667e-05,0.0011383055949466317
8383,2.0010829787982707e-05,0.001147917618491049
8384,2.5232638715048477e-05,0.001129799225921266
8385,1.3461239541356918e-05,0.0011154327827586432
8386,1.0783209351454085e-05,0.0011296202529471103
8387,6.978469688571446e-06,0.0012440139438780978
8388,9.31090935409884e-06,0.0011580990898738227
8389,7.270654070149855e-06,0.0011181527648788444
8390,6.690495562603853e-06,0.00117151151268237
8391,8.425903797615319e-06,0.0011007355688337794
8392,7.538661096380868e-06,0.00112827997893007
8393,6.423465174520971e-06,0.001197762200682182
8394,6.747157143157286e-06,0.0010764587383651299
8395,5.610087706979054e-06,0.0011017831261489746
8396,4.521917950720914e-06,0.001111606247796435
8397,3.989620730256623e-06,0.0010672824614952634
8398,7.557331446150783e-06,0.001298160082293953
8399,1.3217523519415409e-05,0.0011409072101842173
8400,9.721774252587542e-06,0.0011388743772926763
8401,8.398503935798847e-06,0.0012042117149268432
8402,6.610171688710883e-06,0.0010378025724244574
8403,1.1077614666040365e-05,0.0011644839633652192
8404,1.0353200377721804e-05,0.0011417645696132613
8405,6.731334057500741e-06,0.0010622618449521875
8406,8.59342095888375e-06,0.0011564461490520695
8407,6.403453850604516e-06,0.0010649100716929795
8408,6.052159687897074e-06,0.0010605601581935515
8409,9.978710037709486e-06,0.0011131633746833723
8410,1.0533398138553214e-05,0.0010863633466129169
8411,7.341030989967597e-06,0.001140361009202311
8412,6.322124105887876e-06,0.0011305241473385786
8413,6.141751449225316e-06,0.0011486870252277966
8414,6.931932208923778e-06,0.0010673928488867256
8415,1.035785608110018e-05,0.0011127542417430443
8416,1.6220079851336776e-05,0.0010623075650073588
8417,7.558563811471686e-06,0.0011205534825622155
8418,5.4913339530079e-06,0.0013040292404929367
8419,6.682002640445716e-06,0.0011621060383352122
8420,6.854895582364407e-06,0.0011309063182153747
8421,8.297360424573224e-06,0.0013026411289451863
8422,1.4909644475361953e-05,0.0011061736612624717
8423,8.170807116888076e-06,0.0011239967649934563
8424,6.575498991878703e-06,0.0012164616413729808
8425,5.757878595128811e-06,0.0010839537291156905
8426,5.947059920193472e-06,0.0011305810212648994
8427,2.9730160652737444e-06,0.0011614321265369654
8428,5.556467688923779e-06,0.0011522459914893146
8429,5.974717593441407e-06,0.0011611015290227227
8430,4.204180095257471e-06,0.0011135257127892783
8431,7.982684534605748e-06,0.0011192878518495562
8432,8.374300280896326e-06,0.0011058287868298238
8433,9.024093257418523e-06,0.0010802577741033448
8434,5.913684071856551e-06,0.0011640773076879404
8435,4.578999808776037e-06,0.0011165397971369855
8436,6.341568526598469e-06,0.0010925247489775376
8437,8.246219537492532e-06,0.0010703932723089113
8438,8.255342375681115e-06,0.0011172957666122948
8439,1.0610124324254381e-05,0.0011714311682355157
8440,9.801506530493498e-06,0.0012538437163237277
8441,1.6692312116598865e-05,0.001149225598256155
8442,1.6626331974597026e-05,0.0012111994419540242
8443,1.9654502830235286e-05,0.0010325321703085926
8444,1.2172311471658759e-05,0.0010044573999640686
8445,1.3440553811960853e-05,0.0012549564112197813
8446,1.7184976604767145e-05,0.001181256384900441
8447,2.747760348332425e-05,0.0014262962793036708
8448,4.913674735386546e-05,0.001120441136276716
8449,2.668432619733115e-05,0.0010545351180453293
8450,2.6260526162028934e-05,0.0011787547713409611
8451,2.2703318851805913e-05,0.001079076271793827
8452,1.598400303919334e-05,0.0012139770721166035
8453,1.0874648311679873e-05,0.0012435612486910047
8454,1.6628441032177457e-05,0.001246528745368563
8455,4.414652078897537e-05,0.0013677180257963208
8456,9.622253807416807e-05,0.0018302924623052905
8457,0.0002032520375602568,0.0016310882147797566
8458,0.00024593732377979903,0.0017313776138113944
8459,0.00030244951970720044,0.0018048547492472557
8460,0.00038587347662542013,0.002830966537099654
8461,0.0005722462599806021,0.0031823591332823978
8462,0.0006339958927128464,0.0038113829122460264
8463,0.0008590727098635398,0.002525339482854465
8464,0.0005848387236862133,0.0015550004937099366
8465,0.00041816867208884406,0.0013018049639796354
8466,0.00022184027669330437,0.0014195235512094704
8467,0.0001494381402153522,0.0021202989109593818
8468,0.000426670196854199,0.0015093670034135773
8469,0.0003688555327244103,0.001651820661610095
8470,0.00013314384414115922,0.0014819763362495684
8471,7.094639295246452e-05,0.0017825767611461421
8472,0.00017173337497903654,0.0014645736343703987
8473,9.645201838187253e-05,0.0015065427191232837
8474,0.00013967231546606248,0.0017841972968005758
8475,0.0003843742684694007,0.0018038659275868747
8476,0.0005042207500082441,0.0014265133507960425
8477,0.00013294518381978075,0.0015995189071794254
8478,0.00019411077761712173,0.0015963373988074816
8479,0.00011754410224966705,0.001323138695030554
8480,4.1857908945530654e-05,0.001353732635648408
8481,2.0842478746393075e-05,0.0015389484300197462
8482,3.909458306831463e-05,0.0014631272289960637
8483,2.5047778823742798e-05,0.0014462110551631475
8484,1.57013455464039e-05,0.0015371530674265948
8485,1.4650427450154288e-05,0.0013588046431394778
8486,8.139061083056732e-06,0.001326033225884353
8487,5.699148399192685e-06,0.0013796700491005276
8488,4.169413978161174e-06,0.0013400876388599083
8489,5.783469290084516e-06,0.0013400490421391143
8490,3.860599281324539e-06,0.0013408176454268103
8491,3.272934009146411e-06,0.0014031765318849659
8492,4.56387800416754e-06,0.0013334132450464086
8493,4.634478015456504e-06,0.0013834489903625424
8494,5.2958359750239955e-06,0.0014333804303002873
8495,3.076737357332604e-06,0.001393587207494993
8496,3.59733821824193e-06,0.0013911277871564264
8497,3.834231483779149e-06,0.001345467651959538
8498,2.974335893668467e-06,0.001347508195303674
8499,2.4605323687865168e-06,0.0013558919418705847
8500,2.305978508350866e-06,0.0013605250278487802
8501,2.0684169309485394e-06,0.0013667181387221016
8502,3.1061334690699975e-06,0.0014045943036734118
8503,3.0280912142188754e-06,0.0013510837507485522
8504,2.6274714552225e-06,0.001358649052686872
8505,2.6836584008075685e-06,0.0013663464896820896
8506,2.1982467463506813e-06,0.0013232269098864882
8507,3.1432340316920697e-06,0.0014242574950225474
8508,5.333175310321773e-06,0.0013528336536168582
8509,4.863245400580732e-06,0.0013188301112620146
8510,4.517800213458637e-06,0.001413257394763311
8511,4.395447134205218e-06,0.0013014658287306882
8512,5.276491962528477e-06,0.0013199103867825796
8513,4.855380454197681e-06,0.0013831099770288532
8514,4.448627987585496e-06,0.0012907035305993412
8515,4.789954861432003e-06,0.0013806695507208662
8516,4.009391068393597e-06,0.001347932528235077
8517,3.3276827707595657e-06,0.0013966918739629543
8518,3.696849186477872e-06,0.0013719644346164438
8519,2.8853579806309425e-06,0.00131852067200335
8520,2.605091003715643e-06,0.0013690956320070963
8521,2.371830942138331e-06,0.0012763247176212824
8522,2.986777750872231e-06,0.0013470025338951175
8523,2.7390809615705318e-06,0.0013328087882791449
8524,2.302563249637994e-06,0.0013440638390098383
8525,2.1930470362955628e-06,0.0013408359977981354
8526,2.127623626317169e-06,0.0013576516639587917
8527,2.3551128151666488e-06,0.0013173799462227781
8528,2.185015819122782e-06,0.0013304757115643795
8529,2.221619797637686e-06,0.0013226155552822421
8530,1.979162971110782e-06,0.001318576423025976
8531,2.141448142841303e-06,0.0013460792375611156
8532,2.1508340372141294e-06,0.0013358517546265378
8533,2.338969928435593e-06,0.0013266754012158889
8534,2.595334080979228e-06,0.0013130233800918685
8535,2.9084368179610466e-06,0.0013681308560689368
8536,3.55505771949538e-06,0.0013471607249010149
8537,4.388559591461671e-06,0.0013227300227099047
8538,3.3225430343009068e-06,0.001299338780094202
8539,4.958759018336423e-06,0.001331875816640246
8540,3.8079599562479416e-06,0.0013520720984977414
8541,3.7887586283128862e-06,0.001297890904403519
8542,2.5568991077307144e-06,0.0012764907652864188
8543,3.065845460999602e-06,0.001287231185587167
8544,2.7397833719078333e-06,0.001418513046966235
8545,5.7023118642973715e-06,0.001307427548568725
8546,5.648083576185551e-06,0.001286439682397346
8547,5.977775435894727e-06,0.0014435464569448133
8548,9.047426586524427e-06,0.00130161402635203
8549,7.169990870655359e-06,0.0013521717390133524
8550,4.980401232993851e-06,0.0012904406340946773
8551,4.955185704602627e-06,0.0012730740461733164
8552,3.353454576426884e-06,0.0012997860248442593
8553,2.538597406479918e-06,0.0012854950284350692
8554,2.8282164445651385e-06,0.0013047255553657144
8555,2.095045632207378e-06,0.0013287923817603489
8556,2.3905962128386213e-06,0.0013130978116486956
8557,2.393354573844893e-06,0.0013098710392579788
8558,2.3693801570819534e-06,0.0012754479571663606
8559,3.1372415681592733e-06,0.001348079342622398
8560,3.102673599642003e-06,0.0013126957864595915
8561,3.0016118823065576e-06,0.0012659801809139198
8562,4.662504943553359e-06,0.0013627375028734132
8563,5.092069083427002e-06,0.0013128055450249846
8564,5.249159130471526e-06,0.0012932118311649056
8565,4.35176710501158e-06,0.00129463704849234
8566,3.99004772286086e-06,0.001269868967365327
8567,4.873935176874511e-06,0.0013064203433707123
8568,3.991566836702987e-06,0.00134179645170289
8569,4.396735039335908e-06,0.0012631080141767682
8570,3.2301119063049556e-06,0.0012744504763143444
8571,4.3663141392850475e-06,0.0012850376573853254
8572,3.6758671133914807e-06,0.0013214199873435451
8573,4.919079856335884e-06,0.0013113888741404873
8574,4.756214972682453e-06,0.0012570738464256557
8575,6.072779433452524e-06,0.0013124656159518742
8576,6.301865960267606e-06,0.0013245575553480918
8577,4.873264515481424e-06,0.0012938366413637115
8578,4.441088746413395e-06,0.0013049221845109044
8579,4.1840515223157125e-06,0.00138198240572132
8580,7.103892706557721e-06,0.001340030251606184
8581,8.884907826238001e-06,0.0013137485925474857
8582,5.893254153003606e-06,0.0013020718089803525
8583,7.828837897250197e-06,0.0013390857246007742
8584,5.077947722990454e-06,0.0014536866503877667
8585,5.220878726201287e-06,0.0012202970234413198
8586,5.9135876047851825e-06,0.0012746423993472333
8587,4.86482422275003e-06,0.0013506671901440293
8588,5.0274321741502115e-06,0.0012342615046641078
8589,5.572824253855894e-06,0.0013442712223641282
8590,6.302744077402167e-06,0.001373446218332085
8591,6.177239712693942e-06,0.0012724916854007977
8592,6.108275617104179e-06,0.0012946875649504364
8593,3.171647100922807e-06,0.0012961535230572299
8594,3.646992536232574e-06,0.0012430123403653736
8595,4.390933342316809e-06,0.001338475185820437
8596,4.730715014981494e-06,0.0012839180307360146
8597,5.896889433643082e-06,0.00129669659411696
8598,5.685963242285652e-06,0.001395499786567383
8599,5.332198391746109e-06,0.0012429237574720243
