epoch,train_mse,validation_mse
1,1.949403667449951,0.4233675125077015
2,0.9028070370356241,0.19505593908114696
3,0.525690633058548,0.07798137944045029
4,0.2836631417274475,0.040653084838344886
5,0.1626674383878708,0.03865160279738621
6,0.11209218303362528,0.04888429351913647
7,0.1018180176615715,0.062139883168100374
8,0.08344796299934387,0.07426187947509795
9,0.06592352787653605,0.0831196096938426
10,0.05574093113342921,0.09202918926561911
11,0.051611383259296414,0.09893389973114794
12,0.04700361986955007,0.10260073770218947
13,0.04128231753905614,0.10681526421561954
14,0.0334375669558843,0.10800966479646879
15,0.02873531828324,0.1076337383018704
16,0.021630101775129636,0.10471761555183591
17,0.021606478032966454,0.10282839365362183
18,0.02187854250272115,0.09955409403861039
19,0.02232484668493271,0.09599248994523146
20,0.019812574982643126,0.09470522521049018
21,0.01680720696846644,0.09290656353545002
22,0.016493487109740575,0.09267577998281464
23,0.013068608939647675,0.09272183970672877
24,0.01257660798728466,0.09283818175473552
25,0.01268366010238727,0.09143309119179494
26,0.013983006154497464,0.08897813391967083
27,0.01239446724454562,0.0877429813615919
28,0.010955306080480417,0.08546160443091956
29,0.009132616656521956,0.08331393444631982
30,0.007639602975298961,0.08198527205647446
31,0.008911308770378431,0.07931014754640775
32,0.010991871046523253,0.07761075646858516
33,0.00896825393040975,0.07642920104068095
34,0.009466737695038318,0.07614083529457333
35,0.008810848494370778,0.07530066781625973
36,0.008803687989711761,0.0755823441143111
37,0.00891990102827549,0.07557224640696067
38,0.007586805398265521,0.07495253714989489
39,0.00871090047682325,0.07276344944642285
40,0.007098079255471627,0.07210648787303234
41,0.007334209109346072,0.07122665819689983
42,0.006541815182814995,0.07126591078878387
43,0.00761172321314613,0.07163963625280875
44,0.005837724637240171,0.07197372075610274
45,0.007391792101164659,0.07214802879048145
46,0.0050947587316234905,0.07160719525156997
47,0.00567816204080979,0.07125147801684582
48,0.0073843634687364105,0.06973599800913352
49,0.005933536651233832,0.07003926292179137
50,0.005769260165592035,0.07052701488723905
51,0.0052761906137069065,0.06993186192249688
52,0.004797844930241505,0.06953949886044179
53,0.00549886046598355,0.06988218414971209
54,0.005610992449025313,0.07004480298579209
55,0.0049782926216721535,0.07063317615685501
56,0.004570182785391808,0.0717041312944232
57,0.003787689423188567,0.0726084865219011
58,0.005476573357979456,0.07196585939625116
59,0.004776740927870075,0.06940128179047052
60,0.0034906592996170123,0.06900505134909171
61,0.0048266312417884665,0.06961137877674553
62,0.004260746482759714,0.07093863998811076
63,0.004467094565431277,0.07194150561892142
64,0.003549570341904958,0.07235456498589103
65,0.004417874353627364,0.07191313814929151
66,0.0039044601221879323,0.07127941217948133
67,0.004080816296239694,0.07089293190813441
68,0.004071312708159288,0.07075348320439107
69,0.003859995181361834,0.07046233715973502
70,0.003357441599170367,0.07100231176990224
71,0.0033634117028365535,0.07153638904019603
72,0.00349320691699783,0.07069208062305225
73,0.0034140292555093765,0.07048073821649777
74,0.0035239270888268947,0.07009127184631318
75,0.0032675517722964287,0.07054432387661747
76,0.003221519369011124,0.07118389010429382
77,0.0027822664628426234,0.07202952595676963
78,0.003170012884462873,0.0721967674381151
79,0.0032579487189650534,0.07159435021595692
80,0.002975451620295644,0.07094829711388415
81,0.00334409784215192,0.07091511645185666
82,0.00279606517093877,0.07109714381572768
83,0.00243110532561938,0.07077948361869872
84,0.0026566972956061363,0.07004771457882378
85,0.002639230558027824,0.07064223723618064
86,0.0027880958436677854,0.07122590615758746
87,0.0022871353663504123,0.07145927019241288
88,0.002579113313307365,0.07086471937538132
89,0.0019416708964854479,0.07022994791898202
90,0.0022555564530193804,0.07063390883639104
91,0.0021789854702850184,0.07100293450937496
92,0.002034572542955478,0.07204062051660433
93,0.0025414718004564446,0.07128323069003624
94,0.001941781227166454,0.07097137736992573
95,0.0021500144774715107,0.07095980257030547
96,0.0020658735496302447,0.07049964608873908
97,0.0019006700254976749,0.07091291272264766
98,0.001790949252123634,0.07111038971604325
99,0.001934104358466963,0.07096757505118377
100,0.001782550864542524,0.07031593020037404
101,0.0015207073651254178,0.07050838614777317
102,0.0015688219340518118,0.07135050902216453
103,0.001960272124658028,0.07104580479813373
104,0.001818700321018696,0.0705788913439578
105,0.0018341654756416877,0.07025184587934824
106,0.0016053403805320462,0.06958128664437241
107,0.0017385004398723443,0.07050884086785354
108,0.0020141889185955127,0.07061211459749327
109,0.001907222190250953,0.07023377258946577
110,0.001354657718911767,0.07074551278446603
111,0.0016323398798704148,0.0709938608168617
112,0.001600028621032834,0.07101405206627733
113,0.0015165399100321034,0.07083471254335613
114,0.0016027849478026232,0.0707828769768317
115,0.0014983507959793012,0.07037066486407453
116,0.0012996432449047764,0.06999106194794648
117,0.0015221541126569113,0.06938609492591047
118,0.0015439092336843412,0.06889371949387348
119,0.0014598279570539792,0.06891633335530288
120,0.0013653988600708545,0.0694289743665635
121,0.001188030051222692,0.06930658461775367
122,0.0013232365949079395,0.06948586312804635
123,0.001309146856268247,0.06965889177453799
124,0.001277515016651402,0.0698022431158644
125,0.0011309732217341661,0.07018336266513885
126,0.001365848770365119,0.06961483455549075
127,0.0013029687572270632,0.06913542084571883
128,0.0011455681989900768,0.06905725175940146
129,0.0012049051622549693,0.06872782779960182
130,0.001228563638869673,0.06783055813293758
131,0.0013899235132460793,0.06803974738036554
132,0.0012726393722308179,0.06854963279145909
133,0.0012070066683615248,0.06924297326193081
134,0.0012103629997000098,0.06861896859848593
135,0.0011174902164687714,0.06829955516837713
136,0.0012018454998421171,0.06824705497486384
137,0.0011551611280689637,0.06855879418962584
138,0.0008232238392035167,0.06896386841150719
139,0.0013145317323505878,0.06845063053247497
140,0.0010067828930914401,0.06871636129739717
141,0.0010989347705617548,0.06834135861612681
142,0.0010488246257106463,0.06854906760332152
143,0.0009858617287439606,0.0688261017203331
144,0.0011835599318146706,0.06780360028969021
145,0.0009617350743307422,0.06785636225084621
146,0.001101871240340794,0.06798876376133266
147,0.0009647564419234792,0.0675081097938883
148,0.0010262007980297008,0.06795153367941774
149,0.001138226098070542,0.06781426682246952
150,0.00100071335133786,0.06751754469289555
151,0.0008553597300002973,0.06695669830784085
152,0.0010004559997469186,0.06690617903011052
153,0.000985563041952749,0.06795063720444056
154,0.00100743326668938,0.0672866357123758
155,0.0008732069749385118,0.06670801846061165
156,0.0008501717975984018,0.0667125711760183
157,0.0009279861735800902,0.06651618114606601
158,0.0010424269440894327,0.06623917237276167
159,0.0008095360128208995,0.06572069227695465
160,0.0008171091050220032,0.06499939722808327
161,0.0008491957482571403,0.0657024892765706
162,0.0008990450762212277,0.06554107614389555
163,0.000870426744222641,0.06629034765358047
164,0.0008692123713747909,0.06651258210497578
165,0.0007355738702851037,0.06587112947242467
166,0.0007103891267130773,0.06612467601543337
167,0.0008106537784139316,0.06567082923697674
168,0.0008306702133268118,0.06566390230899721
169,0.0010324201624219616,0.06544122856667661
170,0.0007342983619309962,0.06561815322149457
171,0.0007915370399132371,0.0659562503024349
172,0.0008221543937300642,0.06618721337299648
173,0.000808806069350491,0.06577861907444602
174,0.0009258471895009279,0.06580291007916758
175,0.000698918531027933,0.06533867672203093
176,0.0006485034245997667,0.0647798892785245
177,0.0008611905039288103,0.06409700308728405
178,0.0008409472997300327,0.064500507700631
179,0.000765106516579787,0.0642924237204349
180,0.0008719789717967311,0.0643294531060016
181,0.0008314481703564525,0.063804301220601
182,0.0008107716993739207,0.06368124367683892
183,0.0009146008601722618,0.06443146657286666
184,0.0007448860444128514,0.06368925809625565
185,0.0007967103990570953,0.06281414862692826
186,0.0008634264658515652,0.06259089197934144
187,0.0007897822031130393,0.06392018901785528
188,0.0007336038009574016,0.06344287801445939
189,0.0008164626856644948,0.06212242745508359
190,0.0007284039515070617,0.06263057019297533
191,0.00067537654346476,0.06293538506106129
192,0.0006429283569256464,0.06324525793471675
193,0.0007362526375800371,0.06308618035372787
194,0.000863597138474385,0.062373191646234255
195,0.0006506907055154442,0.06253120221021607
196,0.0007317595571900408,0.062421357537817766
197,0.0005966265841076771,0.0629389502518759
198,0.0008340756098429362,0.06252268238330451
199,0.0006450434292977054,0.06124202414291111
200,0.0007242069424440463,0.061232939069195996
201,0.0008660244134565194,0.06178636702261572
202,0.0007048507803119719,0.06241239102806632
203,0.0007079547038301825,0.060863660663131654
204,0.0007408799952827394,0.06036662996753933
205,0.0006629976249920825,0.06056811361331639
206,0.0005462831584736704,0.060615715783412065
207,0.000697867339476943,0.06103540540445508
208,0.0006235530910392602,0.06096950384575551
209,0.0005611833340177934,0.06040250897172868
210,0.0006836815504357219,0.06058018906848637
211,0.0005996973661240191,0.06085223370180355
212,0.0005710475612431765,0.0611893711538296
213,0.0006615096547951301,0.060955799646734254
214,0.0004898865571400772,0.060485122828033026
215,0.0005945976687750468,0.06014777555709749
216,0.0006299222140417744,0.05935099759087788
217,0.0005882532413428028,0.05862411542788265
218,0.0006311165168881416,0.05935025707943233
219,0.0006672939072207858,0.05962674049880561
220,0.0005832124967128039,0.0594786949690402
221,0.0005858394627769788,0.05876859054556043
222,0.0005682560848072171,0.058463346242435335
223,0.0006594420837548871,0.05768531434765951
224,0.0006510739990820487,0.058092984627550984
225,0.0005845273146405817,0.058733184594572996
226,0.0005335695731143157,0.05818443322979559
227,0.0006866988570739825,0.058418688283661216
228,0.0005423059531797966,0.05788070447449609
229,0.000468913985726734,0.05858036858124996
230,0.00044618543858329456,0.05892122812627807
231,0.00048346924983585875,0.05764176646672835
232,0.0005744823720306158,0.05717654760897629
233,0.0005733159836381674,0.057425383977063996
234,0.0006528893020004034,0.057578242405897054
235,0.0006377519263575474,0.0572139890644494
236,0.0005524298195571949,0.05664099280641773
237,0.000486937256452317,0.056705687048397665
238,0.0005719455153060456,0.05591564349771485
239,0.0005708632408641279,0.05564606248393772
240,0.00054794040042907,0.0566545997958953
241,0.0005754641490057111,0.0569318711288332
242,0.0005175990518182516,0.056558652685617834
243,0.00041901874355971814,0.056249521379395734
244,0.00047272096465652186,0.0555400885054915
245,0.0004351745747650663,0.05590498136488471
246,0.00053814300626982,0.05660253065073584
247,0.000420712967752479,0.05615397158452845
248,0.0004504254786297679,0.0552081197030901
249,0.0005382658060019215,0.055096428988017435
250,0.0006521567391852538,0.05503067427028821
251,0.00046652132490028936,0.054826270583577044
252,0.0004941235994920135,0.054044490724098025
253,0.0005392846263324221,0.05452618489819249
254,0.0004929532064124942,0.054356688002901755
255,0.0005537104094401002,0.054561094974908304
256,0.0004996485309675336,0.053766203706893397
257,0.0004821144122009476,0.05350908578380825
258,0.0004869664340124776,0.05371408516497124
259,0.00034962646507968507,0.053547154672033206
260,0.000447493779938668,0.053447346694356815
261,0.0004100072314031422,0.05412799026083758
262,0.0005553295370191336,0.053898147739998
263,0.0004905038901294271,0.05316717336027641
264,0.0005571266364616652,0.052189167794280164
265,0.0005324473177703719,0.05285969253365449
266,0.0004675351238499085,0.05300766382161088
267,0.0004653479418872545,0.051486634070009696
268,0.0004609560322326918,0.05181231461172029
269,0.0004827743425266817,0.051834908321382496
270,0.0004365436364120493,0.05231032409067229
271,0.00046332221827469764,0.05229181121653459
272,0.000497811190628757,0.052205087690372166
273,0.00041829852076868214,0.051165870207501206
274,0.0003657284852427741,0.0511041166275505
275,0.0004638204486885419,0.05159572535377788
276,0.0004901220323517919,0.05107020481130269
277,0.0004933470937733849,0.05044877053949776
278,0.0005203019788799187,0.05117157694157653
279,0.0003356306968877713,0.05028576884917387
280,0.00040433303220197556,0.050121756402526314
281,0.0005048661609180271,0.051408889490788374
282,0.00035723417531698944,0.05062249766325387
283,0.00042453881663580734,0.05028452369289135
284,0.00041277080114620425,0.05029395718391486
285,0.0004824758041650057,0.049944208832237665
286,0.0003629489588396003,0.049921098949871665
287,0.0002928170550148934,0.04953363549521589
288,0.00037574327822464205,0.049184981880225534
289,0.0004147184624647101,0.048769292399639216
290,0.00040078980770582955,0.04916165452303849
291,0.00037784363764027754,0.04992188390080384
292,0.00032663127640262244,0.048927721486786216
293,0.0004761092597618699,0.049066095370945965
294,0.0003494648728519678,0.04880175980057303
295,0.00041642576494875055,0.048748527396851635
296,0.0004821603923725585,0.04821605405469579
297,0.00047346128849312663,0.04812129346404489
298,0.00046385431196540596,0.04787911996832044
299,0.00038198694431533416,0.04729245300954721
300,0.0004413816078643625,0.04720006537015044
301,0.0003182397709072878,0.048267084195857915
302,0.0004964816073576609,0.047399966148879584
303,0.0003528817129942278,0.046984697244768066
304,0.00040309338558775686,0.04684448385919173
305,0.00034012164493712284,0.04699075503612128
306,0.00028552249229202666,0.046457463596749494
307,0.00045472659015407163,0.04648745282897799
308,0.00030053392983973024,0.04684306182495252
309,0.0003797065777083238,0.04666177371120828
310,0.0003880180069245398,0.046199438198814245
311,0.0004670306147697071,0.04530068727459494
312,0.00037809954956173896,0.04584342376219006
313,0.0003726117235297958,0.045773589528921084
314,0.00045029745281984407,0.045205742707402685
315,0.0003152118413709104,0.044686009476738654
316,0.00041594556144749123,0.04500084728237212
317,0.00028922906106648347,0.04555074665255434
318,0.0004288089112378657,0.04502922583987394
319,0.00039625572971999643,0.04474437489049641
320,0.0002885439161521693,0.04476861984241666
321,0.00040446664982785784,0.0448845407272887
322,0.0003493202617391944,0.04455449112404988
323,0.00033692404006918273,0.044320290512222006
324,0.00027004789832669,0.04446540350519766
325,0.00030038147233426573,0.04386702854567626
326,0.00031236925472815833,0.04370046365918137
327,0.00025466105241018036,0.04367583925564458
328,0.0003347685424766193,0.043957917650384225
329,0.00036771041341125964,0.0429260381387444
330,0.00035182882371979457,0.04255539016050147
331,0.00036695982174326977,0.04262064904795857
332,0.0002917773109705498,0.042938732432098836
333,0.00027367577131371946,0.042431266611720635
334,0.00024542379348228377,0.04221606254577637
335,0.0002898020747428139,0.04274672052757008
336,0.00027914005622733387,0.0425610527630866
337,0.00031948394219701487,0.04268428785946426
338,0.0003480740007944405,0.04245507687799574
339,0.00028354530028688413,0.04093438166919656
340,0.00030270319160384437,0.041692269012683955
341,0.00033897407896195847,0.04205990547504951
342,0.0002688523032702506,0.04105935527349082
343,0.0003118236626808842,0.04052567311863261
344,0.000349630710358421,0.04137734356006299
345,0.00027208633643264574,0.041794388606323035
346,0.0003012767294421792,0.041643700584417256
347,0.00037731397702979544,0.04042903102171703
348,0.0002779931062832475,0.040656316996090056
349,0.00021524860834081966,0.04085958879587688
350,0.0002719614630526242,0.04089896160903878
351,0.0003452750078092019,0.04094912704285674
352,0.0002203750889748335,0.04082124202152875
353,0.0004252759099472314,0.04050415437521897
354,0.0003629810807372754,0.04043054791886037
355,0.00038444132078438995,0.04011754439337047
356,0.0003603059914894402,0.039256831323067974
357,0.00027415230870246886,0.039032381027936935
358,0.0002588434523204342,0.0394404528178568
359,0.00032858693545373776,0.039708299254338573
360,0.00027906273026019336,0.038531276067410865
361,0.00031092088708343607,0.03846246281301412
362,0.00030442505570439003,0.038814255542407826
363,0.0003555646069192638,0.03877689228869799
364,0.00028956367556626597,0.03850321527423821
365,0.00030620524776168165,0.037742067187085865
366,0.0002375926026919236,0.03755816686751805
367,0.0002321408411565547,0.038798984521486626
368,0.00032502687730205556,0.038083575035291396
369,0.0003509030619170517,0.0370882341242212
370,0.00030574449920095503,0.037753030217773334
371,0.0002930059233525147,0.037853091955184937
372,0.00035249052258829274,0.03783658871383179
373,0.000302748028965046,0.0370015588215017
374,0.00029219537876391165,0.03763186804011581
375,0.0002008503758891796,0.03693372624244277
376,0.00024401256814599037,0.03667540220529076
377,0.00029227438596232485,0.03740296457109489
378,0.00027472195215523244,0.03710937675997967
379,0.00025380668230354784,0.03628099268287655
380,0.00021876729976308222,0.03647207524480782
381,0.00024750904800991216,0.03621894078637202
382,0.0002549723101158937,0.03640235846084872
383,0.0002470009378157556,0.035430865171622104
384,0.0003494832102054109,0.03556114801858354
385,0.0003152663780686756,0.03568315635046621
386,0.0003567020137173434,0.03567061722865255
387,0.00029759329821293554,0.035526952610945135
388,0.000294268416473642,0.03453952314581458
389,0.0002934875354791681,0.03462392038951709
390,0.0003225946178038915,0.03535386016519051
391,0.00022069257296000917,0.03569523952021374
392,0.00023134475292560335,0.03512663557010842
393,0.00023444570494272435,0.034796931113549104
394,0.00029418359141952045,0.03460910800463102
395,0.00023002235490518312,0.03451661935706777
396,0.00018707064058010777,0.034617894028467454
397,0.0002826844477870812,0.03414458931079061
398,0.00028186977724544706,0.03378387052184484
399,0.0002786911752385398,0.03418536604506763
400,0.0002255705107624332,0.03346428828035283
401,0.00021956083558810253,0.03315565083909223
402,0.00029050624774148065,0.03343004114397868
403,0.0002280846742602686,0.03377893300155017
404,0.0003189096809364855,0.03307212493199063
405,0.0002769536804407835,0.03287722437283185
406,0.0002471341324659685,0.03341441138053504
407,0.00027857463574036955,0.0330731557814155
408,0.0001867743752275904,0.032807509495517403
409,0.00030111615681865564,0.03250992972785094
410,0.00028606621393313013,0.032967074840204925
411,0.00028125050012022256,0.03267752888106455
412,0.0002831672221266975,0.03150814950583488
413,0.0002433950314298272,0.031966839132346506
414,0.00018199438248605777,0.032259557718836415
415,0.00019826015438108394,0.03191037269265164
416,0.00019807576900348066,0.032107043336695576
417,0.0001889649002502362,0.03217172003754481
418,0.00015828852338017896,0.032441117294778034
419,0.00023223294022803505,0.03185990306101446
420,0.00021258513443171977,0.03205449868902916
421,0.00025164015823975205,0.03224242989003189
422,0.00019548831915017217,0.031495180743651124
423,0.000256143258108447,0.03174530931814449
424,0.0001577963101832817,0.031237922784850353
425,0.00027384888380765915,0.030787084427640193
426,0.00020099262765143066,0.03128429637180539
427,0.00027481554037270446,0.031011517181640535
428,0.00016358233406208456,0.03056172489767938
429,0.00015337852334293227,0.030565000542505518
430,0.00015666714558998745,0.030545308951317796
431,0.00029914238839410243,0.030706666761965262
432,0.00025782007238982864,0.03010369227157803
433,0.00017497127507037173,0.029890657468574253
434,0.00025769434578251096,0.030198008232698664
435,0.00018866878235712647,0.029770573425128705
436,0.00017101478685314456,0.029800203606838317
437,0.00015842968714423477,0.030068255696944365
438,0.000235352196614258,0.030228328810432765
439,0.00025345290390153726,0.029247099680342073
440,0.0002205549128120765,0.029424994802615775
441,0.00019126347033306956,0.02969100822027274
442,0.0001934309519128874,0.029876750270564724
443,0.0002771358995232731,0.02901530795268656
444,0.00016942371730692684,0.02877294213518383
445,0.00026725025769943993,0.028945769000006474
446,0.00018909967038780451,0.029051186942209407
447,0.000169027061201632,0.028586948393132743
448,0.00016496915583653996,0.029172959216819033
449,0.00018431680121769507,0.02843097066433411
450,0.00016956313920672982,0.028738025839873185
451,0.00016350842197425662,0.028625287115573883
452,0.00019312801984294007,0.02890403697809835
453,0.00016422400755497317,0.02813879377025319
454,0.00016427335406964024,0.02837057792999613
455,0.00017319871306729814,0.02855009770416838
456,0.00023948899082218607,0.028286203727360786
457,0.00024498887457108745,0.028515104967074132
458,0.00023429843519503872,0.027726254799938576
459,0.0001494496779438729,0.02773250407707973
460,0.00016209556197281926,0.027748191538523502
461,0.00015514341066591442,0.027851147885162998
462,0.00024688760458957404,0.027227195713111736
463,0.0002465047834751507,0.027069688268651172
464,0.00015940221686226627,0.02739017622501362
465,0.00022280135696443418,0.026894325023795677
466,0.00017568511345113317,0.026960585897011082
467,0.00017920784108961622,0.026531411980198125
468,0.00021073769312351942,0.027187120242733655
469,0.00021517732238862664,0.026968122291283345
470,0.00019850046373903751,0.02646050687263331
471,0.000237491480462874,0.02630571413814552
472,0.00020488527661655098,0.026616685473778115
473,0.00016204396524699405,0.026167791014111888
474,0.00016825556619248043,0.026601721921305017
475,0.00022666588968907794,0.026270984767342177
476,0.00022237247903831304,0.02583988612209718
477,0.00020652973131897548,0.025323186744385818
478,0.00019096526860569915,0.02626812443371833
479,0.0001692867362483715,0.026557028146944647
480,0.00025574968506892525,0.025323325577448673
481,0.00021950834391949077,0.025141604611371444
482,0.00021955939397836724,0.02576755707364852
483,0.0001650854634741942,0.025260173136324393
484,0.00015289137178721527,0.024777245905807637
485,0.00017918446780337642,0.025619969901254796
486,0.0001404417174247404,0.02512529873707163
487,0.0001602870955442389,0.02486150843773301
488,0.00014565512343930702,0.024988257861512854
489,0.00016311700552857172,0.025518389844049617
490,0.0001359674148261547,0.024928492061265812
491,0.00015793293714523317,0.02448829747443124
492,0.00017134211569403608,0.0250573382074908
493,0.00024242834188044072,0.024929452599502924
494,0.00021342426577272515,0.024675686000369665
495,0.00020913901001525423,0.024318638749009983
496,0.00022290546912699937,0.02405401417530897
497,0.0001398458630622675,0.024220254345555005
498,0.00014504629652947187,0.02447308121821073
499,0.00014367553715904552,0.024004547497418923
500,0.00021456488563368717,0.02398608971064485
501,0.00016242216321794937,0.023694115155559824
502,0.00021077363247362275,0.02389897145037576
503,0.000214469355220596,0.023164042894999813
504,0.00020632816546518976,0.02376555482761597
505,0.00017624225680871555,0.023504851004622115
506,0.00015929121776328732,0.023115053112933954
507,0.00013455151056405157,0.02372771334343069
508,0.00018808617605827748,0.02318262808963539
509,0.00014735962613485754,0.023286849817657097
510,0.00016807189046327646,0.023201949835762264
511,0.00013649337876510496,0.02302226063421392
512,0.0001377201988361776,0.022641648149748488
513,0.0002148211458309864,0.02326612104111769
514,0.00016144161151411632,0.02324753888244704
515,0.00021525704263088605,0.022678830169551953
516,0.00020790903363376856,0.02258092170859885
517,0.00019312989218936611,0.023153018749018355
518,0.00019527485904594262,0.022577419099727953
519,0.0001463774242438376,0.02212114159868458
520,0.00017726307754249623,0.022792478876672392
521,0.0002048915155076732,0.022154819953629352
522,0.0001569994608871639,0.02195342814945799
523,0.00017844953060072537,0.022247474831272297
524,0.00013582929774808388,0.021924193801842337
525,0.0001576492461026646,0.021621277189160897
526,0.0001614862252608873,0.022743217331745964
527,0.00018811998791837443,0.02187638949808173
528,0.00019177464904108395,0.02182690797769648
529,0.00021360894800939907,0.022195033259748472
530,0.0001549706415971741,0.02169807063136983
531,0.0001425446729020526,0.021456629903180393
532,0.0001794743138210227,0.021206813857076675
533,0.00020230838999850674,0.021601692575404025
534,0.00021023424342274665,0.020925892604969618
535,0.00016884245172453424,0.02089449772097933
536,0.00015422255091834813,0.021162322407045703
537,0.00012980869845099127,0.021033703958190333
538,0.0001645282027311623,0.02090068922678786
539,0.00019316122828361889,0.020848433714447997
540,0.0001608641886074717,0.02080634529665699
541,0.0001256140589248389,0.020549179648789835
542,0.00014384967604807268,0.020682171456457125
543,0.00013680565850033116,0.020437115627362973
544,0.00018209458018342655,0.02069185797389098
545,0.0001362779022504886,0.020467902614375737
546,0.0001818728953367099,0.020337329722764926
547,0.00010581173895237346,0.02014824846304777
548,0.00011797274346463383,0.02041922305072621
549,0.0001846290872587512,0.02004943905383583
550,0.0001765810224848489,0.020543403468850092
551,0.00020367601343120137,0.020038928807251097
552,0.00018009261305754383,0.02036689444789736
553,0.0001566874299896881,0.019811403944971055
554,0.00017992662033066152,0.01996897480736567
555,0.00012521174600503096,0.019925768186492245
556,9.675578379149859e-05,0.01987222851965371
557,0.00016367457913778102,0.02006210754148838
558,0.00018498111749067902,0.019575770167032564
559,0.00019761551714812716,0.019759923014349826
560,0.00014452698912161092,0.019673781044135884
561,0.0001148441132196846,0.01910350028806784
562,0.00012354051286820323,0.019247008282251246
563,0.00018670318822842092,0.019125503451218755
564,8.682080369908363e-05,0.019334576730653058
565,0.0001878058644554888,0.019093897193670273
566,0.0001728512269134323,0.018923556564126427
567,0.00017349868915819873,0.019001090869776846
568,0.00010293315669211249,0.01902205191963301
569,0.000175130213998879,0.018905120542434258
570,0.00014836075715720653,0.019191802369327996
571,0.000173179991543293,0.018453803558753232
572,0.00012815673641550045,0.01870339932873493
573,0.00012109552044421434,0.019252237167180053
574,0.00012937023808869222,0.01861071255146049
575,0.00018097491508039336,0.01875241464517248
576,0.00010567498587382337,0.01864543548367155
577,0.00010738301110298683,0.018743044968078455
578,8.96245595261765e-05,0.018101981393699573
579,0.00010004067444242537,0.01855188643369149
580,0.00011579876445466653,0.018730557443002078
581,0.00015572544167904805,0.018399484778248418
582,0.00015861733894174297,0.01807195490856809
583,0.00016555670202554514,0.01841952138411717
584,0.0001135633239755407,0.018357475662207978
585,0.00015345653519034387,0.01773931798855151
586,0.00010979162422396864,0.01816947175937844
587,0.00018558263836894185,0.01787920733253787
588,0.00018364351514416438,0.017585282514649112
589,0.00011942073081930479,0.017745058250239514
590,0.00012973698127704362,0.01735195209543536
591,0.00011615787855892753,0.017502571008806155
592,0.00015210656953665118,0.017631190425650343
593,9.266114211641252e-05,0.017921209129996188
594,0.00010343684504429499,0.017682275140848684
595,0.00015158742899075152,0.017531950760075427
596,0.00013144520732263725,0.017419653365344512
597,0.00017677123153892656,0.01740395427336843
598,0.00013706719619221985,0.017297678561074527
599,0.00011797686747740954,0.01656201263288344
600,0.00017938630965848765,0.017219542459709438
601,0.00015056727327949677,0.016913477463398392
602,0.00012078364767755071,0.016875975185961234
603,8.43149027787149e-05,0.017468711889282926
604,0.00010005856165662408,0.01765558999178447
605,0.00016754265719403822,0.017109828773797967
606,0.00016013420730208358,0.016861154895833157
607,0.0001290328917093575,0.017234766577172468
608,0.00015336771224004527,0.016567657782336858
609,0.000142654173153763,0.016179795516288186
610,0.00014007630282624934,0.016711235706379095
611,0.00016945734387263656,0.016090940126753227
612,0.00014958029593496272,0.016276514465649296
613,0.0001354355981068996,0.016440749124396505
614,0.00017045293207047508,0.016081819296117843
615,0.00012237803117992979,0.016060325192419563
616,8.642626780783758e-05,0.016369000913237963
617,0.00016509969136677683,0.016171605949561428
618,0.00015067567583173513,0.015605148587991871
619,0.0001588555828978618,0.016170783936390726
620,0.00011045017745345831,0.01602807444498295
621,0.00015425151990105707,0.015408062911409092
622,0.00016780378403685365,0.015886884872016945
623,0.000131570278123642,0.016268796280143768
624,0.0001281593077389213,0.015510334772622491
625,0.00013700023579682846,0.015311699287276569
626,0.00016117359627969562,0.01602029980812955
627,0.00016395956530080487,0.015204205639719024
628,0.00014178300480125472,0.015355400257105902
629,0.000154695930541493,0.015553944047511094
630,0.00014596214168705046,0.014994434308348677
631,9.904108592309057e-05,0.01522034545993711
632,0.00016540097713004797,0.015392458315674715
633,0.00014968278798429917,0.014739611076088403
634,0.00015605964266190615,0.014872018731837197
635,0.00016776742607665557,0.014609783946529148
636,0.00015134772984310986,0.014997329518902959
637,0.00015293930773623287,0.015045457922919529
638,0.00015261691684524217,0.014403589568504198
639,0.00015611667283034573,0.01484697147118529
640,0.0001490069009984533,0.014873034284105451
641,0.0001589700434124097,0.014114701812426874
642,0.00011505863852410888,0.014917710722666087
643,0.00010101465644159664,0.01470307134619848
644,0.00010975425296540682,0.01419633522072411
645,0.00015281453088391572,0.015062962988699516
646,9.067675952489178e-05,0.015054582244181257
647,0.00015257316942249115,0.014484588027469755
648,0.00013442964967301426,0.014596256332134638
649,9.806861247246464e-05,0.014196429203638412
650,0.00012980399769730867,0.01441892699199164
651,0.00016443972708657384,0.014015887988599266
652,0.00013605117370995383,0.013802966938948068
653,0.0001560684856182585,0.013524908103107467
654,0.00013585343452480932,0.01390084078696769
655,0.00012279021902941167,0.013763181681884087
656,0.00011933043473012124,0.013611365315013044
657,8.955415493498246e-05,0.01404723090918984
658,9.201133628569854e-05,0.014377181682237021
659,0.00014941017919530472,0.013938879638206302
660,0.00011993158259429037,0.013381130054710418
661,0.0001463180126544709,0.013931537237693005
662,0.00014384906001699467,0.013630629018477098
663,8.434281626250595e-05,0.01368036644723941
664,9.71330480145601e-05,0.013687712485044022
665,0.00010744484510117521,0.01392290620939938
666,0.00010440353653393686,0.013738264219732736
667,0.00014632135086382428,0.01351472572606849
668,9.110256796702742e-05,0.013412130659255455
669,0.00016198887412125865,0.013342805206775665
670,0.00010839890455827117,0.013957085285893105
671,0.00011492567476428424,0.01321727889553299
672,0.00010949117058771663,0.01311366553381672
673,0.00011905477537463108,0.013663759719081752
674,0.00010872661659959704,0.013360625147584855
675,8.638339641038328e-05,0.01286816168723144
676,0.0001402290579183803,0.013370503077474167
677,8.76290985615924e-05,0.013628270858385432
678,7.419131773834427e-05,0.012763663950398213
679,7.542058592662216e-05,0.013880855924501194
680,8.570779367194822e-05,0.013609007660915532
681,0.00015739583953594167,0.01311767313218727
682,0.00012421542293547343,0.013490294905628746
683,0.00016389387795546402,0.013128523546175695
684,0.00010178048493495832,0.012810660408824448
685,9.419301059097052e-05,0.013125502643740083
686,0.00016584105372506505,0.012881425539339622
687,0.00014300589391496031,0.01265484104886299
688,8.049367655379076e-05,0.013119869652812876
689,0.00014732663015214106,0.012556257181045577
690,0.00013576959415028493,0.012380806919861966
691,0.0001354744512354955,0.012836715734497768
692,9.77380812400952e-05,0.012561752174900272
693,0.00010938589305927356,0.012523446320079443
694,8.4362892084755e-05,0.012765984248927258
695,0.00011956597833583752,0.012519101274940441
696,0.0001190766502986662,0.012389305861681466
697,8.286620043994238e-05,0.012598835151847891
698,8.620073834511762e-05,0.012592815537386991
699,0.00013599971619745096,0.012642507236010916
700,0.00011447931368214389,0.01230962314151638
701,0.0001171127330356588,0.012532559568135758
702,0.00014483524525227647,0.01215674924686199
703,0.00013738503912463784,0.012352478081785788
704,8.298600102231527e-05,0.012142508650037248
705,0.00012781778981055443,0.01200770261132811
706,0.00010718459379859269,0.012185576635845534
707,7.157624834993233e-05,0.012155399753118124
708,9.451323518684754e-05,0.012135328387650917
709,9.083896099279324e-05,0.011799619863117774
710,9.836721534763152e-05,0.011970630619586923
711,8.382724384622027e-05,0.011922849694222916
712,0.0001342862393357791,0.011735797265735199
713,8.262150610486667e-05,0.012028906817041983
714,0.00010146874992642552,0.012065901428343743
715,0.00012995768726492923,0.011758333350729755
716,8.276623169270655e-05,0.01203839925271789
717,0.00011889548137939225,0.011939139670039725
718,8.801832736935467e-05,0.01206145985565317
719,9.139981751407808e-05,0.011971102983463468
720,8.321597561007365e-05,0.011922973780122798
721,0.0001538144143220658,0.011340457359402199
722,8.84091195378763e-05,0.011649308513527312
723,9.672515831577281e-05,0.011600879306985638
724,0.00010600888587456818,0.011809666853720747
725,0.00016681382937046388,0.011458018237328905
726,0.00012822538847103714,0.011346804117417241
727,0.00013469034844699007,0.011742080510483952
728,0.00011888365940346071,0.01154913360208977
729,7.485736714443191e-05,0.011558427057397647
730,0.00011551572727815558,0.011494420960134878
731,8.481124823447316e-05,0.01150772320179958
732,0.00013464957980128625,0.011182430896937377
733,0.00010097684280481189,0.01107346130843003
734,0.0001256365484247605,0.010808407923016022
735,8.82077612914145e-05,0.011165139925350823
736,0.0001223102561198175,0.011113038506564192
737,7.908031063076729e-05,0.011295275806676684
738,0.0001244883838808164,0.011091061523110847
739,0.00013696202853073677,0.010835939416969856
740,0.00011812615703092888,0.01100953034763261
741,8.808167476672679e-05,0.010640382840056119
742,8.244288231556614e-05,0.010880799670740375
743,6.505152656851957e-05,0.010834945292454067
744,0.00011935010940457383,0.010932726712208095
745,7.697992453662058e-05,0.01110073382870888
746,9.142153527742872e-05,0.01098741426711946
747,6.934487367592131e-05,0.011179414570448905
748,9.451702256531765e-05,0.010776838067713686
749,7.250208048693215e-05,0.01104030064417152
750,0.00012688133962607633,0.010611700935391929
751,6.927580980118365e-05,0.01067334293263165
752,0.00010519078544651469,0.01071162765302996
753,0.00011194213293492794,0.010700254620412204
754,0.00013218882377259434,0.010851937954820047
755,8.772221869245793e-05,0.010405785675475917
756,0.00010451135749462992,0.010861744803530493
757,6.972723155437658e-05,0.010198009677055314
758,0.00013595827234288058,0.010391220494400798
759,0.00012335175609526534,0.010658828057642058
760,8.681395944828788e-05,0.009833628502417736
761,8.618034723137194e-05,0.011016638678183236
762,7.588936908481022e-05,0.010512366942240028
763,8.80643705992649e-05,0.010247924357769996
764,0.00012117867008782923,0.010503723594088724
765,0.00013787020773937305,0.00994701406324473
766,8.562785515096039e-05,0.009667181490561155
767,0.0001084370354268079,0.010461288804965696
768,0.00011890711515055349,0.009912906984585947
769,0.00014388495086071392,0.010837294542648661
770,0.00011032014347923298,0.009809383301167037
771,9.86551846532772e-05,0.009758387391609469
772,8.764288359088823e-05,0.010152948675603847
773,0.00012620038469322026,0.009412677283948801
774,9.212265770959978e-05,0.010022281661747009
775,0.00012670750826752433,0.010258583806631133
776,0.00010940500166422377,0.009383315939133562
777,0.00010341995997199168,0.009792059337294946
778,0.00010597884635596225,0.009652553140882432
779,9.489046739569555e-05,0.009502758029995001
780,0.00011240047703419502,0.009275301924254012
781,0.00013113428964667644,0.009674859621862727
782,9.450841462239623e-05,0.00934491844803799
783,8.553328419414659e-05,0.009408456368709173
784,6.336626829579472e-05,0.009473215671270852
785,0.00013267985535397504,0.009507598839406892
786,0.00013745023558537167,0.009368548052400116
787,9.601393394405022e-05,0.009292274170855838
788,5.843450732451553e-05,0.009468925412832282
789,0.00010480146205130344,0.009670971562777917
790,9.776722775616994e-05,0.009302547810173879
791,8.667626728614171e-05,0.009803740733017133
792,0.0001035455313588803,0.009047917347020052
793,0.00011983903823420405,0.00936454793394316
794,0.00011372000153642148,0.008975237241293501
795,9.042168676387519e-05,0.008879823302190134
796,0.00011071560196190452,0.008873819424880771
797,6.5335965094467e-05,0.008951435862915722
798,7.563581457361578e-05,0.009311710623657609
799,0.00010115414940325233,0.00895769901456326
800,0.00011047672208709021,0.008801406542733899
801,8.974355393244574e-05,0.009075174298812085
802,0.0001159815078911682,0.008830178030363218
803,0.00013691581261809915,0.00886928469793299
804,8.563809096813202e-05,0.008818779023378853
805,7.638285023858771e-05,0.008899213834189054
806,7.726008237417167e-05,0.008818106843143936
807,0.00010864766227314249,0.008889861243564313
808,0.0001296786746631066,0.008513364207556866
809,7.41987042905142e-05,0.009148442274414179
810,0.0001184808206744492,0.00847317636247695
811,8.570029070445647e-05,0.008822819467369966
812,9.189239353872836e-05,0.008478699222676397
813,0.00012728413324415063,0.008209165398354135
814,7.494291494367645e-05,0.009003372774936083
815,7.823779402921597e-05,0.0079225183383921
816,0.00011124402420440068,0.00883528157540663
817,0.0001006310999703904,0.008659536121633109
818,8.518624575420593e-05,0.008125018401760754
819,0.00010273228156923627,0.008519612428710216
820,0.00012161403622788688,0.008563028487164205
821,7.210727393006286e-05,0.008152982058722204
822,9.572948911227286e-05,0.008475021935823395
823,5.470322066685185e-05,0.00821128758917174
824,6.302606877094756e-05,0.008644354815675518
825,8.091065683402121e-05,0.008215802127686073
826,7.414703140966594e-05,0.008585357407885274
827,6.974727754519942e-05,0.008089331939347147
828,0.0001076019339961931,0.008032813638918043
829,0.00011278571910224854,0.00821628674542106
830,0.00011287032878802469,0.008412415469725302
831,9.808408794924617e-05,0.007993073129337135
832,0.00010601915516114483,0.008239389213872707
833,8.467489387840033e-05,0.008035853182471643
834,9.877719761182864e-05,0.008010499194029748
835,8.704448458350574e-05,0.007893376697705486
836,8.880100504029542e-05,0.00803841228090872
837,0.00012021351285511628,0.007934170225121844
838,9.174072474706917e-05,0.007657644038242618
839,0.00011594910271620999,0.007868450252324577
840,0.0001033569140417967,0.007692387371551333
841,8.606658617888267e-05,0.007925857254487323
842,0.00010388182223929713,0.007629359778984795
843,8.382261342679461e-05,0.007738900040899675
844,6.988666427787393e-05,0.007501705703655566
845,0.00011791117334117493,0.007814537191132861
846,8.71195734362118e-05,0.0074560893186199385
847,8.346488660511871e-05,0.007688685811645403
848,8.980210550362245e-05,0.007467601844292926
849,8.671661659415501e-05,0.007439887488451529
850,7.877695510008683e-05,0.007733269176614566
851,7.236378539043168e-05,0.007402030633777145
852,7.791731623001397e-05,0.007980630183079112
853,0.00010406274729272506,0.0075988716291865025
854,9.357403663064663e-05,0.007704790652267576
855,6.569479398118952e-05,0.00763487988921601
856,0.0001210646441904828,0.007345881745747225
857,0.0001075964940052169,0.007534905241465006
858,9.413578979244145e-05,0.007274442462353255
859,9.697340841133459e-05,0.007213313660518391
860,6.58259799820371e-05,0.0076334073802265595
861,6.772033423961451e-05,0.00728832716928927
862,8.893009993092468e-05,0.0074558853809758435
863,0.00011433440182978908,0.007328544061366967
864,7.82213193209221e-05,0.00744625305624928
865,7.716447386580209e-05,0.007322149629902652
866,0.00010615848829426492,0.007303946460853881
867,9.364844299852848e-05,0.007090157733892832
868,9.918605380031901e-05,0.0073820743929800085
869,8.445475638533632e-05,0.006949673780775446
870,8.318901479166622e-05,0.007321966460018646
871,0.00010429851245135069,0.007083375857570979
872,8.08919343398884e-05,0.00706790635494266
873,9.805197866323094e-05,0.007412052816000041
874,9.251467611951133e-05,0.006799759812594399
875,7.705771082934613e-05,0.007464730657461121
876,5.208673634721587e-05,0.006983736859942515
877,7.410822581732646e-05,0.0073998021915203
878,4.957086348440498e-05,0.007121756599526706
879,9.550612303428352e-05,0.006795932898136575
880,0.00010163815750274807,0.007130858833043594
881,0.0001097137326723896,0.006730659696178173
882,8.201282956482222e-05,0.006985993212543604
883,0.00012046574944785486,0.006898122128304534
884,0.00011043217867457618,0.006888049852660322
885,9.233358626564344e-05,0.006606483289341289
886,0.00010296288431466867,0.006713289136844357
887,7.715619576629252e-05,0.006756730084344158
888,5.583019277158504e-05,0.00666601544495408
889,8.523103921712998e-05,0.00679635847588693
890,0.00012057718801467369,0.006644485430337313
891,8.11232360623156e-05,0.006813333406457751
892,8.87698139801311e-05,0.006584452472509831
893,8.983854992645016e-05,0.006836214579465821
894,0.00010248530888929963,0.006500574371476811
895,0.0001064227253664285,0.006575296478947316
896,9.979138703783975e-05,0.006532324918025122
897,9.324549949572732e-05,0.006279255446838582
898,9.675127803348005e-05,0.0070746518436848645
899,0.0001006051737931557,0.006172051095939058
900,7.787378466067215e-05,0.006795855327032682
901,6.332441019670416e-05,0.006700689215066395
902,0.00011897071187073985,0.006251136200341184
903,8.548961680692931e-05,0.00687893128066551
904,8.351538272108883e-05,0.006131491352488676
905,0.00010535907155523697,0.0065018865536517045
906,9.237620203445355e-05,0.006313951803356644
907,0.00010860535548999906,0.006257454285354127
908,7.614353574657192e-05,0.006487317544620807
909,8.169060602085665e-05,0.006147230718666174
910,0.00011309981831194212,0.006270605601429001
911,8.858121194255849e-05,0.006065495480878616
912,9.023803868331015e-05,0.005980283821250979
913,6.737472188736623e-05,0.006211264696940193
914,9.63921076618135e-05,0.006031781596344287
915,9.656498150434345e-05,0.006015571494271436
916,0.0001110160791237528,0.006006824226653952
917,8.644451833485315e-05,0.0060331933200359344
918,5.978063903360938e-05,0.006165747699423099
919,7.882824575062841e-05,0.006254959440841449
920,0.00011185492330696434,0.005949947418366361
921,0.0001074682668937991,0.005995896043563921
922,7.636062267314022e-05,0.005886208618015755
923,7.609660970047117e-05,0.005965289659798145
924,0.00010161869383106629,0.005894191937125105
925,8.412404664947341e-05,0.0055844789796222856
926,9.11583328464379e-05,0.005727274387370883
927,8.904259642198062e-05,0.005672550400880378
928,8.684164931764826e-05,0.005920733163851922
929,5.9649569205551716e-05,0.006117878049084051
930,6.920906016603113e-05,0.005984510991751678
931,7.429654651787132e-05,0.006061965335659155
932,7.938067428767682e-05,0.005579996934732583
933,0.00010086323867047516,0.005750801722247769
934,6.306267653902372e-05,0.0055572357923379095
935,0.00010588188694479564,0.005926468534263101
936,5.959718910162337e-05,0.005583973330130258
937,0.00011762052211755266,0.005928790893435009
938,8.909139529957125e-05,0.005556322260224443
939,7.22239536116831e-05,0.0059583909208263
940,8.650574454804882e-05,0.005445023646622192
941,3.5915021241332096e-05,0.005964527962597337
942,8.279854228021577e-05,0.005520652099622516
943,6.6260619496461e-05,0.00564541231371521
944,0.00010981854090156655,0.005363477379318297
945,6.732208833758099e-05,0.005288325514145723
946,9.906732884701341e-05,0.005495187635790175
947,6.174975812124709e-05,0.005542513811740819
948,0.00011045939851707468,0.005554130000216285
949,0.00011946234929685792,0.005334633666523329
950,0.00010982396003479759,0.005432968643882613
951,7.069067554160332e-05,0.005391403446047324
952,9.953221257698411e-05,0.0054724431325366175
953,0.00010113941486148785,0.005206703560382832
954,7.173914345912636e-05,0.00551446227312792
955,9.643125813454389e-05,0.005345347051428059
956,7.54655785082529e-05,0.00517491191830926
957,6.334457139018923e-05,0.005990329491869202
958,0.00010567121765537498,0.005291351923851047
959,6.60711491946131e-05,0.005492482378374873
960,7.150768166563163e-05,0.005257367750439119
961,8.483816830751796e-05,0.004800797616109604
962,6.938857962571396e-05,0.005281769039886673
963,9.585696655752447e-05,0.005149898544599222
964,7.030029955785721e-05,0.00520974805387925
965,0.00010543681758766373,0.005279579463847509
966,0.00011730572247567276,0.005212669216800393
967,8.026618428023843e-05,0.005146998970762012
968,7.628278544871136e-05,0.0052622649891991315
969,0.00013179191349384686,0.0049389995355892365
970,9.139522832507888e-05,0.004703749447884991
971,6.58830234897323e-05,0.0050468561716201735
972,5.999745990266092e-05,0.004971751224572264
973,6.248097585436578e-05,0.005184963719523329
974,7.249201201678565e-05,0.005303367481046305
975,8.272221845497066e-05,0.0048761730426995775
976,9.531778050586581e-05,0.005269041284918785
977,9.518515192515527e-05,0.004879814689964291
978,8.250131359091028e-05,0.005240929437669244
979,6.301279499894008e-05,0.004508266526120385
980,9.296628510734687e-05,0.004984207011348619
981,7.78136202522243e-05,0.004850815952293516
982,9.6085617163529e-05,0.004830849562280291
983,0.00010114838466203461,0.004898386010093483
984,6.011334310945434e-05,0.004960996289480859
985,6.858839866860459e-05,0.005126888915075092
986,9.51945713798826e-05,0.004664639194356644
987,4.637450838345103e-05,0.004782174838574853
988,7.188871531980113e-05,0.004685064147072514
989,6.865460066668068e-05,0.005088373168012288
990,0.00010370502714067698,0.00450026119993193
991,0.00010147051070816815,0.004891810938715935
992,0.00010298038056741158,0.0048690522236265535
993,7.818736436699207e-05,0.004922112985330773
994,0.00011288127085814873,0.004751979021399509
995,0.00011335116384240489,0.004675543859718353
996,6.8725489351588e-05,0.004339497235757629
997,8.029349555727094e-05,0.004893924219636466
998,0.00010004881381367644,0.00456073862595821
999,0.00010873240244109183,0.00482733093759441
1000,0.0001002511431579478,0.004502931008423407
1001,0.00010339808844340344,0.005075830328241577
1002,0.00012772668851539492,0.004329166133103408
1003,0.00010539102077018469,0.004586566833588552
1004,0.0001181188301416114,0.004262450708472353
1005,0.00011062073754146695,0.004330497095728014
1006,9.104032675774457e-05,0.005033154414570707
1007,9.632904790729905e-05,0.004431471888591924
1008,6.142241133299346e-05,0.0049733824617280735
1009,9.568698806106113e-05,0.004330283258198284
1010,0.0001266252559920152,0.004577591223275568
1011,8.845190168358386e-05,0.0041303896220532925
1012,0.00010085443112378319,0.0042394757212147
1013,9.899809762525062e-05,0.004191282403281355
1014,9.800118762844552e-05,0.004073402448373986
1015,7.183308577320228e-05,0.004500655274046218
1016,7.678663387196138e-05,0.004279274200125942
1017,6.798470227901514e-05,0.004275154645048727
1018,6.118887734677022e-05,0.004199411646704974
1019,5.307324366488804e-05,0.004236970353490255
1020,9.41858006020387e-05,0.004168668050524287
1021,9.275940731943896e-05,0.004221084212341647
1022,7.172827815035513e-05,0.004433245647434644
1023,8.089314796961844e-05,0.004362909350632213
1024,7.731023773279351e-05,0.004374135329615413
1025,5.604996743689601e-05,0.0039871605553143605
1026,6.973507018604626e-05,0.004278747944205295
1027,6.0613060001439104e-05,0.0039109520350150235
1028,5.924655561102554e-05,0.004058301940149679
1029,0.0001161963392708761,0.0041641586526172366
1030,8.426272397628054e-05,0.0042086005225542965
1031,5.976246854212756e-05,0.004410457650683527
1032,0.00010585336519094804,0.004162235750164103
1033,5.993287971553703e-05,0.003919686264116463
1034,8.79061941911156e-05,0.004102637316650293
1035,7.707594437912727e-05,0.003901657861048781
1036,6.699070703083028e-05,0.004011842297522101
1037,8.100962149910629e-05,0.004117534833219577
1038,5.286552671653529e-05,0.0040454470706502285
1039,9.494424060297509e-05,0.0038002883047452123
1040,6.217565193461875e-05,0.004035837904322805
1041,8.107514198248585e-05,0.0037029300647692417
1042,0.00010480615431636882,0.004124471998414186
1043,7.792413525748998e-05,0.0038066750289652293
1044,6.53150358023898e-05,0.00418048397469239
1045,7.493058413577576e-05,0.003669219252866084
1046,6.857860159167709e-05,0.004004659417166015
1047,5.007293657399714e-05,0.004088433320069407
1048,8.946939633460715e-05,0.0036119657942629236
1049,6.154637085273862e-05,0.004236754968645066
1050,7.522222197925051e-05,0.0037847937150733675
1051,0.0001094928903815647,0.003983762980563434
1052,0.00010508487903280184,0.0035554079309575203
1053,7.573385179663698e-05,0.003985710434732944
1054,5.989723867969587e-05,0.0036681490605623705
1055,8.79633846731546e-05,0.003931608806386238
1056,6.226288993881705e-05,0.0038620225029198205
1057,8.227751047040026e-05,0.003992188648562732
1058,8.911051215060676e-05,0.003678501715634282
1059,7.370322903928657e-05,0.00376292523436659
1060,7.156026670903277e-05,0.0036660005067159812
1061,7.849140965845435e-05,0.0037589387850850585
1062,9.752388335376357e-05,0.00342486953494821
1063,8.154582586333466e-05,0.003601257674630702
1064,8.167229304187154e-05,0.0037647160650120946
1065,4.780755868220391e-05,0.003437540317907577
1066,5.976496468065307e-05,0.0036840836158183615
1067,7.823226333130151e-05,0.0034688381316858954
1068,7.69521032149593e-05,0.0034505287258643803
1069,5.953681538812816e-05,0.0036064623231728244
1070,7.757697555158909e-05,0.003424081834047798
1071,0.00010224081149014334,0.003745991963981174
1072,7.347188269098599e-05,0.0033577240262855227
1073,0.00010453782742843032,0.0034573972298521695
1074,9.806590678635984e-05,0.003293358383509587
1075,8.976420916345281e-05,0.0035318399918830303
1076,8.516501839039847e-05,0.00332655402736401
1077,0.00011851271313692754,0.0033389909346917953
1078,9.547666122671217e-05,0.003385628023602831
1079,9.400139679200947e-05,0.003335008141034701
1080,6.699889005782704e-05,0.003386677972473732
1081,9.682071637750293e-05,0.0032813737762901257
1082,5.5208873042526345e-05,0.0031747637815245492
1083,9.805240551941097e-05,0.003178604511822772
1084,8.175620071900387e-05,0.00329802197763535
1085,9.014722648619985e-05,0.0033098415757610105
1086,0.00010601047930928568,0.0033368599219761024
1087,6.897462590131909e-05,0.0031752347154176143
1088,6.133467250037938e-05,0.0033265631572585407
1089,8.594299918816736e-05,0.003217182224836406
1090,0.00010245490484521725,0.003119201491051537
1091,7.258400340409329e-05,0.0031772371176190264
1092,7.827734370948746e-05,0.003195531178617806
1093,7.520162616856397e-05,0.0031072348796241864
1094,8.344040494800235e-05,0.0030437299292387925
1095,7.815977611850637e-05,0.0030935208137169126
1096,8.435179236888264e-05,0.0030637427057161573
1097,4.5849849023701e-05,0.0032409384047363218
1098,4.4227088316498946e-05,0.0032206091582481786
1099,7.891330557564894e-05,0.0032492084611999237
1100,6.818433030275628e-05,0.0031355749265708794
1101,7.66822932443271e-05,0.003094357629049951
1102,8.499148728636404e-05,0.003164530684071498
1103,7.595537657228609e-05,0.003178247232283429
1104,7.263957474303121e-05,0.0031412193756990545
1105,9.290642628911883e-05,0.0032182788901676342
1106,7.211674625674883e-05,0.00311125578050773
1107,9.423418863055607e-05,0.002979614771902561
1108,5.707557429559529e-05,0.0028139331018713514
1109,5.424673193677639e-05,0.0031486672906601053
1110,6.93423537692676e-05,0.0029985236267991893
1111,6.2719224661123e-05,0.00319391893457592
1112,7.472632908805584e-05,0.0028565311291086394
1113,9.041672553090999e-05,0.002867029708494821
1114,5.809783275860051e-05,0.0028898804265213764
1115,9.020119711446265e-05,0.00291666917972208
1116,6.969920456564674e-05,0.002930405377373686
1117,6.450954436634978e-05,0.00315932438921506
1118,7.47468007223991e-05,0.003175739569252166
1119,6.127841358344691e-05,0.0029612406978280995
1120,6.355699612565028e-05,0.0029716034031172438
1121,5.051662107386316e-05,0.0029415001205395997
1122,9.837489293810601e-05,0.0028249177473091236
1123,8.08716353882725e-05,0.0028608495802215235
1124,6.269962953714033e-05,0.003094282063589556
1125,0.00010586381249595433,0.003038231096428445
1126,5.678364856673094e-05,0.0028601671847712806
1127,8.908279802805434e-05,0.0028374349280429166
1128,7.445180769233654e-05,0.002812988568449349
1129,6.813578753887366e-05,0.0028008285022568047
1130,4.914219801624616e-05,0.0029550711807655537
1131,5.4410173712919153e-05,0.0029352382118777026
1132,8.232163915333028e-05,0.0028381942016050573
1133,6.704537518089637e-05,0.0028998203296947667
1134,8.427875582128763e-05,0.002557630632366017
1135,6.995048461249098e-05,0.002891757914165812
1136,6.612261834864815e-05,0.0027619852046445598
1137,7.296585439083476e-05,0.002942788759319801
1138,7.584324678949391e-05,0.002553686774592465
1139,8.072954175683359e-05,0.0028206072014382503
1140,8.317687024828047e-05,0.002498033969831748
1141,7.338495694663531e-05,0.0027240408056481615
1142,8.80154965367789e-05,0.002612207840218788
1143,9.537903048718969e-05,0.0027934487131754246
1144,8.240160047231862e-05,0.002414842744863878
1145,8.109772703998411e-05,0.002641278392393289
1146,6.947484507691115e-05,0.0020758757389729887
1147,6.470209433852384e-05,0.002859800914669131
1148,8.040735944329451e-05,0.002386294616987621
1149,9.510987632287046e-05,0.002973170005019725
1150,8.361090440303087e-05,0.002267718223458904
1151,8.408788805051397e-05,0.002800913707272509
1152,7.894667845296984e-05,0.002345081675416372
1153,0.00011864853537796686,0.002572207601638291
1154,9.706745089109367e-05,0.002202817524863979
1155,0.00011721281456023765,0.0028248956815640287
1156,9.878458319387088e-05,0.002181841210850815
1157,9.017791405009726e-05,0.0026304282460684384
1158,7.156483091724416e-05,0.002280980454919141
1159,6.317200895864517e-05,0.0022847368125253776
1160,5.862244822007294e-05,0.002297469825432526
1161,0.0001002217836988469,0.002499407017970179
1162,9.091152751352637e-05,0.0022798021301979154
1163,7.96703602342556e-05,0.0025718254147200133
1164,8.392807212658227e-05,0.0022787475283807656
1165,6.885693486159046e-05,0.00259066935936649
1166,0.00010837858911448469,0.0021691530004261045
1167,8.659514181393509e-05,0.002260200184307934
1168,7.362727289243291e-05,0.0022019547461642054
1169,7.309168140636756e-05,0.0023267086353299655
1170,7.974053053961446e-05,0.0023662547258234867
1171,7.465946934341143e-05,0.0022623057763172887
1172,8.3360220984711e-05,0.0024730326373159418
1173,7.752082989706347e-05,0.0023065318910801035
1174,8.724067107929538e-05,0.002284682003825199
1175,5.885529002019515e-05,0.002332068272081651
1176,4.0033701588981784e-05,0.0021425538007023297
1177,5.9868787260105213e-05,0.0024513504321239596
1178,9.53544348400707e-05,0.002306486883266704
1179,8.671735704410822e-05,0.0022139160996522958
1180,7.915510856643474e-05,0.0023598617133427794
1181,6.504178236355074e-05,0.0022463663297844685
1182,9.141585517985125e-05,0.0024475011109249796
1183,7.977926191718629e-05,0.0021015033089211137
1184,8.783090015640482e-05,0.002549072786226986
1185,0.00010856883842886115,0.002043541685832063
1186,8.459872672877585e-05,0.0024172835213344865
1187,7.900459556064258e-05,0.002117168638620555
1188,6.386143941199407e-05,0.0023418094038845988
1189,7.152636050401876e-05,0.002225232570923454
1190,9.152286462873841e-05,0.002471236255401232
1191,8.227697010928144e-05,0.002118640346452594
1192,6.828409677837045e-05,0.002222731914811247
1193,7.048911356832832e-05,0.0022577984060534813
1194,6.35568222302633e-05,0.0024507938202206546
1195,4.146515323858087e-05,0.0022846943200162547
1196,9.89250799951454e-05,0.002461508763440716
1197,8.320875543480119e-05,0.002018231926045901
1198,0.00011193250053717444,0.002174889250827117
1199,7.37534030728663e-05,0.002130188935208978
1200,8.35572825356697e-05,0.002182884537798213
1201,8.506485319230706e-05,0.0022382790765424414
1202,7.785494672134519e-05,0.002219377041567029
1203,0.0001458820498858889,0.0022203549962696127
1204,7.711372066599627e-05,0.0021855845629406255
1205,7.570726835789779e-05,0.002233594472659385
1206,6.612257178251942e-05,0.0021371285845415565
1207,7.393084621677796e-05,0.0018610482115122512
1208,8.751478720417557e-05,0.0022535205958044437
1209,7.106948954363665e-05,0.0017782236966414479
1210,9.730476607122303e-05,0.0022401190032874507
1211,8.01858264215601e-05,0.0022280551346502905
1212,7.005327594621728e-05,0.0019590482904069772
1213,6.0858685416557515e-05,0.0022068479626373514
1214,7.090721919666976e-05,0.0018763177034511107
1215,8.043351990636439e-05,0.002168785426839013
1216,7.83057247948212e-05,0.0020295784508032122
1217,9.066196313748757e-05,0.001926426537422918
1218,5.3519685267625997e-05,0.002081476320607925
1219,6.299837186816149e-05,0.0020166995979141534
1220,7.923990585065136e-05,0.0021649537146032796
1221,5.325875002502774e-05,0.002030159484257731
1222,5.794221021157379e-05,0.0021009556747474305
1223,5.377164828435828e-05,0.0018567520424752958
1224,3.395663807168603e-05,0.0021595444464249406
1225,5.123389055370353e-05,0.0019242744416174456
1226,9.482675231993198e-05,0.00224065910438149
1227,0.0001237960095750168,0.001988295847036707
1228,4.109808287466876e-05,0.002212385302336197
1229,0.00014126430129787575,0.0020598489167828727
1230,7.524591346736997e-05,0.0021700156416274664
1231,9.901253506541252e-05,0.0017513114845336187
1232,6.756759976269677e-05,0.002208634774662613
1233,8.407300119870343e-05,0.0017616461988127841
1234,8.31675652686196e-05,0.002267440304336116
1235,8.678554295329377e-05,0.0018636094512579245
1236,6.815210799686611e-05,0.002003357555042571
1237,4.672905682430913e-05,0.0019457135019515911
1238,7.793592909971873e-05,0.001917833581522811
1239,5.605962869594805e-05,0.002092812560484048
1240,7.699393281654921e-05,0.0016782907145757844
1241,6.772860845861335e-05,0.0021581459152475585
1242,7.250765217274117e-05,0.001701661035433177
1243,8.755586944365253e-05,0.0025109976207412133
1244,8.505714237495946e-05,0.0019062895797134385
1245,7.946527330204844e-05,0.0022536140177252255
1246,6.166859457152895e-05,0.0017418111252825795
1247,5.332424431495989e-05,0.0020260693245076054
1248,8.499049484574546e-05,0.0017475790938171814
1249,6.86507342228045e-05,0.0020546812369803507
1250,6.92885301153486e-05,0.001764588158827011
1251,7.406935134592155e-05,0.0020024567717818295
1252,7.123697044638296e-05,0.0020576858834370853
1253,8.56936547885804e-05,0.0016703480711632121
1254,7.170631312571155e-05,0.002246523910297418
1255,8.51288619742263e-05,0.0015865395974925184
1256,0.00010383830910238127,0.0030679413022136125
1257,0.00010058816599970063,0.0011339810673206105
1258,0.00010228796163573861,0.0023346534090512615
1259,0.00012464302320343754,0.0011908289413591186
1260,9.633348187586914e-05,0.0019236456283815498
1261,7.089388673193752e-05,0.0017292290012990161
1262,5.740261622122489e-05,0.0017135056161035702
1263,6.636133233162885e-05,0.0019996077735270337
1264,8.499773490863541e-05,0.0016479479610978618
1265,9.471577844427278e-05,0.0022060506093484443
1266,9.949608550717434e-05,0.0017419341056952326
1267,9.456434248325726e-05,0.002023334684598399
1268,8.851208646471302e-05,0.0017498860953331697
1269,0.00010725070023909211,0.001776988882072798
1270,7.859041021826366e-05,0.0016209033765192107
1271,0.00011290534360644719,0.0017140374507931039
1272,8.722172109022115e-05,0.0015360362530781294
1273,9.787768746415774e-05,0.0024167390276245244
1274,0.00010866644200480853,0.0014892318560998504
1275,8.60711947704355e-05,0.0021936889301516172
1276,8.219792362069711e-05,0.0012457882032150358
1277,9.79545759037137e-05,0.001999583977135265
1278,0.00012041956748968612,0.001164808427533648
1279,8.536272168081874e-05,0.0017711110688071316
1280,6.430561770685018e-05,0.0014754182120095792
1281,0.00011084159195888788,0.0017265359024099243
1282,6.873809131017576e-05,0.0016626606889685073
1283,0.00010632018966134637,0.0019273121261925209
1284,9.394133376190439e-05,0.0015805784015234295
1285,9.309060696978122e-05,0.0015920547614475405
1286,0.00010244186463144918,0.0018897243449097778
1287,9.869122198627641e-05,0.0011457058227085691
1288,8.09382283478044e-05,0.001949659763197378
1289,6.583546055480838e-05,0.0012056074319700674
1290,0.00011999678730110949,0.0022727691946096544
1291,6.506267406318027e-05,0.0013376785108570274
1292,5.926791151675085e-05,0.0019300821416930655
1293,9.715842849497372e-05,0.0014296844601631165
1294,5.7315240458895765e-05,0.0016663260391260694
1295,9.345307965607693e-05,0.0014649933574383887
1296,0.00010502890315062056,0.0016032871515233452
1297,7.232923720342417e-05,0.001552868199967376
1298,7.96453144478922e-05,0.0016153411844407948
1299,7.746835326543078e-05,0.0017205309911125053
1300,6.468073988799005e-05,0.001396803952584879
1301,9.129988902714103e-05,0.0017596076326958073
1302,8.234064735006541e-05,0.0012663344111968214
1303,8.540364021124939e-05,0.0017481959318580824
1304,7.324269487677763e-05,0.0013996756903269863
1305,5.3129581404694665e-05,0.0016451062649253784
1306,7.488697689647475e-05,0.001642202230639697
1307,8.086952584562823e-05,0.0016695963545137738
1308,8.604559843661264e-05,0.0014997323017978059
1309,8.486642133599768e-05,0.0014379425991810565
1310,6.162549446647366e-05,0.0013754504135127846
1311,7.334680267376826e-05,0.0017405290295934583
1312,6.797403572515275e-05,0.0014030967855562023
1313,8.167225217524295e-05,0.0019181564369598243
1314,4.378141068931048e-05,0.0012213557685439393
1315,6.448871815033878e-05,0.0017934492954206982
1316,8.306696545332671e-05,0.0013313774490640974
1317,9.333747681618357e-05,0.0014337296790157363
1318,5.5887472505370776e-05,0.0015618193465629666
1319,7.441234095798185e-05,0.0012948343211300964
1320,6.48652979483207e-05,0.0017481814120258168
1321,5.947433188945676e-05,0.0013592114734397394
1322,9.487711940892041e-05,0.0018657732490948804
1323,9.106112896309545e-05,0.0011169483379174874
1324,0.00010586674713219206,0.0021372286045527834
1325,5.759659373628286e-05,0.001213355715877897
1326,7.085758649433652e-05,0.0020074525840697794
1327,8.066613809205591e-05,0.0011956271445965321
1328,9.703562876287228e-05,0.0019108482515512724
1329,7.244006871284606e-05,0.0013964939596659439
1330,9.478602466212275e-05,0.001763318384828882
1331,3.785954031627625e-05,0.0011664891036183346
1332,6.971020435836787e-05,0.0017764989843988043
1333,5.174197794985957e-05,0.0012658938369530393
1334,9.017873320165866e-05,0.001716463898095911
1335,5.612770328298211e-05,0.0014080523163094883
1336,6.021614450825534e-05,0.0015383150050871251
1337,8.378394219713907e-05,0.0014419368217061237
1338,8.138893560195962e-05,0.0014391175176082986
1339,7.579739321954549e-05,0.0015758050359990887
1340,7.252592962079992e-05,0.0014581947090602882
1341,8.055339761388798e-05,0.0013143662894951312
1342,8.861175059185674e-05,0.0015800413290610698
1343,6.588974938495084e-05,0.0010616823592714555
1344,9.051284978340845e-05,0.001923379037294566
1345,7.885664381319657e-05,0.001027402616523969
1346,7.147452076120923e-05,0.0016033669207685106
1347,8.070508483797312e-05,0.0012406589468853093
1348,8.909947500796988e-05,0.0016386372011565553
1349,7.118108430101225e-05,0.001705210016101716
1350,8.209554265098025e-05,0.001313560459887477
1351,0.00010689163076070448,0.00150703326578978
1352,7.485432894706415e-05,0.0012617666122144249
1353,8.323961180091525e-05,0.001492151646786846
1354,6.052162304210166e-05,0.0012203877604764512
1355,6.214381161650332e-05,0.0017174665896793988
1356,6.843389904436966e-05,0.0013913622549478347
1357,7.346944767050445e-05,0.0014279306010071804
1358,6.550968440327173e-05,0.0012901441549779628
1359,6.355637257608275e-05,0.001211207339862787
1360,6.381303646776359e-05,0.0017576066238116327
1361,9.200369143703331e-05,0.0010870268685728545
1362,7.907549928252896e-05,0.0019537720198589048
1363,8.567396240929762e-05,0.001114954581616197
1364,6.522035740393524e-05,0.0012564464448401192
1365,6.994915747782215e-05,0.0013537915363013157
1366,6.66113171367518e-05,0.0012929777809103408
1367,8.761534118093551e-05,0.0016187854573189273
1368,0.00011005447110316406,0.001409149579300479
1369,9.286645314811418e-05,0.0014916021857176004
1370,7.81909625705642e-05,0.0014647653905718815
1371,6.173149401244397e-05,0.001317280777326719
1372,5.353732837344675e-05,0.001660879519878058
1373,7.872892504868408e-05,0.0014437390949694426
1374,4.8794403119245545e-05,0.0013367160778918017
1375,6.835932241907964e-05,0.001477324379072708
1376,7.655502898463358e-05,0.0013857020026688852
1377,5.540717999489667e-05,0.0015028491414584748
1378,4.9461453454568985e-05,0.001707154971466759
1379,8.986564304602022e-05,0.0017575481209874623
1380,4.86872042529285e-05,0.001481295796111226
1381,9.073519104276783e-05,0.0015808577139634552
1382,0.00010680113725053767,0.0014542320882534887
1383,0.0001426449433589975,0.0012450223691453496
1384,8.732569306933632e-05,0.001736488933931655
1385,8.47123927087523e-05,0.001199471361854473
1386,7.571667714122062e-05,0.0017184091302910893
1387,9.135480650002137e-05,0.0011644168925566936
1388,8.338022647270312e-05,0.0016998496588583537
1389,4.299648984063727e-05,0.0013064579290198528
1390,9.140260226558894e-05,0.0015062398119558265
1391,6.226993185312798e-05,0.0013589051196454312
1392,8.144306969673684e-05,0.0013279091093806536
1393,8.330536851038535e-05,0.0015467051682465775
1394,7.946402280746648e-05,0.001392964329607198
1395,9.582973192057883e-05,0.0016696995809879593
1396,7.615169452037662e-05,0.0011642518935461095
1397,5.303346394308998e-05,0.0013182416208103065
1398,6.072871159024847e-05,0.0014564447374427764
1399,6.181300001723381e-05,0.0015215037553754495
1400,5.884136965808769e-05,0.001474032318769536
1401,6.393328270254036e-05,0.0013348642373677549
1402,6.586998836913457e-05,0.0013538935867057542
1403,7.841867021246192e-05,0.0011762583428465826
1404,0.00010610613874935855,0.001504548047082572
1405,8.420956874033436e-05,0.001473546002470837
1406,6.64234295982169e-05,0.0012918624469614405
1407,7.612130333048603e-05,0.0015509680104185278
1408,7.128907600417733e-05,0.0010709629855192024
1409,7.275755415321327e-05,0.0016833117165727409
1410,7.438199972966685e-05,0.0010728248945936032
1411,8.217128730999926e-05,0.001407197513434244
1412,7.35810676511998e-05,0.0013983336884132403
1413,5.152237523968021e-05,0.0012180126504972577
1414,9.48732030034686e-05,0.0016961808639072526
1415,5.997539495486611e-05,0.0012173469739372102
1416,7.359525770880281e-05,0.0015487668753462278
1417,0.0001024128490826115,0.001127794637036781
1418,9.598596370778978e-05,0.0012944143808146162
1419,8.582409985441094e-05,0.0016455491931419673
1420,7.18683649514181e-05,0.0011912432818226223
1421,9.385905383775631e-05,0.0015254819455857234
1422,8.407792192883789e-05,0.0011567612202456733
1423,7.237471387876819e-05,0.001289099314631381
1424,3.234476437986207e-05,0.001362846703195255
1425,9.223873979256799e-05,0.0011767329011977774
1426,7.777673066205656e-05,0.0014330353615365512
1427,7.556654648700108e-05,0.0012378350485072243
1428,6.55148515458374e-05,0.0015678036890146652
1429,7.943379071851571e-05,0.0011842103040681814
1430,8.984485417992497e-05,0.0014122747596147962
1431,0.0001020130492785635,0.0012244030431748962
1432,8.172985205116372e-05,0.0013547129654068882
1433,7.449533829155068e-05,0.0014613298240931719
1434,8.151373864772419e-05,0.0009944473221846746
1435,6.734295311616734e-05,0.0016193242915942677
1436,8.42304201796651e-05,0.0011173477029706549
1437,6.945556354670165e-05,0.0016434538099313462
1438,6.199210389847091e-05,0.0012651559297274064
1439,6.73488485820902e-05,0.0012847410210620935
1440,7.606142656489586e-05,0.0011578799614052134
1441,7.123857891807953e-05,0.0011239136481202962
1442,8.83354824812462e-05,0.001667473063708877
1443,8.727423313151425e-05,0.0010508810418408628
1444,7.821227239522462e-05,0.0017006348939539175
1445,9.805857165095707e-05,0.000973463998044159
1446,8.816869182434553e-05,0.0014205340637026105
1447,7.343725446844474e-05,0.001277953282724626
1448,7.296850065661905e-05,0.0014701399330680413
1449,9.466126696982732e-05,0.0012753728894502158
1450,6.272994942264631e-05,0.0012473408682785166
1451,7.260938679488996e-05,0.0011683130227982646
1452,7.963664781224603e-05,0.0013370116628105128
1453,7.367120027386893e-05,0.0014454605210000488
1454,9.551584856429448e-05,0.0010096679673544829
1455,8.770834441141536e-05,0.0017866213149647777
1456,7.569769610806057e-05,0.0008786307665240753
1457,0.00010371063253842295,0.0015153168740968301
1458,5.693320902840545e-05,0.0010818154647337698
1459,7.291572498312841e-05,0.0013986159625690518
1460,4.0828123261841634e-05,0.001071249073880952
1461,7.370932192619269e-05,0.001194814671065629
1462,7.895232217075924e-05,0.0012160219530772975
1463,6.392292513434465e-05,0.0011918787664814492
1464,6.478142749983817e-05,0.0015371644761281338
1465,0.00010637287341523916,0.00116274866649485
1466,9.65362601467253e-05,0.0016152766738526934
1467,8.662353987650324e-05,0.0008596970995807448
1468,9.683152990570912e-05,0.0014325364604665656
1469,5.777023228195806e-05,0.0010021288258639553
1470,7.511425016370292e-05,0.0014998687753879178
1471,5.9280055817604684e-05,0.0012630353109749752
1472,6.410969096274736e-05,0.001230218231414012
1473,8.750695366567621e-05,0.0012922839501755326
1474,7.70206888167498e-05,0.0011234761047998342
1475,6.260294806755458e-05,0.0013092275916078077
1476,5.416963491976882e-05,0.001065406330501822
1477,7.231303461594508e-05,0.0014490190999743742
1478,8.422353324325135e-05,0.0010705409721860032
1479,8.961794471057753e-05,0.0011081651974227426
1480,5.884671991225332e-05,0.0011887535064180536
1481,6.432612717617303e-05,0.0012859919834442026
1482,6.572990653997597e-05,0.0015954069452228275
1483,8.225235117909809e-05,0.0011341280467060254
1484,9.66814336910223e-05,0.001106768055895974
1485,8.092104932681347e-05,0.0012258410263131922
1486,7.935170627509554e-05,0.0011742594541879151
1487,8.24615412663358e-05,0.0012898085662713787
1488,8.429533190792426e-05,0.0013160956409341824
1489,6.487363837853385e-05,0.001216440983153293
1490,7.883853807773751e-05,0.0013723824884537168
1491,7.045566793143129e-05,0.0010882535226107758
1492,6.759711250197143e-05,0.0010448910734124892
1493,0.00011385428030431891,0.0014949579802011764
1494,9.061112262619039e-05,0.0010637264729910128
1495,5.67419114910687e-05,0.0011604308035210009
1496,6.371375056914985e-05,0.0011346369966182593
1497,9.683038564010834e-05,0.0011437117070780965
1498,8.657216482485333e-05,0.0014752777720486202
1499,8.208034560084343e-05,0.0010715591822985531
1500,6.416793233559777e-05,0.0012930934555740571
1501,8.386699992115609e-05,0.0012144845686706267
1502,0.00010914697995758615,0.0011728363181281044
1503,0.00010433678204814593,0.00137479818246408
1504,0.00013960294066540276,0.0011307501750191541
1505,0.00013416783040156587,0.001064892522770706
1506,0.0001425779487666053,0.0012747653252188499
1507,0.0001205304688483011,0.00102619840497679
1508,0.00012256449311583614,0.0012212744629831883
1509,0.00010411676776129752,0.0012592373692657886
1510,0.000108687733397043,0.001125042811659436
1511,8.510124850242088e-05,0.0015115065749470643
1512,9.167125002325822e-05,0.0009485076412587888
1513,7.903542961381996e-05,0.001090129342857807
1514,7.242725308363637e-05,0.0012506947781171973
1515,6.779838295187802e-05,0.0008868338131367808
1516,7.535082744046425e-05,0.001430648966604389
1517,5.898782413472266e-05,0.001038153851991446
1518,7.663131497489909e-05,0.0012226359786715094
1519,6.094221753301099e-05,0.001223752998350936
1520,7.634973007952794e-05,0.0008903894413951931
1521,9.01947341238459e-05,0.0012848873102054821
1522,6.265120852428178e-05,0.0011539928785591262
1523,6.533160873611147e-05,0.0011765453469477535
1524,6.763899194387099e-05,0.0010528460582241593
1525,5.8304423146182674e-05,0.0009057886250441762
1526,6.282599254821737e-05,0.0013652454115685047
1527,4.840000207574728e-05,0.0011348496466200416
1528,9.052957320818678e-05,0.001304153051395996
1529,6.0360858212031115e-05,0.0015083197009287716
1530,6.51267478436542e-05,0.0009635881242144296
1531,9.694933081239772e-05,0.0011511403135955334
1532,7.353758386064631e-05,0.0010362644249016022
1533,6.785056417963157e-05,0.0010418380220149329
1534,6.645839748671278e-05,0.0011117178121743006
1535,6.136872398201376e-05,0.0014954040956309462
1536,6.205703733333698e-05,0.001085137204985743
1537,8.376490829202037e-05,0.0010480883656854294
1538,5.98753074882552e-05,0.0012754318221860866
1539,8.944126893766225e-05,0.0008348320204284277
1540,7.765020006142246e-05,0.0014278868435126707
1541,9.64029236153389e-05,0.0008454113938812694
1542,5.960308141463126e-05,0.0013688674112268555
1543,9.52491580392234e-05,0.0012611967766305477
1544,9.818216203711927e-05,0.000835777900189044
1545,8.949274585271876e-05,0.0015708290436488436
1546,0.0001060560331097804,0.0008475342568369421
1547,0.00010932183989401286,0.0012498734735216447
1548,0.00011012708807053665,0.0011183890384827248
1549,5.3756670119279686e-05,0.0008864593765456376
1550,7.982097207180535e-05,0.0012502031250468154
1551,8.113252551993355e-05,0.001000444028035217
1552,7.336941719889485e-05,0.0010060562828269706
1553,7.73056458759432e-05,0.00132312391074301
1554,9.798439471827199e-05,0.0009077157289904403
1555,6.552111541774745e-05,0.0012390098505191446
1556,7.250976244298121e-05,0.0010315255870617282
1557,4.888079517210523e-05,0.0008989033547292397
1558,0.0001038515338829408,0.00123692752644933
1559,0.00011304874594012897,0.0008042286726275797
1560,9.865346655715256e-05,0.0014533294505975026
1561,8.402796520385891e-05,0.0008178047270250074
1562,7.212862886566048e-05,0.0011069868108272319
1563,7.687889349957307e-05,0.0009501458883127857
1564,8.96913266236273e-05,0.0009716357499559036
1565,7.576657420334716e-05,0.0013729084574610113
1566,9.287171609078844e-05,0.0008213632354168148
1567,9.012680190304916e-05,0.0011795070673170404
1568,8.192385139409453e-05,0.0010744014206731062
1569,8.291553252396019e-05,0.0006838580878775962
1570,0.0001057353219948709,0.0009958360045799971
1571,7.22224086833497e-05,0.0010984644883194953
1572,6.376749200474782e-05,0.0009268816834586988
1573,9.02392571636786e-05,0.0017974439588573387
1574,9.203767209934692e-05,0.0007804504586072038
1575,0.00010739216328753779,0.0009673198196472322
1576,0.00011109177551891966,0.002691575194027011
1577,0.00015789952837318803,0.0007578378449758793
1578,0.00011582638059432308,0.0016882760903072051
1579,0.00010837863471048573,0.0007199830539234891
1580,8.920751764283826e-05,0.000828134279155473
1581,8.520677996178468e-05,0.0013742288702908228
1582,8.544950930324072e-05,0.0010482229573806146
1583,6.389782938640565e-05,0.0008250214746148567
1584,6.787022139178588e-05,0.0009907713495873238
1585,8.195462287403643e-05,0.0008320391838581808
1586,5.768077632334704e-05,0.0011343676280633611
1587,8.530896351051827e-05,0.0013852528045247272
1588,5.577467284941425e-05,0.000789347105415714
1589,9.24998166738078e-05,0.0011390645426375366
1590,5.47849956395415e-05,0.0009138457927170877
1591,8.092792268143967e-05,0.0009085983209821623
1592,9.716142861482998e-05,0.0013349629300609819
1593,0.0001186415902338922,0.0008769014111892357
1594,0.00011621132774356132,0.0009511542475808001
1595,0.00011080630550471444,0.000911044039145684
1596,0.00012600707123056054,0.000796302290006328
1597,9.801459176136025e-05,0.001355548441047069
1598,0.00015483873236613968,0.001096431639386473
1599,0.00016479503829032184,0.0008194943615895381
1600,0.00010579864707930635,0.0011194763649218372
1601,0.00012616665141346555,0.0007594929495643032
1602,8.894370306128015e-05,0.0010420084774208174
1603,8.26781082044666e-05,0.0011855657501182862
1604,0.00010917396915222828,0.0007157672405624249
1605,0.00011811131892803435,0.0019536197156183365
1606,0.00013528335839509963,0.0006786992626290358
1607,9.70689463429153e-05,0.0007430186270776033
1608,0.00011413962153407434,0.000874154411318646
1609,0.00010173634606568764,0.0007477201128151179
1610,0.000114245016205435,0.002938078038071788
1611,0.00013465944696993876,0.0008951557782298966
1612,9.674303873907775e-05,0.0007420375143516053
1613,0.00010994026670232415,0.0010687776336604068
1614,7.382273082233345e-05,0.0006172195406423012
1615,7.090336390926192e-05,0.0011181213267836866
1616,9.002058262315889e-05,0.0013982944619497211
1617,6.902607080216209e-05,0.0006667584527786234
1618,9.151267780301471e-05,0.0012456114632150848
1619,6.918273575138301e-05,0.0007181928389271223
1620,8.545284557233875e-05,0.0010643898024531742
1621,9.741877499133503e-05,0.0012512102087878982
1622,6.33643571442614e-05,0.0007175262654191029
1623,8.421590900979936e-05,0.0008177863061336405
1624,5.975311820899757e-05,0.0009144987680905271
1625,4.806089248935071e-05,0.0009074519431002174
1626,0.00010051969438791275,0.001091917662323988
1627,9.243207750841975e-05,0.0008819583548126581
1628,0.0001050708912468205,0.001016059244146908
1629,6.125041933652634e-05,0.0007523851036955785
1630,0.00010852237755898386,0.000879001701947331
1631,0.00010428847405516231,0.0010278920049955115
1632,0.00010044190081922958,0.0014006740846267836
1633,0.0001075997090083547,0.0009934067777467993
1634,9.475969224392126e-05,0.0009605554544355896
1635,7.647931828008344e-05,0.0007004092451355486
1636,7.961377268657088e-05,0.0010278579319724594
1637,6.294541187041129e-05,0.0010860341062079969
1638,7.619490885796646e-05,0.0009566270180255556
1639,8.247129420245377e-05,0.001174356818646486
1640,6.0030538831294206e-05,0.0008084114270163773
1641,8.925826211149493e-05,0.0012172454487767042
1642,9.776337440901747e-05,0.0009671660785482624
1643,0.0001353933781501837,0.0010101163327165944
1644,0.00011590210100015005,0.0008556238191356282
1645,8.464422232160966e-05,0.0009602057934540698
1646,9.141930446882422e-05,0.0010325311468620821
1647,0.00010039655486859071,0.001057343018941552
1648,5.57448865341333e-05,0.000850470613561732
1649,0.00010440861030171315,0.0011383230292868955
1650,9.541260466600458e-05,0.0007785818734120094
1651,0.00012337114094407298,0.0014603918896782704
1652,0.00018543691645997267,0.0008875900800669874
1653,0.0002464978916880985,0.0011723256788187199
1654,0.00019119880453217776,0.0010498360452044198
1655,0.00013160974679825207,0.0007935556091320532
1656,0.00017211111213934297,0.0013590071668415733
1657,0.00013658915365037197,0.000830881186672963
1658,0.00012597872118931265,0.0009832541743847066
1659,0.00012592079195504388,0.0010634245383956535
1660,7.19047719030641e-05,0.0009380934061482549
1661,7.343796096392907e-05,0.0010102177368784984
1662,6.526099944797655e-05,0.0009134602318169535
1663,5.3638186363969e-05,0.0008018688737840106
1664,5.3344371553976086e-05,0.0012608420568533008
1665,9.01706822332926e-05,0.000975719428947562
1666,6.819655245635659e-05,0.000802932888742419
1667,0.00010295432681838672,0.0008695452030854461
1668,0.0001017905519499133,0.0008605158082062862
1669,9.346699807792902e-05,0.0010580622245498941
1670,8.478681993437931e-05,0.0009848250073424768
1671,6.21513434452936e-05,0.0008123373934966108
1672,7.035797122322644e-05,0.0010602805547152213
1673,8.160407839265341e-05,0.0008316884714721401
1674,7.056321022294773e-05,0.0007468053837206882
1675,8.106244010074685e-05,0.001203642640625838
1676,0.0001097513585894679,0.0006156936963340891
1677,0.00010496239313700547,0.0007230700336843106
1678,0.00012497987578778216,0.0021698216185355047
1679,0.00015473084446663657,0.000699728997295913
1680,0.00012835138380372276,0.0011523617885266174
1681,0.00011020808791120848,0.0006146398138914415
1682,0.00011273244017502293,0.0007199447477826716
1683,9.366956977222193e-05,0.0012883567897507583
1684,6.43227149945839e-05,0.0007546399896469437
1685,6.612738070543855e-05,0.0014733095666188308
1686,9.066780427626023e-05,0.0010886915700920807
1687,6.198389067625006e-05,0.0005984746589035247
1688,0.00010154770764832695,0.0012109786845875654
1689,7.610547860773902e-05,0.0008734646143289063
1690,5.510026045764486e-05,0.0008428006590615342
1691,7.621353579452261e-05,0.000890430156508182
1692,8.586463227402418e-05,0.0007876513167087348
1693,0.0001197532246199747,0.000783238761167328
1694,7.046192476991563e-05,0.0010066759620433834
1695,5.574608197396932e-05,0.0007565731745750431
1696,9.298893176795294e-05,0.0012633096239727548
1697,0.00010213470086455345,0.0007548641002559154
1698,0.00011583187733776867,0.0011540717256482778
1699,0.00011698529512311021,0.0007574921918438939
1700,0.00010603321231125543,0.0008921674356473185
1701,0.00010826489451574162,0.001177549445139992
1702,8.79048660863191e-05,0.0006308728472905336
1703,0.00012098559721683463,0.0014803151308566214
1704,0.0001434967736713588,0.001115325556913992
1705,0.00012854590895585715,0.0005765518155356862
1706,0.00014774957671761512,0.0014267717208529963
1707,0.00010262487291280801,0.0007475429550491596
1708,0.00013828783800515037,0.0008291361743939938
1709,0.00011956067367767295,0.0010374155015626
1710,0.00012990579610535255,0.0007251614543912275
1711,0.0001477130155156677,0.0008203921193123142
1712,0.00012116438107720265,0.00133977208963016
1713,0.00013751520115571717,0.0007816097557253211
1714,7.635145545161018e-05,0.0007779635161282421
1715,6.789282536677396e-05,0.0007787167910357211
1716,0.00010587660556969544,0.0007527483110206099
1717,9.048441716004163e-05,0.001506680048870172
1718,0.00010116701305378229,0.0008227139370842273
1719,9.218229436858867e-05,0.0010980875657570703
1720,8.254555965928982e-05,0.0008065782934949756
1721,7.17331626219675e-05,0.00097957171484146
1722,6.68848369969055e-05,0.0007713749945987801
1723,6.490732970026632e-05,0.0010661549525203433
1724,5.261401990234541e-05,0.0008515168309549061
1725,8.211627864511684e-05,0.000711088255895705
1726,4.944572525952632e-05,0.0013168332548298704
1727,0.00010165449930354953,0.0006439550080523169
1728,8.23964326021572e-05,0.0010691013571707253
1729,7.708098758788159e-05,0.0008259902279237358
1730,8.652082178741693e-05,0.0007570556916780476
1731,8.212088675160581e-05,0.0015211698725658255
1732,0.00011877811290711785,0.0006416380535992225
1733,0.00011043221844981114,0.0011992725593177236
1734,7.022636843127354e-05,0.0007931948914449281
1735,7.538332526261608e-05,0.0008906514794514405
1736,9.900218380304674e-05,0.0010998425377334842
1737,8.424737801154455e-05,0.000684969385675206
1738,8.018281369004399e-05,0.0008307288135686068
1739,8.383971095706025e-05,0.0009696137427726365
1740,5.9927289839833975e-05,0.0007891277808972862
1741,8.087991106246288e-05,0.0011082802890931937
1742,9.02648112969473e-05,0.0007191895871417685
1743,0.0001244496418318401,0.0009050661624422091
1744,0.00012084742872199664,0.0010269235392874768
1745,0.00011813628710418318,0.0007791956925607015
1746,0.00011212741471050928,0.0014643464714112714
1747,7.818965411085324e-05,0.0007161694627180036
1748,0.00014763048093300313,0.0010529785516935834
1749,0.00015314386691898108,0.0009424628331930941
1750,0.00012279923248570412,0.0010326959639164349
1751,0.00011298883861551682,0.0012051113927003553
1752,9.257165559877952e-05,0.0007608502025727007
1753,0.00012423511361703277,0.0009951452091226253
1754,0.000154250153961281,0.0010480080448424694
1755,0.00014678729809626626,0.0007670145842414459
1756,0.00010878815179845938,0.0008498352983696973
1757,0.00011358601598961589,0.0008878951961464271
1758,0.00030406840184393026,0.001444434932264404
1759,0.0002273509259490917,0.0008930425486421051
1760,0.000130646779628781,0.0011704952160893815
1761,0.00010188365219316135,0.0007676899355907712
1762,9.855862396458784e-05,0.0007528527923969655
1763,8.215946945711039e-05,0.0010124816161426386
1764,7.001613072740534e-05,0.0012706762489562077
1765,8.740191406104713e-05,0.000781633932643944
1766,7.591266961147388e-05,0.0012753173213004773
1767,5.383308550032477e-05,0.0006242706825957619
1768,9.667361446190626e-05,0.0007438327916384506
1769,7.007878593867645e-05,0.0013874772501610748
1770,9.766741908000162e-05,0.0007979025164578756
1771,6.709163765966271e-05,0.0018255880192347515
1772,9.126777780087044e-05,0.0006757829503081079
1773,0.00010848984335704396,0.001088869937614897
1774,7.709906979774435e-05,0.0010034843736628847
1775,0.00010265515690358977,0.0008336418685521637
1776,0.00011180513974977657,0.0010149376453120467
1777,0.00015096971571135025,0.00070254577571979
1778,0.0001430930201119433,0.0008688568318396528
1779,0.00011082576432575782,0.0013059288933396516
1780,9.509850254592796e-05,0.0009613505740627998
1781,7.090346407494508e-05,0.0008280946226656715
1782,8.500712089395771e-05,0.0011338844196870923
1783,9.640744052982578e-05,0.000724738815526192
1784,7.756087191713353e-05,0.0013448161198610924
1785,0.00010956072461946557,0.0006846291211059712
1786,0.0001141252558833609,0.0012269617011587276
1787,8.299992817531651e-05,0.0008431302546706843
1788,9.548475451689834e-05,0.0008805892212540058
1789,9.557865366029242e-05,0.0011430571014318233
1790,7.051965609813729e-05,0.0007067716278685312
1791,7.503800879931078e-05,0.0010763567796262994
1792,7.081118298325843e-05,0.0008179671158574111
1793,8.466643193969504e-05,0.0007811900592403575
1794,7.752393236539016e-05,0.0011192180296978143
1795,9.005621056227635e-05,0.0006678996333638371
1796,9.132189928398779e-05,0.000999681704299979
1797,0.00011622316451393999,0.0008390111759108836
1798,0.0001500428537838161,0.0011571452656841477
1799,0.00015098193640975902,0.000798622177014087
1800,0.00026613879502595714,0.0008659322767181131
1801,0.00015348464366979898,0.0009575184441756413
1802,0.0001009994448395446,0.000905276993454588
1803,9.498735889792442e-05,0.0008413971588061389
1804,8.415553311351687e-05,0.0008452522435374962
1805,6.188225427952906e-05,0.0008177752156263423
1806,7.212853573340302e-05,0.0008589475037297234
1807,6.793272089756404e-05,0.0010396873465680525
1808,6.747520771265651e-05,0.0008544241860563918
1809,6.239050514219949e-05,0.0008286976422307881
1810,6.983877756283619e-05,0.0008536823260951714
1811,6.730773554105932e-05,0.000869717758092076
1812,5.956688049385169e-05,0.0008200506579339886
1813,5.5335807458808026e-05,0.0011790642463492128
1814,7.241257626446895e-05,0.0006627648532645884
1815,8.630669423534224e-05,0.0009517122660928559
1816,7.994429033715278e-05,0.0009545627103726138
1817,7.665109733352437e-05,0.0007532870606771362
1818,8.098588999321995e-05,0.0013637682670492707
1819,7.419078889749168e-05,0.0010771018239361504
1820,5.376135183420653e-05,0.000645615806020283
1821,6.235050071457711e-05,0.001015371589382421
1822,7.131011079763994e-05,0.0008543015828477146
1823,7.993941641567895e-05,0.0009745638902339439
1824,7.073181623127312e-05,0.0009184132873696663
1825,8.512806549939947e-05,0.0007480301814727617
1826,7.014154155816262e-05,0.0011957546807898898
1827,0.00012481700687203557,0.0006760812942183844
1828,0.00015488671100077528,0.0012241547930010367
1829,0.0001528255738473187,0.0009701763085863282
1830,9.318029527397206e-05,0.0007827997783530782
1831,0.00011096287150091181,0.001251496252691828
1832,9.445061829561988e-05,0.0008520981634684699
1833,8.818227118657281e-05,0.0006474576944379433
1834,8.411377251225834e-05,0.001225525667747908
1835,9.631045201482872e-05,0.0007446930067376307
1836,8.226824623610203e-05,0.0007646656822042877
1837,6.194892363661589e-05,0.0013676247065410195
1838,7.112328263853366e-05,0.0007435026931288601
1839,6.89407970639877e-05,0.0010000664594594212
1840,7.86751241927656e-05,0.0010266465260500572
1841,7.21490917688546e-05,0.0006293537003580778
1842,6.209105728582169e-05,0.0018376828983470094
1843,0.00014770027676907677,0.0006780544652027907
1844,0.0001693034874430547,0.0017400254031613939
1845,0.0002516667552602788,0.0010889874703404823
1846,0.00012061433711399635,0.0006671880903414553
1847,0.00014972047065384687,0.0020626899236299862
1848,0.00013843267515767366,0.0016410560108809256
1849,0.000174466361446927,0.0006906235782845738
1850,0.0002125397266354412,0.0022335149059952127
1851,0.00017936174117494375,0.0006456295219451687
1852,8.716418281740819e-05,0.0007606555974041295
1853,0.00010370565869379788,0.0019580536562304094
1854,9.127242228714749e-05,0.0006361218869656794
1855,7.03813440244024e-05,0.001119825587512588
1856,8.801999307858447e-05,0.0007934036301898103
1857,5.280147064089154e-05,0.0007505031016345437
1858,8.574285505649945e-05,0.0016243081002708848
1859,0.0001165621739346534,0.0006263411215893323
1860,9.002713098501165e-05,0.0009197026306000634
1861,0.0001154265832155943,0.0009329331659264569
1862,7.951280810326958e-05,0.0006896431407617134
1863,0.00011801839670321594,0.0011825343242417433
1864,0.00017304443802762154,0.0007525768314807228
1865,0.000132950818806421,0.0008093774821480927
1866,0.00010575121074604491,0.0010965409107491608
1867,0.0001322324698170026,0.0008482483941392503
1868,8.578807464800775e-05,0.0008809289443086627
1869,5.596845100323359e-05,0.0008338541353917057
1870,9.063130855793133e-05,0.0008055769536927467
1871,8.591706185446431e-05,0.0007734223354919942
1872,8.244101287952314e-05,0.0009700208620487265
1873,8.908410770042489e-05,0.000847005686015954
1874,5.553435136486466e-05,0.0008321062320940505
1875,7.520397436261798e-05,0.0007385187912111328
1876,6.734853668604046e-05,0.0007330694509826886
1877,6.194289599079639e-05,0.0010093157777771736
1878,3.88704453750203e-05,0.0007639993585996316
1879,8.734791287376234e-05,0.0009041788280156888
1880,7.274221764722219e-05,0.0007364024227924139
1881,9.429812477416515e-05,0.0007353414812099599
1882,6.964401933752621e-05,0.0009903397267193013
1883,9.59932377251486e-05,0.000973122556717685
1884,8.688548890252908e-05,0.0007416310092350872
1885,5.991424792834247e-05,0.0010146258183934644
1886,7.714874033505718e-05,0.0006813552311892478
1887,6.510832633163469e-05,0.0008597051739458024
1888,6.11419411143288e-05,0.0007679996154716561
1889,7.896076616210242e-05,0.0007470225095249324
1890,6.852119404356926e-05,0.0010061491258794397
1891,8.546167179398859e-05,0.0006635383449932083
1892,7.419784597004764e-05,0.0010619202255652705
1893,8.085993225298201e-05,0.00097925951117723
1894,0.0001361911155981943,0.0007158240523852965
1895,0.00010163967478244255,0.0012221739464256122
1896,0.00017450504916875312,0.000645944430088573
1897,0.00019614470850986738,0.001689134478224368
1898,0.0001773162104655057,0.0007389494709259881
1899,0.0001878107354665796,0.0008028889176670432
1900,0.00019819688944456478,0.002180649966778835
1901,0.00020197712971518436,0.0006960413735414906
1902,0.0001373028033412993,0.0009974706724357578
1903,0.00012727058298575382,0.0007062415190418728
1904,7.88475495937746e-05,0.0007067917530813555
1905,7.818200829206035e-05,0.00149366727206988
1906,0.0001313353597652167,0.000591659108561823
1907,0.00012710713781416416,0.0010062258050196776
1908,0.00013263977986449998,0.0008812972857098015
1909,0.00011753665166907013,0.0007838907332033997
1910,5.242458573775366e-05,0.0008999900210613942
1911,0.00011565987855040778,0.0007902375141921358
1912,0.00012341757052733253,0.000656128130435181
1913,0.00014691948987698804,0.0013055234705647966
1914,9.8405447594511e-05,0.000667207557280634
1915,8.53914738399908e-05,0.0007005783272760473
1916,9.21326044287222e-05,0.0008272891591475382
1917,8.203124792392676e-05,0.0007153497146904069
1918,8.841656526783481e-05,0.0009849316556937993
1919,6.544313024884711e-05,0.0008733443593639353
1920,8.909424262431761e-05,0.0007125915796255352
1921,6.835818542943647e-05,0.0008402756906520598
1922,6.316268869947332e-05,0.0007795474607053792
1923,6.70295296004042e-05,0.0007368619381871778
1924,8.601974356376255e-05,0.0008424436074830995
1925,6.717025923232237e-05,0.0007778033692647308
1926,8.78105628847455e-05,0.0008656345503762232
1927,8.234445316096147e-05,0.0009338748980474871
1928,8.896025634991626e-05,0.0006750806232886371
1929,6.341149661845217e-05,0.0010599817679168319
1930,7.6794829510618e-05,0.0007371084243137074
1931,6.148300793332359e-05,0.0008006571210791562
1932,5.121315383197119e-05,0.0007429429635063628
1933,5.27406795299612e-05,0.0007409354877854353
1934,5.4135360793831446e-05,0.0009562965661450472
1935,4.8352997206772365e-05,0.000628743361781157
1936,6.511505246938516e-05,0.0010158535091694093
1937,7.408265094757857e-05,0.0008660205745314226
1938,6.530642131110653e-05,0.0006770350146540496
1939,5.601452770254885e-05,0.0008340677507469196
1940,7.989147222057606e-05,0.0007361801974871837
1941,8.177633086840312e-05,0.0008394194282884673
1942,5.496083079682042e-05,0.0007642994811950897
1943,5.510853031106914e-05,0.0008385820884562801
1944,5.1148028675621995e-05,0.0007080545632719103
1945,5.909063038416207e-05,0.0008037033972997717
1946,9.811477114756902e-05,0.0010788294300620304
1947,9.666150144767016e-05,0.0006240808975199461
1948,8.69478909104752e-05,0.0009311445321618235
1949,5.701484139232586e-05,0.0006896781941627631
1950,7.449810024506102e-05,0.0008311336303192125
1951,7.662566931685433e-05,0.0011039644561792305
1952,0.00010560814116615802,0.0007018217292220578
1953,7.672648838100335e-05,0.0009496146810743371
1954,0.0001227469105894367,0.0008998417307432066
1955,0.00012930248873696353,0.0006277957766391997
1956,9.46773775164426e-05,0.0016431985523801033
1957,0.00011901600955752656,0.0006860421304077673
1958,7.297926773996248e-05,0.0006974295659554942
1959,9.380959042270358e-05,0.0007156257613999292
1960,8.599422387002656e-05,0.0008445813224442839
1961,0.00019369092769920825,0.001072529721024307
1962,0.00010133670487751563,0.0006242723515686693
1963,9.389445379686852e-05,0.0008569352501681566
1964,5.6582542310934517e-05,0.0008148276792494507
1965,7.34847907248574e-05,0.0006838574288018767
1966,6.459507858380675e-05,0.0007814300758947479
1967,9.51119523961097e-05,0.0009048419969484548
1968,8.117110749784236e-05,0.0007545513858423774
1969,6.214558622256543e-05,0.001008522323255728
1970,0.00010030806879512966,0.0007783180261344747
1971,6.039558696405341e-05,0.0007479486213394306
1972,8.081840545249482e-05,0.0008722330281083787
1973,0.00011256654494597266,0.0008486877461367353
1974,0.00010268574793978283,0.0011809291675554839
1975,8.693305159492107e-05,0.0007706694040258643
1976,8.580342982895672e-05,0.0007678998748686598
1977,7.326764462050051e-05,0.0006962605140698564
1978,3.91422656927413e-05,0.0008019674143123287
1979,6.879285574541427e-05,0.0012443187306488417
1980,6.426903322183837e-05,0.0007094101590807018
1981,8.600531339955827e-05,0.0008230362286774935
1982,8.61242059424209e-05,0.0007719498312290516
1983,7.146621743837992e-05,0.000988343198908361
1984,7.086077481896305e-05,0.0007032610843939832
1985,8.049158107799788e-05,0.0009604247310290509
1986,9.712518076412379e-05,0.0006800309962473395
1987,8.787613381476452e-05,0.0007749130932133421
1988,8.18415069564556e-05,0.0009022713945921892
1989,0.00010318560525774955,0.0007756374970923625
1990,0.00010492596678280582,0.0008772131040468666
1991,0.00010202336125075817,0.0009358863322903938
1992,0.0002299312133497248,0.0007790121019315561
1993,0.0002988361297563339,0.0010567529235109888
1994,0.0006563283735886216,0.0011274134806690988
1995,0.00031469889217987656,0.0008215559067848088
1996,0.00022403949600023528,0.0009854821906256394
1997,0.00016414003524308404,0.0006529857353197308
1998,0.00013898183242417873,0.0006113893753027646
1999,0.00014351031083303193,0.0012956788400408086
2000,0.00014843546668998897,0.0009694850069056375
2001,0.00012558925178988525,0.0007956857947948
2002,0.00015506134271466485,0.0008843774942181158
2003,0.00020903594462045778,0.0007618314831326972
2004,0.00015958755393512546,0.0009840786600060116
2005,0.00023625895264558494,0.0008140629282089199
2006,0.00025903152224297327,0.0007147563033710659
2007,0.00023339140267732242,0.0014458757112037362
2008,0.00019302569950620333,0.0007523959052270484
2009,0.00016471011428317677,0.0008386077799199069
2010,0.0001489722616194437,0.0007498515406041406
2011,9.490549564361572e-05,0.0006515057971765192
2012,9.150428716869404e-05,0.0016717834876644917
2013,8.962104232826581e-05,0.0006408694649207328
2014,7.499020139221103e-05,0.0008125433763722875
2015,7.043572113616393e-05,0.0012342076479112656
2016,0.0001579276480091115,0.0006880182810973351
2017,0.00010629608732415363,0.0009200479140904857
2018,6.472483340379162e-05,0.0012372042653774182
2019,7.97095000355815e-05,0.0007904626004669199
2020,5.5839056828214476e-05,0.0008465236942714637
2021,6.40674348687753e-05,0.0006294511980182348
2022,9.424039453733712e-05,0.001159280206500296
2023,0.00010857545663990701,0.0006862306102799108
2024,0.00010396350990049541,0.0008170347070453439
2025,7.393987446751756e-05,0.0012425104601631366
2026,7.171523078189543e-05,0.000633301513703122
2027,8.052310295170173e-05,0.0009999979610736372
2028,6.302655771529923e-05,0.000782666407414624
2029,5.073161446489394e-05,0.0006939135792052857
2030,6.50045807560673e-05,0.0012050334182677892
2031,7.437993917847052e-05,0.000694657818232773
2032,9.40858357353136e-05,0.0011345265908936756
2033,6.0498759557958694e-05,0.000681135745654451
2034,8.36582825286314e-05,0.0007849632203269578
2035,8.935243968153373e-05,0.001164419821502025
2036,0.00012883927556686103,0.0007243948861946055
2037,8.240366684428105e-05,0.000704884054543731
2038,7.80027185101062e-05,0.0007933835237397901
2039,0.00011204748686092596,0.0006297682084550615
2040,0.00012011198365750413,0.0013262737078562849
2041,9.223486801298955e-05,0.0007187309521378758
2042,9.334996890781137e-05,0.001025562202318445
2043,9.408674571507921e-05,0.0006567506046505556
2044,6.982420988303299e-05,0.0007992960555262599
2045,8.907336474900755e-05,0.001239185718091674
2046,0.00012272217766925073,0.0006505556326216512
2047,8.8458070725513e-05,0.0006853958606026978
2048,7.047489125397988e-05,0.0008253494861277231
2049,3.929291827565369e-05,0.0006712058458628966
2050,8.506124577252194e-05,0.0011473368419293959
2051,8.231755758364064e-05,0.0006906523647801547
2052,7.785538618918509e-05,0.0006818934725026883
2053,7.76991859311238e-05,0.0007439746395974671
2054,7.585791754536331e-05,0.0005887904671120722
2055,0.00014771351319116852,0.001292341600738715
2056,0.00013924641049622248,0.0006801460923864892
2057,0.0001420067860938919,0.0006700619035791175
2058,0.00012067253798401605,0.0012551932272548956
2059,0.0001618230763900404,0.0008580542373925623
2060,0.00012953231198480352,0.0011557887638754057
2061,0.00010354199718373517,0.00078614197275418
2062,0.00010112996096722782,0.0007050028685110256
2063,0.000127808788480858,0.000801002919558421
2064,8.057032634193699e-05,0.0006381387688240401
2065,0.00010427556650635475,0.000765876829457803
2066,7.725324636946122e-05,0.0008762976982883787
2067,6.485302922859167e-05,0.0006732246755008397
2068,8.365744918895265e-05,0.0009627906490102645
2069,0.00010893573344219475,0.0007324540553574165
2070,0.0001645034848479554,0.001012809675665367
2071,0.00018959568308976789,0.0008569293871785947
2072,0.00017618338267008464,0.0013121911372685087
2073,0.000558556243777275,0.00117188150532485
2074,0.0003489435650408268,0.0005971850290462305
2075,0.00043541469300786655,0.0010077143158164611
2076,0.00041873101727105675,0.0006772260968555059
2077,0.0002839193737599999,0.0027647031980794013
2078,0.00023952386885260543,0.0006558419815741304
2079,0.00018127694881210724,0.0007147772761756613
2080,0.00014891968748997897,0.0007685201735154168
2081,0.0001715379961145421,0.000628226615880858
2082,0.00014366242685355247,0.0016100647873941837
2083,0.00010997505548099677,0.0006083433410507081
2084,0.00010260978148532255,0.0010063874432826268
2085,8.761379746526169e-05,0.0006786975104409439
2086,8.260929074216013e-05,0.0008181724288293681
2087,0.00020235890600209434,0.0009179211591276904
2088,0.00022478848889780542,0.0009187233122569824
2089,0.00027844378200825304,0.0005710491314521206
2090,0.00020592834528846045,0.000983097996584719
2091,0.00025965120100105804,0.0006610740060500038
2092,0.00022832190637321522,0.001494632041133119
2093,0.0002112095768097788,0.000703874947026548
2094,0.00014427288357789317,0.0007225912222780808
2095,0.00013499868218787016,0.0007526334670191726
2096,6.855002720840275e-05,0.0006158336587172317
2097,8.527864320058142e-05,0.0013516859163339506
2098,5.474985033894579e-05,0.0007127361913742388
2099,8.439119507481034e-05,0.0010985146151987586
2100,8.156562398653477e-05,0.0005930039034693458
2101,6.340276740957052e-05,0.0007256276489288856
2102,4.74121596198529e-05,0.0008003800147438539
2103,5.4054959521939355e-05,0.0008107402499886156
2104,3.444077762348267e-05,0.000723592466432977
2105,6.658607089775615e-05,0.000821546817881992
2106,4.431942046115485e-05,0.0007021434033042284
2107,2.4630735909643895e-05,0.0008388579125043122
2108,5.952787226609265e-05,0.0007114583336153273
2109,4.0267238606854035e-05,0.0007469176099099187
2110,4.583651316352189e-05,0.0007427979228485515
2111,3.7977617709354186e-05,0.0006828740102275161
2112,4.019441306202983e-05,0.0008705777808653528
2113,5.0407140952302144e-05,0.000795454976554982
2114,5.303998768795282e-05,0.0006996916054622417
2115,7.759105549970021e-05,0.000706413628381776
2116,4.227465639511744e-05,0.0009278019527651692
2117,4.854641617081749e-05,0.0006522667916172173
2118,7.36626063977989e-05,0.0009247697310592781
2119,9.338511833144973e-05,0.0007176254812651405
2120,7.341775296178336e-05,0.0006424199836912994
2121,5.3848353127250447e-05,0.0010123805770390175
2122,6.652402080362663e-05,0.000806087709646617
2123,4.040201092720963e-05,0.0007446097190226942
2124,8.549628012891239e-05,0.0008850532180162635
2125,6.081514681379001e-05,0.0007359291864311557
2126,5.935293059640875e-05,0.0009848571110445288
2127,9.434072611232598e-05,0.0006634490671170019
2128,8.219028289507454e-05,0.0008618526862560465
2129,9.713444548348586e-05,0.0008262599842814457
2130,9.704100424035763e-05,0.0008763498336756896
2131,6.184844799766628e-05,0.0006790846756037955
2132,5.91171599808149e-05,0.0008280688746558231
2133,5.3884938824921844e-05,0.0007228585913196192
2134,6.296537885646103e-05,0.0007331862959154381
2135,6.14383359788917e-05,0.0008872345582156728
2136,7.168939822198203e-05,0.0007087531885476856
2137,6.440390012964295e-05,0.0007695053226791605
2138,5.724361108150333e-05,0.0008363921249580503
2139,5.102277427795343e-05,0.0007654044866643472
2140,5.288098861152927e-05,0.0007808981525760297
2141,4.654409228047977e-05,0.0009024319754923532
2142,6.719209486618637e-05,0.0007165230974609098
2143,4.4154285327143346e-05,0.0008247385789662248
2144,6.588775043686231e-05,0.0009056430496321258
2145,5.447574900851275e-05,0.0006746825616631205
2146,7.685463885233427e-05,0.0008084083503748356
2147,4.910244121371458e-05,0.0007345415426644599
2148,4.945969412801787e-05,0.0008073412567124093
2149,7.98713512873898e-05,0.0007942342172458394
2150,5.591858644038439e-05,0.00091448577162608
2151,0.00010235665734702101,0.0007923784781834953
2152,7.622799312230199e-05,0.0008940952875849417
2153,7.751706968216847e-05,0.0006532128096496737
2154,7.261388479188706e-05,0.0008897836830335904
2155,6.995522756672775e-05,0.000669716348944692
2156,5.933860423586642e-05,0.0008034152602116893
2157,5.743211028554167e-05,0.0008010892958314283
2158,5.7774506664524476e-05,0.0008153416408355601
2159,5.605138521787012e-05,0.0006756864320949695
2160,4.76441353384871e-05,0.0007598275893886196
2161,4.5900011294482586e-05,0.000817225674406981
2162,7.747372049683084e-05,0.0008154074362030906
2163,6.0789796407334507e-05,0.0006975941930901659
2164,5.03194676033066e-05,0.0008843129064876762
2165,6.386577642842894e-05,0.0007021805428999282
2166,9.147669625235722e-05,0.000802091914483467
2167,6.184860685607419e-05,0.0007019141677427418
2168,7.750043563040284e-05,0.0009124865974290443
2169,8.738661150952491e-05,0.0008020860211869636
2170,8.0390377358223e-05,0.0006533152927157807
2171,9.543046471662819e-05,0.0008277222434231575
2172,9.869735804386437e-05,0.0007827091577619142
2173,7.498508978945514e-05,0.0007153490833721791
2174,7.251602413210397e-05,0.000861765024072113
2175,7.798079750500619e-05,0.0007495612669339693
2176,0.00011659288526667903,0.0008307530182160759
2177,0.00017668309349877138,0.0008397372233828963
2178,0.0002570646679184089,0.0008891954865993192
2179,0.00017678567576998223,0.0006036116458809252
2180,0.00014960411742019156,0.000912856987671098
2181,8.11210076790303e-05,0.0008666023793520303
2182,7.301494042621925e-05,0.0006916331989859326
2183,6.622484773591472e-05,0.0010353219082375519
2184,9.65658623802786e-05,0.0006231370363219488
2185,0.00010659729644733792,0.001015412223829675
2186,9.126528748311102e-05,0.002029176011285561
2187,0.00011421220915508457,0.0006211917507315538
2188,0.00011853542528115213,0.0010000480322087527
2189,0.00011376300972187892,0.0006975335205124148
2190,0.00010339330377367636,0.0007674553567121047
2191,5.659893504343927e-05,0.0008346476627873095
2192,7.632511551491916e-05,0.0007097387385479446
2193,9.795629399983833e-05,0.0008656818120177527
2194,7.174367492552846e-05,0.0008541882463444875
2195,5.724552490088778e-05,0.0006705766473736386
2196,6.723713789445659e-05,0.0012043900304294273
2197,8.467106817988679e-05,0.0006269639766753072
2198,0.00011934702633880079,0.000933085033924669
2199,0.00017724565501945713,0.000741609850120144
2200,0.00010081565706059337,0.001023214636966366
2201,9.852206761327883e-05,0.0007086383614184492
2202,0.00010531573789194227,0.0007245228723228697
2203,6.19672573520802e-05,0.0007515152377977291
2204,6.365421140799298e-05,0.0009495201770410558
2205,0.0001080353424185887,0.0007304507687547625
2206,0.00011214421344144891,0.0008051666226542801
2207,9.47644313176473e-05,0.000823003651322059
2208,9.02844280062709e-05,0.000612885209064432
2209,0.00015316709565619627,0.002430580468393686
2210,0.00018768452670580397,0.0021219147574596518
2211,0.00020473798310073713,0.0016036782242764727
2212,0.00014185501592388998,0.0006700287406666453
2213,0.00011724078746434922,0.000873003371467119
2214,0.00010875118508314093,0.0014745150454430365
2215,8.709068497410044e-05,0.0006437035021738802
2216,7.44353523865963e-05,0.0009309301720808377
2217,7.848083599431751e-05,0.0006529237429004558
2218,7.382827849748234e-05,0.0009543748540844123
2219,6.937491804516563e-05,0.0009927639827557553
2220,7.969949316854278e-05,0.0006950501738460808
2221,6.588355269438277e-05,0.0007556732358553265
2222,5.267184363522877e-05,0.0007234995196121754
2223,4.406019434100017e-05,0.0008454890700855098
2224,6.906747827694441e-05,0.0007274306366253574
2225,6.710881280014291e-05,0.0006995574666524497
2226,7.533180663206925e-05,0.0008801839747349273
2227,6.17230548717392e-05,0.0007032560323585947
2228,5.683958782659223e-05,0.0006851512733292326
2229,7.60707300893652e-05,0.000898771724377449
2230,5.503348493220983e-05,0.0006822690047556534
2231,6.008577159567115e-05,0.0010473232894611553
2232,7.151562652628248e-05,0.0007355300287714258
2233,7.429056180020173e-05,0.0006779829207688614
2234,0.00011168970352931259,0.000850989753710414
2235,8.320723888270247e-05,0.0007113588819881593
2236,0.0002617287061487635,0.0007694084596314639
2237,0.0002665455879954,0.0011646652426460656
2238,0.0004371916036082742,0.0007778218068277801
2239,0.00045261544291861353,0.001087952754116529
2240,0.000639530224725604,0.0008390308751937324
2241,0.00040687021876995765,0.0006487831853991961
2242,0.00036260136403143406,0.00170860718019072
2243,0.0003048365799865375,0.000668359521178778
2244,0.0001927063916809857,0.0014170537213244894
2245,0.00025940969159516194,0.0006481589917661842
2246,0.00021474899258464575,0.0007204015673348803
2247,0.0001749209671591719,0.000942142572580272
2248,0.00014703668469640737,0.0006260244795909576
2249,0.00012787216789244364,0.0010792883390315082
2250,7.05707764912707e-05,0.0006700893533466509
2251,8.427717257291079e-05,0.000712329452209643
2252,0.0001108502047524477,0.0008485046763974059
2253,9.053968242369592e-05,0.0006840833899103046
2254,0.00017858677892945707,0.0009359760336187397
2255,0.00023536626249551774,0.0009189968744847891
2256,0.00029061084690814215,0.0006936037550656506
2257,0.00021418038183279958,0.0015116387489618455
2258,0.000357886062314113,0.0008999929954957833
2259,0.0003589067123054216,0.0018926309751654705
2260,0.0004204274562653154,0.000664971970147994
2261,0.0003836125523472826,0.0012038597584093415
2262,0.0003419522622910639,0.0007831847002293445
2263,0.00020554367317042002,0.0007400881089077617
2264,0.00016925738697561125,0.0007253486237316356
2265,0.000119965724782863,0.0007174215276082097
2266,0.00010018105967901647,0.0008334812311344234
2267,9.496528631037411e-05,0.0006433564622844771
2268,7.034120474903223e-05,0.0007192090961611903
2269,7.078195340000093e-05,0.000703351027060687
2270,9.220881038345397e-05,0.000728724337767651
2271,5.869529777555726e-05,0.0007125479954649606
2272,7.739931994971509e-05,0.0007802454409703766
2273,6.145645553867022e-05,0.0007033595004862387
2274,8.144033975743999e-05,0.0007093691694005723
2275,6.433875241782517e-05,0.000685217227994402
2276,2.8915712270342435e-05,0.0007460198581454071
2277,5.351309470521907e-05,0.0006982991512992931
2278,6.67050631212381e-05,0.0007753759391490585
2279,5.4207420180318874e-05,0.0006746060374091144
2280,5.7677889708429574e-05,0.0006893504618719316
2281,5.357545257235567e-05,0.0008410384909911668
2282,7.31353114436691e-05,0.0006846015774241583
2283,5.869678182837864e-05,0.0008196337761131241
2284,4.4003752312467746e-05,0.0006592696749510823
2285,4.5818536455044524e-05,0.0006947805962649515
2286,7.241804657193522e-05,0.0007162189548702244
2287,8.32650611603943e-05,0.0007378761273019078
2288,5.256654828068956e-05,0.000707470608148018
2289,8.452986270034065e-05,0.0007018959898511717
2290,7.756469761564707e-05,0.0008149890980878514
2291,7.743245417562624e-05,0.0007164477900392009
2292,7.096670209042108e-05,0.0006742199652154076
2293,8.765283564571291e-05,0.0007830991536733148
2294,7.776013444527052e-05,0.0007420731319974389
2295,6.216037242362897e-05,0.0007666864666113159
2296,6.00668058420221e-05,0.000713801549434319
2297,6.21024965463827e-05,0.0007599799245376852
2298,5.3539206722537834e-05,0.0007912129117823325
2299,7.28707423453064e-05,0.0006777341612206779
2300,8.178409091973057e-05,0.0008199853607690361
2301,7.282302249222994e-05,0.0006682129738821215
2302,6.827571972583731e-05,0.0007192593268231089
2303,6.30455023686712e-05,0.0007877212342786452
2304,6.750014629991104e-05,0.0007438646362132877
2305,5.595387386468549e-05,0.0007089383715803105
2306,5.9290792948255935e-05,0.0008558094947133442
2307,6.0358595510479064e-05,0.0006308434080785346
2308,8.188782182211677e-05,0.0009174247865102669
2309,6.167931812039266e-05,0.0006370044303746293
2310,7.556290656793863e-05,0.0007088021582059423
2311,4.6832883284272006e-05,0.0008141921087114074
2312,7.041202528246989e-05,0.0006661708077129828
2313,8.099272187488775e-05,0.0008460314085365156
2314,5.021557820631036e-05,0.0006450334715443355
2315,5.780518016157051e-05,0.0006561007983004033
2316,4.965577682014555e-05,0.0008521115585494059
2317,7.66506108144919e-05,0.000701876148372049
2318,5.722154479978296e-05,0.0006596973424194853
2319,0.00013713535736314952,0.0007904457926610852
2320,8.958585385698825e-05,0.000805728718509859
2321,8.783438242971897e-05,0.0006722693896314357
2322,9.258565066071848e-05,0.0007506142637579414
2323,8.708998696723332e-05,0.0006260672590134328
2324,8.314606384374201e-05,0.0006370548649352341
2325,6.803541764384135e-05,0.0009107077750927351
2326,5.7912337069865316e-05,0.000650413441990812
2327,6.667968409601599e-05,0.0008318265717400753
2328,8.584974930272437e-05,0.0007059924381484431
2329,5.394063773564994e-05,0.0006894790006865193
2330,5.3856822584445276e-05,0.0008402076579848539
2331,5.150036886334419e-05,0.0006721688452929324
2332,6.679441915669789e-05,0.0007979437735724156
2333,6.159466768925388e-05,0.0006308883143722732
2334,5.840221541196418e-05,0.0008175703891409529
2335,8.775858198835824e-05,0.0007249431225826861
2336,7.371888544488077e-05,0.0006849651355993032
2337,3.866181383879545e-05,0.0008812827744138955
2338,8.082653609259675e-05,0.000668175466635721
2339,6.09200835848848e-05,0.0007986289208528483
2340,7.459465608311196e-05,0.000757273053277745
2341,8.257828618904265e-05,0.000719046842019939
2342,5.680577572396335e-05,0.0007253841762375967
2343,6.582693216235687e-05,0.0007668577341888078
2344,6.67125772451982e-05,0.000650638996490656
2345,7.720497718158489e-05,0.000718406558609256
2346,9.715485599978516e-05,0.0007782973407302052
2347,5.862154066562653e-05,0.0007985944869537566
2348,7.366158339815835e-05,0.0007545243020497829
2349,4.9544886860530826e-05,0.0007504428132789166
2350,4.9552469378492484e-05,0.0006706078178052218
2351,6.315087957773358e-05,0.0007808832383811323
2352,7.034661927415678e-05,0.0006963245674470938
2353,7.536687383738657e-05,0.0008298444964015017
2354,7.133706579528128e-05,0.0006920773829210881
2355,6.292272058393186e-05,0.000647679428931135
2356,5.941562024721255e-05,0.0007971373276567769
2357,7.832445262465627e-05,0.000632357094805838
2358,0.00011892114222670595,0.0007461897062236722
2359,6.417011657807355e-05,0.0008097525422802097
2360,0.00013131949429710706,0.0009147487718274626
2361,0.0001636125952548658,0.0012771552916722533
2362,0.00015360767041177798,0.000680811374813069
2363,0.0001088740110086898,0.0009600839440804342
2364,0.00011236268085970854,0.0008574140406631696
2365,0.00011836700917532047,0.0007923777915508025
2366,0.0001051154191372916,0.0006778635335334496
2367,9.446340069795648e-05,0.0008851049255257047
2368,0.0001275582015902425,0.0006980594550305244
2369,9.763523169870799e-05,0.0007987218319240629
2370,9.058666716252143e-05,0.000656546113231608
2371,0.00013475727707069988,0.0008256163673077098
2372,0.00010216250860442719,0.0007071001537113934
2373,0.0001058996965487798,0.0007644339638225245
2374,6.50323696997172e-05,0.0007806001824895598
2375,0.00010532275919103996,0.0007325070387661809
2376,9.257165753903488e-05,0.000756677328705179
2377,7.214069434364016e-05,0.000750325491097774
2378,9.128380261245184e-05,0.0006790335361060217
2379,5.721825873479247e-05,0.0008304445435660597
2380,7.630154044212153e-05,0.0006822772016088793
2381,6.46719716314692e-05,0.0010091347188948229
2382,7.143424712315512e-05,0.0006355978549672585
2383,7.750937559952339e-05,0.0007315845328188816
2384,5.248749609260509e-05,0.0007034965509394785
2385,5.9374305904687694e-05,0.0008261947262748951
2386,5.893751682985264e-05,0.0008171398211722024
2387,9.310302363398174e-05,0.0008217155466802183
2388,7.561304276653876e-05,0.0009363634771585839
2389,5.406845812103711e-05,0.0007251075057865819
2390,8.212188307273512e-05,0.0007359505703273563
2391,8.828235634913047e-05,0.0010672177717581898
2392,8.878460624449266e-05,0.0009390120357861669
2393,9.6545730290624e-05,0.0009717981754545504
2394,9.909704870854814e-05,0.0006534465056166647
2395,5.6451572163496166e-05,0.0007049504379174896
2396,5.91929458702604e-05,0.000960357692532652
2397,8.69895942742005e-05,0.0008330588553496819
2398,0.00011213125738625725,0.0009562834392146594
2399,8.358174236491322e-05,0.0006629598950192618
2400,0.00011189199334088092,0.000691515496793555
2401,8.20817217269602e-05,0.0010153799782607724
2402,8.37281584002388e-05,0.0006637839874524007
2403,8.776540053077043e-05,0.0007394156593478314
2404,5.8476245127773535e-05,0.0007741020596632001
2405,5.405848108542462e-05,0.0006188313559469525
2406,6.93686602365536e-05,0.0008720114857692173
2407,5.800632886045302e-05,0.000649564808296905
2408,4.672293725889176e-05,0.0007033561149602444
2409,4.840937666206931e-05,0.0008601118645133033
2410,5.051015250501223e-05,0.0006868681444384993
2411,9.375736311388513e-05,0.0008390973696117812
2412,0.00012708370049949736,0.0007980854355075395
2413,0.00010477492857413987,0.0006159640918302489
2414,0.00010215171593396614,0.000975215063819604
2415,0.0001066041567052404,0.0007713320230795657
2416,6.402536625197779e-05,0.000639115815363938
2417,6.870712143912291e-05,0.000855043790271718
2418,7.565216073999182e-05,0.0007378610289164298
2419,9.59565145118783e-05,0.0008403632964473218
2420,6.329389943857678e-05,0.0006517608419489702
2421,5.995798613488053e-05,0.0008622357161040395
2422,7.780335533122221e-05,0.0007215508709681829
2423,6.871951045468449e-05,0.0006466031236772051
2424,9.32087903493084e-05,0.0007958300995496542
2425,9.112942789215594e-05,0.0007652403995833327
2426,8.16199977028494e-05,0.0006633103262783417
2427,5.3838785485519715e-05,0.0007205571415884545
2428,6.608704885972354e-05,0.0007797944155439421
2429,5.60492499062093e-05,0.0006920331225118152
2430,4.961868908139877e-05,0.0006709538443026859
2431,4.916689722449519e-05,0.0007568863730546037
2432,6.356945850711781e-05,0.0007086910959837342
2433,7.001350556189815e-05,0.0007352565505035867
2434,4.542819369817153e-05,0.0006901275971938772
2435,8.755097951507196e-05,0.0007699519280902491
2436,7.897487666923553e-05,0.0008222866390855143
2437,6.952603531923766e-05,0.0006156639297039974
2438,9.920193503300349e-05,0.0007781564757845723
2439,0.0001251088106073439,0.0009339948314810163
2440,0.00013618687905060748,0.0009163944000253586
2441,0.00042346114641986785,0.0015830105481353977
2442,0.00032593137584626677,0.001133235461100584
2443,0.00018573822550630817,0.0007246523414001485
2444,0.0001755015361898889,0.0009021745010656782
2445,0.0003331489162519574,0.0008579466091358931
2446,0.00040483186021447184,0.002652407963906862
2447,0.0006014980336961647,0.003196538950309275
2448,0.0008944328408688306,0.0031770792254430104
2449,0.0006165686567934851,0.001085889368046691
2450,0.000442611831628407,0.0007357843849059986
2451,0.0003498342489668479,0.001514931420674621
2452,0.00023023907754880687,0.0007597811100271156
2453,0.00012969711776046703,0.0014081520099911515
2454,0.0001169384204937766,0.0008792476756058223
2455,0.00014414720838734258,0.0008960679737442195
2456,0.00012399820019102966,0.0007157820449734344
2457,7.481889430588732e-05,0.000714185374345393
2458,9.461061951393882e-05,0.0007664551535347664
2459,7.336679773288779e-05,0.000702864756279691
2460,8.449932138319128e-05,0.0007365877016155988
2461,5.581335547807006e-05,0.0006660688486304061
2462,9.539429059562584e-05,0.0008502935317922915
2463,9.38188061506177e-05,0.000786484942833827
2464,9.59754087186108e-05,0.0008457922628056579
2465,8.272968504267435e-05,0.0007411661069963025
2466,9.353829785444153e-05,0.0007248321751143607
2467,6.930504653913279e-05,0.0008420784336443272
2468,8.70290255988948e-05,0.0007084683637963388
2469,9.600399353075773e-05,0.0007987799029029616
2470,6.905934181607638e-05,0.0007713688498520564
2471,6.084671476855874e-05,0.0007465119904120761
2472,5.504348713050907e-05,0.0007725257959478539
2473,7.362498145084828e-05,0.0007757539867779137
2474,8.012045533784355e-05,0.0007654759355941714
2475,6.412663933588191e-05,0.00069132901949984
2476,7.056468117904539e-05,0.0007910401542949689
2477,5.255962120524297e-05,0.0007064331553332823
2478,5.933442783619588e-05,0.0006831246545065311
2479,7.125539511131744e-05,0.0008039815774976687
2480,0.00011165648465976119,0.000818159253387822
2481,0.00011356480342025558,0.000722979791357006
2482,0.00014633569517172874,0.0010663778969136207
2483,0.0001385394086052353,0.0007032857179792055
2484,0.00010878464284663399,0.0010761978431212016
2485,0.00012508638125533858,0.001237187107408962
2486,8.731576575276752e-05,0.0010831954134591512
2487,6.852047032831857e-05,0.0006036829964420941
2488,9.255443971293668e-05,0.0007463590102522326
2489,7.332300689692299e-05,0.0006982549091372052
2490,3.753834122714276e-05,0.0006718700843327862
2491,5.641762788097064e-05,0.0007102844740977276
2492,5.089852978320172e-05,0.0007128168536142967
2493,7.68160503260636e-05,0.0007129446507108904
2494,6.761841505067422e-05,0.0009004252874368057
2495,6.733946308183174e-05,0.0006598813672858019
2496,6.775147533820322e-05,0.000821642093825627
2497,6.809980695834383e-05,0.0007580218371003866
2498,9.265817498089745e-05,0.0007854948770419848
2499,9.8108397408699e-05,0.0007977992655777219
2500,8.486203150823713e-05,0.0007739671942029482
2501,0.0001273443146298329,0.0007686019654195081
2502,0.00011437145488647123,0.0008854916891931945
2503,0.00010670866419483597,0.0007299640688927858
2504,0.00010360434728985031,0.0011196329353943717
2505,0.00011180647222014765,0.0007898023853437813
2506,6.665783148491755e-05,0.000719899781333378
2507,9.287964106382181e-05,0.0007574195518913701
2508,8.54416619404219e-05,0.0008210653304415718
2509,5.2000811895898856e-05,0.0007681829773951102
2510,9.078077418962493e-05,0.0006572688889862075
2511,7.240201812237501e-05,0.0010030387910108145
2512,7.716304923330123e-05,0.0009795352724916119
2513,0.00012254676257725806,0.0009392810763643851
2514,0.00011867381981573999,0.0008767557708091858
2515,9.601997298886999e-05,0.0007337999859445281
2516,9.805043130957831e-05,0.000797774259772841
2517,8.118687158760925e-05,0.0008369698762109019
2518,7.053209871325332e-05,0.0008204134792322293
2519,7.888792655042683e-05,0.0007353908713269011
2520,7.938412551690514e-05,0.0008567396799326089
2521,9.136523585766554e-05,0.0007052641716239401
2522,9.293679128556202e-05,0.0007701137307783824
2523,9.696547931525856e-05,0.0009046537617375473
2524,6.533548876177519e-05,0.0007922325613743472
2525,7.649282245741536e-05,0.0007244107427119505
2526,6.702713993339179e-05,0.000828290320602869
2527,7.826617996518811e-05,0.0008234894401567995
2528,5.229712933214614e-05,0.0006657280447236518
2529,6.715245447897663e-05,0.0007960041300861135
2530,4.894453450106084e-05,0.0007147635617403416
2531,5.8947078408285354e-05,0.0008262293839526516
2532,5.697196368904163e-05,0.0007045774791191706
2533,5.471002368722111e-05,0.0009845388795931614
2534,5.428511115799968e-05,0.0006482520824303762
2535,0.00010755598486866802,0.0007125667718470126
2536,0.00012084026869464045,0.0009318781469162099
2537,0.00012644624512176962,0.0007626717721339404
2538,8.870758562504003e-05,0.0011543838409697783
2539,0.0001324467157246545,0.000766274684033628
2540,0.00010873142309719697,0.0009418814177221552
2541,0.00010391886559470246,0.0011173222517855026
2542,0.00010408094240119681,0.0006275343182533393
2543,0.00015245904311692962,0.00082060321091999
2544,0.00010351158465103557,0.000741265445817482
2545,9.995127669147527e-05,0.0007032365107351519
2546,9.952669400566568e-05,0.0009760925634287474
2547,0.00010875252725478883,0.0008098770040234067
2548,8.339537598658353e-05,0.0009381623322113901
2549,6.202684598974884e-05,0.0008189074839941981
2550,6.311052420642227e-05,0.0008175295361786449
2551,9.300011734012515e-05,0.0008081947155406801
2552,6.864265863744852e-05,0.0007358257160118715
2553,9.796794038265943e-05,0.0007242534839452838
2554,5.970546917524189e-05,0.0007869925977401876
2555,5.158618975353117e-05,0.0008146395601244418
2556,6.262520425176869e-05,0.000634791953975012
2557,6.605506860068999e-05,0.0007730797381762701
2558,9.761622786754742e-05,0.0008570399023862886
2559,0.0003804520994890481,0.0006382305078358778
2560,0.00035097144621734817,0.0007549811821012927
2561,0.0002355357282795012,0.0008214385806219414
2562,0.00015871653546734404,0.0007226388630141892
2563,0.0002165477456098112,0.0012195323511186298
2564,0.00023062289886487027,0.0008004313645569065
2565,0.00017913643484159062,0.000852489491510315
2566,0.00015278479744059345,0.0007656890051952732
2567,0.00012534617950829368,0.0006415634291149368
2568,0.00013317464909050613,0.00099967430790235
2569,0.00014599348651245236,0.0009348230980937992
2570,9.356101606196413e-05,0.0009260803870161249
2571,7.331241213250905e-05,0.0006668074782956098
2572,8.312344580190257e-05,0.0008395700954385725
2573,5.4418479461067663e-05,0.0006985949058137013
2574,5.515901333031555e-05,0.000712869622181793
2575,7.46091626448712e-05,0.0007732510332964126
2576,0.00010368619599224379,0.0009481348592390267
2577,8.766437919499973e-05,0.0006156774578289693
2578,9.433150747402881e-05,0.0007894997570116447
2579,0.00010676853441206428,0.0008550573552419673
2580,7.942241257599866e-05,0.0006902240925765501
2581,9.079890054029723e-05,0.0007185278239010972
2582,3.9598685786283266e-05,0.0007720623274451107
2583,5.2215073568125564e-05,0.0007634269121500817
2584,6.132260993278275e-05,0.0007322098774281807
2585,2.9802221251884476e-05,0.0007459389104958859
2586,5.8289472508477044e-05,0.0007385751640416799
2587,6.878126029429647e-05,0.0007862761416417496
2588,3.6290606173376244e-05,0.0007025170139739231
2589,8.097194271006932e-05,0.0007568827888004365
2590,7.112024080318709e-05,0.0007888575332692098
2591,7.119864919028866e-05,0.000684772447960664
2592,8.008549957594369e-05,0.0007376947634308929
2593,7.906420117554565e-05,0.0008279826742089097
2594,6.621157032592843e-05,0.0007417062998705316
2595,0.00010712634248193354,0.0009052494992650417
2596,0.00012013891925259183,0.0009354843857045484
2597,0.00010190042570078125,0.0008889978165625078
2598,0.00011475911596789957,0.0006927631499326429
2599,9.492718624339128e-05,0.0007509505485072659
2600,9.378931814959893e-05,0.0009590185246974946
2601,0.00010610085300868377,0.0008352200407168175
2602,9.568551225432505e-05,0.0009270875929445982
2603,0.00010077549619988227,0.0007928088875707444
2604,0.00011953055315340558,0.0007490274107886211
2605,9.656140755396337e-05,0.0007850423138533668
2606,8.870460927331199e-05,0.0008364616160823663
2607,9.780177982368818e-05,0.0007429781630424431
2608,6.433717450515057e-05,0.0007109333752786492
2609,6.89273962052539e-05,0.0008831042660164003
2610,9.271815360989422e-05,0.0007018389340259105
2611,8.89835471753031e-05,0.0008182086162342448
2612,9.545701080545162e-05,0.0008308274745369398
2613,0.00010972466746655603,0.0007519367183961972
2614,6.838759776049604e-05,0.0008909584474411273
2615,7.8372153317711e-05,0.0006924908684738948
2616,5.132443232772251e-05,0.0007840762597528895
2617,6.551513652084396e-05,0.0006921371141646615
2618,5.268622068494248e-05,0.0007621632917787821
2619,5.947163881501183e-05,0.0007518925983642089
2620,7.154282551103582e-05,0.0007567104193020803
2621,6.833316777677586e-05,0.0007969906744290525
2622,5.423103333062803e-05,0.0006585369602956729
2623,0.00010923981317318976,0.0008702071243776769
2624,6.058790701596687e-05,0.0007288087045729864
2625,6.79530419195847e-05,0.0007820881080014382
2626,5.9005656900505225e-05,0.000681575894168776
2627,6.507272725381578e-05,0.0008046705469188434
2628,7.348942017415538e-05,0.0009314445302496054
2629,6.208684693168229e-05,0.0007058085046899249
2630,6.711574824294075e-05,0.0008249206104779645
2631,6.386022917771091e-05,0.0007157081616199099
2632,5.786782567156479e-05,0.0007770231193459527
2633,6.527746542512129e-05,0.000827745415085164
2634,5.6651972893935936e-05,0.0007122355042571774
2635,8.574146389340361e-05,0.0007852815654436786
2636,4.567914923730617e-05,0.0007683932712470277
2637,6.8254098490191e-05,0.0007453866350633188
2638,7.284910728534063e-05,0.0008030697095160204
2639,6.173954510207598e-05,0.0007359067538517571
2640,6.36142804675425e-05,0.0007057839340675168
2641,5.03661608187637e-05,0.0007550611768438532
2642,6.996227651446437e-05,0.0007424205465986592
2643,5.653356007921199e-05,0.0007154345638716803
2644,6.435946464383354e-05,0.0006594567371286657
2645,6.206309093007198e-05,0.0007775902559505922
2646,6.864340951627431e-05,0.0006976615519292183
2647,3.8641616750586154e-05,0.0006592370360937542
2648,5.023030826123431e-05,0.0007128861408972174
2649,7.390896037880641e-05,0.0008109572357736439
2650,7.130041243120407e-05,0.0007039306015711219
2651,4.532553151269288e-05,0.0007020314173648266
2652,7.719617569819092e-05,0.0007434040298832096
2653,8.198171029410636e-05,0.0007578399799824656
2654,5.1755291012038165e-05,0.0006587748190270751
2655,0.0001047442735095198,0.0007604233417330002
2656,8.107703615678474e-05,0.0007939852245232663
2657,9.94887901470065e-05,0.0007599371899740668
2658,6.783605009938279e-05,0.0006995514799716083
2659,0.00010481241091232126,0.000841787287274602
2660,0.00010746722982730716,0.0007586916667999568
2661,0.00011664233558500806,0.0007597266565311671
2662,8.217867192191382e-05,0.0007492836886067237
2663,5.475848593050614e-05,0.0006690975695694466
2664,9.39007795144183e-05,0.0011526389375437183
2665,0.00011521991400513798,0.0007303809113690527
2666,9.196641088540977e-05,0.0007677847931095524
2667,0.00012118842375154296,0.0010736696316684619
2668,0.00013964551811416944,0.0008799533284540603
2669,0.00019376465934328735,0.0011448939742368515
2670,0.00010905283755467584,0.0007376863637675098
2671,0.0001456321527560552,0.0006703207453558822
2672,0.0001515606175720071,0.0008864828017776316
2673,0.0002058724513820683,0.0007945716199575095
2674,0.00023495239244463543,0.001315464168479006
2675,0.0002792196464724839,0.0007147541607447761
2676,0.00019482703937683253,0.0007864789795277156
2677,0.00022132425801828503,0.0010988189623756224
2678,0.00019973652767172703,0.0010503263315405902
2679,0.0002524706612651547,0.001305207549974755
2680,0.00028214348324884974,0.0009118095922602825
2681,0.00022570581932086499,0.0007215012300312225
2682,0.00017176886710027853,0.002132613964444833
2683,0.00022823192412033678,0.0012309002730350091
2684,0.00020879152386138838,0.001267829111226794
2685,0.00011908950206513206,0.0009710415831114364
2686,0.00015139133320190011,0.0008728013875895166
2687,9.479416573109726e-05,0.000950456128499698
2688,9.286955901188776e-05,0.000787945588001996
2689,0.00011499693112758299,0.0008525882456194991
2690,0.00010423216638931384,0.0007845468729309092
2691,7.230167927142853e-05,0.0010274587442063064
2692,7.424895787456383e-05,0.000935098124250007
2693,8.542489522369578e-05,0.0010151684640961293
2694,0.00014773585038104406,0.0007686391660730964
2695,0.0002037688895749549,0.0009696955011614899
2696,0.00025665552044908205,0.001140946988933023
2697,0.00016972509086675321,0.0009639751354936422
2698,0.00012640053755603732,0.0009967169407112905
2699,0.00011432967536772291,0.0007535162632533269
2700,9.784839494386688e-05,0.0009463905947150912
2701,0.00013026617234572767,0.0014873742305592994
2702,0.00015955017879605294,0.0010542644629779495
2703,0.00013271860079839827,0.0006928091546095262
2704,0.000127486026516029,0.0008856197329132413
2705,5.547382049068498e-05,0.0007652460320625366
2706,8.298951118680027e-05,0.0008432147520278969
2707,6.80034727944682e-05,0.0007660244884864082
2708,8.024022924170519e-05,0.0008491744859305423
2709,7.1493133630914e-05,0.0008034678698539382
2710,7.419415390662228e-05,0.0007738614533697878
2711,3.958199473951633e-05,0.000836899295067928
2712,6.994026868293683e-05,0.000849154402912543
2713,6.469638950269048e-05,0.0008681230377644212
2714,7.559177223204945e-05,0.000794239009924849
2715,6.461081162948783e-05,0.0008008618594796258
2716,6.789884549410393e-05,0.0007402455905364372
2717,4.81876670770968e-05,0.0008259149052626197
2718,5.944911766467461e-05,0.000753226332498465
2719,3.030528629703137e-05,0.0008603171650531122
2720,5.182214081287384e-05,0.00070200468538197
2721,9.203511241745825e-05,0.0008580411473146133
2722,8.077886474590438e-05,0.0007582771423177456
2723,7.088381874685487e-05,0.0007137109985663079
2724,7.356937591490957e-05,0.000814444447343245
2725,7.591916655655951e-05,0.0007440335931729408
2726,6.943223803925017e-05,0.0007421080289797227
2727,0.00011557701315420369,0.0008574074989470734
2728,0.00015250377812966084,0.0009700215062287849
2729,6.833160587120801e-05,0.0007306143426516013
2730,0.00012409676952908436,0.0008165617771909616
2731,0.00011497722589410841,0.0010173097023681746
2732,7.110865214296306e-05,0.0007180938889972836
2733,6.576777474644283e-05,0.0007019983192055127
2734,7.117112982086837e-05,0.000829464705765438
2735,6.783103938990583e-05,0.0007397695021716672
2736,5.090727912223277e-05,0.0006676865315365452
2737,6.838991491046424e-05,0.000774696471598586
2738,6.329691289768865e-05,0.0007232638849605491
2739,5.691294694164147e-05,0.0008439557686655262
2740,6.616240292108462e-05,0.0008199377568423983
2741,0.00011113045184174553,0.0008579320723311673
2742,0.000141646625706926,0.0008374135726998656
2743,0.0002062595944153145,0.0007703941091748438
2744,0.0001740553940180689,0.0013699506818065713
2745,0.00019978944716664653,0.000736873656030979
2746,0.00012752109808692087,0.0011101678699804067
2747,0.0001931705977767706,0.0009083989173481901
2748,0.00011389068240532651,0.0008348121539704267
2749,0.0001115621256758459,0.000767500234761378
2750,8.080870369061206e-05,0.0006545157775403859
2751,6.606269356173774e-05,0.0007912883635630509
2752,6.314049727128198e-05,0.0007889749027154313
2753,9.731179209969317e-05,0.000778848960753677
2754,7.202500661757464e-05,0.000849073727438263
2755,6.733468938667405e-05,0.0008389157124824352
2756,6.787762589131793e-05,0.0008208910516631885
2757,8.751563024513113e-05,0.0009087250837469547
2758,9.158360092745474e-05,0.0007960973322386011
2759,0.00011584717528118441,0.0009495162741486423
2760,0.00012762068848436078,0.0008523089405127221
2761,0.00013230928064634402,0.0008582975078322815
2762,6.815395900048316e-05,0.0007877024408525194
2763,9.646602945091823e-05,0.000919731686764404
2764,0.00011045877181459218,0.0009062347253491207
2765,0.00024755031287592523,0.0008951203517641461
2766,0.0002533491652381296,0.0009548749157126057
2767,0.0004421651363372803,0.0011657744629572579
2768,0.0006298571029522766,0.001178027118632284
2769,0.0004828024888411164,0.0011683196410551433
2770,0.0003991252238241335,0.000764398723480926
2771,0.00023160298975805443,0.0009571046888824611
2772,0.0001744185108691454,0.0008335061871820665
2773,0.0001905253913719207,0.000998465688514164
2774,0.00017371709109283983,0.0011709827112077963
2775,0.0001411739009199664,0.0010079064618545863
2776,0.00010106102951491872,0.0007641155063724659
2777,6.891023804200813e-05,0.0009016011581264847
2778,6.473907269537449e-05,0.0008938632670360962
2779,0.00011193961642372111,0.0008953567493457612
2780,0.0001094504181916515,0.0008375050131825998
2781,0.00013743028393946587,0.0007800846974783408
2782,9.777644105876485e-05,0.0008326717847169883
2783,0.0001512320071924478,0.0008737744120000971
2784,0.00010183750612971684,0.0007994373830394658
2785,7.487384330791731e-05,0.0008050993229968356
2786,0.0001347283182743316,0.0009183051682436677
2787,0.0001467424309036384,0.0012242610794737272
2788,0.00013834106697080035,0.001441243209135462
2789,0.0001122482450834165,0.0008890749863715564
2790,7.072995067574084e-05,0.0007392222026920342
2791,7.041610757975528e-05,0.0007251955618748192
2792,5.0726651776737225e-05,0.0008303427541221485
2793,5.618317324357728e-05,0.0008331586686549635
2794,4.7004155931062996e-05,0.0008146658156609793
2795,4.4674224530657135e-05,0.0008303671543611081
2796,7.400981800553079e-05,0.0008792861226825117
2797,6.038984962894271e-05,0.0008208733551592867
2798,6.486589263658971e-05,0.0007899701886344701
2799,6.795103448287894e-05,0.0008516148544891965
2800,6.60442931499953e-05,0.0008097967462005519
2801,6.232207961147651e-05,0.0007993252182518696
2802,5.456108823030566e-05,0.0008549007663217293
2803,5.262784980004653e-05,0.0007826343234206778
2804,6.321079660362253e-05,0.000891322498283107
2805,7.229619659483432e-05,0.0008428915533031828
2806,5.250195511810792e-05,0.0007466677824717279
2807,6.172021336775894e-05,0.0007663208062716532
2808,6.669915286086811e-05,0.0008111909035534605
2809,5.39000485635673e-05,0.0007547255533043384
2810,7.149939653269636e-05,0.0008513726427872467
2811,5.722322578852375e-05,0.0009264388624908711
2812,6.737371829027931e-05,0.000785842776668852
2813,8.031937759369611e-05,0.0008149571129208885
2814,8.149751762781913e-05,0.0009379105043861517
2815,7.773962570354343e-05,0.0008192573184528806
2816,6.502732830995228e-05,0.0007986468716715206
2817,6.60881123621948e-05,0.0008766648282139291
2818,8.019707165658474e-05,0.0008286702433806353
2819,3.3990334486588836e-05,0.0007435544412289783
2820,5.0154382309604745e-05,0.0008366217393992747
2821,4.566544569873561e-05,0.0008938986084819954
2822,7.400972487327332e-05,0.0008380678232564906
2823,6.019539238574604e-05,0.0007430927018546976
2824,4.913479012126724e-05,0.0008215968954050546
2825,4.2478231383332364e-05,0.0008371765477817476
2826,7.076111651258544e-05,0.0008237459453915458
2827,7.698857710541537e-05,0.0008041728187103089
2828,6.12227772459543e-05,0.0007284437957051115
2829,5.1835156530917935e-05,0.0008079322966138326
2830,5.0129501808745165e-05,0.0007838740079539029
2831,4.2550733390574653e-05,0.0007515752275096707
2832,6.725407729391009e-05,0.0008305922117612259
2833,3.7856156995985654e-05,0.0007803345049362938
2834,6.282016377857265e-05,0.0007668863056139566
2835,5.474284504695485e-05,0.000757117285924839
2836,5.0017898805284254e-05,0.0007724335209070522
2837,5.00964941844965e-05,0.000770579201859554
2838,6.601058169811344e-05,0.000787553561697384
2839,7.758835708955303e-05,0.0008271399076008715
2840,6.31713235634379e-05,0.0008154285221001295
2841,7.545355232044434e-05,0.0007736017990776697
2842,0.00011997751716990024,0.000913165851613492
2843,9.421471695532091e-05,0.000843144182801452
2844,7.903303000299881e-05,0.0008400125391451334
2845,7.474755402654409e-05,0.0007731900668444523
2846,7.880124224660298e-05,0.0008068731547137136
2847,9.630179556552321e-05,0.0009319469970687637
2848,8.628922999681284e-05,0.000982896817158761
2849,0.00010663405701052397,0.0007991022205779578
2850,0.00010699655880065014,0.0006927157198555592
2851,8.898828867434835e-05,0.0008556872241219183
2852,0.00010615958211322626,0.000862609825599352
2853,5.2281782457915446e-05,0.0008102849155195116
2854,6.503732001874595e-05,0.0007991809588142004
2855,5.446068971650675e-05,0.0009136129872814759
2856,9.215187650018682e-05,0.0008452809562422629
2857,6.74780792905949e-05,0.0006727780814476927
2858,7.703411295854797e-05,0.0007553828507111826
2859,0.00012413428533667077,0.0012825269015564575
2860,0.00011836361324337,0.0012368470390041277
2861,9.203463875261756e-05,0.0009132322701639276
2862,7.635520208471765e-05,0.0009129589540869232
2863,0.00014234161741721134,0.001654090424889596
2864,0.00015423449804075062,0.0011717557511109068
2865,0.0001919753383845091,0.0009297234749634141
2866,0.00018838591834840674,0.0011078071739024109
2867,0.00021745785343227909,0.0013437879631134468
2868,0.0002210197346964075,0.0013498584883091384
2869,0.000128592468778758,0.0023236622425221553
2870,0.00011037311148053656,0.0010666418293542338
2871,0.00011608210237075885,0.0008588837937261234
2872,0.00010005053530524796,0.0009071972751879962
2873,6.395727929581577e-05,0.0008651911208633422
2874,5.74230990120365e-05,0.0009090893051227716
2875,3.890216994477669e-05,0.0007920236937247041
2876,5.106476237415336e-05,0.0007648978416265289
2877,2.8728903513789796e-05,0.0007601050054104485
2878,6.149604693443204e-05,0.0008000262002790655
2879,5.70936392856917e-05,0.000764765493905421
2880,5.118386519219105e-05,0.0008115325343985786
2881,7.34167321449301e-05,0.0009249505847252495
2882,6.700366308602194e-05,0.0009414214323692786
2883,7.047397763623545e-05,0.0008338407918583513
2884,7.225441998646905e-05,0.0008374252255756672
2885,4.9905149110903343e-05,0.0008639716900753106
2886,5.534488021415503e-05,0.0009188612145701731
2887,6.0307313106022775e-05,0.0009474657277950622
2888,5.4438175963393104e-05,0.0009764965603450738
2889,7.688333498663269e-05,0.0008188071555282012
2890,7.979149231687188e-05,0.000882856286585507
2891,6.023561970020334e-05,0.0008775590420297281
2892,4.140192662210514e-05,0.0008443005856925871
2893,7.078531537748252e-05,0.0008705430260793431
2894,4.622803511059222e-05,0.0008508696997222879
2895,7.487362333146545e-05,0.0008666140933000432
2896,7.71999436741074e-05,0.0008890714852036689
2897,8.020247526777288e-05,0.0008558459927357263
2898,6.611512762901838e-05,0.0008495820697220996
2899,4.6162706955025597e-05,0.0008483422575445156
2900,6.120783703712125e-05,0.0008336203159053084
2901,6.103603324542443e-05,0.0008344921928749779
2902,5.769504641648382e-05,0.00082872687805972
2903,5.690371375142907e-05,0.0008264084353009019
2904,5.3986578617089735e-05,0.0008051507339966814
2905,6.442100032775974e-05,0.0008431997491178785
2906,7.620822968116651e-05,0.0008491396699577394
2907,9.810375146723042e-05,0.0008171669697466005
2908,0.0001017434973618947,0.0007338468358928968
2909,0.0001944160166506966,0.0008722213913886404
2910,0.00023202215670607983,0.0009468190709319641
2911,0.00011791880970122293,0.0008316374631134764
2912,0.00013490696049605805,0.0008065754368508924
2913,0.00011214056394237559,0.0008892909280853126
2914,0.00013389946543611585,0.0009981311223374342
2915,7.574784685857595e-05,0.0008602290538938965
2916,7.038825133349746e-05,0.0007624266846527118
2917,5.782731604995206e-05,0.0008252172824362014
2918,7.013558933977038e-05,0.0009658658477353064
2919,4.3607842720424135e-05,0.0008571437485772735
2920,4.240118372157061e-05,0.0007621504395730852
2921,5.9850413769405957e-05,0.0009085761436341903
2922,4.67673711682437e-05,0.0008969101954002198
2923,5.388078182780494e-05,0.0008281328409220877
2924,6.0377665067790073e-05,0.000860463846181556
2925,5.9742652471565334e-05,0.0008068829770273287
2926,5.014719220829041e-05,0.000873364211155439
2927,8.275998625322245e-05,0.0008412186738367626
2928,8.370364036333436e-05,0.0008876023288838214
2929,7.970936858328059e-05,0.0007644596644383892
2930,5.724509052621821e-05,0.0008582016792309683
2931,5.8734770573209974e-05,0.0009544945420975995
2932,8.179479918908328e-05,0.0008927322048730562
2933,6.970875207722808e-05,0.0008532644137666803
2934,5.890736016832913e-05,0.0009111580768908103
2935,4.801814720849507e-05,0.0008211194443164437
2936,5.892465705983341e-05,0.0009203197775540624
2937,6.172492139739915e-05,0.0008414091091368377
2938,6.126404696260579e-05,0.0008135814321462035
2939,4.5439894771940693e-05,0.0007983136671873939
2940,4.3056388676632196e-05,0.0008384735989439352
2941,8.015203008350605e-05,0.0012258499178771428
2942,0.0001139995069631065,0.0008723048604296073
2943,0.00011298602912575006,0.0007103304617018916
2944,0.00010591752652544528,0.0010871654138057017
2945,0.00011975018520994732,0.0010327377038509182
2946,9.010055412848791e-05,0.0009281001911740604
2947,0.00011385636122819657,0.0018109069645815478
2948,0.0001449368894100189,0.0009446734412184615
2949,0.00015496017100910346,0.0015143073388020367
2950,0.00019928749049237618,0.002169071297036616
2951,0.00026588306839888293,0.0012221835603145517
2952,0.00042099462783274554,0.0010217226482904882
2953,0.00019207416674665485,0.0015743588515388684
2954,0.0004012814800565441,0.0011407085983119317
2955,0.00030331117450259625,0.0013923596876754066
2956,0.000266710453433916,0.0010992512452503433
2957,0.00026706203158634404,0.0009652396029697394
2958,0.0002543479960877448,0.0012484401882457451
2959,0.0006267598907773694,0.0012588218105663582
2960,0.0004336030765747031,0.0013105078255684357
2961,0.0002786839080120747,0.0009349305338526922
2962,0.00017259825641910236,0.0009034859776445555
2963,0.00013350023024637873,0.0009356270503898071
2964,0.0001116304236347787,0.0010382209594662147
2965,7.198468956630677e-05,0.0009053855113259802
2966,9.631346426128099e-05,0.001055260170544461
2967,8.612624078523368e-05,0.0010258270350585537
2968,6.322004652853745e-05,0.0009407835424049046
2969,8.042743041490515e-05,0.00090888135435837
2970,8.536437186800565e-05,0.001200498753652622
2971,0.00010077696351800114,0.0008399863431769181
2972,4.999372007053656e-05,0.0008853129322061271
2973,6.179872822637359e-05,0.0009559127767973646
2974,8.262303017545492e-05,0.0009124935247136031
2975,8.0835913104238e-05,0.0008382780429738478
2976,5.398103288219621e-05,0.0008577366339365445
2977,6.309236341621727e-05,0.0010507698400004759
2978,5.566678240332597e-05,0.0009234768015838514
2979,7.161950100756561e-05,0.0008728783298100484
2980,6.014505440058807e-05,0.0008876324634940371
2981,5.789627321064472e-05,0.000972252474789779
2982,6.52631608924518e-05,0.0010472410376821681
2983,8.553389003888394e-05,0.000905660692855393
2984,9.542891008701796e-05,0.0009320730771539425
2985,7.847535161999985e-05,0.0008776346074901227
2986,5.5127951054601e-05,0.000995686417078878
2987,6.782133520270388e-05,0.001035067514978408
2988,6.422009707118074e-05,0.0008673332819502478
2989,4.546132355850811e-05,0.0007451055869350107
2990,4.9839566539352136e-05,0.0008884402739954745
2991,4.044800880365074e-05,0.0010196556214345839
2992,3.898896490378926e-05,0.0008820692154278201
2993,8.03725008154288e-05,0.0008804039634566197
2994,4.0839768917066974e-05,0.000848404255119981
2995,4.318182812615608e-05,0.0008322933540261519
2996,8.539588015992195e-05,0.0009381097922922941
2997,7.749599850891779e-05,0.000876095480978577
2998,5.362581978261005e-05,0.0008464534858637672
2999,6.008411971076081e-05,0.0008572765028353516
3000,7.482641837365615e-05,0.0009978719946642325
3001,7.634653205362459e-05,0.0007818192921901547
3002,7.564705253268281e-05,0.0008177777635864913
3003,8.599917564424686e-05,0.000822296438511373
3004,8.835350405812884e-05,0.0009730207865808423
3005,5.918137394473888e-05,0.0008728609880520485
3006,5.415406776592136e-05,0.0008361513087503964
3007,7.089714733107636e-05,0.0009600465702934293
3008,5.240971440798603e-05,0.0008999781672087476
3009,3.70039269910194e-05,0.0008738658786934661
3010,6.630092490619669e-05,0.0008975336012819152
3011,5.280393233988434e-05,0.0008735828932125386
3012,7.067450496833771e-05,0.0008248840415149957
3013,5.682686629976767e-05,0.0008967414032667875
3014,6.508755662556116e-05,0.0009180793949351536
3015,6.467992886124799e-05,0.0008016833439689335
3016,7.650631693347046e-05,0.0009267360538493578
3017,0.00010304404616666337,0.0009651007057409587
3018,9.464547959699605e-05,0.0008548960817508458
3019,0.00011150643161575621,0.0008441414450309936
3020,0.00010887862978658329,0.0009610580173174403
3021,0.00011850979644805193,0.0008335698778213068
3022,5.292104712376992e-05,0.0008596049023124823
3023,3.8722981601798284e-05,0.0010390924977314636
3024,5.0546701337831716e-05,0.0008398172093599331
3025,6.590221310034394e-05,0.0008120085754409784
3026,7.977943848042438e-05,0.00089714831514944
3027,7.593474874738604e-05,0.0008156773488506616
3028,7.896322107020145e-05,0.0008210828729472527
3029,6.13385263325957e-05,0.0009668667862140464
3030,8.334223384736106e-05,0.001159596592407879
3031,6.953147919072459e-05,0.0008400306016239741
3032,6.544921173675296e-05,0.0008693253483960596
3033,2.8083966996443147e-05,0.0009696871678410904
3034,5.690503700558717e-05,0.0009486511025181789
3035,5.997510670567863e-05,0.0009268066560754215
3036,5.3021156812368035e-05,0.0007699010242876692
3037,4.597954345323766e-05,0.0008770791194071685
3038,6.375248267431743e-05,0.0010462334328221056
3039,6.399337119849709e-05,0.0009498143097473763
3040,6.153145805001258e-05,0.0008676830132851215
3041,6.374842681301137e-05,0.0010280512130313266
3042,7.042002835078165e-05,0.0008879900643213351
3043,5.5000161834565614e-05,0.0008638450742046547
3044,8.972246141638606e-05,0.0008943529027756157
3045,6.792734687527021e-05,0.0009837212613013787
3046,7.908620221617942e-05,0.0007319800852702593
3047,7.707914822579672e-05,0.000809232816173453
3048,0.0001295254226230706,0.0011617468255682019
3049,0.00011630864658703406,0.0008673322172542139
3050,0.00011224958094923447,0.0009446815407915613
3051,9.376564509390543e-05,0.0009582452778521133
3052,9.742671924565609e-05,0.0008692613165315944
3053,0.00011340107303112746,0.001070209834761331
3054,0.0001050435588695109,0.001351194170222977
3055,0.000101656281913165,0.0008877319170118082
3056,0.00017372902754383783,0.001018566484599719
3057,0.0001874729263363406,0.001107507410521553
3058,0.00033086142502725124,0.0015485849319480537
3059,0.0005533672267726312,0.0010748776565049226
3060,0.0007203627106112738,0.0014168822048891952
3061,0.0011169356720832488,0.0016998820760567841
3062,0.0022605432430282237,0.0042701286527760856
3063,0.005581555267175038,0.006692585179684903
3064,0.00724840018277367,0.0012492530820634598
3065,0.008386481553316116,0.00286763763663865
3066,0.0043757553367565075,0.005035188404740546
3067,0.0034626342200984555,0.002803394971525399
3068,0.0033535160512352985,0.0020083824693276657
3069,0.0022413439117372038,0.0021023054627378975
3070,0.0010329084936529398,0.0013421227840164046
3071,0.0007609433145262301,0.0010977439881206398
3072,0.0005128247469353179,0.0016817325986481792
3073,0.00027074752724729476,0.0014753980199095067
3074,0.00045209073383981985,0.0017482261430090806
3075,0.00037155074145024024,0.001068487795946137
3076,0.00022988052805885672,0.0014898132562168002
3077,0.00019165011957132568,0.001066883664768864
3078,0.00014090742527817686,0.0012774812387610515
3079,0.00010362168783710028,0.001235932240071963
3080,0.00011875389900524169,0.001325607615134378
3081,9.576921778110166e-05,0.001274666588526131
3082,6.678332817197466e-05,0.0013138660409407119
3083,5.144480819581076e-05,0.0011617071499432049
3084,5.214036888598154e-05,0.001247484004124999
3085,7.067684649276392e-05,0.0012830773947804463
3086,6.722957938715505e-05,0.0012417922702097283
3087,5.236526048975065e-05,0.0011738758922855215
3088,3.936332723242231e-05,0.0011864410214654105
3089,5.025781574659049e-05,0.0012134368106077507
