epoch,train_mse,validation_mse
1,3.0663934755325317,2.103872135893939
2,1.6700652074813842,1.6741919974758201
3,1.846245241165161,0.9675248893972945
4,1.3291111707687377,0.5903417802836797
5,1.8448862099647523,0.4398540576843366
6,0.990232481956482,0.3977442498076452
7,0.795503877401352,0.3158532887288969
8,1.3550492894649506,0.279342189227065
9,0.8275798058509827,0.2559207261425175
10,0.9952506780624389,0.2095820862952977
11,0.7622446155548096,0.1935259424252053
12,1.1956766867637634,0.20071137849598714
13,0.8247450876235962,0.1790876525313887
14,0.9966527819633484,0.15837133767670147
15,0.8529317188262939,0.16510500217953775
16,1.0663025212287902,0.1534985218146076
17,0.9498706889152527,0.1316844479066052
18,0.6560041356086731,0.10772648749694433
19,0.6508524298667908,0.09614463655711854
20,0.7076096367835999,0.09086121787151245
21,0.8778841829299927,0.08564523627904996
22,0.8182401442527771,0.08092002448153822
23,0.5768370151519775,0.07082739403496867
24,0.6067300033569336,0.06557290531592826
25,0.6869405746459961,0.06701249950756766
26,0.8357302904129028,0.07158064750367649
27,0.8052929735183716,0.05860395956631392
28,0.6746952557563781,0.05221520662818053
29,0.5083321046829223,0.051345887989418144
30,0.5104808014631271,0.06038569750851148
31,0.8430980443954468,0.08309685704234528
32,0.5900595277547837,0.08041038200871585
33,0.48071161985397337,0.08003568812592389
34,0.5411349201202392,0.07513966883392367
35,0.5077248895168305,0.0695738589824879
36,0.4869346785545349,0.06110180097900025
37,0.8724433147907257,0.1349244986290801
38,0.5977604722976685,0.14772495596784435
39,0.7066830086708069,0.13518540956692338
40,0.5147269988059997,0.12685403932039052
41,0.373647962808609,0.1106481427607471
42,0.4907651805877686,0.10179900288683912
43,0.5722257804870605,0.07235043916902313
44,0.4181777381896973,0.05989331833712042
45,0.49410356998443605,0.05625019763430504
46,0.4296908676624298,0.05979010064716209
47,0.3759180748462677,0.055757795192607464
48,0.49035521388053893,0.06279487254684918
49,0.45267033457756045,0.054103798858106955
50,0.5351686382293701,0.06307439118215483
51,0.4080443513393402,0.06801844431623204
52,0.41802729964256286,0.06118676617537459
53,0.46982557654380797,0.06403840203093339
54,0.37134595155715944,0.07145157435985461
55,0.3722377610206604,0.06135868888399373
56,0.30861086428165435,0.05507616060849738
57,0.4987083625793457,0.053519417927281494
58,0.43627788245677945,0.052795562740058116
59,0.5168892407417297,0.06564083021797545
60,0.3464182585477829,0.06665686612361915
61,0.3631366991996765,0.060014523259580954
62,0.374345623254776,0.05547918305311301
63,0.39979982256889346,0.04712056756427843
64,0.3148943901062012,0.04776998341389715
65,0.4051894497871399,0.049172607748067546
66,0.2964615273475647,0.05137305887900803
67,0.3707578635215759,0.04875748650464293
68,0.36137789726257324,0.05004305877301791
69,0.2796022838354111,0.05619214967607635
70,0.32948082327842715,0.05026506020189964
71,0.31315679430961607,0.04732857874199135
72,0.5219856071472168,0.05801782473819713
73,0.39676499128341675,0.06017459722312346
74,0.24617661774158478,0.06234269367199238
75,0.3142542004585266,0.056763211290722024
76,0.27319883346557616,0.05692331970044195
77,0.2341527199745178,0.05691061378137706
78,0.25402151226997377,0.055797254181888
79,0.3625661101937294,0.05038037600174342
80,0.2868802452087402,0.04511426965871902
81,0.27464542269706727,0.04755294828178131
82,0.26027788162231447,0.0582700106379104
83,0.22849931836128234,0.06425835962777268
84,0.2235754895210266,0.05463269536625849
85,0.26947067737579344,0.05340058570855284
86,0.2557960844039917,0.052918045181934145
87,0.23577555418014526,0.0617640092458627
88,0.258217288851738,0.06089136509658539
89,0.20933920323848723,0.05041299382709477
90,0.2527784138917923,0.04408382925472847
91,0.22159391522407532,0.04552832735727911
92,0.25684058368206025,0.04587716303051335
93,0.2565256369113922,0.04571638593118485
94,0.22135664880275727,0.04280521271571721
95,0.2178283792734146,0.04462748939452106
96,0.18857804596424102,0.0448248463950745
97,0.2044968169927597,0.04626635053794678
98,0.23265841245651245,0.04785028059188634
99,0.19240156590938567,0.050220112431130996
100,0.19628658801317214,0.0522589749873501
101,0.2079400360584259,0.04739899780244043
102,0.1809203480184078,0.04268268439663599
103,0.22054385989904404,0.03892149689466986
104,0.18789036065340042,0.03974763824515147
105,0.17335521757602693,0.04478900267245018
106,0.12775878816843034,0.052162673911207345
107,0.17418166220188142,0.04741449700030562
108,0.14254770278930665,0.04442494536099369
109,0.20792435467243195,0.04272795519600176
110,0.20231664389371873,0.04051387590700633
111,0.19097685396671296,0.04410778838273597
112,0.14604481756687165,0.046099825621876
113,0.16698645532131196,0.047314901313144864
114,0.14761581242084504,0.04278443804750704
115,0.1629007314145565,0.04134585830855043
116,0.1402967870235443,0.04402060546491244
117,0.13463336408138274,0.04159521291108981
118,0.14718425393104553,0.03864979641894772
119,0.13345462441444397,0.03834822171763198
120,0.16608225524425507,0.03411681501016225
121,0.13449328899383545,0.033001782653266434
122,0.1824582499265671,0.03468852964778469
123,0.12528893992304801,0.035656462181104374
124,0.12350483641028404,0.03648706392882622
125,0.1691200029850006,0.03678895813757426
126,0.13210177034139634,0.036783985640496425
127,0.11073740020394325,0.03926288372237388
128,0.1376817411184311,0.038870942664064774
129,0.1361572527885437,0.037366854256554824
130,0.12336130797863007,0.039305936596164964
131,0.10918183013796806,0.040853286850942326
132,0.11908523380756378,0.03932337860946786
133,0.12156761467456817,0.038933877667335616
134,0.10944507569074631,0.0401880995255627
135,0.11033165454864502,0.03765957230982715
136,0.11883992746472359,0.034748733043670654
137,0.13849857732653617,0.0343493506414433
138,0.1218954348564148,0.032402326799418825
139,0.10951694816350938,0.030684177342751254
140,0.1145111221075058,0.028263531676302217
141,0.10043656855821609,0.028897889774956116
142,0.08189811155200005,0.027986731380224228
143,0.09153251707553864,0.026876289958823216
144,0.10559338390827179,0.02864453288382047
145,0.12423407614231109,0.029773256703190608
146,0.10378575325012207,0.027369983086030777
147,0.12090792268514633,0.027510767777080405
148,0.08629312247037887,0.03107893987469477
149,0.10380708515644073,0.03130736686799624
150,0.08118653535842896,0.030023992776054227
151,0.06508701682090759,0.02997004322401465
152,0.07913591921329498,0.02876315225068837
153,0.08525291949510574,0.026386368662527162
154,0.09522828042507171,0.02645406499505043
155,0.08445924162864685,0.02804150891630617
156,0.08385307133197785,0.028914690528013934
157,0.08024484232068062,0.027933815213507168
158,0.06070814102888107,0.02624657561313616
159,0.07053855895996093,0.025958900174049483
160,0.07908726006746292,0.026420009309706623
161,0.06556670010089874,0.027850434643356767
162,0.07914401471614838,0.02601621958286795
163,0.0585409876704216,0.025131100865259562
164,0.07066544800996781,0.023639354318992733
165,0.0719075483083725,0.023003475791583322
166,0.10533779740333557,0.02236256439698069
167,0.05505627155303955,0.021725377782362783
168,0.07220305055379868,0.024152827717057648
169,0.07079124953597785,0.025074505948857087
170,0.07762983292341233,0.02548240122627722
171,0.07059675276279449,0.025360014213070478
172,0.05783150196075439,0.025528141539799026
173,0.06382140964269638,0.023768126683896534
174,0.07686392396688461,0.023994459119969853
175,0.06424819722771645,0.02543331769435373
176,0.06639639578759671,0.02574165216455721
177,0.06297995328903198,0.025298842216191227
178,0.07824309065937995,0.02517329572304471
179,0.05216618165373802,0.025529146143426634
180,0.05432192474603653,0.02435390107741911
181,0.04773542657494545,0.0228902661075739
182,0.08486340910196305,0.01933448552472951
183,0.07954404205083847,0.018257448577309307
184,0.05446659907698631,0.018357758142360268
185,0.05996510155498982,0.019647106375188045
186,0.05894401043653488,0.021843022041737218
187,0.0558684815466404,0.02134226645304732
188,0.047168188989162446,0.020208564038350158
189,0.07136311054229737,0.019536010308624948
190,0.055663342624902724,0.019252250787534127
191,0.04811839818954468,0.019426473888428244
192,0.04813736282289028,0.019421269657881293
193,0.04793254777789116,0.018804466683570654
194,0.052159718424081805,0.019273517474736254
195,0.050368721932172775,0.019395093701473656
196,0.05134545758366585,0.01831915563814444
197,0.04470817476511001,0.017373271107877772
198,0.04319918200373649,0.016714569334297963
199,0.05694209098815918,0.016385683407113976
200,0.04899166733026505,0.01608163192357919
201,0.0597589723020792,0.016987217819854003
202,0.04443762853741646,0.01765634716577726
203,0.044316747784614564,0.017746831864526826
204,0.054217300713062286,0.016336540500186895
205,0.050240276530385014,0.015766803940681563
206,0.049995375499129295,0.014977508237304753
207,0.04026020549237728,0.01503801736215206
208,0.04569842517375946,0.0158441614053429
209,0.04749579086899757,0.015756381267350014
210,0.03822130043059588,0.015493140594191747
211,0.033427185751497744,0.015310137494377894
212,0.045346384793519975,0.014589694213785538
213,0.03973258540034294,0.014205149489722839
214,0.04032135725021362,0.013853141706283779
215,0.047621164843440054,0.013538361629088447
216,0.035176558643579485,0.01256022593389227
217,0.05066108889877796,0.011793834884485153
218,0.03937824174761772,0.011740411108691399
219,0.033859069347381594,0.012126192935321429
220,0.039815306067466735,0.0123273262320316
221,0.03454948335886002,0.012711267459065947
222,0.04029890239238739,0.013773232519830743
223,0.03922435775399208,0.013031097307597122
224,0.03398798316717148,0.011253013773119613
225,0.0303023162484169,0.010624388666593865
226,0.03899360120296478,0.010602712018849098
227,0.03481015767902136,0.01094210161891294
228,0.05178942270576954,0.01052043874020854
229,0.03241278119385242,0.011228763345271757
230,0.031806327402591705,0.011347859377066975
231,0.038450749143958095,0.010966599115157781
232,0.047787787914276125,0.010942526927141294
233,0.03787425145506859,0.010515982655119407
234,0.03345112219452858,0.010671268178992076
235,0.03387102909386158,0.01068661349174911
236,0.029781543612480164,0.010729684047911265
237,0.028260802030563355,0.010102224625545005
238,0.03236111931502819,0.010104768003707063
239,0.026450672075152396,0.011267363553075758
240,0.02347145266830921,0.011822844179321642
241,0.0285572212934494,0.01094891391184232
242,0.02415139563381672,0.01067506356088266
243,0.0344656777754426,0.009818589289302695
244,0.0283617677539587,0.009406637502451465
245,0.020634919852018357,0.009320707583468254
246,0.035436558425426486,0.008627654091544347
247,0.024567499607801437,0.008054786489332376
248,0.03368668034672737,0.00815762844804215
249,0.03252917073667049,0.008378727718779486
250,0.024301262684166432,0.008392696766412421
251,0.03477833017706871,0.00826393007874897
252,0.029494443833827974,0.008102127746359943
253,0.022487072944641112,0.007702997183963044
254,0.02095787301659584,0.007635491134675398
255,0.02929143510758877,0.007264875692047485
256,0.02571394644677639,0.007055982156363252
257,0.022331194914877416,0.007077677124371268
258,0.022423488646745683,0.007064193487167358
259,0.02010417476296425,0.006960478636806142
260,0.0231570328772068,0.00680647017306661
261,0.02154517240822315,0.0069082557950934315
262,0.02505954906344414,0.006820408971852636
263,0.02674372509121895,0.0064655668803886195
264,0.02292843274772167,0.006103262101134209
265,0.025395512972027065,0.0060199851246729285
266,0.01899698294699192,0.006075887111564205
267,0.023489661067724227,0.006337436675157858
268,0.022357294633984566,0.005979479188482239
269,0.025627068653702737,0.005841845117050082
270,0.018586384952068328,0.005595684281154855
271,0.020071573667228223,0.005534367087258868
272,0.018852356597781183,0.005624711175436435
273,0.015908334217965604,0.005651301283338298
274,0.029086714014410972,0.005483222946728745
275,0.01958279125392437,0.005627156624391879
276,0.019007481709122656,0.00568497876879083
277,0.015645553544163703,0.005755958526892817
278,0.020652337968349456,0.005640365776593146
279,0.019658397957682608,0.005747004246262655
280,0.020099469013512134,0.005086973679494368
281,0.02045480951666832,0.0051695411795214434
282,0.01582806471735239,0.005435097720218848
283,0.023213203176856042,0.005011797901753285
284,0.018637593910098074,0.004829929344202966
285,0.027839361429214476,0.00457001968656909
286,0.015294429324567317,0.004577380069212554
287,0.026265190839767458,0.004568197662393524
288,0.018686375096440316,0.004332437336266245
289,0.017599238380789757,0.004172873058139462
290,0.014770625568926334,0.004070278690898255
291,0.017140159010887147,0.004109671007688731
292,0.016601957306265833,0.004019954697905134
293,0.01755334038287401,0.004008659365752789
294,0.016526991426944734,0.003831682426931515
295,0.01971168890595436,0.004016188107277841
296,0.016056952252984046,0.0038853437537710142
297,0.013957069888710975,0.0036873215911527204
298,0.011374801769852639,0.003912904602794411
299,0.01569652445614338,0.0036324621816101956
300,0.015708340741693975,0.0034276486871993705
301,0.011984189674258232,0.003251466523753862
302,0.013344605695456266,0.003268347995687429
303,0.013764651715755463,0.0032136311263407337
304,0.013488647006452083,0.0032121071126312017
305,0.01805742185562849,0.0031911663628145033
306,0.014470829777419567,0.003105903663098404
307,0.012036338448524475,0.002955654403194785
308,0.011841249316930771,0.002893552895354694
309,0.013557275123894215,0.003012620812052325
310,0.01370998602360487,0.0030473314372388874
311,0.012398660089820624,0.0028914008799889317
312,0.009426038414239883,0.0028217039517547987
313,0.015540354698896409,0.002765965156818498
314,0.014742561355233193,0.0026109630739545985
315,0.012971549518406391,0.002489802612578624
316,0.01213382363319397,0.002609540762583891
317,0.011983704566955567,0.002680187311329662
318,0.013139147209003568,0.002580373681928605
319,0.014055158942937851,0.00252662630343478
320,0.0106084606051445,0.002432525923399076
321,0.008965295013040305,0.0025652439544002897
322,0.011836384050548076,0.0023794387250322185
323,0.011951012723147868,0.002324647072396458
324,0.0078645433858037,0.0023761315890013764
325,0.01387913353741169,0.0022768436369728553
326,0.012172130681574345,0.002125649974515585
327,0.009527198169380427,0.002239183490866259
328,0.01435181125998497,0.0022100136959797715
329,0.010462740547955035,0.0023686891734242847
330,0.009982675798237323,0.0024102272319109883
331,0.013372862841933966,0.002192167705562833
332,0.010286114662885665,0.0022079447883959504
333,0.00958766793832183,0.0025361128317268745
334,0.009033033028244972,0.0021666244313452545
335,0.009903567116707564,0.0019484875015659284
336,0.008506990019232035,0.001974603480161869
337,0.011881388202309608,0.001970867417459312
338,0.01101455818861723,0.0019634903842353658
339,0.009917663540691138,0.001986134727166532
340,0.010079106567427516,0.0024310693093766906
341,0.009868315905332565,0.002180527280123062
342,0.01565135218203068,0.0019017185709656102
343,0.006886721523478627,0.0018855880097524353
344,0.007998905088752508,0.0016912208528780978
345,0.009489532932639122,0.0016441265956741082
346,0.007395350271835923,0.001798869305200977
347,0.007883148714900017,0.0017481364249187993
348,0.009869989324361086,0.0015717600217114572
349,0.0069218846037983894,0.001805805620316365
350,0.011890657171607017,0.0017291070520239946
351,0.010137004610151053,0.0017461220714684628
352,0.008454691395163536,0.0017156392536827759
353,0.010228195302188397,0.0016860340383822378
354,0.0105593715980649,0.001612258154886124
355,0.007064730133861303,0.0015365193432120428
356,0.008469978645443917,0.0015212548386356601
357,0.009183924421668052,0.0014483105400832344
358,0.006347562540322542,0.0013995262688944396
359,0.009068529829382896,0.001344893409947112
360,0.008411601996049284,0.0011882653989357082
361,0.008127437978982925,0.0011765708642922444
362,0.008156828247010708,0.0011650902659262289
363,0.007428525425493718,0.0011854328259774676
364,0.004982775580137968,0.0012156475153560305
365,0.00856254380196333,0.0015004904867366774
366,0.008303076000884176,0.0013750398624050495
367,0.006358252745121718,0.0011284944429126097
368,0.007299980707466602,0.001196284724195322
369,0.0071933356951922175,0.0012215985804923798
370,0.006614420618861913,0.0012343777367551747
371,0.006743685360997915,0.0013171747591576143
372,0.00672954510897398,0.001571717624208086
373,0.010599045883864164,0.001539591050783351
374,0.006060223672538996,0.001578674674008603
375,0.007908905632793903,0.0013496943889823678
376,0.006987133212387562,0.0011819360461979083
377,0.007808227739296854,0.000995733052785572
378,0.0059673010371625425,0.000916003803754455
379,0.005154197551310063,0.0010357699253315694
380,0.005901832506060601,0.0018214841185086599
381,0.006317396592348814,0.0017053621026929724
382,0.008861467018723488,0.0008772476871293804
383,0.00682274866849184,0.0008657347149381491
384,0.008002882227301597,0.0008995464121068075
385,0.005844166735187173,0.0011157546916415225
386,0.005874386802315712,0.0011600309628865694
387,0.006588445380330086,0.0009747833397864581
388,0.00762662266381085,0.0010148168689800962
389,0.00610440319404006,0.001655588229505779
390,0.0048506217636168,0.0011964602641480631
391,0.005153881516307592,0.0009610080885802944
392,0.005487758405506611,0.0008876020127065378
393,0.005450319685041905,0.0009505035999958238
394,0.00579468809068203,0.0007547508209165542
395,0.005874279737472534,0.000935873222435276
396,0.004560900623910129,0.0010763486585745664
397,0.00575044103898108,0.0010543258809675908
398,0.005450099352747202,0.0010879838692458117
399,0.003481392618268728,0.0010570576853016775
400,0.0048441866226494315,0.0010879661661432418
401,0.004767973492853343,0.0010827820762443318
402,0.004326918628066778,0.0009829480964881814
403,0.004209643546491861,0.000896908513474444
404,0.003949800916016102,0.0010426724664484189
405,0.004379266919568181,0.0011586309777419656
406,0.004068391723558306,0.0012834495147179864
407,0.005015267822891474,0.0010198186162049079
408,0.0044926140550524,0.0008920185245599036
409,0.004871763968840242,0.0008248342587835832
410,0.004487521573901176,0.000841347946409034
411,0.00398881929460913,0.0006907443525524784
412,0.00529656392056495,0.0006656451752785695
413,0.004147322410717607,0.0008161308790863275
414,0.00440937630366534,0.0007635067114989235
415,0.0033152113668620587,0.0007343890778529011
416,0.004847431788221002,0.0005714722940130542
417,0.0041632828395813705,0.0006902797362122889
418,0.004016793891787529,0.000669081202606122
419,0.003719407021999359,0.0006553516208915014
420,0.003955984702333808,0.0006326808014482719
421,0.004312932286411524,0.0006540147491973148
422,0.004346690755337477,0.0006122121253299642
423,0.0038582415226846934,0.0006212082233803015
424,0.004015935668721795,0.0006227605363787853
425,0.004221664164215326,0.0006727820863526264
426,0.003964605862274766,0.0006477595462419144
427,0.004293747488409281,0.0006150649126925289
428,0.00353654746664688,0.0005451247816879864
429,0.004813825823366642,0.0006071088368341021
430,0.003225075462833047,0.0006655893585172622
431,0.003343017054721713,0.0006228966526017358
432,0.003710972713306546,0.0007254131659004225
433,0.0051471565896645186,0.000817380255496461
434,0.003846363313496113,0.000612575098137014
435,0.002886029815999791,0.0005906214243859971
436,0.004188416432589293,0.0006246316264230401
437,0.003987532281316816,0.0005290505579156062
438,0.002963147102855146,0.0006522594571148671
439,0.002268981747329235,0.0009051181905430881
440,0.0028722445480525494,0.0007644665733694214
441,0.0036371089704334736,0.0006473232602879201
442,0.003414837969467044,0.0005895965022979023
443,0.0029774241242557765,0.0005878060193985943
444,0.0038244073558598756,0.0005841448252035101
445,0.003621728867292404,0.0005995962802282446
446,0.003491899948567152,0.00045167490355957503
447,0.0029890235653147103,0.000656123426966114
448,0.002783560203388333,0.0007591841970442807
449,0.003157979343086481,0.000649480953292717
450,0.00276691357139498,0.0007008800920169188
451,0.002325829458422959,0.0008458961176124644
452,0.003856658264994621,0.0009191815146525735
453,0.0028317047376185656,0.0005051036848134859
454,0.004345418000593781,0.0005081976047870128
455,0.002902016299776733,0.000802565553011883
456,0.0023617244022898377,0.0007562050862996903
457,0.003015123326331377,0.000584846617429109
458,0.002746820766478777,0.000642111829333709
459,0.0026690680254250767,0.0005618952458312939
460,0.002276466772891581,0.000497044442753365
461,0.002573929103091359,0.000471891128766663
462,0.0026076495088636874,0.0006540609620932541
463,0.0026526948902755977,0.000549846920439948
464,0.00231840833555907,0.0004596874699529184
465,0.0025258723646402357,0.00043472200833430055
466,0.0029190188832581045,0.00044503645239436155
467,0.0026645695453044026,0.0005559982580040288
468,0.003168912874534726,0.0005128308175325439
469,0.0026550958631560207,0.0004899161406322254
470,0.0025541574624367057,0.0006535879172040278
471,0.002602261733263731,0.0006513669185837961
472,0.0027776896581053734,0.0006322387971896168
473,0.002984294269699603,0.0005754421485830353
474,0.002252120969351381,0.00047764278113465654
475,0.0026515449211001398,0.000459821472360676
476,0.0027577758766710756,0.0005271974114792052
477,0.0021134051540866493,0.000582329293574232
478,0.002690067158546299,0.0004595766260212109
479,0.0019345885235816241,0.00038035227552340176
480,0.0019931169762276114,0.00038925531876037435
481,0.0027234134078025817,0.0005508025249782056
482,0.0025209159962832927,0.0004805640963564805
483,0.0020331519260071216,0.000391122044824791
484,0.0030473789805546404,0.00034694777951537544
485,0.0018662673141807318,0.0003530538552408808
486,0.0017387441033497452,0.0003390057808408603
487,0.0024297149572521447,0.0003947848543821362
488,0.0020270901918411255,0.00042043868248982434
489,0.0023927950905635953,0.0003554098111137186
490,0.0021722254948690536,0.00047311725400703996
491,0.002161696464754641,0.00037882673117166306
492,0.0023165487870573996,0.0004617829350312081
493,0.002685883822850883,0.0006913749077209839
494,0.0018742513284087181,0.0005672249468037466
495,0.002234106226824224,0.0005853683268133079
496,0.0023793776892125605,0.0005088905024036051
497,0.0018810123368166386,0.0005332988771878675
498,0.0017075971513986587,0.0006416754294561592
499,0.002485976503230631,0.0005121269842014929
500,0.0019246249692514538,0.0007538147546169156
501,0.0022492138855159283,0.000706013573942808
502,0.0019507229793816806,0.000489546150811916
503,0.0025109251774847506,0.0004798638463348839
504,0.0016423835465684533,0.0005070435221917761
505,0.0022835926664993168,0.0005953184001854212
506,0.0020089650328736753,0.00048421156620176203
507,0.001864275299012661,0.0005210967907783327
508,0.0016692535555921494,0.0005657096988539856
509,0.001451162858866155,0.0005813349141621299
510,0.002077273866161704,0.00082248386134368
511,0.0019539417303167284,0.0007383929648674221
512,0.001830151486210525,0.00043831447722256336
513,0.0018644667160697282,0.00048434442740546903
514,0.0019430788699537516,0.000523584795364638
515,0.00202667735517025,0.0005901533769832745
516,0.0016439114278182388,0.00032938341071912124
517,0.0016697082365863024,0.00039658032876279124
518,0.0014562505227513612,0.0006003531893278306
519,0.0018089029751718045,0.0007413409884352467
520,0.001287514217547141,0.00044721595014840976
521,0.001819747386034578,0.0005801637717387128
522,0.0015609434829093516,0.0005148759369958872
523,0.0012331074103713036,0.0005055011923054922
524,0.0015050813741981984,0.000756578913614535
525,0.0014450285397469998,0.0005618622673540663
526,0.0015132754971273242,0.000525592012296603
527,0.0015624570986256003,0.0005455454718012583
528,0.0021792716160416604,0.000613863819387617
529,0.0019334350386634469,0.0006347285910634713
530,0.0015698210918344557,0.0005235789916422282
531,0.0016131711192429066,0.0005173615221767798
532,0.0015335166221484542,0.0006596109482391151
533,0.0016935082525014876,0.0007831840995182475
534,0.001724506770260632,0.0005290768570139086
535,0.0011636702483519912,0.0003521834182782634
536,0.0016073298826813698,0.00042059683758838816
537,0.0017447341326624155,0.00045928061041344685
538,0.0017449155729264022,0.00045996995521980426
539,0.0014619503077119588,0.0004970767740192122
540,0.0014431709237396717,0.0005433758665338694
541,0.0016339004272595049,0.0006074037070267304
542,0.001647847576532513,0.0004841853587506243
543,0.0012145962915383278,0.0004662547697279641
544,0.0016492026578634978,0.0006167315060674684
545,0.0012371921236626804,0.0005457664719122551
546,0.001351880121510476,0.00039186174777967934
547,0.0010460261208936573,0.000470236808786006
548,0.0011272209393791855,0.0006113766938964644
549,0.0014690940896980465,0.0005034465702172458
550,0.0013777297409251332,0.0004764860148074373
551,0.0014354808395728468,0.0003538036420251632
552,0.0015195964043959976,0.0005232072457246967
553,0.0011612277245149016,0.00044573328640369364
554,0.0013134855357930064,0.0006969801170395827
555,0.0012807942507788539,0.0006275826677192029
556,0.001217237813398242,0.00048460186541252704
557,0.00117752110469155,0.0004867662426801111
558,0.0011404719995334745,0.00043688046205043313
559,0.0015122145344503223,0.00036770657990853404
560,0.0010954034700989723,0.00041015644610400173
561,0.0010547549254260958,0.0006268689440194938
562,0.0011791340075433254,0.0006655909606731618
563,0.0015313282189890743,0.00048282366851583916
564,0.0014852982549928128,0.0005521374773146419
565,0.0012507706601172686,0.0007140033937490717
566,0.0009407935093622655,0.0006225951832152221
567,0.001022175787948072,0.0005338039525369125
568,0.0009284100634977221,0.0006170585380110823
569,0.0013638456538319589,0.0006427496237810286
570,0.0010755083966068923,0.0005234524332617222
571,0.0012540721194818616,0.0006113101595499208
572,0.0011841529165394604,0.0006455688196918544
573,0.0016054214909672737,0.0005004164762396288
574,0.0010929893504362553,0.0005787693696456948
575,0.001133412322960794,0.00045952149873164047
576,0.0009363991441205144,0.0003419841071275822
577,0.001108246420044452,0.00035214782788175835
578,0.0008970680308993906,0.0005139266849417328
579,0.001105320721399039,0.0005082119988737634
580,0.0010915603395551443,0.0005299946636998905
581,0.0010802775877527893,0.0003823548032003551
582,0.0010639119776897133,0.0004531212673524127
583,0.001086707040667534,0.0005895993071297273
584,0.0008868810557760298,0.0003940019148963261
585,0.0010460085258819163,0.0005457851086298247
586,0.0008042344939894974,0.0006821024187159572
587,0.0009973053680732847,0.0006581006061536107
588,0.0010151271242648363,0.0005144655179433295
589,0.0011211079359054565,0.0004944735805086205
590,0.0008390388498082757,0.000565668086257001
591,0.001073669611942023,0.00045948827521411433
592,0.0009260998666286469,0.0004052898359376529
593,0.0008645248180255293,0.0005067357933387952
594,0.0009764529438689351,0.000634823047445548
595,0.0010235806275159121,0.0004440383947365088
596,0.0009381200140342116,0.00044688172494890553
597,0.0013106387620791793,0.00038339300435961363
598,0.0009164653718471527,0.00038080686599268156
599,0.0009781288122758269,0.0004348069663523945
600,0.0008534864382818341,0.0006315171484770061
601,0.0007123523065820336,0.0007385304406977398
602,0.0011768181156367064,0.0004957459489448149
603,0.0006475586071610451,0.0005370593986199684
604,0.0007952925469726324,0.0006463945554633153
605,0.0007980383501853794,0.0005268485283148986
606,0.0009372559166513383,0.0005478732147746821
607,0.0008325950242578983,0.00047166258126994827
608,0.000721330982632935,0.0005167589958658289
609,0.0007818367704749107,0.0005804184913533191
610,0.00085506412666291,0.0006075491819750798
611,0.0007671290403231979,0.0006768459640363588
612,0.0008978320669848472,0.0006863167027030651
613,0.0007690966397058219,0.0005908141593203229
614,0.001024335199035704,0.00047785833576448545
615,0.0009807363152503968,0.0006513017519179426
616,0.0008183645294047892,0.00043787840346738775
617,0.000621914321091026,0.0005626988971776533
618,0.0006987802893854678,0.0006670837981502003
619,0.0007268058578483761,0.0006150473972697972
620,0.0006441386020742357,0.0003804141845536571
621,0.0007679299951996654,0.00044916274683065203
622,0.000775640057399869,0.0003758925796655479
623,0.0008649219665676355,0.0004434594671219613
624,0.0007498188910540194,0.0004024472169750306
625,0.0007624299125745893,0.0003195958730704087
626,0.0007372877304442227,0.000398082625956517
627,0.000781133403070271,0.00040482537448565694
628,0.0010073368926532566,0.00039379116807974977
629,0.00090841768309474,0.00035385248787088756
630,0.0006148486491292715,0.0004632808258103156
631,0.0006130947626661509,0.0006480717310707455
632,0.0007625782559625804,0.0004906862139325487
633,0.000669115325435996,0.0004993449627064577
634,0.0008007865480612964,0.0005536034949640552
635,0.000703382984502241,0.0004876228121160338
636,0.0008966922224499285,0.00039062400592478275
637,0.0008211132558062673,0.000621837715910148
638,0.0006831431260798126,0.0006265058847979885
639,0.0007624004664830863,0.0005731851680599766
640,0.000649348150473088,0.00046976194166807996
641,0.000800171687733382,0.000562784251237084
642,0.0006442023697309196,0.0005234177146594945
643,0.0008021223382093012,0.00047171622999522784
644,0.0006878938828594983,0.0004503080284076245
645,0.0007017677801195532,0.0005203932513760352
646,0.0007035269332118332,0.0004251195534055874
647,0.0006380471726879478,0.0004251978339384986
648,0.0008076179190538823,0.00044616001374279593
649,0.0008705912926234305,0.0005469660893439838
650,0.0008830681815743446,0.0005323066250963315
651,0.0007368167664390057,0.00034255237072986893
652,0.000809183984529227,0.00036393284234728613
653,0.0005830802966374904,0.0003687074738443025
654,0.0005850055441260338,0.0006649763539053933
655,0.0008467460470274091,0.00044881219308654305
656,0.0007591551286168397,0.00028574998029635274
657,0.0006704975722823292,0.0005172500275203014
658,0.0007347233407199383,0.00047794269929697403
659,0.0006756112235598266,0.0004125992864791355
660,0.0007663217152003199,0.00036392974139395337
661,0.0006159301870502531,0.00048232705520517003
662,0.0007146678282879293,0.0005371773404975052
663,0.000711492911214009,0.00044788172379238146
664,0.0007107428601011634,0.0003807461395547151
665,0.0005831836978904903,0.0005611277489176607
666,0.0005109356960747391,0.0005485685287068968
667,0.0005156047991476953,0.0005930326077672461
668,0.0004324952093884349,0.0005336403735109592
669,0.0005469753302168101,0.00043724982860523647
670,0.0006939440919086337,0.0003755178716359022
671,0.0005660247546620667,0.0005378025852634941
672,0.0007292557822074741,0.0005512367447595789
673,0.0005707702413201332,0.0005112308303168528
674,0.00047142407507635655,0.0005798573376075046
675,0.0007857169769704342,0.00042649799752948574
676,0.0005794181232340634,0.0004259367427176298
677,0.0008296813489869236,0.00036413329039470686
678,0.0006571415439248085,0.0003684945552042137
679,0.00047704003867693245,0.0005067279256365185
680,0.0006716134003363549,0.0004552528943885628
681,0.0006331255286931991,0.000624131484870952
682,0.0006805709982290864,0.0004227820168686265
683,0.0005599272908875718,0.0005783093594850284
684,0.000716283314395696,0.0003746181215344584
685,0.0007963311311323196,0.00038904504896753963
686,0.0005709118954837322,0.00037821791113245825
687,0.0005066180019639432,0.0006555802286889608
688,0.0006187453214079141,0.0004881332313070992
689,0.0006087466096505522,0.00034620733501083435
690,0.000546926980605349,0.0006507580018640585
691,0.0005669905385002493,0.0005419492344403869
692,0.0007691799860913306,0.0006131430655679577
693,0.0004930259849061259,0.00048204676618110643
694,0.0005808175168931485,0.0003196992735978063
695,0.0005746726226061583,0.0004435439202583663
696,0.0006538210343569517,0.0005337058918148739
697,0.0005998617853038013,0.0003118153664678948
698,0.0005785942194052041,0.00038707491779087547
699,0.00042350803269073365,0.0004942134357207417
700,0.0007085699995514006,0.0004518475129957987
701,0.0005436235037632286,0.00041272999975536885
702,0.0005251617461908608,0.000581915378698135
703,0.0005529073311481624,0.0005016682840156535
704,0.0004978635557927191,0.0004692101535747746
705,0.0005184174067107961,0.00037982114606651746
706,0.0005654128827154636,0.00031992836021307907
707,0.0005308858468197286,0.0005991238389444882
708,0.000751075956504792,0.0003866269006011115
709,0.0005597534589469432,0.0005629984055939194
710,0.0006217177922371775,0.0005047099454701584
711,0.0005693229497410357,0.00031875482718906787
712,0.0007081592688336968,0.0004508492970609502
713,0.0005253651924431324,0.0005573942636981708
714,0.00041326197795569895,0.0007878198854111722
715,0.0006531329429708421,0.000541732834304415
716,0.0006620676862075925,0.00040093391786061533
717,0.0005264049454126507,0.000670548250152385
718,0.0005363069818122312,0.0004048252782038069
719,0.0005640193808358162,0.0005605541905611499
720,0.000434099551057443,0.0006037935218295363
721,0.0004256939049810171,0.0005686334298432435
722,0.0005419019446708262,0.0005240794223388785
723,0.0006151528027839958,0.0004887586253797253
724,0.00046606933465227486,0.000343938170348562
725,0.0004636980453506112,0.0004700651106883912
726,0.0006598286691587419,0.0004987894343722561
727,0.0006940139702055604,0.00042036303465752163
728,0.0006567077222280204,0.00041905305769345533
729,0.0005828715744428337,0.0005828926881156505
730,0.0005180483148433268,0.0004783163153349537
731,0.0004976869036909193,0.0005673220937701631
732,0.0005890970828477293,0.0003583272492468408
733,0.0005008493107743562,0.00043736307479900447
734,0.000652124757762067,0.00040026316467085723
735,0.000602189457276836,0.00030853242488986215
736,0.00043241239836788736,0.0005074564558103017
737,0.0006244080676697195,0.0003659471427728358
738,0.0006319491018075496,0.00038467067507516644
739,0.0003906741854734719,0.0005687190600900515
740,0.0005900936544639989,0.00037293847269946324
741,0.00047870906419120727,0.0004867103141381673
742,0.0005594301613746211,0.0005057408886623556
743,0.000541870123706758,0.0003578518840248301
744,0.0005639631696976722,0.0005430989517600671
745,0.0006737307802541181,0.000410648081164603
746,0.0004976085759699345,0.0005851162323243405
747,0.0004714725888334215,0.0005705155227301412
748,0.0006482764030806721,0.0005752820464182798
749,0.000552938507462386,0.0004371634759455409
750,0.0005657559377141297,0.0005286039321281476
751,0.00047705053235404195,0.00046413933398993046
752,0.0005736508523114025,0.0004037822048938897
753,0.0006823626859113574,0.0004868760867656706
754,0.0005966294987592846,0.00042955684379916893
755,0.0004149835463613272,0.0005873749391430963
756,0.0004529261530842632,0.0004517906903582689
757,0.0004098794690798968,0.0004150167104392631
758,0.00044560978887602686,0.0005176956558038723
759,0.0003960655233822763,0.00039483660358412525
760,0.0005805099243298173,0.0005191978831035532
761,0.00042667246132623406,0.00040329479347684814
762,0.0005909288174007088,0.00042956926993872614
763,0.0004883595515275375,0.00047138793400348456
764,0.000564888659864664,0.00035037816468664533
765,0.0006102076236857102,0.0006821142590910911
766,0.0006063522608019411,0.0003792379818512254
767,0.0005709142528939992,0.0004034304033728852
768,0.0006373100925702601,0.0005910385835418248
769,0.0005440514453221113,0.0003452080306724632
770,0.0005523747252300381,0.00039698256335973943
771,0.00044646807247772813,0.00031017673549510233
772,0.0005208874261006713,0.0004114345336422222
773,0.00036681330646388233,0.0004151486293317061
774,0.0005812296934891492,0.00042719304663677737
775,0.0005055207712575794,0.0003251384334536652
776,0.0005605175462551414,0.00038562293964986726
777,0.0005615056271199137,0.0005410330538312611
778,0.0005587448272854089,0.0005373064901405461
779,0.0005038138979580253,0.00044754936044066125
780,0.0003855486685642973,0.00044247261423949305
781,0.00042051311815157535,0.0005368673711479323
782,0.000589516821783036,0.0004217405364950736
783,0.0005638202605769038,0.0004369435311224924
784,0.0004142941627651453,0.000452251325453925
785,0.0004835716122761369,0.0004047924161917364
786,0.0004914007638581097,0.0005167728554687067
787,0.0005822753685060889,0.00047908607417436905
788,0.0005685214838013053,0.0004440781728951388
789,0.0005573070782702416,0.00031522231747409046
790,0.0005398473888635635,0.0005151804054972448
791,0.0005660665803588927,0.0004143177524483316
792,0.0005219480127561837,0.0006457160383284296
793,0.00041805995046161114,0.0004523973784422221
794,0.00045794039528118446,0.00076595547829104
795,0.0005686731194145978,0.0004263119134184432
796,0.0006204081897158175,0.00038376839333915545
797,0.00046489668311551214,0.0005055305512928187
798,0.0004427900724112987,0.0005316242355572646
799,0.00045827046735212205,0.0004846215481735919
800,0.0006454637041315436,0.0006376285028599254
801,0.0004239075304940343,0.0006809661313189729
802,0.0006889251223765314,0.000352978083617628
803,0.00043936655347351914,0.0006604185288019274
804,0.0005446237127762288,0.0004101998247652736
805,0.0005765528208576142,0.0004801457143414204
806,0.00043959924834780395,0.00040685063130732575
807,0.0004051339207217097,0.0008371550325074629
808,0.0005532238550949842,0.00046354514699786494
809,0.000524134892039001,0.0005754365534713007
810,0.0005532561719883233,0.00045661475869814217
811,0.0006047528050839901,0.0003895173247980132
812,0.0005599900125525892,0.00038446093533086044
813,0.0006048513459973037,0.00055117431106301
814,0.0005808359733782708,0.0003575798114506553
815,0.0005623041349463165,0.0004457661567880989
816,0.0006363563961349428,0.000690583385645144
817,0.00039428719435818493,0.0005940467048251415
818,0.00047542859334498644,0.00040707709618576177
819,0.0005602570495102555,0.00040944109986574477
820,0.0005839685630053282,0.0003353477868710785
821,0.0003982189088128507,0.0004930980870347113
822,0.0005924871168099344,0.0004808243478916279
823,0.0003943600424099714,0.0003821670025115042
824,0.0005548787477891893,0.0003734187148064885
825,0.000419932939694263,0.0005615215624159534
826,0.0005751055793371051,0.00043791420686007667
827,0.000513884131796658,0.0003384608880629482
828,0.000442138941725716,0.0004499396931201424
829,0.0005391164927277714,0.0005249973667198664
830,0.0005325145128881559,0.00045095115727808785
831,0.0005071577196940779,0.0004377587505437638
832,0.00047818521154113113,0.0005195577252554159
833,0.00042963917541783303,0.0005612563643260056
834,0.0004992506315466016,0.0002574295137230664
835,0.0005210260668536648,0.0007323054469203296
836,0.0005790611263364554,0.000387457221720929
837,0.00045957896509207785,0.0007877068447382891
838,0.0005025742878206074,0.0004925042373281329
839,0.000556294247508049,0.0003669454655546236
840,0.0006107481580693275,0.0004964360850863159
841,0.000608258144930005,0.00026503184169199165
842,0.0005339133483357728,0.0004871705960010319
843,0.00043384558754041793,0.0005208876024619102
844,0.0005170867999549955,0.00045185674090346655
845,0.000557620923500508,0.00046957136938756666
846,0.0005814577895216644,0.0003887023290376855
847,0.000540466852253303,0.00046562672471500016
848,0.0005028518632752821,0.0006595153093644201
849,0.0004941939713899046,0.000409316883122625
850,0.0005422073742374778,0.00048483285753132956
851,0.0005117715487722307,0.00037762373510416444
852,0.0005898407328641043,0.0003844959675717129
853,0.00041115812375210227,0.0005676772147225701
854,0.0007160014659166336,0.00048926359677228
855,0.0005185198853723705,0.0003917227684175723
856,0.00036124697071500124,0.0006908954743914663
857,0.0004507279035169631,0.000476452845510746
858,0.00039371532533550636,0.0004472370771372257
859,0.0005650914402212947,0.00041700354203173557
860,0.0003446232120040804,0.0005961450880109524
861,0.0005566123861353845,0.0004028624963423569
862,0.0004497491999063641,0.00047468362864081377
863,0.00037041024537757037,0.0004496845274793673
864,0.00039082980365492406,0.0005453830706083203
865,0.0004269129643216729,0.0003921013414757709
866,0.00041664141055662183,0.0005701579395139411
867,0.0004159585473826155,0.0004355393562223507
868,0.0005482868116814643,0.00030262102667969485
869,0.000525555278873071,0.0007243250011887452
870,0.00037207574234344066,0.00030799014278534443
871,0.00046943857334554197,0.0004797395185586575
872,0.0004639248491730541,0.0005380547560005104
873,0.000528075231704861,0.00037427837577686733
874,0.00041305175749585033,0.00035814885831476277
875,0.0005351378349587321,0.00033400182401735896
876,0.0005757809904753231,0.00040979482144219416
877,0.0003879573912126944,0.00035062094206271104
878,0.00033622215734794734,0.0005630728145200147
879,0.00043559708050452175,0.0005550195290770841
880,0.0005562965665012598,0.00040963053709687025
881,0.0005514592025429011,0.00034645003145433045
882,0.00034482173272408544,0.00037711404809371045
883,0.0003900229651480913,0.0004985036770175275
884,0.0004190772818401456,0.0005008164212771066
885,0.00045676121604628863,0.0003290806716780038
886,0.000374499827157706,0.0005595814962935162
887,0.00040013197693042455,0.0005352501015893299
888,0.0005694802757352591,0.0004495769788587644
889,0.000348591263173148,0.00047051740175572363
890,0.00043374618049710987,0.0007300498227155066
891,0.0004190387309063226,0.00038256108232977967
892,0.0004837392084300518,0.00041861109051228283
893,0.0005781113135162741,0.0004376444191359341
894,0.000588522277539596,0.00027827177936696026
895,0.000518928705714643,0.0003266843396226225
896,0.0005923933803569525,0.0002955141826532781
897,0.00047371673048473894,0.00036042605324214556
898,0.0005473241407889873,0.000361230015261928
899,0.0003169688512571156,0.0005367652565712901
900,0.0005046725785359741,0.0003580404170437984
901,0.0004511247458867729,0.0004571872725062174
902,0.0005192872183397413,0.00029008303831127305
903,0.0005498221574816853,0.0004947870516868895
904,0.0005930181255098432,0.00033666512630688513
905,0.00046968582493718715,0.0004515205820933086
906,0.0006204140977934002,0.0004549727716151472
907,0.0004758038028376177,0.0002900211942662829
908,0.0004546291445149109,0.00036395432795110886
909,0.00048128790222108365,0.00037981470853843
910,0.0005604125634999945,0.0003676089760767653
911,0.0004065296845510602,0.0005760998967460879
912,0.0003482814982999116,0.00036997887487714623
913,0.00034194390987977384,0.0004687825080696238
914,0.00041834794799797234,0.0005668034762692676
915,0.0004949312284588814,0.0009101851163942316
916,0.0005109464353881776,0.0003037216079625467
917,0.00044047994539141654,0.0004705262636727564
918,0.00035587082034908233,0.0004588214334495978
919,0.0005346370255574584,0.0003968711363547163
920,0.0005398437660187482,0.0002737548349788795
921,0.0004642969975247979,0.0004635042908014602
922,0.0005032019119244069,0.0005911718121066384
923,0.0006366353784687817,0.0005363510181642558
924,0.000528438346227631,0.0002989029206418471
925,0.0004871321271639317,0.000551390912932382
926,0.0005975126835983247,0.00047015700184689093
927,0.00048344875103794037,0.00039121770293592184
928,0.00039371215389110147,0.000401478396307626
929,0.000436487733386457,0.0005747835380694995
930,0.0003143021976575255,0.0004530428400046307
931,0.0003199133404996246,0.0004409502383181187
932,0.0004611634148750454,0.00040874314775103573
933,0.0005964545963797718,0.00044439167377526224
934,0.0005760030273813754,0.0002565999624593668
935,0.0005726784653961658,0.0004175405898322798
936,0.00043562568142078815,0.0003365896736297195
937,0.0005913643899839371,0.0004116753188012908
938,0.0004857835080474615,0.0003773043034215496
939,0.000370802303077653,0.000794410629418028
940,0.00045073529821820557,0.000506900027250769
941,0.0004951191833242774,0.00039138241387163733
942,0.0003680037648882717,0.00038920144697217503
943,0.00038493447878863664,0.00042542437057980424
944,0.0004007271578302607,0.00039791291633824985
945,0.0004927336471155286,0.00033304221570900044
946,0.0003884907066822052,0.0006402792442551725
947,0.0005815794569207356,0.00033713993098114756
948,0.00047617399017326536,0.0003570403882991267
949,0.0003178109368309379,0.0003865955697296009
950,0.0003668687661411241,0.0004181649981621551
951,0.0004964343435131013,0.0002258640107194804
952,0.0005022160359658301,0.0003387781182201962
953,0.0004163844883441925,0.00045557587554244557
954,0.00039133232494350525,0.0005166087122570264
955,0.0004179800138808787,0.00030970132761405243
956,0.0004298332170583308,0.00032211353500813806
957,0.0003196682617999613,0.0003299538752985863
958,0.0005086741852574051,0.00032039455533640023
959,0.0005362615489866584,0.00032602305953033676
960,0.0005146172553941142,0.000326299599741828
961,0.0004116029292345047,0.0003561015601257143
962,0.00030274420510977506,0.0004156065870743015
963,0.0005979103955905885,0.0002496213124337772
964,0.0005033529771026224,0.0002637111210289781
965,0.00039323574979789556,0.00035054272352494554
966,0.0004388819995801896,0.00038693620833689477
967,0.00037697659397963436,0.0004412333679557714
968,0.000444111319957301,0.0005817454856858678
969,0.0004641254048328847,0.00048598187795380923
970,0.0004553562798537314,0.000416635152124736
971,0.000452368357218802,0.0003742390704558116
972,0.0005228057742351666,0.0002660429805249282
973,0.000383025374612771,0.00038848745984293215
974,0.00044829978956840934,0.00046302271530044913
975,0.0005534486297983676,0.0003164721268535375
976,0.0005264922324568033,0.000591214871821823
977,0.0005792621604632587,0.0004226214249222858
978,0.0005253442865796387,0.00041625547631044094
979,0.000587059196550399,0.00035924995469554545
980,0.00038321656989865005,0.0003819110257509611
981,0.00035429665353149177,0.0005690917577626413
982,0.0005204323300858959,0.0004241140930090508
983,0.0004203717759810388,0.0002858303451419438
984,0.00045608970220200717,0.0003484783423841255
985,0.0004823925020173192,0.00028686646981266874
986,0.0004255444067530334,0.00032822959394551406
987,0.0004535352811217308,0.00047759721111442435
988,0.0005733779538422823,0.0003279123633895835
989,0.00046694999560713767,0.00040320983381418845
990,0.0005396940582431853,0.00028928176002347304
991,0.0003420191851910204,0.0005170303324719075
992,0.0004946489713620394,0.0003989406485407141
993,0.0005028238613158465,0.00030458160183290405
994,0.000464120430406183,0.00038820261387664774
995,0.00037321260082535447,0.0005304543476883475
996,0.0004236019274685532,0.00037600441631695176
997,0.00045547170273493973,0.0003032272626575695
998,0.0003583933727350086,0.0004739167845699528
999,0.00037161771208047865,0.00043935857175798345
1000,0.00047662526136264203,0.0003390546428830656
1001,0.00038815765990875663,0.000311991276398097
1002,0.00047352661727927624,0.0006242825997329943
1003,0.00038779790746048095,0.0002906691910514021
1004,0.0005601858394220471,0.00038658980717117046
1005,0.00031503063801210376,0.00036944876116387903
1006,0.0005095214501488953,0.0003316796967625771
1007,0.0004306769114919007,0.000357111978937859
1008,0.000603152543772012,0.00028662931186797686
1009,0.00044805680285207926,0.0005022136766418866
1010,0.00027090636489447207,0.0004355947607458403
1011,0.0003311383462278172,0.0004666192434753661
1012,0.0005439046485116706,0.00046376885817552065
1013,0.0003870318364351988,0.0006176625774720403
1014,0.00038743264914955946,0.0005212897464333179
1015,0.00036303555651102216,0.00024572846859259763
1016,0.0004149818076984957,0.000337222244986014
1017,0.0004096183608635329,0.000360331112161687
1018,0.000399282906728331,0.0002610006494039338
1019,0.0004937559983227402,0.00042375711220227284
1020,0.0004928226256743074,0.0005279159518628547
1021,0.0005452096799854189,0.000407079447217107
1022,0.0005466167023405432,0.0004397757951017112
1023,0.0003278981160838157,0.00036086527350014206
1024,0.00035058761364780366,0.000410906489291037
1025,0.00040363412350416186,0.00033882816365205567
1026,0.0006042883009649814,0.0005578639293536033
1027,0.00047379781550262125,0.0003114787172781278
1028,0.0004739175015129149,0.000304052557984418
1029,0.0003855674376245588,0.00034950145026700803
1030,0.00049285376095213,0.0004011863852174927
1031,0.0004991135490126908,0.0003216718610580245
1032,0.0004644207505043596,0.0004718790766910637
1033,0.0004250010545365512,0.0002912532837984905
1034,0.0005164808500558138,0.0003819549057556138
1035,0.00044726266642101107,0.0002889796064477669
1036,0.0004981787677388639,0.00029177574778919757
1037,0.0003453515865840018,0.00025135593740779856
1038,0.00043334551039151846,0.0005284328645969141
1039,0.00031645279319491237,0.00023663170996109304
1040,0.00045861250022426246,0.0004379526522227448
1041,0.00045076357666403057,0.00037065713246965345
1042,0.00041048800572752954,0.000382901930046102
1043,0.0005591795011423528,0.00023134720686357468
1044,0.0006630719840177335,0.00032003760154036907
1045,0.0004957972327247262,0.00031897474450301634
1046,0.0005205282277893275,0.0003108288271492985
1047,0.0003159209038130939,0.0004849040524775724
1048,0.0004754723026417196,0.0002672980979646314
1049,0.0003419601242057979,0.0003455978465802355
1050,0.0004371147439815104,0.0004633306029287792
1051,0.0003443582484032959,0.00031725117858588594
1052,0.0002613731805467978,0.0004241942082793286
1053,0.0004509968752972782,0.0003004319501772829
1054,0.0003256862226407975,0.00032061303779163893
1055,0.00034162152907811104,0.000514460648234602
1056,0.0004395226784981787,0.0002982034108741847
1057,0.00043723944458179176,0.0002794303424570276
1058,0.00044498058152385054,0.0003538924498222003
1059,0.00030166493379510937,0.00036911466453951617
1060,0.0004706729861209169,0.00021518394311137294
1061,0.0005932610551826656,0.0003151671282392097
1062,0.0005123415694106371,0.00035513399570721063
1063,0.00033127104281447826,0.00046145401644673555
1064,0.00048229165258817375,0.00042613849206508633
1065,0.000383222799282521,0.00038731357478217717
1066,0.0003953051142161712,0.000368153336713065
1067,0.000292692287475802,0.00044794352079282376
1068,0.00043543690699152646,0.00027662286437626877
1069,0.00048501183395273985,0.000318530893945199
1070,0.00035847564635332674,0.0003371748519895522
1071,0.0004272737930295989,0.0003045080712045964
1072,0.000464733112603426,0.00033137102034070515
1073,0.000506571406731382,0.0002877478765272727
1074,0.0004845770460087806,0.0002735049981298563
1075,0.00038287365576252343,0.000361115568435483
1076,0.0004114881705027074,0.0002061323799377894
1077,0.0004959773051086814,0.0002455766945088614
1078,0.0004308010888053104,0.00036003124323667166
1079,0.0004771741747390479,0.00024718223362905933
1080,0.00033713795593939724,0.00023668090958779754
1081,0.00032675937691237775,0.00036683930853566744
1082,0.00048710863571614025,0.00036893741144760424
1083,0.00043564347084611653,0.00025404397516243466
1084,0.0004521879577077925,0.0002061217737843423
1085,0.0003707691410090774,0.00038615642342722836
1086,0.0003467937145614997,0.0004247339282500596
1087,0.00047950879554264247,0.0002524476966418785
1088,0.0002750341378850862,0.00023629405330037316
1089,0.0004197171493433416,0.0006561380263245729
1090,0.00032293566036969425,0.0005246338646616532
1091,0.0003339111525565386,0.0004477037339350081
1092,0.00029062446090392767,0.0005343614209105248
1093,0.00040129837463609875,0.0002690374682584063
1094,0.0004395976586965844,0.0003626776272303438
1095,0.0004130210669245571,0.0003826100561027862
1096,0.0005031878681620583,0.00028333371969207816
1097,0.00044945919886231424,0.0001874501894272813
1098,0.00036750590486917645,0.00047132299677947253
1099,0.0004935027798637747,0.0003650367534272883
1100,0.00036220524460077284,0.00025474894947327724
1101,0.0004860018688486889,0.00043642760213777066
1102,0.0004912536568008364,0.0002611398155488431
1103,0.00034592814627103506,0.0002456380697031033
1104,0.0004417199757881463,0.00036167427666217394
1105,0.0003856314532458782,0.0003237852638137642
1106,0.00044681514031253756,0.00023049682682565068
1107,0.00041555154602974654,0.0002411181343980899
1108,0.0003270866919774562,0.0002619282279501682
1109,0.00043176360573852433,0.00020834348285698318
1110,0.00043430535355582834,0.00040636292645988397
1111,0.0003504936007084325,0.0005291863789140846
1112,0.000356944598024711,0.0003632991098278929
1113,0.0004545549675822258,0.00022248855105454535
1114,0.00042702137143351137,0.0003401788272727472
1115,0.0003463089227443561,0.0004090221986662571
1116,0.0003770526172593236,0.0004646103156966553
1117,0.00044334536651149394,0.000565234775422141
1118,0.0004437888623215258,0.0004925064368600868
1119,0.0003145553101785481,0.0004834270906915301
1120,0.000423781624995172,0.000429788009145565
1121,0.0004400758346309885,0.00025919255440136135
1122,0.0003197462484240532,0.0005245980402384566
1123,0.00044293237733654677,0.00026986237447102846
1124,0.00027368857641704383,0.0005626814864091064
1125,0.00039534272043965755,0.000252774928948421
1126,0.000396459202747792,0.0004378764157355699
1127,0.00034739073482342064,0.00027179128525472464
1128,0.0002828605263493955,0.00040954220477867973
1129,0.00038045433233492077,0.00019754376142821595
1130,0.0004203772894106805,0.00021066354832465262
1131,0.00039263748680241407,0.00030944413487155194
1132,0.0002663423330523074,0.0003054698395753305
1133,0.00039409325167071073,0.00030941220727184635
1134,0.00043690797523595395,0.00027952506605612295
1135,0.0003669468150474131,0.00028239615833265577
1136,0.00035480347869452087,0.00035772304615158944
1137,0.00036617860896512864,0.000285087847820649
1138,0.0004562835511751473,0.00035250442954137514
1139,0.000485486265970394,0.00035652248922429265
1140,0.00044907102244906127,0.0002061952458063064
1141,0.00032518339925445615,0.00036944094439330576
1142,0.00045357518014498054,0.00030876435291608926
1143,0.00044464509934186933,0.0002020493353882881
1144,0.00035205789958126844,0.00038373784468292375
1145,0.000265227245981805,0.00024635851190246845
1146,0.0005423791205976158,0.0003047232856584891
1147,0.00040892921388149264,0.00021320654574481847
1148,0.00037412595003843307,0.00018775415581281054
1149,0.00042114588315598665,0.0005706016852182323
1150,0.000512510840781033,0.0002892770755028174
1151,0.00038202240946702657,0.0002927813238036908
1152,0.000442415481666103,0.00017045769435417366
1153,0.00039869924541562795,0.0003020106705163975
1154,0.0003045172477141023,0.0003537514106663939
1155,0.00027819428709335625,0.0005051473630847383
1156,0.00031284035241696984,0.0003412355479867236
1157,0.0004820215521613136,0.00032973842921009774
1158,0.0003879779885755852,0.00026845701867299896
1159,0.00025288785924203693,0.0006017062395622903
1160,0.0005471916031092405,0.0003704835580221747
1161,0.00041908446117304264,0.0003939202975893189
1162,0.0004837690514978021,0.0005158582544400777
1163,0.0005370036419481039,0.00022374067249411258
1164,0.0002989468432497233,0.00040654556276372393
1165,0.00045866633299738167,0.0004099764799769355
1166,0.00040381016209721564,0.00038779188965747054
1167,0.00042931953561492264,0.00023563954941705124
1168,0.00022970448480919003,0.0003389425185821593
1169,0.00039904607518110425,0.00039336825772794603
1170,0.00043362577096559105,0.00042178589959903176
1171,0.0003282803960610181,0.0004214030357192538
1172,0.00036516444990411403,0.00034801543948211874
1173,0.0003879262343980372,0.0001804640744685208
1174,0.0004767954058479518,0.00048526605608719976
1175,0.0005376372730825096,0.00026440577763324117
1176,0.00039029964711517095,0.00046604062573687646
1177,0.00030814620899036524,0.0003055690377886879
1178,0.00029885208001360295,0.00035258427091670056
1179,0.00037653125589713453,0.0003261136390230529
1180,0.0005290657596196979,0.00022552661439850417
1181,0.0003450342171709053,0.00033022825484967805
1182,0.000496258520288393,0.00034241942403365997
1183,0.00032279774022754283,0.0005039870113051458
1184,0.0005033288558479399,0.0002801817935916965
1185,0.0004355521860998124,0.0003500736756282157
1186,0.0003544759552460164,0.0003098309140138915
1187,0.0004966825956944376,0.00017895563848457005
1188,0.0004623653320595622,0.0002944047540053087
1189,0.000365775601239875,0.00042131040261241876
1190,0.0003601709743088577,0.00021303371284699246
1191,0.0003125539934262633,0.00026641064891607617
1192,0.00035418333834968507,0.0002288712401498007
1193,0.00044772146036848427,0.0003382309895305422
1194,0.00032578730722889306,0.00026379843909861135
1195,0.0003988465073052794,0.0003380830790799698
1196,0.0003805290505988523,0.00027657807507625563
1197,0.00039251783629879356,0.0003029662874138161
1198,0.00046854438434820625,0.0004498317776118686
1199,0.00046895942999981345,0.00031855861225391877
1200,0.0003941819997271523,0.0002545331686907384
1201,0.0003483766299905255,0.0003668540118506165
1202,0.0002683125407202169,0.0003954694934878243
1203,0.0003637450304813683,0.00020381700068517679
1204,0.0002738408499862999,0.0003454586487400588
1205,0.0003474356420338154,0.00027953967717571875
1206,0.0004171361168846488,0.0003387622823476256
1207,0.0003296132932882756,0.0003659613269033574
1208,0.0003759168845135719,0.0003880203467529037
1209,0.0003838849999010563,0.0003247313881779332
1210,0.0002687800698913634,0.00026109487165964834
1211,0.0002661414246540517,0.0003570085774137549
1212,0.00041293747024610637,0.00035247856859526
1213,0.0002419400159851648,0.0002665178499851146
1214,0.00031594350934028626,0.0002941154155837155
1215,0.000434186072088778,0.00036679097883441573
1216,0.0003161280608037487,0.0002926020170976599
1217,0.00042151998495683075,0.00016770469595292226
1218,0.0003677791787777096,0.00036244769919542466
1219,0.00037972768070176243,0.00032736301084833655
1220,0.0003605846711434424,0.00044446521337392856
1221,0.00032529345131479206,0.00021697554591012966
1222,0.0004969625547528267,0.0004198475268809763
1223,0.0005764439003542066,0.00033422323977989334
1224,0.00026752178964670745,0.0003989156266221496
1225,0.0002675655612256378,0.0003854590424253567
1226,0.0004916436132043601,0.00022378505792864278
1227,0.00025833092804532497,0.0004311345219819437
1228,0.00038433850248111414,0.00023622539576959527
1229,0.00025854199746390806,0.00029515919147206035
1230,0.0002472638140898198,0.0003214900753435309
1231,0.0002831421187147498,0.00042389253571419017
1232,0.00036579709354555233,0.00027299517895611745
1233,0.0003856402001110837,0.000316145051478437
1234,0.0003222619218286127,0.00023590542287533873
1235,0.0002730450662784278,0.0003304597570828787
1236,0.00027132067130878566,0.0003685563549954342
1237,0.00028337252442725005,0.00036564539086985824
1238,0.00041853597736917435,0.00027805887149130184
1239,0.00026537145371548833,0.0003341329740503905
1240,0.0002560938347596675,0.0004013146414128068
1241,0.0004544179269578308,0.0002091967968002268
1242,0.00038834680686704814,0.0002755144142947632
1243,0.0004284236481180415,0.00041743787822843057
1244,0.00044824957964010535,0.0001590162059547354
1245,0.00035244109691120687,0.00033226750941774873
1246,0.0003221547557041049,0.00024649487291654085
1247,0.00031361162546090783,0.000272384187691424
1248,0.0004416947130812332,0.000337776947748203
1249,0.0002793102466966957,0.0003952336133208942
1250,0.00026248253590893,0.00038801310528133523
1251,0.00020874079258646815,0.00037324664020298485
1252,0.00042384588799905033,0.00028829087785521703
1253,0.00021822763956151902,0.0005103682131149284
1254,0.0003795099823037162,0.0003145196371829801
1255,0.00031232170236762614,0.00036198306371846987
1256,0.00026944830489810556,0.0005241739314467301
1257,0.0003395552444271743,0.0003691967427236194
1258,0.00033378603868186476,0.0003465271398603712
1259,0.0004223285178886727,0.00020996316574108852
1260,0.0003213578730355948,0.0004240816095461176
1261,0.0002588378207292408,0.00032214971256445556
1262,0.00037645163334673273,0.0003845978664610637
1263,0.00040491760126315057,0.00028111297702608143
1264,0.00021994842158164828,0.0003974481387309449
1265,0.0003067141637438908,0.0004812049502443063
1266,0.0003451466839760542,0.00023377438678648578
1267,0.00029668309492990373,0.0003091513509351811
1268,0.0005149465764407069,0.00023976213311495845
1269,0.0004152047971729189,0.00023405005248767414
1270,0.00037157247774302957,0.0002554009484337668
1271,0.0002749315818073228,0.0005284296469292475
1272,0.0005215457850135862,0.0003108431292898723
1273,0.00023746660328470171,0.00032508910764391497
1274,0.0003157397924223915,0.00022648508167723576
1275,0.000320785962685477,0.0002699895360832396
1276,0.00031812801695195957,0.0003535094470015331
1277,0.00023565534153021872,0.0003795521993633385
1278,0.0003687560744583607,0.0002681425635460509
1279,0.00039752783835865556,0.0004019970891595346
1280,0.0005449711333494633,0.00034064151109866034
1281,0.0004359867295715958,0.0004528363352706847
1282,0.0003049099614145234,0.0003246069801668318
1283,0.0003104795247782022,0.00045226256631008567
1284,0.0004299763741437346,0.0003861425608342309
1285,0.00033222882746485993,0.0004346834283165812
1286,0.00040116059710271657,0.00032016034146343446
1287,0.00021833701408468186,0.0004204201650780256
1288,0.0003970981313614175,0.0002026377126777047
1289,0.000498700994066894,0.00021188074407129458
1290,0.00044699610327370465,0.0002896360895909012
1291,0.0004238172655459493,0.00032580814787588555
1292,0.00022036355192540214,0.00038400480584703924
1293,0.0003221691789804026,0.0001603570100548358
1294,0.0004260211857035756,0.0002924867211769284
1295,0.00047982423449866474,0.00023302319300144095
1296,0.0002971508540213108,0.000554553775893435
1297,0.00019862407702021302,0.0005545643106826951
1298,0.00033934048493392764,0.0002042656888577717
1299,0.0003326908848248422,0.00031215435034302
1300,0.0002704020991222933,0.0005260984205412806
1301,0.00023601114400662482,0.000301201593598083
1302,0.000250420089578256,0.00029259556123017246
1303,0.0003630180121399462,0.0003650151193141937
1304,0.0003541664488147944,0.0006291627477653554
1305,0.0002853969333227724,0.0002328514040540266
1306,0.00023801638395525514,0.0002984208031318291
1307,0.00024023098172619938,0.00040019967566142244
1308,0.00039664340671151876,0.0004880077046922676
1309,0.0003208793315570802,0.0002757402876278781
1310,0.00039141717134043573,0.00022908823282780024
1311,0.00035522276419214905,0.00019661055946378165
1312,0.00031913410086417573,0.0003478682090844066
1313,0.0003178918419871479,0.0002553332907989723
1314,0.0003553197783185169,0.0002752356410121437
1315,0.0003276090556755662,0.00022436879814063417
1316,0.0004328179429285228,0.0005460770239364611
1317,0.0005138624389655888,0.0003797507636354318
1318,0.0003593568876385689,0.00045074282109590683
1319,0.0002921068179421127,0.00031601688015268323
1320,0.0003697689069667831,0.00019513800660904166
1321,0.00041784788423683496,0.00045845162582724064
1322,0.00019772456551436334,0.0006757944107473483
1323,0.000360448511200957,0.00025467250756488807
1324,0.00023704820196144283,0.0003314530878600486
1325,0.0004048815235728398,0.00037751399053975124
1326,0.0002863317378796637,0.0005811515566414503
1327,0.00023569217300973834,0.0005496772614543722
1328,0.00033363366266712545,0.0001774839183781296
1329,0.0002582337241619825,0.0005047471933896105
1330,0.00023718520766124128,0.0003315645468593511
1331,0.00040507190744392573,0.00019628917214329904
1332,0.00040138369309715926,0.00024875580727470376
1333,0.0004403951368294656,0.0002033736993126533
1334,0.0004058696422725916,0.00016578734228036635
1335,0.0002774074510671198,0.0005316724494412185
1336,0.0003648174338741228,0.0003549859226938044
1337,0.0003067293649655767,0.0002582934377069126
1338,0.00028652478940784933,0.0004848358881171818
1339,0.00032701540912967176,0.0005222616090490291
1340,0.0003837064153049141,0.0002719223846550648
1341,0.00023420308833010494,0.00047548013270437106
1342,0.0003586261230520904,0.00021030843215643697
1343,0.0003326062520500273,0.00035724056653809187
1344,0.00035994811216369274,0.000318196364550864
1345,0.00027338125102687626,0.0003870813792399195
1346,0.00044465130456956104,0.0003764443256978379
1347,0.00030839360668323936,0.00024388424557002185
1348,0.00035236572264693675,0.0004655890488097674
1349,0.0002372492592257913,0.0005908022287432487
1350,0.0003857088088989258,0.00017417573441004967
1351,0.00038114708266220984,0.00025259943604022774
1352,0.0003733825741801411,0.0005193747434930953
1353,0.00026093423715792594,0.0004606147169945634
1354,0.00026652170461602506,0.0005267058765876094
1355,0.0002069078286876902,0.00043801635771683635
1356,0.0003947588917799294,0.0003690491932801494
1357,0.000414672396145761,0.00023804030824478155
1358,0.0003260442090686411,0.00031949874960134853
1359,0.00021986920386552812,0.0003465510173605066
1360,0.00021891503361985088,0.0005393813919173936
1361,0.0003808131837286055,0.0003798720821553254
1362,0.00041940442519262434,0.00036800170057351155
1363,0.00038858728716149925,0.0002618128306643833
1364,0.0003291184490080923,0.0002448842573706826
1365,0.00029042768757790325,0.000314384340850815
1366,0.00039210832910612224,0.00035566041742017725
1367,0.0002534303822903894,0.0004795219859647348
1368,0.00019641391932964325,0.00034324821241818725
1369,0.00019041108345845714,0.00045146747517769466
1370,0.00021652675117366015,0.0006903593497405032
1371,0.00033041489659808577,0.00032319509145590055
1372,0.00028400420502293854,0.0003295750414022908
1373,0.00037443456705659627,0.00024747539033366956
1374,0.0003839507309021428,0.00032200927631642466
1375,0.0003301964019192383,0.00042697365817530975
1376,0.00028477094951085747,0.0003832821448792844
1377,0.0003603650315199047,0.0005773913762324859
1378,0.0004914546140935272,0.0002562316279692499
1379,0.00026390662183985115,0.0004487226340219646
1380,0.0003166388173121959,0.0003866514052289908
1381,0.0005099021072965115,0.00032569794781659155
1382,0.0002844262414146215,0.0005422778691130065
1383,0.0002125021006213501,0.0002555142592141175
1384,0.00038504637312144043,0.00038024960767496887
1385,0.00021811161626828835,0.0006533334239414727
1386,0.0002173069550190121,0.00030214132817640697
1387,0.00034454973123501984,0.00028992791364905555
1388,0.00030632536043412984,0.0003346109656937586
1389,0.0003088027884950861,0.0002186530620921786
1390,0.0003147542313672602,0.0001994505409416041
1391,0.00032499299908522516,0.0002690936207104704
1392,0.00023701919591985642,0.0003488055019310918
1393,0.00035518105840310455,0.0005079814909051542
1394,0.0002934197155991569,0.000203571039031113
1395,0.0004161781829316169,0.000245951649323042
1396,0.000305246653733775,0.0001493685935426197
1397,0.0002590236545074731,0.0003864146680937927
1398,0.00032782071735709906,0.00030771102449276216
1399,0.00020732894190587104,0.0003030064778102638
1400,0.0002732255542650819,0.0004124442661222555
1401,0.00022562318248674272,0.00048341912880048716
1402,0.0002020062133669853,0.00044670746715943496
1403,0.0003202519507613033,0.0005663278849942176
1404,0.0003751635691151023,0.00038271602135540736
1405,0.0003693243354791775,0.0002580752567553969
1406,0.00035209619032684715,0.00017667954501756532
1407,0.00033405929454602304,0.0002691524154315256
1408,0.00028460009838454425,0.0003671439496915124
1409,0.0002509658079361543,0.00024340927085762665
1410,0.0002623167657293379,0.0003337053163854201
1411,0.00033598222362343224,0.00039324224173021183
1412,0.00023227076104376465,0.0002801464731033177
1413,0.0002684711804613471,0.0004842916225666844
1414,0.0002989698958117515,0.0002703498856583929
1415,0.00023480091884266584,0.0003115038845165033
1416,0.00023737302311928942,0.0005016595442948403
1417,0.0003432766511105001,0.0004561545258732385
1418,0.0003587293508462608,0.00033949450282730825
1419,0.0003201049141352996,0.00014746255991455768
1420,0.0004371755203465,0.00030208844576893717
1421,0.0003560376778477803,0.00033667638410705665
1422,0.0003434276522602886,0.00015142260136063632
1423,0.0003355960827320814,0.00048093590596355883
1424,0.0002921673492528498,0.0003460415775332702
1425,0.0002323314599925652,0.0005099605954306404
1426,0.0002637519937707111,0.0003862971844022443
1427,0.00024269252084195613,0.0001609038333536113
1428,0.00039024060126394036,0.00019764298994145164
1429,0.000255136804189533,0.00047037270129817756
1430,0.0003386904741637409,0.00017674358072052775
1431,0.00036000378197059035,0.00018763119322550803
1432,0.00024829994654282925,0.0004775717769580421
1433,0.0003135096782352775,0.00032523215456534024
1434,0.00034090944391209634,0.000485107183858293
1435,0.000362960648490116,0.0003613848783385187
1436,0.00019173764041624964,0.00031124314509351316
1437,0.00036070891976123674,0.0002795502143570745
1438,0.0002879383199615404,0.00029948065788979475
1439,0.00040595618193037806,0.000269864555464241
1440,0.0003148680238518864,0.0005284069570049338
1441,0.00032549901166930797,0.000670098760627746
1442,0.00039677805092651396,0.00016966726342279923
1443,0.0003272615774767473,0.00036916818050348695
1444,0.0003264622128335759,0.0002012231027586258
1445,0.0003004338190658018,0.0003718989446746466
1446,0.00022679136047372593,0.00033570327999370093
1447,0.00035544888232834636,0.0004011604481229992
1448,0.0002998963586287573,0.00029048145788941815
1449,0.00018975308339577168,0.0004367810011799894
1450,0.00039899759576655924,0.00023748834493046958
1451,0.0003536665069987066,0.00019162911554951577
1452,0.0002761758415726945,0.0004825625412743411
1453,0.0003080026380484924,0.000336656142392974
1454,0.0002434300468303263,0.0002607494577317346
1455,0.00028222322231158614,0.00015371841636058965
1456,0.00030814347555860875,0.00021040446054404092
1457,0.00020723994268337265,0.0004492892442376366
1458,0.00034532974212197586,0.0003360380121181426
1459,0.0002837736753281206,0.0002367116587813816
1460,0.0003633322031237185,0.00018980175719998318
1461,0.0003631886572111398,0.0001628426916670845
1462,0.0005421422357903793,0.0003061189127038233
1463,0.0003290948079666123,0.0002175675719427838
1464,0.0002997148677241057,0.0002587426875236329
1465,0.0003381857473868877,0.0004570885130430712
1466,0.0005051010684110224,0.0002611837643262458
1467,0.00046976478537544606,0.0002847787323495539
1468,0.00026692458690376954,0.0005366621353210601
1469,0.0002478625057847239,0.00017111058696173131
1470,0.0002652229729574174,0.00031036207068086384
1471,0.0002883420733269304,0.0002613951825243357
1472,0.0002521300408989191,0.000509899069335031
1473,0.00023009853262919932,0.0003664996637444471
1474,0.00022116991574876012,0.00031011420611470734
1475,0.00024994170351419595,0.0003037270930378813
1476,0.00017772514722310005,0.00033461243194872383
1477,0.0002918847789987922,0.00019789258180001165
1478,0.0003096375206951052,0.0003588946706819514
1479,0.0002688808081438765,0.00029514486680591915
1480,0.0002310731983743608,0.0001989150043474893
1481,0.00023631271324120462,0.0003092178713278335
1482,0.00042541835573501886,0.0002826853944921598
1483,0.00046929824398830535,0.00020336608178371385
1484,0.00039928697922732683,0.00039104763938716853
1485,0.00024952870851848276,0.00022245542920108451
1486,0.0003371117654023692,0.0002773692191511469
1487,0.00029319100896827875,0.0003153247131219721
1488,0.00033266862912569197,0.0004902907790917558
1489,0.0002836410515010357,0.0002911476214449814
1490,0.0002744814136531204,0.0003779918378600149
1491,0.00037915825610980393,0.000297236484746538
1492,0.00028235909063369037,0.00015699872603537897
1493,0.000318064343300648,0.00022094713345374148
1494,0.00025823679636232554,0.00020646938754322186
1495,0.00018238232063595206,0.00031568468992888594
1496,0.00034972116234712304,0.0002756968837499312
1497,0.0002856879902537912,0.0001607262532422893
1498,0.00035981493769213555,0.00014538426798997982
1499,0.0002879354130709544,0.000307491868064573
1500,0.0004089948977343738,0.0002568026411359849
1501,0.0002950519340811297,0.00028513522367375866
1502,0.00019947730062995107,0.00031350986244259017
1503,0.00026091692881891504,0.0002609898594578039
1504,0.00031388644711114464,0.00018225130830390685
1505,0.0002367591416259529,0.00016732305672644855
1506,0.00031955927319359033,0.00019419788530858692
1507,0.00023798479785909875,0.0003357358495720777
1508,0.00030649750086013226,0.0002837412065087996
1509,0.0002857118169777095,0.00017414928082223625
1510,0.0003076177753973752,0.00025476512901025685
1511,0.00029737583739915865,0.0002547209837819985
1512,0.0001565215320442803,0.00044248168068070423
1513,0.00020313357439590617,0.0004148364971289794
1514,0.00022977626358624547,0.00032519294373206285
1515,0.0003499610268045217,0.0002072050667938789
1516,0.00021024373534601182,0.00036711115346207247
1517,0.0001698671907070093,0.00037032831579842285
1518,0.0001910806421074085,0.0004114896082558529
1519,0.00021025509398896246,0.000374819132521723
1520,0.0002618355900631286,0.0002837066700297714
1521,0.0003005559527082369,0.0003974486643939649
1522,0.00030342148849740627,0.0003978046016490138
1523,0.0003265324029780459,0.00021279251395504641
1524,0.0003010679385624826,0.00016548920682733496
1525,0.00028520482184831055,0.00032634838633334955
1526,0.00032618583645671606,0.00023433512689909349
1527,0.00032041392056271435,0.00019477252907850078
1528,0.0002868390327785164,0.00020015214199889196
1529,0.0002502390288282186,0.0003231102197027561
1530,0.0003128069289959967,0.000174324779311986
1531,0.00019071222748607398,0.00045391525343628215
1532,0.00024149004661012442,0.00022444429277914435
1533,0.00036533266305923464,0.0002339819497237467
1534,0.0001939691003644839,0.00031699318429200007
1535,0.00022907365753781052,0.0003985128292099458
1536,0.0004111420223489404,0.0002619417458820501
1537,0.000346638064365834,0.00027032302187601017
1538,0.0002515012724325061,0.0003495058756439679
1539,0.0002016725850990042,0.0003356565988450375
1540,0.00026772950717713685,0.00023447583813845398
1541,0.00023162784753367305,0.0003339458364205537
1542,0.0003153385210316628,0.0002100542268423963
1543,0.00030464006995316594,0.0005605416725252512
1544,0.0002111581523786299,0.00037997532191396094
1545,0.00031623508199118077,0.0005246311063760228
1546,0.0003179573710076511,0.0002871975031592054
1547,0.00030586525797843934,0.00045692864071883975
1548,0.0002355233352864161,0.00030736878816491276
1549,0.00023847384261898696,0.0002577278380519838
1550,0.0003295399551279843,0.0001423170206803599
1551,0.0002928882191190496,0.0002131167056090007
1552,0.00040216906927525997,0.0002520295383874327
1553,0.0002806603367207572,0.0002770288749709598
1554,0.0003293421899434179,0.0003226190454195802
1555,0.00029402116051642225,0.0003386173821500924
1556,0.0003586846229154617,0.00023946304082366547
1557,0.00023757810820825397,0.0003110115910315733
1558,0.00032384155842009934,0.0004130934457986756
1559,0.00022131955833174289,0.0002732181332348399
1560,0.0002086104803311173,0.00029039501343305186
1561,0.0001977727882331237,0.0003678199732660201
1562,0.0002785127190873027,0.0003465587055559385
1563,0.0004149964329553768,0.00014934113816508052
1564,0.0003508037130814046,0.0005749804994381632
1565,0.0004023915756260976,0.00030685612588581847
1566,0.00023046980903018266,0.0001983618672119058
1567,0.00017596482764929534,0.00023053113515855592
1568,0.00018163102795369922,0.0002527510618140334
1569,0.00028321550315013155,0.00030175013561758584
1570,0.00017954363545868545,0.00044538891532981434
1571,0.0003320565423928201,0.00021916075190210282
1572,0.0003200197609839961,0.000289148692127751
1573,0.00024215005862060935,0.00021932885742089264
1574,0.00027484593098051844,0.00014443134439292633
1575,0.0003449603822082281,0.0004061893298855204
1576,0.000310831640381366,0.00019311607171054165
1577,0.00025408348767086864,0.0004891717319268325
1578,0.00023389550973661243,0.0002922425666514606
1579,0.00022708801843691618,0.0004988731341978714
1580,0.0003920260781887919,0.0001333070384084936
1581,0.0003718278591986746,0.00025310850210251824
1582,0.0002105481008766219,0.0001831975124045977
1583,0.0002638284978456795,0.00014243493415176079
1584,0.00021541325724683702,0.00018383530650307003
1585,0.00019475466571748258,0.0002638281899909425
1586,0.0003422494512051344,0.00040831204845844323
1587,0.00015571049123536796,0.0003320552336533669
1588,0.00018831588939065115,0.0003212666007840036
1589,0.00020168336428469047,0.0003784539167847395
1590,0.00016188635549042375,0.0002549327432524017
1591,0.00031124309694860133,0.00023799043833294068
1592,0.00023770610394421965,0.0002102038919948016
1593,0.00019822691130684687,0.0003665957807392609
1594,0.00028784233669284734,0.00019906037030598047
1595,0.0003311796282650903,0.0002804162571396462
1596,0.0003623955446528271,0.00010533778011648954
1597,0.00034245744813233615,0.00017375246225377825
1598,0.00021642162988428027,0.00039312306333856323
1599,0.00031348043703474107,0.00023820012674686077
1600,0.00034524835646152494,0.0002507092968412445
1601,0.00029325882816920055,0.0001702645762858606
1602,0.0002671268524136394,0.0002879371356469426
1603,0.0003225527418544516,0.00014420508025118393
1604,0.00018818525219103322,0.000287334151025415
1605,0.000295942397788167,0.00036552369599358165
1606,0.00019916136865504085,0.00035621970283961535
1607,0.00021443930745590478,0.0002682232762422183
1608,0.00020263364422135055,0.000426714280054088
1609,0.0002770438272273168,0.0003254298748263502
1610,0.0001551567087881267,0.0002608172615833759
1611,0.00018095563922543078,0.0002610719026575082
1612,0.00015685435282648542,0.00023899709029212492
1613,0.0002488394919782877,0.00024443473555275225
1614,0.0003278523427434266,0.00015154318859695443
1615,0.00031222784018609674,0.0004166613314189144
1616,0.00046625668881461024,0.00011323081727748839
1617,0.00048219747288385405,0.0002120621121657553
1618,0.00036571987555362285,0.0001534195385605403
1619,0.0002990711393067613,0.00043480387013341773
1620,0.000311441111844033,0.00015516468058244569
1621,0.00031547934282571076,0.00012401108174905348
1622,0.00033018190471921114,0.00013386456314585976
1623,0.00019551517732907086,0.00028042583957582406
1624,0.00017948529042769224,0.0003402084076285924
1625,0.0002993491088273004,0.000222241819145681
1626,0.00023091772571206092,0.00021779672015451968
1627,0.0001856307836715132,0.0002930255825846609
1628,0.00028073817724362017,0.0002819461061173495
1629,0.00019460293115116655,0.0001899307245454011
1630,0.00031808258092496543,0.0002777073495464769
1631,0.0003352560105849989,0.0001609873935406428
1632,0.00020058093476109208,0.0003422223474457222
1633,0.00024167749099433423,0.0001710996530911796
1634,0.00035324458905961365,0.0001644964969484933
1635,0.0002728017157642171,0.00037593529601533555
1636,0.00021651610499247908,0.0002412905752912406
1637,0.00019381278427317737,0.00014031413284350467
1638,0.00020405958872288466,0.00020922341489445175
1639,0.00023857028456404804,0.0005609659109884962
1640,0.0002663819631561637,0.0003020229760046302
1641,0.0002658248814987019,0.00018658040919459156
1642,0.0002946929697645828,0.00027316005579363365
1643,0.00019655017764307558,0.00014593771609799834
1644,0.0002324224991025403,0.00018827549008650974
1645,0.00019769332080613823,0.00019189183363429438
1646,0.00020272076711989938,0.0006030295777759732
1647,0.0002660226373700425,0.00033381555750902284
1648,0.0003397467581089586,0.0002608683220611579
1649,0.00027322978246957063,0.00018613909799581688
1650,0.0002591204101918265,0.00024071280340774126
1651,0.00031203494378132744,0.00018946523648568698
1652,0.00027914882404729725,0.00021489315458146014
1653,0.00032622291357256475,0.0001795584400111095
1654,0.00026815610646735877,0.00032242023516031724
1655,0.0003245852864347398,0.00011561995949069906
1656,0.00029492097732145337,0.00021509020171672015
1657,0.0002607144898502156,0.0001562018522933725
1658,0.0002989018918015063,0.0002682145804761628
1659,0.0003496352513320744,0.00013066018496604942
1660,0.0002894005359848961,0.00025396075659656374
1661,0.0002798479574266821,9.157188987831445e-05
1662,0.00025150374392978847,0.0001293165160323914
1663,0.00031530729902442547,0.00034897800930456754
1664,0.0002016890051891096,0.00047682570305506203
1665,0.00016221749188844115,0.0002895473876939321
1666,0.00023175674490630627,0.000250732757020359
1667,0.00016338074754457921,0.0005053657903224358
1668,0.0001729153745691292,0.00034379660772249
1669,0.00019092435541097076,0.00021886598412106963
1670,0.00021000608801841736,0.00025474334130468713
1671,0.0002071202005026862,0.00031129334481554236
1672,0.00023864619433879852,0.00017011539204435245
1673,0.0002564559440361336,0.00018707892023447952
1674,0.0001964166556717828,0.00025354038500577874
1675,0.0002655585785396397,0.00019656083218064414
1676,0.00020367695207824,0.0002774122428852261
1677,0.0002496038400568068,0.00019564769989874673
1678,0.00029804407502524553,0.0002648226866157317
1679,0.00015724673226941377,0.00017391324008588538
1680,0.0003017019433900714,0.00013059948100381505
1681,0.00033912560204043987,0.00027838177091524973
1682,0.0003365674603264779,0.00015648756629136736
1683,0.00024580034951213745,0.00027285137493641764
1684,0.0003444129414856434,0.00028149592393151267
1685,0.0002565194736234844,0.00019515528700837534
1686,0.0003453833778621629,0.00026390634508833785
1687,0.00019697240553796292,0.00024469053649426475
1688,0.0001936527353245765,0.00019345516791449197
1689,0.00030517755309119823,0.00024722486107262514
1690,0.000360036616330035,0.00017444966594155954
1691,0.00016854063840582967,0.0003463632423368487
1692,0.0002584056233172305,0.00013529608802182586
1693,0.0002740287603228353,0.0003109662920158446
1694,0.00022696019645081832,0.00046132236168152106
1695,0.00021426662045996635,0.00024774347767648477
1696,0.00018317133479285984,0.0003056039250087414
1697,0.00028739118919475005,0.00021444555042687905
1698,0.0002175303699914366,0.0002619342540378032
1699,0.00022220202430617064,0.00039062076383780637
1700,0.00029946059396024794,0.0004013627083822192
1701,0.0002240649063605815,0.00037530083460446243
1702,0.0001863803097512573,0.0002889356372378805
1703,0.00027986711880657823,0.0002565367441554235
1704,0.00023455863702110947,0.0002810631581456145
1705,0.0002966394822578877,0.00020804492210927867
1706,0.00016666918410919605,0.00042454895985229835
1707,0.00027365820395061744,0.00023172896300372348
1708,0.00017070356232579798,0.000303839218933518
1709,0.00023164728248957543,0.00042350616861032707
1710,0.0001728516159346327,0.00018715309752597895
1711,0.00024546845408622174,0.0002622901406103254
1712,0.0003041274403221905,0.0002510782848718283
1713,0.00032971592852845785,0.00011042303888905437
1714,0.0002507651114137843,0.00022276866595397947
1715,0.00034580178034957496,0.00017122560166171752
1716,0.0001865725516108796,0.00026433015352255373
1717,0.00021175195754040034,0.00023346510705815577
1718,0.0001894896343583241,0.00041618882016636024
1719,0.00017166026926133783,0.0003640127525950323
1720,0.0003289434948237613,0.0003691444503165756
1721,0.0002677429938921705,0.00015252711405269547
1722,0.00019617189886048436,0.0002723881205956911
1723,0.00021359217294957488,0.00017123105269952434
1724,0.0003368624474387616,0.00017425253184365542
1725,0.00029940135369542985,0.00016675846972534662
1726,0.0002744668797822669,0.00017236968076210596
1727,0.0002682988456217572,8.86170653832043e-05
1728,0.00021629128139466047,0.00019585682507381098
1729,0.0003997798380441964,0.00014903534227489392
1730,0.0002133333368692547,0.0003476038256026996
1731,0.00019733838649699465,0.0002079629321337027
1732,0.0002956551403622143,0.0002089349190387173
1733,0.00022129070886876435,0.0003864319247216758
1734,0.00039563860744237897,0.00014669549203324706
1735,0.0003358912607654929,0.00025707325532917596
1736,0.0003263171433354728,0.00024258878075259367
1737,0.0002434802771313116,0.00023754876926668906
1738,0.00020241700520273298,0.00037120296514181624
1739,0.0003252236603293568,0.0001630632132841976
1740,0.0002712152397725731,0.00038071182942773813
1741,0.00018953545077238232,0.0002932422920983374
1742,0.0002021379891084507,0.0002617577488744657
1743,0.00024373995373025537,0.00037707506311413105
1744,0.00028490279917605223,0.00012442757739734912
1745,0.00030295684293378143,0.00025896518800187573
1746,0.00038545903051272033,0.00013823457530098458
1747,0.0004187988385092467,0.00013896609853461945
1748,0.00024490776530001313,0.0002702034277082357
1749,0.0003096021930105053,0.00018596541306342012
1750,0.000164653029787587,0.00019133094321834306
1751,0.0001913194975350052,0.00028078608549349904
1752,0.0002442307135788724,0.00017845319533778023
1753,0.0002614558528875932,0.00011780953374834833
1754,0.00018167821137467398,0.00016635621282708998
1755,0.0003142838960047811,0.00018360601257284056
1756,0.0002967448148410767,0.0005329413075767113
1757,0.00021451833832543345,0.00044654754928571543
1758,0.00028739429835695774,0.0002952650604428315
1759,0.0003090281956247054,0.00024847025215172857
1760,0.00025774614769034085,0.00013627449366701002
1761,0.0001958290732000023,0.00016732631416270535
1762,0.00034285565663594753,0.00038877640586116745
1763,0.00022509213769808411,0.00030834856762053213
1764,0.00017656033363891766,0.0003079904569472403
1765,0.0002858826180454344,0.00027424053106399587
1766,0.00017790980287827552,0.0003697162205815851
1767,0.0002687846205662936,8.648007178012511e-05
1768,0.00027364069945178926,0.00021160962265415423
1769,0.0002443633554503322,0.00021108498325179113
1770,0.0001634774962440133,0.0004991552521784037
1771,0.00020603379933163525,0.0002554762641634562
1772,0.0001366262321243994,0.00045104589812020604
1773,0.0002950855629751459,0.00020660685624708804
1774,0.000406793262809515,9.880196171563935e-05
1775,0.00029305084026418624,0.00023867849649084822
1776,0.0002953026280738413,0.00011975298827427938
1777,0.00025824290001764895,0.0002447499195711802
1778,0.00017252935853321106,0.000287779499533465
1779,0.0002762901328969747,0.00013561133886942614
1780,0.00020944104493537453,0.0004041532912907152
1781,0.000251252337184269,0.00027693891846965554
1782,0.00016175602038856596,0.0002475122770466778
1783,0.00017658585420576856,0.00027462635172350805
1784,0.00019704959995578975,0.00034449568840799446
1785,0.0001954208652023226,0.00015305513189148718
1786,0.00022242450853809714,0.00019310493570790717
1787,0.00024309577827807515,0.00038576586128528267
1788,0.00030517194216372445,0.00017673916830075268
1789,0.00027772658388130366,0.00020397897755523045
1790,0.00029040493245702237,0.0002857972586715645
1791,0.00028578209414263254,0.0001984850805705694
1792,0.0002641537640010938,0.0001271360821715773
1793,0.00024025661521591247,0.00020359072827077023
1794,0.0002738941740244627,0.00011384843095932922
1795,0.000308946700533852,0.00011513760855201352
1796,0.00023375411983579398,0.0001955024436776437
1797,0.00021187564358115195,0.00028888261593935677
1798,0.0002559420216130093,0.00014287439930054985
1799,0.0003416188491974026,0.0002785147131262794
1800,0.00023330984986387194,0.00017572996656694257
1801,0.00034206454642117024,0.0001241968520470474
1802,0.00025232812855392696,0.0001627084839377833
1803,0.00025639969506300984,0.0001771559675458551
1804,0.00015847543050767854,0.00010928278504862858
1805,0.00028965037578018385,0.00015406802213712505
1806,0.0001662098563974723,0.00022529702738672175
1807,0.00018906572076957673,0.00019946267105932413
1808,0.00023719300574157387,0.00013693682433780577
1809,0.00021227586403256283,0.00029425769553947175
1810,0.0002408705302514136,0.00039648399391284926
1811,0.000288413924863562,0.0002908262592415032
1812,0.0003226934710983187,0.00018747543879427423
1813,0.00014252643566578627,0.00028262979650793416
1814,0.00023232527521031444,8.576923155238572e-05
1815,0.00020324447599705307,0.0002493649855302328
1816,0.00030794146994594484,0.0001418640584308552
1817,0.0002639466192340478,0.000244713470212994
1818,0.00015185968426521866,0.00024923600363289966
1819,0.00032281743944622576,0.00027983562047242456
1820,0.00027279816567897796,0.00020964395423094448
1821,0.0002559409057721496,0.00015357805117773376
1822,0.0001524249851354398,0.0003007381039349464
1823,0.00016103010217193513,0.00020981045814202334
1824,0.0002513338183052838,9.803135168885379e-05
1825,0.00025198137329425664,0.00019942970180163185
1826,0.00023818758723791688,0.0001679106590267086
1827,0.0001885368605144322,0.00026369134716893713
1828,0.00030378209135960787,0.0002272030710815197
1829,0.00026940162613755094,0.00011537770872452449
1830,0.00046826561738271265,0.000308090201953796
1831,0.0002755077718757093,0.00013787953313822818
1832,0.0003139626199845225,0.00017934173249084604
1833,0.00027072522818343713,0.00027526585706740887
1834,0.0002560580358840525,9.575964921243387e-05
1835,0.0002524198917672038,0.00011577977390628155
1836,0.000275873879872961,0.00017142890273172357
1837,0.00025445474340813235,0.00012443987705484862
1838,0.00021999186516040935,0.00026174737296022526
1839,0.0002204894367605448,0.0003528453950684084
1840,0.0003347433253657073,0.00014954948740411703
1841,0.0002629081532359123,0.00021473785415004735
1842,0.00020962758047971875,9.944271792622589e-05
1843,0.000261506735405419,0.00011696280165629665
1844,0.00032849196926690636,0.00011520068741671435
1845,0.0003533143215463497,0.00010033322586709863
1846,0.00027192674577236175,0.00021998380015409642
1847,0.0003039672935847193,0.00020920138753079874
1848,0.0003185865649720654,0.0001101483765723222
1849,0.00019861943437717854,0.00013582631072495133
1850,0.00028154312109109016,0.00028029373310321353
1851,0.00023677695367950945,0.00015870461197353084
1852,0.0001370900362962857,0.0003324580314642533
1853,0.0002167305687908083,0.00010120082894389594
1854,0.0003755494486540556,0.00015245642025049215
1855,0.0002542127820197493,0.00017573022919911127
1856,0.00022099467227235437,0.00025360635152861657
1857,0.00030496373015921564,0.0002384545283124157
1858,0.00018805320840328932,0.0003977740737242777
1859,0.000204568759072572,0.0002471473320564319
1860,0.00026632854860508814,0.00014226345737282926
1861,0.0002772862056735903,0.0001663896454038092
1862,0.00026133679901249704,0.00020735314698357211
1863,0.00025365999550558627,0.0001593653492594444
1864,0.00017672032758127897,0.0002376977899486569
1865,0.0003206424333620816,0.00013221623431827414
1866,0.00026621427794452755,0.00012673209713371663
1867,0.00032121227093739435,0.0001599355465222201
1868,0.00019488424528390168,0.00016559839712325101
1869,0.00024010397552046926,0.00021632986417525026
1870,0.00034130394749809056,0.00022515538178483177
1871,0.00027628316718619316,0.00019769203547732777
1872,0.0001815507948049344,0.00030970469090054197
1873,0.00021271706325933336,0.00015374020755463215
1874,0.0002182696550153196,0.00014405101214771555
1875,0.00016906613542232662,0.00032130353932575105
1876,0.00015682652418036013,0.00020598315861879862
1877,0.000158382591616828,0.000325194032235256
1878,0.00015853190503548832,0.00024450744469554404
1879,0.0001289425150025636,0.00036730848251577235
1880,0.00015726965211797505,0.0002243215901329029
1881,0.00032991402491461486,0.00037246247835629555
1882,0.00024062761513050647,0.0004915792115466439
1883,0.00032073697017040106,0.00013918451341315594
1884,0.0002808754402212799,0.00016988341498016445
1885,0.00028366054582875224,0.00011489899177781995
1886,0.0002699690125882626,0.00016722203513817887
1887,0.0002645972985192202,0.00015067997666024795
1888,0.00026122966519324107,0.00025200349444600003
1889,0.0002729351571178995,0.00019128588650196995
1890,0.00022504163265693933,0.00021695093647855945
1891,0.00021919080580119044,0.00014900238901434135
1892,0.00018583789293188601,0.0001936177028405276
1893,0.00013325048901606352,0.0003126000254717974
1894,0.0002456121833529323,0.00011110468897155219
1895,0.0001697732205502689,0.00041185280631857683
1896,0.00027446107473224403,0.0003766127354114584
1897,0.0004884314135415479,0.00013881691210035693
1898,0.00026744998671347276,0.0003603806719981287
1899,0.00028929816908203066,0.00015642215548225118
1900,0.0003306539438199252,0.000134406445122544
1901,0.0001531478069955483,0.00020344428696561197
1902,0.0002607221997459419,0.00027618457863030774
1903,0.00031690553878434003,0.0001278563064908966
1904,0.00029123421292752026,0.00010751827985960479
1905,0.00025698243858641946,0.00015362407440042174
1906,0.00031000717426650227,0.00013381440608286975
1907,0.0001816438522655517,0.00031161101491904934
1908,0.0002906256017740816,0.00018734337218992463
1909,0.00024771740136202424,8.794519498510516e-05
1910,0.00028044306207448245,0.0002209211803621083
1911,0.00019379525387194007,0.0003176308316752723
1912,0.00026586945925373586,0.00012760141913058262
1913,0.00013907328946515917,0.000288497933169846
1914,0.0002609093056526035,0.0001546653847358419
1915,0.0003289514861535281,9.685216574412962e-05
1916,0.00016140840016305448,0.00018368335884289292
1917,0.0002319715771591291,0.00010960803645079292
1918,0.00032169222977245225,0.00019498075313119804
1919,0.0002208688878454268,8.558888288935621e-05
1920,0.0001717546905274503,0.00040820186016028617
1921,0.0002552556712180376,0.00024266413684889725
1922,0.00015115111833438277,0.0003159591740344919
1923,0.00023474505636841058,0.0001627090754831044
1924,0.0003570803318871185,0.00024177844250217488
1925,0.00026625185390003023,0.0003012603147621968
1926,0.0003638566110748798,0.0003094953835275254
1927,0.00029003164963796734,0.0001358305522095578
1928,0.000272507342742756,0.00013507634268958784
1929,0.00016609295169473626,0.00027074082405705084
1930,0.00016533164685824886,0.00018370777551142168
1931,0.0002255341151612811,0.00016782453969600993
1932,0.00019752529682591556,0.00017011619419376173
1933,0.00019624785956693814,0.00012627758216495586
1934,0.0002489337726728991,0.00022425777191130368
1935,0.00025039159751031546,0.00019395139564924287
1936,0.00014645943650975823,0.00014538441400748536
1937,0.0002206506469519809,0.00012980539729254167
1938,0.0001669704611413181,0.00015545828530663777
1939,0.0003210428135935217,0.0001337203425028336
1940,0.00047857360797934237,0.00037774087891878866
1941,0.0002221891691442579,0.0002449722416389555
1942,0.00029162487568100913,0.00010927641016354606
1943,0.00016692204982973635,0.0003451201755773557
1944,0.0002838682336732745,0.00024598464100663106
1945,0.00026414875988848505,0.00012376227773716418
1946,0.0003355471644317731,0.00027500391955334336
1947,0.00038159961346536877,0.00022649071785327913
1948,0.0003196494549047202,0.00017338385426739154
1949,0.000165264334063977,0.00019521673795231298
1950,0.00019880275474861263,0.0002215814340958525
1951,0.00024029060499742628,0.0002023475931372098
1952,0.00029685597168281673,0.0001337989236922673
1953,0.0002513298683334142,0.00013184900029182867
1954,0.00027387729554902764,8.655752160798516e-05
1955,0.00026439697365276515,0.00012548944166517013
1956,0.0002958385297097266,0.00021814894268435924
1957,0.00028123384661739694,0.00014080520825339354
1958,0.0003159644827246666,0.00017057904745978368
1959,0.00021293644909746944,0.00016750284862921457
1960,0.00018021327385213227,0.00019940937865662632
1961,0.00026494141871808097,0.0002435870046610944
1962,0.00023852451296988876,0.000164287666997901
1963,0.0002998965693404898,8.701882584256515e-05
1964,0.0002812987440847792,0.00010892031582754922
1965,0.000207276675500907,0.00031218009103649324
1966,0.0002490151859819889,0.00019915462091799557
1967,0.00025227411126252266,0.00012073683688394751
1968,0.00025932575459592045,0.00014606573452897152
1969,0.00026377563190180806,0.00010170782170711365
1970,0.00019013420853298158,0.0001561501218294661
1971,0.0003000804336625151,0.0002254280439109146
1972,0.0002124191459733993,8.173863220503809e-05
1973,0.0003318721160758287,0.00031144495982491754
1974,0.00018999742344021797,0.0003642335045510227
1975,0.00020213608135236428,0.00016227993750960682
1976,0.00021033604745753108,0.0001206192369764186
1977,0.00021953980845864862,0.00013485470027599025
1978,0.00016963048081379385,0.0001740869775945512
1979,0.00018346267868764698,0.00016343913041852567
1980,0.0001484797475859523,0.0001652334271156714
1981,0.0002322006577742286,0.00019855491446422042
1982,0.0002282710961299017,0.00015832826495967958
1983,0.00015448075893800706,0.00021730624072529593
1984,0.0001470111552043818,0.00024657933193351434
1985,0.00025161601370200516,0.00018648422083559075
1986,0.00015148485777899623,9.126076056169066e-05
1987,0.00021317228849511592,0.00014713154166812485
1988,0.0002491726214066148,0.00012143261538107228
1989,0.00031433414900675414,0.0001989861093908038
1990,0.0002917506464291364,0.00019741463834740388
1991,0.00021171419997699557,0.00015423004116786466
1992,0.0001903050352120772,0.00021546942716917303
1993,0.00027807823498733343,0.00012874374756579964
1994,0.00029985352826770393,0.00014781737303415517
1995,0.0002439651408349164,0.00012781650426180408
1996,0.00028676222544163463,0.00012368360041538636
1997,0.00015534774109255523,0.0002163073943237366
1998,0.0002579536713892594,0.000135510544131561
1999,0.00019736767368158325,0.00019027411326533183
2000,0.00018025024473899975,0.0001450392217471022
2001,0.00016245748556684703,0.00015665111526661898
2002,0.0003451941104140133,0.0004029327681390186
2003,0.00052484035724774,9.037915689787789e-05
2004,0.0005525965557899326,0.00011254010165081525
2005,0.0002741969350608997,0.00014166524946731068
2006,0.00027626241033431144,0.00018936843684657593
2007,0.0003033525124192238,0.00010703061687383699
2008,0.0002742828044574708,0.00010858549160742494
2009,0.00020519129757303744,0.00018910180947947483
2010,0.0002959915215615183,0.0002063419016027083
2011,0.00033290641324128955,0.00021037239838895478
2012,0.00028849848138634115,0.00021454309530345698
2013,0.00024061871517915278,9.746965912349318e-05
2014,0.0003367599903140217,0.00014430587379300126
2015,0.0002649706869851798,0.00022590112368486924
2016,0.0003306676365900785,8.760908022937556e-05
2017,0.0002313703775871545,0.0001790016082837884
2018,0.00025723683298565445,8.826051704738646e-05
2019,0.00020272882451536134,0.00015486751273210633
2020,0.00021450840751640498,0.00014220739816266036
2021,0.00025916539976606146,0.00012155947648626689
2022,0.0001871909305918962,0.00015416419345244434
2023,0.0002739006030606106,0.00012911419891106437
2024,0.0002780025114770979,0.000131503779226627
2025,0.00026988818717654794,0.00012184799177777852
2026,0.00024153299164026977,0.00019226839573741316
2027,0.0002157509617973119,0.00016640210498287023
2028,0.0002728982293047011,0.00016909086305731016
2029,0.00019026373920496553,0.00014201890536080024
2030,0.00024131644662702455,0.0001626612029711346
2031,0.00018060802249237896,0.00014366961257932515
2032,0.00024373417778406292,9.666987370272256e-05
2033,0.00023617409053258598,0.00011779449404494786
2034,0.00023047980852425098,0.0001801001748240757
2035,0.00016421490756329148,0.00015284758280844697
2036,0.00018674355640541763,0.00040231298093926416
2037,0.00027338366722688077,0.0001988671936313239
2038,0.0002295996405882761,0.0001184523809495484
2039,0.00016767419612733647,0.00028273246814385187
2040,0.00016533982940018178,0.00012408909272268567
2041,0.00018520785146392883,0.00023986228278436225
2042,0.0002789423248032108,0.00017442076673495187
2043,0.00035498160403221843,0.00016015475657322022
2044,0.00022956456028623508,0.0002443242221289276
2045,0.00015842831635382026,0.0003465016671314466
2046,0.00024122916802298277,0.00021267989598539952
2047,0.00013940621342044322,0.00022847467653887117
2048,0.0002094929205486551,0.00012248024628106952
2049,0.0001815585873555392,0.0001443565914037395
2050,0.0002459705056389794,0.00017631505831297844
2051,0.00018319586757570505,0.00014439364048024028
2052,0.0002528839802835137,0.00015750160977628708
2053,0.0001775773661211133,0.00020707663986273747
2054,0.00027213738532736896,0.00012675369780730736
2055,0.00024874477792764083,0.00010329360271523363
2056,0.0001928484725067392,0.00010367915032699398
2057,0.00022969972458668054,0.0002367979016040184
2058,0.00031466432090383024,0.00018146688701450978
2059,0.00020495610893703998,0.0002727745538808673
2060,0.00017347246903227643,0.00027350070292276826
2061,0.00021651835413649678,0.0001608453696387922
2062,0.00023636569909285754,0.00023828366530536074
2063,0.00015161915158387273,0.00018311095312764002
2064,0.0002818035980453715,0.00014199272865805877
2065,0.00018004049314185978,0.00017762243168026667
2066,0.00026403701514936983,0.000105023531208121
2067,0.00015732112573459744,0.00017601537517405894
2068,0.0002345518406946212,0.00014954087306898444
2069,0.00015634928859071807,0.0001341405455007103
2070,0.0003392937406897545,0.00022341404678315972
2071,0.0003487550257705152,0.00013620891655741056
2072,0.0002033787308027968,0.00023107357170274928
2073,0.00012457926466595383,0.00012932624817388897
2074,0.0001737152674468234,0.00015033187282077127
2075,0.00024220488354330882,0.00017386240376740032
2076,0.0002277367189526558,0.00012556978777267854
2077,0.00016959271131781862,0.00020328479981861612
2078,0.00012680026004090905,0.0001811927967574862
2079,0.0002486409322591499,0.00019366725530134106
2080,0.00031074831262230875,0.00016570217051855863
2081,0.00018804656516294927,0.00028830781269639934
2082,0.0003044945490546524,0.00013498978470834864
2083,0.00018984842230565846,0.00021952738312044348
2084,0.00022138879692647605,0.00015593524555809643
2085,0.0002515034883981571,0.00011261723313061202
2086,0.00025228647922631353,9.657170852584037e-05
2087,0.00018179216189309955,0.00015584572586342565
2088,0.0002880955644650385,9.666742579150332e-05
2089,0.00021864030510187148,0.00024891911036245627
2090,0.00016677795792929828,0.00022580839519321995
2091,0.00018477920326404274,0.00015917288288769108
2092,0.00016735951154259966,0.00015948427189619931
2093,0.0002508016556384973,0.0002009043256131843
2094,0.00014780419238377362,0.0002257200808157468
2095,0.00017723418772220612,0.0003432464178480935
2096,0.00024933581531513485,0.0003156727186861856
2097,0.00023563255177577958,0.00014266556167531733
2098,0.0002442095906008035,0.00014170048862443727
2099,0.0002003521256847307,0.00011944465721121747
2100,0.00018768072783132084,0.00017774121786789867
2101,0.0002007549797417596,0.00021913109978338805
2102,0.0001750795409316197,0.00013634874974816004
2103,0.000197422819910571,0.00017504553627127094
2104,0.0002373535610968247,0.0001582031880588309
2105,0.0002255768672330305,0.00015201107463289103
2106,0.00035072920261882247,0.0001609555212581492
2107,0.0002925482107093558,0.00012226706869662612
2108,0.00015188363380730152,0.00011853940299734448
2109,0.00030056401330512015,0.0001039556476801047
2110,0.00034875770099461077,0.0001456272274643272
2111,0.0003233671613270417,0.00017205322235471838
2112,0.00031778149248566477,0.00017093993485777653
2113,0.00021554322214797138,0.00017438294232044726
2114,0.00020994809397961945,0.0002945619490761501
2115,0.00022675208863802255,0.00020363970782467458
2116,0.00029881393595132977,0.00015136856142804664
2117,0.00025718502060044556,0.00013267948088468984
2118,0.00020879631920251996,0.00010936996711765683
2119,0.00026304656988941134,0.00011404446932791783
2120,0.0002601270779268816,0.00015634005058641316
2121,0.00018063205177895725,0.00012709846357696959
2122,0.00023617183287569788,0.00024389411725043254
2123,0.00022123300295788794,0.00011632465621877513
2124,0.0003116321004927158,0.0002100285803875248
2125,0.00022923571581486612,0.000395670658665588
2126,0.0003280415484914556,0.00019792955861528953
2127,0.0003457896591862664,0.00013197317387755604
2128,0.0002610831271158531,0.0002557095674951784
2129,0.0001643494237214327,0.0001880823526322548
2130,0.00025360000698128717,0.00014175513555129914
2131,0.000209173490293324,0.00012146547998457969
2132,0.00023892683850135655,0.00016801255407873923
2133,0.00016228425549343227,0.00018461041416803834
2134,0.00022081668430473655,0.00013459736051927768
2135,0.0002295245451387018,0.0002887766085260497
2136,0.00031891066551906986,0.000337117582628159
2137,0.00015392359520774335,0.00020631992930709065
2138,0.00013036444113822653,0.00012342549827785475
2139,0.00019368796580238268,0.00011222490846268731
2140,0.00017532961763208732,0.0002776776087208817
2141,0.00015393035660963506,0.00018199583846830112
2142,0.0001532223849062575,0.0001875224707337983
2143,0.00013433182612061502,0.00018590758644341018
2144,0.00016335327716660686,0.00022072734137596755
2145,0.00030584819440264253,0.00013384630218664923
2146,0.0002996372268535197,0.00029650286110341294
2147,0.00020774471398908644,0.0001302909806501503
2148,0.00021151515567908064,0.00024609970509342544
2149,0.00016101817425806075,0.0002731173381979628
2150,0.00017422640172298998,0.00010150918218367797
2151,0.0002650674321921542,0.00013138281139792325
2152,0.00021674523362889885,0.0002724976581441596
2153,0.00017102375568356365,0.00020110735831995916
2154,0.00025526227429509166,0.00014498384164292238
2155,0.00015449884056579322,0.00017394192559861462
2156,0.00023500977433286608,0.000199824655033833
2157,0.00021146720508113503,0.00016167687434760522
2158,0.0002612588048214093,0.00021265887115900212
2159,0.000276021336321719,0.00019226831281143048
2160,0.00022862270008772612,0.0003602954928606927
2161,0.00023200781113700942,9.76195990678867e-05
2162,0.00017223902104888112,0.00026639423206327353
2163,0.0002754995122086257,0.00011813850166979373
2164,0.0003120070806471631,0.00016265910968809607
2165,0.0002437250001821667,0.00015770223743022318
2166,0.00017630642978474497,0.00013975336103562954
2167,0.00025719654746353626,0.00014371569545489852
2168,0.00019567804760299622,0.0002330702241934351
2169,0.0002555686322739348,0.00021503214809679975
2170,0.00016258134972304105,0.0002763434867406494
2171,0.00018352084705838934,0.0002808700750617004
2172,0.00023119677207432686,0.00012647470111292085
2173,0.00011963616096181795,0.0003876629793236657
2174,0.00014065720431972296,0.00018526832070775738
2175,0.0002622080105356872,0.00017183798577394082
2176,0.00022190910764038562,0.00025356743442475133
2177,0.00027182128571439534,0.00018743344974123604
2178,0.00023517336405348032,0.00011517910911918503
2179,0.00013432967971311883,0.0002753321075020996
2180,0.00021809774683788417,0.00011706260113286378
2181,0.0002216417371528223,0.00011254388504910397
2182,0.00019119524949928746,0.00016690075177418654
2183,0.00019251114805229007,0.00015244801073854993
2184,0.00023812292492948474,0.0002263375511711897
2185,0.00012536605237983167,0.00030929853483653395
2186,0.00013773080601822585,0.0001747577298374381
2187,0.00017051142465788872,0.00022204589803961476
2188,0.0001923255022848025,0.00024595310062740944
2189,0.00016028220969019458,0.0004215494371561512
2190,0.0002547013387084007,0.00014200383226773127
2191,0.00018746400950476528,0.00022490241079214858
2192,0.00014499412587611006,0.00021995931396528773
2193,0.0002014120150124654,0.0001143997815981418
2194,0.0002999196841847152,0.00012779768928327303
2195,0.00028705812292173505,0.00018237379012981826
2196,0.00021034094941569493,0.00011948691198621456
2197,0.00019905878725694491,0.00017096953245664449
2198,0.00022291127854259685,9.582986638957813e-05
2199,0.0001713179927901365,0.00024224072764547898
2200,0.00017510779784061015,0.0002094547572060909
2201,0.0002510807226644829,0.00016932000239835797
2202,0.0002711784897837788,0.00013869638945062147
2203,0.00016763536754297093,0.0001943084149787279
2204,0.00015751652361359447,0.000183357378599084
2205,0.00016232272668275982,0.00020033818075978772
2206,0.0001638440170791,0.00019546395665264292
2207,0.00022869666514452547,0.0001353352090518456
2208,0.0001477328984765336,0.00022197173530003056
2209,0.0001477375571266748,0.0002874090184365106
2210,0.00025244287448003886,0.00020699595068884402
2211,0.00031852883810643104,0.00020476957249466316
2212,0.00018842253484763205,0.00018796585896929522
2213,0.0002468700095778331,0.00018607394847331555
2214,0.00015470019163331018,0.00015369846070127893
2215,0.0002796342095825821,7.365793987434064e-05
2216,0.0002377513376995921,9.895778741138949e-05
2217,0.0002198830695124343,0.00011969686248411475
2218,0.00018806333071552217,6.776137380344053e-05
2219,0.00015872037285589614,0.00019656454396556921
2220,0.00017206051561515778,0.00023595022662759643
2221,0.000196990508120507,0.00010226420760760722
2222,0.00023324659938225522,0.00022318020876822356
2223,0.0001632261645863764,0.00027620589379731515
2224,0.00027021438989322633,8.425373489942964e-05
2225,0.00021197717549512163,0.00010362885870862345
2226,0.0002491789916530252,0.00016045610720215187
2227,0.00020572499255649745,0.0004466299448211754
2228,0.00016672378173097967,0.00018584264513290142
2229,0.00029322532122023405,0.0002675832405507769
2230,0.00019592379860114306,0.00018239148600626584
2231,0.00014952968689613044,0.00021103686505166355
2232,0.00014594991633202882,0.00023017868298753357
2233,0.00020859349519014358,0.00018247301958992517
2234,0.0003203786152880639,8.636573050490082e-05
2235,0.00028645514452364297,0.00021148722779088693
2236,0.00015854837896768005,0.00025519646990451045
2237,0.00014763644867343828,0.0001561054703241297
2238,0.00015071292349603027,0.0003272549893901594
2239,0.00023534494248451666,0.0001678192694607663
2240,0.00020735536920255982,0.0001488392775932531
2241,0.00024493414035532625,0.00014578807107906483
2242,0.00018936181033495813,8.303091040220788e-05
2243,0.00020420070737600326,0.0001259263298292453
2244,0.00027667248272337017,0.00014000888504223476
2245,0.0003189721331000328,0.00010969292016441564
2246,0.0001974023916409351,0.0002271170542620869
2247,0.0003173804731341079,0.00015180022248935293
2248,0.00023251316510140895,0.00020135664777776023
2249,0.00027961415180470793,0.000176244204041025
2250,0.0002700122754322365,0.00010625801517824286
2251,0.0001551804703194648,0.00014703779454240958
2252,0.00024170089687686414,0.00010829217211572192
2253,0.00015624595282133667,0.00022076143272586283
2254,0.00023417471908032894,0.0001264640981489346
2255,0.00026497150363866237,0.00010242232961551452
2256,0.00014761118538444862,0.00018459969902473298
2257,0.00019700490345712752,0.00012650801767300087
2258,0.00018878859584219753,0.0002123194483343244
2259,0.00013655740331159906,0.00016090071829688124
2260,0.0002323917840840295,8.243626043996263e-05
2261,0.00021167608676478267,0.00021048584930624252
2262,0.00020970187440980226,0.00029886437899732883
2263,0.0002576039551058784,0.00027855385508713604
2264,0.0003405480133369565,0.0003571779615076718
2265,0.00036347280838526784,0.0002279342307664505
2266,0.00027339402411598714,0.00010328862815297987
2267,0.0002551569609204307,0.00013679148504121407
2268,0.00022046597267035394,0.00015158440948827574
2269,0.00016669151838868856,0.00013900595852285496
2270,0.0001910205693275202,0.00020633438105331352
2271,0.0002589678065851331,0.00011345870535316788
2272,0.0002793153165839612,0.000212688146921334
2273,0.00024365835473872722,0.0002567080702323288
2274,0.0002580156960175373,0.000130289998794555
2275,0.00029223154415376485,0.00021407734939576548
2276,0.00015666896186303347,0.00019530598933358793
2277,0.0002689321304205805,0.00020451414825838085
2278,0.00022735249498509802,0.0001126703486677374
2279,0.00022396935848519205,8.05120265521173e-05
2280,0.0002540210462757386,0.000133200829062445
2281,0.00018950013269204648,0.00015902310695135584
2282,0.00026658535687602126,0.00012065746585443003
2283,0.00015287499059922992,0.00021067896338772946
2284,0.00014410428411792964,0.0002410240566648211
2285,0.00027423554711276666,0.0001597613491331648
2286,0.00023050579911796377,0.00010730874543684242
2287,0.00022271776106208563,0.00014216407207765758
2288,0.00018194376025348902,0.000130847111991798
2289,0.0002743890800047666,9.326933839674146e-05
2290,0.00016870385443326085,0.00024861151616452647
2291,0.00016046472592279315,0.00022454392754995864
2292,0.0002001214917981997,0.00030532904182184386
2293,0.00020463350345380603,0.00012556065963533362
2294,0.00019087447828496806,0.00020396124235871056
2295,0.00022641627467237413,0.0002642975150717563
2296,0.00026683043339289727,9.41208772056685e-05
2297,0.00026373294705990703,0.0002682132855052135
2298,0.00028960456547793,0.00017681193026899015
2299,0.0002515024540480226,8.264672792953605e-05
2300,0.00017437761125620453,0.0002672824495725576
2301,0.00023763505450915545,0.00038261961222591184
2302,0.0001713800893048756,0.00021081865459763485
2303,0.00023043980938382446,0.0001261424779978083
2304,0.00021839234890649094,9.89755722438942e-05
2305,0.0003180067706853151,0.00013792159664524362
2306,0.00022806636872701346,0.00011230641214515095
2307,0.00017785725533030927,0.00019696440672492354
2308,0.00021422229940071702,8.469615144573778e-05
2309,0.00020025695150252432,0.00017695987859441044
2310,0.00023543324234196917,0.00023944759406532121
2311,0.00024374793341848999,0.00017638019109081018
2312,0.00017481492963270285,0.00013836106174419736
2313,0.0001148344567627646,0.00022001307222861414
2314,0.00014881231414619832,0.00019192620774983007
2315,0.00031332820653915403,0.00023019131773776593
2316,0.0002561611536657438,0.00019155345854751307
2317,0.00016091071476694195,0.00019535059277275228
2318,0.00011187995783984661,0.00011144015527001824
2319,0.00019794912135694175,0.00014987953570559748
2320,0.00020675150444731115,0.000189262063940987
2321,0.00016957898944383487,0.00015256545725294505
2322,0.00024334104906301946,0.00010109239489905383
2323,0.0001941240963060409,0.00010337172018695776
2324,0.000136334941489622,8.747811757717027e-05
2325,0.00013921559584559873,0.00020952994057315416
2326,0.00023348205504589715,0.00012068146834156336
2327,0.0002297416323563084,0.00019006791252687522
2328,0.0002685997070511803,0.00016627049985364054
2329,0.000244007931323722,0.00016981215464997374
2330,0.00022984764829743652,8.557886768320626e-05
2331,0.0001428652269532904,0.00034195360257561406
2332,0.00024348810780793428,8.762394710386503e-05
2333,0.0002852537535363808,8.80460045738975e-05
2334,0.00024198895844165235,9.28972609746206e-05
2335,0.00016732011397834867,0.00020883870386831106
2336,0.00020693085680250077,0.00014301172064135666
2337,0.00027356493927072734,0.00010257777397134916
2338,0.00017997206770814956,0.0001986489486912495
2339,0.00022975930711254477,8.902201827293364e-05
2340,0.00023006893403362482,8.053737060622989e-05
2341,0.00013223090471001342,0.0002537372666379207
2342,0.0002859061001800001,8.232461450835179e-05
2343,0.00023280258348677308,0.00011395355379559763
2344,0.0002404725959058851,0.00014041861489714978
2345,0.00022494828153867273,0.00014413376480312254
2346,0.00022692726750392467,8.849932713281007e-05
2347,0.00020929551479639485,0.00020911058308142045
2348,0.00028245473804418,0.0001696591054795833
2349,0.00019733998167794197,0.0002185832622360553
2350,0.00017533034435473382,0.00021571917301889076
2351,0.0002934481401462108,0.00011817281269380657
2352,0.0001681486825691536,0.00018808943333506126
2353,0.0002185411541722715,0.00019231739183664577
2354,0.00024395964981522412,0.00014448671941390287
2355,0.0002771529808524065,0.00021946239795484773
2356,0.00016055123327532783,0.0001497153942879889
2357,0.00016900969756534324,0.0002761720086659994
2358,0.00015956820541759953,0.00016896232419602624
2359,0.0002492595330113545,0.00027381302709117124
2360,0.0002863544633146375,0.00011082304063913323
2361,0.00020390029909322037,0.00015522474879542468
2362,0.00023307583935093136,0.00016188297770783458
2363,0.000217146287614014,0.00014577227846355727
2364,0.0002564912143861875,0.0001748783269909861
2365,0.00013997137226397173,0.00013685995090532768
2366,0.0001250209118006751,0.00025917151387683625
2367,0.00014414598350413144,0.00017157683954518353
2368,0.00024337553215445952,0.000122236730096294
2369,0.00011035661736968905,0.00018884544948527386
2370,0.000291686681448482,0.00011997230168374587
2371,0.00016476876684464513,0.00011182787978849437
2372,0.00019704739563167095,0.00011674015605758417
2373,0.00017924193234648557,0.00019275306989933197
2374,0.00012970987241715194,0.0001549671318546282
2375,0.00018724584951996804,0.00011080529248542854
2376,0.0002960016165161505,0.0001219265780504155
2377,0.000220526032790076,0.00010893621638637316
2378,0.00022434576123487205,0.00011297655285875096
2379,0.00016953238926362246,0.00011240746154153261
2380,0.00015279214770998805,0.00014363871751774153
2381,0.00013065925071714446,0.00012725684707083306
2382,0.0002562222388223745,0.00011741026856438959
2383,0.0001734520838363096,0.00021693040397534886
2384,0.00018040030263364316,0.00016934968661102274
2385,0.0002980835028574802,0.00010096739454526607
2386,0.0002573733276221901,0.0001443938074285828
2387,0.00025740342593053353,0.0001337319968925304
2388,0.00014714105811435729,9.038911279998974e-05
2389,0.00017526615061797202,0.00020328556115289335
2390,0.0002485361456638202,0.00014002325132087332
2391,0.00025914214493241163,8.775973072584897e-05
2392,0.0002717123186448589,0.00027528634810762814
2393,0.00021539772918913514,0.00010397004849462426
2394,0.0001749991619726643,9.531235573127586e-05
2395,0.00022307711595203727,0.00025988834665303614
2396,0.00018731533258687706,0.0001567247920121028
2397,0.00020199987979140131,0.00014084279786875912
2398,0.0001792044780449942,0.00011580350997376141
2399,0.00019722154625924305,0.00015030545511439264
2400,0.0002886637355550192,0.000124109588048743
2401,0.0002344964205985889,0.0003722036490216851
2402,0.00017945999366929754,0.00015030194471402043
2403,0.00027280737936962395,0.00014065699659811002
2404,0.0001438614257494919,0.00012687946736935385
2405,0.00022702731075696647,0.00011220399795852805
2406,0.0002002966293366626,0.00014022899616576655
2407,0.0001837988884653896,0.00010529979695155356
2408,0.00020766170753631742,0.00010517083904992993
2409,0.00023006732371868565,0.00017776124997459964
2410,0.00019504392636008561,0.0001029812667856937
2411,0.00016157479287358002,0.00017161278751015357
2412,0.0001619638130068779,0.00023815904589280588
2413,0.0001631000466295518,0.0002028568317293993
2414,0.0001776819711085409,0.00019202209041894043
2415,0.00019158203445840627,0.00010506998854633484
2416,0.00016367147909477354,0.0001644801644668978
2417,0.00015896139026153833,0.00013955557075598634
2418,0.0002175854379311204,0.00026011762458612596
2419,0.00014894226769683882,0.00017971250990864962
2420,0.0001714272753451951,0.00021701874556291008
2421,0.00022087114775786175,0.00012338471214991853
2422,0.00024745001283008603,9.478426084706993e-05
2423,0.00021215814573224634,0.00013365814701912364
2424,0.000270042328920681,0.00014470394960706671
2425,0.00017484661599155517,0.0002534057558689598
2426,0.0002566202881280333,0.00011986981075072074
2427,0.00028179575339891015,0.00011672088653104354
2428,0.0001741546264383942,0.00021073033105046169
2429,0.0002872115050558932,0.00015376073333007374
2430,0.00024052618857240305,0.00010068160340218639
2431,0.00026642243450623936,0.0002694333921830897
2432,0.0002956363250268623,0.0001844790372846023
2433,0.0003607586838188581,0.00014481464971402303
2434,0.00020873595320153982,0.0002033539392071623
2435,0.00021910381590714678,0.0001512279589792031
2436,0.0002165752009022981,7.908923476886592e-05
2437,0.00020213954499922692,9.005192409298217e-05
2438,0.00013079031836241484,0.00014186568744799555
2439,0.00014352218015119432,0.0001655431671729088
2440,0.00013392388762440533,0.00017221914638194241
2441,0.00024212705466197804,9.859141483839143e-05
2442,0.0002630056973430328,0.00037752476932276805
2443,0.00019382722210139035,0.00012882622483119445
2444,0.00017112999688833952,0.00016055045942839694
2445,0.0002346935251262039,0.00010422096916232003
2446,0.00014921746696927585,0.00020741030082667934
2447,0.00011947337188757955,0.0003189260984471144
2448,0.00029748523025773465,0.000219939178599791
2449,0.00030158555891830475,0.0002294873833905089
2450,0.00027773334295488894,0.00030825637186851913
2451,0.00024394428706727922,9.77216980959072e-05
2452,0.00020943778392393142,0.00012179436811966796
2453,0.00011609574925387278,0.0001207396962605369
2454,0.00015883529791608454,0.00020169986456581584
2455,0.00011474969345727004,0.0001549741561936808
2456,0.0001393225765787065,0.00012575434734634193
2457,0.00026875059062149377,8.275470443624901e-05
2458,0.00015570637580822222,0.00021556765608543734
2459,0.00021737827570177614,0.00010226127808779631
2460,0.0002571125910617411,7.116833108888735e-05
2461,0.00030295280914288014,0.0003621420380101246
2462,0.00021716581424698232,8.290861376436835e-05
2463,0.00032068577740574256,0.00017789396204609322
2464,0.0001644187208148651,0.0001325597915314425
2465,0.0002645249234046787,0.00019969528038429467
2466,0.00018461992440279573,8.398617663335419e-05
2467,0.0002613527828361839,0.00014119555443395344
2468,0.00025895462080370633,0.00011188754966771166
2469,0.00012883924355264754,0.000130658164741599
2470,0.0001811100370832719,9.99239074526361e-05
2471,0.00024761251552263275,0.00020373773916878846
2472,0.00019220069225411862,0.00017197611006152216
2473,0.00012577613058965654,0.0001341079628654781
2474,0.00012129750597523525,0.00015136406448755846
2475,0.0001423822934157215,0.00019762952373863823
2476,0.00024909379717428235,0.0001642421217458259
2477,0.0001036459271563217,0.0001630485113646376
2478,0.0002037614560686052,0.00020991373956299144
2479,0.00014103747031185776,0.00027342493698074264
2480,0.00026012414396973325,0.00010018940714597766
2481,0.0002600697911111638,0.00015416025725904572
2482,0.00024059736053459347,8.152664568488907e-05
2483,0.00023823695024475456,0.00024025087284278252
2484,0.00012027267192024738,0.0001649948102916425
2485,0.0001603522346704267,0.0001106642618016276
2486,0.0001498967013321817,0.00017999286351929586
2487,0.00021775931236334145,8.994532827397949e-05
2488,0.0002018165387562476,0.00017424027255277008
2489,0.00020835365634411574,7.845785078905166e-05
2490,0.00024632676038891074,6.717559961244872e-05
2491,0.00016235567250987514,0.00023915567108404452
2492,0.00015601241611875593,0.00011411042443846594
2493,0.00018751667608739807,0.00016507435993096882
2494,0.00025975228403694926,9.514287027230563e-05
2495,0.0002884200791595504,9.382493420797464e-05
2496,0.0002072746882913634,0.00013440597652097247
2497,0.00015410618303576484,9.870525357418706e-05
2498,0.00013075128255877645,0.000148109198238522
2499,0.000128610844258219,0.00015623586799324272
2500,0.0001320157726877369,0.0004004193474865544
2501,0.00035219077282818036,8.570529133390814e-05
2502,0.00023868173826485872,9.810425553826475e-05
2503,0.00016113233607029543,0.00031971461759570805
2504,0.00021366248285630717,8.919503087694566e-05
2505,0.0003272407071199268,7.114715087594312e-05
2506,0.0003020741775981151,7.932999790072033e-05
2507,0.0002872062585083768,7.256529611305729e-05
2508,0.00020076077344128863,0.00023652593961443228
2509,0.0002576356061035767,6.917689670569404e-05
2510,0.00031478776945732535,0.00017029892528439195
2511,0.00020299509546021,9.29905673816293e-05
2512,0.00024720868503209204,0.00010003300657482301
2513,0.0002859123086091131,0.0002080903864537018
2514,0.00018117080559022726,0.0001596658572228466
2515,0.00021062168583739548,0.0001637709431895629
2516,0.00024876097100786867,0.00014664605110389347
2517,0.0001684400689555332,0.0001657660546722943
2518,0.0002480971542536281,0.0001677277911131905
2519,0.00030776749132201077,0.00010710464436034608
2520,0.00017929455498233438,0.00019795707708435159
2521,0.00013919214659836144,0.00015772067206554522
2522,0.00015106135309906677,0.00015172655000478946
2523,0.00012213363661430776,0.00017814068214398529
2524,0.00025654399389168247,0.00011645292168345992
2525,0.00017027907189913095,0.00019920317692146317
2526,0.00013242154207546264,0.00017339612088406982
2527,0.00021771995525341482,0.00013133028621007114
2528,0.0002174302883213386,0.00011285287214439899
2529,0.00012196732161100953,0.00011509037961344528
2530,0.0001321479876060039,0.00026978531395673613
2531,0.00015493576647713781,0.00012276132155707335
2532,0.00025116515811532733,0.00015263037847981737
2533,0.00027061082000727764,0.00013507354652910966
2534,0.00022952004859689624,8.005757751549301e-05
2535,0.0002489094063639641,7.958142210455126e-05
2536,0.00026987292803823946,7.766735262982229e-05
2537,0.00027445659041404726,0.00018452125368639827
2538,0.00015627751097781583,9.61684018464389e-05
2539,0.0001751630852231756,0.0002506968209660319
2540,0.00024008499865885825,0.0002124538092574181
2541,0.00027862580580404026,9.132128965176566e-05
2542,0.0002146757039008662,7.105587438635579e-05
2543,0.00021494599408470095,9.37213748055574e-05
2544,0.00021774361201096326,9.039267951428048e-05
2545,0.00028054373746272176,0.00010097322311058595
2546,0.00020483661035541445,0.00012048628410062918
2547,0.00020879550895188003,0.00014341582408795224
2548,0.00017981904296902938,0.00011723402473750231
2549,0.00020236337557435035,0.00014289851700695716
2550,0.00015064053528476506,0.0001264655228661555
2551,0.00027456394687760624,9.34703907473268e-05
2552,0.00016495184449013322,0.00015595723728949128
2553,0.00011480119515908881,0.00015580649499634714
2554,0.000252159753581509,9.634178981012728e-05
2555,0.00016111555742099882,0.00022664055478805356
2556,0.00013365444698138163,0.00022284585489390724
2557,0.00015450299018993975,0.00022902491654760575
2558,0.0002877587458351627,0.00011429275375669695
2559,0.0002540918462909758,8.492245341249269e-05
2560,0.00020041502692038192,6.994397111543238e-05
2561,0.00017932828573975713,0.00011488999814602023
2562,0.00019479717797366903,9.766052174461649e-05
2563,0.0001300225144950673,0.00021059240042295766
2564,0.0001545582478865981,0.00014548823335096367
2565,0.00016386600851546972,0.00014597874848719858
2566,0.00018183889391366393,0.00012097198686367921
2567,0.0001389044217648916,0.00020231461919499689
2568,0.0002495904464740306,6.577063213128035e-05
2569,0.00018834215647075324,0.00016278930133797087
2570,0.00020963146002031863,0.00010413148699364982
2571,0.00024766542424913495,0.0001421315045923645
2572,0.0001891588617581874,9.178657298796006e-05
2573,0.00022092164697824047,0.00011316499378203656
2574,0.00025124678140855396,0.00012641139280637854
2575,0.00015877067096880637,0.00016082876575401067
2576,0.00018493692885385827,0.00011414966534736266
2577,0.0001985420088749379,0.0001434589967798212
2578,0.0002629566640825942,0.00010893753597597362
2579,0.00017468154881498778,9.116283863103528e-05
2580,0.00014364309929078444,0.00014398003543036582
2581,0.00017608947935514153,0.00011109611624891691
2582,0.00013984800927573814,0.00021776236407937202
2583,0.000134760876535438,0.00022531689977120251
2584,0.00024941595853306353,0.00010229772966365452
2585,0.0002753444854170084,0.0001493700638342464
2586,0.00022188862960319965,0.00015818021796031357
2587,0.000165026193135418,0.00022125743909209508
2588,0.00021338113059755416,8.266526495153563e-05
2589,0.0001591117019415833,0.0001441064220534204
2590,0.00020808169909287245,0.0001185145671638877
2591,0.00016154056240338832,0.00019793773719033048
2592,0.00014980046951677651,9.974193071933743e-05
2593,0.0001923051045741886,0.00018360737018679487
2594,0.00012428390298737212,0.000152644995529817
2595,0.00024405896925600246,0.00018575987189550476
2596,0.0002476422069594264,0.0001102212318322902
2597,0.00021336859674192965,9.741904277813761e-05
2598,0.00011738038389012217,0.0002459178636630372
2599,0.0002255884214537218,6.740297298888e-05
2600,0.0002188284536532592,0.00016424844076550784
2601,0.00022118712542578577,7.025777758577558e-05
2602,0.0002845859056105837,8.542191820085202e-05
2603,0.0002245200784818735,8.440853343927301e-05
2604,0.00020114942628424615,9.414892365509319e-05
2605,0.00030846814275719225,7.522660568723302e-05
2606,0.00014885416836477817,8.91548894935412e-05
2607,0.0002226070687174797,7.137222784054657e-05
2608,0.0001656789195840247,0.00013295157075172276
2609,0.00021327887079678476,9.348968068143346e-05
2610,0.00021136407391168178,0.00012445731174435198
2611,0.0001870401675114408,0.00010496801555185413
2612,0.0001878577598836273,9.872599488741412e-05
2613,0.00023257744978764095,0.00016535379009302196
2614,0.00020184911132673734,9.067990820717756e-05
2615,0.00028082668854040094,8.561519088326437e-05
2616,0.0002760089555522427,0.0001632946747521015
2617,0.00022859607182908802,9.771589865933542e-05
2618,0.00019480527873383835,0.00032475346074222703
2619,0.0003141837019938976,9.621167864430416e-05
2620,0.00018613368105434346,0.00017720006662660137
2621,0.0002286628307774663,0.00013143671483155467
2622,0.00017554076970554888,0.00019691646195173085
2623,0.00024020951415877788,0.00010169744424797811
2624,0.0001639588747639209,0.00026487655631084737
2625,0.00019550236233044414,0.00015925390805135328
2626,0.00016722358821425588,0.00015813293592220536
2627,0.0001905196945881471,0.00011864889828545641
2628,0.00020936436136253177,0.00011186628857203313
2629,0.00017985060170758516,0.00012885691482041108
2630,0.00023070736846420915,9.692753848543212e-05
2631,0.00023741388169582934,0.00011956349722100167
2632,0.0001926468516467139,5.7315627114579385e-05
2633,0.0002112041285727173,0.00011131213878262277
2634,0.0002114285179413855,9.48374471005231e-05
2635,0.0001917937773396261,0.00022268941791804686
2636,0.00026298783777747305,8.069818402075987e-05
2637,0.00014129474468063563,0.0001196870931654639
2638,0.00013534108875319363,8.662395314425103e-05
2639,0.00012861318755312822,0.00018101894308267518
2640,0.0001929658924927935,0.00011691305713013631
2641,0.00017321546270977707,9.358098759548739e-05
2642,0.00024056671696598642,0.00013693341256154395
2643,0.0001327441440662369,0.0001972047521370744
2644,0.00015989835927030072,0.0001093892688627358
2645,0.00019136318354867399,8.85451871946403e-05
2646,0.00022333009517751633,0.0001404714500607304
2647,0.00015923641156405212,0.00013599454277563418
2648,0.00023208938830066473,8.65478560464833e-05
2649,0.0002514438144862652,0.00012725248044972268
2650,0.00013696695707039906,0.00011927622377598173
2651,0.00020088103774469347,0.00012120792454057564
2652,0.0002789807072258554,0.00017809297782624115
2653,0.0002078420075122267,0.00027314553113832866
2654,0.0002518039889400825,9.783212784621928e-05
2655,0.00021901789179537445,8.929385452799193e-05
2656,0.0002211335737956688,0.0001962646125968903
2657,0.0002295104309450835,0.00014535743146752047
2658,0.00033857736794743685,8.884384711464382e-05
2659,0.00016741668805480002,0.00013656688639607077
2660,0.0001564034142938908,0.00019946996525666767
2661,0.0002914290863554925,9.020571042751664e-05
2662,0.0002150044630980119,0.0002723081257773965
2663,0.00018053315579891205,0.00019559038164889862
2664,0.00021706142986658962,0.0001274979584021111
2665,0.00014847102691419422,0.00022697892125332346
2666,0.00013505858776625246,0.0002460241073954608
2667,0.00023621151165571064,0.00011314475296498978
2668,0.00021439348929561675,0.00014969259273254454
2669,0.0002991652162745595,0.00019772692259771061
2670,0.0002712484289077111,0.00021613426530440273
2671,0.00032771309604868293,0.00012365978660479774
2672,0.00021794280444737524,0.000256609513000936
2673,0.00025608841882785783,7.838596412848223e-05
2674,0.0002134496239887085,7.782017061413482e-05
2675,0.00025173271395033224,0.00013564383798065174
2676,0.00016771578404586762,9.341473355873373e-05
2677,0.00013503247551852838,0.0001271200561772375
2678,0.0002449210718623362,0.00017467539036672002
2679,0.0002495458160410635,0.0001672991039749707
2680,0.00021651203278452157,8.539189500829894e-05
2681,0.00020554553251713514,0.00011260105952403623
2682,0.00019121214863844217,0.0003626228603498519
2683,0.0001464645517989993,0.0002638873418319447
2684,0.00017206043528858572,0.00014892471507701972
2685,0.00015620368416421115,0.00011110337481400227
2686,0.0001820501865586266,7.984644417612724e-05
2687,0.00013286680972669274,0.00017420572219460355
2688,0.00014423647022340446,0.00011290535826135541
2689,0.00022059963434003293,0.00011389520814066613
2690,0.00016025658638682216,0.00014871203275604734
2691,0.00018583904369734227,0.00021517481377798017
2692,0.00016645120398607106,0.00013076727480263998
2693,0.00014151112554827705,0.0001347345576704518
2694,0.00019388748507481068,0.00020569116088453273
2695,0.0002651303925085813,8.939047266684524e-05
2696,0.00016645073585095816,0.00018837711822053367
2697,0.00020478985388763248,7.568418258826618e-05
2698,0.00023090914299245924,0.00019837241286526703
2699,0.00018892141757532956,0.00011739217355681507
2700,0.000268431170261465,9.578101820159347e-05
2701,0.00019716603797860445,0.0003554140730308088
2702,0.00022503396961838008,8.286186573669722e-05
2703,0.00016054857813287525,0.0002214934153415339
2704,0.00023533572326414287,7.672380574872041e-05
2705,0.000279226299317088,9.131915650046622e-05
2706,0.0001816616574069485,0.0001152814599152731
2707,0.0001361498303594999,7.169107326038488e-05
2708,0.00016863561526406557,0.00021983058503206998
2709,0.00021523259085370227,0.00012346663714022925
2710,0.0002432888184557669,0.00017131069752432355
2711,0.00026988326106220484,0.00021637831487667376
2712,0.00016578945302171634,0.00020383699078069782
2713,0.0001673541369382292,0.00023521515302565778
2714,0.00019057423080084845,7.997887856518364e-05
2715,0.00029525314748752863,0.00010797076060018846
2716,0.0003610211168415844,8.54133009254352e-05
2717,0.00018805852625519037,0.0002526473742351574
2718,0.0002839264247450046,0.00012795993347001607
2719,0.0002568554918980226,7.34137130378146e-05
2720,0.0002987238997593522,9.566837700868459e-05
2721,0.00024248582136351615,7.727574180310898e-05
2722,0.00021239243797026574,0.00021400928899186522
2723,0.0002413785137468949,0.0002032482317028478
2724,0.00024395495012868195,6.714744564330793e-05
2725,0.000154136409109924,0.00011110920759040722
2726,0.00016266523336526007,0.0002927331426366287
2727,0.00021839108085259796,0.00012540620755067746
2728,0.0002199595293495804,0.00010167279958283236
2729,0.0001769753120606765,0.00014488721386093348
2730,0.0003231277666054666,6.764890334635897e-05
2731,0.00024494073033565656,0.00016005515471863885
2732,0.00018145762442145497,0.00012768248416250572
2733,0.00020267968764528632,9.075069186247387e-05
2734,0.0002443859411869198,0.00028893708714685876
2735,0.00020653574145399034,9.927827769600186e-05
2736,0.00021005163609515875,0.00011549486514748623
2737,0.00022027750441338867,0.00015081924805736602
2738,0.00016328393248841167,0.00013644659538093114
2739,0.0002231161930831149,0.00010083138277715914
2740,0.0001611797045916319,0.00011043260547759854
2741,0.00013430763450742234,0.00017422743905925716
2742,0.00022869647946208716,8.869527659517687e-05
2743,0.00012353793368674815,0.00019530757768510215
2744,0.00022324857709463686,0.0001280349257186036
2745,0.00019409537315368653,0.0001549242696866763
2746,0.0002314948054845445,9.902966470291762e-05
2747,0.00020542797123198397,0.00019158710397091018
2748,0.00014165866305120288,0.000123917345288098
2749,0.00023276488587725908,7.20593613538132e-05
2750,0.0002570977184223011,0.0001656595585737792
2751,0.00014627119322540238,0.00025394460539096705
2752,0.00022942627663724124,8.89467648872372e-05
2753,0.00023760499141644686,9.014075424116303e-05
2754,0.00020758718019351364,0.000136087311459474
2755,0.00022202032385393978,9.343109938016238e-05
2756,0.0001445603181491606,0.0001015133865160488
2757,0.00015978310373611747,0.00015312671106809444
2758,0.00012560958915855736,0.00014077912269946355
2759,0.00014449810551013796,0.00016883155724714663
2760,0.0001580955955432728,0.00011030352739808596
2761,0.0003038081910926849,0.00014258399290791778
2762,0.000246974338660948,0.00010330215049528817
2763,0.00019716433802386747,0.00012036356067305673
2764,0.000262835074972827,9.154057724653323e-05
2765,0.00015267649374436587,8.513977729606966e-05
2766,0.00021688152774004265,0.00010821131591873294
2767,0.00022918986855074763,0.00010752350165491145
2768,0.00020210384158417583,0.00010062021754318466
2769,0.00011846704233903438,0.00019106398011064986
2770,0.00019861649430822582,7.899685746675983e-05
2771,0.0001671497238567099,0.0001835827364355855
2772,0.0002386531760566868,0.00010076052511640352
2773,0.00014144775719614699,0.00012948566595011085
2774,0.00012595225627592298,0.00016058952245009706
2775,0.0002054164436412975,5.95333880333434e-05
2776,0.00015799151791725307,0.00024866283399193256
2777,0.0002196757434285246,0.00012906270606199294
2778,0.00019241422734921797,0.0001256936502364649
2779,0.000207513383065816,0.00013304452434954016
2780,0.00021614932600641623,9.130260823190863e-05
2781,0.0002306779014179483,0.0001306763086625461
2782,0.00028216429986059664,8.778912873423582e-05
2783,0.00030029418878257274,7.437909446969272e-05
2784,0.00027919445070438085,0.00012300937948429524
2785,0.0002588866133010015,9.348212646827587e-05
2786,0.0002449082036036998,0.00020272903023160077
2787,0.00017157646419946104,0.0001449355788705137
2788,0.00022665421362034978,6.696321261561896e-05
2789,0.00020886180602246895,0.00021952088608897662
2790,0.00024488849157933146,8.065775850124351e-05
2791,0.00017351419635815545,0.00012438582531128665
2792,0.00024788979557342826,0.000138422941321775
2793,0.0001604494688217528,0.0001085446124867702
2794,0.000180153613910079,8.946752122065933e-05
2795,0.00018716394872171803,0.00010085169538199321
2796,0.00019017288563190959,0.00014309928135919283
2797,0.00022980764202657156,8.438789643138354e-05
2798,0.00013628124666865916,0.00015809486634281387
2799,0.00022784693632274866,0.00010223452466574325
2800,0.00024248027533758433,6.116281711250824e-05
2801,0.00020462106156628578,0.00010821648424073466
2802,0.00020010586769785731,8.784253142251033e-05
2803,0.00031151734292507173,9.635092502408852e-05
2804,0.00018234659335575998,0.00013006774868899065
2805,0.00022472417622338982,7.221063813083001e-05
2806,0.00016004966630134732,8.41971976189772e-05
2807,0.00016592453350313007,0.0003135339041999605
2808,0.00020801388687686996,7.643661388412935e-05
2809,0.00013629755296278744,0.0001743275273813745
2810,0.0002496946114115417,0.0001586347589929499
2811,0.00026309732056688516,0.00011585312622379231
2812,0.00014203380385879427,0.0001247290080119792
2813,0.00024653606698848306,0.0002353050501232533
2814,0.0002754243341041729,0.00010337328421883285
2815,0.0002665362658444792,8.67864744154073e-05
2816,0.00019667656015371905,0.00017439813611467612
2817,0.00023085881781298667,0.00014389003477496262
2818,0.00022958533081691713,9.622656724699582e-05
2819,0.0002342466167465318,8.543062742244554e-05
2820,0.00029765665385639295,0.00014336139309755846
2821,0.00023159864998888223,7.237594709045905e-05
2822,0.0002816797641571611,6.850388298554295e-05
2823,0.0002544203505385667,0.00014394063357828338
2824,0.00016882437805179506,0.00013145218997111715
2825,0.00021148723841179161,6.688945486281253e-05
2826,0.00015155152650550007,0.00015390464758551487
2827,0.00024236475583165883,9.8164275884413e-05
2828,0.00016978299419861286,0.00014697573032494864
2829,0.00021419671131297946,7.591411196873905e-05
2830,0.00015104709687875585,0.0001920684588260148
2831,0.00023605011811014264,0.0001298058585683203
2832,0.00015546306254691445,0.00011576740806746897
2833,0.00016912925711949357,0.00014084362543418473
2834,0.00020367927674669773,0.00010842062219537233
2835,0.00026597348740324376,0.00013604357022128693
2836,0.0002948140649823472,0.00010303357334597011
2837,0.00017571221862453968,0.00019448286448469807
2838,0.00014058652275707572,0.00016583281676627837
2839,0.00013193735561799257,5.7945737602469854e-05
2840,0.00012718972138827666,0.0001483390689877337
2841,0.00013000271603232248,0.0001492166904850595
2842,0.00015050667221657931,0.0002675170375094813
2843,0.00022555751238542143,0.000149186476522878
2844,0.00014571030682418494,0.00023148394498155987
2845,0.000249035416636616,8.766855966289406e-05
2846,0.00022514484749990515,0.00010961266226543445
2847,0.00019369459885638208,0.0001253055490127586
2848,0.00012874943582573905,0.00020172185632212833
2849,0.00021706961299059914,9.813704760645496e-05
2850,0.000191880248603411,8.372487444494378e-05
2851,0.00022050400672014804,8.50682467587407e-05
2852,0.000230292844644282,6.680735876290957e-05
2853,0.0002408676443155855,7.204581815542091e-05
2854,0.00019796514709014446,0.00011103239896877076
2855,0.0001880658075970132,0.00014626065050634516
2856,0.0002805200475268066,5.5973118048301604e-05
2857,0.00016208501998335123,9.367584086610132e-05
2858,0.00013391506334301084,0.00010915376432957639
2859,0.0001314822954009287,7.979274033297695e-05
2860,0.0001530130731407553,0.00020110210762016334
2861,0.0002475080390286166,0.00010822580805648762
2862,0.00021534062805585562,9.469719023474856e-05
2863,0.00017946455627679825,0.00012126183664555381
2864,0.00018952261685626582,5.981620375827682e-05
2865,0.0001620099478168413,0.00016218748390961642
2866,0.00013858547725249083,0.00013811443663243688
2867,0.00025041260407306255,7.957511838431445e-05
2868,0.0002520227830973454,0.0001923176288534568
2869,0.0003062061785021797,8.06325078883674e-05
2870,0.0001985808229073882,6.549849442233433e-05
2871,0.00025718420583871194,8.797825651290374e-05
2872,0.0002736828065826558,9.013752334221739e-05
2873,0.00014348243130370974,0.0001229004955759642
2874,0.0002803096134448424,9.327935011441858e-05
2875,0.00014472392460447735,0.0001207064599602496
2876,0.00020972457190509885,8.96662318964819e-05
2877,0.0002803338793455623,7.579837201525177e-05
2878,0.000167341927299276,0.00012464653084625504
2879,0.00022906613536179067,0.00011265043795989086
2880,0.00027175438503036276,0.00016269378600504937
2881,0.00017974976159166545,0.00014728280005590633
2882,0.0001780602108919993,0.00014303014069984584
2883,0.00017732695647282526,0.00010236257028188684
2884,0.00014499307260848582,0.00011234752987734719
2885,0.00014128945593256504,0.00013451143793844657
2886,0.000188652599172201,0.0001183623802941452
2887,0.00032413230859674514,7.010627236362381e-05
2888,0.0002670961548574269,0.00014879229987456387
2889,0.00022184604604262858,0.00011360624166502943
2890,0.00022037301620002835,9.179025988013975e-05
2891,0.0001732686170726083,0.00011105276808686465
2892,0.00018652846629265695,7.51467792126701e-05
2893,0.0001728400064894231,0.00016577107159457526
2894,0.0002583593147573993,0.00012077894030905916
2895,0.00020181155647151173,6.317725996742e-05
2896,0.0002406609890749678,0.00016235621286833608
2897,0.00015809691685717553,8.750074315161926e-05
2898,0.00015600522689055652,0.0001218401924994047
2899,0.0001974906848045066,0.00017013471459568005
2900,0.00021965888212434947,9.260235903688949e-05
2901,0.00016792187961982562,0.00017363118699094765
2902,0.00017635084921494126,0.0001563617132551496
2903,0.00020009138737805187,7.054670718327094e-05
2904,0.00020199751583277248,0.00022906675210783946
2905,0.00012991778901778162,0.00012588463916522228
2906,0.0001773139086435549,0.0001044640004244547
2907,0.00019912368792574854,0.0001201141385037822
2908,0.00024526221037376674,0.00024193413060258958
2909,0.00021375990560045465,9.039572662054337e-05
2910,0.0002359374542720616,0.00012587784523980004
2911,0.0002707675821147859,8.46807639914316e-05
2912,0.00022712364443577826,0.0001382263568203062
2913,0.00020043073149281554,6.93185641852922e-05
2914,0.00019482558476738632,0.00016133432565193165
2915,0.00028115180670283733,8.104227038542102e-05
2916,0.00021572392230154947,8.93617220442624e-05
2917,0.00021428233187180013,7.815998944277279e-05
2918,0.00023456445342162624,0.00014598009865077161
2919,0.00013211392506491394,0.00013376257340670945
2920,0.00025673048163298517,8.51435243893233e-05
2921,0.00014442772837355733,8.056654195109468e-05
2922,0.00014330742458696478,0.0001447252963447532
2923,0.0002442125784000382,7.584579650763971e-05
2924,0.00019907437279471197,8.54996279946908e-05
2925,0.0002435262018116191,7.16816641265536e-05
2926,0.00024686743854545056,9.817604260293492e-05
2927,0.00026030358974821866,5.8879066447644455e-05
2928,0.00015634412469808011,0.00011525654070731571
2929,0.00018136818369384855,0.00010251823102270751
2930,0.0003000216471264139,7.350701443637301e-05
2931,0.00022576688905246556,0.00011163180469127041
2932,0.00014758337289094925,0.0001064744642026697
2933,0.00016952780948486178,0.00010131685976126417
2934,0.0002636385100777261,7.995420140740525e-05
2935,0.00022149259457364677,0.0001072991949949439
2936,0.0002618571794300806,0.0002557226211113268
2937,0.00017099525954108685,9.736382728003999e-05
2938,0.0001449143316131085,0.0001202583468374828
2939,0.00021908158494625242,0.0002116416386617284
2940,0.00022878802061313764,8.151403560314315e-05
2941,0.00020352655847091227,9.007146048769419e-05
2942,0.0002329671144252643,6.82665174268824e-05
2943,0.0002192524596466683,6.810194144523e-05
2944,0.00012773424212355166,0.00012771584123870587
2945,0.00012651237542741,0.00010342519339221874
2946,0.00013589256443083286,0.00011055644379616939
2947,0.00021891436452278867,7.89816056392937e-05
2948,0.00016497913049533963,6.46377081204563e-05
2949,0.00017501803493360056,8.185377523098907e-05
2950,0.00019819537148578093,7.11551557250372e-05
2951,0.0001813599411980249,6.137878457817875e-05
2952,0.00021469916100613773,7.920895786062903e-05
2953,0.00023943049600347877,9.43428051756848e-05
2954,0.00024219125043600798,6.88876355288563e-05
2955,0.00022359438764397055,9.732293567563605e-05
2956,0.0002388353121932596,9.155989416646899e-05
2957,0.00024701444432139396,7.4931147686933e-05
2958,0.00013855454395525157,0.0001551831926120292
2959,0.0001113849034300074,0.00019291209701643235
2960,0.00012457748816814275,0.00015612975134090073
2961,0.00027862749702762813,0.0001836350625811451
2962,0.00024369812716031446,0.00012562700889347605
2963,0.00013156824599718674,0.00013453476166843807
2964,0.00016256264701951294,8.722139348607663e-05
2965,0.0001602688679122366,0.00022366776101989672
2966,0.00021262743277475238,8.104187798206312e-05
2967,0.0002922027779277414,9.025817312186979e-05
2968,0.00025164083577692507,0.00028739988536546836
2969,0.00020663879986386745,7.869608688364778e-05
2970,0.00026894238661043343,0.00011513970268225259
2971,0.00027736964431824163,7.695359504209155e-05
2972,0.00018882252887124197,7.350345517246353e-05
2973,0.00014034462277777492,0.0001540852848947533
2974,0.00020091611077077687,7.969830557943182e-05
2975,0.00021829101897310465,6.995051907860254e-05
2976,0.00022882327320985496,6.659789052146028e-05
2977,0.00020906049350742252,8.494888801304687e-05
2978,0.00014858602167805657,0.00014294966280281748
2979,0.0002482931263512,9.275147530301283e-05
2980,0.00014112672346527688,8.829094101563223e-05
2981,0.00014358311949763447,7.265171948908062e-05
2982,0.00017945968429557979,6.840025082354958e-05
2983,0.00016989757044939325,6.311081801557097e-05
2984,0.0002583403541939333,0.00010877625047139925
2985,0.00018761624902253972,0.00013465714726233473
2986,0.0001880497660022229,6.422036297919152e-05
2987,0.0002028634549060371,8.543304667835226e-05
2988,0.000205743053520564,0.00012752176987043939
2989,0.00022916167217772453,7.192888070888217e-05
2990,0.00022780223400332034,9.686457847798409e-05
2991,0.00022318934788927435,7.529050546434344e-05
2992,0.00016151645104400814,6.7746138645891e-05
2993,0.0001285595328954514,0.00019090113585674498
2994,0.00019364285049960016,0.0001581436763071034
2995,0.0002199681184720248,6.475425720029855e-05
2996,0.0001514454249991104,8.347978436089861e-05
2997,0.00011828523565782234,0.00026378793678952505
2998,0.0001788191287778318,7.042281783332615e-05
2999,0.00014125059606158176,0.00017390072075426833
3000,0.00014609348028898238,0.00013712498389084008
3001,0.00027839607966598126,0.00010762916281237267
3002,0.0002069119640509598,5.8813749777459324e-05
3003,0.00021724587131757289,7.362944567942839e-05
3004,0.0001982075846171938,6.512278305806781e-05
3005,0.00014023299168911763,8.323010454298801e-05
3006,0.00020473718584980815,8.081838939389156e-05
3007,0.0002532717575377319,0.00018729199446045652
3008,0.00026502882596105335,7.226460061932288e-05
3009,0.00012007055905996822,0.00015796350610437676
3010,9.527782880468294e-05,0.00011566305209719894
3011,0.0001623802346875891,0.0002016126953044664
3012,0.00024467774666845797,0.00010254469652116388
3013,0.00021194253116846084,7.574946178228607e-05
3014,0.00016363356233341618,8.234993249858882e-05
3015,0.00021813318337081,7.451892481982861e-05
3016,0.00027663940796628594,9.5979774065598e-05
3017,0.00018399612905341202,9.70024205481136e-05
3018,0.0001497860427480191,9.259654898539326e-05
3019,0.00018263958219904452,0.00010261010633357355
3020,0.0002762419928330928,9.681861956778448e-05
3021,0.00023937267396831886,7.482463564111353e-05
3022,0.00019198438560124486,0.00011189543391531652
3023,0.00016121739288792015,6.235530570050549e-05
3024,0.00018245781597215683,0.00014276825040475185
3025,0.00014695963240228592,9.258106868787452e-05
3026,0.0002271294337697327,8.451629154266924e-05
3027,0.00028893612266983837,7.178235692625916e-05
3028,0.00017208132019732146,9.443959725851453e-05
3029,0.00018494701012969017,6.0174769328425526e-05
3030,0.00016949572833254933,7.6564647514877e-05
3031,0.0001635386241832748,7.4311106426686e-05
3032,0.0002239212195854634,0.00011060338007678494
3033,0.00020380987494718285,9.69023717952452e-05
3034,0.00021104175481013955,9.686053356882152e-05
3035,0.000263954674010165,7.187601644147111e-05
3036,0.00016654555569402873,7.989739461750915e-05
3037,0.00023607378680026158,7.339738793184739e-05
3038,0.00022947945370106027,7.28630442708517e-05
3039,0.00013883188425097614,0.00015352621299476995
3040,0.00021696073992643505,6.303095760315095e-05
3041,0.0001597733751987107,0.0001149367544463555
3042,0.00013940287091827487,0.00010241955132100074
3043,0.00014559312898200006,0.00023477749246386302
3044,0.00022861014818772673,6.751796984781944e-05
3045,0.00021377020340878516,0.0001245924778069746
3046,0.00019739782423130236,7.570172566960387e-05
3047,0.00013275108300149442,9.322030930652296e-05
3048,0.0002079828444402665,0.00012807578512938686
3049,0.00018275847905897536,9.284622332141798e-05
3050,0.00014027297409484164,0.00015558959399043
3051,0.00010291036334820092,0.00013358909521616312
3052,0.0001572216086788103,0.00025927817169098466
3053,0.00013085407466860487,0.0001043645625031786
3054,0.0001350472349440679,0.00033760940364927964
3055,0.00028714717249386015,0.00012783412488690923
3056,0.0004077210108516738,0.00026732854007293586
3057,0.0003287634160369635,7.927132796732172e-05
3058,0.0002564201009226963,0.0002421874448111638
3059,0.00018458064820151777,8.43045397219886e-05
3060,0.00028809233626816424,0.00010739753220337188
3061,0.00011774533704738133,0.00018773323648779857
3062,0.00015207478863885627,0.00022403532179165791
3063,0.00015266847709426655,0.00011371923541795297
3064,0.00014409569324925543,0.00015519376233585295
3065,0.0002658541483106092,8.866170064222437e-05
3066,0.00021929285227088258,0.00014683201700554243
3067,0.00024951055529527367,0.00011505883175892475
3068,0.00013849306968040763,9.101102766915774e-05
3069,0.00017586711532203481,6.767602442853051e-05
3070,0.00015617487719282508,0.0001652533936889185
3071,0.00018144925561500714,7.058819312377425e-05
3072,0.0001941170023928862,7.548938108263665e-05
3073,0.00021315036923624575,8.226091030997875e-05
3074,0.00011777720908867195,0.00031402375515588647
3075,0.00022713843267410994,6.576107680551988e-05
3076,0.00017239641107153148,0.00018102582967688635
3077,0.00021748848899733275,5.9648072275282075e-05
3078,0.0001636218244675547,9.720382127254621e-05
3079,0.0002514842542586848,6.745822222549341e-05
3080,0.00025569172983523457,0.00014274480801684884
3081,0.00019792648527072743,8.538946304438406e-05
3082,0.0001520162890665233,0.00012793313128409638
3083,0.0001842145639238879,0.00011787098035661262
3084,0.00014950094220694154,0.00022205982641524264
3085,0.00011010248039383441,0.0001188290935553521
3086,0.0002051563817076385,0.0001185567778844565
3087,0.00021595579659333452,0.00010447254920121575
3088,0.00021251389232929797,6.823226316530601e-05
3089,0.0001828278024913743,9.151459878871907e-05
3090,0.00013930797576904296,0.000140229965363189
3091,0.00014229043357772754,0.0001778295759011175
3092,0.00013694603636395187,0.00030973534371260525
3093,0.00022870775224873797,6.430331163693614e-05
3094,0.00014535098220221698,0.000161855695483136
3095,0.0002158994978526607,0.00010158735058710541
3096,0.00016501202946528793,7.637532899149834e-05
3097,0.00012735688593238593,0.00021684125772169442
3098,0.00022655028267763556,6.316462292476264e-05
3099,0.00015666204883018508,0.00012381384942572156
3100,0.00017212671227753162,6.10852112502421e-05
3101,0.00012905217445222661,8.646642392754797e-05
3102,0.00017903388405102305,9.032908031893958e-05
3103,0.00013564101362135262,0.00016928998294345434
3104,0.00017028220172505827,9.887477369362661e-05
3105,0.0002959533652756363,0.00011225460677874938
3106,0.00025138456374406814,8.440840262154194e-05
3107,0.00023918698367197066,0.00011936616363228706
3108,0.0001879834142164327,7.141900133406934e-05
3109,0.0001950360997579992,9.151272498045679e-05
3110,0.00023660810344154016,0.00011538701801327989
3111,0.0002191182112437673,7.462007164427283e-05
3112,0.00017988942912779748,7.987489147599761e-05
3113,0.00023192771259346047,6.364353836557113e-05
3114,0.0001707463333150372,0.00012205103417752432
3115,0.00022865196166094393,0.00015414745531129421
3116,0.0002094244206091389,6.937690839499924e-05
3117,0.00026119142828974875,7.934990529451768e-05
3118,0.00021682183025404812,9.056553845106439e-05
3119,0.00016721423613489606,0.00012535614936097449
3120,0.0001771872365497984,0.00023507074928764344
3121,0.00022593392408452927,0.00010134774595215975
3122,0.00017063693318050354,0.00010063596725047642
3123,0.00012903877533972262,7.766864426180478e-05
3124,0.00012082847533747553,0.00012268185743516668
3125,0.00012186816151370294,9.889460269645597e-05
3126,0.00012807399325538428,0.00023715448133609167
3127,0.00012840520328609274,0.0001404394250329622
3128,0.0002010659038205631,7.169546390212243e-05
3129,0.00016840134921949356,0.00014059336241837016
3130,0.00022694457438774407,8.329990150866239e-05
3131,0.0001774197060149163,8.923201382196865e-05
3132,0.00013330867484910415,0.00011613221399223732
3133,0.0002249148179544136,0.00013396775825204302
3134,0.0002917006646748632,0.0001064435652040953
3135,0.0002953455672832206,7.807785760471159e-05
3136,0.0001644745355588384,0.00019156072391512044
3137,0.00018238606862723826,0.0002038998281932436
3138,0.00018151088093873113,6.608812526954427e-05
3139,0.00013066234125290067,0.00010166649702126686
3140,0.0003054789677844383,0.00011450908864576813
3141,0.0002190467098262161,0.00013456982189182618
3142,0.00022774096170905978,0.00021409863147211632
3143,0.00023453819114365614,0.00016438299639522073
3144,0.00014003935270011424,0.0001100885088468602
3145,0.000246241083368659,0.00011341652505706568
3146,0.0002526987376040779,9.024650462877567e-05
3147,0.00024514984281267973,7.203014644041454e-05
3148,0.00023270950972801075,7.27756243128942e-05
3149,0.0001645308142178692,7.584709779521663e-05
3150,0.00021575295366346836,8.86055953343788e-05
3151,0.0001687152258818969,0.00014862893339627652
3152,0.00014711045019794256,0.0001320277782948847
3153,0.00020505601831246166,8.338178972050242e-05
3154,0.00016723164357244967,9.309452334865417e-05
3155,0.00022158354084240273,0.00011881663238156063
3156,0.00026818222708243413,0.00026365723528688745
3157,0.00027689530688803645,0.00013724955750473022
3158,0.00026939089060761033,0.0001501639305625098
3159,0.00013326439366210253,8.671953321326116e-05
3160,0.00015898188168648631,0.00010490439238572136
3161,0.00017133288318291307,0.0002858525862617694
3162,0.00020638787478674203,0.00010936225470225645
3163,0.00021080836333567276,0.00013312947095534444
3164,0.00028381462820107115,6.935849294627775e-05
3165,0.00016728280228562654,0.00015327030607843644
3166,0.00017246830859221518,0.00012549169053409682
3167,0.0001792974950512871,9.071395470527932e-05
3168,0.00026847807632293555,7.493819220929266e-05
3169,0.00015268771006958558,0.00011202996522539028
3170,0.00020081747119547798,6.932000916057317e-05
3171,0.00015785432187840343,8.001531038133504e-05
3172,0.00023113944625947626,9.50457209137935e-05
3173,0.00018102229048963636,0.00011597664083700232
3174,0.00022546998981852085,6.815963719767353e-05
3175,0.00017326094122836367,0.00012608553044803357
3176,0.00021678389981389046,6.233967245837086e-05
3177,0.00018029062659479677,0.00012658081342958947
3178,0.0002342271147063002,7.1235515337919e-05
3179,0.0002394861780339852,8.292308355097926e-05
3180,0.0001720509643200785,7.197298656723284e-05
3181,0.0002078502462245524,8.280429596795815e-05
3182,0.0002305977145442739,0.00010235618248945484
3183,0.00012117496342398226,0.0001328152554366444
3184,0.00013566219655331224,0.0001259388220753626
3185,0.0001531010484904982,9.802929127221283e-05
3186,0.0001285286550410092,0.00014881550494664388
3187,0.00013162052899133415,0.00011963403733105922
3188,0.00022988310607615858,9.604413023462506e-05
3189,0.000136293115792796,0.00015296694280002394
3190,0.00023777806083671749,0.00010768938937710043
3191,0.00014907747681718319,0.0001110122277467569
3192,0.00022158397507155315,7.954526972753229e-05
3193,0.00014994470082456247,0.00017662914667684388
3194,0.0002712307339243125,5.3314370657747914e-05
3195,0.000135373356170021,0.00013778712008550504
3196,0.0002123650441353675,0.00011412997523558721
3197,0.0001949362799496157,6.659194900437373e-05
3198,0.00023001753230346368,6.260279336209052e-05
3199,0.0002210647179163061,7.950031481227161e-05
3200,0.00019645187800051644,6.470753119984156e-05
3201,0.00022839717916212977,9.663020837127091e-05
3202,0.0002379386592656374,8.833090236892107e-05
3203,0.00020851616529398597,0.00010718796055362087
3204,0.00023120875674067064,7.659729413866793e-05
3205,0.00020611984975403176,7.324273720358129e-05
3206,0.0001339635837939568,8.79643991276979e-05
3207,0.00018470343202352523,6.748033082072801e-05
3208,0.00016796908690594136,0.00014525257694464788
3209,0.00018872924207244068,6.813879765901867e-05
3210,0.00012562834221171214,9.584866051202518e-05
3211,0.0001959626644384116,9.097263954236165e-05
3212,0.00016135427256813272,7.875854820144612e-05
3213,0.0001826660643564537,7.593223234249457e-05
3214,0.0001829369500046596,7.695722753901277e-05
3215,0.00018351876875385642,0.00011021918609215278
3216,0.0002207252086373046,9.423985027577346e-05
3217,0.00027249392529483886,6.322537233681443e-05
3218,0.00020890927116852255,0.00010173773316886556
3219,0.00019309012102894485,0.0001675260922240017
3220,0.00028180660679936407,7.509900402909221e-05
3221,0.00021496802859473973,0.00017029235070915765
3222,0.00021274210943374782,6.242129215747373e-05
3223,0.0001228467165492475,9.475000823005932e-05
3224,0.0001708145227166824,8.630971828944445e-05
3225,0.00012611562939127908,0.00019931517426687617
3226,0.0001984190836083144,5.7043033412399335e-05
3227,0.00021364534797612577,8.576966367449853e-05
3228,0.0002561969863018021,7.492975718166348e-05
3229,0.00014427105212234893,0.0001380227135435745
3230,0.000136922130768653,7.118000486452605e-05
3231,0.00020384134928463026,0.00017202513227446565
3232,0.0002577549673151225,6.985226793578277e-05
3233,0.00018654828367289155,0.00013416799001414838
3234,0.0001499078783672303,8.141746784780455e-05
3235,0.00021217016997979955,7.394173785355197e-05
3236,0.0001299713269690983,0.00025693382146889474
3237,0.0002254604987683706,0.00012616533815959621
3238,0.0001863530813716352,8.816764622604576e-05
3239,0.0002564610296394676,0.00017882211728672152
3240,0.00018294845154741778,0.00010903778167805085
3241,0.00018163459899369627,0.0002081089000032628
3242,0.00015894390817265957,0.00012224156232885634
3243,0.00023290712968446314,0.00010464477889225436
3244,0.0002854042936814949,0.000263998157158175
3245,0.0003605898201931268,0.00011854349318190083
3246,0.0002384453878039494,0.00013938274398790545
3247,0.00018325510260183364,0.0002102743078155558
3248,0.00018060732196317986,0.00012349780096372666
3249,0.0002221672667656094,6.283215641391731e-05
3250,0.0002192650327924639,0.00010686278136284409
3251,0.00020051662846526597,6.6262515571147e-05
3252,0.00014698143640998751,0.00015818854065911768
3253,0.0001589144257013686,9.45367642151262e-05
3254,0.0002089548367075622,0.00011353487573378266
3255,0.00013188329816330225,0.00019282404696552898
3256,0.0002470067047397606,7.198992953157333e-05
3257,0.0001867489778669551,0.00015651975388196934
3258,0.00023525799915660172,9.427838205289708e-05
3259,0.0002466322854161263,0.00016584576802066694
3260,0.0003413405068567954,0.00015075762249044564
3261,0.0003163428173866123,0.0002297975560682124
3262,0.00029105814115609974,6.16640228481504e-05
3263,0.0001868113537784666,7.366780863938477e-05
3264,0.00023061167856212707,7.382288623213679e-05
3265,0.0001305475819390267,0.0001240043591379829
3266,0.0002499431587057188,6.332130867857104e-05
3267,0.00013520838459953665,6.478195091528492e-05
3268,0.00014248623832827434,0.00010257158559497466
3269,0.00014846331934677436,0.00010916435752583871
3270,0.00015936406300170346,0.00010240151808431296
3271,0.00015881485829595478,9.408668334450738e-05
3272,0.00021151728054974228,0.00015794778679663392
3273,0.00025081355299334975,0.00010070445068154248
3274,0.00024033025372773408,0.00011936321951072561
3275,0.0001280759190558456,0.00011977104869613755
3276,0.00013311107992194593,0.00014112453817227244
3277,0.00020448395051062107,9.63399209355623e-05
3278,0.00022943409043364228,8.589699250914648e-05
3279,0.00018967346695717425,6.752787676180573e-05
3280,0.00015228625619783997,0.00014076500554762028
3281,0.00021262001304421573,0.00011628850962265398
3282,0.0002096231091127265,0.00014369336783340557
3283,0.00020429136930033565,7.706903937242427e-05
3284,0.00021126234787516296,0.0001490255390682213
3285,0.00018482902087271213,0.00015871737181043176
3286,0.00012674858066020534,9.58827468534702e-05
3287,0.00019754497086978516,9.601841156836599e-05
3288,0.00025627312541473654,5.6433564616918994e-05
3289,0.0002251849212916568,0.00011640535615709903
3290,0.00016611206345260143,9.606373119100208e-05
3291,0.00018966168514452874,0.0001350566202969799
3292,0.00021075625263620169,9.480694557605104e-05
3293,0.0002685191237833351,0.00016533998306641316
3294,0.00015561462147161364,6.482593178663767e-05
3295,0.0001588798366719857,0.0001669812980203647
3296,0.00017948135442566126,7.645075834573132e-05
3297,0.0002465287988889031,8.475487086561521e-05
3298,0.0002293470759468619,7.980875810448795e-05
3299,0.00016831702669151127,9.950207369338262e-05
3300,0.00023097389144822956,8.402845186575265e-05
3301,0.00023151210742071272,0.00012051731120090939
3302,0.0002558795831282623,0.00011787211645254227
3303,0.00022617591806920246,9.535102066839088e-05
3304,0.00021426868013804779,8.533308876282456e-05
3305,0.00021584034140687436,0.00010181406105402857
3306,0.00021573173464275896,7.896064679486811e-05
3307,0.0001519670768175274,0.00012009939083539281
3308,0.0002194280011462979,7.042188494093876e-05
3309,0.00013633737224154176,0.00019783859469286766
3310,0.00015675549453590066,0.00012331772791496828
3311,0.00022566560888662935,9.431615493767449e-05
3312,0.0001853378670057282,9.184905029043925e-05
3313,0.00020190467475913464,7.133654659424194e-05
3314,0.00025646816822700203,0.00014456835904713618
3315,0.0001532345695886761,7.156224455684423e-05
3316,0.000226306353288237,8.27385288860955e-05
3317,0.00013557383528677746,0.0001003726726208099
3318,0.00017355516960378735,9.555708166859304e-05
3319,0.00025945087953004986,7.731416194910209e-05
3320,0.00016099110420327633,0.00010463146281836089
3321,0.0001595159518183209,0.00010619053610342185
3322,0.0001754079552483745,0.0001502064876136775
3323,0.00022301476041320712,0.00015742190649465032
3324,0.00018881508585764096,7.488030852783433e-05
3325,0.0002989846613490954,8.187522674744872e-05
3326,0.0002851579803973436,9.298842964547986e-05
3327,0.00017707778257317842,9.592728801093572e-05
3328,0.00016359307162929325,9.438917350800619e-05
3329,0.0002197254035854712,8.165305180601498e-05
3330,0.00018660835368791595,8.987629628056111e-05
3331,0.0001329342380631715,7.541276293161663e-05
3332,0.00021589614159893246,0.00010047942836137412
3333,0.00022458190796896814,6.845280616177399e-05
3334,0.00013300799910211935,0.00012269340946310367
3335,0.000201604768371908,0.00010645670000198999
3336,0.00012857655165134929,0.0001880793412330031
3337,0.00018319548049475998,0.0001319574253663121
3338,0.0001387500503915362,8.985483793666179e-05
3339,0.00016105397167848423,0.00019374074135194947
3340,0.00012635022125323303,9.365388641153042e-05
3341,0.00015656207920983434,0.00011348489101380923
3342,0.00021092711540404707,0.0001527556675794847
3343,0.00023119205550756306,7.400763570331037e-05
3344,0.00014898494380759076,0.00012635012660199482
3345,0.00013537101593101398,0.00012634164452981778
3346,0.00014494436036329716,0.00011191065658911686
3347,0.00019006347749382258,0.0001561644124580796
3348,0.00014882874907925725,0.00013218236867257088
3349,0.00012577112473081799,0.00022836089032950927
3350,0.00012657253653742374,0.0002156534248246167
3351,0.00022735500679118558,7.022390361757285e-05
3352,0.0002818100660806522,0.00013926313212859023
3353,0.0002687823335872963,0.00015211817872238487
3354,0.00023237388755660505,9.364217819968137e-05
3355,0.00014557323185727,6.966294902618034e-05
3356,0.00022882104269228876,8.991536642871286e-05
3357,0.0001823004428297281,8.979316632190004e-05
3358,0.00022371127386577427,5.854937920310177e-05
3359,0.00030934667272958905,7.146449929241997e-05
3360,0.00023087072186172007,9.987126216164803e-05
3361,0.00012431325449142606,0.00019670010058764266
3362,0.00018063130002701655,8.120309020379042e-05
3363,0.0001964475112617947,5.8519913966859985e-05
3364,0.00013236022525234148,0.00019835107153471341
3365,0.00011304403335088864,7.967595762512583e-05
3366,0.00020500874408753588,0.0001675341249808784
3367,0.0002172173245344311,8.849033870880192e-05
3368,0.00011405542463762685,0.00017785099846325266
3369,0.00013965288235340267,0.00012331531441504175
3370,0.0001830006716772914,0.00011010351496125086
3371,0.00011767863819841296,0.00013697773951431896
3372,0.00011296951590338721,0.00010075670055413542
3373,0.00020809873880352824,0.00010124580670865364
3374,0.00016408625058829783,0.000179452787599748
3375,0.0002698602509917691,0.00010574552551625944
3376,0.000198834155453369,0.00011612179798547702
3377,0.0001414123788708821,8.66281952268814e-05
3378,0.0001644876442151144,7.162861541860055e-05
3379,0.00020033194501593244,0.00013445786371697952
3380,0.00027997987373964864,6.901400396201683e-05
3381,0.0001730595243861899,0.0002220524255703012
3382,0.0002517341321799904,0.00010738822854600834
3383,0.00018687982228584587,0.00021162612422701124
3384,0.00018388012365903707,6.424115592181644e-05
3385,0.00019340483151609078,7.7235939312381e-05
3386,0.00018601856922032312,0.00016885348269755774
3387,0.00018735172925516964,9.265186143811785e-05
3388,0.0002536869459436275,0.00010745925634456735
3389,0.00017703147896099835,0.00023079065644421076
3390,0.0002570946063497104,5.899530968809028e-05
3391,0.00011606848682276904,0.0001317695148404024
3392,0.00021014675323385745,8.470111055904043e-05
3393,0.00023401377082336695,8.1574627934247e-05
3394,0.0001493470440618694,0.0001119032390244235
3395,0.00020639093418139964,9.869563575492764e-05
3396,0.00016950182965956627,8.303920466995843e-05
3397,0.00024080724688246846,7.945235630944659e-05
3398,0.0002383731573354453,9.362924605714036e-05
3399,0.00020187018322758376,8.921460484749357e-05
3400,0.00013221161323599519,7.099003534228222e-05
3401,0.00013456025393679738,0.00010064546504135289
3402,0.00013858165068086236,0.0001746255142005457
3403,0.0001359723330824636,0.0001292875587177935
3404,0.00012513770430814476,0.00010990153270839772
3405,0.00014413847675314172,0.00013768255078889212
3406,0.00014186122221872212,0.00012453303637289224
3407,0.00018815121933585033,0.00019655202443461087
3408,0.0001926310159615241,7.214593234207252e-05
3409,0.00021976800402626396,6.58248948277778e-05
3410,0.00014045870397239924,0.00034412844476333106
3411,0.00018856653827242553,0.0001166825717120122
3412,0.00016900537877518218,6.850421289540189e-05
3413,0.0001914706829120405,7.171733261501475e-05
3414,0.00013044705148786305,0.00010344591951813016
3415,0.00022163121815538034,5.594474051788781e-05
3416,0.0001597174914786592,6.029560793412862e-05
3417,0.0002657410636311397,0.00012208421463109928
3418,0.00014794914459344,7.117793266183046e-05
3419,0.00014738363854121416,9.890601403926728e-05
3420,0.00015798488195287064,0.00013008543160825342
3421,0.00017352183582261204,7.682313009528825e-05
3422,0.00017205637035658583,0.00010509203860997892
3423,0.00024286161817144603,6.451140257947734e-05
3424,0.00023846491982112638,0.0001454231150253765
3425,0.00015009951690444722,0.00014804523285320476
3426,0.00022590594831854106,0.00011651399041536386
3427,0.00011211565346457064,0.00010326912686725511
3428,0.00012685973895713688,8.865574758825984e-05
3429,0.00019798098248429596,0.00010924426707589029
3430,0.00023684054787736385,7.989781413128447e-05
3431,0.0001205826346995309,0.00013376429150449527
3432,0.00013348518958082424,7.728927241808142e-05
3433,0.00018833018315490336,0.00016621576017077793
3434,0.00019973437068983912,9.413676779742722e-05
3435,0.0001310180567088537,0.00010868459114683665
3436,0.0002051571343326941,7.281161859979987e-05
3437,0.00019783269963227212,7.249997675176455e-05
3438,0.00026825913140783087,9.29614101027853e-05
3439,0.00021789190977870022,8.049782747099789e-05
3440,0.0002570309094153345,7.47739859559248e-05
3441,0.00018869844148866832,8.26644454843505e-05
3442,0.00013064490631222724,7.328047370857061e-05
3443,0.00018396776169538498,0.00010503354207859757
3444,0.0002240676779183559,9.971471604642344e-05
3445,0.00022342870885040612,0.00010707870686717
3446,0.00025810547638684513,6.562096478612073e-05
3447,0.00019136251619784162,0.00014872011933507627
3448,0.00012855233537266032,0.00011903521336123909
3449,0.00014579104841686786,7.852522326611008e-05
3450,0.00017280711996136232,0.00012778617881799805
3451,0.000240470485878177,7.705428806605609e-05
3452,0.00018941478279884904,6.273469730393566e-05
3453,0.0001496636401861906,7.695641376551365e-05
3454,0.0001274155013379641,0.00015903104975546889
3455,0.00015716318695922383,6.567395498740092e-05
3456,0.0001347345655085519,0.00018179222697404864
3457,0.000210936312796548,0.00014311062395417175
3458,0.00026907543651759623,8.592669123635e-05
3459,0.00032387025305069983,0.0001489141466987498
3460,0.0002772854547947645,7.8557738623652e-05
3461,0.00023530171893071383,7.870915907591403e-05
3462,0.00012440508340660016,0.00010446175212863425
3463,0.00015986127094947734,9.779041964016147e-05
3464,0.00010680671810405329,9.443196989332759e-05
3465,0.00022032094711903482,6.655893080839122e-05
3466,0.00018744033179245889,0.00020289957379421525
3467,0.0002901936031412333,0.00011635424559481429
3468,0.00018400518310954795,5.811672818795969e-05
3469,0.00013511098455637694,0.00026348137329826896
3470,0.00016971230623312296,8.959195718937872e-05
3471,0.0001340498263016343,8.481017925676073e-05
3472,0.0001841807522578165,9.081959009787693e-05
3473,0.0002706886758096516,8.420627407708895e-05
3474,0.00016153884411323815,0.00018857358970794164
3475,0.0002054305636556819,0.0001040853541830797
3476,0.00017739422793965786,6.654016392094989e-05
3477,0.0001486955804284662,0.00015334631332311117
3478,0.0001973287618602626,9.07669355375182e-05
3479,0.00021642318402882667,8.022317723933231e-05
3480,0.00016922141890972852,6.683424237975212e-05
3481,0.0001502149162115529,0.00020216212499079818
3482,0.00016680414788424968,7.078718373708249e-05
3483,0.00021915832185186445,6.374131731867586e-05
3484,0.00020971078309230505,7.569088180165112e-05
3485,0.00012936313665704802,0.00023613172060609093
3486,0.00020593508379533886,8.298706398656503e-05
3487,0.00017728531121974811,0.0001529465380247542
3488,0.00022581430152058602,7.643384682748161e-05
3489,0.00017979903233936056,0.00011413483363169577
3490,0.000234403177164495,0.00011333733051935568
3491,0.00022598094219574704,5.9341835778518354e-05
3492,0.00021198086091317236,8.43868878142181e-05
3493,0.00019960695382906124,5.901651020892991e-05
3494,0.0001645091392856557,0.00012002096996620323
3495,0.00017032255476806313,8.356534648281586e-05
3496,0.00015648163156583905,9.527487019698889e-05
3497,0.00018439806735841556,0.00010896735180373469
3498,0.0002299156814115122,8.951338055987733e-05
3499,0.0001500567279435927,9.812462490553527e-05
3500,0.00022185748384799807,7.204230760554272e-05
3501,0.00012896758620627223,8.923123615416331e-05
3502,0.00022365397424437106,7.768822114771927e-05
3503,0.00021012132987380028,0.00010989335853132429
3504,0.0001889213648973964,9.25710817881898e-05
3505,0.00023126005049562082,0.0002032558213240046
3506,0.00020377868553623558,0.00025850538067098656
3507,0.00026935491390759123,0.00010019033174078324
3508,0.00019584883702918887,5.7928286118461583e-05
3509,0.0001634177553933114,8.3934175040356e-05
3510,0.00012295976441237144,7.83888150081485e-05
3511,0.00010075262078316882,0.0001769044324584235
3512,0.0001861678683781065,7.541547394844014e-05
3513,0.00012846541780163533,0.00019975856153058423
3514,0.00018891479063313455,6.843246986024235e-05
3515,0.00014702850312460215,0.0001468836838795727
3516,0.00019291865173727275,9.886642002216731e-05
3517,0.00023000864021014423,0.00013426412156087743
3518,0.0001922192651545629,7.595201357816384e-05
3519,0.00015894623997155576,0.00014244565412909277
3520,0.00017597692029085011,9.739743418073001e-05
3521,0.00018009254097705707,0.00011497549652855538
3522,0.00017909675429109484,6.342578056580962e-05
3523,0.00019957460288424044,8.111018252922604e-05
3524,0.00016096830921014772,7.308287404904984e-05
3525,0.00020198613259708509,0.0001117030627290361
3526,0.000136604777071625,0.00010876882909430344
3527,0.00016258256742730738,9.944125695380522e-05
3528,0.0002634825510904193,5.7716245028630464e-05
3529,0.00033159076469019055,0.00015251576470502983
3530,0.0002994030708214268,0.00011791921746382834
3531,0.00016456184530397878,8.481310284616782e-05
3532,0.0001624628374702297,0.00011717615376405214
3533,0.00016445858462248,0.0001611661777731146
3534,0.0002713020576629788,6.304948249024863e-05
3535,0.0002741919906111434,6.13384222498559e-05
3536,0.0001480972595163621,7.25283443898661e-05
3537,0.00016180292528588324,5.8591548909197164e-05
3538,0.00019748864229768515,9.248197497919597e-05
3539,0.00016104130365420132,8.635709284683562e-05
3540,0.00022131742705823853,6.598399320939454e-05
3541,0.00018858334806282073,0.0001695155789429794
3542,0.0002037409198237583,0.00010050549572541009
3543,0.00017065441759768872,0.00010409429384322122
3544,0.00017451925963541727,6.090453985364062e-05
3545,0.00019865478592691942,8.254934541645065e-05
3546,0.00019440413976553827,6.386491361198539e-05
3547,0.00015628929948434235,0.00010846298830248798
3548,0.0001960998575668782,6.616922394031251e-05
3549,0.00023557041626190767,0.000122289272078651
3550,0.00024823932617437097,7.052596499792568e-05
3551,0.00025347955932375043,8.443185117656656e-05
3552,0.0002392336237244308,5.447391919155401e-05
3553,0.00014627257885877043,0.00012670961619384288
3554,0.00022755619196686893,0.00010251105030040155
3555,0.0002209705486893654,6.473750002205385e-05
3556,0.00020561333702062256,9.84720028311928e-05
3557,0.00023542749928310514,6.193920350210958e-05
3558,0.00019155932124704123,6.118402832302532e-05
3559,0.0001363851985661313,0.00019209301042368904
3560,0.0001292718850891106,0.00014238745905159915
3561,0.00021034813078586013,8.62058393429161e-05
3562,0.00015775604872033,0.0001364602507586425
3563,0.00025137107470072804,0.00010584547650467681
3564,0.00022939095157198608,0.00017847972891129208
3565,0.00018420555832562968,8.988583854946614e-05
3566,0.00013698228256544097,0.000131843787815728
3567,0.0001528182256151922,7.767175901952289e-05
3568,0.00014031255414010958,0.00035622287690137156
3569,0.0002272777905454859,7.307557735994e-05
3570,0.00019095642463071272,6.417586985052156e-05
3571,0.00019408733118325472,0.00011067565575191011
3572,0.00017917464705533348,8.690414917559605e-05
3573,0.00020866707840468734,0.00012900247762844043
3574,0.00020677823427831755,9.02700136465097e-05
3575,0.0002334853244246915,9.04752567493395e-05
3576,0.00022899653762578965,0.00018301388128797767
3577,0.00023685558466240763,0.00013796433771335302
3578,0.00022870460001286118,7.039713609504373e-05
3579,0.0002371266795671545,0.0001787147893120251
3580,0.0002121525292750448,0.00010278901316094761
3581,0.00016549443011172117,7.918682581787349e-05
3582,0.00010726810578489676,9.402049961440067e-05
3583,0.00023327136426814832,0.00012422665108030356
3584,0.00022938043810427188,5.824267740635686e-05
3585,0.00018869483479647898,6.274263148653729e-05
3586,0.00021275256352964788,5.5510922259737237e-05
3587,0.000221883159247227,7.052690170271551e-05
3588,0.00024022053403314204,7.464623180168604e-05
3589,0.00022693449282087385,0.0001030436388733406
3590,0.00027942179003730415,9.664115390328894e-05
3591,0.0001566870670649223,6.561732401653537e-05
3592,0.00020226036809617654,7.516110726761351e-05
3593,0.00024063082586508244,6.82572325574368e-05
3594,0.00022729442149284297,8.828765367817976e-05
3595,0.00022461165324784814,5.6643162679392844e-05
3596,0.0001530060323420912,0.00016295937609967252
3597,0.00018494020972866564,0.00015197847595068383
3598,0.00021536179265240206,7.263804577196923e-05
3599,0.00016731141309719532,0.00026603934105106134
3600,0.00011814019642770291,0.00011230746377020283
3601,0.00018093492079060525,8.682642375838254e-05
3602,0.00010983612679410726,9.320218559380059e-05
3603,0.00023894171754363925,0.00010062745968753006
3604,0.00022498399601317943,9.743436739009754e-05
3605,0.0002437253837706521,7.58196815508673e-05
3606,0.00018496673554182052,0.00015908486378452523
3607,0.00019211139006074517,6.942638391006916e-05
3608,0.0002740982896648347,0.0001179035369528869
3609,0.00027062228880822656,7.800214034557017e-05
3610,0.0001636616309406236,0.00012601913118014138
3611,0.0001233445855905302,0.00010256561071313727
3612,0.00017659968376392498,6.443204617662808e-05
3613,0.00010763997532194481,0.00011036189094389954
3614,0.00017634483709116466,7.01585029748632e-05
3615,0.0002138981845928356,8.246864582697402e-05
3616,0.00015396200004033744,6.734525137190222e-05
3617,0.00017925077117979525,8.81420743123633e-05
3618,0.0002118733333190903,8.086979567900153e-05
3619,0.00015084285318152978,7.262068140011102e-05
3620,0.0002006706051179208,6.70354737388289e-05
3621,0.00019149374624248593,9.122130055178263e-05
3622,0.0001427176594734192,0.00011894729906176408
3623,0.0002476402051979676,0.00022374794436523003
3624,0.0002380042930599302,0.00015817236490962288
3625,0.00018891207000706344,0.00013502177589793038
3626,0.00017362851882353426,6.310424119774698e-05
3627,0.00015455588843906297,8.259240926796736e-05
3628,0.0001930424734018743,6.941723175209705e-05
3629,0.00019194344902643935,7.923403100990881e-05
3630,0.00013887287495890633,7.081067062793172e-05
3631,0.00014016546308994292,0.00010273958733169782
3632,0.0002028993982821703,8.153492072866257e-05
3633,0.00024045305035542698,7.764480558338843e-05
3634,0.0001616392968571745,0.00013593569806974687
3635,0.0001747989183058962,0.00010213844738968437
3636,0.00026205278845736757,6.000322302921407e-05
3637,0.0002590441895881668,0.00013026379552958468
3638,0.00019515006555593573,0.00014384346535710032
3639,0.00017765580327250063,6.853938143587135e-05
3640,0.00022081693256041036,0.00011749555635529536
3641,0.00020725739625049755,8.48568302550519e-05
3642,0.00023003233829513192,7.126087578785389e-05
3643,0.00016659141809213907,0.0001381192895964949
3644,0.00017572894867043943,9.185750719577661e-05
3645,0.0001833263809385244,8.297683463801872e-05
3646,0.0001842177886283025,6.930198940434111e-05
3647,0.00016888387326616794,0.00013342038741253942
3648,0.0001094608788844198,6.557508875206846e-05
3649,0.00018608133832458406,7.829837630022866e-05
3650,0.00026149134151637554,7.176936630196295e-05
3651,0.000170208593190182,8.177313688912824e-05
3652,0.00014542823715601116,6.334596420781789e-05
3653,0.00021499982540262863,7.330252544169812e-05
3654,0.00014063555194297804,8.950844494393095e-05
3655,0.00014489845809293912,0.00013526112629795982
3656,0.00012800519936718047,0.00013955951002671635
3657,0.00011598236975260079,0.00011868990458586342
3658,0.00014393918623682112,8.956227810975253e-05
3659,0.00013090358581393957,0.000121652616318698
3660,0.00015921170124784113,6.203322153265766e-05
3661,0.000202873196976725,8.942142917538598e-05
3662,0.0003138520376523957,0.00016773296927766914
3663,0.0001533126225695014,0.00010386689415373776
3664,0.00019741526746656747,6.673920484301985e-05
3665,0.00019307219772599638,9.883309800511908e-05
3666,0.0002549676870694384,9.098241033115462e-05
3667,0.0002923353310325183,8.677371697060202e-05
3668,0.00022193848330061882,9.426895839206823e-05
3669,0.00017485092277638614,8.451228047169312e-05
3670,0.00029401882289675996,8.189090090438609e-05
3671,0.0002263667364604771,7.368654520203015e-05
3672,0.0001976691366871819,0.00016382098767455118
3673,0.00012095323821995408,0.00012652541560895122
3674,0.00016239422024227679,5.719961109830303e-05
3675,0.0001748950086766854,8.396142993037818e-05
3676,0.00019710697524715214,6.357680280889825e-05
3677,0.0002278277778532356,8.144904455697891e-05
3678,0.00021781448100227863,7.876870875232471e-05
3679,0.00023062611697241664,8.311203556045195e-05
3680,0.00015408546627440956,9.132852156741037e-05
3681,0.0001587154876324348,6.353192426627486e-05
3682,0.00015962639678036795,0.0001198988275437804
3683,0.00016836120921652763,0.00014423536811915405
3684,0.00017991179862292484,0.0001333129826665231
3685,0.0002275161142461002,8.493688253347749e-05
3686,0.0002423959446605295,9.090407316039527e-05
3687,0.00013887204928323627,0.00011146878043216755
3688,0.00014770836918614805,8.77981295423225e-05
3689,0.0002466961252503097,7.238679758651016e-05
3690,0.0001632373221218586,0.00015665433961221923
3691,0.00022403474082238972,7.132126902682987e-05
3692,0.00018645372532773762,8.542972747120872e-05
3693,0.00018595322035253048,7.255052205686272e-05
3694,0.0001883321220520884,7.565444988582909e-05
3695,0.00016720279556466265,0.00012239518814380535
3696,0.0002526913461042568,0.00011620140015123705
3697,0.00018322755757253618,8.460424648285269e-05
3698,0.00020174641773337498,0.00011021291356883012
3699,0.0001792132979608141,7.69499514318926e-05
3700,0.0001513049571076408,0.00019710365011458834
3701,0.00022891928791068494,9.966261361164283e-05
3702,0.00017384558523190208,7.666667069353112e-05
3703,0.00012658475956413894,0.00018624251800882695
3704,0.00017828919400926678,5.2345775345688025e-05
3705,0.00014368809148436414,6.357201555271773e-05
3706,0.00011512767756357789,0.0001397480307488179
3707,0.00018255984759889542,7.230472189417325e-05
3708,0.0002508181903976947,8.254346520927406e-05
3709,0.0001574688730761409,0.0001109158168169602
3710,0.0001996070536551997,6.494751525604268e-05
3711,0.00030502565030474213,5.951721313104914e-05
3712,0.00028982384479604663,0.00014145866938235162
3713,0.00022123660950455813,0.00012635187465081163
3714,0.00021269041812047363,0.00011067982547364696
3715,0.00017216929409187288,0.0001035454897895736
3716,0.0001519556884886697,0.00017829533935084378
3717,0.0002216469414997846,6.299946127835763e-05
3718,0.00022873760121001397,8.76114396330556e-05
3719,0.00013624860206618906,6.407171165174326e-05
3720,0.000220368021982722,7.75460756725906e-05
3721,0.0002752904972294346,6.563593860722007e-05
3722,0.0002559887390816584,8.094022273762177e-05
3723,0.00013231368677224964,0.00010270202111401786
3724,0.00015682771743740886,7.627275622886771e-05
3725,0.00019360928796231748,8.914099642624185e-05
3726,0.0002203363004809944,6.933653370751553e-05
3727,0.00018356980697717518,9.46560006150944e-05
3728,0.00011874165124027058,8.101370561122814e-05
3729,0.00019673577276989817,8.067289128457436e-05
3730,0.00021745635254774242,0.00019696156052977792
3731,0.00014601349597796796,0.00011349272008124924
3732,0.00018011595151619985,8.304693923716128e-05
3733,0.00022206462163012474,7.78470398534858e-05
3734,0.00023269913217518478,6.68609899959897e-05
3735,0.00023629575909581035,9.091360513830545e-05
3736,0.00016654936567647382,0.00014129300856040249
3737,0.00021662781364284456,8.790857884677069e-05
3738,0.00013710524362977594,5.462917940585861e-05
3739,0.00014211263740435243,8.264927112589883e-05
3740,0.0002241583028808236,9.814108917665068e-05
3741,0.00025741236036992633,6.125875270673494e-05
3742,0.00014540386066073553,0.00013012918727376742
3743,0.00021531223610509186,7.940303894678411e-05
3744,0.0001476930984063074,0.00011407732535974914
3745,0.00013252767210360615,9.846796807597793e-05
3746,0.00017342636623652653,5.6380982317783145e-05
3747,0.00021412987989606337,7.940725013151228e-05
3748,0.0002132930129300803,8.569952658272336e-05
3749,0.00018810936191584915,7.121330896577454e-05
3750,0.00021415992348920555,7.498386060445862e-05
3751,0.00019281573593616486,0.00024739701272154306
3752,0.00015795887942658736,7.179915761074357e-05
3753,0.00015828226052690296,7.290574938277332e-05
3754,0.0001465741204447113,8.927808533508764e-05
3755,0.00019485565775539726,7.641588871754795e-05
3756,0.00022835554264020175,6.431564069727805e-05
3757,0.0002361058772657998,8.061655587456922e-05
3758,0.00021100576326716692,7.479855272845582e-05
3759,0.00023104830528609455,0.00013638834102431708
3760,0.0001566448065568693,0.0002024861732685192
3761,0.00016106804410810584,0.00011330934384740469
3762,0.00014610558981075882,5.725252153814375e-05
3763,0.00016824575228383765,6.979517808123428e-05
3764,0.00016917386266868562,5.6275703347437975e-05
3765,0.00016548410814721138,7.800643791983619e-05
3766,0.00024127028533257544,7.6012089914301e-05
3767,0.00021583035995718092,9.37623616203519e-05
3768,0.0001626166800269857,0.00010461433500233696
3769,0.00014712105155922472,0.00014986244782012862
3770,0.00012805220525478943,8.14285215723156e-05
3771,0.00014986376772867515,8.649880438086207e-05
3772,0.00016222318343352525,0.00014064937144436568
3773,0.00015984434372512624,8.067425416861437e-05
3774,0.00018356256157858297,6.789108170180467e-05
3775,0.0001283804653576226,0.0002477616262071996
3776,0.0002982857672031969,7.962499193413412e-05
3777,0.00021012226585298777,9.967701502418631e-05
3778,0.00017234461825864854,0.0001105843335134934
3779,0.00021812941442476586,8.883207092740993e-05
3780,0.00015776248765178024,5.7700758152848674e-05
3781,0.0001664473459823057,7.067410195005534e-05
3782,0.00012686924659647048,8.230109995889656e-05
3783,0.00014341034053359181,7.10122369800707e-05
3784,0.00025615523802116516,8.39059665015331e-05
3785,0.00021162998164072632,7.679183478128287e-05
3786,0.00019047611771384255,9.257705475136714e-05
3787,0.0002072739612776786,9.35136653524377e-05
3788,0.00013421596282569225,0.00011019025588797227
3789,0.00012971669057151302,0.00017702996879114373
3790,0.0002552117223967798,7.442571123111482e-05
3791,0.0002560269046807662,6.576162270168225e-05
3792,0.0002155764278722927,7.470025902626756e-05
3793,0.00021222374110948294,0.00010812007072573042
3794,0.00013296530465595424,9.248044512189577e-05
3795,0.000254592360870447,0.00011317377658548912
3796,0.00017951357236597687,8.206003230828186e-05
3797,0.00013606736349174752,9.704585916128277e-05
3798,0.00012094288598746061,0.00011583373024011165
3799,0.00015145714743994176,0.00012997683158685766
3800,0.00015162799885729328,0.00014782384868626712
3801,0.00014628766046371312,6.423801657036489e-05
3802,0.00014803128666244448,0.00012643639718290826
3803,0.0002153600793099031,0.0001011277763360365
3804,0.00015986251353751867,7.296850537685503e-05
3805,0.0001181650478974916,0.0001768099464243278
3806,0.0002566476573701948,5.598239145562218e-05
3807,0.00023972026974661276,5.630083034378764e-05
3808,0.00017077406664611772,6.412772890056758e-05
3809,0.0001556021231226623,5.7105341847875944e-05
3810,0.00014731256233062594,8.122692078396627e-05
3811,0.00014655426901299506,0.0002094746014336124
3812,0.00014132360578514636,9.306300758808366e-05
3813,0.00016108731389977038,7.765302492372615e-05
3814,0.00015435942012118176,0.00010526874629162294
3815,0.00018325334414839744,6.476610741790939e-05
3816,0.00024780557258054616,6.530626965224206e-05
3817,0.0003473532712087035,0.000127170161361653
3818,0.0001940728846238926,0.00010846881594585433
3819,0.00016737235593609513,0.00015991255270208756
3820,0.00010474217386217788,0.00010656868820262065
3821,0.00014701370557304472,6.681388943322156e-05
3822,0.00017341167374979705,0.00019000391420040738
3823,0.00024930456827860326,0.00010006180493964826
3824,0.00020786844368558377,8.7432628688849e-05
3825,0.00017024424276314675,0.00013420722177826276
3826,0.0002305238216649741,8.324979328429199e-05
3827,0.00013728797144722194,0.00029428620802394865
3828,0.0001491177687421441,5.8752446346087e-05
3829,0.00023559790628496557,8.737611871815529e-05
3830,0.00016583011019974948,6.268105695099084e-05
3831,0.00016244243684923276,0.00014172794203348108
3832,0.0002051156622474082,0.00012065402940968179
3833,0.00021747718623373657,5.8857136536971666e-05
3834,0.00011867751483805477,8.017066229263972e-05
3835,0.00015523795853368937,8.607719084391472e-05
3836,0.00013532883953303097,0.00012227495625828018
3837,0.0001022758791805245,0.00010157658989431196
3838,0.0001838284340919927,6.658600873317033e-05
3839,0.0001862924352462869,9.205227301931263e-05
3840,0.000194034269079566,0.00010274303334482869
3841,0.000182005932147149,0.00015607012500529967
3842,0.00018192565417848527,8.159572322779552e-05
3843,0.00010048841941170394,7.524343143888647e-05
3844,0.00022234882635530084,6.330337563580642e-05
3845,0.00017806203104555606,8.583496070956518e-05
3846,0.00012039288703817874,9.532922807895922e-05
3847,0.00022427161078667268,9.247152525883755e-05
3848,0.00019479099224554376,7.274433470503363e-05
3849,0.00020660045207478107,7.128344137302906e-05
3850,0.00021364949992857873,5.9362009081157076e-05
3851,0.0002223639958538115,9.624034511993881e-05
3852,0.00024892291694413873,7.279117609918825e-05
3853,0.0002250072604510933,0.00019986377915364294
3854,0.0001904141131672077,6.993408378672926e-05
3855,0.00025095028773648666,8.516980915996948e-05
3856,0.0002369217708474025,0.00020150059512385793
3857,0.00015404263453092426,0.0002125378629138489
3858,0.00019687014268129132,7.208038363860895e-05
3859,0.00022762301668990403,0.00011189998881428897
3860,0.00024400542228249832,6.618474687195274e-05
3861,0.000129188786377199,9.461292540112332e-05
3862,0.00015862111598835327,9.798372062903905e-05
3863,0.00016832632769364864,9.918625148376832e-05
3864,0.0001498129237734247,8.384650712673336e-05
3865,0.00020559206459438428,0.00010092249391313438
3866,0.00024694093415746467,0.00020544951782278375
3867,0.00015342463681008666,0.0001429856933449229
3868,0.00014017465116921812,0.00010021857152635563
3869,0.00022340522962622345,6.05405381464476e-05
3870,0.00020892524276860057,0.00010118737809036296
3871,0.00023384841566439718,5.915186103602412e-05
3872,0.00015683122270274908,0.00015949853965039812
3873,0.0001580012956401333,0.00016646683424406634
3874,0.00014736855344381185,9.001536649246764e-05
3875,0.00011275168653810397,0.0001105137543823755
3876,0.00022744123707525433,0.0001131837475129518
3877,0.0002212999202311039,8.914807526022356e-05
3878,0.0002542145815095864,7.131811106188401e-05
3879,0.00029571356368251144,7.599768675752112e-05
3880,0.0001966557855485007,6.82914313522952e-05
3881,0.0002341166080441326,0.0001610182507772139
3882,0.0002020028850529343,7.814683930805648e-05
3883,0.00016183618514332922,8.483260211356188e-05
3884,0.000223676476161927,6.0371321897909093e-05
3885,0.0002938052755780518,9.724099401540876e-05
3886,0.00018521455058362335,8.970010547846083e-05
3887,0.00014862522890325637,0.00013540341063922475
3888,0.00023459699586965145,6.516361334010295e-05
3889,0.0001658360508736223,0.00023930836433053577
3890,0.00025201923825079575,0.00013255214317935384
3891,0.00018516027717851101,7.983381301403837e-05
3892,0.00018299250747077166,0.00015451946366165306
3893,0.00013845848181517795,0.00011116282472009005
3894,0.00016329980979207904,6.63099472398219e-05
3895,0.00019476591667626054,7.465991060200071e-05
3896,0.00022779953142162412,0.00012842774131432597
3897,0.00015849404648179188,6.952497686093198e-05
3898,0.00010325476323487237,8.83210960973759e-05
3899,0.000192475592775736,7.511399666302716e-05
3900,0.00019617890357039868,0.00018425543028769589
3901,0.00012629538716282695,0.00011937432476496388
3902,0.0002017624003929086,7.476655929628441e-05
3903,0.0001396725990343839,0.00011297589931828416
3904,0.00020227679604431614,0.0001771427381605114
3905,0.0001884497542050667,8.85849302692007e-05
3906,0.00011939979565795512,0.00014266959449941332
3907,0.00013214411970693618,9.22421079363406e-05
3908,0.00011390190746169538,0.00017816440161630155
3909,0.00018578851828351617,0.00013141496534968013
3910,0.00016997809056192636,8.823455513490058e-05
3911,0.00016555596026591958,0.00013821806191715528
3912,0.0001721140948939137,6.908404242968161e-05
3913,0.0001659668699721806,7.431265580697522e-05
3914,0.0002613346111320425,7.765111201965052e-05
3915,0.00019235196057707071,9.071120038155741e-05
3916,0.00021173680725041776,7.217186295797359e-05
3917,0.00023227718309499324,6.404713635737147e-05
3918,0.00014718267950229348,0.00012570480811680758
3919,0.00020390807825606316,0.00017511127454831508
3920,0.00017750269573298282,0.00015083253550086465
3921,0.00015006930800154806,0.00011720803763325906
3922,0.00022292992449365556,9.726010394431747e-05
3923,0.00021249010052997618,8.42582993667847e-05
3924,0.0001698262643185444,0.0001331158214332839
3925,0.00015907448483631014,0.0003085221840293555
3926,0.00016430818301159888,0.00010713098242987355
3927,0.00015753050276543946,0.00017169710399809435
3928,0.00019327972375322134,9.817337090618372e-05
3929,0.00020192055730149149,0.0002239753576099222
3930,0.00023556995409308002,7.780791082489623e-05
3931,0.0002090513426810503,0.00010619401251610165
3932,0.00026001573016401383,6.931354083425416e-05
3933,0.00016225979838054626,0.0001223886651979689
3934,0.00020100395719055086,0.00016422279480898957
3935,0.0002458379280869849,7.340333363510132e-05
3936,0.00017892983800265938,0.00024011483944614404
3937,0.00017046249500708656,7.757664321641094e-05
3938,0.0001512235397240147,0.00011559136091569624
3939,0.00023181093216408045,8.91861087090036e-05
3940,0.0002053313859505579,6.729926178805938e-05
3941,0.00014060288725886494,0.00012033049386271359
3942,0.0001468601729720831,0.0001560030658180189
3943,0.00016632910555927082,6.637907760817405e-05
3944,0.00019729285151697695,0.00012839234358119167
3945,0.00013132579770172014,0.00014628053534965744
3946,0.00023417464573867618,7.786946263553396e-05
3947,0.00019398460543015972,0.00013836420568049892
3948,0.00013215686703915708,6.566926742679032e-05
3949,0.00017747871752362698,6.363834861437917e-05
3950,0.00022986731783021243,0.00011796290620049934
3951,0.00017767247278243302,0.00010765025626201412
3952,0.0002556789194932207,0.00010600253662145505
3953,0.00021014213445596396,7.730482201162113e-05
3954,0.0001885511475848034,8.503855596781288e-05
3955,0.00019754982786253096,8.064208608854256e-05
3956,0.0001297829404938966,0.0001219228034729795
3957,0.0001790475595043972,9.577162180068801e-05
3958,0.00011200134758837521,0.00010611759412998639
3959,0.00013361652148887514,0.0001557383222636218
3960,0.0001452477660495788,0.00017297641419620598
3961,0.00014819594856817274,0.00016846082901680995
3962,0.00020805526582989842,8.556389386210693e-05
3963,0.00019787670928053558,0.00010646867453382185
3964,0.00022276764677371829,8.992605162098724e-05
3965,0.00014736938843270763,0.00011476586293349399
3966,0.00019900234590750188,7.037747132453162e-05
3967,0.00014336547115817666,7.85463561354945e-05
3968,0.00014430047245696188,0.00010068993158287636
3969,0.0002554003073601052,6.436036356680146e-05
3970,0.0002621399803319946,5.8560052385062544e-05
3971,0.0001679148874245584,0.00015355141967780608
3972,0.00013458040251862258,0.00010271667329792239
3973,0.00011728121258784085,0.00011554891866020227
3974,0.00021307109855115414,7.766252749879392e-05
3975,0.00012363310277578422,0.00019234357257604868
3976,9.978476446121931e-05,0.0001240267907408838
3977,0.00022994113503955305,9.05112410442623e-05
3978,0.00022860640194267035,8.003366019693203e-05
3979,0.000197545382543467,0.00010936519807628802
3980,0.00020937546622008086,7.158477535696177e-05
3981,0.0001339074471616186,8.020785524372701e-05
3982,0.0001764541116426699,8.622054265786524e-05
3983,0.00020848376414505764,0.00011836422674281344
3984,0.00018645951640792192,8.34917040240364e-05
3985,0.0001955193211324513,9.084299281686033e-05
3986,0.00014785301813390105,0.0001485978353554096
3987,0.0001926028629532084,0.00010491894400193776
3988,0.00021492282074177637,7.386566726817775e-05
3989,0.00017766355769708754,0.00014674537789239228
3990,0.0003308210175600834,9.576100226645582e-05
3991,0.0002588665494113229,9.528056468036382e-05
3992,0.00021682414488168432,0.00016745388382656678
3993,0.00022273191512795165,7.714651760642022e-05
3994,0.00014223891237634235,0.00017699026184719478
3995,0.00013321655220352113,0.00021208996826915186
3996,0.00027498789539095016,0.00011111405203262446
3997,0.00028109514474635946,0.0002232796538657866
3998,0.00024247764580650254,7.869074631830014e-05
3999,0.00015923858154565096,0.00024814829611050424
4000,0.00022561516467249022,0.00010944924291186609
4001,0.00022969307377934456,9.979805618557244e-05
4002,0.00019564893911592663,6.749374883278107e-05
4003,0.00019736883754376322,7.20318735334767e-05
4004,0.00019676408322993666,9.098690069337976e-05
4005,0.00013433958520181477,8.243613455592884e-05
4006,0.00020016981638036667,7.571908371237565e-05
4007,0.00020444145833607762,0.0001125361529985851
4008,0.0001893607815145515,8.616015908694251e-05
4009,0.0002664789976552129,0.0001285799229015239
4010,0.0001516771229216829,7.347287307672796e-05
4011,0.00024290565226692707,8.468020720625047e-05
4012,0.0002106126819853671,5.5248461375076785e-05
4013,0.00013591101072961463,0.00011507779833651786
4014,0.0002224065939662978,6.763705594444405e-05
4015,0.000215187426074408,0.00011502585811572379
4016,0.00014861387957353144,8.302138437961917e-05
4017,0.00021659225050825624,0.00017196212771423608
4018,0.00018409030759357846,0.00010120363651666383
4019,0.00018216150841908528,0.00019221654965555015
4020,0.0002361480053514242,0.00011000987694998214
4021,0.000169965221430175,8.504311001958478e-05
4022,0.00019156635040417313,7.435193466547276e-05
4023,0.00015986941172741354,0.00011296986336325461
4024,0.00011975578730925918,0.0001108259302408479
4025,0.0001721518742851913,0.00011337948141261546
4026,0.00012224388832692056,6.265439873932835e-05
4027,0.00016059550078352912,0.0001153413953669433
4028,0.00017400540236849337,0.00013450818030284845
4029,0.00012714057782432065,0.00013660626183543034
4030,8.410479160374961e-05,0.00018075571149469622
4031,0.00021185787860304118,5.269468387617564e-05
4032,0.00012967564631253482,0.00018800800390723354
4033,0.0001306717743864283,0.0001364396621408547
4034,0.00017314004129730164,0.00012416534984168557
4035,0.00022610035579418764,9.319198599694399e-05
4036,0.0002210064377868548,7.331535753982193e-05
4037,0.00021113225113367662,9.968145252358925e-05
4038,0.00016761979059083388,0.00012639079437103148
4039,0.0002422808710252866,8.285079078233724e-05
4040,0.00017337634228169917,0.00016925622045687618
4041,0.00024344838660908863,0.00012418144734971837
4042,0.00019117931136861444,8.961211926661024e-05
4043,0.00018445666326442735,0.0002464419407734156
4044,0.0002574493997963145,6.883100395996685e-05
4045,0.00021200425806455314,9.834568152979195e-05
4046,0.00016551894950680434,7.205584995673446e-05
4047,0.00014699689054396004,0.00012066791383055204
4048,0.0001459494375740178,7.727874398282538e-05
4049,0.00015352132788393647,7.438068890111674e-05
4050,0.00021750919506303035,7.182531906387527e-05
4051,0.00016226664738496765,0.00013316905570307376
4052,0.00019084041647147388,8.850058016733247e-05
4053,0.00021682193968445063,9.452575285064235e-05
4054,0.0002529850200517103,0.00015117740329589826
4055,0.00024613059940747917,9.097180460130776e-05
4056,0.00015950464265188202,0.00010076264456298828
4057,0.00011670731444610283,6.93839050256105e-05
4058,0.0002449089451692998,9.387851062219603e-05
4059,0.00019058156729443,6.563233262269234e-05
4060,0.00014786554122110828,0.00011927036294228818
4061,0.00011666523641906679,0.00015985554826528805
4062,0.00017566175753017888,8.125589015871312e-05
4063,0.00014561119925929233,6.953724737722452e-05
4064,0.00019254767685197293,7.560558634856397e-05
4065,0.0002264895784901455,8.905283549173786e-05
4066,0.00010597903659800068,0.00014386261866766042
4067,0.00012176160584203899,0.00010655074603999135
4068,0.00021668539993697778,7.724443355683645e-05
4069,0.00016865962184965612,7.734761847169553e-05
4070,0.0002589980751508847,0.00013349975779419765
4071,0.00032633845752570777,7.861119428687818e-05
4072,0.0003285272908397019,0.000171932475545686
4073,0.0001546834595501423,9.016594233562251e-05
4074,0.00020625447214115412,0.0001370729587506503
4075,0.000153019911958836,8.167335799455081e-05
4076,0.00014912618789821863,8.171081522237255e-05
4077,0.0001324539870256558,8.085017020364407e-05
4078,0.00021420537610538303,6.266967261892629e-05
4079,0.0002178634813753888,0.00010072389296224111
4080,0.00015277216676622628,9.608916955846936e-05
4081,0.0001605967679643072,0.00012142547059003646
4082,0.00014292956882854923,7.410317904368516e-05
4083,0.00012393868702929468,0.00019306753917951264
4084,0.00017483139119576664,0.00014796268524524712
4085,0.0001579022640362382,6.463705266132944e-05
4086,0.00014067394135054202,0.00013999642067898243
4087,0.00021735615213401614,0.00010434850650797247
4088,0.00017133190645836295,8.900994973921788e-05
4089,0.00020072591141797602,7.939002853786344e-05
4090,0.00022777089674491435,8.241941176405917e-05
4091,0.00021317321283277125,0.00011673540069601237
4092,0.00025434674869757146,0.00014247835487404787
4093,0.00018162466934882105,6.0331885659451636e-05
4094,0.00013511733239283786,0.0001978193724102162
4095,0.0001398974849143997,8.597282303775475e-05
4096,0.00014514226524624973,0.00014573087480117738
4097,0.00019828529970254748,0.0001521910647805844
4098,0.00028112923959270117,7.050166025953942e-05
4099,0.00014064226532354952,0.00012359807576963435
4100,0.000115709584497381,9.336494263588476e-05
4101,0.00016587123624049128,0.00012928248209279183
4102,0.00022263261722400786,0.00015040028924824135
4103,0.00025159905955661086,6.905798901953696e-05
4104,0.00026350810134317726,0.00017734990022240895
4105,0.00026821829262189565,6.355701910638034e-05
4106,0.0001964050382957794,0.00015783998521191566
4107,0.0001421273732557893,6.808954107053642e-05
4108,0.00012282435433007776,0.0001465008529160277
4109,0.00021081186336232349,0.00011000599355711156
4110,0.00017933954251930117,0.00014675197366009903
4111,0.00018242307705804706,0.00010544936380377805
4112,0.0002206617861520499,0.00010761314683493341
4113,0.00020034979199408552,6.771453726823021e-05
4114,0.00013235301827080548,0.00011798033780021249
4115,0.00011841308849398047,0.00014722523145829742
4116,0.00019546037015970795,0.00010196958865977549
4117,0.00021152171422727405,5.9887983771248354e-05
4118,0.0001653839589562267,7.239569869902693e-05
4119,0.0001689697167603299,6.94840468708681e-05
4120,0.0001712283180677332,9.628579080103233e-05
4121,0.00018109348136931657,6.816738404928426e-05
4122,0.0001903778995620087,0.0002879515119424817
4123,0.00014892440056428314,6.651547360664539e-05
4124,0.00021856597071746365,9.252552004062176e-05
4125,0.00022666658391244708,6.683011975239848e-05
4126,0.0002014308312209323,6.668858196923656e-05
4127,0.00014871499792207032,8.010230367414793e-05
4128,0.0001510292652528733,9.750692543218052e-05
4129,0.000123603378306143,6.840908528131764e-05
4130,0.00021382909559179098,0.0001022184130293955
4131,0.00015946990344673396,7.051456860571219e-05
4132,0.00018317714158911258,6.706476151147437e-05
4133,0.00014256112073780968,9.422770759955125e-05
4134,0.00019384312094189226,7.197487248547937e-05
4135,0.00010415985743748025,0.00010657162903505059
4136,0.00012292075087316334,8.739614903078453e-05
4137,0.00020191114715998994,6.375651121257537e-05
4138,0.00022737330466043203,8.451794385782456e-05
4139,0.00023463592049665749,9.87680125459295e-05
4140,0.00017850537842605262,0.00013586407389184013
4141,0.00022933754196856172,8.063988894868438e-05
4142,0.0001770180423045531,8.656893364849105e-05
4143,0.0001621239387895912,9.015865656044909e-05
4144,0.00021086672379169613,0.000123686831239579
4145,0.0001602374273352325,7.826600102978848e-05
4146,0.00020799185935175047,7.639692557859235e-05
4147,0.00016645804687868805,8.051617643939433e-05
4148,0.00021924912231042982,0.00011758507381983529
4149,0.00016370632103644312,6.7109584201156e-05
4150,0.0001539394655264914,8.190526010640833e-05
4151,0.00024942069285316393,6.981604821877936e-05
4152,0.00022378673427738248,6.662013028327325e-05
4153,0.0002589552089921199,7.269344894990503e-05
4154,0.0002106736321002245,6.459373671781552e-05
4155,0.0001447530760196969,9.643917800443987e-05
4156,0.0001655340753495693,0.00010241606942643508
4157,0.0001621874993725214,0.00015283765710654272
4158,0.00011901956546353176,7.376953417655361e-05
4159,0.00010613484686473384,0.00012693781526687504
4160,0.0001319638272980228,8.937864205943522e-05
4161,0.00022637079644482582,7.017006043485073e-05
4162,0.0001647761120693758,9.7894670632317e-05
4163,0.0001346926733094733,6.469551672499582e-05
4164,0.00020235850883182138,8.226742189336083e-05
4165,0.0001390104234451428,6.948023992538778e-05
4166,0.00013097174989525228,0.00012093661653997428
4167,0.00010229168314253912,7.295125651082393e-05
4168,0.00013066415442153812,0.00016826020674508906
4169,0.00010871488018892705,0.00016010471603768154
4170,0.00021495542197953908,8.392243712665258e-05
4171,0.00023345913563389332,0.00010921833351970497
4172,0.00021014215220930055,7.649176287698425e-05
4173,0.00010011072707129643,0.00012226253851597543
4174,0.00017109826556406914,5.677034482375833e-05
4175,0.000112237817957066,9.884994306796141e-05
4176,0.00015128632599953562,9.431603396242032e-05
4177,0.00015191937040071935,9.464648361269972e-05
4178,0.0001680031791329384,8.110467393161754e-05
4179,0.0002474862255621702,5.5627319591011446e-05
4180,0.00018978176682139748,8.921270932348793e-05
4181,0.00017337734170723705,0.00012091317275045272
4182,0.00013725875207455828,0.00016801882114509368
4183,0.00019270278426120058,0.00010208963313955679
4184,0.0002802600106224418,0.0001685341320222655
4185,0.00017242499336134643,0.0001157260448713739
4186,0.0001735120502416976,6.630524313388303e-05
4187,0.0001545062760123983,0.00015870805908303886
4188,0.0001382995190215297,0.00010005727007447691
4189,0.00015584046370349823,0.00014020320478976665
4190,9.184125825413503e-05,6.945798314481093e-05
4191,0.00011871160182636231,0.00015675806531511975
4192,0.0001882538732024841,9.10003800278016e-05
4193,0.00022306854705675505,5.7519068271687175e-05
4194,0.00021213778876699507,6.323093151727895e-05
4195,0.00021371484093833713,0.00011802976911134814
4196,0.00021873552526813,7.475165320139327e-05
4197,0.00018236659409012645,0.000164455202251054
4198,0.0001982514199335128,6.0267247796243645e-05
4199,0.00028457616630475966,0.0002511463885327916
4200,0.0001827444482478313,0.00015321917503383265
4201,0.00013510512479115278,7.016099150187323e-05
4202,0.00017761662049451844,8.57700602889415e-05
4203,0.0002033280028263107,7.226959329671769e-05
4204,0.00016466305300127715,7.896618038489267e-05
4205,0.0001592812978196889,0.0001512845539689632
4206,0.00018774780328385533,6.254721040321572e-05
4207,0.00020989668788388372,6.663127488250149e-05
4208,0.00011282396946626249,8.72093955316415e-05
4209,0.00010853616404347122,0.00010744057293129728
4210,0.00011573934607440605,9.365134037455404e-05
4211,0.00014258386101573706,8.785299848556226e-05
4212,0.000129022765904665,0.00014263695259751952
4213,0.00010816215159138665,0.00017199654374128106
4214,0.00014904406969435514,0.00011407004028227027
4215,0.00014593572414014488,0.00012342069021542557
4216,0.00012443874846212565,0.0001678419085530475
4217,0.00020434433303307743,7.54961671091597e-05
4218,0.0002178349398309365,0.00013377542359505664
4219,0.0001495226181577891,0.00012189433255116455
4220,0.0001794157677795738,0.00010930491841202027
4221,0.00034586289199069144,0.00012152468559789879
4222,0.0003307589128962718,0.00017229853948850938
4223,0.0002566117304377258,0.00010834180050065473
4224,0.00023140254343161358,8.71266497036742e-05
4225,0.00022337666479870676,7.236618131011635e-05
4226,0.0002688257402041927,9.429839023864152e-05
4227,0.00017040531209204347,0.00010266415274475561
4228,0.00023964960244484245,8.322037035824207e-05
4229,0.00019513977982569487,6.283290571296326e-05
4230,0.00015879464510362595,7.897334072455024e-05
4231,0.00021060615021269768,7.986545475831332e-05
4232,0.00026691379491239787,0.00011733927584990017
4233,0.00018754736345726996,6.693997330666992e-05
4234,0.00014716434641741217,9.874419679176317e-05
4235,0.00016596927249338479,7.006244084874346e-05
4236,0.00020700869034044446,9.14465475046835e-05
4237,0.0002680984267499298,5.7722924357720284e-05
4238,0.00022718782362062483,0.00010962215539670791
4239,0.00018103730923030526,6.33923397413439e-05
4240,0.00017525436356663704,7.204370561102884e-05
4241,0.00017617677745874972,0.00012024317442260886
4242,0.00020520456964732148,6.152526804402292e-05
4243,0.00017124290112406016,7.086651430031514e-05
4244,0.00019731101987417786,7.180514754284945e-05
4245,0.00019666274427436293,0.00015354162205269
4246,0.00014612192113418133,9.863319782235609e-05
4247,0.00019951415408286265,0.0001397016371499862
4248,0.00012730950315017252,9.871576837948141e-05
4249,0.0001410862170450855,9.553812520757114e-05
4250,0.00013355934468563645,9.311997507198886e-05
4251,0.00013109838677337392,0.00011919698214388854
4252,0.0002123767789453268,0.00011820021290363973
4253,0.00013721986149903387,8.602644662111232e-05
4254,0.00018095492821885274,8.389324997153057e-05
4255,0.0001562345097772777,9.809909623645705e-05
4256,0.00020537558128125966,0.00013144116402980042
4257,0.00016778030549176038,0.00011726987437737391
4258,0.0001791458745719865,0.00020188852237244072
4259,0.00022865431557875126,8.00222925098664e-05
4260,0.000304800515586976,0.0002473569965493955
4261,0.0002009275433374569,0.00012739298880947052
4262,0.00016673441976308823,6.267598311676746e-05
4263,0.0001410405851493124,0.00014119558341319557
4264,0.00015169864578638227,6.496048101251115e-05
4265,0.00023610361356986686,8.528685776420314e-05
4266,0.0002181664592353627,7.116657519100667e-05
4267,0.00021200787858106197,0.00017075040921878248
4268,0.00021729564236011356,0.00014690383186586576
4269,0.00022040933676180428,8.025310956962703e-05
4270,0.0001534834990161471,7.48586609592017e-05
4271,0.0002404054155340418,8.681612194927205e-05
4272,0.00013886585453292354,0.00011596657175886483
4273,0.0001369352696929127,0.00011762933561292139
4274,0.00019477289664791896,7.445763095683891e-05
4275,0.00023435913521097974,6.702623217628172e-05
4276,0.00019374115916434676,6.910389256268925e-05
4277,0.00013543686392949894,0.00012257411156634302
4278,0.00020150981086771935,8.311219909507463e-05
4279,0.0002234536549076438,0.00011716947702639927
4280,0.00019327356189023702,9.54222022587663e-05
4281,0.00020906334000756033,7.056195370327483e-05
4282,0.00018339041824219748,5.8749208445278036e-05
4283,0.00013449515943648294,0.00012403074878707292
4284,0.0001909609732683748,5.5266922423121686e-05
4285,0.00015232872450724244,7.490211447313339e-05
4286,0.00027508785598911344,0.00015551794733056177
4287,0.0002047086611855775,8.796832881758646e-05
4288,0.0001395214899093844,8.928246979724476e-05
4289,0.00015618932782672347,6.710881865579373e-05
4290,0.00020367081451695413,0.0001046209682212913
4291,0.0002148936819867231,0.00011099579609286244
4292,0.0001903222914552316,8.067514818944739e-05
4293,0.00019115835719276219,6.677977894656105e-05
4294,0.00014582085103029385,9.907340516865712e-05
4295,0.0001849442537059076,7.190846482033472e-05
4296,0.0002064034715294838,9.811015728676104e-05
4297,0.0001672674820292741,0.0001611506048317246
4298,0.00016055827669333666,0.00016632616030644746
4299,0.00022899776260601357,7.748289113208071e-05
4300,0.0002138652349822223,0.00010952564299595782
4301,0.0001444947166601196,9.537818705087388e-05
4302,0.0001373069389956072,0.00019407431777026057
4303,0.00010109895694768056,8.41935245062652e-05
4304,0.00018800053920131176,8.92101862979734e-05
4305,0.00023851206118706612,0.00011335756416011551
4306,0.00018415828322758897,9.062565540299234e-05
4307,0.00021446606115205213,7.656017529271058e-05
4308,0.00018445974274072796,0.00011618186619845601
4309,0.00016373397258576006,0.00012332975141000807
4310,0.00016643163966364226,7.949053712128598e-05
4311,0.00013201160851167515,0.00011200889983303743
4312,0.0001398848122335039,9.675208679105359e-05
4313,0.00019336786586791278,0.00010693258415925164
4314,0.0001492005353793502,8.286193520714185e-05
4315,0.00019044527696678414,0.00011058346650340716
4316,0.00024716293904930353,7.654513601291039e-05
4317,0.00019410989189054816,0.0002183125724426745
4318,0.00022912585700396448,6.223498667791256e-05
4319,0.00014357542881043628,0.00021093391468676687
4320,0.0001474649884039536,0.0001323110571395038
4321,0.00014371780067449436,8.94408890728724e-05
4322,0.00012067533112713136,0.00012273498368688718
4323,0.0001498699758667499,0.00013837052288119146
4324,0.0001795704598771408,0.00013160756615222566
4325,0.000199269512668252,5.905036621149757e-05
4326,0.00011743940616725013,8.873283860177178e-05
4327,0.00013962279772385954,9.157328372255082e-05
4328,0.00010281102120643482,0.00013667629397400873
4329,0.00018453352560754866,6.640410722629646e-05
4330,0.00012920001056045293,0.00012112876072634419
4331,0.00010656969068804756,0.0001718764339273872
4332,0.0001471471949480474,0.00010241370187467921
4333,0.0001834550297644455,0.00010426928968141286
4334,0.0002313358662649989,8.577526730807396e-05
4335,0.0001584319038374815,9.825780144226834e-05
4336,0.00022626164689427242,0.00017462451707042295
4337,0.00020403230722877198,6.77400697995462e-05
4338,0.00014746912580449134,8.980101271957472e-05
4339,0.00022102990362327546,0.00011415088489254593
4340,0.0003089895029552281,0.00014408069725741618
4341,0.00032368500949814916,0.00010188649326191309
4342,0.00019007267605047673,9.109913423332093e-05
4343,0.0001699479203671217,8.04092691994387e-05
4344,0.000206473795697093,6.438861022964886e-05
4345,0.0001401370615349151,7.135235042269788e-05
4346,0.0002456987093319185,6.159752665054888e-05
4347,0.00018965410330565647,9.367482709097963e-05
4348,0.00014003967444295995,6.773387367377849e-05
4349,0.0002518415037775412,7.973297860725362e-05
4350,0.00016654789738822728,0.0002527512805412798
4351,0.00025579738692613316,6.970849062781781e-05
4352,0.0002293120525428094,0.00010222775276753515
4353,0.00016715318808564915,6.201441736839239e-05
4354,0.00017254585545742885,7.75689182923437e-05
4355,0.00016492662427481264,7.001080586932192e-05
4356,0.00020281330798752606,6.380463967878015e-05
4357,0.00011744678165996447,0.00012741421193063055
4358,0.00015184211020823567,5.936187168516295e-05
4359,0.00012004039512248709,0.00010967627367043026
4360,0.00014223181817214935,0.00014591584641331716
4361,0.00014827146602328867,7.948880883217598e-05
4362,0.0001727742882212624,8.745842773948911e-05
4363,0.00011194093851372599,8.869223384950501e-05
4364,0.00011498939711600542,8.250242600509297e-05
4365,0.00025760931777767836,9.77889674761347e-05
4366,0.00014548148727044463,0.00012196415141946476
4367,0.00029128550668247046,0.00014600238047359984
4368,0.00018262476194649935,7.974483483002126e-05
4369,0.0002106948191067204,9.797054651107206e-05
4370,0.0001869109721155837,7.16477176230337e-05
4371,0.00015369903820101172,0.00014084964348587338
4372,0.00017559888015966863,0.0001926889913504479
4373,0.00013972827466204762,0.00010192536013176958
4374,9.443058632314206e-05,0.00011260167190052365
4375,0.00021009491290897132,0.00011699028095479238
4376,0.0002558547991793603,7.612064680322201e-05
4377,0.00012049541357555426,8.768891941194665e-05
4378,0.00020176734993583524,6.983473312710923e-05
4379,0.0001898736908333376,7.960080784707241e-05
4380,0.0001834416715428233,0.00013558441844919525
4381,0.00019197864225134253,8.723273441157215e-05
4382,0.00018411579192616047,9.704278153088262e-05
4383,0.0002594060520641506,0.00011406791301153931
4384,0.00019378801865968854,9.215834093270569e-05
4385,0.00023514267668360843,6.283083495549214e-05
4386,0.0002195470256265253,5.6141440251089426e-05
4387,0.00018082543334458024,8.541034171622874e-05
4388,0.00020024645113153383,6.90320557623636e-05
4389,0.00024908021674491465,0.00016609205153618448
4390,0.00023416705313138663,6.65211195504127e-05
4391,0.00017114717629738153,6.531758853806461e-05
4392,0.00016360886220354587,5.673870028870512e-05
4393,0.00019810937024885788,6.451969482889717e-05
4394,0.0001152997714234516,0.0001043054050557022
4395,0.00010752031346783042,0.0001579462787796654
4396,0.0001820426544873044,0.00010345043358951169
4397,0.00014656143670435995,9.048906995552872e-05
4398,0.00020052956126164644,0.00013364371711323245
4399,0.00025885038863634693,0.00014771112845453102
4400,0.00020396436972077936,0.00011400579081067643
4401,0.0001993092999327928,0.0002009935275578157
4402,0.00015765357195050457,6.722197477220978e-05
4403,0.0001332821586402133,8.939605681480814e-05
4404,0.00018945284726214594,5.901454736985751e-05
4405,0.00011597178730880842,0.00011650368504302755
4406,0.00011250938812736422,8.342469056066738e-05
4407,0.00015552961296634747,0.00010414458057772981
4408,0.0001284264016430825,8.947436635187916e-05
4409,0.0001768297574017197,6.357544980471163e-05
4410,0.00012451628164853902,8.235940464919e-05
4411,0.0001699626669869758,7.27826975404017e-05
4412,0.00015615640673786403,7.356171904762486e-05
4413,0.00015045014093630017,0.00010840262755614463
4414,0.00014690354058984666,8.692312132228686e-05
4415,0.00015804487804416568,0.00020148506175171686
4416,0.0002592256991192698,7.325707111417552e-05
4417,0.00019284444744698703,0.0001537782178050679
4418,0.00022805489134043456,0.00010567120730291657
4419,0.00020201515406370163,8.07924983721571e-05
4420,0.0001749004906741902,9.899914163712585e-05
4421,0.000177446806919761,0.00016605328391337997
4422,0.00016710508556570856,8.049381074371224e-05
4423,0.00018932093225885183,7.384127417175827e-05
4424,0.00018637827190104872,0.00011018676053786854
4425,0.00018423298315610736,9.010324862323963e-05
4426,0.00013114426139509305,8.516107277812322e-05
4427,0.00014478041615802794,9.715823480665638e-05
4428,0.0002101103201857768,6.82613459154198e-05
4429,0.00013048533350229263,9.016964649574269e-05
4430,9.856997945462354e-05,0.00011562451483818944
4431,0.00022293164627626538,0.00013699415100982399
4432,0.0002504165197024122,8.23960515047736e-05
4433,0.0002813222844270058,0.00010151174536400653
4434,0.0002751381607959047,5.791774599682157e-05
4435,0.0002637294481974095,0.00019776818285893955
4436,0.0002271044027293101,6.722197925738914e-05
4437,0.00019601811975007876,0.00022283338699234675
4438,0.00029887422744650393,0.0001286032986595959
4439,0.00028369562700390814,0.00011229132275593034
4440,0.0002484817849472165,7.14379983112114e-05
4441,0.00017652287555392832,0.0001131941374807542
4442,0.0001509716661530547,9.27117802697068e-05
4443,0.0001615905898506753,6.533306618185223e-05
4444,0.00019132125249598174,7.772671751684369e-05
4445,0.00010706772387493402,7.98459862891508e-05
4446,0.00016526973486179485,0.00011043739315737932
4447,0.0001940876041771844,7.890703960733284e-05
4448,0.00010493498353753239,0.0001130928788009205
4449,0.000243572877952829,6.12547432055716e-05
4450,0.0001911328377900645,8.645537321807415e-05
4451,0.00011355528724379837,9.060786685775583e-05
4452,0.00012916606734506787,8.270320291583082e-05
4453,0.000202616072492674,0.00012474946411763485
4454,0.00015076456067617984,6.0283971933667126e-05
4455,0.00014225819264538587,7.765068256372764e-05
4456,0.00013640101853525265,6.907471141272403e-05
4457,0.00020421914872713386,6.612774092763462e-05
4458,0.0002042813878506422,6.527387469684807e-05
4459,0.00013807339913910255,0.00017071898141756258
4460,0.00015749734739074485,5.985895718554711e-05
4461,0.00013720882474444807,0.0001200048091423886
4462,0.00017755727778421716,7.346823216198261e-05
4463,0.00013185329153202473,6.577749320980454e-05
4464,0.0001518286153441295,7.286011686904216e-05
4465,0.00026496353966649623,8.009569992033019e-05
4466,0.0003293561458121985,0.00010137919338849813
4467,0.00020861815195530653,0.00011546119049567034
4468,0.00017640571713855023,9.610358376623281e-05
4469,0.00012212000699946657,6.851328940334895e-05
4470,0.0001066347525920719,0.0001258731404860019
4471,0.00013498742890078575,0.00010483377697448603
4472,0.0001734206429682672,7.818234397534183e-05
4473,0.0001616537102381699,7.730020222705407e-05
4474,0.0001767618319718167,6.822004309482234e-05
4475,0.00015866312198340894,0.00014796365759475397
4476,0.00012442305742297322,0.0001256608111486445
4477,0.00013089474407024682,7.067980739720204e-05
4478,0.00022076402659877204,0.000126479622251705
4479,0.00012686249247053638,7.95184837754701e-05
4480,0.0001476851137704216,0.00010495052858509365
4481,0.00010407974827103317,7.961262921002943e-05
4482,0.00011917025673028547,0.00011057849914235803
4483,0.00010965418885461987,7.393085763072882e-05
4484,0.00021073819283628836,8.5586736631366e-05
4485,0.00019610304909292608,9.951544486022911e-05
4486,0.00018740865169093013,8.88007964196532e-05
4487,0.00014393705467227846,7.55802328631159e-05
4488,0.00014655776525614782,7.328217458825125e-05
4489,0.00016765230713644997,6.016392954696952e-05
4490,0.00013795236067380755,7.578583297376323e-05
4491,0.00010634902369929477,0.00014258855129536306
4492,0.0002709863823838532,0.00010963871044286985
4493,0.00020722341752843932,0.00014373426979109852
4494,0.00022501549683511256,6.303554703800441e-05
4495,0.00014387667819391935,6.34199120076405e-05
4496,0.00020431936922250316,6.754555245494623e-05
4497,0.00019113257934805006,6.953415135758903e-05
4498,0.00014324638003017752,0.0001385742956923946
4499,0.0001810377073707059,6.288175028788679e-05
4500,0.00021510908263735473,7.559096072688826e-05
4501,0.00012352993042441085,0.0001617459490249804
4502,0.0001668831062852405,6.415432559051997e-05
4503,0.00019317090627737343,8.758799261046726e-05
4504,0.0001662504365958739,7.567869858439113e-05
4505,0.00012850279206759298,9.588305471119733e-05
4506,0.0001268815412186086,8.045567510759598e-05
4507,0.0003348022676073015,0.00014957116908503038
4508,0.00027079144085291775,0.00010239046281490679
4509,0.00017138740193331614,0.00011237385404281867
4510,0.00018185239576268942,0.00010649108189183657
4511,0.00013564277964178473,8.744199232302753e-05
4512,0.00017191869992529973,0.00010360255363631128
4513,0.00021732260822318494,9.082137656973018e-05
4514,0.00014874218235490843,0.00017202494290022638
4515,0.00017334010160993785,0.0001148163734784522
4516,0.00014593344210879876,8.132320893820764e-05
4517,0.00013034746574703605,0.0001274529045263516
4518,0.00014594901411328466,0.0001157527756681889
4519,0.0001995576691115275,7.790736982651528e-05
4520,0.00020426957897143439,5.839983863901181e-05
4521,0.0001980505502433516,5.5231673797283146e-05
4522,0.00021564833004958928,6.821743820232581e-05
4523,0.00019702567951753735,0.00010044795197071125
4524,0.00029733382805716244,8.683548267445947e-05
4525,0.00012597795517649502,6.922667736246582e-05
4526,0.00013369878433877602,8.836218511196545e-05
4527,0.00023590763565152883,6.692530298270667e-05
4528,0.00017765806915122085,9.109287830516185e-05
4529,0.0001501617940084543,6.90703745931387e-05
4530,0.00017564167734235525,0.00011436085622161245
4531,0.0001663109369110316,8.70411067683575e-05
4532,0.00017703099292702972,0.00023894037460120497
4533,0.0001915662392275408,0.00010897229477039169
4534,0.00011059707670938224,7.604370230556886e-05
4535,0.00016492293507326395,7.362370116138601e-05
4536,0.00016771040885942055,6.532255424208914e-05
4537,0.00020240540092345327,9.703588506927688e-05
4538,0.0002129782794509083,5.798855531731085e-05
4539,0.00020863995945546776,5.90304808199967e-05
4540,0.00026352140004746614,0.00012051519840734067
4541,0.00026151399768423286,9.773384174391825e-05
4542,0.00021814122679643334,0.0001708851924464298
4543,0.00025960471073631196,6.00973029552372e-05
4544,0.00022942075855098665,0.00018545924243357746
4545,0.00016614729102002457,9.842567749429902e-05
4546,0.00014687834540382026,0.00011658903773198676
4547,0.0001970833499217406,8.792266353712838e-05
4548,0.0001510912535013631,0.00011370654996027628
4549,0.00022316539834719152,0.00013858445993108733
4550,0.00023292024445254356,0.00019644335327328706
4551,0.00015924258186714724,0.00011182807314955973
4552,0.00018776059936499224,0.00016230535621703795
4553,0.00021536765561904758,0.00015374218185582958
4554,0.00021845737821422518,7.389323891153279e-05
4555,0.0001115287976426771,0.00012887587379811695
4556,0.0002311275026295334,8.871949180439975e-05
4557,0.00014468245790340007,0.00011608954934660052
4558,0.0001809746614890173,9.960969651878608e-05
4559,0.00015768555138492957,6.227748066247505e-05
4560,0.00014798433287069201,0.0001666312436760588
4561,0.0001998163852840662,5.3101957098689337e-05
4562,0.0001396313970326446,0.0002278799206267226
4563,0.00014134054828900843,0.0002593763994112011
4564,0.00023581309855217114,0.00010380678128830655
4565,0.00018842927471268922,0.00017980868580881888
4566,0.00020756936690304427,0.00012858182013238947
4567,0.00014191106078214943,0.0001644219372705365
4568,0.00024163126130588352,0.0001321246672887355
4569,0.000229789883014746,8.084919956099715e-05
4570,0.00014650124096078797,7.840936674779498e-05
4571,0.0001850502158049494,9.96748479848651e-05
4572,0.00028602207690710203,7.4183814943615e-05
4573,0.00026910968997981397,0.00021957755443633676
4574,0.0001807639899197966,0.00011513926009472128
4575,0.00014679214684292673,9.565247365908239e-05
4576,0.00011675119574647397,8.128777335514314e-05
4577,0.00010286893841112033,8.591628771333888e-05
4578,0.00010446661282912828,0.0001704734440863831
4579,0.00015061496407724916,0.00017713965215777647
4580,0.00011475021368823945,9.184030409103374e-05
4581,0.00018092443118803203,6.403031775708731e-05
4582,0.00018232786271255464,7.390870385977108e-05
4583,0.00017839303967775777,7.077854837144227e-05
4584,0.00016242890269495546,0.00012431235989250326
4585,0.00020021278643980622,8.855915633556497e-05
4586,0.00015976755355950445,8.989960892219256e-05
4587,0.00012690161936916412,0.00018556622542322882
4588,0.00011407412031985586,9.113131590597794e-05
4589,0.00014926120289601385,0.00016692313899872952
4590,0.0001453335618134588,0.00010965964414537342
4591,0.00010856468885322102,0.00017904131271105343
4592,0.00024098341789795087,8.666168406768383e-05
4593,0.00025493737251963466,0.00014471597358800092
4594,0.0001452827957109548,7.825034673222857e-05
4595,0.00022593413770664484,8.26022770113873e-05
4596,0.00018085274146869778,0.00010426939165694894
4597,0.00010956366488244384,0.00012831116617060816
4598,0.0002196637890301645,8.83465675804174e-05
4599,0.00017662292637396604,0.00011190542455265069
4600,0.00013079208380077035,0.0001034822671499569
4601,0.00021978623291943222,6.01095829776182e-05
4602,0.0002475762291578576,0.0001123123153388717
4603,0.00020895834953989833,6.270365602550517e-05
4604,0.00013401750387856737,6.725056833876233e-05
4605,0.00012305002950597555,8.642284388172326e-05
4606,0.00012351368670351803,7.132986539632739e-05
4607,0.00023016906663542614,8.984064702853586e-05
4608,0.0002004238180234097,9.002989613130523e-05
4609,9.066574959433638e-05,0.0001040680872143664
4610,0.00018896806344855576,8.279680742530156e-05
4611,0.00023609257477801292,6.815415650784766e-05
4612,0.0002784847217844799,0.00011768726267603111
4613,0.00024881496137822977,0.00018708517137844727
4614,0.00014592441264539956,6.676049123012639e-05
4615,0.00016220946214161812,9.359858405045936e-05
4616,0.0001825437939260155,7.231549976769538e-05
4617,0.0002190943475579843,0.00012455107491704228
4618,0.0001684105396270752,9.011229540441466e-05
4619,0.0001431721291737631,7.151148573229128e-05
4620,0.00017559610307216645,9.466761608340152e-05
4621,0.0002043957429123111,7.138465163784344e-05
4622,0.00018227266846224666,8.201526202044564e-05
4623,0.00019915897719329222,5.387578858062625e-05
4624,0.00018769369082292543,8.098544857017409e-05
4625,0.00013240880274679513,7.042448587152687e-05
4626,0.00018020707851974294,6.20116873892273e-05
4627,0.0002213766152272001,8.390644422296933e-05
4628,0.00018957742489874362,7.250555626504212e-05
4629,0.00011981165152974427,0.00014141462242935643
4630,0.00020895566849503665,8.361632438346245e-05
4631,0.00021648016321705653,8.34418668602342e-05
4632,0.0002485737603274174,0.0002505259215542712
4633,0.0002656794741051272,6.971636508278109e-05
4634,0.00025172426248900594,0.00018341187955827568
4635,0.0001928883232176304,0.00014968980688797885
4636,0.00010197759940638206,9.713587436860122e-05
4637,0.00014759364508790896,0.0002401143235010127
4638,0.00017077002194128,5.808821206550395e-05
4639,0.0002218651271687122,0.00014688384723977172
4640,0.00021191010833717882,0.0001019655274544613
4641,0.0001381648622918874,0.00012753377340643106
4642,0.00023306962219066919,5.620235554002423e-05
4643,0.00016697150946129113,5.795154875034326e-05
4644,0.0001236051053274423,0.00010660469028875487
4645,0.0001920641984906979,7.270108828179966e-05
4646,0.00013587372552137822,0.00014468355035105935
4647,0.00019480852817650883,5.988140169579746e-05
4648,0.00013722877018153666,6.711535017330627e-05
4649,0.0001294039096683264,9.762554960516727e-05
4650,0.00011887534201378002,0.00014114516052857602
4651,0.00013862036721548065,8.349149925068135e-05
4652,0.00019388025859370828,0.000102333017783989
4653,0.0002485704270657152,8.359419087056478e-05
4654,0.00027612416859483345,9.651870661325855e-05
4655,0.0002206641249358654,6.82209508452877e-05
4656,0.0001929595787078142,6.787071689446648e-05
4657,0.00014477470627753065,0.0001488110971117188
4658,0.00014942030538804828,6.761446863106668e-05
4659,0.00012727873709081906,0.00013807028482591555
4660,0.0002093595900805667,5.946312161889693e-05
4661,0.00024980514659546317,8.819588175069777e-05
4662,0.00019457974995020776,0.00010769209238289526
4663,0.00023285178525839,6.510830170966123e-05
4664,0.00013807323608489242,0.00012386242730689733
4665,0.0002283566549886018,6.459977247350377e-05
4666,0.00013536904385546221,7.396630876241507e-05
4667,9.141044531133957e-05,0.00014407591894667672
4668,0.00010969066468533129,8.433598381936014e-05
4669,0.0002476206546998583,0.00011922381604999329
4670,0.00016963229514658452,0.00015579759869293935
4671,0.00022469488612841815,0.00010522990151127475
4672,0.00016608331876341253,0.0001085966757260668
4673,0.00019529895565938203,0.00011603946337370324
4674,0.00019944081053836272,0.0002008055667978973
4675,0.00018945840129163115,0.00010047533623324005
4676,0.00013344953302294016,7.65096848313888e-05
4677,0.00011556209647096693,0.00026151558796138415
4678,0.00014708288304973393,0.00010699129032293233
4679,0.0001996504218550399,7.095930099962534e-05
4680,0.00010665520268958062,0.0001946027442088912
4681,0.00020137362502282486,6.94600047646505e-05
4682,0.00019903050560969858,0.0001106245801740243
4683,0.00011937861941987648,8.462975733580182e-05
4684,0.0001279881753725931,0.0001021427043481596
4685,0.00014107304799836128,0.0001281634498037133
4686,0.00017406259721610695,0.00010194965077921739
4687,0.00010480568773346021,5.80436945673595e-05
4688,0.00021874665631912648,9.11429493648378e-05
4689,0.00018093190650688484,0.0001166906355225265
4690,0.00015478969638934358,7.593705181721343e-05
4691,0.00015249254909576848,0.00010868110363333795
4692,0.0001323112563113682,0.00015701888761425722
4693,0.00016565173078561201,0.00011881225904514009
4694,0.0002748976234579459,0.00011802720426153615
4695,0.00033924470655620096,0.00014472528867011297
4696,0.00034441458410583436,9.623951959776156e-05
4697,0.00042940002109389755,0.00016104598889547586
4698,0.00025859072920866313,7.642754684489424e-05
4699,0.00013045401661656797,0.00011386802491384291
4700,0.00022258280689129605,0.00010492023236970641
4701,0.00024343910510651767,7.645814134962602e-05
4702,0.0002576119764125906,0.00010672897700067253
4703,0.0002590218372642994,6.553808188608893e-05
4704,0.00022277209209278225,6.989980734843275e-05
