epoch,train_mse,validation_mse
1,2.0880447228749595,1.0887654247422387
2,2.8154473304748535,1.031007009565713
3,2.77621914545695,0.9794617890651653
4,2.5463666756947836,0.9302974440318745
5,2.4778311093648275,0.8862083346590283
6,2.455213944117228,0.8445507757600368
7,2.084148915608724,0.8071373294283614
8,2.515535100301107,0.7728537526714989
9,2.4578860918680827,0.7406662074981007
10,2.1987196604410806,0.7109875417072472
11,2.092931795120239,0.6844807240496001
12,2.4819456736246743,0.66031860307915
13,2.0631327470143637,0.6365620765512384
14,1.7254637559254964,0.6157169750942959
15,1.8234116554260253,0.5987100431651581
16,1.6540541489919027,0.5832977727290214
17,1.9199139595031738,0.5689899403396554
18,2.1029685815175374,0.55580446370474
19,1.607657551765442,0.5443217147757687
20,1.6248563528060913,0.5334346813010419
21,1.1880940357844034,0.5269123959963716
22,1.6698817571004232,0.5209650261195626
23,1.62648716767629,0.5142792649860457
24,1.5003490289052328,0.507878138793735
25,1.5901719411214192,0.5058673547478173
26,1.2818003654479981,0.503349042548908
27,1.3313170591990153,0.5008844679265511
28,1.5724526246388753,0.49892502553819673
29,1.4860689322153726,0.4953502041148388
30,1.5148219267527263,0.49455295984200603
31,1.1187100013097127,0.49316894444893666
32,1.4076088349024454,0.4899912847308662
33,1.6417179584503174,0.48526281329590504
34,1.3468030293782551,0.48112986289610077
35,1.0955417156219482,0.4748188832144099
36,1.3170968532562255,0.4720878389876659
37,1.2609116236368816,0.4661437308225106
38,1.0923370043436686,0.45948477382735003
39,1.6415317455927532,0.4454436065174463
40,1.0518378257751464,0.4356323274101798
41,1.1018530050913493,0.42423935739074164
42,1.070260262489319,0.41912516482233064
43,1.3535209496815999,0.4230378812222969
44,1.1095093965530396,0.42609266103721977
45,0.9235964139302572,0.4282050151524581
46,1.077284336090088,0.42281415424947666
47,0.810465947786967,0.4172354406259191
48,0.9619525154431661,0.4116678848041324
49,1.0126697540283203,0.40831482222699744
50,0.9049619754155477,0.4028868318542721
51,0.738822054862976,0.3938071669086697
52,1.0745629707972209,0.38726355194106815
53,0.9769796133041382,0.3850384197366519
54,1.0129323840141295,0.38618436807722556
55,0.925324026743571,0.3838489731465738
56,0.6821773568789165,0.3769220827132698
57,0.7629294951756795,0.37513212237771104
58,0.7009955366452535,0.3756895675433902
59,0.8109347701072693,0.3749594627402899
60,0.7523442149162293,0.3703007205264775
61,0.5526922106742859,0.36158945382110713
62,0.7696956555048625,0.3566485723172586
63,0.7777418712774913,0.35247247143993227
64,0.5735813816388448,0.3482992602145578
65,0.7421330451965332,0.3433266202295859
66,0.7621917843818664,0.33482221754517144
67,0.6439354181289673,0.32056574253585396
68,0.5883921186129252,0.3052755354896305
69,0.6660004297892252,0.29243300632229
70,0.616825532913208,0.2817060884058945
71,0.8777672390143076,0.26638858008572436
72,0.5613928159077962,0.251595208729346
73,0.8520437479019165,0.2416702086531271
74,0.821369997660319,0.23368054041712302
75,0.6915378014246623,0.23168324907933632
76,0.6625303188959758,0.22569107704275237
77,0.6164602796236675,0.21996538798640095
78,0.7051079750061036,0.21517927088136748
79,0.6087385257085164,0.20672435718258536
80,0.6478584945201874,0.2017226324776026
81,0.5196768800417583,0.19785740995031642
82,0.5751323064168294,0.19428878928732685
83,0.5648466388384501,0.18855703463704568
84,0.5143448988596598,0.18038900419483034
85,0.5508114457130432,0.17047703348276183
86,0.6228955904642741,0.16207885143794412
87,0.5640742838382721,0.1568859778051301
88,0.4133938034375509,0.15630965146023457
89,0.46828343669573463,0.15698090887914493
90,0.5600640098253886,0.15714528828155339
91,0.5016002257664999,0.1542911120052413
92,0.5610825975735982,0.1467835682583606
93,0.5002968509991964,0.14198229549907324
94,0.5121491193771363,0.1360064633483962
95,0.5937201857566834,0.1329382512513108
96,0.47818233966827395,0.13144004485738559
97,0.6563483317693074,0.1262069799768643
98,0.48234688440958656,0.11759789065113217
99,0.4659536242485046,0.11004197433238894
100,0.3930338203907013,0.10657387901478865
101,0.4762675126393636,0.10447530319371562
102,0.5075810154279073,0.10289093793377163
103,0.47529711524645485,0.10130392812837766
104,0.44477226336797077,0.10117973293375782
105,0.34859323302904766,0.10069554621779074
106,0.35745290517807005,0.09647314338468191
107,0.5590411265691121,0.09458943597209735
108,0.49106151262919107,0.09099615899127299
109,0.3068370699882507,0.0869758713433123
110,0.38121075332164767,0.0818521723033875
111,0.3763726830482483,0.07829961867079022
112,0.5522146264712016,0.07480253625338472
113,0.4043370048205058,0.07402653587380732
114,0.6791197379430135,0.07055795198585105
115,0.4035178462664286,0.06520218977073985
116,0.5722795943419139,0.060941792261882094
117,0.609841521581014,0.05810161803181716
118,0.3822674870491028,0.05540371542488496
119,0.4559226950009664,0.05224420948643384
120,0.3740948915481567,0.04993512575316617
121,0.3287699302037557,0.04782707414289159
122,0.37524571816126506,0.045793826479142104
123,0.4644310971101125,0.04458310590015622
124,0.36692646344502766,0.044418915871560105
125,0.43406258821487426,0.044538163939329585
126,0.327146585782369,0.045311914419564676
127,0.4861740271250407,0.04574501628833493
128,0.35428714752197266,0.043566450007318513
129,0.4293241341908773,0.04161186616017124
130,0.4028501828511556,0.04037425633314557
131,0.34414333701133726,0.038277372952521316
132,0.3964265207449595,0.03687567574771371
133,0.3636330326398214,0.0360393401264675
134,0.39868059754371643,0.0352361538102777
135,0.35940540631612145,0.03437046362013798
136,0.27493766844272616,0.0336093385447198
137,0.37932105859120685,0.032523932756753415
138,0.3203297217686971,0.031246731820420957
139,0.2885589063167572,0.02998051584852258
140,0.44541343450546267,0.028714037668986583
141,0.35401034355163574,0.027798159891284827
142,0.3080278674761454,0.027134102206369203
143,0.346293314297994,0.026541504350776866
144,0.44591448108355203,0.026008034091970816
145,0.3961496869723002,0.025470627552470353
146,0.4258589863777161,0.024944825614912538
147,0.40500022768974303,0.024388284052128163
148,0.3793820778528849,0.02366696999914299
149,0.47997521559397377,0.023096346606199785
150,0.37298630078633627,0.02264728811276182
151,0.46131524244944255,0.022234867354414947
152,0.3630324423313141,0.021780937216171307
153,0.2890970766544342,0.021366082580107464
154,0.30534121990203855,0.020945497130329803
155,0.4016130050023397,0.020679539634193493
156,0.4183771967887878,0.020207988450259673
157,0.3106939772764842,0.019882219759234057
158,0.38561865985393523,0.019427671916709525
159,0.5270802875359853,0.01897192495053737
160,0.314300266901652,0.01873474527245725
161,0.280690265695254,0.01858849975181465
162,0.509124755859375,0.01879556248684993
163,0.32996501127878824,0.019419532005013312
164,0.2222466250260671,0.020280111884500275
165,0.3343610127766927,0.02040969037064021
166,0.2115292578935623,0.020457243938255674
167,0.28556413650512696,0.021322045798824116
168,0.25929342607657113,0.022193689106442913
169,0.292731249332428,0.022792487003745174
170,0.3106745362281799,0.022493906018478196
171,0.2919930458068848,0.021475062767909035
172,0.26414514183998106,0.02007569081523991
173,0.36434593200683596,0.0194167500319634
174,0.38909231424331664,0.019464416129653907
175,0.32563364307085674,0.019690404569099502
176,0.30300145149230956,0.019216767559927985
177,0.30925740400950114,0.01858365657009683
178,0.3437582075595856,0.01803354378129671
179,0.37923894425233207,0.017723642917089603
180,0.4562306761741638,0.01709986526031399
181,0.34239906072616577,0.016065213206181976
182,0.2965342283248901,0.015436075405973032
183,0.28581119179725645,0.015099115012484917
184,0.29836535602808,0.014811060404199668
185,0.37798497478167215,0.014650040467482382
186,0.2506215075651805,0.014503030840666804
187,0.4277007649342219,0.014310160906633406
188,0.38707490762074787,0.01431494550440299
189,0.24424383640289307,0.01442345420373457
190,0.41020376086235044,0.01444440609848816
191,0.34055989583333335,0.01436559216524511
192,0.23211202621459961,0.014262379121216836
193,0.2832309643427531,0.014394843516143509
194,0.2921261509259542,0.014675932501417063
195,0.33173250953356426,0.014966913326148414
196,0.2348498503367106,0.014905198127504321
197,0.26683411399523416,0.014962361456357001
198,0.26799033184846244,0.01492575382700146
199,0.35303211013476055,0.014957454286086717
200,0.33223414421081543,0.01486593412646041
201,0.3089499572912852,0.01489145738828018
202,0.28229590455691017,0.014661321724035345
203,0.30246997674306236,0.014459702048788037
204,0.2848835110664368,0.014380788641402454
205,0.3730585853258769,0.01442510826241841
206,0.2771918992201487,0.013862313751285294
207,0.3463188370068868,0.013528818651432479
208,0.27578826546669005,0.013593029207458324
209,0.3749284287293752,0.013836142342577974
210,0.3545924623807271,0.013740379729960847
211,0.3448355217774709,0.013389396116845163
212,0.4090752939383189,0.012890366827757427
213,0.2215178281068802,0.012439585572262624
214,0.29678114255269367,0.01221967796982068
215,0.2694807489713033,0.012238196628058227
216,0.3147010068098704,0.012351926734696664
217,0.3198079804579417,0.012507196885210969
218,0.2571317414442698,0.012698374981038624
219,0.3670630087455114,0.012620884351300325
220,0.26383833487828573,0.012661981648457507
221,0.36381064653396605,0.01274235407715502
222,0.2387497921784719,0.012477636024700551
223,0.2694616695245107,0.012355891532103319
224,0.3218330482641856,0.012410429098247367
225,0.180722114443779,0.01250302237293529
226,0.33887587785720824,0.012284369912827168
227,0.3229272375504176,0.012120195650715586
228,0.22764391501744588,0.011870489364093918
229,0.31630398631095885,0.011209405186369752
230,0.2669342895348867,0.010900409969200534
231,0.2802299618721008,0.010907511310706898
232,0.26747487982114154,0.010729384307903567
233,0.3069982945919037,0.01038112618601111
234,0.24463038047154745,0.010173072076657436
235,0.26099360585212705,0.010120040685530591
236,0.33453913529713947,0.010059121383608899
237,0.2418883164723714,0.009939309099586461
238,0.28433860937754313,0.00980515373956896
239,0.2489655653635661,0.009631249812105305
240,0.2851396063963572,0.009467483795610968
241,0.3157775282859802,0.009385935918659001
242,0.35246742169062295,0.009453427858236356
243,0.2988290826479594,0.00955923945037098
244,0.3410487671693166,0.010078991437422507
245,0.2838057478268941,0.010936340549960732
246,0.28999411761760713,0.011385898932623933
247,0.2772451341152191,0.01152949153232997
248,0.2869259059429169,0.010952003661352466
249,0.3556973179181417,0.010604622964490586
250,0.24526332020759584,0.010359033500394367
251,0.2464655339717865,0.009935350555149236
252,0.3551616966724396,0.00956294987090372
253,0.2428703804810842,0.009423547159462404
254,0.27333120703697206,0.009759300513061012
255,0.2861415922641754,0.009768543504618518
256,0.32427852749824526,0.009821891986332305
257,0.1830951154232025,0.010103200626464224
258,0.1887441684802373,0.010404753907561654
259,0.3801228354374568,0.011004028090195158
260,0.29945475061734517,0.01136534024528631
261,0.30186312993367515,0.01143398369464466
262,0.421483047803243,0.012087495128558142
263,0.2838504354159037,0.013099851959392311
264,0.31864393850167594,0.013686707404654795
265,0.3489967167377472,0.013589017562509522
266,0.27453152934710184,0.01335071564806024
267,0.2528266966342926,0.013551844716600077
268,0.3026714404424032,0.013780041429118848
269,0.3210647781689962,0.014522344167307607
270,0.2940083066622416,0.014165822071881275
271,0.22708555857340496,0.013356254780738373
272,0.26009219388167065,0.012638313596789527
273,0.30707550048828125,0.012907125286787278
274,0.22268638014793396,0.0137136493567524
275,0.32664510409037273,0.01380568042426832
276,0.30749553243319194,0.013046154114381066
277,0.2619769851366679,0.012698347760936406
278,0.2641971548398336,0.012236611404287534
279,0.27377679347991946,0.01178786974018953
280,0.2301788846651713,0.012005495028496961
281,0.3145531455675761,0.011899887675815445
282,0.22387603521347046,0.011835477516553767
283,0.20248230000336964,0.011842969585004755
284,0.23830318748950957,0.012208625883245327
285,0.2754651814699173,0.012152969048864494
286,0.23668949206670126,0.012089170027876229
287,0.3109498163064321,0.012958048307520198
288,0.2442040890455246,0.013142522556457932
289,0.30768770376841226,0.013219788281877679
290,0.282292976975441,0.013040469424051094
291,0.26469164590040845,0.012760034512992449
292,0.2502223332722982,0.012802868010842895
293,0.3497642060120901,0.012309476040215709
294,0.2866321881612142,0.01128046426511421
295,0.26952077945073444,0.010576673200368647
296,0.2023546795050303,0.0100923827922661
297,0.27752632300059,0.009655842638215211
298,0.36318781077861784,0.009831992146654391
299,0.2577665726343791,0.009797326065453254
300,0.2865494688351949,0.009785903361075975
301,0.22896157801151276,0.00950466054235035
302,0.23832238713900247,0.00923771525945837
303,0.2956022580464681,0.009290588128666474
304,0.30703309178352356,0.00935382653379769
305,0.25035804212093354,0.009026257592568717
306,0.2518197407325109,0.008625820709949755
307,0.171538046002388,0.008056884923011182
308,0.2299175481001536,0.007895263104413556
309,0.2742555558681488,0.00795847611267149
310,0.27209702928860985,0.008276062040391751
311,0.41677830219268797,0.008153423569788496
312,0.24169378280639647,0.00808180151433926
313,0.24104350606600444,0.007906904115935597
314,0.2686641295750936,0.008215392067089794
315,0.20107897222042084,0.008618119139752285
316,0.22189958890279135,0.00875854938782341
317,0.2825928231080373,0.009191770458549966
318,0.25338444312413533,0.00941960966786531
319,0.2687662601470947,0.01017806494212526
320,0.2715476890405019,0.010174807150092885
321,0.21508057713508605,0.01023348206360861
322,0.26889161467552186,0.009668033826714896
323,0.29943852027257284,0.00891788953577909
324,0.24520685970783235,0.008619784975175078
325,0.28285086651643115,0.008888449391540815
326,0.21909761826197308,0.009339642457986675
327,0.2897644519805908,0.009927478703252208
328,0.16672689417997996,0.009651852481976503
329,0.2995296478271484,0.009299426500898177
330,0.2167374129096667,0.009008768975265383
331,0.2718810886144638,0.009012204231914338
332,0.22451586524645487,0.008951826013742
333,0.22444815436999002,0.009427917813222239
334,0.18089117209116617,0.009771010809116007
335,0.1947506030400594,0.009950729680988262
336,0.22191565930843354,0.010429059661279513
337,0.24188371300697326,0.010890900106059285
338,0.2469016154607137,0.011532749980688095
339,0.20294130742549896,0.012113528773481921
340,0.2581523517767588,0.012994010360750157
341,0.3003287434577942,0.013633060819051397
342,0.33314578930536903,0.01428281577436004
343,0.2568021575609843,0.01453440636396408
344,0.28961701492468517,0.014841646264035871
345,0.2513274520635605,0.015785119664950633
346,0.21164653301239014,0.01685412650502573
347,0.18814962307612101,0.017078182330047053
348,0.25497274001439413,0.0170664168512962
349,0.2178725242614746,0.017004501074552536
350,0.2466260850429535,0.017462630939530575
351,0.226738836367925,0.017021981823280102
352,0.276263173421224,0.01677340481752955
353,0.23745203812917073,0.016003238770553447
354,0.19309093157450358,0.015262150550334473
355,0.286495437224706,0.014183054817473794
356,0.2264407436052958,0.013196990700570618
357,0.17809783021608988,0.013366796376960954
358,0.19750119547049205,0.013756593410659023
359,0.2227209061384201,0.013991752507414405
360,0.22788407206535338,0.014082904905080795
361,0.226418536901474,0.014537414667878563
362,0.27473870913187665,0.015657675694527588
363,0.22358779907226561,0.016500165832676286
364,0.29432637294133507,0.016625986955179944
365,0.3143130600452423,0.016962680217670643
366,0.17670474251111348,0.01795001952784268
367,0.2380670964717865,0.018273756949333694
368,0.14447664618492126,0.017566870692677386
369,0.24346883296966554,0.016408678760209423
370,0.2427127480506897,0.016147161239948797
371,0.22321299115816753,0.01621399743585136
372,0.19580708642800648,0.01632413944214817
373,0.1801043172677358,0.016416093481220598
374,0.15471862852573395,0.016417738534216807
375,0.20741562445958456,0.01569661907265036
376,0.2849787433942159,0.014612204798563259
377,0.1418957124153773,0.013525057554714323
378,0.20612339079380035,0.012941533919629149
379,0.30848836501439414,0.012606201092089256
380,0.2755747238794963,0.011761998501056291
381,0.23774429460366567,0.009934034726516468
382,0.28738774061203004,0.008878154867130705
383,0.29620696703592936,0.00836592140849533
384,0.22548583994309107,0.008067444472859694
385,0.15689193606376647,0.007830288800168929
386,0.25862590471903485,0.008164005603377275
387,0.2597927172978719,0.008418854656005939
388,0.22870244681835175,0.00868461994586263
389,0.2754936118920644,0.009156973346862503
390,0.14919248595833778,0.009893668822826832
391,0.21973482767740884,0.0103193631938358
392,0.13898951609929402,0.010669266431057077
393,0.1861610253651937,0.011109682525999434
394,0.23791768550872802,0.0118864182617486
395,0.2644488344589869,0.01356017912232031
396,0.20633347431818644,0.014987942682007167
397,0.25271112521489464,0.0161013291254053
398,0.1651858280102412,0.017514527386685057
399,0.13746803204218547,0.01828352488049372
400,0.2150086720784505,0.019527770050867335
401,0.2863662262757619,0.020384068696165648
402,0.2872210343678792,0.021979528706608794
403,0.30723918676376344,0.021683697449410056
404,0.26494337916374205,0.019928700664616005
405,0.17145834863185883,0.01818009058204223
406,0.15613820652167001,0.01712099844076502
407,0.22960132360458374,0.016492831586735455
408,0.2306359847386678,0.016650206666058442
409,0.1953563968340556,0.016296712256322697
410,0.19818196892738343,0.01633392397578307
411,0.2714272360006968,0.016226003767819856
412,0.21572766403357188,0.016712385266432612
413,0.2591985682646433,0.01674117583517484
414,0.21218603352705637,0.016106392938907692
415,0.23329179286956786,0.015112335903672721
416,0.1761273354291916,0.014927250369796603
417,0.22734499375025433,0.015816455956284454
418,0.21572080651919048,0.01704928510653691
419,0.22526168525218965,0.017379688773685554
420,0.2927131374677022,0.018542218704040596
421,0.2698212703069051,0.019152179961716097
422,0.17934940954049428,0.019911590068945734
423,0.21524822016557058,0.01963859036799491
424,0.1864091028769811,0.01898663807807006
425,0.17935539881388346,0.018385018816027117
426,0.22085664868354798,0.01729761520180646
427,0.2734451651573181,0.01619910159859601
428,0.3025421102841695,0.01476065647297018
429,0.18884517550468444,0.013196001885326828
430,0.16712902983029684,0.012600767785521943
431,0.19576381544272106,0.012176782325438158
432,0.20984135071436563,0.011770081068352452
433,0.23092954556147258,0.011578827839726068
434,0.1978978435198466,0.01087515875990466
435,0.30826899607976277,0.01028149951190695
436,0.19993276794751486,0.009412725573390957
437,0.14796653588612874,0.008426345507137653
438,0.22124048272768657,0.00804180073676499
439,0.20826846559842427,0.0077223168304703365
440,0.270704980691274,0.007410169054761412
441,0.18735962708791096,0.007470215678097695
442,0.20024526715278626,0.007630135644021935
443,0.3116552253564199,0.008356591231944993
444,0.19418177604675294,0.009098212755336536
445,0.1948113779226939,0.009888537851433584
446,0.19573815166950226,0.010787142154679992
447,0.19986576437950135,0.011528318146551688
448,0.17613095144430796,0.013127805283806455
449,0.16514764030774434,0.015594067140005705
450,0.15318736135959626,0.017155326697535403
451,0.2635958711306254,0.0174356546018302
452,0.22330086231231688,0.017807043355515622
453,0.15532092253367105,0.017972716826974877
454,0.28410188456376395,0.01938303970680462
455,0.20703342358271282,0.021099384932771442
456,0.204269943634669,0.022525824899748553
457,0.21400452156861624,0.022811237429305325
458,0.20968437592188519,0.021920323019891275
459,0.20628748635451,0.02296500095701593
460,0.2025528907775879,0.023860390554732224
461,0.2895172417163849,0.02375382862574472
462,0.29158414006233213,0.024069341911574987
463,0.22402888933817547,0.024274091082295095
464,0.17453540513912838,0.023813015128683855
465,0.21467124621073405,0.024481131599878702
466,0.17876508235931396,0.026615853736719746
467,0.15519683758417765,0.02807593838436397
468,0.19619664351145427,0.02827082404236155
469,0.17797102133433024,0.02800258953036286
470,0.19143891334533691,0.026104623143832516
471,0.25976754824320475,0.024466133463805117
472,0.15376067956288655,0.024573674704146196
473,0.2052044371763865,0.02595190920933025
474,0.19625266194343566,0.02566163271196245
475,0.1993379573027293,0.025166347241542472
476,0.20177534719308218,0.025121092942990655
477,0.143943319718043,0.02457726042805694
478,0.17872842152913412,0.023540201002922582
479,0.2522755225499471,0.023564363734459314
480,0.18758219679196675,0.02347542855917938
481,0.21731414993604023,0.02359596504939823
482,0.19638766547044118,0.024326454584054122
483,0.19441024561723072,0.02478356920476035
484,0.1849875380595525,0.023781785521450945
485,0.12182458639144897,0.022708274189412125
486,0.15450993279616038,0.022348387445521166
487,0.18848298490047455,0.021222986310251116
488,0.16880149245262147,0.020371670460724457
489,0.13730423301458358,0.02051886080170241
490,0.14487679600715636,0.019942804833683443
491,0.14675442626078924,0.0193965154457984
492,0.1622465451558431,0.018817765359568785
493,0.1818142314751943,0.01862477453968187
494,0.286595888932546,0.017949192176066983
495,0.2253984123468399,0.017943119014224667
496,0.15877842406431833,0.017378287712537396
497,0.21769028703371684,0.01705946237963485
498,0.16714895764986673,0.016358084683343183
499,0.19858754972616832,0.015561259725666422
500,0.18124686678250632,0.014804989759494938
501,0.22739839653174082,0.014939350274017476
502,0.19008358816305795,0.014773983728345923
503,0.1899135708808899,0.014485643311279026
504,0.1913512458403905,0.01500928218615806
505,0.17438900868097942,0.01585119458164756
506,0.16657241682211557,0.016308677243435477
507,0.19884248276551564,0.015728590833976513
508,0.13434998119870822,0.015690967132608723
509,0.18842592736085256,0.015195646154598928
510,0.14277017414569854,0.014586282776683335
511,0.18819594383239746,0.014851180205898961
512,0.18084920843442281,0.01664440495174701
513,0.13187400698661805,0.017806340214305036
514,0.19147281845410666,0.018732331370509517
515,0.196712792913119,0.01835640555057
516,0.1337093949317932,0.017450491919761568
517,0.1803382356961568,0.015833994725675093
518,0.20078029135862988,0.015667622248957475
519,0.13674174547195433,0.017088338234058514
520,0.20219643016656239,0.01935965927156407
521,0.214993546406428,0.023399601096478033
522,0.14685415228207907,0.02721064429231516
523,0.19043184121449788,0.02886424169648351
524,0.19242932001749674,0.028675948101000524
525,0.1900564839442571,0.030544015600925355
526,0.13865425785382587,0.03186506499338338
527,0.1841796576976776,0.032437928050287126
528,0.25466850797335305,0.03240827999011738
529,0.18196831146876016,0.03235324252191491
530,0.16724333067735037,0.03072298755209277
531,0.12918177644411724,0.028387508171749867
532,0.2533378879229228,0.025394697240957127
533,0.19064656496047974,0.023139894272633424
534,0.20817019442717236,0.02203860682413334
535,0.1662919561068217,0.02241620133946261
536,0.1641116221745809,0.0224131868169533
537,0.19452648560206096,0.02448287647305511
538,0.1884119023879369,0.025100231991978143
539,0.12994958559672037,0.025196841499936864
540,0.17272687753041585,0.024279468846837366
541,0.20452682574590048,0.024398222682982917
542,0.1617928072810173,0.024245517255049052
543,0.1596574788292249,0.023210926084067877
544,0.16411227583885193,0.021736902925442524
545,0.19755920668443044,0.01965176773176888
546,0.1782597949107488,0.01848384959432553
547,0.15968519349892935,0.017912979127736543
548,0.11950870354970296,0.017206741306256122
549,0.1573683520158132,0.017107532132328965
550,0.15181454916795095,0.01706507438280451
551,0.1400517443815867,0.017516460621685492
552,0.20450711771845817,0.01789766809661088
553,0.1473032494386037,0.01795194881755536
554,0.14116603533426922,0.018071519137602153
555,0.2123038053512573,0.01915637015064401
556,0.14993823717037838,0.019702988317397637
557,0.18632986644903818,0.01971889636295987
558,0.12975746591885884,0.01991571722126852
559,0.13832840025424958,0.02055071669770038
560,0.17016130089759826,0.020771156087165742
561,0.1767364501953125,0.0197785406219443
562,0.16121928493181864,0.01846336611495243
563,0.17696922421455383,0.017229751764437345
564,0.20435625910758973,0.016446844359317165
565,0.18060782154401142,0.016632206855327125
566,0.1827867050965627,0.016283806941405996
567,0.18892615338166555,0.015900085174192592
568,0.13983202079931895,0.01563718913519007
569,0.147459481159846,0.015263451160643045
570,0.1790848712126414,0.014728101953042774
571,0.14885388712088268,0.014600170526917524
572,0.15519767999649048,0.014195311433217657
573,0.24649101893107098,0.014588221379621761
574,0.17069009244441985,0.015753562188171966
575,0.12070460220177968,0.017398592627306624
576,0.11680671374003092,0.019107971311084868
577,0.14884682794411977,0.01992994626089344
578,0.14686044851938884,0.019594537226233895
579,0.15579972366491954,0.01868998822499448
580,0.15581888457139334,0.01719559290571006
581,0.11541822453339895,0.015522135113637278
582,0.14719968537489572,0.014434160092684228
583,0.16065286497275036,0.012932752354407873
584,0.10625619292259217,0.012161807061767015
585,0.13153116802374523,0.012189455902365249
586,0.2151260753472646,0.013045583800302716
587,0.1718980411688487,0.013499483539480862
588,0.1940581977367401,0.014954679095604289
589,0.14562789599100748,0.01574586798238942
590,0.1601036270459493,0.016758944765906635
591,0.16809454560279846,0.017969683883345033
592,0.17905962268511455,0.018840002468017144
593,0.15133979717890422,0.019965200149637506
594,0.15047433773676555,0.02000730673921859
595,0.1104805439710617,0.02009254732117878
596,0.14626359740893047,0.020224299223169567
597,0.10662335604429245,0.019876289100745532
598,0.16215639114379882,0.01979739594412601
599,0.16900440851847331,0.019455854025647396
600,0.16736019651095072,0.018183537340891644
601,0.12287544508775075,0.01753023970784165
602,0.13319109678268432,0.016300570967746533
603,0.1799976905186971,0.015162258445629923
604,0.13398442516724268,0.014634878719298859
605,0.14398953318595886,0.01411125144561914
606,0.12473305662473043,0.013995311772964132
607,0.15826401015122732,0.013445958495140076
608,0.10176468292872111,0.01227629893114717
609,0.14125539362430573,0.011164998422985472
610,0.178562726577123,0.010344882019040153
611,0.12351290335257849,0.009977415952039517
612,0.1849055955807368,0.010074263951909824
613,0.14198212176561356,0.00997405734617175
614,0.14839218854904174,0.010041961923065617
615,0.13703590631484985,0.010043368388818004
616,0.14892932971318562,0.010251545867934002
617,0.16697694460550944,0.010823814381705963
618,0.16302015880743662,0.011203125955199632
619,0.13691332737604778,0.01093927115260616
620,0.1359074205160141,0.010676042704776985
621,0.18988633255163828,0.01005151469671116
622,0.18045552770296733,0.01051009826244801
623,0.15790766725937525,0.011584437048928005
624,0.11773700664440791,0.012443747254103188
625,0.13459411064783733,0.013008607228792558
626,0.18959075411160786,0.013344492103288494
627,0.12295860648155213,0.013652166483674462
628,0.1344148298104604,0.013949949015665241
629,0.12773253321647643,0.0142873269835795
630,0.1580951323111852,0.015360635609959993
631,0.1363679885864258,0.01612287243520181
632,0.13729192664225895,0.016720673758683243
633,0.14599539836247763,0.016959622912988886
634,0.15279326538244883,0.017378745468582694
635,0.2104615981380145,0.017556695267558098
636,0.1339140623807907,0.01717366480569201
637,0.1649221827586492,0.016396014430508837
638,0.11446882685025533,0.01588418466720994
639,0.11623693108558655,0.01627051884557788
640,0.13371848662694294,0.016073984570625262
641,0.14617090423901877,0.01526898911266815
642,0.13587890019019444,0.014214335581449073
643,0.14194087982177733,0.01326749808206333
644,0.17210627893606822,0.012934638935280598
645,0.1907504419485728,0.013716511985683065
646,0.16902822454770405,0.01472005817129856
647,0.13581377466519673,0.014416078002903406
648,0.12837688525517782,0.014214169454034857
649,0.16793072422345479,0.013623482349702693
650,0.1143141915400823,0.013507947736368405
651,0.17673822244008383,0.013907430913504652
652,0.10733468433221181,0.013943894274943457
653,0.12265239357948303,0.0138199927915973
654,0.1578366219997406,0.013891023415045476
655,0.10637635191281637,0.013830666510960248
656,0.10116175437966983,0.01389286894439243
657,0.11439126829306284,0.013041282527324722
658,0.130790118376414,0.012121030987482372
659,0.13244271278381348,0.010571061457529313
660,0.12501381983359655,0.010117337716318021
661,0.11269222497940064,0.009915905879942451
662,0.18538514177004498,0.010281509947119735
663,0.11759369820356369,0.01081478784931457
664,0.09839121202627818,0.011415979714961503
665,0.1564320832490921,0.011962103518092727
666,0.1477061743537585,0.013388923890008701
667,0.10820454855759938,0.01457281768556655
668,0.13295357724030812,0.014831364081483188
669,0.1223680650194486,0.014347279781666328
670,0.13894916971524557,0.013423453180456724
671,0.09960418740908304,0.012821025721083476
672,0.10791154851516088,0.01254312669139678
673,0.12787156105041503,0.011581065793206372
674,0.1310974180698395,0.010542452775352583
675,0.17269887973864873,0.009883132293879047
676,0.1108313744266828,0.009740586869242623
677,0.13085544010003408,0.009742014036755862
678,0.16589587678511938,0.011325225527361623
679,0.12869189778963724,0.013929233321641374
680,0.09828833639621734,0.01618885127167533
681,0.15281957189242046,0.017300971849696842
682,0.10137795408566792,0.017884272407359025
683,0.08820436745882035,0.01817449305470534
684,0.14047743777434032,0.018757202640527815
685,0.08726317087809245,0.018799032414640027
686,0.16729177037874857,0.01915456335551626
687,0.09228925655285518,0.018909949031988466
688,0.09019309977690379,0.01827554841797183
689,0.10462873280048371,0.016585375130997868
690,0.1245854099591573,0.014550365375604217
691,0.09386613766352335,0.012851566516273604
692,0.17412996888160706,0.011274361938942136
693,0.11629172166188557,0.01029400911739492
694,0.15956359406312307,0.009410846406432588
695,0.11745915114879608,0.00881400136790407
696,0.09275302886962891,0.008750408807197425
697,0.07239010830720266,0.008856507905531587
698,0.13595734934012096,0.008992499627876939
699,0.10511525024970372,0.00909943317657146
700,0.11214852531750998,0.008802782377506804
701,0.16185465852419537,0.00837089048009219
702,0.1561665693918864,0.008500379972218529
703,0.1298923114935557,0.009025000028429538
704,0.14256266355514527,0.0098452287777437
705,0.10677744746208191,0.010547831001889519
706,0.10677583714326223,0.011388681058984572
707,0.10290376941363016,0.012192721456641287
708,0.10356442083915075,0.011917053538513935
709,0.15556878248850506,0.011046360694165305
710,0.13037564704815546,0.010129812694206012
711,0.10507985999186834,0.009601061929046638
712,0.12318582038084666,0.00944711706476418
713,0.1000931590795517,0.009507186923498712
714,0.10753416617711385,0.009980170019557626
715,0.13643255829811096,0.011130341776008681
716,0.1301238959034284,0.011940598077192081
717,0.11033278082807858,0.012191885876960643
718,0.09583494837085406,0.013018126357493437
719,0.10834443171819051,0.014216470920781451
720,0.11329204440116883,0.015120888891534543
721,0.09324441850185394,0.015992426086129167
722,0.10279143253962199,0.016776529778763066
723,0.12213688095410664,0.016727715100007732
724,0.12449654688437779,0.016584046170350135
725,0.11614951292673746,0.016719854898809446
726,0.101126529276371,0.0171406945345674
727,0.11503576338291169,0.017794009664748596
728,0.07953777412573497,0.017117258850631752
729,0.0955084631840388,0.016745545806025896
730,0.10870096186796824,0.016113256155623226
731,0.1184174617131551,0.015721384391892614
732,0.12146649956703186,0.014972067680063211
733,0.12405797044436137,0.015171033410927442
734,0.08960054616133371,0.015496516805582158
735,0.07804838766654333,0.015933978114658454
736,0.14217800547679266,0.016064068903838557
737,0.12108032802740733,0.01644845798200979
738,0.06125119179487228,0.01721804769431043
739,0.10771801223357519,0.0174487176255917
740,0.11983444094657898,0.017995847491767462
741,0.10030797421932221,0.019052446944507088
742,0.11807025869687399,0.019444904972131798
743,0.12354479134082794,0.017966901296823042
744,0.10896184792121251,0.016572704626701948
745,0.10514530638853709,0.015160562485221803
746,0.14290505647659302,0.014495383302761814
747,0.13097668488820394,0.015000503363571768
748,0.070915737003088,0.014308392356230519
749,0.08693794508775075,0.01387165394413659
750,0.1149635891119639,0.013343818603068824
751,0.08937993297974269,0.013366314531193944
752,0.1294453963637352,0.012987044705884663
753,0.103189288576444,0.012948897102569032
754,0.09447536518176397,0.012081447959415556
755,0.07604500850041708,0.01149644614673975
756,0.09346497456232707,0.01115295999338777
757,0.09679255684216817,0.01021441505620564
758,0.11123536924521128,0.009307701125975669
759,0.14175789604584377,0.008192204701618886
760,0.07654207150141398,0.007622279182780446
761,0.10516196539004644,0.007341056160159468
762,0.1122716764609019,0.007342624947370037
763,0.13442227443059285,0.007361084237460076
764,0.0936601147055626,0.006904405754382216
765,0.1124297946691513,0.0062905429224447
766,0.11640370090802511,0.00605623058124086
767,0.12799344857533773,0.005615792911881068
768,0.126185475786527,0.004960835750002091
769,0.11296520705024402,0.004611692996328976
770,0.09904131889343262,0.00445148065011567
771,0.10493188500404357,0.0044645439837069254
772,0.11488610903422038,0.004413747896007666
773,0.08724825282891592,0.004475114815758439
774,0.07449703315893809,0.00480890619810524
775,0.1024738480647405,0.005546723199113617
776,0.10778899391492208,0.0062851482804307315
777,0.08877488374710082,0.007067894372414416
778,0.11738438904285431,0.007676992279396752
779,0.08947680244843165,0.007584649548814522
780,0.0848213737209638,0.008874988161379428
781,0.07842950075864792,0.010284342715062025
782,0.09983136554559072,0.010653604305987283
783,0.11783101856708526,0.009756659692901326
784,0.15696599384148915,0.008133441715787245
785,0.06800931443770726,0.007351685330037057
786,0.11954459349314371,0.006876697118474742
787,0.07061604311068853,0.006610069299248729
788,0.07871897319952646,0.006356191484066915
789,0.11024631758530935,0.005804472338906893
790,0.13485476970672608,0.005209279367626887
791,0.09416581789652506,0.005244105555645124
792,0.06567308902740479,0.005417489047037569
793,0.10876783678929011,0.005741990105373653
794,0.09696570038795471,0.005996514797416024
795,0.09525701155265172,0.006209417088617255
796,0.1038932353258133,0.006216167567635145
797,0.06282482792933781,0.006255235944647254
798,0.09541346629460652,0.006528613626898274
799,0.07109187493721644,0.0069165654979118215
800,0.1016143023967743,0.006822552707955593
801,0.09272469729185104,0.0067960812497561375
802,0.10877202798922857,0.0066111207991017135
803,0.09320558160543442,0.006073404587511941
804,0.10915876974662145,0.005991243661975298
805,0.10445079902807872,0.005933218254289758
806,0.10472009231646856,0.006087997253602884
807,0.1222383161385854,0.005873111846644108
808,0.09224540789922078,0.0055602431282635745
809,0.09314282288153966,0.005684046899738509
810,0.07447407941023508,0.005790781372732769
811,0.10336392025152842,0.005310814490351152
812,0.10893428226312002,0.004943109792107203
813,0.12883460024992624,0.004739965678845335
814,0.08752941389878591,0.004610972093990234
815,0.09720292985439301,0.00471476719560703
816,0.09009538441896439,0.005171550089478728
817,0.09358173112074535,0.006192400010199998
818,0.0797125185529391,0.006977839754733045
819,0.0723896786570549,0.007384557027633735
820,0.07825862367947896,0.007783361079948624
821,0.13089827001094817,0.008113919779306322
822,0.0862621129800876,0.008316579164834473
823,0.08078714807828268,0.008132339279189355
824,0.0908326784769694,0.007383112729651722
825,0.13151057014862697,0.007008122397572037
826,0.11782550762097041,0.00671851672378816
827,0.0932766079902649,0.0065592861748997155
828,0.09646433691183726,0.006378678384962983
829,0.08131955340504646,0.005478355439570475
830,0.0791774794459343,0.0048269345828398005
831,0.08622625271479288,0.00423265620699431
832,0.09527531117200852,0.003908231969937447
833,0.08071981569131216,0.003717276066959667
834,0.10444564918677011,0.00359128664273358
835,0.10226142207781473,0.0036904716682730344
836,0.11120827496051788,0.0036785309322134364
837,0.07194545219341913,0.003699147537548652
838,0.07477535804112752,0.003833221086469574
839,0.11292182604471843,0.0040318559008232484
840,0.08102894276380539,0.004375124291524174
841,0.11162212044000626,0.004912913982265108
842,0.07765958209832509,0.005388863887051194
843,0.06766602794329325,0.005498024092356521
844,0.0736837570865949,0.005367864682302465
845,0.08230792582035065,0.005205196911454436
846,0.11751419355471929,0.0050800861204116365
847,0.07805448174476623,0.004885047171851547
848,0.08787035644054413,0.004947967691654999
849,0.09388028581937154,0.005266234594008584
850,0.07656768461068471,0.005689903276085149
851,0.08544001777966817,0.005674640171405837
852,0.09895624270041783,0.005217136932522294
853,0.07428517465790113,0.004855773727020879
854,0.08574487467606863,0.004678748353699765
855,0.08544175202647845,0.004403784249608559
856,0.09577810813983281,0.004237649195981542
857,0.09953627288341522,0.004020862044825211
858,0.06659203059971333,0.0038438460415625196
859,0.08631784667571386,0.003700853083429374
860,0.07850317905346553,0.0034702106298306794
861,0.07272370308637618,0.0033538280500421728
862,0.07472052176793416,0.003361919733483022
863,0.09286753634611765,0.003344431934753565
864,0.07349641174077988,0.003252453056134753
865,0.10742352157831192,0.0033017555691712483
866,0.0909176101287206,0.003524508972571591
867,0.08436760505040487,0.0038027437697128047
868,0.0810823917388916,0.004382229047116097
869,0.07262351214885712,0.005175965357806504
870,0.07394757866859436,0.006020332690269694
871,0.10585571030775706,0.006985241759891116
872,0.0750774751106898,0.00785272372666541
873,0.0610486164689064,0.009100041124881723
874,0.08783401747544607,0.009753890606890045
875,0.11608749330043792,0.009853064654556315
876,0.06174370298782984,0.010832922503821493
877,0.0640729400018851,0.011565570272211953
878,0.07665079385042191,0.011343764713195365
879,0.08059326906998952,0.010556490373189054
880,0.07091797664761543,0.010119920963142801
881,0.08731892108917236,0.00984048583053463
882,0.06872526407241822,0.009003669925503374
883,0.08602312058210373,0.008147870065776382
884,0.0834972913066546,0.007605356824268976
885,0.08753243635098139,0.007668944596364273
886,0.06727359294891358,0.008283107754165731
887,0.0861894816160202,0.008408454019488313
888,0.06939291010300318,0.00901946166574251
889,0.11339125682910284,0.009062763853511941
890,0.10301367292801539,0.008376044316554632
891,0.07988935808340708,0.007150301893102372
892,0.07505729223291079,0.006108254546255578
893,0.08478174060583114,0.005656234153700391
894,0.06990467508633931,0.005297060575570882
895,0.10578255355358124,0.005101382175064463
896,0.07347100973129272,0.005356161316167417
897,0.08208167453606924,0.006475858734993953
898,0.07778536180655161,0.007327200368222759
899,0.07109939803679784,0.008137025437721117
900,0.09403412193059921,0.008475346725404733
901,0.066154112915198,0.008625483514345068
902,0.06702671597401301,0.008938531105325916
903,0.06969059407711028,0.008897013646939138
904,0.053370700776577,0.008796481848291056
905,0.08300270885229111,0.008424786770144316
906,0.07472076416015624,0.007893770133827145
907,0.0580319012204806,0.00703188053178271
908,0.05261124124129613,0.00663749401376942
909,0.060672825078169505,0.006115721267332712
910,0.05609799126784007,0.005778845777280453
911,0.07900490413109461,0.005650837403377445
912,0.06749910960594813,0.005684617569479417
913,0.0575739507873853,0.005422425324346606
914,0.09621836245059967,0.005163437969190633
915,0.06440983712673187,0.004829126113189722
916,0.07186166296402613,0.0046367796658589614
917,0.07606916725635529,0.0048562619380476905
918,0.08032777011394501,0.005527055800313086
919,0.07141073296467464,0.005538059908192693
920,0.06085619380076726,0.005626069275500972
921,0.06954478894670804,0.005928271032107158
922,0.06043497522672017,0.006084353333031099
923,0.08042598913113276,0.005942866858828256
924,0.08216674476861954,0.005816211663626545
925,0.08430635929107666,0.005921750696097303
926,0.06886220052838325,0.0058046833494692805
927,0.05621336648861567,0.00589293089702608
928,0.056568348904450734,0.006212423247556518
929,0.05919130022327105,0.006482101030882419
930,0.05538130005200704,0.007230971829863046
931,0.059849827488263445,0.007865684473608423
932,0.07779297530651093,0.007258640594897777
933,0.0993278960386912,0.0062003223826800746
934,0.08158491005500158,0.00514936928937989
935,0.06234876463810603,0.0042242167598208575
936,0.06268079802393914,0.003675401289617335
937,0.06946310251951218,0.003660487603234846
938,0.059595797459284464,0.0038871242147760364
939,0.047469873229662576,0.0038273148238658905
940,0.09109601527452468,0.0035658929438337566
941,0.06140235662460327,0.00318608450057997
942,0.05658828566471736,0.0030253465492718332
943,0.08371384938557942,0.002879007321628412
944,0.0509787251551946,0.002727105194248083
945,0.08208033641179403,0.0026809271873253597
946,0.06625827550888061,0.002647627595588418
947,0.051891180127859114,0.0026130472194388745
948,0.06195773035287857,0.0025926600343283766
949,0.06070452481508255,0.0025844813373093823
950,0.06902514894803365,0.002618864667235221
951,0.051959818104902904,0.0027029922123866404
952,0.07653746356566747,0.0027245206503549546
953,0.06199939101934433,0.0026531846200181976
954,0.046140468368927635,0.0025796850255917847
955,0.05524294450879097,0.0025581737648417043
956,0.08057260115941366,0.0026985611372414655
957,0.06536554247140884,0.0028662280386724456
958,0.0917195993165175,0.003150811585722359
959,0.07943149010340372,0.003356999306990875
960,0.048751696447531384,0.003323113998603516
961,0.07209574679533641,0.003254051824415645
962,0.07093640938401222,0.003526390170839828
963,0.0669379452864329,0.00391499728961723
964,0.07115222414334615,0.004350184499630778
965,0.09529787401358286,0.004636728754780424
966,0.05779210676749547,0.00470060264823709
967,0.0620340329905351,0.004544499077225529
968,0.06634153922398885,0.004797324545564145
969,0.091618845363458,0.00521004043050169
970,0.06450636660059293,0.0049497248260231
971,0.06465867857138316,0.004673724931730764
972,0.06634571254253388,0.00430303769860798
973,0.06289804900685945,0.0044228740359150516
974,0.038902207463979724,0.004674430492913394
975,0.06295328314105669,0.004825960210429167
976,0.04755722135305405,0.004621648511988675
977,0.09007524748643239,0.004167474080317133
978,0.0664241741100947,0.004090195378713955
979,0.05313496689001719,0.004086140543222427
980,0.0959157148996989,0.004049497913187883
981,0.0696816012263298,0.004195223166423989
982,0.07467544476191203,0.004428528113598664
983,0.05398869141936302,0.004306966354557145
984,0.04794509758551915,0.003828655741375497
985,0.04433938016494115,0.00325936100658352
986,0.06591288099686304,0.003007492296192355
987,0.04794390723109245,0.002798327996476194
988,0.07852102816104889,0.002734412195336983
989,0.05502769400676091,0.0025756427437052367
990,0.059540822605292004,0.002447189841104129
991,0.045099944621324536,0.0023960095617597496
992,0.0714074249068896,0.0023418802073166714
993,0.04995784213145574,0.002536871807840396
994,0.057241696119308474,0.002789054205274488
995,0.05416016727685928,0.0030268783970757965
996,0.04793642039100329,0.00350092399102731
997,0.05767655099431674,0.003819624387373136
998,0.05353297591209412,0.0038205346048582256
999,0.049968559046586355,0.0038575595648093954
1000,0.05493395179510117,0.003937008046347091
1001,0.04936252062519391,0.0037763106204041345
1002,0.04453760534524918,0.0037487775058023575
1003,0.05170177817344666,0.003714361389380271
1004,0.06569565037886302,0.0034096478557903466
1005,0.042885010192791624,0.003237456528792583
1006,0.04603343258301417,0.0033988034147329218
1007,0.060463999211788175,0.003323435647721131
1008,0.09564663072427114,0.003063817757849149
1009,0.06537829488515853,0.0027172973060496444
1010,0.05081400722265243,0.002501265316336291
1011,0.04932321384549141,0.002397381465911396
1012,0.05219613114992778,0.0023523037107368036
1013,0.07078616470098495,0.002346839408360891
1014,0.06433468461036682,0.002395531555865048
1015,0.05695741424957911,0.0027121782328522817
1016,0.07480096320311229,0.0031087832969034046
1017,0.05741697922348976,0.00340420639465057
1018,0.05430074358979861,0.0033487974589059906
1019,0.07019290973742803,0.0034055786562980864
1020,0.0734802062312762,0.003712289867644
1021,0.048868719736735025,0.0037460851402381272
1022,0.06024013509353002,0.0038678092060713317
1023,0.05921872978409131,0.004108629545094226
1024,0.05307076945900917,0.003930538247420093
1025,0.05633797223369281,0.004004245689945427
1026,0.0494750440120697,0.004058926655932909
1027,0.06866149082779885,0.004011900358518043
1028,0.04591047962506612,0.004019765967987184
1029,0.05084523657957713,0.0042562788264371276
1030,0.071334275106589,0.004380514478589606
1031,0.05446573297182719,0.004195194955416552
1032,0.035975943754116696,0.0040837835271175455
1033,0.04891591009994348,0.004135770855222162
1034,0.04841324190298716,0.004428856914466995
1035,0.03877211213111877,0.004573369270381261
1036,0.03494918371240298,0.00446966282774027
1037,0.07468261420726777,0.0045107492451064695
1038,0.05281993399063746,0.004833007777681735
1039,0.04038291697700818,0.00528458146173067
1040,0.0392543355623881,0.005668045538587598
1041,0.06307287315527597,0.006386577386379711
1042,0.03714501659075419,0.007464394538010668
1043,0.05993210176626841,0.007824996185642996
1044,0.045378678540388746,0.00831390115777104
1045,0.03601775864760081,0.008927918515923455
1046,0.041423131028811136,0.009638608543304946
1047,0.04895267263054848,0.010067805317853848
1048,0.042204136649767555,0.009850252801039088
1049,0.05120806582272053,0.009109592857205962
1050,0.029108611991008122,0.008543687073264535
1051,0.05455277413129807,0.007352603313432435
1052,0.05350903272628784,0.0070443815133703035
1053,0.04042517890532812,0.007034115595963057
1054,0.03695294782519341,0.00728813244220544
1055,0.052791977177063625,0.0069563473376819465
1056,0.049513724197944003,0.006303592225698035
1057,0.06844244748353959,0.005166941146388298
1058,0.04550577128926913,0.004042720275483732
1059,0.05136631180842718,0.003458167297956277
1060,0.042954072107871374,0.0032539637136001754
1061,0.0517829289038976,0.00288616159864826
1062,0.04226237287123998,0.002450892262666772
1063,0.0452197910596927,0.002246367601186448
1064,0.05649882232149442,0.002176317886823392
1065,0.04444546177983284,0.0022101651549001964
1066,0.05478747983773549,0.0022467376524949166
1067,0.03661216547091802,0.002197201523698837
1068,0.03313885182142258,0.0022105121238919813
1069,0.05144354067742825,0.0022059228531576282
1070,0.049645930901169776,0.0022286141885253857
1071,0.03010460709532102,0.0021639025795794145
1072,0.07103737046321233,0.0020926268739207814
1073,0.07804932494958242,0.0020285183747159683
1074,0.04449310923616091,0.0019911001633493393
1075,0.03646060526371002,0.0020032935270738943
1076,0.04288817619283994,0.002047439227723993
1077,0.04668105753759543,0.0020674690173381545
1078,0.06132252365350723,0.002189996365391774
1079,0.04539438883463542,0.002247061267839818
1080,0.0374768927693367,0.0022681887870229134
1081,0.06200822244087855,0.0024533315789042496
1082,0.036362515886624654,0.0024620135026932584
1083,0.04930463234583537,0.0023990243840155993
1084,0.053923208514849344,0.0022831268207074737
1085,0.050056475400924685,0.00231047883706798
1086,0.04793876806894938,0.0020402933096909147
1087,0.05686982025702794,0.0018066812093978323
1088,0.04205707162618637,0.0016850932440757164
1089,0.047595244646072385,0.0015934532213549121
1090,0.04225069582462311,0.0015687309414071332
1091,0.04703092227379481,0.0015925472390500637
1092,0.039297682543595634,0.0015909873172787465
1093,0.05515108468631903,0.00157640284975976
1094,0.04955547886590163,0.0015531308214752164
1095,0.04297731419404348,0.001599364495546535
1096,0.040492647389570875,0.0016532340765322052
1097,0.034138234704732894,0.0016480877328165404
1098,0.0453549159069856,0.0015535749922191181
1099,0.0501217320561409,0.0014811129683691012
1100,0.03134966976940632,0.0014621870075242492
1101,0.03661264851689339,0.0014767370887529693
1102,0.049937463675936065,0.0015387772857468193
1103,0.044662683208783464,0.0016488886239395778
1104,0.04944956451654434,0.0017270045409961713
1105,0.03723320538798968,0.0016984105748161086
1106,0.044764299690723416,0.0017518480730015697
1107,0.040863855928182605,0.0017568943930393833
1108,0.048326850434144336,0.0018173784510723836
1109,0.04220315416653951,0.0019432553053488882
1110,0.042911702394485475,0.0017763290831115184
1111,0.0577272651096185,0.0016169292140957407
1112,0.0429633691906929,0.001619976634016686
1113,0.03954391504327456,0.0015992606379546402
1114,0.027226115763187408,0.0015903224473760471
1115,0.040561072528362274,0.0014841767444135987
1116,0.06504148319363594,0.0014655002817698557
1117,0.03641702259580294,0.0014518157227925486
1118,0.03742074718077978,0.0014413618356609115
1119,0.032117078080773354,0.001459234795972199
1120,0.035946432252724966,0.0014917779917595908
1121,0.04033317963282267,0.0014725969781215471
1122,0.0444636844098568,0.0014703973539276268
1123,0.042901285489400226,0.0014900188178317182
1124,0.0423714483777682,0.001470293532772811
1125,0.04485650397837162,0.001468049036659755
1126,0.03831305131316185,0.0014499638218837827
1127,0.024927124629418054,0.0014517466807151286
1128,0.04224259356657664,0.00148635522341429
1129,0.03164393852154414,0.0015431577179353597
1130,0.04085070714354515,0.0015915410009242124
1131,0.030670179426670073,0.0015734593396801062
1132,0.031047619382540383,0.0016233634284338143
1133,0.02851694871981939,0.0016818304296846935
1134,0.03999011988441149,0.0017306575199633133
1135,0.0492007665336132,0.0016378047481897895
1136,0.03177853301167488,0.0015527606056269815
1137,0.041327984631061555,0.0014658483885609964
1138,0.034300199896097186,0.001448838581518072
1139,0.04402863656481107,0.001525493632492382
1140,0.041012799739837645,0.00174106441907526
1141,0.037374817331631977,0.0020681442454545283
1142,0.047519414126873015,0.0024752618697303254
1143,0.02409837432205677,0.0030827740771974636
1144,0.04386822953820228,0.0032796502208674518
1145,0.04904140184322993,0.0030748497394067565
1146,0.04986915439367294,0.002725997705041893
1147,0.027213151380419732,0.002674394052505024
1148,0.03281864921251933,0.0027932001967129745
1149,0.03165723457932472,0.0028202983250064173
1150,0.041759697099526726,0.002865455507513458
1151,0.043967582285404205,0.0028585987330568352
1152,0.028994114696979524,0.003087853400520687
1153,0.030652903765439988,0.0034757006407429383
1154,0.02744026134411494,0.004067911847135213
1155,0.037226229533553125,0.0043026401265341
1156,0.03333359211683273,0.004030637597063865
1157,0.03305234263340632,0.0038645371398705196
1158,0.034731467440724376,0.003394903662783189
1159,0.02611408941447735,0.003358938199592622
1160,0.02929153690735499,0.0035584830737665414
1161,0.036896296838919325,0.004071814481051653
1162,0.03441705306371053,0.004023945039710191
1163,0.03180613256990909,0.003566899325874612
1164,0.03749158792197704,0.003208345465919399
1165,0.03644698212544124,0.0032275253173521183
1166,0.03322087203462919,0.0033285712867271245
1167,0.024054773648579917,0.0035541204508306003
1168,0.03861519458393256,0.003908222464213925
1169,0.046198774377504984,0.0036732780043123745
1170,0.042231305688619616,0.003560722079568022
1171,0.03408599520723025,0.003132675407733035
1172,0.02017667442560196,0.0028088255895404365
1173,0.024877971783280373,0.0026862059030535184
1174,0.035958686967690785,0.002620426536442375
1175,0.030827520042657854,0.00240757647447112
1176,0.02958963836232821,0.002218939699452576
1177,0.035098379105329515,0.002100023560181964
1178,0.029797578354676564,0.002077711544432274
1179,0.041785930097103116,0.0019197045315761032
1180,0.03776993739108245,0.0017256399407601496
1181,0.026174895465373993,0.0015003525250496005
1182,0.03321689342459043,0.001357959014158256
1183,0.024730396270751954,0.0013274760306336163
1184,0.030196615929404893,0.0013332452834033826
1185,0.030695448567469915,0.0013112497294145659
1186,0.03958780517180761,0.0013213079142215566
1187,0.034157112364967664,0.0014146908441206485
1188,0.03139216514925162,0.0016984306880837585
1189,0.03490264316399892,0.0020010990409664517
1190,0.04477089395125707,0.0020873821413833794
1191,0.030550772696733473,0.0020845196004516966
1192,0.027402635167042413,0.001990831603743429
1193,0.029934883614381156,0.0018666181108349656
1194,0.038556626190741856,0.0016534508354448545
1195,0.037806782871484756,0.0015177865884831454
1196,0.023254024609923363,0.001487446384225774
1197,0.029030930499235788,0.0015658404124446036
1198,0.03206167643268903,0.0016822140676695414
1199,0.024467135220766066,0.00187272809475191
1200,0.039083027342955275,0.00223197129657712
1201,0.025315519298116367,0.002454755895617088
1202,0.036345460017522174,0.0025331466862066523
1203,0.0388440211613973,0.002659222549267524
1204,0.02706644174953302,0.002899052391899383
1205,0.0337913878262043,0.002903408854906484
1206,0.03389711702863375,0.00261354323212556
1207,0.03190691520770391,0.00232732414055293
1208,0.03682602761934201,0.002175014361548494
1209,0.02449921431640784,0.0018718187187570991
1210,0.023612535869081814,0.001599964537239802
1211,0.025677771121263505,0.0014343183445487554
1212,0.032540826002756755,0.0013357456590188301
1213,0.035816577325264616,0.0013194463681429625
1214,0.0262015404800574,0.0012732474834614206
1215,0.020859767496585847,0.0011966535977388578
1216,0.035856036096811296,0.001159140535384622
1217,0.03443471640348435,0.0011276586396495013
1218,0.04256609318157037,0.0011415957609800197
1219,0.027575090155005456,0.00117251837734265
1220,0.03418767390151819,0.0012338550084849864
1221,0.02307822083433469,0.00127682053826852
1222,0.021906277413169542,0.0013021174048286255
1223,0.026614430422584216,0.0013151126973308975
1224,0.01818484514951706,0.0013030393339700879
1225,0.026002009958028795,0.0013437754805493132
1226,0.025947259987394014,0.0014307229334165849
1227,0.027211938053369522,0.0015951949492551563
1228,0.022337393090128898,0.00179718318303651
1229,0.01604455808798472,0.0018580488559943953
1230,0.036520346502463025,0.0019185186499421755
1231,0.023610831548770268,0.002126194804349518
1232,0.0330890084306399,0.0024411617264914233
1233,0.026737838983535767,0.0024512563300443683
1234,0.03342192322015762,0.002228127070152619
1235,0.024980953335762023,0.0020698359159122067
1236,0.029047282536824544,0.002018045923694616
1237,0.03214616030454635,0.0019159746561639422
1238,0.03156010843813419,0.0016577241659956419
1239,0.025397898505131404,0.001304266909247367
1240,0.027676465610663097,0.001105880738313009
1241,0.023731271674235662,0.0010369517496699012
1242,0.0331173708041509,0.0010319558096230103
1243,0.03287665496269862,0.001043617970692397
1244,0.022265425076087315,0.0010132843472235873
1245,0.024401156852642696,0.0010841929497688598
1246,0.027006456007560093,0.001285223253657968
1247,0.024498952180147172,0.0016275172728649158
1248,0.021701889112591743,0.0020016080362531613
1249,0.02316880946358045,0.002479680265688638
1250,0.02572357828418414,0.002855736212291586
1251,0.02785265396038691,0.003167877160746047
1252,0.02724530374010404,0.0037401948989493642
1253,0.023778581867615382,0.00406181891485462
1254,0.02374416266878446,0.004300390461855751
1255,0.018508112182219823,0.004820471086839992
1256,0.024447653939326606,0.005087013415053604
1257,0.02785476470987002,0.004967000584785394
1258,0.027517971272269886,0.004683862495287431
1259,0.01707354746758938,0.004430668806202534
1260,0.023589763045310973,0.004156721898860584
1261,0.021720424791177115,0.003679654454651076
1262,0.026576176782449088,0.0032679695071373867
1263,0.016662527248263358,0.003230168480484739
1264,0.03328422059615453,0.0034294799666881094
1265,0.024773441503445306,0.0035449486761170578
1266,0.027289606630802155,0.0033423114919991005
1267,0.03208129828174909,0.002986910789618342
1268,0.021747965986529987,0.002655812165164572
1269,0.02713330288728078,0.002221669778081141
1270,0.029407041457792122,0.001744828329927574
1271,0.03384804725646973,0.0016081185688770663
1272,0.02803015373647213,0.001560084174357824
1273,0.025347373882929482,0.0016022676484673982
1274,0.023642132927974065,0.0018016518694971958
1275,0.024872254207730295,0.0021851908719885773
1276,0.026500259588162104,0.0025585412495131568
1277,0.02057386493931214,0.002794643607371905
1278,0.026521176223953564,0.0027889808434553034
1279,0.018990196660161017,0.0028405290272996184
1280,0.021374492347240447,0.0027769500954355313
1281,0.0231550137201945,0.002540855331155728
1282,0.026838314533233643,0.0024271720899342315
1283,0.023638134201367695,0.002311787335202098
1284,0.0258364912122488,0.002183966327634618
1285,0.023954283694426218,0.00206645205616951
1286,0.021087704971432687,0.002065832337995214
1287,0.01932761160035928,0.0020326224218056663
1288,0.026942042261362077,0.001910361780337696
1289,0.01692213863134384,0.0017207590404780596
1290,0.02510015865166982,0.0016096554170399317
1291,0.024101403479774793,0.001441351367219344
1292,0.03651583244403203,0.0014144860732361792
1293,0.02401770477493604,0.0014811929381327836
1294,0.02585947314898173,0.0015688424959309458
1295,0.01906813681125641,0.0015997189898263868
1296,0.022471996645132702,0.0015987142421833174
1297,0.018353090373178324,0.0014673369601148907
1298,0.018575086692969003,0.0013173326985602537
1299,0.01595939074953397,0.0012429422207587348
1300,0.02733105644583702,0.0012786163880643764
1301,0.01933473323782285,0.0014384073786452179
1302,0.015841209888458253,0.001677713982071581
1303,0.028904379904270174,0.0019487598434266612
1304,0.01886412886281808,0.002264685776656655
1305,0.018640053148070972,0.002384025115871758
1306,0.015742714516818523,0.002492216012374623
1307,0.01980149851491054,0.002256766335642713
1308,0.017791621387004852,0.001957267619977434
1309,0.018896943082412083,0.0017183082174568429
1310,0.025248510017991065,0.001503692761129575
1311,0.022558540229996045,0.0014866794419188902
1312,0.0166335745404164,0.001557801877639777
1313,0.028781777992844582,0.001651991263222624
1314,0.01656430500249068,0.001876397826525522
1315,0.02191691684226195,0.0019664281968203353
1316,0.025888332227865855,0.0019385188168985403
1317,0.019078005043168863,0.0019526820992830935
1318,0.02166782394051552,0.001911447115799808
1319,0.01966669373214245,0.0018554988599521673
1320,0.016501967857281367,0.0019197360847115986
1321,0.0211312805612882,0.0020883561544648307
1322,0.018995001539587976,0.002237654050929457
1323,0.018754696659743785,0.0023756123635565907
1324,0.017416948328415553,0.002619771354677757
1325,0.019394127527872722,0.002610545768585848
1326,0.01219864139954249,0.0023427132377767655
1327,0.01944996292392413,0.002217542722923901
1328,0.014885554586847623,0.00234975253129158
1329,0.0209276482462883,0.0024832144643612735
1330,0.016296807676553726,0.00248123166393342
1331,0.01581848176817099,0.002591952316712324
1332,0.02757385137180487,0.0024901028817856876
1333,0.018404296847681204,0.002115538517951848
1334,0.016456661994258562,0.00185910320664778
1335,0.020979278658827146,0.0016068164240862206
1336,0.016684862350424132,0.001505102713841681
1337,0.021992907797296842,0.0014488682339671912
1338,0.015353512639800707,0.0013594020544881308
1339,0.016058888658881186,0.001200050398832055
1340,0.01681627705693245,0.0010863637448999825
1341,0.01915169395506382,0.0010292630644485824
1342,0.021750403257707756,0.0009775498944268686
1343,0.017848383635282516,0.0009643671407151645
1344,0.01397336640705665,0.0009471671279945125
1345,0.01867121582229932,0.0009709739962255391
1346,0.022180178202688694,0.0011474796347173415
1347,0.020925623426834742,0.001355090571794747
1348,0.01784702924390634,0.0013089871609686162
1349,0.01688936712841193,0.0014019381359410216
1350,0.025547122582793236,0.0013130194898034761
1351,0.01571531475832065,0.0011132322311379367
1352,0.021146708478530247,0.0009529367781346883
1353,0.020414314543207485,0.0008669930366307908
1354,0.014628775666157405,0.0008418159612076811
1355,0.018918710574507714,0.0008522215689803789
1356,0.012434438988566398,0.0008706349676005601
1357,0.02397141680121422,0.0008723251610961339
1358,0.01629292176415523,0.0008793694109703583
1359,0.021249576906363168,0.0008893501117557844
1360,0.020649434253573417,0.0008629914522116022
1361,0.02027009849747022,0.0009496237341989213
1362,0.01768802578250567,0.0010254041087359013
1363,0.02473562185962995,0.0010582945084081977
1364,0.013385030503074328,0.0011344015017137165
1365,0.023670764391620955,0.0011959336175561303
1366,0.01606248561292887,0.0012034234017001715
1367,0.01595859124014775,0.0011788306805473848
1368,0.01345389299094677,0.0011251829262074874
1369,0.015608747055133184,0.0010546072648368835
1370,0.01497020988414685,0.001056915656003485
1371,0.01771267851193746,0.0010622796633713476
1372,0.017350922524929046,0.0010751567379476165
1373,0.01844324270884196,0.0011048196222794456
1374,0.01578103266656399,0.001115414937298129
1375,0.014436669647693634,0.001055316026982536
1376,0.022869918619592984,0.0009582212087551616
1377,0.024134622265895207,0.000950763948485402
1378,0.01655465178191662,0.0009610546380648111
1379,0.013213030621409416,0.0010067725253445426
1380,0.015317246038466691,0.0010545236722192192
1381,0.013483138382434845,0.0011110612893418417
1382,0.012393274406592051,0.0012188786539931115
1383,0.023919405664006868,0.0011852159335343975
1384,0.014365008970101675,0.0011337956002964748
1385,0.013771832113464673,0.0010628944911854708
1386,0.016046600975096227,0.0010040788324623127
1387,0.018316619843244553,0.0010211871768252587
1388,0.017242174843947092,0.0009580384197417558
1389,0.0197038859128952,0.0009220569906939613
1390,0.018264931564529737,0.0009064485450040579
1391,0.014427051941553751,0.0008951113435557098
1392,0.014004765823483468,0.0009111291760996747
1393,0.01812074929475784,0.0009328112845844406
1394,0.013474919771154722,0.0009573554484023324
1395,0.021637742035090925,0.000968190208654924
1396,0.01417950534572204,0.0009911464069837954
1397,0.01643309791882833,0.001027164882228629
1398,0.02414766848087311,0.0010355775891693207
1399,0.0152001125117143,0.0010407570530440453
1400,0.01654229642202457,0.0011224289549382654
1401,0.015467970818281173,0.001148844388951584
1402,0.017719883595903714,0.001195125736472175
1403,0.011795403249561787,0.0012281758886739963
1404,0.011422002936402957,0.0012290412092610724
1405,0.012360185757279396,0.0012886913870937945
1406,0.01104819526274999,0.0013657581578118828
1407,0.01578078605234623,0.0015315745102872295
1408,0.014897762735684713,0.001729565987906118
1409,0.013542713783681392,0.0018739320418438103
1410,0.013750387355685234,0.0017998198168278914
1411,0.012454699104030928,0.0018252972458437907
1412,0.013846729695796967,0.001821891010526245
1413,0.013364783301949502,0.001854414140482939
1414,0.013523270562291145,0.001974850443859152
1415,0.01455559190362692,0.001876119395908643
1416,0.01893474708000819,0.0017664164458731496
1417,0.01433975740025441,0.001574254444411655
1418,0.016717489063739776,0.001431399730848163
1419,0.008861709882815679,0.0013556624570216134
1420,0.008881463389843702,0.0013693497657379884
1421,0.01466631240521868,0.0013787424279831527
1422,0.014720318590601284,0.0015027190899608407
1423,0.010195043155302603,0.0016180226106313974
1424,0.016157158464193345,0.0014994247856835916
1425,0.013373029418289661,0.001378037776123351
1426,0.015060475654900074,0.0014483208812069235
1427,0.018188714794814587,0.001505492951750286
1428,0.016635477542877197,0.0014596699377683205
1429,0.018486421120663486,0.0013578679947930529
1430,0.01719923745840788,0.0012835700800055711
1431,0.01747273256381353,0.0011831236247882599
1432,0.01382102792461713,0.0010820903941827613
1433,0.01586802788078785,0.0010069409031494279
1434,0.016310437644521395,0.0009886403806419588
1435,0.008798722891757886,0.0010167991918489689
1436,0.014208467615147432,0.0010577966779925106
1437,0.014164807523290317,0.0011946520232778834
1438,0.007550381869077682,0.00135604226521737
1439,0.01028529020647208,0.001425776135645748
1440,0.013078887729595106,0.0014365243773144765
1441,0.012339817111690838,0.0013009738901219382
1442,0.013139795139431953,0.0011677139550520796
1443,0.014997350424528122,0.0011755044848885475
1444,0.01083976129690806,0.001242416569831099
1445,0.009274555152903001,0.0012938027209638962
1446,0.01113356618831555,0.0012610680607008182
1447,0.008624804206192493,0.001165176878360606
1448,0.01033822235961755,0.0010984513292631765
1449,0.013092278844366471,0.0011084628214428978
1450,0.015771644252041975,0.001192156729603729
1451,0.012387140716115633,0.0012677849901062766
1452,0.008822875128438075,0.0013094545932354656
1453,0.01025043788055579,0.0014012197113236573
1454,0.008041155772904556,0.0014656237179897433
1455,0.013545505329966545,0.0016545603458776952
1456,0.012103425959746042,0.0016278607704801353
1457,0.013107448692123096,0.0014623495966460058
1458,0.012073137735327085,0.0012738941178664447
1459,0.009041488605240981,0.0012434508255499555
1460,0.00919397659599781,0.0012492215348862289
1461,0.01338277847195665,0.0012590955781537716
1462,0.014358518893520038,0.0011811938254148002
1463,0.008565840932230154,0.001139966471260047
1464,0.009356457367539405,0.001206423012965073
1465,0.012312821795543034,0.0011513918797727528
1466,0.016514936462044716,0.00109542846060028
1467,0.0115426583836476,0.0010146485553599717
1468,0.012648713961243629,0.0009097988436761217
1469,0.010687867427865665,0.0007878504404761484
1470,0.01043563112616539,0.0007475712762844902
1471,0.017893792067964872,0.000738785630568686
1472,0.011772152595221996,0.0007428149972294318
1473,0.015162320683399837,0.0007286682714869481
1474,0.010880631705125174,0.0007431473033906027
1475,0.013630416989326478,0.0007802936437312425
1476,0.009248403397699197,0.000812472741662224
1477,0.01021388741210103,0.0008178389728377302
1478,0.010849796359737714,0.0008351053583333049
1479,0.014727593834201495,0.0008355284230710249
1480,0.009674123798807463,0.0008749919572265775
1481,0.008609544423719247,0.0009343312534422973
1482,0.00989294225970904,0.000969128537461103
1483,0.011177970531086127,0.0010419085211171878
1484,0.007444741949439049,0.001182859245592391
1485,0.011483192009230455,0.0011958941628452478
1486,0.011728066578507423,0.0009783945453360559
1487,0.007860641553997993,0.0008465415641379462
1488,0.007577756357689699,0.0007772850405285502
1489,0.012968768800298373,0.0007853880762965895
1490,0.01094921181599299,0.0007958738518306824
1491,0.013423363802333672,0.0008835931506565236
1492,0.007850194349884987,0.0009129475747183787
1493,0.011626776990791161,0.001001358524470876
1494,0.007815386354923248,0.0010736424780238096
1495,0.012327563172827164,0.0010444298404906913
1496,0.00956280566751957,0.0010846509216866625
1497,0.010596397146582604,0.0011997932172197058
1498,0.009212039628376563,0.001378902501800633
1499,0.0086049842958649,0.0016198849404509376
1500,0.011150882951915264,0.0017841041187103104
1501,0.012038573808968066,0.0018165768179162515
1502,0.007687301809589068,0.0017219596601083993
1503,0.008874996534238259,0.0016146436641652753
1504,0.012308895215392112,0.001556336386569255
1505,0.012796155146012704,0.0015461768892659682
1506,0.008575617180516323,0.0015287768282729575
1507,0.011384612570206324,0.001430334521486886
1508,0.008963116134206453,0.0013691625295676232
1509,0.005711285273234049,0.0012770545142739423
1510,0.009997450808684031,0.0011858544578247769
1511,0.0077101696282625195,0.0010942684195011736
1512,0.00800232645124197,0.0010091632615598872
1513,0.011717702106883129,0.0009409368421339731
1514,0.008336047207315763,0.0009232175620786083
1515,0.00845544586579005,0.0009332263560811659
1516,0.00869356282055378,0.0009734971232448271
1517,0.010689202354600032,0.0009572785100202978
1518,0.006558886542916298,0.000959740428246675
1519,0.006983234112461408,0.0009779767344126433
1520,0.007146616683652004,0.0010266102305943453
1521,0.008409337202707926,0.0010284666809818055
1522,0.007190964433054129,0.001059593095656807
1523,0.009251216488579909,0.0010963749932491873
1524,0.006820236332714558,0.0010696398470125448
1525,0.007593001890927553,0.0010330173293289942
1526,0.006819469481706619,0.0010640872431566984
1527,0.006890522347142299,0.0011139105140106885
1528,0.011190902317563693,0.0010696331178402807
1529,0.007576136477291584,0.0010299682681353425
1530,0.0108978604276975,0.0010599360075287932
1531,0.01064631591240565,0.0011947971455180857
1532,0.011752423333624999,0.001308817335763785
1533,0.011723069349924724,0.0015718280686080222
1534,0.007971048603455226,0.0017878516819181405
1535,0.008861043180028597,0.0018620676210692783
1536,0.005799144692718983,0.0018113283605468789
1537,0.00846208141495784,0.0016346953068603213
1538,0.010454729634026686,0.0013723111836107698
1539,0.010782745728890101,0.0011911260121773312
1540,0.008531793424238761,0.0010500761980968198
1541,0.010660456617673238,0.0009600054908096496
1542,0.010047062734762828,0.0008972807449112669
1543,0.007333067835619053,0.0008628069451555434
1544,0.008391492068767548,0.0008721045854567425
1545,0.006469007022678852,0.0008515412415062466
1546,0.008848875140150389,0.0008876116100266048
1547,0.009013978547106187,0.0009732544376316855
1548,0.011110164473454158,0.0010348406480991934
1549,0.007550843991339207,0.0010473713687599057
1550,0.006890602596104145,0.0010501594488017672
1551,0.00911239224175612,0.0009800955413943376
1552,0.008558643485109011,0.0009016190237534328
1553,0.010331155794362227,0.0008388823929506787
1554,0.007855372503399849,0.0008520174292136189
1555,0.006701379269361496,0.000873715698803357
1556,0.008649114519357681,0.0008783418663198085
1557,0.006209206332763036,0.0008214866255747346
1558,0.008529938509066899,0.000813192610471238
1559,0.006231366780896982,0.0008086462630743645
1560,0.007926835461209219,0.000807196475239104
1561,0.007518274337053299,0.0007758314045710768
1562,0.006467798600594202,0.0007492382634856452
1563,0.006012765318155288,0.0007278750555252465
1564,0.00765365973735849,0.0007512936587207108
1565,0.007117133090893428,0.000834153690118724
1566,0.008619940343002478,0.0008692076662555337
1567,0.009162484978636106,0.0009674627148714943
1568,0.008667939466734727,0.0009614018142208692
1569,0.00655345704096059,0.0009823708843593815
1570,0.00817039745549361,0.0008745959040518175
1571,0.006320318828026454,0.0007333984803848379
1572,0.0063162410321335,0.0006561715868081692
1573,0.0074243292212486265,0.0006164161214104479
1574,0.006261772522702813,0.0006124745576260208
1575,0.007348851176599661,0.00061282354208671
1576,0.006776427260289589,0.0006061038508537816
1577,0.005803224444389343,0.0006002193674542318
1578,0.00545290932059288,0.0005946018981784454
1579,0.008372541206578413,0.0005945716310254899
1580,0.007710588521634539,0.0005929557126250089
1581,0.007585965966184934,0.0006107004635736317
1582,0.007335467574497064,0.0006332430953258927
1583,0.006677532847970724,0.0006368635293356634
1584,0.007054152277608712,0.0006504066260513212
1585,0.005218416266143322,0.0006482492924730227
1586,0.006263658031821251,0.0006375584971823355
1587,0.008135759551078082,0.0006484818522448058
1588,0.008214450317124526,0.0006268733177851064
1589,0.006094219038883845,0.0005934534259378822
1590,0.008673010766506195,0.0005800031195669691
1591,0.006499530623356501,0.0005768428566475127
1592,0.008186582786341509,0.0005660963410994691
1593,0.006483733591934045,0.0005637817890300804
1594,0.006407465568433205,0.0005643640817981763
1595,0.006850609555840492,0.0005621839650768207
1596,0.009146666402618091,0.0005641590272086511
1597,0.007857745078702768,0.0005735118298101107
1598,0.00663314883907636,0.000575918557033434
1599,0.008473969747622807,0.0005851727749925018
1600,0.0058359347904721895,0.0006253159383594198
1601,0.004358738226195176,0.0006388667874646879
1602,0.008253648380438487,0.0006336582103637817
1603,0.0060811618032554785,0.0006479866583611611
1604,0.005856332617501418,0.0006458904467226102
1605,0.005212582213183244,0.0006173505453763192
1606,0.0066745017965634664,0.0006083033476611526
1607,0.005695120400438706,0.0005900644007236074
1608,0.006662090867757797,0.0005940146159653838
1609,0.00701315924525261,0.0006034096093815348
1610,0.0054237144688765206,0.000580244798519865
1611,0.007740848201016585,0.0005729861818902528
1612,0.009341723161439101,0.0006013350598872722
1613,0.005398843747874101,0.0007051899718665187
1614,0.00594636748234431,0.0008691599309319762
1615,0.006659275107085705,0.000909889674897665
1616,0.004956969960282246,0.0008187982390999545
1617,0.005196238029748201,0.0007355656045375348
1618,0.007877766015008092,0.0007287662805839053
1619,0.010603927758832772,0.0007844559460333879
1620,0.007072178522745768,0.0007965402316951054
1621,0.004953842206547657,0.0008200788425875636
1622,0.005548665300011635,0.000773318528058374
1623,0.005221020802855492,0.0007217299689513111
1624,0.004148850124329329,0.0006987310816051703
1625,0.003846765123307705,0.0006757841857313361
1626,0.00551376409518222,0.0006423019507293054
1627,0.007519576760629813,0.0006105302948519353
1628,0.006289421673864126,0.0006129324047640149
1629,0.005784032990535101,0.0005926813502996742
1630,0.006307702697813511,0.0005845987110746581
1631,0.0071403463060657184,0.0005627654153520451
1632,0.006277115518848101,0.0005628130019195084
1633,0.007317181893934806,0.0005771801930448447
1634,0.007517662830650806,0.0006055687512931099
1635,0.008532978097597758,0.000634242354834445
1636,0.005043061512211958,0.000624365337820005
1637,0.006249002739787101,0.0006200545331656632
1638,0.0050601907540112736,0.0005866256879661397
1639,0.0059741626183191935,0.0005688937544189284
1640,0.005654496295998494,0.0005642896624729789
1641,0.006748423787454764,0.0005413187699466688
1642,0.005945158035804828,0.000516437300811815
1643,0.0061096416786313055,0.0005159444451173053
1644,0.007327923427025477,0.0005167900938066328
1645,0.006156522159775098,0.0005156351569923114
1646,0.003963669311876098,0.0005159004337806759
1647,0.006441542102644841,0.000517180906336855
1648,0.006468501966446638,0.0005369585902572427
1649,0.005245812454571327,0.0005770338421131073
1650,0.006991343339905143,0.0006545533558562779
1651,0.007747888347754876,0.0007263662577258409
1652,0.005293766843775908,0.000702654728143454
1653,0.0048849911739428835,0.0006558822805825511
1654,0.005595515420039495,0.0006339141204022788
1655,0.00481709858092169,0.0005990835852285308
1656,0.005949944785485665,0.0005825054316470256
1657,0.004716441531976064,0.0005580574229533677
1658,0.00666622631251812,0.0005603097443373536
1659,0.005031622418512901,0.0006268073895883813
1660,0.0063677123747766014,0.0006841294312534311
1661,0.00485760352263848,0.000731095865755672
1662,0.005791740398854018,0.0007397821977437569
1663,0.005467123227814833,0.0007431717570247788
1664,0.004135467670857906,0.0006817628716129634
1665,0.004391137836501002,0.0006328393545003578
1666,0.005784197710454464,0.0006001069280135585
1667,0.006038891818995277,0.000587200254956297
1668,0.003858118628462156,0.0005822654139327516
1669,0.0035444272061189016,0.0005838301879084324
1670,0.005144794347385565,0.0006000263201426641
1671,0.004445568596323331,0.0006086624193777088
1672,0.004445477761328221,0.0006199512029374678
1673,0.004472231771796942,0.0006047956765570685
1674,0.005816188920289278,0.000574987618423133
1675,0.005851706303656101,0.0005464984730113386
1676,0.0047734974883496765,0.0005416225479946905
1677,0.005023058814307054,0.0005428231805441516
1678,0.005639968067407608,0.0005481243401093915
1679,0.005354619243492683,0.0005465066617865328
1680,0.004923435611029466,0.0005292355154371017
1681,0.004987575206905603,0.0005162777908953726
1682,0.005917982757091522,0.0005104721172885303
1683,0.004630526698504885,0.0005034314735249917
1684,0.006375906864802042,0.0004981591552255335
1685,0.0041513750329613686,0.0005054224276659446
1686,0.0054584688196579615,0.0005237051791339145
1687,0.0073183585579196615,0.0005255360564209638
1688,0.004153916550179323,0.0005170972234070829
1689,0.0038818286110957464,0.0005055882300682894
1690,0.0035558581352233888,0.0005016617990152976
1691,0.004055319509158532,0.0004963698237996886
1692,0.005154660933961471,0.0004909235480098021
1693,0.004935484503706297,0.0004958940419561173
1694,0.0050993955383698145,0.0005138297256697716
1695,0.005097587111716469,0.0005364312017722056
1696,0.0045994104817509655,0.000533006618451774
1697,0.006405927333980798,0.0005153056481718723
1698,0.005980346817523241,0.0005080521814736531
1699,0.004622606529543797,0.0005049611773205198
1700,0.005349169795711835,0.0005010341968969213
1701,0.005015490514536699,0.0004989332856485981
1702,0.004470247713228067,0.0004991044118891811
1703,0.00497473335514466,0.0005025904503968126
1704,0.004457503510639072,0.0005062333775927037
1705,0.00453771986067295,0.0005153642032884073
1706,0.0034915386388699216,0.0005162402296378772
1707,0.0032470915466547012,0.0005116740447579283
1708,0.004254375429203113,0.0005063579545910796
1709,0.0034506493480876087,0.000508114484539079
1710,0.005468639731407166,0.00050467578260245
1711,0.005230217799544334,0.0004927920281905846
1712,0.0043646943445007,0.0004894067530521292
1713,0.00433655371889472,0.00048319422448124766
1714,0.007168107852339745,0.0004857599450065388
1715,0.004998729626337687,0.0004879241208065765
1716,0.0036609981209039686,0.0004851462835871443
1717,0.005013104248791933,0.0005013097784178071
1718,0.004529339882234733,0.0005175601630565604
1719,0.0041165181746085485,0.0005382887482153633
1720,0.004572381436203917,0.0005256471217368862
1721,0.007710717835774024,0.0004890230407393638
1722,0.004506932788838943,0.00047013988925869837
1723,0.003288200388972958,0.00046148899545953574
1724,0.0043609236677487695,0.0004581056799957076
1725,0.0046650649048388,0.00045786594539925666
1726,0.004670247746010621,0.0004614715685599413
1727,0.005150145804509521,0.00047146052345379137
1728,0.004390419895450274,0.0004836542755039386
1729,0.004301577915127078,0.000484830689305182
1730,0.005478959872076908,0.0004895062480199423
1731,0.005368598643690348,0.0004777847142126063
1732,0.003293417828778426,0.0004730595180055073
1733,0.005079288966953754,0.0004754888339691858
1734,0.002870479226112366,0.00047713535888588944
1735,0.0042115560422341025,0.0004820240551273991
1736,0.0036151586410899956,0.0005024656250992217
1737,0.004001892016579707,0.0005350123455438133
1738,0.004138219480713208,0.0005416299551487057
1739,0.004732206595751146,0.0005265684997961731
1740,0.004238469060510397,0.0005141105058265659
1741,0.0037201274496813613,0.000523687368506331
1742,0.0048261853555838265,0.0005326416541906587
1743,0.0029731499031186103,0.0005315659460808723
1744,0.002638023595015208,0.0005094421097406508
1745,0.003604920906946063,0.0004913848758055041
1746,0.003851883082340161,0.0004827555331135009
1747,0.004199423578878244,0.0004884180529453569
1748,0.0033783229688803353,0.0005028505519096758
1749,0.004035632405430078,0.0005126228848020555
1750,0.0028922736644744875,0.0005049734188041051
1751,0.004844120517373085,0.0004921347397390405
1752,0.002705740618209044,0.0004945611943858382
1753,0.00420998918513457,0.0004901262414560325
1754,0.005195106845349073,0.0004910813740075463
1755,0.0025199420129259427,0.0004824517145249319
1756,0.0024181292702754337,0.0004794748737023881
1757,0.004055457888171077,0.0004727217084632505
1758,0.0029255360054473083,0.0004671303783516481
1759,0.0037147892639040948,0.0004642071298123454
1760,0.004052151770641406,0.00046728853216494124
1761,0.003755723281453053,0.00046777368297124504
1762,0.0029002425105621415,0.000459228896950548
1763,0.005625487087915341,0.00046099152262923585
1764,0.004166611284017563,0.00047961413235505346
1765,0.003395091493924459,0.0005136085128756313
1766,0.0033319536906977493,0.0005435918562763231
1767,0.0025209150121857722,0.0005260917143717474
1768,0.004397795737410585,0.00048651234069761203
1769,0.0030384040127197903,0.00045706486134159915
1770,0.0032108832305918138,0.00045058166349516845
1771,0.004586010736723741,0.000445229879263447
1772,0.004495089951281746,0.00044239464517256314
1773,0.003333787899464369,0.00044085497260612744
1774,0.004081889847293496,0.0004422227752732533
1775,0.0036186414149900277,0.000443817817554871
1776,0.0030471483866373696,0.00044389861518789615
1777,0.002014764832953612,0.00044287532326295803
1778,0.005192603915929794,0.00044283715863092243
1779,0.004316688577334086,0.0004464466979755336
1780,0.0038142777979373933,0.00044482818684556385
1781,0.004164111117521922,0.0004429324897995054
1782,0.002386891841888428,0.0004379078414986427
1783,0.0028664119696865478,0.00043530872022443426
1784,0.00297816707752645,0.0004362555449285616
1785,0.0033295899784813324,0.0004432963054368454
1786,0.002475081958497564,0.0004541375268973487
1787,0.003793204917261998,0.0004492018885692118
1788,0.0023434219571451345,0.00045037070824008427
1789,0.0037424140609800816,0.0004533077756168209
1790,0.0031189382386704284,0.0004614358883236849
1791,0.004748636266837517,0.00046588480769045647
1792,0.0030393428169190884,0.0004552997689915367
1793,0.002719149800638358,0.00045456742400275523
1794,0.003037009636561076,0.0004665780640972639
1795,0.00239265775308013,0.00047882700135691206
1796,0.0026673425765087206,0.0005000274115990055
1797,0.003111041896045208,0.0005191981432777023
1798,0.0034297763369977472,0.0005276714329924948
1799,0.0033606392331421374,0.0005048184290548464
1800,0.003950379509478808,0.0004734673797300518
1801,0.003992805164307356,0.00045961184089067926
1802,0.003508061170578003,0.00045912518113240596
1803,0.003063433663919568,0.0004616048742152955
1804,0.0041972219633559385,0.000467044387410778
1805,0.003132325348754724,0.000479466494753284
1806,0.003222673044850429,0.0004947313935577037
1807,0.0019332131642537812,0.000498989102025938
1808,0.003663183655589819,0.0005109761641936021
1809,0.002999215697248777,0.0005053742563291948
1810,0.0034335223337014515,0.0004941008314279488
1811,0.002807820332236588,0.0004884850923118629
1812,0.002574464352801442,0.00047509744940976446
1813,0.0030206366286923488,0.000472676544453088
1814,0.0039261695618430775,0.0004822071599288235
1815,0.0030696927880247433,0.0005054004799116743
1816,0.0020815643326689798,0.0005385909997445611
1817,0.002810310199856758,0.0005591644618594213
1818,0.003361701002965371,0.0005646261643122434
1819,0.0029590615769848226,0.0005462437067877531
1820,0.002587612702821692,0.0005331526909850347
1821,0.002042925210359196,0.0005044370998688478
1822,0.003751840783903996,0.00046090168275333683
1823,0.003355534716198842,0.0004451314162140516
1824,0.0024118134674305717,0.00046479146920491054
1825,0.003467456142728527,0.0004852364965742931
1826,0.0029680133952448766,0.00048383389212104937
1827,0.0035035363708933193,0.00046230385069209186
1828,0.0025451847817748786,0.00045467715774682045
1829,0.002547405636869371,0.00045060433458418155
1830,0.0021871862389768165,0.000454196415973893
1831,0.002094873258223136,0.00046538979523310135
1832,0.0031980761016408604,0.0004938874527132303
1833,0.001895522465929389,0.000523971874776982
1834,0.0024321131873875856,0.0005438256761064664
1835,0.0033673414029181,0.0005554343523562146
1836,0.003116737523426612,0.0005604622284716773
1837,0.0024045318365097045,0.0005300354260532368
1838,0.0024264711576203507,0.0005113000327647447
1839,0.002051932488878568,0.0005033180053097445
1840,0.0021657634216050306,0.00048468280548099647
1841,0.0026814675269027552,0.00046988843296562625
1842,0.0032185090860972804,0.00045719627012759005
1843,0.0023963977582752705,0.0004542974171293847
1844,0.002729566162452102,0.00045306244663252286
1845,0.0026788019575178625,0.00045155172427071443
1846,0.0025386877668400606,0.00045191958570213735
1847,0.0030020969609419507,0.00044957745464535397
1848,0.004143847214678923,0.0004462921015433458
1849,0.002570366417057812,0.000445206876423709
1850,0.0017176437036444743,0.00044253161601995176
1851,0.003495745485027631,0.00044001968038309865
1852,0.003188366023823619,0.0004388369280518884
1853,0.0021714051021263004,0.0004355731616204311
1854,0.0032797202312697966,0.00044211958017305417
1855,0.0028694610732297103,0.0004455191640407452
1856,0.0018734895003338656,0.0004325246067431961
1857,0.0022610952767233056,0.000425150706650752
1858,0.002542290308823188,0.00042496066171726106
1859,0.0019175342905024687,0.0004285841300376823
1860,0.002034315560013056,0.00043477561331652456
1861,0.0022453278535977004,0.0004367293216872229
1862,0.002124856443454822,0.0004342730142482429
1863,0.002780820444847147,0.00043717474696090293
1864,0.0025464367121458054,0.00043672306040343396
1865,0.0017456071140865485,0.00044247498389031676
1866,0.002210747916251421,0.00045558562137521793
1867,0.0018690946356703837,0.00046925390821042396
1868,0.0022485297095651427,0.0004768805071554792
1869,0.002406207052990794,0.00048331292948821254
1870,0.0031877577925721805,0.0004808107723516786
1871,0.0021180655496815842,0.0004678785139194087
1872,0.002393837148944537,0.00046030293569355145
1873,0.0023297883725414675,0.00046136970564747767
1874,0.0020618448111539085,0.0004592068279899957
1875,0.002392839780077338,0.0004496802691757307
1876,0.0020267747963468234,0.0004438869088166187
1877,0.0025894574200113615,0.0004436598891064875
1878,0.0019341724303861458,0.00044870532792271023
1879,0.002462480356916785,0.00045350611439720894
1880,0.0018116174886624017,0.0004628050120068003
1881,0.0020986724567289153,0.00048415580752725514
1882,0.002117972355335951,0.000528335743734987
1883,0.0016907894363005955,0.0005545085169994603
1884,0.0023644788811604182,0.0005740691513770927
1885,0.0016187024031144878,0.0005642420370049232
1886,0.0023189293996741375,0.0005585484630171591
1887,0.0016355031713222465,0.0005354667233677185
1888,0.002208249100173513,0.0005308667739338102
1889,0.002844415884464979,0.0005301923240584461
1890,0.002456588763743639,0.0005166545956818145
1891,0.0017727597694223126,0.000495265836907206
1892,0.001938828550434361,0.0004901994816320912
1893,0.0021046285051852464,0.0004773793916970099
1894,0.00230537267246594,0.00046433067180933136
1895,0.001622444938402623,0.00045124554312284934
1896,0.002117272761339943,0.0004508823921291985
1897,0.0033409365142385164,0.00044393093233474797
1898,0.0027515321504324674,0.00044220834641731295
1899,0.003407287752876679,0.00043804062374874775
1900,0.0021241241755584877,0.00043701722733396854
1901,0.002419588575139642,0.00043833966164107894
1902,0.0018292215807984272,0.00044055990642523894
1903,0.0018318985899289449,0.0004469916654606217
1904,0.0013333310994009177,0.00045316178638468116
1905,0.0021453710893789926,0.00045562825131830007
1906,0.0021144259177769222,0.00045664594352016623
1907,0.0020436720301707585,0.00046652484633964415
1908,0.002111214663212498,0.0004639622815819338
1909,0.00162783726118505,0.000456158490854386
1910,0.0025728286243975164,0.00045145148319498393
1911,0.0021474003636588654,0.0004473012619401263
1912,0.001636879751458764,0.0004541631827116476
1913,0.0018935921679561337,0.0004606699188395475
1914,0.0017694390029646457,0.00046185862278592347
1915,0.0015098474454134704,0.0004481592495363929
1916,0.0022543363738805056,0.00044115121453450136
1917,0.001939527690410614,0.0004385423830007219
1918,0.0016281764178226392,0.0004400070634643973
1919,0.0015559620534380278,0.0004423235646310614
1920,0.0019121359723309676,0.00044923091239278026
1921,0.0024637023918330668,0.0004627964250877679
1922,0.0021774711863448222,0.0004922287317160627
1923,0.002314248774200678,0.000521139695327894
1924,0.0022061292082071306,0.0005372698146320044
1925,0.0015735479847838482,0.0005289939721206599
1926,0.002147949952632189,0.000509239593772841
1927,0.0022545483118544024,0.00048272619557871273
1928,0.00224161713073651,0.000467394897588217
1929,0.0019263182301074266,0.0004407680247336036
1930,0.0018279030220583082,0.0004228679150744895
1931,0.002017560228705406,0.0004094603899235569
1932,0.0016340098499010006,0.00040489082297655814
1933,0.0014153047076736888,0.00040602305258704923
1934,0.0022896639071404933,0.0004076990123150866
1935,0.001549808836231629,0.0004092004221780285
1936,0.0016381097724661232,0.00041247125930059106
1937,0.0018396917652959625,0.0004211244047221803
1938,0.002011419227346778,0.00043933116902499165
1939,0.0019803323317319154,0.0004615666873901569
1940,0.0019844419478128356,0.0004889661361193871
1941,0.001634863775689155,0.0005253145519798021
1942,0.00148137251380831,0.000531986579101892
1943,0.0017678383893022934,0.0005244866395543337
1944,0.002109827535847823,0.0005182948115411926
1945,0.0010903965837011735,0.0005110600136181956
1946,0.0022974131473650536,0.0005251040327450715
1947,0.0017496313123653332,0.0005363293629649323
1948,0.0017038377312322457,0.0005362327843097838
1949,0.0021827700935925045,0.0005523154653441967
1950,0.0016807063249871135,0.0005505915564360229
1951,0.0016937784540156523,0.0005349290759328342
1952,0.001751022692769766,0.0005129420391685425
1953,0.0015867458811650674,0.0004913686972554209
1954,0.0014981600688770413,0.0004812671381734517
1955,0.0023041765360782545,0.0004988028399172371
1956,0.0012953170652811727,0.0005214936841292101
1957,0.00213620502812167,0.0005392804266344096
1958,0.001250283047556877,0.0005144179728996801
1959,0.002098911162465811,0.0005048809066143503
1960,0.001456550469932457,0.00048284270777962883
1961,0.0020116569319119054,0.0004669236588497155
1962,0.0016453061563273272,0.00047437208851315376
1963,0.0018609059664110343,0.0004928469116268789
1964,0.001332376307497422,0.000515560951477144
1965,0.001814321071530382,0.000493030911829418
1966,0.0014786821557208896,0.0004866423406046962
1967,0.002232024725526571,0.0005311319124646573
1968,0.0019263907801359893,0.0006044003161451391
1969,0.0014669026636208097,0.0006603833249454775
1970,0.0014130937168374657,0.0006907267897485162
1971,0.0013361143336320916,0.0006680784829045228
1972,0.0020666996637980144,0.0006513314041598722
1973,0.0019692785106599333,0.0005994971844323683
1974,0.0018798746867105364,0.00051804877566467
1975,0.0016043842188082635,0.00045692876794175646
1976,0.0011823006672784687,0.0004231780327159424
1977,0.001286386636396249,0.00041189685785279225
1978,0.002133345006344219,0.00041000505009969497
1979,0.0016151355113834143,0.00041074186254435495
1980,0.0013663505048801502,0.0004138680509297089
1981,0.0023703333145628372,0.00042431703366487705
1982,0.0014842862573762735,0.00044607601871468334
1983,0.0014208994650592407,0.0004684303070906198
1984,0.0015948169554273288,0.0004941189516561223
1985,0.0014970993623137474,0.000512277773685944
1986,0.0014870707100878159,0.0005159217516633161
1987,0.0014486905032147963,0.0005225841473654191
1988,0.0016800030445059142,0.0005253150873069512
1989,0.0020808911261459193,0.0005231148521617553
1990,0.0013616647260884444,0.0005029427633789464
1991,0.0014598055432240168,0.0004775498802457408
1992,0.0019182649984334907,0.00046648871493672466
1993,0.0014632942310223976,0.0004615431092198256
1994,0.0017853810141483942,0.00045695525159675254
1995,0.0019086600669349233,0.00046719520509299847
1996,0.0016247546067461372,0.0004704998743442606
1997,0.0016515468169624606,0.0004611289781549447
1998,0.0019362553178022305,0.0004647611210138288
1999,0.0014580539427697659,0.0004641032419887034
2000,0.0010484686198954781,0.00046748703601861766
2001,0.0015401269309222698,0.0004878473068462817
2002,0.0013750779326073825,0.0005028827633116556
2003,0.0016738496255129577,0.000497161415561403
2004,0.0010625824409847457,0.0005048245449841947
2005,0.002187328017316759,0.0005348213450106843
2006,0.001662704759898285,0.0005554530983167429
2007,0.0011134494251261154,0.0005857884337553593
2008,0.0014839108296049138,0.0006098825334182639
2009,0.0016571110929362476,0.0006035982682021321
2010,0.0013570467165360848,0.0005915704505026751
2011,0.00153992366977036,0.0006097630390486731
2012,0.0014982224636090299,0.0006285562259273412
2013,0.0012475799613942704,0.0006204362407301032
2014,0.0012821210703502098,0.0005998568603398616
2015,0.0025413202121853827,0.0005730395494065592
2016,0.0014893936614195505,0.0005314498649374765
2017,0.0018100755910078685,0.00052895369425262
2018,0.001489488633039097,0.0005222221192038493
2019,0.0020551729792108136,0.0005044722523976587
2020,0.0014080133754760028,0.0005211419685776749
2021,0.0015545097490151723,0.0005588899323016435
2022,0.0016962359038492044,0.0005863422993570566
2023,0.0012889525775487225,0.000588065361847925
2024,0.0011569156544283033,0.0005822719162326365
2025,0.0013395294624691208,0.0005880425029661595
2026,0.0015040464932098985,0.0006280256427025173
2027,0.0013209169652933876,0.0006313632385838249
2028,0.0016429504845291375,0.000638937322774858
2029,0.001443656114861369,0.0006770857322895093
2030,0.0013872514634082715,0.0007316211291669509
2031,0.001083297406633695,0.0007331211836715265
2032,0.0015960858979572853,0.0007499698357011272
2033,0.0016094043074796596,0.0007666028906796568
2034,0.0014178057356427113,0.0007283578289482067
2035,0.0015922854809711376,0.000706434099088005
2036,0.0016569036369522413,0.000665160548904412
2037,0.0013332313547531763,0.0006162899937737352
2038,0.0018418599075327316,0.0005850736115963792
2039,0.001573183814374109,0.0005943003084462899
2040,0.0014220663501570622,0.0006113885521456072
2041,0.0014539544625828662,0.0006141126713638495
2042,0.0018430788225183884,0.0006232548678774152
2043,0.001271543256007135,0.0005924820427427171
2044,0.0013816356814155975,0.0005370826182215966
2045,0.0010987889332075913,0.0005015102439691995
2046,0.0013099679180110493,0.0004804276487254721
2047,0.0009969617938622832,0.0004702951791412087
2048,0.0011445617536082863,0.00046625590491783256
2049,0.0013664471761633953,0.0004676425564616156
2050,0.001487840758636594,0.0004995322970061116
2051,0.0012756053979198138,0.0005305374907898005
2052,0.0016842159714239339,0.0005813768804055001
2053,0.0012622816643367211,0.0006473654173919564
2054,0.001043903746176511,0.0006911487577072396
2055,0.001450684907225271,0.0007287968352517686
2056,0.0014053565294792254,0.0007131644937129119
2057,0.001100414696459969,0.0006453221882455139
2058,0.001207477692514658,0.0005798962993426322
2059,0.0012921754037961363,0.0005520833145156062
2060,0.0012824739795178175,0.000549622876917958
2061,0.0016722987328345576,0.0005552395027842167
2062,0.0015597842012842497,0.0005848874866423439
2063,0.0015078129712492228,0.0006011667607286139
2064,0.001397408622627457,0.0006238161794764291
2065,0.0012831129288921753,0.0006665680002912468
2066,0.0017201785851890842,0.0007276375215192597
2067,0.0016751361700395742,0.0007534363154893903
2068,0.00115770823128211,0.0007914334322934545
2069,0.001690537016838789,0.0008318021061177564
2070,0.001300473635395368,0.000807111690051883
2071,0.0012429306128372748,0.0007385510197789298
2072,0.0011701982002705336,0.00066548993001604
2073,0.0010557777481153608,0.0005943023280687924
2074,0.0012629621972640355,0.0005454297462115284
2075,0.0017804987185324232,0.0005486380571488467
2076,0.0013289946053798,0.000575961902834783
2077,0.0012628781842067838,0.0005670567247081607
2078,0.0013146006502211093,0.0005686741586275926
2079,0.0010942370475580294,0.0005666363432519432
2080,0.0014289257039005558,0.0005630764271055649
2081,0.0014419997266183298,0.0005642118355933958
2082,0.001099596917629242,0.0005691542024779184
2083,0.0016454268557329972,0.0005901556690755175
2084,0.0011177765515943368,0.0005930943607525005
2085,0.0013173939970632395,0.000614960239301839
2086,0.0016618055679524938,0.000633041635861503
2087,0.0012814850856860478,0.0006398895957532859
2088,0.0013514775006721418,0.000639962985759645
2089,0.0012831600693364938,0.0006766949746369083
2090,0.0016526692546904088,0.0006771081587387703
2091,0.001553234566623966,0.0006373783210970784
2092,0.0013838942938794693,0.0006328916642814875
2093,0.0014374060827928284,0.000600880040790827
2094,0.000852382470232745,0.0005805522698898044
2095,0.0015355055841306845,0.0005876922761786759
2096,0.0010738232638686895,0.000597808786436886
2097,0.0013254188001155854,0.00062484871302768
2098,0.0012467898816491167,0.0006405503979946421
2099,0.0012329161632806062,0.0006723074578427101
2100,0.0014375440155466397,0.000692375223830665
2101,0.0008907839112604658,0.000673865669592115
2102,0.0008145950695810218,0.0006404735705279928
2103,0.0010928559582680463,0.0006313944147445086
2104,0.0009878148945669334,0.0006197455658130054
2105,0.0010747184705299636,0.0005835026195987795
2106,0.001082826421285669,0.0005396990101843134
2107,0.001210181803132097,0.0005439440559368492
2108,0.0008288962300866843,0.0005489496677365946
2109,0.001188824240428706,0.0005708661085768331
2110,0.001178415073081851,0.0006051950849222357
2111,0.000956806765558819,0.0006335092468762873
2112,0.001102658275825282,0.000645713895553811
2113,0.0016642192999521892,0.0006380603840303292
2114,0.0010449395204583803,0.0006168321928643717
2115,0.0011534011224284767,0.0006030613307173797
2116,0.0007869082308995227,0.000607676443819866
2117,0.0007489442126825452,0.0006083262040221139
2118,0.0010915463867907723,0.0006022863713364432
2119,0.0009486195941766103,0.0005833739967096421
2120,0.001354275830090046,0.0005825573753099889
2121,0.0010143517322527865,0.0005707684356634923
2122,0.0015553790455063185,0.0005692477706053448
2123,0.0010912158681700627,0.0006009237517650408
2124,0.0012103048036806285,0.0006435583043095516
2125,0.0014148925431072712,0.0006816484103727294
2126,0.00119933378106604,0.0007127091108901999
2127,0.001134559310351809,0.00069053186558363
2128,0.0012283969748144348,0.0006793323406073316
2129,0.0013463561345512668,0.0006564279033263456
2130,0.001119148110349973,0.0006293690017255859
2131,0.0013558749885608753,0.0006304776830430047
2132,0.0011503012850880624,0.0006615379165242038
2133,0.0012891174526885151,0.0006578957472238543
2134,0.0009509726194664835,0.0006475928532854309
2135,0.0009685283992439508,0.0006443497508958598
2136,0.0010865883668884635,0.0006298458453003815
2137,0.0014323713025078178,0.0006306067720517575
2138,0.000946354524542888,0.0006336043350486539
2139,0.0009996867971494793,0.000646169952577068
2140,0.0009287149955828984,0.0006418534094838088
2141,0.0011997690424323082,0.0006447846579134435
2142,0.0012309190661956868,0.0006544749091166681
2143,0.001191220929225286,0.0006342609772755669
2144,0.0010645562938104073,0.0006036310194071206
2145,0.0009134481195360422,0.0005706625029914022
2146,0.000986815344852706,0.0005577430316965705
2147,0.001008602767251432,0.0005651081606973051
2148,0.001104439717407028,0.0005486162411925332
2149,0.0012565915938466787,0.0005542954551899351
2150,0.0009344828935960929,0.0005637216058607382
2151,0.0014481011700506012,0.0006051778694336104
2152,0.0013548051084702215,0.0006340474367424054
2153,0.0012152452409888307,0.0006639664013243068
2154,0.0011321621326108773,0.0007132475642949402
2155,0.00099978339082251,0.0007809537474806677
2156,0.0009215492638759315,0.000820435379635484
2157,0.0012590482831001282,0.0008090702045936226
2158,0.0007908819864193598,0.0007504910985961205
2159,0.0012058143115912874,0.0007146735827797862
2160,0.001021299612087508,0.0007371709789296128
2161,0.0011637901654466987,0.0007690028644966211
2162,0.0011957689886912704,0.0008122548071381556
2163,0.0007294193414660792,0.0008529384229075545
2164,0.0012225873108642797,0.0008945600381744366
2165,0.0008396996961285671,0.0009225249459131027
2166,0.001043783601683875,0.0009069210981700834
2167,0.0009711659280583262,0.0009002447252961125
2168,0.0010555774089880288,0.0008658830096622504
2169,0.001135707755262653,0.0008396852402177852
2170,0.0010563690137738982,0.0007946778214389942
2171,0.0010833398283769688,0.0007633272000207148
2172,0.0014893977669999004,0.0007538408871490773
2173,0.001330016041174531,0.0007590794565493432
2174,0.0008181742625311017,0.0008007088890592531
2175,0.0012613757125412425,0.0008167570771275484
2176,0.0012474384081239502,0.0008288915686155339
2177,0.0010405139531940223,0.0008259936878420999
2178,0.0011537719673166671,0.0008194358706818967
2179,0.0012783257213110726,0.0008210510324400769
2180,0.001004384985814492,0.0007968998846861967
2181,0.0010891676104317109,0.0007773253733959547
2182,0.001083990807334582,0.0007625502313296567
2183,0.0015986603374282518,0.0008159121063053902
2184,0.0007444097039600214,0.0008353147968305202
2185,0.001060133120821168,0.0008569593526657641
2186,0.0009222114225849509,0.0008521218358825041
2187,0.001334297788950304,0.0008241049982020705
2188,0.001511162193492055,0.000732589277941147
2189,0.0010272698738845066,0.0006990478228315652
2190,0.0009649579490845402,0.0007047997902176804
2191,0.0007940237643197179,0.0007044251909200835
2192,0.000977985141798854,0.00068901787515671
2193,0.0009136344616611799,0.000673693669849904
2194,0.0007811650400981307,0.0006657891817882246
2195,0.0007544897108649214,0.0006487419185738307
2196,0.0011846206150949,0.0006371477949268031
2197,0.0012020182640602192,0.0006524535046347718
2198,0.0011181262166549762,0.0006579877542859809
2199,0.0011961213313043118,0.0006657589348876394
2200,0.0013170000514946879,0.0006780673407832175
2201,0.0009583925285066168,0.0006735209732199102
2202,0.0012766731980567178,0.0006766598822922982
2203,0.0010585880450283487,0.0007191110699342226
2204,0.0010905914939939975,0.0008032371851021615
2205,0.001258240593597293,0.0009089487157468721
2206,0.001162956744277229,0.0009606726537275267
2207,0.0009237963046568135,0.0009614758809485774
2208,0.0008278235637893279,0.0009190625379111353
2209,0.0011422284257908662,0.0009032183016951042
2210,0.0007891047280281782,0.0008703443243747621
2211,0.0009959462137582402,0.0007758711993613639
2212,0.0011564847081899643,0.0007181145607376485
2213,0.000991930525439481,0.0007142583733263213
2214,0.0010935055169587335,0.0007076874479842116
2215,0.0012453206853630641,0.0006675313618290788
2216,0.0011394385403643052,0.0006362707906413647
2217,0.0008537095583354433,0.0006206214148826222
2218,0.0013269808143377305,0.0006070499559112744
2219,0.0010168120575447877,0.0005894220820499775
2220,0.0008714967640116811,0.0006051478031142725
2221,0.0011702825237686436,0.0006105607528125824
2222,0.0011625502413759629,0.0006203300234363011
2223,0.0009624597461273273,0.000655978568371268
2224,0.0009950236960624655,0.0006884403919111791
2225,0.0008393315326732894,0.0007109130012223453
2226,0.0010100259445607663,0.0007232529474202338
2227,0.001093911996576935,0.0007485788820612091
2228,0.0009049370458039145,0.000755410031397189
2229,0.0014248012021804849,0.000744608982546827
2230,0.000850919804846247,0.0007366349812465038
2231,0.0014001955200607578,0.0007692133983978488
2232,0.0007476328639313579,0.0007893700930876584
2233,0.0007579308313628038,0.0007992832459450706
2234,0.0011675113812088967,0.0007992181729884657
2235,0.0008931536925956607,0.0007948265223045224
2236,0.0013266130272919932,0.0008027712208600201
2237,0.0007058324719158312,0.0007878797523875347
2238,0.0011255160517369708,0.0007773280271152988
2239,0.0009765600436367095,0.0007930620693543002
2240,0.0009193336125463247,0.0007700807301283586
2241,0.0009563233392934005,0.0007263839287925365
2242,0.000886138443214198,0.0007138363329517677
2243,0.0010399899600694576,0.0006911032791909447
2244,0.0010594011362021168,0.0006430106463028104
2245,0.0010051966722433765,0.0006167789798332598
2246,0.001241645310074091,0.0006259728519165316
2247,0.001333830466804405,0.0006732689725477102
2248,0.0007972819342588385,0.0007524326293340583
2249,0.0009546013160919149,0.0008293617976000752
2250,0.0010130459054683645,0.0008946324292548353
2251,0.0011514967462668815,0.0009645792686813107
2252,0.0010728373968352874,0.0009649873144675311
2253,0.0008789729559794069,0.0009538725057000837
2254,0.0011058349317560592,0.000936638852618048
2255,0.0009727219662939508,0.0008802238561205683
2256,0.0010080496159692606,0.0008450175652016452
2257,0.0007762148976325989,0.0008455784303891495
2258,0.0009516944643110037,0.0008745632898869125
2259,0.0009238455444574356,0.0009019357618861135
2260,0.001167949413259824,0.0008925297952946422
2261,0.0009039483654002348,0.0008770801112290442
2262,0.001069021651831766,0.0008410045108941244
2263,0.0010474455542862416,0.0008155583623085376
2264,0.0008887516722703974,0.000775554458478715
2265,0.0008387351175770163,0.0007508364299818228
2266,0.0008181787561625242,0.0007174655233187176
2267,0.0007427393342368305,0.000684176803581182
2268,0.0009393340287109216,0.0006848821947241099
2269,0.0007143995879838864,0.0007005113614246425
2270,0.0010314105078577996,0.000722688983018532
2271,0.000921713188290596,0.0007485926387772902
2272,0.0010273898796488842,0.0007742599205583275
2273,0.0009471369169962903,0.0007596034455795105
2274,0.0010733422978470722,0.0007684285249231075
2275,0.000891336309723556,0.0008221342362184811
2276,0.0006568876948828498,0.0008304380824584074
2277,0.001142680939907829,0.0008539784228517197
2278,0.0006864556305420896,0.0008503570236030996
2279,0.0013405332846256593,0.0007898973275386678
2280,0.0009083745554865648,0.0007660884729139213
2281,0.001014973254253467,0.0007585242512547888
2282,0.0007092691957950592,0.0007720634068076419
2283,0.0007084739976562559,0.0007920170342183019
2284,0.0012481084753138323,0.0008311252229788348
2285,0.0005900113998601834,0.0008125618218414955
2286,0.0008730403147637844,0.0007780846428331428
2287,0.0009050253002593915,0.0007756557370587362
2288,0.0009602134426434835,0.0008254547564012152
2289,0.0009392690689613421,0.0008494796948214098
2290,0.0008046603761613369,0.000851363665974281
2291,0.0009606315211082499,0.0008212262617908124
2292,0.0010788948740810156,0.0008023517352059543
2293,0.0007246870780363678,0.0007716037065348052
2294,0.0009573942826439937,0.0007670586694977943
2295,0.0009238957893103362,0.0007795298822209474
2296,0.0007687994589408238,0.0007789420210536364
2297,0.0005926135888633629,0.0007698490191801033
2298,0.0007352491898927838,0.00073890035236841
2299,0.0010994408590098222,0.0006987551794622064
2300,0.0010504266635204356,0.0006868611914875705
2301,0.0008092452577936152,0.0007059584673325436
2302,0.0009227009412522117,0.0007173911870941226
2303,0.0009522573323920369,0.0007102608325062539
2304,0.0008856967091560364,0.0007138105084584278
2305,0.0009722563360507289,0.0007225638553390177
2306,0.001047187593455116,0.0007439366290639118
2307,0.0006971406013083955,0.0007511692691785027
2308,0.0008004347910173237,0.0007373968164040524
2309,0.0010798133832092087,0.0007421293357335853
2310,0.0006657531678987046,0.0007271237907872542
2311,0.0007408337201923132,0.0007044536888408731
2312,0.0009888818099473913,0.0007051693630316772
2313,0.0007957544565821687,0.0006987384633219794
2314,0.0009310309658758342,0.0006837104415103031
2315,0.0008550932165235281,0.0006650741941728226
2316,0.0008897818042896688,0.0006680893638413253
2317,0.0006478434971844157,0.0006863034896801893
2318,0.0006791688424224655,0.0006908388669954569
2319,0.000925553225291272,0.0006768041346258828
2320,0.0006456254981458187,0.0006841480650381721
2321,0.0008323292558391888,0.0007134375550168178
2322,0.0010562557959929108,0.0007694430289951366
2323,0.0008701404750657578,0.0008063115345453476
2324,0.0007178626876945297,0.0008093780351208714
2325,0.0009448112493070463,0.0008024172756571587
2326,0.0010266013986741504,0.0007657277806640023
2327,0.0010442293947562574,0.0007518852041579607
2328,0.0007135665820290645,0.0007342831712898131
2329,0.0007568070587391655,0.0007233944988266866
2330,0.0009327947782973449,0.0007344554710077254
2331,0.0006767406710423529,0.0007260310001612648
2332,0.0008767577741915981,0.0007588785424953194
2333,0.0007071353262290359,0.0007701006032321162
2334,0.0007231646954702835,0.0007768303548227849
2335,0.0008837661705911159,0.0008137559047973473
2336,0.0008958009847750266,0.0008352188321057796
2337,0.0007005831304316719,0.0008513757167934022
2338,0.0008258173242211342,0.0008702551983626867
2339,0.0008799123267332712,0.0009082578169365274
2340,0.000905485280478994,0.0009511206418231833
2341,0.0007609542498054604,0.0009395988152993065
2342,0.001124666421674192,0.0009017690088541254
2343,0.0006430708958456914,0.000872660206913156
2344,0.0009245456584418813,0.0008510225493732224
2345,0.0009046071286623676,0.0008048155137858404
2346,0.0006482252734713257,0.0007582393279629136
2347,0.0006198129151016474,0.0007439983713506596
2348,0.0007733615231700242,0.0007435368941400171
2349,0.0005132691507848601,0.0007313852914330351
2350,0.0008388426387682558,0.000730698094538259
2351,0.0010559231042861939,0.0007118971928528796
2352,0.0009713599380726615,0.0007168208670575083
2353,0.001015469975148638,0.0007801951462857601
2354,0.0011791549002130826,0.0008186869718332401
2355,0.0007887627036931614,0.0008174236946350594
2356,0.0010003522038459778,0.0008305128802193372
2357,0.0009373589185997844,0.000832920356866295
2358,0.0008378785025949279,0.0008059795831300788
2359,0.000971980889638265,0.0007504147631446208
2360,0.0008239232236519455,0.0007067416628683353
2361,0.0007005404680967331,0.0006590041847107565
2362,0.0006963155387590329,0.000660636788142449
2363,0.0009569856765059133,0.0006630981843331902
2364,0.0008304250504200657,0.0006838242773619282
2365,0.000842623645439744,0.0007273949637796408
2366,0.0006032477753857772,0.0007589326371204137
2367,0.0006569106830283999,0.0007705148259053139
2368,0.0008346762391738593,0.0007700015035435909
2369,0.0006796214263886213,0.0008187598854076029
2370,0.0008747301064431668,0.0008693781344946034
2371,0.0006207907029117147,0.0008845138413956257
2372,0.0008719998916300634,0.0008469373698155652
2373,0.001098763228704532,0.0008081997461492328
2374,0.0007043143617920577,0.0007630049417851361
2375,0.0006250795830662052,0.0007186224344956476
2376,0.0008114987518638373,0.0006880444285687148
2377,0.0010110550094395876,0.0006680794905387159
2378,0.0009908691979944706,0.0006704108755646904
2379,0.0010726060097416242,0.0006720453008503367
2380,0.0008447226136922836,0.0006905892748371002
2381,0.0006807459712338944,0.000708375773740947
2382,0.0009342752086619536,0.0007205023434871118
2383,0.0010266642551869155,0.0007665250207458835
2384,0.0007831820170395076,0.0008374862203293839
2385,0.0007567910205883284,0.0009139468549662747
2386,0.0008536496704133848,0.0009490036878617495
2387,0.0009813434366757671,0.0009414631255543021
2388,0.0006614953318300347,0.0008898311900524936
2389,0.0008282495526752124,0.0008392470414882277
2390,0.0006575567997060717,0.0007759618483975119
2391,0.0007129208650439977,0.0007041775869887587
2392,0.0011015163889775673,0.0006574236340527459
2393,0.0008102087692047159,0.0006238899668531976
2394,0.0008775102129826943,0.0006443290901553678
2395,0.0007037695186833541,0.0007133158661725777
2396,0.0008428878306100766,0.0007671466084402495
2397,0.0009550850586189578,0.0007912352608744144
2398,0.0008012081030756235,0.0008144083718849918
2399,0.0008719789407526453,0.0008051912776949838
2400,0.0008404028291503588,0.0007805292243431286
2401,0.0008275408647023142,0.0007131390312987226
2402,0.0010210904758423567,0.0006849012135044034
2403,0.0010728718635315696,0.0006878076888452188
2404,0.0009586485413213571,0.000711673226273494
2405,0.0006177422823384404,0.0007501747399590558
2406,0.0007224231609143317,0.0007785637587983542
2407,0.0007726941723376513,0.0007645706939474335
2408,0.0008983663748949767,0.0007554954353272621
2409,0.0007385594382261236,0.0007602871793476264
2410,0.0005974965364051362,0.000760063323225298
2411,0.0008308948095267017,0.0007657025772051548
2412,0.0007184158894233406,0.0007433739016895865
2413,0.0008313994117391606,0.0007258229701061124
2414,0.0008737997539962332,0.0007283538726605769
2415,0.0009664440605168541,0.0007500704075393128
2416,0.0006807532588330408,0.0007969233167071746
2417,0.0008157992037013173,0.0008263943151306859
2418,0.0008497178244094054,0.0008392909928554977
2419,0.0006981801164026062,0.0008393685300431148
2420,0.0009419350031142433,0.0008490148007752388
2421,0.001111167281245192,0.0009052200856119922
2422,0.0008874977783610423,0.0009120710154694659
2423,0.0007648043256873886,0.0008954190934172238
2424,0.0006114194945742687,0.0008927626969791421
2425,0.0005469136017685135,0.0008813834925160164
2426,0.0009285107410202424,0.0008929187998424951
2427,0.0009628792060539127,0.000917229088716297
2428,0.001033485607088854,0.0009273094208507733
2429,0.0006870198994874954,0.0009007677225044041
2430,0.0006208653018499414,0.0008648542016304619
2431,0.0006293721380643547,0.0008430647880102941
2432,0.0008016601360092561,0.0008298090813080157
2433,0.0007798218168318272,0.0008175380076061729
2434,0.0009569837498323371,0.0007984790136106312
2435,0.000847470333489279,0.0007763369252729252
2436,0.0009530003570641081,0.0007561896111830834
2437,0.0008157463821892937,0.0007548208397035817
2438,0.0007369543774984777,0.0007613728131812917
2439,0.0007966105632173519,0.0007561108915091264
2440,0.0010645970702171325,0.0007414436045718768
2441,0.0009202271389464538,0.0007253124279622722
2442,0.0010148309326420228,0.0006955722012322426
2443,0.0008311234996654093,0.0006839510596056622
2444,0.0006101586972363293,0.0006881907057955744
2445,0.0007849089102819562,0.0006902699072764614
2446,0.0005950306775048375,0.0007144112197689595
2447,0.0008026957977563143,0.0007373171122414683
2448,0.0009742727037519216,0.0007787129610747569
2449,0.0005482508412872751,0.000827072885833446
2450,0.0008062355220317841,0.0008791541702693372
2451,0.0009597164733956258,0.0008899823347231241
2452,0.0007111325316751997,0.0008176455134892558
2453,0.0009568161874388655,0.0007490263339755397
2454,0.0007270585473937292,0.0007214661518947815
2455,0.0007111599280809363,0.0007314596244493338
2456,0.0007303011215602358,0.0007772769624968683
2457,0.0007847268464198957,0.0008394508590503765
2458,0.000674483001542588,0.0008729078300942587
2459,0.0006540670874528587,0.0009172889284833562
2460,0.000840906814361612,0.0009534247292895016
2461,0.0006793294800445437,0.0009197686678788618
2462,0.0008258674759417772,0.0008819816280229706
2463,0.0009231887680167954,0.0008283998390043697
2464,0.0006210735766217113,0.0007431795087268972
2465,0.0004906432509111862,0.0006693153808032727
2466,0.0007435682307307919,0.0006153899644626172
2467,0.0008348482117677728,0.0005758278292794456
2468,0.0011237315135076641,0.0005823916874323627
2469,0.0008284133587342997,0.0006318328096384667
2470,0.0008493556641042232,0.0007006288162344612
2471,0.0008480929303914308,0.0007516079496108289
2472,0.0010865850529323021,0.0007707541263075619
2473,0.0006443430281554659,0.0007733145832289451
2474,0.0007416399118180076,0.0007907991539540253
2475,0.0007972993693935375,0.0007994411532459121
2476,0.0006632106145843863,0.0007938981476958519
2477,0.0006643193308264017,0.0008105409774364625
2478,0.0006418126868084073,0.0008052419380680841
2479,0.0008251000156936547,0.0007956955764318017
2480,0.0009795068413950502,0.0007582558039392484
2481,0.000722943040697525,0.0007191315370311183
2482,0.0007775957385698954,0.0006938319851270341
2483,0.0007814001408405602,0.0006918917775821439
2484,0.0008559707590999702,0.0007249595130808417
2485,0.0006428192369639874,0.0007326013658848393
2486,0.0007362958703500529,0.0007169863738955592
2487,0.0008797511536007126,0.0006684359890870809
2488,0.000620607139232258,0.0006296433057859686
2489,0.0009536180761642755,0.0006031165072258092
2490,0.000781713977145652,0.0005903900190766197
2491,0.0005514201281281809,0.0005984040931431855
2492,0.0007603601009274522,0.0006068258197505144
2493,0.0009150367695838213,0.0006191170738650648
2494,0.0004981156011732916,0.0006510563507331462
2495,0.0008076769610246022,0.0006877565431027255
2496,0.0009901071743418774,0.000735742333766777
2497,0.0005789535275350015,0.0007595638345787669
2498,0.0007226795889437199,0.0007523743506322989
2499,0.0009364296682178974,0.0007576661355844809
2500,0.0009481283525625865,0.000744750833241489
2501,0.000982185530786713,0.0007725961902362155
2502,0.0007321265215675036,0.0007416510227590975
2503,0.0009593447204679251,0.0006910254555483033
2504,0.0009238116055106123,0.0006298876555882189
2505,0.001004843677704533,0.0006164828259002887
2506,0.0012142832856625319,0.0006050385950008539
2507,0.001015118525053064,0.000609304551970155
2508,0.0007384526504514118,0.0006401104917639764
2509,0.0007899876063068707,0.0006625746563810298
2510,0.0008290797510805229,0.0006738203045120096
2511,0.0010212950098017852,0.0007308422790392939
2512,0.0009441344998776912,0.0007906509746658052
2513,0.0005857294968639811,0.0008245846430778387
2514,0.0008946732540304462,0.0007979965408508643
2515,0.0009888467068473498,0.0007457205481225933
2516,0.0006446961041850348,0.0006820001248930266
2517,0.0007431968309295675,0.000668629978721096
2518,0.0007090407811726133,0.0006659201554418724
2519,0.0009599746748184165,0.0007021629529286498
2520,0.0005753247338968018,0.0007321960480671054
2521,0.0005877036058033506,0.0007630731047893779
2522,0.0008360120235010981,0.0007755448780477223
2523,0.0007665611221455038,0.0007741968656200769
2524,0.0005542297381907702,0.0007507973799745985
2525,0.0009342319952944915,0.0007050249782412892
2526,0.0006425894874458512,0.000668251078014856
2527,0.0008103370045622189,0.0006563454833409683
2528,0.0009845225994164744,0.0006810096142938228
2529,0.0005991475035746892,0.0007084588754892819
2530,0.0008655658612648647,0.000722171714910724
2531,0.0007586527809811135,0.0007281949593296905
2532,0.0008890722179785371,0.000718351792705458
2533,0.0009145737315217654,0.0007525608484361937
2534,0.0006678782946740587,0.0007387145205151554
2535,0.0009044498127574722,0.0007519827702808685
2536,0.0008431539560357729,0.0007607502226651771
2537,0.0006779995688702911,0.0007655367660372863
2538,0.0008878884448980292,0.000745630984407241
2539,0.0010058344807475806,0.0007531374420670015
2540,0.000960030701632301,0.0007571402848258204
2541,0.0009273063391447067,0.0007770674227091564
2542,0.0006270231795497238,0.0007980031031917223
2543,0.000724265188910067,0.0007871947916752593
2544,0.0010129627383624513,0.0007635064140754188
2545,0.0006642623998535176,0.0007611224074906662
2546,0.0007959255133755505,0.000771169609841194
2547,0.0008249846345279366,0.0008128648848404859
2548,0.0008981242659501732,0.0007957577568801545
2549,0.0007903573180859288,0.0007546974687954397
2550,0.0009881494256357352,0.0007306507698766242
2551,0.0008756734353179733,0.0007121490688598532
2552,0.0008876715165873369,0.0007251658491555631
2553,0.0009571359880889455,0.0007909364937841306
2554,0.0007758386355514328,0.0008200459593841
2555,0.0010261634287113944,0.000834522378359606
2556,0.0006120937701780349,0.0008340722727259313
2557,0.0009864333861817917,0.0007897525082532992
2558,0.0006398440687917173,0.0007634626904971839
2559,0.0007761110551655293,0.000786596027342236
2560,0.0007262920339902242,0.0008132404278355144
2561,0.0005848301807418466,0.0008099625894513832
2562,0.0007278462445052962,0.0007728795533794469
2563,0.0005197573608408372,0.0007770238737539044
2564,0.0006484891598423322,0.0007953453936438099
2565,0.0008692893742894132,0.0007399809904264535
2566,0.001150824377934138,0.0006846628847575974
2567,0.0006408642667035262,0.0006515119618032216
2568,0.000662162605052193,0.0006469771033152938
2569,0.000707135401898995,0.0006710191410379557
2570,0.0008381837784933547,0.0006912015002646198
2571,0.0009143589685360591,0.0006819935602605284
2572,0.0006213070475496352,0.0006967186597799222
2573,0.0007071858543592195,0.0006720690990754175
2574,0.0007479285472072661,0.0006915101003246455
2575,0.0006749009403089683,0.0007270668916528912
2576,0.0006846422562375665,0.0007646308197111889
2577,0.0007256720991184314,0.0007935469148783233
2578,0.000957302648263673,0.0008043486975118753
2579,0.000813070641985784,0.0008368940508785093
2580,0.0005604649699913959,0.0008313477082419994
2581,0.0006856608088128269,0.0008297329484375091
2582,0.0009656534142171344,0.000833749545620769
2583,0.0007780493159467975,0.000819818790925036
2584,0.000778353912755847,0.0008078242182790295
2585,0.0008669004193507135,0.0008091107817498718
2586,0.0006545003270730376,0.0007435914626763033
2587,0.0007667867816053331,0.0007084425374696867
2588,0.0007573269268808265,0.0006763096564214706
2589,0.0006916408718097955,0.0006657907213121066
2590,0.0006358180389118691,0.0006828753279492729
2591,0.000593261409085244,0.0006879108561950875
2592,0.000649600747662286,0.0006661739587182487
2593,0.00082801536967357,0.000644216764036302
2594,0.0008529346746702989,0.0006774097463798042
2595,0.0008216683752834796,0.0007129438500118068
2596,0.0006007656493845086,0.0007227342676620666
2597,0.0005121233058162034,0.0007341608045784038
2598,0.0008017865824513137,0.0007054898974955023
2599,0.000878643124209096,0.0007145847212229892
2600,0.0007257289291980366,0.0007631686680187567
2601,0.0008461558531659345,0.0008001001987158958
2602,0.0006671910057775676,0.0007999777944215874
2603,0.0009355097776278853,0.0007911268837097299
2604,0.0006672844989225269,0.0007855080257859227
2605,0.001011576410382986,0.0008224372139684562
2606,0.0008334431952486435,0.0008104177275269226
2607,0.0009624552136907975,0.0008307447712905118
2608,0.000756481196731329,0.0008211737493141077
2609,0.000855019762335966,0.0007981601369193219
2610,0.0007076376583427191,0.0007869957755576438
2611,0.0009165501842896144,0.0008172505612184447
2612,0.0006945841906902691,0.0008284381029790076
2613,0.0006631689844653011,0.0008349863424581864
2614,0.000621932465583086,0.0007878085369185552
2615,0.0006500811122047405,0.0007205267531217964
2616,0.0006120241014286876,0.0006770886170061848
2617,0.0006031060436119636,0.0006308250514676751
2618,0.0006152955077898999,0.000586730516039011
2619,0.0007120761166637142,0.0005805551896685749
2620,0.0006610549598311384,0.0005793518076951462
2621,0.0010513250948861242,0.0006200648556870415
2622,0.0006924817222170532,0.0006697196559247187
2623,0.0005463291658088565,0.0006900343917471569
2624,0.0008184159853650878,0.000728215920504212
2625,0.0006259503250475972,0.0007758264156703757
2626,0.0005611257928345973,0.000756016623514785
2627,0.0006602430405716101,0.0006935984179502221
2628,0.0008058635673175255,0.0006616209788563273
2629,0.0008404730295296758,0.0006693820414082037
2630,0.000993074926858147,0.0006785118960643436
2631,0.000677624938543886,0.0007109423319251812
2632,0.0007553380099125206,0.0007590342269051732
2633,0.0008193354277561108,0.0007921047669131397
2634,0.00048615710499385993,0.0008188610411557097
2635,0.0008010885755841931,0.0007858887946372485
2636,0.0006708539052245518,0.0007437243099749734
2637,0.0007859163723575572,0.000675166907580936
2638,0.0007707007112912834,0.0006418299827336033
2639,0.001096533537687113,0.000609355990813429
2640,0.0006625973735935986,0.0006276188703807525
2641,0.0008126950124278665,0.0006972659529575448
2642,0.0008314414842364689,0.0007678922861594501
2643,0.0006572600842143099,0.0008167495417562644
2644,0.0006438315031118691,0.0008461022049217946
2645,0.000601743805843095,0.000776587110507764
2646,0.0007804973283782601,0.0006971008095736285
2647,0.0007636225161453088,0.0006465701522455939
2648,0.0007418969762511551,0.0006242894881962263
2649,0.0007134071396042904,0.0006253830939586325
2650,0.0007903751063471039,0.000655324745090957
2651,0.0006752390802527467,0.0006847318237112087
2652,0.0007092028157785535,0.0007333967951126397
2653,0.0008144532019893328,0.0007742603413034671
2654,0.0005800590151920915,0.0007723819292113772
2655,0.000491289437438051,0.0007495657984519334
2656,0.0006280365788067381,0.000768752569721381
2657,0.0008416845890072485,0.0008030490194425339
2658,0.000823845105090489,0.0008518457830714898
2659,0.0007305113404678802,0.0008366130857075763
2660,0.0005764381300347546,0.000796376153236387
2661,0.0006083227150763074,0.0007679377069264123
2662,0.0007055753065894047,0.0007208660987433135
2663,0.0008482149569317698,0.000691268814903662
2664,0.000621490894506375,0.0006856484330391262
2665,0.0006130434921942651,0.0006935665577349406
2666,0.0005410579266026616,0.0007051545484944826
2667,0.000779578349708269,0.0007098732510669611
2668,0.0008741526282392443,0.0006934944485262858
2669,0.0008723291490847865,0.000640238015124149
2670,0.0006081942585296929,0.0005862819629915675
2671,0.0007187010953202844,0.0005614930632300529
2672,0.0008216670015826821,0.0006129116786544864
2673,0.0009742877058063945,0.0006647315770057653
2674,0.0005728094993780057,0.0006983335355414063
2675,0.0005269978389454385,0.000738560025008234
2676,0.000614930111138771,0.0007508191858476952
2677,0.0006418984072903792,0.0007913847344810157
2678,0.0006917753101636966,0.0007994552074168904
2679,0.0006921325499812762,0.0008206877263453533
2680,0.0007290459936484695,0.0007906220083337599
2681,0.0007927697889196377,0.0007285078255071004
2682,0.000840827904175967,0.0006905896222497535
2683,0.0008667172243197759,0.0006777860190330704
2684,0.0008491811652978262,0.0007141742623396453
2685,0.0007317677799922724,0.000736510961804187
2686,0.0007347306236624718,0.0007491803266966026
2687,0.0006517927395179868,0.000733697003186277
2688,0.0009413873155911764,0.0007313999492220405
2689,0.0008380130476628741,0.0007614729949823163
2690,0.0006177284832422932,0.0007546261153697205
2691,0.0006338048221853872,0.000772951142844106
2692,0.0007903446676209569,0.0007743674653992937
2693,0.0007614940404891968,0.0007686844319251813
2694,0.0006611759541556239,0.0007337310125017319
2695,0.0006971455994062125,0.0007253222008910411
2696,0.0007457890741837521,0.0006653403218901591
2697,0.0008343770556772748,0.0006555697519064507
2698,0.0007735317417730887,0.0006842078905970621
2699,0.0006896062404848635,0.0007211926505959586
2700,0.0008023483213037252,0.0007067662585842035
2701,0.0007013205904513597,0.0006722338684636542
2702,0.000763323080415527,0.0006718498821494969
2703,0.000653188539824138,0.0006554222942557274
2704,0.0008437489702676733,0.0006199338148883361
2705,0.0007719188695773482,0.0006107845287275039
2706,0.0005317931102278332,0.0005956242192356928
2707,0.0009219081839546561,0.0006126635623124142
2708,0.0008196122478693723,0.0006138142234990446
2709,0.0006313329640155037,0.0006103495882519733
2710,0.0005740116660793623,0.0005948527617101359
2711,0.0006597762539361913,0.000606676405497394
2712,0.0007760977294916908,0.0006325400233228405
2713,0.0006037263044466575,0.0006688250990503826
2714,0.0006637766200583428,0.000720013105805494
2715,0.0009455801453441381,0.0007728850207746205
2716,0.0008131864791115125,0.0008075452844179639
2717,0.0005510835830743114,0.0007648301094506434
2718,0.0006581099393467108,0.000706020938360873
2719,0.0007413705190022786,0.000681446552162946
2720,0.0007675037758114437,0.0006913260087429539
2721,0.0006012589437887073,0.000700177128452397
2722,0.0004910972066378842,0.0006771335235290875
2723,0.0005702339151563744,0.0006387038293888601
2724,0.0008127789168308179,0.0006427728519664975
2725,0.0006538165189946692,0.0007245541003892037
2726,0.0005009882346106073,0.0007357461378894981
2727,0.0008724432283391555,0.0007381694392286476
2728,0.0006831082631833851,0.0007459073805059563
2729,0.0006499040677833061,0.000747801356959912
2730,0.0008531857669974367,0.0007213949336758338
2731,0.0008089918022354444,0.0006974448594741347
2732,0.0007362039798560242,0.0007031498276115226
2733,0.000794906634837389,0.0007410709233771218
2734,0.0006258429319132119,0.0007790824646812197
2735,0.0009140319540165365,0.0007822520583574697
2736,0.0008960676689942678,0.0007494064648342355
2737,0.0007399856927804649,0.0007257814226694053
2738,0.0006385200404717277,0.000702178793203995
2739,0.0006531431727732222,0.000654982380462649
2740,0.0005265975914274652,0.0006019282734523872
2741,0.000667240241697679,0.000584008378402044
2742,0.0006112297725242873,0.0005854586713148032
2743,0.0006657493688787023,0.0005954729006295716
2744,0.0006241628434509039,0.0006306557723607017
2745,0.0005508240777999162,0.0006742449793561296
2746,0.0007236646449503799,0.0007163038331553281
2747,0.0006021682677480082,0.0007131920364780689
2748,0.0005332157345643888,0.0006940384307421568
2749,0.0007073242760573824,0.0006953035229193707
2750,0.0006484124654283127,0.0006699004649609973
2751,0.0006868121291821202,0.0006464321512772929
2752,0.0006373948339993755,0.0006243227160623752
2753,0.0006007420675208171,0.0006064104361323948
2754,0.0007959623044977586,0.0005953613742929333
2755,0.0008494662431379159,0.000594045407703425
2756,0.0007961749875297149,0.0006037439894770808
2757,0.000570163798208038,0.0006243612944500477
2758,0.0006349319165262084,0.000681386905351991
2759,0.0008834432034442822,0.0007414762521947287
2760,0.0007902540499344468,0.0007967579258261175
2761,0.0007606693485286087,0.0007929691208863822
2762,0.0004973030105854074,0.000746261648371757
2763,0.000549101068948706,0.0006883907526929489
2764,0.000780838440793256,0.0006298081888395589
2765,0.0006296145574500163,0.0005618068859380795
2766,0.000879191195902725,0.0005402984810300083
2767,0.000563430436886847,0.0005646952309675045
2768,0.0006159499753266573,0.0005794963703168131
2769,0.0009625317257208128,0.0005708320130957071
2770,0.0007872617842319111,0.0005822979586609588
2771,0.0006653555513670047,0.0006036317630443634
2772,0.0007174203676792482,0.0006227064105465744
2773,0.0007607843726873398,0.0006265613318266948
2774,0.0004509799648076296,0.000608236657035735
2775,0.0007296170728902022,0.0006080680106506192
2776,0.0007086134903753797,0.0006337842970947171
2777,0.00048490501164148253,0.0006752900891995982
2778,0.000756663231489559,0.0007037226409526674
2779,0.0007208608246097962,0.0006774953909320976
2780,0.0006333059088016549,0.0006326200618357288
2781,0.0006113822261492411,0.0006003837755653919
2782,0.0006300559189791481,0.0006162503635232139
2783,0.000562815732943515,0.0006271647894388343
2784,0.0006731499529754122,0.0006180382301612926
2785,0.0005079429751882951,0.0005723584629411948
2786,0.0006604761894171437,0.0005346197585894279
2787,0.0006831769327012202,0.0005372212367869297
2788,0.000512015171504269,0.0005549945418015269
2789,0.000673199852462858,0.0005791225508643739
2790,0.0007718678486223022,0.000637926196122146
2791,0.0005509576566206912,0.0006640995192656836
2792,0.0005214974924456328,0.0007133957412915202
2793,0.0005250474282850822,0.000713410334456272
2794,0.0008161383719804386,0.0006473557070249648
2795,0.0006673087288315097,0.0005787060225719777
2796,0.0006084465460541348,0.0005615525569594429
2797,0.000813860942920049,0.0005316797098031224
2798,0.0006431150948628783,0.0005597426039515077
2799,0.0005048185121268034,0.0005965410345820637
2800,0.0006268651147062579,0.000612942344696063
2801,0.0006526609261830648,0.0006100736321481751
2802,0.0005848957167472691,0.000609343479832957
2803,0.000561770866625011,0.0006234807935800022
2804,0.0009076193363095323,0.0007092823892259809
2805,0.0007659333874471486,0.000786047046600775
2806,0.0007533282817651828,0.0008729403136356727
2807,0.0010302151553332807,0.0008993791365871338
2808,0.0007832318544387818,0.0009306422453080341
2809,0.0007658792193979025,0.0009067546334264316
2810,0.0008503866614773869,0.0008032618491089074
2811,0.0007584673274929325,0.0007127160884762608
2812,0.0006934952029647927,0.0006677536825524775
2813,0.0005866048469518622,0.0006622331318680168
2814,0.0005677642999216914,0.0006576031556455638
2815,0.0007493761368095875,0.0006399890609584221
2816,0.0006980145447111378,0.0006274323544729003
2817,0.0007429041899740696,0.0006541403498148589
2818,0.0008275002551575501,0.0006804773533592133
2819,0.0005805900941292445,0.000713926714324341
2820,0.0006960894990091522,0.0007755420354972263
2821,0.0009472996927797795,0.000817205451656221
2822,0.0007895794270249705,0.000818706315568113
2823,0.0006215696145469943,0.0008215361552525634
2824,0.000781728975319614,0.0008422693079080814
2825,0.0007320415616656344,0.0007863243964801389
2826,0.0006821316356460254,0.0007358927661956354
2827,0.0008209901008134087,0.0006828483228029053
2828,0.0007170240472381314,0.000665047035028234
2829,0.0007301737243930499,0.0006628340288014041
2830,0.0006407836452126503,0.0007236016126840896
2831,0.0006424919799125443,0.0007525308595742942
2832,0.0006618370651267468,0.0007945119323553591
2833,0.0006332503243659933,0.0007928965868076353
2834,0.0006603232817724347,0.0007779974115491794
2835,0.0005721606391792496,0.0007642226529263664
2836,0.0005181352801931401,0.0007461381289653304
2837,0.0008130691402281324,0.0007262415643121431
2838,0.0008089645377670725,0.0007265034240787835
2839,0.0009850295221743484,0.0007606653206043062
2840,0.0006405994043840716,0.0008048278020188858
2841,0.0007152214064262807,0.0008156804975642873
2842,0.000522745850806435,0.0008049296823836217
2843,0.0007871293268787364,0.0007804970822561034
2844,0.000569648672050486,0.0007772195119938747
2845,0.0006908826141928633,0.0007720192624842675
2846,0.0006654346361756325,0.0007253493559106774
2847,0.0006317854858934879,0.0006412260631268008
2848,0.0005511673477788766,0.0006186577915873995
2849,0.0007081232188890378,0.00063521008962384
2850,0.00058696741083016,0.000659319770606748
2851,0.0005929383604476849,0.0006367061736326167
2852,0.0007724078061679999,0.0006271615939757486
2853,0.0006805779101947943,0.0006296210711469917
2854,0.0004814973915927112,0.0006138221784696481
2855,0.0005155842479628821,0.0005877900939236769
2856,0.0005065436397368709,0.000553049362543237
2857,0.0006990285551485916,0.0005335798200612198
2858,0.0004573804986042281,0.00054564925738405
2859,0.0005282665408837298,0.0005493626838612304
2860,0.0004941533610690385,0.0005522033888993301
2861,0.000845510660049816,0.0005837467141123121
2862,0.0006178454069110255,0.0006210653780039224
2863,0.0006519044671828548,0.0006416749617535856
2864,0.0008033372228965163,0.0006117987057824773
2865,0.0006103591469582171,0.0005944649311695542
2866,0.0007210349276040991,0.0005743958655924456
2867,0.0007520801154896617,0.0005913143246489628
2868,0.0007233016348133485,0.0006481863264504117
2869,0.0005054909076231221,0.0006052395278463272
2870,0.0007428144880880912,0.0005756098894846046
2871,0.0007116500210637848,0.0005721985506843482
2872,0.0005980192062755425,0.0006112104518280372
2873,0.0006611408665776253,0.0006460863226056686
2874,0.0005275857596037289,0.0006592898482024142
2875,0.000696977658662945,0.000653447291362796
2876,0.0006921680799374978,0.0006765294182994293
2877,0.000560532013575236,0.0006765477573792414
2878,0.0005798540621375044,0.0006266838635361981
2879,0.0005635088658891618,0.0006084943091218161
2880,0.0006507475161924958,0.0006106429803001834
2881,0.0006466370037135978,0.0006112773558051567
2882,0.0007995509969380995,0.000635157490293972
2883,0.0007064262172207236,0.000719309907303903
2884,0.0004725754959508777,0.0007369773101252248
2885,0.0005792428661758701,0.0007049422642384751
2886,0.0004884019435849041,0.0006916065417105464
2887,0.0007207540678791702,0.0007364342505236955
2888,0.0006482349048989515,0.000742998301403553
2889,0.0005279413734873135,0.0006997150554153041
2890,0.00058697157073766,0.000667937357513982
2891,0.0006024251032310228,0.0005990533306223055
2892,0.0008191841499259074,0.0005082893034069263
2893,0.0006627941504120827,0.00046276341146133163
2894,0.0005558960877048472,0.0004803456152252134
2895,0.000798763008788228,0.0005350766749777575
2896,0.0007644931708152095,0.0006139044233737146
2897,0.0005390795646235347,0.0006885928331918311
2898,0.0006187358133805295,0.0007221794528630012
2899,0.0005008214347374935,0.0006668029099108842
2900,0.0008482537154729168,0.000636376843624565
2901,0.0005818527967979511,0.0006362428534849305
2902,0.0007409265730530023,0.0006445329842582991
2903,0.0006071701956291993,0.0006210089367392701
2904,0.0006619134258168439,0.0005738829048515451
2905,0.0007750160914535324,0.0005518803696100431
2906,0.0007410369580611587,0.0005843765439197978
2907,0.0005860861546049515,0.0006061839372905953
2908,0.0006738897102574507,0.0006687629538932888
2909,0.0005776871150980393,0.0006996826841642596
2910,0.00046581428420419495,0.0006892480309979301
2911,0.000604232392894725,0.0006851630746460278
2912,0.0006679382951309284,0.0006643589980181629
2913,0.0007630309284043809,0.000641384418672464
2914,0.000654123246204108,0.0006052700094108682
2915,0.0007039388719325264,0.0005960331729697577
2916,0.00047793704628323517,0.0006165244572110269
2917,0.0007399523126271864,0.0006296192877925932
2918,0.0007479836038934688,0.0006875751345733724
2919,0.0006570844057326515,0.0007000701954793625
2920,0.0006387073275012275,0.0007078477060495634
2921,0.0008802500747454663,0.0007270994338602942
2922,0.0008959305084620913,0.0007645727458820627
2923,0.0005426473061864574,0.0007898178236654366
2924,0.0006071796679558854,0.0007856997013216706
2925,0.0006311844025428097,0.0007620996582013826
2926,0.0006747649904961388,0.0007779191822862238
2927,0.0007072869145000974,0.0008427062957349607
2928,0.0007796156064917644,0.0008692752774328169
2929,0.0004975165124051273,0.0008041035910100331
2930,0.0005996030832951267,0.0007050610239082199
2931,0.0007910550882418951,0.000637086725236452
2932,0.0007811437826603651,0.0005840498231732704
