epoch,train_mse,validation_mse
1,0.9909765899181366,1.5333676129056697
2,2.402796439329783,1.7507300809112907
3,0.818137256304423,1.8564478653913352
4,1.0188963810602825,1.8330782617044727
5,0.7756838083267212,1.708271260847125
6,0.6725976904233296,1.472492025609602
7,0.4916114886601766,1.2439675623910469
8,0.31052171587944033,1.0229999036119695
9,0.5035204887390137,0.8188380079659802
10,1.0040488998095194,0.773065838200307
11,0.24762179950873056,0.8100376233719943
12,0.31934143602848053,0.7924140852097182
13,0.5479036003351212,0.9135189990551151
14,0.4474581251541773,1.010088418659411
15,0.3668162723382314,0.9934680677993953
16,0.6528716683387756,1.0886973567873415
17,0.27092624505360924,1.1328221852319282
18,0.3766849438349406,1.088807705550166
19,0.5023712476094564,0.9378174857089394
20,0.38371565540631614,0.7672005030843947
21,4.32916834851106,1.200904415364851
22,0.3871704484025637,1.6334604770816556
23,0.4904362698396047,1.8804643446939033
24,0.41390570600827536,1.9487416144700078
25,0.6495225469271342,1.8744909289287546
26,0.3863902409871419,1.7335677188739442
27,0.3812780817349752,1.620973131112885
28,0.3457294424374898,1.4927424952300667
29,0.37239990234375,1.3661067736776251
30,0.34862607916196187,1.237456943208014
31,0.27353800982236864,1.140018918360883
32,0.30615985790888467,1.0656526482593247
33,0.30550672809282936,1.0502679435133238
34,0.5393125613530477,1.042417968225758
35,0.2857354064782461,0.995610835607986
36,0.4039226730664571,0.9987458809774522
37,0.5913537621498108,1.0403065671000564
38,0.4336439232031504,1.2400311461666174
39,0.32344006896018984,1.3412923854694032
40,0.4434727390607198,1.4051828705079374
41,0.4833539406458537,1.3800025962249578
42,0.3671544154485067,1.3166357362479495
43,0.3227125684420268,1.191685093773736
44,0.38629502256711323,1.0430948995707328
45,0.4721477786699931,0.9401999764275133
46,0.3755815009276072,0.9095410455388633
47,0.28236334522565204,0.8685923720660963
48,0.22512273788452147,0.7729489477405771
49,0.9490821878115336,0.9403065436067637
50,0.34923410415649414,1.0408091637474752
51,0.40101997057596844,1.067012453985493
52,0.40055639346440636,1.0568527655991895
53,0.47508451143900554,1.031762347235317
54,0.2827175483107567,0.96170244126292
55,0.27877299934625627,0.8837529281426592
56,0.369957172870636,0.8072458049010115
57,0.3030654033025106,0.7596827344587672
58,0.33001086115837097,0.7345343474407642
59,0.4401333173116048,0.7957646756144295
60,0.6010693808396658,0.9075237505617197
61,0.31821491320927936,0.9776887114633593
62,0.38400888741016387,0.9307699607826813
63,0.22946943839391074,0.8618051388807464
64,0.4948875586191813,0.8801539737230156
65,0.3117219597101212,0.8937305546643441
66,0.4304682354132334,0.8306195833529645
67,0.3211950937906901,0.8681333579166591
68,0.8098461866378784,1.0787642385527405
69,0.34282805720965065,1.161088416450902
70,0.42227523028850555,1.1654852478824862
71,0.2569015175104141,1.1096129668386359
72,0.37700029015541076,1.024031290533947
73,0.21554035941759744,0.9403553819447233
74,0.31283086935679116,0.8658107069500706
75,0.1299140026172002,0.7829410765777555
76,0.3288042187690735,0.6777072639057511
77,0.44507716794808705,0.5929413993804775
78,0.2529323935508728,0.5159819190178001
79,0.2339678982893626,0.4529141213810235
80,0.31095115542411805,0.4342052414577607
81,0.494173804918925,0.49983408698561593
82,0.23302452166875204,0.5621742076343961
83,0.2030216152469317,0.5747951425132696
84,0.3922287717461586,0.6477415071941955
85,0.25119297901789345,0.6720752942631816
86,0.38060338497161866,0.7436143700142352
87,0.48885132869084674,0.8248547151771902
88,0.30426535606384275,0.7932700685590331
89,0.17949734330177308,0.7124423370723836
90,0.3916618973016739,0.6271746806931078
91,0.31018836895624796,0.583804565389254
92,0.1660589744647344,0.49750229315451017
93,0.7247716585795084,0.5743230720709639
94,0.3518373092015584,0.7205775660729548
95,0.544201115767161,0.8927635651582863
96,0.31384580532709755,0.9541999502488744
97,0.25092838803927103,0.9650930235957542
98,0.21902579416831333,0.9437291189941049
99,0.19844420552253722,0.8498145878663537
100,0.2672935699423154,0.7452609281093754
101,0.29796655972798664,0.621066166992076
102,0.19840117891629536,0.49207507021594465
103,0.3430153548717499,0.39823281869553684
104,0.3639521499474843,0.3361800523877841
105,0.21269906610250472,0.2771672138519454
106,0.3131411174933116,0.22598694378172446
107,0.45225303967793784,0.3217773616139652
108,0.256574010848999,0.3920201510190964
109,0.6271338979403178,0.45144225439133
110,0.6314821720123291,0.7304502736058152
111,0.3613906800746918,1.1213300346631057
112,0.32694321076075233,1.2534895598539832
113,0.4334548801183701,1.2042908145670306
114,0.2703219672044118,1.0617041852739122
115,0.26666601101557413,0.8337290447357802
116,0.29709322849909464,0.6312598945104588
117,0.2458172544836998,0.5170890838779204
118,0.2632773121198018,0.4545773909977305
119,0.18925967613855998,0.4678419661103633
120,0.19925448248783748,0.5170698469145256
121,0.15479200681050617,0.524850099581724
122,0.48065866231918336,0.598020146813309
123,0.2888982137044271,0.6290572832899484
124,0.24594366947809856,0.5975379441913805
125,0.21815237800280254,0.5462225114392956
126,0.20680203437805175,0.45093921680896604
127,0.1825612962245941,0.3825337146109308
128,0.42140415410200754,0.38737077923894625
129,0.30400960048039755,0.3939229069571746
130,0.18275380780299505,0.37592029214253897
131,0.1993311921755473,0.3573375906337771
132,0.14423162043094634,0.34943750369967075
133,0.23938455879688264,0.2993876393339787
134,0.29371769229571026,0.2877018310086072
135,0.22455655733744304,0.2430901840242029
136,0.2341817080974579,0.20949175940793857
137,0.2776758929093679,0.19486810027333032
138,0.32864534854888916,0.2350770293446312
139,0.18657329678535461,0.2699966503862749
140,0.35466671039660774,0.2231050769836582
141,0.21825973093509674,0.18499932189782461
142,0.21614593863487244,0.15450504317618252
143,0.24227122018734615,0.15958293575292443
144,0.2505415678024292,0.2254757202333874
145,0.30314816186825433,0.2847037118429329
146,0.24928826093673706,0.3042418595120224
147,0.18345149159431456,0.2885910202013819
148,0.21411448617776235,0.22719462111330868
149,0.3607422133286794,0.2591414779250385
150,0.21250298619270325,0.3229296617863471
151,0.22760345513621966,0.42849667222179166
152,0.20679978728294374,0.4758261658294856
153,0.21207349399725597,0.374776405026341
154,0.07897307823101679,0.2776636702623981
155,0.16955111424128214,0.1980406469420383
156,0.21329153974850973,0.14910887726391966
157,0.29796772996584575,0.18011894647838078
158,0.20786172648270926,0.3081119145043412
159,0.19121838609377542,0.4148342522264224
160,0.15252763231595357,0.46589532337690653
161,0.26831843654314674,0.41915854306248895
162,0.23696433876951536,0.303157100029159
163,0.12520420600970586,0.23814169910044697
164,0.21113899151484172,0.17617611926898621
165,0.12070602377255758,0.15259216481830642
166,0.21076748569806417,0.12491277160874584
167,0.3125105063120524,0.13317600733529755
168,0.17964216470718383,0.20959266728302192
169,0.1366980810960134,0.29493398092992124
170,0.17218172152837116,0.3380327859991475
171,0.15669330755869548,0.3503810426993677
172,0.21179760694503785,0.3047964560706713
173,0.14903033077716826,0.22850560880543894
174,0.20545831123987834,0.14727973728849178
175,0.16351558168729147,0.11100172090251544
176,0.2482730768620968,0.1215612701418107
177,1.210230791568756,0.29564931997430255
178,0.16027676661809284,0.9469022513830174
179,0.2947261929512024,1.3309225562023141
180,0.2676860625545184,1.3665368375722429
181,0.27560410598913826,1.209431386830514
182,0.3116246024767558,1.0359457138686152
183,0.29165567954381305,0.8402599849198994
184,0.2676700164874395,0.6281368303717229
185,0.22893942793210348,0.4165787381386896
186,0.1484980081518491,0.26015670710836936
187,0.2693614905079206,0.1444352250001584
188,0.2072035551071167,0.12554224985733367
189,0.20075260996818542,0.15794181893443504
190,0.23953881462415058,0.21091986722067782
191,0.15629517436027526,0.2930576327251412
192,0.11191462328036626,0.3419412413710042
193,0.18326556185881296,0.37780796801834776
194,0.19767966717481614,0.34219254230895235
195,0.23279376029968263,0.28155245810572865
196,0.10728512108325958,0.22365227250153558
197,0.12203477124373117,0.21505580293504814
198,0.20776160458723705,0.2524349123936648
199,0.17308062712351482,0.26215134482634694
200,0.1769800384839376,0.27583467995214184
201,0.16854274819294612,0.2756315081963065
202,0.16937988897164663,0.2359443232852813
203,0.23683252334594726,0.2026659201460275
204,0.1601940095424652,0.1724133737254561
205,0.12251817435026169,0.13639222573467166
206,0.2066121717294057,0.11099631779375133
207,0.09986092746257783,0.08554112950437948
208,0.16949042479197185,0.0585241006218899
209,0.15786039729913076,0.05028755984633987
210,0.18422458320856094,0.07133752658788921
211,0.28627995649973553,0.1329201350304467
212,0.13037159244219462,0.2768734892209371
213,0.12464744200309118,0.37469552483475
214,0.2255325218041738,0.3588383044415747
215,0.13621845742066702,0.27778331090135183
216,0.11224053601423899,0.21423306455563385
217,0.23118969152371088,0.2648745679367355
218,0.1801246742407481,0.30019233990133853
219,0.24707210461298626,0.2804098476094809
220,0.09786342283089956,0.21401582754146287
221,0.1793401579062144,0.19998916046835527
222,0.0905866764485836,0.18887006338925388
223,0.10515063107013703,0.1623886821911349
224,0.1335022230943044,0.16541778932363665
225,0.16351409256458282,0.16916127014927
226,0.137188221514225,0.21306159168656108
227,0.16796838392814,0.21500159346917916
228,0.13535490334033967,0.21527565545157382
229,0.13810399969418843,0.20977164312587146
230,0.0979130911330382,0.16885733360435531
231,0.29243896106878914,0.1929169071086666
232,0.2954381217559179,0.24132247312724242
233,0.15738770067691804,0.29846714707145916
234,0.18612008094787597,0.3294175812724041
235,0.1259516288836797,0.29862009537847417
236,0.13536028166611988,0.25709067899407
237,0.0683388166129589,0.19225508336261002
238,0.1827403058608373,0.1199130962945913
239,0.16646485924720764,0.07183286238309236
240,0.14508016705513,0.060433626872057104
241,0.08515464613835017,0.08939319167133661
242,0.13112379411856334,0.11270831292222815
243,0.08203168958425522,0.09808465535616318
244,0.13464150925477344,0.08848010190920523
245,0.1236865371465683,0.07217425857371057
246,0.13533392151196796,0.07508531635441976
247,0.1616581638654073,0.08012867204801381
248,0.15249279936154683,0.0816873077150674
249,0.16422290404637654,0.07187659877259829
250,0.12452979485193888,0.06176097695416177
251,0.16135494510332743,0.07066186177625991
252,0.16394192477067313,0.05643653368566468
253,0.15209465622901916,0.06121798487086045
254,0.08158281768361728,0.07710650014249902
255,0.09637482613325118,0.08780881361654627
256,0.11124697824319203,0.08965180212991279
257,0.10411101579666138,0.10284504451249775
258,0.11738732556502024,0.14456564536568714
259,0.22680549422899882,0.17830716936211838
260,0.27027706503868104,0.25870149395270653
261,0.10296269257863362,0.40909460483238713
262,0.1300645443300406,0.48726580366056566
263,0.1785791665315628,0.5091745682627137
264,0.12458335161209107,0.42079399499976844
265,0.1970316529273987,0.3009439335580458
266,0.17837361792723339,0.19590336066937586
267,0.10670647422472636,0.09878280384150165
268,0.07599120438098908,0.05480735396084033
269,0.22204562326272329,0.0692315588743366
270,0.20615895986557006,0.05667541877568116
271,0.22972951233386993,0.06284473714424156
272,0.07429946611324946,0.06775114489229102
273,0.16316862603028615,0.11102951412791745
274,0.08861370782057444,0.15185089422422543
275,0.15984206249316532,0.17062428079501926
276,0.14117547671000164,0.14464903705649906
277,0.11159718930721282,0.12294144719316248
278,0.05909025470415751,0.09047003987936945
279,0.1673851360877355,0.11766528094198271
280,0.24841337104638417,0.1681642128013031
281,0.09386424422264099,0.25990350039033167
282,0.16541097164154053,0.35465868662672434
283,0.19831512520710629,0.318792292249133
284,0.06448158646623293,0.22933271753857706
285,0.10605567519863447,0.13683851697204405
286,0.07492024650176367,0.0856708617151132
287,0.15039380093415577,0.0536162298150927
288,0.16575127045313517,0.03112516151359904
289,0.15479525129000346,0.03734639260852546
290,0.14509673515955607,0.040749883137599766
291,0.0846307709813118,0.05988654581426877
292,0.13269148071606954,0.06254053486195224
293,0.07123705993096034,0.04947814885635822
294,0.07201595405737558,0.03324823129421089
295,0.0860760177175204,0.0210547387730657
296,0.11613700489203135,0.015620728638785624
297,0.13821517179409662,0.01890768332962404
298,0.043903232614199324,0.018597628943055694
299,0.1479573627312978,0.0242689935523167
300,0.22569205363591513,0.04075908090113199
301,0.06583669980367025,0.060134553965943596
302,0.11127092043558756,0.05132223704927846
303,0.17703304290771485,0.0858784326466552
304,0.11915752589702606,0.15091886419301842
305,0.07543994138638178,0.17747292776553952
306,0.09295466244220733,0.16162290323896017
307,0.06816525359948476,0.11278292992048794
308,0.05909154216448466,0.07953450624008625
309,0.05738047485550245,0.05950286073817147
310,0.12858210255702338,0.0772764829602855
311,0.1100954552491506,0.08731830627684704
312,0.13882594803969064,0.09928152069710848
313,0.08581916292508443,0.1305183832756957
314,0.07123554249604543,0.13274702488591797
315,0.10322698031862577,0.09376254939196403
316,0.08560054128368695,0.046303940446753254
317,0.06626425584157308,0.03310165061936741
318,0.07182051725685597,0.029859363989174714
319,0.07342853049437205,0.05258676884641424
320,0.05678136497735977,0.08720875962784416
321,0.08096749037504196,0.13371632540086556
322,0.061462134371201196,0.15617473833045067
323,0.13267901415626207,0.17384156950733118
324,0.09890264570713043,0.16949015733791373
325,0.09128626783688863,0.15076575829097402
326,0.05829324424266815,0.12564393725485828
327,0.10994733845194181,0.12011957000832112
328,0.07469122298061848,0.09734109388283121
329,0.08469489514827729,0.06170998896031003
330,0.05503039260705312,0.052637795759746205
331,0.14091167747974395,0.04137787157506274
332,0.13771925270557403,0.02599658616627866
333,0.1695650488138199,0.037556842710191045
334,0.24232033292452496,0.14082359884217469
335,0.1112296462059021,0.28747179189272093
336,0.07185964435338973,0.30098667505540344
337,0.07940724492073059,0.2556376858064306
338,0.04872533256808917,0.1938283644747316
339,0.11025911718606948,0.1255134067427345
340,0.08311511327823003,0.07003139061798826
341,0.0663179561495781,0.04992111513053465
342,0.08102894375721613,0.04892685277420178
343,0.06376411442955335,0.04901305002252958
344,0.04183046122392019,0.054742218000672714
345,0.061393776535987855,0.04818566482274504
346,0.1055648903052012,0.04302674305369282
347,0.06799026976029078,0.0723911257602318
348,0.11012349867572387,0.0806998786521934
349,0.0660218651096026,0.06514951521367357
350,0.08253921916087469,0.03822118115791103
351,0.06192935854196548,0.02124865712565288
352,0.047940876334905624,0.018522584756389696
353,0.08403470019499461,0.018233768663734023
354,0.08238586609562239,0.04052938093916018
355,0.09539025078217188,0.09551654790925701
356,0.048970346649487816,0.1360416193628869
357,0.10619326730569204,0.14500710106732553
358,0.08078804512818655,0.14076711838705497
359,0.053906025489171346,0.12880714377116043
360,0.06917127420504889,0.14096839839254904
361,0.10245295961697896,0.12011288354794185
362,0.07622858087221782,0.094260285123747
363,0.07242086231708526,0.054408410901737495
364,0.07687836637099583,0.0634539635056815
365,0.1227135069668293,0.048033162668260215
366,0.034298320611317955,0.036442947862615364
367,0.13485440313816072,0.04156950630291163
368,0.1127049540479978,0.06891065932897447
369,0.07466221203406652,0.0826872324037273
370,0.09294545228282611,0.06195135793664999
371,0.09770063161849976,0.06184801340582426
372,0.06627460643649101,0.04866610098172698
373,0.07804275751113891,0.05623553461280831
374,0.09010741909344991,0.09377337969316725
375,0.08735269059737523,0.10177755806791156
376,0.03819344565272331,0.09182614627245225
377,0.10713119308153789,0.06635319905584319
378,0.04200448493162791,0.03791461013562498
379,0.06596403668324152,0.035719114982070976
380,0.04440569927295049,0.05767433204802505
381,0.05907389223575592,0.07773951545619127
382,0.10423562328020732,0.0630402671750526
383,0.05651474247376124,0.06812088964888227
384,0.07362075746059418,0.0542873026509034
385,0.0616962527235349,0.04785426902143579
386,0.04873206615447998,0.06968304941877287
387,0.08147059778372447,0.08500069336235871
388,0.059209896127382915,0.07949649176576681
389,0.09279860431949298,0.08915326487251192
390,0.03975505058964093,0.10211639768547481
391,0.1110037421186765,0.11476185103083214
392,0.04159403642018636,0.11153025367455176
393,0.09560274829467137,0.11445537867427569
394,0.045350567996501924,0.09416965974701776
395,0.04773672471443812,0.05933780431181018
396,0.06543343464533488,0.028575197907916287
397,0.04701072747508685,0.020111732315598874
398,0.05569045518835385,0.016993676535567347
399,0.12014192342758179,0.035527744706262625
400,0.09408295148362716,0.08960908522818521
401,0.07499029537041982,0.13194819223898197
402,0.08081368754307429,0.09949983656406403
403,0.08809702197710673,0.07577535030786058
404,0.07014137307802835,0.04638050143655978
405,0.035910042747855184,0.0227314661207952
406,0.08429452354709308,0.017241710720703615
407,0.06720116287469864,0.011030892585540375
408,0.03321419383088748,0.01015755501494073
409,0.06355353718002638,0.00990873676512325
410,0.043177120635906854,0.007593475652542728
411,0.08097476263840993,0.006904333230783368
412,0.044591111193100615,0.027050447829982692
413,0.050146633138259254,0.050645802845383246
414,0.05766822248697281,0.06758853418436664
415,0.079090532908837,0.09474582299154405
416,0.07574632714192073,0.08529031302845269
417,0.052790581186612444,0.06972819287874545
418,0.07573349550366401,0.05193944811298136
419,0.09934798777103424,0.04672334687403071
420,0.032941151907046634,0.029202376977044937
421,0.05106994497279326,0.030129189227233854
422,0.0778255969285965,0.03715728911740041
423,0.06620865215857824,0.03614022804979693
424,0.05729896823565165,0.02137693549283067
425,0.05159883697827657,0.018565651835405338
426,0.07418445299069086,0.03090224711344256
427,0.0439007634917895,0.052125842904138284
428,0.06099036037921905,0.07034600861588416
429,0.08006549378236134,0.04421850472514392
430,0.04483481893936793,0.020153061165447125
431,0.04409128328164418,0.0044045700087097656
432,0.06633748995761077,0.004185203479178119
433,0.03287162830432256,0.008527784940530683
434,0.03161960293849309,0.010601681913113037
435,0.048022016137838366,0.009453006513547479
436,0.05625512103239695,0.006503780835378937
437,0.04874334509174029,0.0030091797867626475
438,0.040679639826218285,0.0046428856913091655
439,0.043495572979251544,0.003124152097785682
440,0.03127940942843755,0.008724872785353522
441,0.04616163621346156,0.021060950792672343
442,0.04265510787566503,0.050428384577321725
443,0.04315624535083771,0.07202753398502082
444,0.03838305547833443,0.05022212322692425
445,0.03735880007346471,0.02275869860286601
446,0.057169416050116224,0.020385109193143788
447,0.05093674138188362,0.014701907266998849
448,0.05671238899230957,0.008980792538638701
449,0.03295170019070307,0.0031541060950410994
450,0.049827974041303,0.006651445616333479
451,0.05644412537415822,0.0111638034928089
452,0.02896243010958036,0.003895123059874361
453,0.0401829831302166,0.002603192385476714
454,0.03832124670346578,0.0028907137688750414
455,0.051983606939514475,0.013035615002028426
456,0.039851899320880575,0.015795877257808608
457,0.04479469830791156,0.008485432986540404
458,0.03427686939636866,0.003936270763825255
459,0.026239491378267605,0.00256490459861724
460,0.07627272407213846,0.0035062130535163027
461,0.029951919491092365,0.007558852706474868
462,0.06140965024630229,0.011199597476257218
463,0.030014014492432278,0.029277092009259945
464,0.06686579026281833,0.03869490697979927
465,0.07377182990312577,0.024590747463598586
466,0.11466408570607503,0.018671072431300815
467,0.028159751122196517,0.04368113748162811
468,0.044195850690205894,0.05530967267110334
469,0.0535675307114919,0.033670701914363436
470,0.03770663378139337,0.009035371548948233
471,0.048897964010636015,0.003450031463078588
472,0.04222555607557297,0.005540055179238668
473,0.03149701505899429,0.006249566426315503
474,0.03850726087888082,0.007919446429052549
475,0.030178012823065124,0.01333259778064594
476,0.04070492225388686,0.010796203305236778
477,0.03858672802646955,0.010129983248243555
478,0.0520224151511987,0.007940231915018713
479,0.037540153414011,0.005687240974117092
480,0.06727617817620436,0.002123387504575981
481,0.057146989802519484,0.001984941327879042
482,0.04348725924889247,0.010884919666755966
483,0.03735224803288777,0.018703745013614843
484,0.026714069396257402,0.01682025723551449
485,0.04310608804225922,0.005745634469285346
486,0.050571642629802224,0.005366598097988736
487,0.05873429154356321,0.011745716189170441
488,0.026436157462497552,0.023792259002986708
489,0.047539463142553966,0.03134724358369035
490,0.03519463824729125,0.025901195794692515
491,0.037790829439957936,0.023575482900902542
492,0.027487597055733205,0.01797675234619637
493,0.038018911331892016,0.013569935557176496
494,0.027845558151602744,0.008360619477012702
495,0.05616411517063777,0.0028701868556352734
496,0.08738426218430201,0.010272523442729872
497,0.06458582033713658,0.014748936529919418
498,0.037897680699825284,0.01114564348687554
499,0.045457458744446434,0.011429331957073937
500,0.05027785661319892,0.012688420810981801
501,0.022733825693527856,0.025135845207331472
502,0.049572987109422685,0.016262774927574292
503,0.04210124872624874,0.013519697109161065
504,0.024488167464733125,0.013757756448280044
505,0.01799906467398008,0.011656157182235467
506,0.028383598973353703,0.006001303571532344
507,0.0806807813545068,0.0035972919380455686
508,0.0501474936803182,0.0028762310846812194
509,0.03350973042349021,0.004898355985114797
510,0.0706224928299586,0.011006375077610825
511,0.026967943211396537,0.017001317672387897
512,0.06317949319879214,0.0692162220066751
513,0.030231884370247524,0.10253438911242792
514,0.026102689405282337,0.1149044754909493
515,0.05862489144007365,0.08880639572938283
516,0.06333503077427546,0.06579513285766568
517,0.05041497449080149,0.0390381165153799
518,0.03125279148419698,0.017082913010789638
519,0.02810574620962143,0.004400171372189857
520,0.0599860188861688,0.004372415066103054
521,0.03748717208703359,0.009889727855939962
522,0.0382533960044384,0.0052786464231056075
523,0.0274055873354276,0.0033461594191136123
524,0.054636509716510774,0.0017768836631957027
525,0.03555884013573329,0.012576494866992995
526,0.03629164348045985,0.030591791092652327
527,0.04988840619723002,0.0395624317359506
528,0.0386714036266009,0.02899908692690364
529,0.020080117136240007,0.028709450573251957
530,0.029201956590016682,0.029949618884694506
531,0.04588004077474276,0.031722533805241364
532,0.02827854671825965,0.046728244312761125
533,0.03654710638026396,0.059673466964771875
534,0.027835203955570858,0.046826495282482686
535,0.03237750058372815,0.021034279958023663
536,0.03182462279995282,0.022381402524896184
537,0.12781915416320164,0.043623634597711396
538,0.02578955851495266,0.0626562922125497
539,0.050939659029245375,0.05015273198311092
540,0.03621123569707076,0.02699168683274796
541,0.1632047861814499,0.07187395246579634
542,0.027761106689771015,0.09976225507538221
543,0.036176351457834245,0.07752373029221916
544,0.034201418360074363,0.041578379879046605
545,0.042366573214530946,0.016904701702078882
546,0.0649780626098315,0.0022566843647183034
547,0.03407162328561147,0.005104519684842586
548,0.033110519622763,0.001787678578566237
549,0.029121014227469762,0.007095532546266478
550,0.03398333191871643,0.012348293288670785
551,0.01860290455321471,0.007310754842838349
552,0.030568878849347433,0.0026090220842314394
553,0.01386142186820507,0.0014417308759848363
554,0.06960387254754702,0.004907450192112323
555,0.033977757394313815,0.029677135902538634
556,0.0452696219086647,0.044089021281017896
557,0.05869773278633753,0.04059083163956104
558,0.033348214874664946,0.034942275806390054
559,0.02231629068652789,0.03343309389089632
560,0.037817028164863584,0.024829744464821286
561,0.04276645705103874,0.004392482171499589
562,0.017582278326153757,0.0018779479812924126
563,0.04771819512049357,0.0029775470295071342
564,0.027181827711562315,0.001114180573324907
565,0.042474793394406636,0.0016997230228319852
566,0.061808604498704275,0.0025982133804531822
567,0.023265705754359562,0.0166007165323224
568,0.08349846204121908,0.05360307365830182
569,0.023079760372638702,0.12840581829087777
570,0.07066313400864602,0.11343345568891157
571,0.029176463683446247,0.053951983350977215
572,0.05293515076239904,0.013879941917999445
573,0.02562792251507441,0.001606945329677989
574,0.02774238757168253,0.002814501021164592
575,0.03903057873249054,0.0023590792315673903
576,0.08782503604888917,0.0026919445654715016
577,0.041356414059797925,0.02779783476253002
578,0.11339963475863139,0.14046256836743382
579,0.03942170863350233,0.21711913979890055
580,0.057505903641382854,0.16971482667658064
581,0.04241277898351351,0.07738355436084564
582,0.024618455767631532,0.020123742695091762
583,0.019338930149873097,0.0029909764171430937
584,0.019477847466866174,0.0024851053739870337
585,0.02326219653089841,0.006318692943048582
586,0.0310028908153375,0.0014362012734636664
587,0.022825953861077625,0.004936716878754005
588,0.0356389323870341,0.01691790541623071
589,0.0350537267824014,0.0187683405452653
590,0.02031026010711988,0.013725386616605066
591,0.022238882444798946,0.007065459181777915
592,0.02189168818295002,0.010459967883445366
593,0.02520395554602146,0.010020923849783446
594,0.02295717845360438,0.00368486740762553
595,0.017886991177996,0.002045079758009541
596,0.03392292087276776,0.0012779830626827495
597,0.024755588670571645,0.0018310603326219216
598,0.03025902360677719,0.002582543080247808
599,0.030903727871676286,0.004472135402785058
600,0.03132290591796239,0.016411839085712768
601,0.02381156658132871,0.0300834381528068
602,0.01661365988353888,0.02496594132866427
603,0.036283381779988605,0.013039279750913207
604,0.04194502234458923,0.001468709561080612
605,0.01948738396167755,0.005588307924982574
606,0.015213664869467418,0.007146714767168837
607,0.03351389343539874,0.007523306040910252
608,0.024535521616538367,0.009219338482910256
609,0.032209020232160886,0.002029434034797603
610,0.020608482261498768,0.0033956207552848505
611,0.02339085713028908,0.012369674254666296
612,0.030232076595226923,0.036999377634441645
613,0.01934053214887778,0.0423242112523631
614,0.024855297058820724,0.029022164991375995
615,0.021772950887680054,0.00942954363312289
616,0.020784690976142883,0.0009117390438287971
617,0.05014958083629608,0.005299296929931257
618,0.014159781982501347,0.009617380285907907
619,0.01850182513395945,0.012504277549335483
620,0.02905392994483312,0.0019980867965009377
621,0.022132735202709832,0.0049412253187500945
622,0.03612397070974112,0.0173420516109606
623,0.025922073423862456,0.025308761440696773
624,0.019334867596626282,0.02409399340027257
625,0.01413923924167951,0.01894170984800099
626,0.017967005943258604,0.011285955696339495
627,0.038255994021892545,0.007970664181817345
628,0.02428874826679627,0.01734106481750632
629,0.02086389275888602,0.019136036980396124
630,0.0250403992831707,0.007851987641457229
631,0.01960027466217677,0.001280968157814173
632,0.05464969525734584,0.001990375997109219
633,0.04320048596709967,0.016286052284184952
634,0.026361043751239776,0.01985836722915284
635,0.0153416791309913,0.007225508581062681
636,0.012406401212016742,0.0010816197379761817
637,0.02972020022571087,0.003540259856752485
638,0.011636089657743771,0.012955194415404783
639,0.017134043015539648,0.023547438240190694
640,0.02683291845023632,0.020333237129083852
641,0.024279069776336353,0.02774801252311782
642,0.027650136748949686,0.02606792170663326
643,0.026700455012420812,0.02187366816841545
644,0.026701463914165894,0.011093276394912375
645,0.02262008860707283,0.0017119163527474766
646,0.031469834471742314,0.0028397963703637235
647,0.013490314036607743,0.005380449018697118
648,0.04275397807359695,0.006570795379382999
649,0.03465848161528508,0.002035656418346348
650,0.030461594586571057,0.0007532763387463246
651,0.03313226786752542,0.0017169768456029243
652,0.028565077607830367,0.0011110347810213092
653,0.016512793054183326,0.0011441364628398975
654,0.013377456708500783,0.0008238868247336376
655,0.022179714838663735,0.0010462830943322322
656,0.02346306641896566,0.001991444229208238
657,0.03151245011637608,0.004533526166314967
658,0.017345982324331998,0.0103206590841911
659,0.020029133030523855,0.014463921921730738
660,0.01324836512406667,0.012944965421804908
661,0.02545427605509758,0.011710943414541016
662,0.026945611710349718,0.014335815881907243
663,0.014002729828159014,0.009565108918655685
664,0.017093810687462487,0.0037023202891935383
665,0.041643515477577844,0.0008824984549833407
666,0.019619263460238776,0.0009047870864793495
667,0.017318711057305335,0.0010342806472314076
668,0.026502567653854687,0.001534223459846182
669,0.03777838783959548,0.003633430766824045
670,0.015520733874291181,0.004134107359320099
671,0.01606393208106359,0.00802959008305742
672,0.03195710877577464,0.007467800560706889
673,0.028610695898532868,0.0030676756729508003
674,0.0523351994343102,0.001519132408242651
675,0.015407568278412024,0.002528448986728289
676,0.040026392911871274,0.004038066548780042
677,0.013809380431969961,0.003720772771262809
678,0.054868205140034355,0.0009053155932335826
679,0.09074275046586991,0.0070379728135484005
680,0.011930205021053552,0.03228851943685297
681,0.03171133939176798,0.043651713744590155
682,0.05263824053108692,0.032933569072108516
683,0.046908966886500515,0.011651682471366305
684,0.025176358222961426,0.0019486991209332009
685,0.01329558864235878,0.001490717348457105
686,0.024920241534709932,0.007945506277967963
687,0.019571061680714288,0.016871932719708882
688,0.029217156457404296,0.005574712755801211
689,0.031175883611043294,0.0009650695411698097
690,0.019524708141883215,0.004497038015322379
691,0.010326755419373512,0.008264623658611761
692,0.019997993484139442,0.008968503535752409
693,0.0373662360633413,0.006483163281578069
694,0.027441766609748206,0.0015277384265669082
695,0.024102644870678584,0.002494749452439491
696,0.01494298925002416,0.003353390101975168
697,0.01721325032413006,0.0016981689967432915
698,0.026848596086104713,0.0015588072591532043
699,0.02851976783325275,0.011283259296909584
700,0.01236471942005058,0.013768873373536687
701,0.023895938073595364,0.005166180170418923
702,0.024541372836877903,0.001007450838458904
703,0.017088403304417927,0.001016675919595267
704,0.030849349250396094,0.0008405047410633415
705,0.036019816249608996,0.0016479290420940414
706,0.019482596094409624,0.00402824872388499
707,0.01137773742278417,0.0057922874955863455
708,0.01553421722104152,0.0034404163104509227
709,0.015301205962896348,0.0010675114866452325
710,0.025804480786124864,0.0036752315848107226
711,0.018574261913696925,0.020800377389318066
712,0.023581530960897604,0.01756806425445261
713,0.02179086556037267,0.013521260826995498
714,0.015334067245324453,0.009614859669529206
715,0.01740223467350006,0.0013175916787215144
716,0.014090572670102119,0.0014953843698488297
717,0.019434258248656987,0.001740717504729043
718,0.040934765400985874,0.0009403892259020902
719,0.01197105807562669,0.0034612322019206155
720,0.023761210218071937,0.0166863840269415
721,0.017569875065237283,0.013786115667276215
722,0.011867498854796092,0.00798465941123098
723,0.025428502758344015,0.0012115528412185042
724,0.024597516655921935,0.008666302910760829
725,0.0172187731290857,0.019294114707157625
726,0.01754774550596873,0.014779319289570663
727,0.01901190560311079,0.00534095658174558
728,0.009779759248097738,0.0021486980196364952
729,0.011101669321457544,0.0012596503314725531
730,0.030775549386938415,0.0023080581494154986
731,0.011555179146428902,0.011207270561254512
732,0.01278643471499284,0.014845629941606731
733,0.03607160026828448,0.015766789946073327
734,0.02905939407646656,0.005771620073818672
735,0.011395896350344022,0.0024921749963572153
736,0.015856720445056757,0.0008346044328417738
737,0.013642577330271403,0.003257050187114561
738,0.01814343488464753,0.0028896405510005284
739,0.016305769234895705,0.003409239063202812
740,0.010891817696392535,0.005662915511982657
741,0.017283476144075393,0.002603041569767683
742,0.02665974497795105,0.0010598743883641001
743,0.03022698387503624,0.0010232716121054554
744,0.01577197965234518,0.0024935143171913093
745,0.020862991735339165,0.009819244377707181
746,0.010836722825964292,0.011827794094270433
747,0.013681642586986224,0.016010289570610774
748,0.026797941823800405,0.016010669699995317
749,0.024673586587111156,0.004033920366033825
750,0.02388330375154813,0.0007181324259437925
751,0.014122937247157097,0.0007889120588834773
752,0.02847697411974271,0.003445655461509674
753,0.018101085225741068,0.0034616343766908373
754,0.04377344399690628,0.00234749977890816
755,0.008190712394813697,0.0011122481418919562
756,0.016049480251967906,0.0009425701376061603
757,0.0258297694226106,0.0008422149881742329
758,0.038837826376159984,0.0008267698181814879
759,0.015437710843980313,0.004748280884491073
760,0.007565895716349284,0.009488158984578143
761,0.011800817276040713,0.008194245136620705
762,0.012798733885089557,0.004533421673011361
763,0.011597635659078757,0.0008139895337867981
764,0.00723796971142292,0.00289476977331749
765,0.0063052505254745485,0.0057264457413196915
766,0.018986985894540946,0.003911783007839531
767,0.009408413308362167,0.0009830005099140489
768,0.007757996767759323,0.0010302659908407613
769,0.01078993125508229,0.0010408585678720684
770,0.021640286222100256,0.0011911637133412193
771,0.016201481223106384,0.0016214672410697268
772,0.015412875264883042,0.0024771729146527964
773,0.012536175549030304,0.00154725336932648
774,0.007528738491237164,0.0017099657411855913
775,0.011949643244345982,0.0011387943761281625
776,0.020540170868237815,0.0006928811927478521
777,0.012528712364534537,0.0022208644342690447
778,0.009730290124813716,0.0030231104015879203
779,0.011291775107383727,0.003731890438582029
780,0.01605199744614462,0.0038086157074274374
781,0.026914561912417412,0.0006213816756257319
782,0.017970799778898556,0.006450515000792275
783,0.010393937180439631,0.012727808811816206
784,0.033275288188209136,0.011592322486665165
785,0.015415554866194725,0.005103313091771993
786,0.021995131733516853,0.0011235799161139984
787,0.011234223966797192,0.0006083858523474277
788,0.008373131975531578,0.0006776307376565573
789,0.02450327028830846,0.002477369017283601
790,0.014346811920404434,0.010046573551861863
791,0.007702483298877875,0.02037071968205491
792,0.025512241075436273,0.01316550767256154
793,0.03627499093612035,0.0008307472724705452
794,0.043262034033735595,0.010381430550886873
795,0.0276194520915548,0.027891772336255737
796,0.01984880268573761,0.020228841020698437
797,0.014941406187911828,0.006565128148081359
798,0.015001057460904122,0.000605356224611053
799,0.01542229304711024,0.004339913107803342
800,0.011277635022997856,0.013780743025286852
801,0.018266802343229454,0.011593092396332506
802,0.011746146654089292,0.009038695776889547
803,0.011246954215069611,0.0043933977487317305
804,0.009963435369233291,0.0032771278025680466
805,0.010375553462654351,0.0032918804572971416
806,0.011004616692662238,0.002680649895122961
807,0.02202046282278995,0.0005924430014075417
808,0.005752104086180528,0.0026983138206496575
809,0.009007823653519154,0.006896467803165927
810,0.03737409294893344,0.020011923771504073
811,0.03940921993926168,0.01766963676707438
812,0.02200877604385217,0.01128914233090149
813,0.01781082327167193,0.004145773557935193
814,0.01794191791365544,0.004062012562321292
815,0.01424889825284481,0.004147440625343755
816,0.0779830789193511,0.013716119543066499
817,0.03356458935886621,0.013782585410085337
818,0.02125379741191864,0.007696536674616281
819,0.011220803732673328,0.001575598043896127
820,0.012004046887159347,0.0006554133625706517
821,0.014306880533695221,0.0006300870091545433
822,0.026365037572880588,0.0030374979785485574
823,0.03720525627334913,0.014436347028839659
824,0.019970268135269482,0.017065240331647687
825,0.021783281738559406,0.008468790568019214
826,0.013668039441108703,0.001398530637583973
827,0.01700153195609649,0.0018452062129930794
828,0.008527697312335174,0.0006164789692722043
829,0.023882322727392116,0.0005514289685443305
830,0.00786977323393027,0.0006659388220841773
831,0.012828022117416064,0.0005342887339389159
832,0.012632660505672296,0.0019628029025285042
833,0.010669739513347546,0.004246315608421962
834,0.019004352018237115,0.007753376963368633
835,0.020362171158194543,0.004296216743382794
836,0.009973882511258126,0.0015224587212776908
837,0.042731279010574025,0.0005251475305099732
838,0.010924341281255086,0.002275851497982155
839,0.011164664601286253,0.006598800513348733
840,0.01986865730335315,0.012023659184716685
841,0.038153495825827125,0.028025273691143906
842,0.029274500409762063,0.027331034091916697
843,0.01666174257795016,0.01823724080857478
844,0.02110280990600586,0.005119298407753483
845,0.010324228120346864,0.000625340060374498
846,0.017959309245149293,0.0004893673307463875
847,0.011213928957780202,0.0010860712403276314
848,0.01911829219510158,0.002173920040160461
849,0.014262538154919941,0.0010237194330850888
850,0.017525204022725425,0.011679656514952405
851,0.020456737528244655,0.01651964031639155
852,0.011346633111437162,0.015527382999527873
853,0.014324496127665043,0.0065586068395154865
854,0.016978397530814014,0.004695836089725731
855,0.011182795806477467,0.00370493309357209
856,0.007424599615236124,0.002321274716908123
857,0.02007596893236041,0.0011419826241656703
858,0.012405745002130668,0.0004914842851661494
859,0.009767488514383634,0.0012675526067519244
860,0.005267429972688357,0.0016941906358741703
861,0.033284213642279306,0.005123096493710028
862,0.0227387972176075,0.004585657758932365
863,0.011676067331184944,0.0012312809484316396
864,0.011771629688640435,0.0005778611451880979
865,0.010112858936190605,0.0029881685299591888
866,0.013986935497572024,0.015161112756931295
867,0.02063234814753135,0.024020870940552816
868,0.014816819255550702,0.016357862711911312
869,0.022729358822107314,0.0009986480053960842
870,0.01899784229074915,0.0030718502937135293
871,0.017167992889881134,0.003171006443621645
872,0.012387591786682606,0.003580876528040359
873,0.02717056175072988,0.004993793843259589
874,0.009502825637658438,0.0032094691645855097
875,0.03270102466146151,0.0005262161035471757
876,0.010115540586411953,0.006964259042965564
877,0.013536954671144486,0.015573932162938063
878,0.01194820466140906,0.017814545832269373
879,0.013840600848197937,0.022065947366039656
880,0.008660827266673247,0.016163785184858837
881,0.06686563156545162,0.0014394989566692308
882,0.00600009374320507,0.015149931570417002
883,0.013490822973350684,0.017382942259921666
884,0.019763276912271976,0.0156435421041665
885,0.018540693943699203,0.008296777457488995
886,0.017881667194887995,0.0008818819854757067
887,0.01550442489484946,0.0034914700442391353
888,0.005497860349714756,0.006058927677157853
889,0.014593757316470146,0.0029406600294100958
890,0.00698637617751956,0.001215054318805808
891,0.011444042529910802,0.0005047095635011813
892,0.01525036289046208,0.000658754951031933
893,0.010304437950253487,0.00043547300489793657
894,0.010518125072121621,0.000621559785962192
895,0.009409281114737192,0.0004677750682185965
896,0.013835773865381876,0.0010189452621818939
897,0.04203458105524381,0.0026381473432768856
898,0.011597463053961594,0.0006868634430391371
899,0.006259128575523695,0.000804668259725236
900,0.020853851083666088,0.0020724417374888707
901,0.01156130681435267,0.001263229530413597
902,0.02867947391544779,0.0022619992919396936
903,0.018269405172516903,0.019175452948139424
904,0.0207403302192688,0.020099813957311953
905,0.009029134611288707,0.004086772072515641
906,0.008379447273910046,0.0004261554683809174
907,0.012747717835009099,0.001032725168522774
908,0.00738602839410305,0.001248581002722358
909,0.018969934868315854,0.001965301141295342
910,0.013888423268993696,0.0026233236125686715
911,0.015224002860486507,0.0016405164462933589
912,0.01648656607915958,0.000580113045320455
913,0.013147185184061527,0.003162468925162017
914,0.006537414171422521,0.004268866484407444
915,0.010801463574171066,0.003477480436800516
916,0.010101821397741635,0.005581045659444137
917,0.006652729849641522,0.006191090242229184
918,0.02058479388554891,0.00224825143963861
919,0.011078278192629416,0.00039262342340263883
920,0.01963928689559301,0.0005296720430113331
921,0.013989943514267604,0.000350043969365022
922,0.007860085616509119,0.00034493500127168425
923,0.040525994698206586,0.0017900762259851247
924,0.0096073573998486,0.009886563273571562
925,0.027122424294551212,0.011873462983565024
926,0.008983669492105642,0.00560199634215593
927,0.021424552549918492,0.003557939403717629
928,0.007681087000916401,0.0017646682416007184
929,0.014541791814068953,0.0004480889329839258
930,0.006916033476591111,0.001920861590310539
931,0.005903376142183939,0.002927025355267943
932,0.02380961471547683,0.0013245231970975839
933,0.015048276633024216,0.00038985202833737806
934,0.00842063253124555,0.0005209853352532226
935,0.008950468649466832,0.0006616280304131163
936,0.01441385354846716,0.0037827855684081017
937,0.01794935328265031,0.010793905776015848
938,0.00613197876761357,0.014203905601773346
939,0.006393513021369775,0.011013916764430136
940,0.01284789436807235,0.001395142855046437
941,0.0066404731944203375,0.002092588491389277
942,0.0073025050262610115,0.004729155151511145
943,0.015054554243882497,0.0023969369341363335
944,0.006166874679426352,0.0003619554671047021
945,0.006536635073522727,0.002710611649315085
946,0.011036183002094429,0.005240852977230884
947,0.014435844868421555,0.002640360642268121
948,0.011930764994273584,0.0005519285249865576
949,0.011501857715969285,0.0006178045238242947
950,0.009657646156847477,0.0011207426936305754
951,0.018428807333111762,0.0003659150759588753
952,0.012179434299468994,0.0003170690964567012
953,0.006701130419969559,0.00033230076125980904
954,0.020041134270528952,0.0016067454588670304
955,0.01298501156270504,0.0009824938517967946
956,0.007016648507366578,0.0009913454730913305
957,0.01539442390203476,0.0030735116302204584
958,0.01579058828453223,0.001656435310911409
959,0.008380041581888993,0.0003898630054171976
960,0.003930445434525609,0.001609642393560263
961,0.006127125459412733,0.0019516758362038268
962,0.005443422092745702,0.0009652002617901964
963,0.02063467154900233,0.000493433036806051
964,0.013735591309765975,0.0005196815360696954
965,0.01906573697924614,0.0040401253163030275
966,0.010607747671504816,0.01081277567849696
967,0.02188374667117993,0.012127155154856325
968,0.010506069256613652,0.005819872498229059
969,0.020093403942883014,0.005246822618775898
970,0.01139787087837855,0.005165494025319989
971,0.016566192219033837,0.0010698492870576221
972,0.00675163883715868,0.00034023637421107825
973,0.00659263910104831,0.0005258850512307202
974,0.011652608215808869,0.0005054511252398553
975,0.010013233125209808,0.000344954646952935
976,0.019771370788415274,0.000513993697213717
977,0.009683214128017426,0.002770582110517555
978,0.011046273012955984,0.003270292752667477
979,0.007832426748548945,0.0012522514934014332
980,0.01000163285061717,0.0004721812646818512
981,0.012356287008151412,0.0008170559666356432
982,0.0064644830611844855,0.002040150004836638
983,0.00501679889857769,0.00366640887468269
984,0.004541447518082956,0.0031329061623597354
985,0.005410608276724816,0.0023913140795384234
986,0.016828942733506363,0.00036980035343858937
987,0.007173919553558032,0.0011489717133223401
988,0.004453342159589132,0.0018552980107957857
989,0.008067258509496848,0.0011049844528826182
990,0.00571164796128869,0.00036079571099015094
991,0.012134605273604392,0.0016021761261689209
992,0.017028175418575604,0.004416289072135213
993,0.006611916764328877,0.00734081299572486
994,0.009079209777216117,0.00440538511475363
995,0.009026826762904724,0.0016375444366525838
996,0.0140515413445731,0.00040223278794219796
997,0.008880792961766323,0.0005193613799784485
998,0.010587780146549146,0.0005491122781953976
999,0.008893689264853795,0.0028473979722686677
1000,0.009279346466064453,0.005391413947752519
1001,0.00799978779007991,0.0022496896488210785
1002,0.013106195628643036,0.00044667701007583354
1003,0.021087986292938392,0.0007481661445477553
1004,0.02822357965633273,0.004895181975147703
1005,0.009133842773735523,0.005545004989886493
1006,0.005144486560796698,0.0033721066820734773
1007,0.007748005042473475,0.0018114681922073602
1008,0.019203779629121225,0.004474928580790932
1009,0.013235314174865682,0.008719987502833556
1010,0.011351947238047918,0.014227827673244197
1011,0.006752082208792368,0.0171431378946144
1012,0.007211755557606617,0.02461781749251293
1013,0.011380658205598592,0.03320483349220098
1014,0.010910466313362122,0.038330401506340296
1015,0.010755366645753384,0.02986008948401401
1016,0.010072444658726453,0.014728836867718668
1017,0.00911297428732117,0.005850169382858695
1018,0.00803317315876484,0.0009938484872691333
1019,0.005547884944826364,0.0004761806019559388
1020,0.008086574512223403,0.0009872986212078679
1021,0.015934095283349357,0.0046406306424423265
1022,0.005522217943022648,0.014492431535706883
1023,0.005377146322280169,0.02097744398821167
1024,0.011491518219312031,0.020002677252418118
1025,0.010677443817257881,0.020905763085125484
1026,0.005888779399295648,0.013054985563918861
1027,0.009134756804754337,0.006066715535408223
1028,0.014610661411037047,0.0010392860548941103
1029,0.007056160209079583,0.0005111529958864664
1030,0.005536412416646878,0.0019694105395230287
1031,0.014573148110260566,0.00033175868709974687
1032,0.008492310158908367,0.0022750741704122015
1033,0.004860955290496349,0.0032814571072962897
1034,0.008957423642277718,0.004510171820371472
1035,0.009184886515140534,0.004155259930708429
1036,0.010661956202238799,0.007074575762302555
1037,0.008809370609621206,0.0034696253408726895
1038,0.01236498796691497,0.004937784294243793
1039,0.0065519493694106735,0.0030352347339803014
1040,0.0074435717115799585,0.0009996970967057416
1041,0.004453382144371669,0.0004490923841261953
1042,0.006619039550423622,0.0008789625645843906
1043,0.006260475019613901,0.0020493538069881892
1044,0.008402119452754656,0.0029307369126431774
1045,0.004944099982579549,0.0032253525552083874
1046,0.008006430044770241,0.0010688432307821311
1047,0.008497259517510732,0.0003288674016078653
1048,0.014210884148875872,0.0033109626781783605
1049,0.007077708840370178,0.010653537354971232
1050,0.01288501148422559,0.01304294109039488
1051,0.01317535360964636,0.0077799071410768915
1052,0.011534445732831956,0.004713284418161152
1053,0.018125811389957867,0.004084736424667096
1054,0.007295938938235243,0.003669080384380636
1055,0.007787683513015509,0.005792115820430176
1056,0.006019650958478451,0.003279075878862923
1057,0.003551689232699573,0.001324888325584998
1058,0.008918424354245265,0.0009267868634792622
1059,0.00613154803092281,0.0012712981476998555
1060,0.012744513774911563,0.0023547433580854656
1061,0.014130173809826374,0.012635743975290778
1062,0.00973993024478356,0.02636909149369301
1063,0.007016022596508265,0.02873617340946755
1064,0.005846137925982475,0.022814046547949662
1065,0.020009773628165323,0.007360081384448628
1066,0.007358333157996336,0.0017538908201852562
1067,0.006377042333285014,0.00048534018122005595
1068,0.0033140492935975394,0.0003125503923395398
1069,0.005587068852037191,0.00048121948747239374
1070,0.016306116183598836,0.003215950562438944
1071,0.0050680310310175026,0.01038103793578887
1072,0.019863846153020857,0.006017323882912683
1073,0.0078772717465957,0.0022195681401294227
1074,0.019656731312473617,0.003968188928560033
1075,0.008412159110109011,0.006679059812330712
1076,0.005561331333592534,0.005788239966315484
1077,0.005288317861656348,0.0053149790813525515
1078,0.005331928531328837,0.001328021674607581
1079,0.010446084042390188,0.0013475112946518854
1080,0.006291883500913779,0.002734988170801199
1081,0.0052433655907710396,0.004404713081097917
1082,0.009418088508148988,0.003012651370631324
1083,0.0074203934520483015,0.0026083309965872627
1084,0.004826871957629919,0.003262096340631881
1085,0.0060952574945986274,0.003632499945311867
1086,0.0055519933501879375,0.004473454882635882
1087,0.005921786930412054,0.006499373980345782
1088,0.007627570753296216,0.008137438854758153
1089,0.0069765362267692884,0.00454376242532019
1090,0.0035085682291537525,0.002505082906664986
1091,0.007609036502738794,0.001712605005200974
1092,0.003928323648869992,0.0024439796699178323
1093,0.009873504626254241,0.004451425522783695
1094,0.0051264643048246706,0.008848679774816622
1095,0.008867099632819493,0.009260506320156549
1096,0.016449936976035435,0.004222540054143521
1097,0.012994997389614581,0.0024049690984494503
1098,0.007097686640918255,0.0023830239933354466
1099,0.004460081007952491,0.0009208475951001876
1100,0.008341229458649953,0.0010157030188799863
1101,0.00458091093848149,0.001149336316579223
1102,0.01032636547461152,0.0029734345874612967
1103,0.011102620946864287,0.00790271469615182
1104,0.022894324827939273,0.007480416997003625
1105,0.005771675892174244,0.003937275938646138
1106,0.002989599108695984,0.0037515567239831413
1107,0.005228427921732267,0.0023698473365552594
1108,0.009729769236097733,0.00033451708231312517
1109,0.012867645950367053,0.0013005261320337565
1110,0.017788384668529035,0.0009002919909299204
1111,0.015136359197398027,0.0011487894675187896
1112,0.010455700646465024,0.0004308663376018797
1113,0.023598364368081094,0.0004302432742044711
1114,0.0057451865946253145,0.000777077383044508
1115,0.011644119458893935,0.0021968711050477817
1116,0.004634576352934043,0.0027899151703353687
1117,0.007724703972538312,0.0020404866847552753
1118,0.008367298590019345,0.002260608387544577
1119,0.005670742255946001,0.0028350273179903367
1120,0.0109683513486137,0.00632009746190923
1121,0.004633296808848778,0.0069153663315619646
1122,0.0038784770760685204,0.00695305635706026
1123,0.017123431681344906,0.006692581673898892
1124,0.008781152063359816,0.0031693821898198618
1125,0.005293803739671906,0.0014947464196719447
1126,0.008036047561715047,0.0026649941039429597
1127,0.009855211091538271,0.004977740039667714
1128,0.003996265524377426,0.008800674028346065
1129,0.012740461093684038,0.007018627081480291
1130,0.005028934900959333,0.004968546096736576
1131,0.007741328825553258,0.005228044617681476
1132,0.008660692255944014,0.007414184439905555
1133,0.013964414906998476,0.002722665811861642
1134,0.011629458144307136,0.0013999138041045408
1135,0.008163516052688162,0.0015448080573220088
1136,0.007154053884247938,0.00497789621592788
1137,0.003460550835976998,0.007260376473137161
1138,0.014753666706383228,0.015824249264789602
1139,0.0039243641775101425,0.018548287059131422
1140,0.007584593968931586,0.014562424740683266
1141,0.005391771532595157,0.008222645971030867
1142,0.0058760462328791615,0.004134792594881783
1143,0.004536949750036001,0.0019570071364573218
1144,0.006423222584029039,0.0009403562943222361
1145,0.006498638913035393,0.002516986636107254
1146,0.005761510506272316,0.005337828424437876
1147,0.012477011419832706,0.007544289697070568
1148,0.00877175023779273,0.007920389744447686
1149,0.010057924129068852,0.003712082396081665
1150,0.008034036308526993,0.0003782306661729276
1151,0.01334165409207344,0.002452949083775108
1152,0.014491648289064567,0.0031736150808763085
1153,0.01167720196923862,0.00034279225966675286
1154,0.02436650824577858,0.0005359201266039544
1155,0.004698917704323928,0.0006454999875876378
1156,0.005383163426692287,0.0018649356349845206
1157,0.004783154589434465,0.003977387370160449
1158,0.022630575144042573,0.011619409611612036
1159,0.007743406109511852,0.018319994679581352
1160,0.014700666659822066,0.014670769373575846
1161,0.015854340915878614,0.0036499833372252728
1162,0.004606711274633805,0.0009246657541898564
1163,0.006262638419866562,0.0006605249794529566
1164,0.00633059556906422,0.0008231874259885902
1165,0.0036608250811696053,0.0006079001180120956
1166,0.00716137100631992,0.00033639377096738687
1167,0.0036830843426287176,0.0005946802152375206
1168,0.010398029536008834,0.001465779100136276
1169,0.0067274229601025585,0.0009388394214005934
1170,0.007311135220030944,0.0003533747764739987
1171,0.026597398798912764,0.0016406369681486435
1172,0.008021105034276842,0.004096853971612035
1173,0.0050579166660706205,0.005938018824665519
1174,0.003808733269882699,0.005736521535079207
1175,0.006104824567834536,0.005218483074649907
1176,0.0061929268296808,0.004603873134988268
1177,0.007538142513173322,0.0019199246260179588
1178,0.00759908768037955,0.0005025743413750594
1179,0.006300794271131356,0.0003390346785407508
1180,0.008109204936772585,0.00038850322178202786
1181,0.014161875223120053,0.0005501828142200128
1182,0.009294482382635276,0.0022802074570535567
1183,0.009572580425689618,0.009840429863995977
1184,0.0036875525799890357,0.017560157837749224
1185,0.00434926962479949,0.014119222607703237
1186,0.005389275945102175,0.0037025805965763088
1187,0.0050144456637402374,0.0014655729143047019
1188,0.005550950082639853,0.000840459182676015
1189,0.006263175575683514,0.0017639710030066427
1190,0.004572584759443998,0.0036561054950961245
1191,0.009866899019107223,0.0020439811486598343
1192,0.0034418048337101935,0.0006950186119259646
1193,0.00643522801498572,0.0005752507949347351
1194,0.012824617341781657,0.00068753156882482
1195,0.009571832977235318,0.0005783523744883081
1196,0.003784697937468688,0.0007852902595084487
1197,0.00962548026194175,0.0011135078966617584
1198,0.004904851596802473,0.003674518848001434
1199,0.016838168477018675,0.00236580445845094
1200,0.005692460418989261,0.0011739218355652098
1201,0.005970055765161911,0.0011216727373386292
1202,0.006921872061987718,0.0023733928992973954
1203,0.003715391270816326,0.005775422391574285
1204,0.004177482100203633,0.009894522435266024
1205,0.008109374577179551,0.007155376039881107
1206,0.004437768583496412,0.006381420816202262
1207,0.011899285453061263,0.005391638971080906
1208,0.006340276667227348,0.004034259969270543
1209,0.0025423413103756805,0.0029042530886567476
1210,0.0018369254966576895,0.002526739107074532
1211,0.004968723685791095,0.0018910205438297395
1212,0.007789034768939019,0.0020733628999332937
1213,0.012122806906700135,0.0007592804119949452
1214,0.006685384983817736,0.0003881962594910789
1215,0.005655285467704137,0.00046078286648384834
1216,0.005610508068154256,0.0012536180336355117
1217,0.0032218685373663902,0.003962810154002138
1218,0.009599433032174904,0.009250996122409028
1219,0.005102924567957719,0.021652179383482153
1220,0.004183663303653399,0.021313524363856567
1221,0.009945927901814382,0.011039802036656622
1222,0.005400535960992177,0.004827082336863927
1223,0.01846960528443257,0.00308180111596546
1224,0.03462599491079648,0.00040912517221856925
1225,0.0063544986148675285,0.006459604224397076
1226,0.006426689401268959,0.014997862388341748
1227,0.010029848121727506,0.012562628922580976
1228,0.012955326090256373,0.002209333869034958
1229,0.006397133801753322,0.0010840176840922768
1230,0.008943192195147276,0.012062395481686843
1231,0.00425059599801898,0.02099015827328838
1232,0.008016042993403971,0.018795077574619075
1233,0.007571382075548172,0.01161400846080386
1234,0.013989497643585007,0.0016530161690816545
1235,0.010204757067064444,0.00032136469793872573
1236,0.010599781184767683,0.0003337822903238022
1237,0.008464617778857549,0.0014866153125471452
1238,0.0034881356017043195,0.0031621554479743653
1239,0.004236563784070313,0.0037598957018981204
1240,0.017540650938947997,0.0016812926426540778
1241,0.010225212015211583,0.0003925214628130742
1242,0.006312628478432695,0.0009738224284854113
1243,0.011743423622101545,0.00044799299773825495
1244,0.0038773095856110256,0.0009148092708980654
1245,0.0036252821795642377,0.004240007126126547
1246,0.00523515318830808,0.007741407785368593
1247,0.006011211049432556,0.00910262247460366
1248,0.006674256167995433,0.007618759404758961
1249,0.00354417044048508,0.007059571017342353
1250,0.00595951007368664,0.006235883456834576
1251,0.0030936532964309055,0.007376296810631515
1252,0.003356401203200221,0.00666110252427776
1253,0.006350815917054812,0.0047041976590210585
1254,0.0027331328640381497,0.0012828788879376493
1255,0.007221606466919184,0.0004087357593822662
1256,0.00337886285657684,0.0003672430197482286
1257,0.004935894859954715,0.00035303897666966145
1258,0.009159720762788008,0.0019047786399983523
1259,0.004359034479906162,0.00458797017025233
1260,0.006109605481227239,0.007900475723156978
1261,0.008370055382450422,0.008916447124286004
1262,0.005660175159573555,0.005775775684163585
1263,0.0032197263402243457,0.002299209275114083
1264,0.0029417424307515224,0.0007118391152539383
1265,0.004540348860124747,0.0003551322128610959
1266,0.0030796246137470007,0.000354704368294345
1267,0.006132390862330794,0.0006659588131819422
1268,0.01499645821750164,0.00263909138031086
1269,0.0056970198328296345,0.007877747343079737
1270,0.005044931235412757,0.01088614941013661
1271,0.004714355105534196,0.012981977351881259
1272,0.005733792111277581,0.012131410787067217
1273,0.016837830500056345,0.006874628942350895
1274,0.002840263210237026,0.001991180568247249
1275,0.006730139628052712,0.0005662700988329152
1276,0.006014461799835166,0.0006890545349992942
1277,0.009380122181028128,0.001622793422630656
1278,0.004546504622946183,0.004365127495549924
1279,0.004671011042470734,0.007301459916763836
1280,0.0036341791662077108,0.008100889263707296
1281,0.008405159289638201,0.004164606438982382
1282,0.004867280678202708,0.0025286308696700465
1283,0.005202897432415436,0.0030147181687691406
1284,0.003723427187651396,0.0033020679321553973
1285,0.005182278947904706,0.004699010410133684
1286,0.0032664491795003415,0.006578798732605942
1287,0.0049583330129583675,0.007131887632503844
1288,0.023200303812821708,0.002838049198321083
1289,0.004695945171018442,0.00036845669704857036
1290,0.013301942528535922,0.0009479611303265157
1291,0.00593439096895357,0.0004305419158421958
1292,0.006524675525724888,0.0003491772473268095
1293,0.0039082411055763565,0.0009070368666114688
1294,0.005367600793639819,0.003436637903449305
1295,0.009615259245038033,0.003669667019568689
1296,0.013570521422661842,0.001878988890968568
1297,0.009733375906944276,0.00034377058981276576
1298,0.004757836336890856,0.00039041342148393916
1299,0.009086754079908133,0.0008622925940966397
1300,0.006744147154192129,0.0010493477481030669
1301,0.00455278263737758,0.0011595545067010743
1302,0.008188235883911451,0.00031311961390590023
1303,0.003920000729461511,0.001844476676295506
1304,0.00945765976794064,0.004817574663490754
1305,0.006340017099864781,0.012513148407751357
1306,0.005198458023369312,0.016952584753608144
1307,0.0031674711654583612,0.011209912412957839
1308,0.0048222739870349566,0.003856262058694983
1309,0.0026217652019113304,0.0006946995885013358
1310,0.0033854449478288493,0.0003044371259745026
1311,0.003182480577379465,0.00028935450736008794
1312,0.005392058085029324,0.0004274534657754124
1313,0.008093353034928441,0.0016745421763139162
1314,0.004494986031204462,0.0027618546703318406
1315,0.0027115971005211275,0.0021934952268278913
1316,0.010406090241546432,0.0011260520414264098
1317,0.00471915901483347,0.0005258760331280268
1318,0.007912300154566764,0.0002961281868026657
1319,0.005639822105877101,0.0008592984539712643
1320,0.0026886909307601552,0.0029172690991007273
1321,0.002540767767156164,0.007194259508964959
1322,0.004420311873157819,0.011610092061479189
1323,0.0041357734783863025,0.01514786895778444
1324,0.00740525214932859,0.011990791546148166
1325,0.002524971232439081,0.008107826249859137
1326,0.004983747533212106,0.003573159047277176
1327,0.005249736551195383,0.0011343632420328887
1328,0.0053106321642796194,0.00037866898199152073
1329,0.006808514054864645,0.0004976455955180661
1330,0.004757520680626234,0.001918707411921425
1331,0.0049265548897286255,0.008037836339912917
1332,0.011877559932569663,0.010093724284299284
1333,0.004284612741321326,0.007993387570332366
1334,0.0032296483404934406,0.004576622862477749
1335,0.0028152395583068333,0.0033748064636748435
1336,0.0037177872844040396,0.003718791134677261
1337,0.0073838095180690285,0.0020011830421393377
1338,0.008044487346584599,0.0006165246556483056
1339,0.006457489247744282,0.0006989068421467115
1340,0.0049170164080957575,0.001092849904535153
1341,0.003108034593363603,0.002465753833768748
1342,0.0024737614827851453,0.0035259040693442025
1343,0.005593460643043121,0.004779421073542527
1344,0.0038330121897161007,0.0076593403045458405
1345,0.001769731876750787,0.009481337161092033
1346,0.004314171165848772,0.009482178798936612
1347,0.005582053121179343,0.009287539009026617
1348,0.025538006766388812,0.005000263545117531
1349,0.005006334216644367,0.00031259533698814045
1350,0.0033492947462946177,0.0003767913974663624
1351,0.0033024674747139217,0.00032256595652504675
1352,0.0032359331225355467,0.0011208290880959895
1353,0.005597907428940137,0.0032091844712563776
1354,0.003475608288620909,0.0037893161820302234
1355,0.005325271685918172,0.003158840906332459
1356,0.004437920800410211,0.0006790113744628208
1357,0.002357516794775923,0.0003072456692125715
1358,0.005058897690226634,0.000316666409625006
1359,0.008631646555537978,0.0008775257959564309
1360,0.0047068044543266295,0.005042399129999137
1361,0.004991092750181754,0.008124283444114595
1362,0.007175999383131663,0.0056655597328399004
1363,0.0045432562629381815,0.003072822589035097
1364,0.00654298085719347,0.002632817041063518
1365,0.0022438049704457323,0.00242874614366096
1366,0.006127128594865402,0.00273199549505803
1367,0.0027117335858444372,0.0030807023867964745
1368,0.006342306872829795,0.005527377090476758
1369,0.003813709792060157,0.007023996978518907
1370,0.006537952157668769,0.007698677856017623
1371,0.003763027644405762,0.009107612683410532
1372,0.003917300576965014,0.006853632955697545
1373,0.003457200170184175,0.003592042432150297
1374,0.001981822067561249,0.0023618218902912405
1375,0.006326966670652231,0.003045032489826979
1376,0.007415959176917871,0.0056622852217297105
1377,0.009894743445329368,0.0020466563809249136
1378,0.0042505952257973455,0.0005082880219220653
1379,0.00612646546214819,0.00042546405119649357
1380,0.002810529200360179,0.00042673819272047756
1381,0.002768100363512834,0.0005193365848764821
1382,0.010947536242504914,0.0012453624635542695
1383,0.008370545537521442,0.005430098549511872
1384,0.006322355040659507,0.011016348474904111
1385,0.005996949489538868,0.011144153261829538
1386,0.010366518174608548,0.00690611937676954
1387,0.0030030264829595883,0.0021050635000897776
1388,0.004475824410716692,0.0006221365445696514
1389,0.007271921246623,0.0003408516081621818
1390,0.0031045464177926383,0.00031771384803707607
1391,0.002271201213200887,0.0004119358423818005
1392,0.0034942571073770523,0.0005049374598222757
1393,0.002230119255060951,0.0004730478781125677
1394,0.00375939243628333,0.0010475463803029722
1395,0.00523107685148716,0.0011486996323338639
1396,0.004796332586556673,0.0013250800854477443
1397,0.0036583162844181063,0.001708570722768312
1398,0.0046311945654451845,0.001442741913780875
1399,0.0037829859803120295,0.0015834176243005092
1400,0.002799509543304642,0.0025632455563771796
1401,0.0023075484205037355,0.0033774417906738165
1402,0.004688449980070193,0.0044420444766026836
1403,0.002516955672763288,0.0038997941862857132
1404,0.0029251084895804526,0.002854381622583197
1405,0.004746902710758149,0.002864002305959836
1406,0.0053073252706478035,0.002073965959893594
1407,0.004152518960957726,0.0013875034576477973
1408,0.0028495758073404432,0.00127618051234807
1409,0.00519927100588878,0.001455799754768915
1410,0.0029770975466817617,0.0018350984499522903
1411,0.003021006068835656,0.0036204870754842
1412,0.002604756038635969,0.006310899494139597
1413,0.0031308967852965,0.005263115867580238
1414,0.004746185305217902,0.0017779262652021577
1415,0.0034609590967496235,0.0006874081125885945
1416,0.003587582536662618,0.0007178875716738076
1417,0.0037203392790009578,0.001448998424464194
1418,0.005390724105139574,0.0026257238704820124
1419,0.0036620176397264004,0.003315806485527353
1420,0.004037566358844439,0.0020948032595282584
1421,0.0026493793974320095,0.0017787985209571687
1422,0.005524906391898791,0.002895232977628795
1423,0.004062732487606506,0.003406400650696099
1424,0.0016453971931089959,0.0036400353906360285
1425,0.004902526487906774,0.004304820083473858
1426,0.014795501002420981,0.0015701576747403246
1427,0.003152861399576068,0.000433685334066776
1428,0.0015711547496418158,0.00039914334262227666
1429,0.01058330958088239,0.000468106393543023
1430,0.002709881185243527,0.001166296452937419
1431,0.006495682833095391,0.0015156452737378273
1432,0.0066089684764544165,0.0016942436681591977
1433,0.002410577874009808,0.002750894034346729
1434,0.0020406442849586408,0.002970983424055123
1435,0.0030396599012116592,0.004237492203886746
1436,0.0061864073077837626,0.006432784729424799
1437,0.0030056391765053074,0.007232615348409142
1438,0.0031007297492275637,0.007711844597752505
1439,0.006253865454345942,0.011313826608204703
1440,0.005348935847481092,0.015584180420210139
1441,0.005465012850860754,0.012372581832851583
1442,0.0029328357738753158,0.009082488059365785
1443,0.0025201198024054367,0.00559951351922855
1444,0.004135196011823912,0.0049054138553029265
1445,0.0017006922358026107,0.005471961139783002
1446,0.0025122604177643857,0.006128831856410231
1447,0.002130206394940615,0.005412280189189297
1448,0.0030360718878606955,0.003902550480377517
1449,0.0049627076213558515,0.0014474161101330877
1450,0.0072622319217771295,0.0003252489083630887
1451,0.0025577753161390624,0.0004082565030426179
1452,0.003782100509852171,0.00037481431728970987
1453,0.005131846930210789,0.0028309913145171273
1454,0.0018045636980483929,0.006312547910588178
1455,0.003531864782174428,0.008243203699610561
1456,0.003556991221072773,0.009069590437176981
1457,0.012125953116143744,0.004101575003686356
1458,0.0035017409982780615,0.00241547154823634
1459,0.002524411802490552,0.00186423236798299
1460,0.0018092965086301167,0.0021030481820326972
1461,0.002329780285557111,0.0026014837237586927
1462,0.003469666497160991,0.003957797228549308
1463,0.0075100946550567945,0.005352928090775222
1464,0.001863252519009014,0.00545802623665298
1465,0.0038506371589998403,0.0039636994554111135
1466,0.0014927791121105353,0.003308460026521955
1467,0.004402970150113106,0.004015851117757678
1468,0.0046882733081777895,0.006391943838142338
1469,0.003867631972146531,0.007402454045388782
1470,0.0046265112236142155,0.006025030514584822
1471,0.0034643625530103844,0.0036420915548128693
1472,0.00535728515436252,0.001188582678091282
1473,0.00346286726805071,0.0005270554241588154
1474,0.0020530416630208494,0.0004933490364285382
1475,0.004954815655946731,0.0003973086647436088
1476,0.0027284342097118495,0.00031889717866383574
1477,0.002440522952626149,0.0003765331472223216
1478,0.0026162953892101843,0.0008209797380797086
1479,0.002807490279277166,0.001680394259488417
1480,0.004359863139688969,0.0050286056326800275
1481,0.003990834031719714,0.007652532036977204
1482,0.003788916642467181,0.009380605496596871
1483,0.0014863929788892468,0.008709234351629925
1484,0.00531102962171038,0.007486028820058407
1485,0.004403885205586751,0.007493683120660614
1486,0.0062676630836601055,0.005913600521652322
1487,0.0028628575926025706,0.004140361672408922
1488,0.0030588887476672728,0.0040589601062891775
1489,0.0032610982346038026,0.0031440871201281312
1490,0.0014096145595734319,0.0023238052850948613
1491,0.0034446319409956534,0.001639402485098581
1492,0.0035868332100411258,0.0013086748641659642
1493,0.0010265724190200369,0.0013726762344799283
1494,0.006050330897172292,0.0008472818346852056
1495,0.003898319105307261,0.0005074350709845829
1496,0.005493219103664159,0.0006819404089790687
1497,0.0034633561813582976,0.0020854979282386643
1498,0.002506281753691534,0.005753329840668461
1499,0.0033576450621088344,0.008578149236912965
1500,0.002377933015426,0.009685341786179278
1501,0.0034546169141928353,0.01228033709857199
1502,0.003377645198876659,0.011185829696512361
1503,0.001991975431640943,0.008294089446770169
1504,0.004299172557269534,0.00613597170477025
1505,0.003892179454366366,0.0028202826080963627
1506,0.002918915000433723,0.0025980673575152955
1507,0.0059875945871074995,0.00505463703268627
1508,0.0025973986213405926,0.008206215235050659
1509,0.0019717146021624404,0.009054870578890655
1510,0.0031536454024414223,0.00830608670605205
1511,0.00333770066111659,0.009336438362230684
1512,0.004394953007188936,0.008837831832947786
1513,0.0023842848216493926,0.007042219584579007
1514,0.005093539164712032,0.006821890040273555
1515,0.004191863175947219,0.007730133390348209
1516,0.0037012903640667597,0.007482869659512364
1517,0.00390857298237582,0.008871728478119387
1518,0.004169734350095193,0.007226225489761397
1519,0.0017802183205882709,0.004315413689861695
1520,0.0015940061770379544,0.0027768277693866637
1521,0.003235333265426258,0.00286983720664131
1522,0.0025918426923453807,0.0036111814351153303
1523,0.004617902791748444,0.003029699273930307
1524,0.007793957802156607,0.0015122124847645562
1525,0.0023445740186919767,0.001401872069122847
1526,0.0059661221612865726,0.00400612062682011
1527,0.0028714983724057674,0.00724052744018927
1528,0.0031842673352609078,0.007814904636763341
1529,0.0016950746222088734,0.006342424218657247
1530,0.002379966457374394,0.005400562746047276
1531,0.0018613140797242521,0.005801681352899089
1532,0.0021057083659494916,0.004611547611523093
1533,0.0024681453282634418,0.00388290409314615
1534,0.0029714758818348247,0.003001085550616882
1535,0.0021018321936329206,0.003374775164973056
1536,0.010856093342105548,0.006874884064826701
1537,0.0027019405271857975,0.011853944608255437
1538,0.002091526845470071,0.013967962331024179
1539,0.002013157634064555,0.011853901271800898
1540,0.00198144296494623,0.00812746070281804
1541,0.0024411415526022513,0.006616223189565871
1542,0.003144906732874612,0.006192112455896118
1543,0.004854569017576675,0.005089220923115635
1544,0.00299900669294099,0.0028422619542923934
1545,0.0020262332710747916,0.001358741450488393
1546,0.0034543450300892195,0.0016405198965439498
1547,0.005578681919723749,0.0023273427709283537
1548,0.003145843689950804,0.003533020814368774
1549,0.003091267605001728,0.00475750834141907
1550,0.0026310193352401257,0.004943294916301966
1551,0.0018786415768166384,0.005704550358483143
1552,0.006226897131030759,0.0029760638132081394
1553,0.0017595909846325716,0.0018634316048514077
1554,0.0027876251998047033,0.0012003300413325952
1555,0.004363400892664989,0.0009420686867768871
1556,0.0048268689735171694,0.0014932781664861573
1557,0.00488228714093566,0.0030944074547648082
1558,0.004379966284614056,0.007910334020417336
1559,0.0016015208171059688,0.011836700909362551
1560,0.0025510404258966444,0.01393780720077063
1561,0.007100561385353406,0.014681239146739244
1562,0.0030104606878012417,0.011278339457420404
1563,0.0027100811867664257,0.009308912551673184
1564,0.0011791403638198971,0.008764317319102106
1565,0.004833425395190716,0.008981162731192614
1566,0.001859057213490208,0.008831524094076533
1567,0.002169897733256221,0.008861065839488081
1568,0.0020367660870154697,0.00781826163255419
1569,0.0020268633340795833,0.006964032919478347
1570,0.002963277945915858,0.005990642694789067
1571,0.0026956113365789254,0.005726883923144717
1572,0.00206076983983318,0.006486498756192581
1573,0.0025832653666536015,0.007403261295100402
1574,0.0020555237773805858,0.008094458105532746
1575,0.004908951573694745,0.007142077777425797
1576,0.00447743262629956,0.005608981483403528
1577,0.0019302255377018204,0.004048280148325782
1578,0.001876805443316698,0.0023381649203358863
1579,0.0018610467591012518,0.0018789969937472839
1580,0.0011816446747009953,0.0015290164537128737
1581,0.0034761844047655663,0.0016711797968250268
1582,0.001636052488659819,0.0025375996531145266
1583,0.0013782814921190342,0.0032766238508517283
1584,0.003294875507708639,0.004377826078854806
1585,0.0016384820298602184,0.0046976358814938375
1586,0.0020559092983603476,0.004794466682323064
1587,0.002019461034797132,0.006157917202020075
1588,0.0013621988240629435,0.007904585494458327
1589,0.0027619866809497277,0.007973648931787551
1590,0.0027015496433402102,0.00475672021922138
1591,0.001969807323378821,0.0023129301605887753
1592,0.002061838423833251,0.0009272022932571801
1593,0.0038175980638091764,0.0008412067957456654
1594,0.0018608139827847481,0.0010633358251227185
1595,0.0037422135705128313,0.002136458965475883
1596,0.0022968979241947333,0.0025467106457037186
1597,0.004067714869355162,0.004556514663153399
1598,0.003090490928540627,0.005740585165065632
1599,0.002438550675287843,0.007827821065132556
1600,0.0023129401728510857,0.010157347221079974
1601,0.002992208643505971,0.007372669570627269
1602,0.0030163324748476348,0.00523654710806427
1603,0.0037602923500041165,0.0033827561174372307
1604,0.00347210051647077,0.003810236786018338
1605,0.00129441455937922,0.004721783964802125
1606,0.0017912039145206412,0.006613803008974296
1607,0.0015049731203665335,0.007661949532727401
1608,0.002940646895634321,0.007659696603509766
1609,0.002853678601483504,0.00574084271932816
1610,0.003195894043892622,0.0030488267020807105
1611,0.002770483586937189,0.0027500713177362993
1612,0.001257470902055502,0.0033368847362849623
1613,0.0029045702268679936,0.004637759117605655
1614,0.004495346503487477,0.005435013108783298
1615,0.006951010785996914,0.007525219140868438
1616,0.0026348785419637957,0.009477365495125104
1617,0.011231819028034806,0.0056115568871473705
1618,0.002390978877277424,0.0022800878066112076
1619,0.0033459436458845933,0.001649768836523967
1620,0.0022358536797886094,0.002515619054262401
1621,0.002449426536137859,0.0030574400593357826
1622,0.00395309089217335,0.0050091542962568195
1623,0.0027929951902478933,0.006863624761589089
1624,0.001858421911795934,0.008844050701315465
1625,0.002640263130888343,0.009979913196368524
1626,0.002760009203727047,0.011658902819219389
1627,0.0024079320952296256,0.010797866200755912
1628,0.0013796218127633134,0.010034289423441678
1629,0.0016861576897402605,0.007321340511198978
1630,0.0030984924795726936,0.0043083290400647975
1631,0.002144880344470342,0.003320790448754329
1632,0.0024429251129428546,0.0039760454595960375
1633,0.004530497376496593,0.0032559676689493376
1634,0.0022623313590884207,0.0021017887479794477
1635,0.002145731635391712,0.001699599431969269
1636,0.005856869742274284,0.001869577899498985
1637,0.001371284294873476,0.0012377168947819903
1638,0.003628538742971917,0.0018202846233967191
1639,0.001336640294175595,0.0035404525942316183
1640,0.0026021725653360287,0.0045739731571653435
1641,0.0014091666865472992,0.004919136637462336
1642,0.0021034652716480197,0.0045502465572317095
1643,0.0032639486249536275,0.005021550698064224
1644,0.006594099756330252,0.003948135102679681
1645,0.002861696574836969,0.003206815592378204
1646,0.0034404720451372364,0.004165624066838744
1647,0.008680876317278792,0.0031245503498361126
1648,0.001249226415529847,0.002974234590829726
1649,0.0027707440157731375,0.0034546545129378286
1650,0.002871356252580881,0.0034040354399217498
1651,0.005615581509967645,0.002750036521809317
1652,0.002905363496392965,0.0026320704457769442
1653,0.001804941954712073,0.0020111504920393404
1654,0.004176593579662343,0.003980517330203662
1655,0.005646442528814077,0.008406301617230239
1656,0.0017426451512922844,0.012877686760709649
1657,0.0038886741424600285,0.014376550215726707
1658,0.002607241241882245,0.013127609390264366
1659,0.0017417606781236828,0.008421528724986211
1660,0.0018150927149690687,0.004591202066546818
1661,0.0016109269112348557,0.002216175660131532
1662,0.0024393794902910788,0.0017951419195759365
1663,0.0018996735918335617,0.002364476050702278
1664,0.0020938070102905233,0.0037685256391458695
1665,0.0021075966224695245,0.004871127405340037
1666,0.003985940587396423,0.006593008253353032
1667,0.0032232956029474734,0.006533104054934797
1668,0.0009763994719833135,0.005088811783849845
1669,0.0022024795839873453,0.003404958522197796
1670,0.0018193489561478297,0.002698619927590092
1671,0.0021943173836916686,0.002849175758136992
1672,0.010160547867417335,0.0027035511172327554
1673,0.0035941984814902147,0.0018580524613045985
1674,0.001527615962550044,0.0020979998186666368
1675,0.0025621094197655716,0.0017024247698779952
1676,0.0025653154434015354,0.002484819104306792
1677,0.00335900269759198,0.002708586378088384
1678,0.001582521169135968,0.003112864579831125
1679,0.0036084568438430626,0.00445751424835265
1680,0.002165587417160471,0.005785078926785299
1681,0.0024449193151667714,0.009115675104814664
1682,0.002485128135109941,0.01029254672558684
1683,0.0013827810160970935,0.00888405335598696
1684,0.0023521825360755125,0.007319796062483077
1685,0.0026502786359439293,0.006831008592369961
1686,0.0015473891088428596,0.006509660056939251
1687,0.0011195172943795721,0.0058980342490892665
1688,0.002433271244323502,0.005016218868155054
1689,0.002927350299432874,0.004397645437469085
1690,0.0011243847276394567,0.004150581423585352
1691,0.0024612913994739452,0.003495693234018764
1692,0.004277152940630913,0.0023803028825409057
1693,0.0015358890367982289,0.0020126051838613218
1694,0.003676039290924867,0.0020762824437074493
1695,0.0017827121385683615,0.00285595156693537
1696,0.002728661801666021,0.003981933588630449
1697,0.0018973133681962886,0.004493433570935887
1698,0.0016000224199766914,0.004848277858017306
1699,0.0018601073456617693,0.004411933401719346
1700,0.000985432967233161,0.0032681231182722145
1701,0.002043609724690517,0.002905122720641874
1702,0.0027015424876784284,0.0031628166897255078
1703,0.001772957908300062,0.0033368143996452553
1704,0.0023206103903551894,0.0031873819483607484
1705,0.0019227268795172373,0.0035369388312537072
1706,0.002150665351655334,0.003842768223945335
1707,0.0016623527277261018,0.004033087205403207
1708,0.002640737897794073,0.004117385154775186
1709,0.004511364859839281,0.004409192535721245
1710,0.0023799805746724206,0.004811669852344962
1711,0.0013234998487556974,0.005101955087299933
1712,0.002796349891771873,0.005322637858838714
1713,0.0018819857699175675,0.005649059330118679
1714,0.0015597460752663514,0.005700645799481729
1715,0.001462367782369256,0.004790353978172555
1716,0.0015903944925715525,0.00407350545596571
1717,0.0011889800895005464,0.003919557809873283
1718,0.0012257835982988278,0.0038652393220765897
1719,0.001631571864709258,0.0036181197501719
1720,0.0023119443794712424,0.004375068691412085
1721,0.0025890190619975327,0.006752207172675091
1722,0.0022157950792461635,0.009312931399204229
1723,0.0016637148975860328,0.008926854773876612
1724,0.004044131841510534,0.006463689440915807
1725,0.001402588200289756,0.0038748924179296744
1726,0.002435387383836011,0.0028477211929422023
1727,0.0026397011087586483,0.002534906129347302
1728,0.0026932881446555257,0.0022359623257833267
1729,0.003162354448189338,0.00196627594737543
1730,0.008017167604217926,0.0027452939563044156
1731,0.0027606226271018387,0.00305115586767594
1732,0.0017617046212156614,0.004869986649559081
1733,0.001231142102430264,0.005991108375138532
1734,0.0026200083394845326,0.005153812527961549
1735,0.0014183985399237524,0.003658811461006166
1736,0.0012007780450706681,0.0026444055436843496
1737,0.00278465342707932,0.0021713629925939424
1738,0.0017211926790575186,0.0022768621831282714
1739,0.0025508157055204113,0.003644209270697762
1740,0.001864020557453235,0.00576665501344448
1741,0.001288800787491103,0.007335594136333256
1742,0.002392178929100434,0.00880481523314589
1743,0.0012053993220130603,0.009510265483537264
1744,0.0028710523465027412,0.00712488456057352
1745,0.002505572132455806,0.0052722430766195235
1746,0.0014117359727000196,0.00378864189359354
1747,0.0012315262264261642,0.0029743789825915244
1748,0.0008774223194147149,0.0028264528407295894
1749,0.0011768655308211843,0.002950454171616257
1750,0.001488748611882329,0.0028022349313751123
1751,0.0026389339628318945,0.002704203719741594
1752,0.00285712960952272,0.00343740879890253
1753,0.0010807351713689665,0.004147078942681788
1754,0.0011441634735092521,0.004441405368740098
1755,0.001964010026616355,0.004051550641405391
1756,0.0011528616150220236,0.0039808195416559606
1757,0.002569434425095096,0.005257992013983908
1758,0.001383257486547033,0.006293198927060554
1759,0.002408022154122591,0.00699169673733631
1760,0.001928772513444225,0.006609808157976956
1761,0.0024022847414016725,0.005883165387360499
1762,0.0034972070793931683,0.0062045113630157115
1763,0.00257165872802337,0.0077459869977108565
1764,0.002075816240782539,0.0077836749781119196
1765,0.0011908167235863706,0.007086788151652841
1766,0.0020460124438007672,0.005930545712597886
1767,0.0024783133063465356,0.00483821042982197
1768,0.0020182924112305046,0.003758592966791482
1769,0.003493125402989487,0.003049087204169809
1770,0.001525952162531515,0.002663041484046575
1771,0.001803248746242995,0.0034853264332710826
1772,0.0012335373554378747,0.004403445074519916
1773,0.001773182504499952,0.005440049113063087
1774,0.002930361668889721,0.005895589058946448
1775,0.0014698199462145566,0.005644177233702258
1776,0.001688543800264597,0.004589800725620218
1777,0.0032250831834971906,0.0036743601582595827
1778,0.0031800968106836082,0.0023829811361580217
1779,0.003139460808597505,0.002229744719602821
1780,0.0020658248104155064,0.0027715839058901483
1781,0.0009879353068148096,0.0038371952223368207
1782,0.0015816558618098498,0.0041962259323799125
1783,0.005111809866502881,0.0069079476582942995
1784,0.0018222947760174672,0.00832053585991002
1785,0.001848604359353582,0.0076489511915422675
1786,0.0015127430437132717,0.0073713890061719205
1787,0.0015208025540535649,0.00839532204571436
1788,0.0022545037791132927,0.01035697591812377
1789,0.0024392459852000076,0.008814001646524633
1790,0.004227346880361438,0.008129478345096808
1791,0.0009904811469217142,0.00945193773102865
1792,0.002484707223872344,0.009318461565420641
1793,0.0015331782051362097,0.008418256362453538
1794,0.002525093437482913,0.008245150594051644
1795,0.002398175385314971,0.008565366447886876
1796,0.0018201832193881274,0.007330663534894324
1797,0.0016795948846265673,0.005875454036442683
1798,0.0013959853909909724,0.005358628236977329
1799,0.0015536965957532326,0.005638041367416667
1800,0.0011420066002756357,0.006870264936325669
1801,0.0014566165084640185,0.0067798468877958975
1802,0.001858096468883256,0.007174467972931806
1803,0.0021453859594961007,0.007829075325171502
1804,0.0011748027677337329,0.006690254720875569
1805,0.001231509093971302,0.005395875383190244
1806,0.001451037940569222,0.0051875409223574994
1807,0.0017359768816580376,0.004942096467538361
1808,0.0013279486059521635,0.004968974102092416
1809,0.0030596142013867697,0.005675556198067483
1810,0.0014124295519044002,0.007484479999300419
1811,0.0010432802451153596,0.008361660390656594
1812,0.0013676872787376246,0.009054194640215726
1813,0.0024307181670640905,0.008636022277982438
1814,0.001157188539703687,0.006162931324304109
1815,0.0014015462016686796,0.004280208103489457
1816,0.001406046034147342,0.0034003044963318704
1817,0.00224463000583152,0.004053246213548016
1818,0.00269112348711739,0.00572761465463112
1819,0.0021314760359625023,0.006727973451260586
1820,0.002582679968327284,0.008650018814515475
1821,0.002756176198211809,0.013633841839319432
1822,0.0016720073763281107,0.015816225065735347
1823,0.0017103593951712053,0.012700115488460886
1824,0.0019707967371990283,0.008651421661352554
1825,0.0011346728540956974,0.006263682989087718
1826,0.003000582120148465,0.003899102660211903
1827,0.0015205593702072898,0.0033932154758544693
1828,0.002157281703936557,0.004426687955856323
1829,0.0011386492600043614,0.006040028759349159
1830,0.0013067131473993262,0.006666345815909536
1831,0.002492290921509266,0.0077505475264151545
1832,0.0006218829813102882,0.008407535012375716
1833,0.002324384947617849,0.009171778406969637
1834,0.0016321440925821662,0.008393234202954156
1835,0.0013316141402659317,0.007379727645052804
1836,0.0017632901590938369,0.005481463694966763
1837,0.002498896202693383,0.005971248885235417
1838,0.0018692636668371657,0.006790917535579344
1839,0.003711097031676521,0.00924177067790028
1840,0.0012352364292989174,0.011378148690476054
1841,0.0012365632535268863,0.01132990815812907
1842,0.0009542665987585982,0.010683236433988252
1843,0.0014270774476851027,0.010074407041987829
1844,0.002005863608792424,0.010192607583924693
1845,0.0019181690489252408,0.009721563257582007
1846,0.0023916462591538827,0.009637034155036273
1847,0.0015193618251942097,0.009281893968800007
1848,0.001529429821918408,0.00928118050490555
1849,0.0008583320770412684,0.008895630180312876
1850,0.0013655208478060862,0.00775117272979509
1851,0.0014540338267882665,0.006607643976720453
1852,0.001437031535897404,0.005797355031398566
1853,0.0012972395789499084,0.005503867631669194
1854,0.0018553908914327622,0.00660152472582869
1855,0.0022207392224421105,0.007636620761140397
1856,0.0017262101483841738,0.00864210023615531
1857,0.0018407969269901513,0.009154413173203929
1858,0.0016260165837593376,0.009362122626724647
1859,0.0010818688198924065,0.008448420596249097
1860,0.001003424939699471,0.007857279045975695
1861,0.001420084247365594,0.007402443523077588
1862,0.0010136759762341778,0.006569366292123906
1863,0.0017816714787234863,0.005950207195696775
1864,0.0012501279047379891,0.005187392531627277
1865,0.00191803063886861,0.004457384334299822
1866,0.0009658263064920902,0.004175570107212192
1867,0.0011398092610761523,0.003643950648954389
1868,0.0011963589349761605,0.0032515943197435455
1869,0.003380734077654779,0.005004384753713656
1870,0.0012687686132267118,0.0058714693673608594
1871,0.001381710171699524,0.007071996769426684
1872,0.0007450479975280662,0.007872766199690557
1873,0.0026004633866250513,0.006535687456615487
1874,0.0016387770650908352,0.005233057360682223
1875,0.0011920256307348608,0.003957507075273503
1876,0.0012816250479469697,0.003481623647211675
1877,0.0016194446051182845,0.0034494312202329176
1878,0.001334526405359308,0.004073922296343317
1879,0.0014034792159994443,0.004656654945983176
1880,0.0023039733758196236,0.004807789436928187
1881,0.0010327004129067063,0.004430915238553582
1882,0.0013818541076034308,0.005150834182876418
1883,0.002278522211903085,0.00645700403167839
1884,0.0016866292338818313,0.006510547400392287
1885,0.0013299991919969519,0.006697048699995231
1886,0.0012407732428982854,0.006833008705632903
1887,0.0027381588472053407,0.00600791712460375
1888,0.0013038831297308207,0.007186295758736761
1889,0.0014834169919292132,0.008231035847630765
1890,0.001221985393203795,0.008086591172004826
1891,0.001079042574080328,0.007025637819121282
1892,0.0018998519362260899,0.006413381059289153
1893,0.0010676650640865167,0.007427496372651287
1894,0.0009245876766120394,0.008163685616301862
1895,0.0006867523848389586,0.008677073438483023
1896,0.0012369822400311629,0.00864775637872735
1897,0.0011192106603023907,0.007514003609791833
1898,0.0021636723230282467,0.005564864342269754
1899,0.0012938058779885372,0.004459298120495695
1900,0.0024929698556661606,0.004593036949024563
1901,0.0015246223580713074,0.005672664705620349
1902,0.0010537361182893317,0.006368334383338864
1903,0.0009436836039337019,0.006450788324905766
1904,0.0010197819812068096,0.005448288755349771
1905,0.0013421357764552037,0.004962102375238349
1906,0.0009895502356812359,0.005947703588209305
1907,0.0008598475290151934,0.007419412653370385
1908,0.003814143951361378,0.00815664849391109
1909,0.00386600352358073,0.0075206683365878655
1910,0.0008858896248663465,0.005181944444339875
1911,0.002123474450005839,0.004785001348725885
1912,0.0017365151356595258,0.005363134844283088
1913,0.0009242876588056485,0.006289269900417816
1914,0.000847933782885472,0.007154829647631673
1915,0.0013450248011698325,0.006901981785610231
1916,0.0006539809517562389,0.005686434279931219
1917,0.0015416070818901062,0.003599232089929065
1918,0.00228848778642714,0.0037049530033152877
1919,0.0011993495902667443,0.0041366393367449445
1920,0.001625702204182744,0.004542702523043804
1921,0.0009030753474993011,0.005014179949784836
1922,0.0009033082227688283,0.0051283817819989565
1923,0.0012968795063594976,0.004802698438322684
1924,0.001416371448431164,0.004685998496692083
1925,0.002520867856219411,0.006212774528005318
1926,0.0021529305493459107,0.005496064503268714
1927,0.002859315020032227,0.005882124427422794
1928,0.0019160036308070024,0.005387766023945303
1929,0.0004503115080296993,0.004199889685947731
1930,0.0019418981935208043,0.00426721485734683
1931,0.0018848129936183493,0.00441440680657911
1932,0.00199624391971156,0.004549831418832492
1933,0.0008739900231982271,0.004966894314455533
1934,0.001065547065809369,0.005625770470857272
1935,0.0018848167887578408,0.005299202229130512
1936,0.0016050983996440968,0.005956229523684808
1937,0.00229220437274004,0.007681107143081768
1938,0.0010055869507292906,0.008975170797815448
1939,0.0007903151912614703,0.008404786894588094
1940,0.0011559458759923776,0.006820495199542819
1941,0.001077561778947711,0.005134830518206309
1942,0.0012158764138196906,0.0036985956252231235
1943,0.0008129134192131459,0.002563009459296601
1944,0.0015306461602449418,0.0025363861820088666
1945,0.002455434649406622,0.0038241841830313206
1946,0.000990278972312808,0.005405336272581453
1947,0.0016043076136459907,0.00689815346162483
1948,0.0009923351540540655,0.007166092371165055
1949,0.0019530220539309084,0.008272397405418911
1950,0.0010334309345732132,0.00860025692861854
1951,0.001084431850661834,0.007610753924743823
1952,0.001143868345146378,0.006639141072001722
1953,0.0019038337127616008,0.0063603227435235395
1954,0.0014358140993863343,0.006726829247952205
1955,0.001660200192903479,0.007213452961622623
1956,0.0011936101286361615,0.007275285874629578
1957,0.001963496906682849,0.006768473538390377
1958,0.0011481897827858726,0.006162743519839139
1959,0.001222668041009456,0.006249754264820041
1960,0.0009103368269279599,0.007227966442094212
1961,0.001195563740717868,0.008143410604033206
1962,0.0011353557580150663,0.009360482491422118
1963,0.0011636015105371674,0.009612896727474287
1964,0.0008659757518519958,0.009217534176133878
1965,0.0009868508437648415,0.008812593639289079
1966,0.0008327957572570691,0.007017600646906951
1967,0.0010144972863296668,0.005526183521625591
1968,0.0016730859177187085,0.0048686038778974995
1969,0.001555926740790407,0.004764422011828562
1970,0.0018265743739902974,0.005222341475997403
1971,0.0015012474653000633,0.0061588017569517185
1972,0.000997009399967889,0.006620475052915818
1973,0.0017938922935475906,0.006636798953670159
1974,0.001102416742166194,0.006408838208013198
1975,0.0017995231047583124,0.0053979412459207385
1976,0.0014728633764510353,0.005223793682930937
1977,0.001091360302719598,0.005100403773484
1978,0.0008437143017848333,0.005301919964561511
1979,0.001222460864422222,0.005577284957102516
1980,0.0013376569841057062,0.006058186055732924
1981,0.0027139523959097763,0.0070729653694127734
1982,0.0011878002434968949,0.008674531396238775
1983,0.0031201484845951198,0.01156396858873423
1984,0.001252181315794587,0.012765360688409435
1985,0.0014436242946734032,0.01150369541229386
1986,0.0014042060899858674,0.00933494542491192
1987,0.0017071979741255443,0.007719771568908503
1988,0.0012941094542232652,0.007255758752512653
1989,0.0007475550131251415,0.006585049617229498
1990,0.0011326071379395822,0.005924289942615562
1991,0.0016106430363530915,0.004869583008364278
1992,0.0006701296893879771,0.00439974790362761
1993,0.0010464259888976813,0.004744555052282691
1994,0.0019840688134233155,0.005996184979091611
1995,0.0014348929786744218,0.007324662674980903
1996,0.0012452115615208944,0.008030403601495843
1997,0.0014010168786626309,0.007287681543905484
1998,0.001384738473764931,0.005477994439404523
1999,0.0020297317455212275,0.0037980645946744415
2000,0.002035537121507029,0.0035886141193801897
2001,0.0010014605339771757,0.00421215114810052
2002,0.0006239438856331011,0.004909752813652593
2003,0.0009625360369682312,0.005558389670634914
2004,0.0009733732130068044,0.00627562560805539
2005,0.0007278628880158066,0.006956569894015441
2006,0.0013617484752709668,0.007216895712615802
2007,0.0012859553370314339,0.007409605540727314
2008,0.002078557169685761,0.008371882668930537
2009,0.0013638427403445045,0.009327562188195903
2010,0.001634943283473452,0.00811415832838294
2011,0.0009705210570245982,0.006380468530700221
2012,0.0009192564679930608,0.004542648261249589
2013,0.0007107879869484653,0.004372302544907781
2014,0.0014920923548440137,0.00503095528328715
2015,0.0006440070147315662,0.0053066515107775295
2016,0.0018065867363475264,0.005850267945108009
2017,0.0008416350154827039,0.006347578164593083
2018,0.0010052109137177467,0.006994046472361562
2019,0.0011422587325796486,0.007090372188637654
2020,0.0009812400753920277,0.0069900241214782
2021,0.0016003723489120603,0.007329237814829277
2022,0.0006543458128968875,0.0072043404971625195
2023,0.0010862089538325867,0.006392332188763291
2024,0.0011874017460892599,0.0061473168095040045
2025,0.002396246837452054,0.006163257648024643
2026,0.0010909447291245064,0.006017765139191471
2027,0.001543985897054275,0.005839878840273933
2028,0.0009540878197488686,0.006561761798217282
2029,0.0005849916022270917,0.0065750594370677104
2030,0.0008484699530526996,0.007407268680828183
2031,0.0011013881225759785,0.008893734200895703
2032,0.0011132110531131426,0.01011700573655074
2033,0.0009158878548381229,0.009518855872253576
2034,0.0010753353281567493,0.008497016596994554
2035,0.0006940549666372438,0.0074494367748586055
2036,0.0013089710846543312,0.0061065659978105655
2037,0.0005763488976905743,0.005196683419247468
2038,0.0014238938805647195,0.005086112146576245
2039,0.0012781584324936073,0.005971230217936443
2040,0.0013977474144970378,0.0070366125188942195
2041,0.0005969804129563272,0.007764001080101868
2042,0.0007608968492907783,0.007894332814765604
2043,0.0008800141668568055,0.0077454934348706265
2044,0.001098271234271427,0.006709432893852044
2045,0.000758814027843376,0.005533401353273824
2046,0.0010728078661486507,0.005195257115063437
2047,0.0008149777015205473,0.005259628287837868
2048,0.0006688764047188063,0.005846545171014398
2049,0.0009509965544566512,0.00678078076469968
2050,0.0015403542046745619,0.007103444471933514
2051,0.0010398468313117823,0.00741726095510418
2052,0.0012733130638177196,0.007519277937339934
2053,0.0010991825528132418,0.0062144764355923
2054,0.0011149868058661619,0.00579499246345626
2055,0.0006760710462306936,0.005818305812144315
2056,0.0010294493520632386,0.005850200421498184
2057,0.0007711950068672498,0.006482779957920487
2058,0.0013073160545900464,0.007367470489586131
2059,0.0011995284507671992,0.007477027125798209
2060,0.001166485525512447,0.0077806843379349035
2061,0.0008470287391295036,0.007704099798193801
2062,0.0016275103630808492,0.007698725748327914
2063,0.0012935628648847342,0.006411370873037312
2064,0.0007381341614139577,0.004493589867015331
2065,0.001277436890328924,0.003223342668504743
2066,0.0007281506414680432,0.003149452948757605
2067,0.001160180215568592,0.003949001939335501
2068,0.0005596154233595978,0.0050871480781889975
2069,0.001129969620766739,0.006354721320237507
2070,0.0005981984548270702,0.007698125472804259
2071,0.0011308682267554104,0.009615532070812251
2072,0.00209690371217827,0.010197986908562003
2073,0.0014645204394279669,0.009186250304705218
2074,0.0005372200161218643,0.007585100129747774
2075,0.0009693486383184791,0.005937224387447214
2076,0.0009352371484662096,0.004810994869501096
2077,0.0007354667798305551,0.004334022625954005
2078,0.0008604995595912139,0.004218467373716814
2079,0.0013164154098679623,0.0037514934076638947
2080,0.0010546883490557472,0.004109563843799177
2081,0.0010219117471327384,0.004776524300877637
2082,0.0007395694730803371,0.005528716336423803
2083,0.0008881056448444725,0.005980676723567889
2084,0.0014197515478978555,0.006121344213531903
2085,0.0007156651835733403,0.0064158012262649005
2086,0.0004060564446263015,0.006578431029025226
2087,0.0008695550650979082,0.0065701237365015245
2088,0.001405421372813483,0.006276893976814391
2089,0.001430855062790215,0.00567824358109668
2090,0.0009067955388066669,0.004941115820268441
2091,0.0012794076930731535,0.004808994827040455
2092,0.001078603339071075,0.006362683894058243
2093,0.0007155072836515804,0.00799903389316989
2094,0.0006817014499877889,0.00822751973728426
2095,0.0006958094347889225,0.00763703406957245
2096,0.0007570270138482253,0.006648292067890976
2097,0.0008856744272634387,0.006566737015998503
2098,0.0010664955635244647,0.006775904596614385
2099,0.0004922894566940765,0.006423294432570188
2100,0.0009549832553602755,0.0053998492753449066
2101,0.0010287809340904157,0.004346475724065513
2102,0.0010647022475798924,0.004101451893462337
2103,0.0012283971067517997,0.004047222005214259
2104,0.0008102464916494985,0.004285716419026517
2105,0.0009720045103070637,0.005217708941352994
2106,0.0005543257944130649,0.005865894217174827
2107,0.001305816633005937,0.005932224407922803
2108,0.0009014204222088059,0.006067172387255388
2109,0.0009275859454646706,0.005804489400749754
2110,0.0009165299105613182,0.005661473181970113
2111,0.0009452923589075605,0.0056444299107755135
2112,0.001311662238246451,0.006074367543105145
2113,0.0007365831872448326,0.0062052607699705845
2114,0.0006516577171472212,0.005805437414966828
2115,0.0008598832122515887,0.005014959519881516
2116,0.0007793088094331324,0.004827754296994174
2117,0.0005869815126061439,0.004782481200731637
2118,0.0008786552081195017,0.005478104511112498
2119,0.0010441914821664492,0.006299393612357695
2120,0.0004881667118752375,0.0068871134344749806
2121,0.0007869800475115578,0.006903059696179559
2122,0.000817277569634219,0.006203637120711525
2123,0.0006967231243227919,0.005702165205968402
2124,0.0011191629106178879,0.005732295547247107
2125,0.0007647674453134338,0.005841668776906373
2126,0.0007146416930481792,0.006287816655958256
2127,0.0006793871910000841,0.005904843134816453
2128,0.0008959316241089254,0.005011012901590146
2129,0.0008337335661053657,0.004368859340507559
2130,0.0015670877881348133,0.004608909822782578
2131,0.0014996712872137627,0.006806991624030453
2132,0.0006737723868961136,0.008737773465657095
2133,0.0008185839067058017,0.008571840125566338
2134,0.001697295190145572,0.007916951031908828
2135,0.0013316191150806844,0.006896699451955787
2136,0.0006087960054477055,0.006659760390413784
2137,0.0005482935307857891,0.006263583816849349
2138,0.0020487914715583127,0.006396937459075486
2139,0.0011033715059359868,0.006889199243030614
2140,0.000750826330234607,0.006218611377111652
2141,0.0010163288553788638,0.00576690654814984
2142,0.0014758592005819082,0.006309165769087815
2143,0.0012331410000721613,0.006914096740101687
2144,0.0009452976519241929,0.008457981940489589
2145,0.0013550810554685691,0.00816842388601331
2146,0.0008981551509350538,0.007201562897024448
2147,0.0016602784239997466,0.005970884160797673
2148,0.0011072575308692953,0.003801826052694467
2149,0.001288018845176945,0.003192044435101643
2150,0.0009667587621758381,0.0035999364829594977
2151,0.0009542781005923947,0.004554085349064996
2152,0.001218092441558838,0.0049019203091051145
2153,0.0011985836938644449,0.005418247472473056
2154,0.0005758576832401255,0.005696443505911974
2155,0.00047642894011611737,0.005416109180350227
2156,0.0006411710171960294,0.0047434576138941165
2157,0.0015537461110701164,0.0042017407127116855
2158,0.0006829327011170487,0.003453254999255228
2159,0.0009283990366384387,0.0037000239908433798
2160,0.0012411131213108698,0.004602798911584922
2161,0.0012673952927192051,0.005977925269902624
2162,0.0007295271963812411,0.007311711659687653
2163,0.0007176869490649551,0.00801894567601862
2164,0.0008260734767342608,0.007793037032937272
2165,0.0008393836246492962,0.007442971424619008
2166,0.000522742880275473,0.007440589014331848
2167,0.00105820435564965,0.007346456011277977
2168,0.001170534950021344,0.007557082441989441
2169,0.0008491086618353923,0.00770761609643872
2170,0.0009861921115467945,0.00772247397700292
2171,0.0004939750632426391,0.007174552335235024
2172,0.0012400232255458832,0.007109920886394225
2173,0.0007025890847823272,0.007412713960532034
2174,0.0006847597581023971,0.006979540845499053
2175,0.0005811670057786007,0.006670687301356715
2176,0.00039610336146627865,0.006362697271608383
2177,0.0010550184485812982,0.0071682435601993265
2178,0.0004875680819774667,0.008363986191780944
2179,0.0010357246889422338,0.007845120904803798
2180,0.0010934768865505855,0.006657932097996362
2181,0.0009716128852839272,0.0058895074122460095
2182,0.0004895246548888584,0.004739101739240843
2183,0.0005108544680600365,0.004384183183268845
2184,0.001002188166603446,0.004791856706632595
2185,0.0007235517453712722,0.005665701359227213
2186,0.0013041661819443106,0.00686868716014974
2187,0.001292728322247664,0.00785349943941971
2188,0.0005248517942770073,0.0070800635465339086
2189,0.0004739671479910612,0.00651264634005159
2190,0.001219966623466462,0.006031669412156817
2191,0.0010171297704800963,0.006022022729358304
2192,0.0007249107700772583,0.005739247776317405
2193,0.0004720314017807444,0.005647947028693225
2194,0.0006973030317264299,0.005609437221476035
2195,0.0010897022516777118,0.00541654097362917
2196,0.0005847461676845948,0.00524228255329817
2197,0.0010626365391847989,0.0056457541833974815
2198,0.000998667433547477,0.005974758699623465
2199,0.0005228347542773311,0.006226421099657204
2200,0.0006417477348198493,0.006052446799429014
2201,0.0009633225854486227,0.006022378174609869
2202,0.0008667645471480985,0.00627012503583921
2203,0.0010369677795097232,0.006520095104297177
2204,0.0006915336300153286,0.006945875601309259
2205,0.0005141616139250498,0.007264439740942584
2206,0.0007797861083721122,0.006851926644752074
2207,0.0006128560945702096,0.006221303818420621
2208,0.0008747780773167809,0.005332287195361933
2209,0.0008353412073726455,0.004563360214941421
2210,0.0006091291996805618,0.004435737655438178
2211,0.0008518478639113407,0.00454439878823203
2212,0.0008296895306557417,0.005258531045517203
2213,0.0008693551644682884,0.005794006516906427
2214,0.00042418026132509115,0.006297172836915791
2215,0.0008240475862597425,0.006726402241998075
2216,0.0007770941282312075,0.006685380352802618
2217,0.0012851953273639084,0.006494301403954364
2218,0.0008901195367798209,0.0060851391260539405
2219,0.0011331349378451705,0.006347624900919652
2220,0.0007364542417538663,0.007910864356883436
2221,0.0005923699277142684,0.008858677005253689
2222,0.0007579152937978506,0.008391703849342482
2223,0.0009213026186140875,0.006060385390331871
2224,0.0005866254641053577,0.00410336638359647
2225,0.0007231975245910387,0.00363497129554332
2226,0.0006820255987501393,0.0037751477375103717
2227,0.0006743619567714631,0.004623965282614033
2228,0.0007936077599879354,0.005458704528142834
2229,0.0006898080697283149,0.006342560673753421
2230,0.0015119343375166257,0.006644650890726095
2231,0.0010789567682271202,0.00653080770212133
2232,0.0006685893672207992,0.006831595772191098
2233,0.0008540087457125386,0.006518885901753316
2234,0.0007376799204697212,0.006457645525033885
2235,0.0006459407469568153,0.006043672511266947
2236,0.0007363687929076453,0.005293024608549493
2237,0.0008391407163192828,0.0049659610951962
2238,0.0005423572263680398,0.004841439494024417
2239,0.0006462947775920232,0.0048224467795059
2240,0.001577302347868681,0.0050811188251912946
2241,0.001067910351169606,0.005345755101492007
2242,0.000634426965067784,0.004964332964968438
2243,0.0008211631948749225,0.004969945257769255
2244,0.0006171241674261789,0.005390307723070707
2245,0.0008514292150114973,0.0052864804689647165
2246,0.0006676907612321278,0.004952574252254433
2247,0.0008433697939229508,0.005324757086080417
2248,0.0005615067357818286,0.0057828599608868185
2249,0.0005735896450156967,0.005889022875337573
2250,0.0011402143049053849,0.005002016682254031
2251,0.0005203623770891378,0.005040894232537837
2252,0.001006835955195129,0.005910059469833709
2253,0.0005071067231862495,0.006098172371411881
2254,0.0007277216160825143,0.005911167076521972
2255,0.000793977015806983,0.006144027760775204
2256,0.0007299498499681552,0.0060853803454086796
2257,0.0007539684282771001,0.005532799762461269
2258,0.0007043387508019805,0.005184470023687559
2259,0.0006450223969295621,0.005022434599436166
2260,0.0007934759370982647,0.005375009542058783
2261,0.0009311281978928794,0.006376280950393245
2262,0.0011144319937253992,0.006863488736753053
2263,0.0012591132971768578,0.0069193267535788625
2264,0.000929948000703007,0.007387678767962937
2265,0.0009966157376766205,0.007534167824628932
2266,0.0010866333769323925,0.006486571946709651
2267,0.0004889678210020065,0.005727018557804805
2268,0.0006867186942448219,0.005349282807076884
2269,0.0005961257731541992,0.004370587542979864
2270,0.0006486957737555106,0.0037406973951980907
2271,0.0008337854756973684,0.003995048312459424
2272,0.0005749436716238657,0.004509306356191025
2273,0.0010976180046175918,0.005653833510212557
2274,0.0009598278401729961,0.0065753653275164945
2275,0.0006924945899906258,0.0065583282460769015
2276,0.0008185252702484528,0.006589612150183547
2277,0.0008791418358062704,0.006814298749634484
2278,0.0006932243374952426,0.007049461559811879
2279,0.000774478664000829,0.006523744577585518
2280,0.0007329745140547554,0.005561766421629323
2281,0.000986970340212186,0.004422237165272236
2282,0.0010300202760845424,0.004599549039675479
2283,0.0011260408481272557,0.005549460565072229
2284,0.00046200065407902,0.006597804918623807
2285,0.0006906175694894046,0.007300142473840749
2286,0.00046547642753769957,0.00673732331447434
2287,0.0009141922656757136,0.006252201988868285
2288,0.0008735544397495687,0.0062363688910260185
2289,0.000730159707988302,0.005836979935370516
2290,0.000753334218946596,0.005655635066591857
2291,0.0009333313287546237,0.0056480220260305535
2292,0.0008809193716539691,0.004975097052404407
2293,0.0012226473229626814,0.004891399310476947
2294,0.0008184704813174904,0.005658996220656306
2295,0.0005530163568134109,0.006642327993857669
2296,0.0006887425358096758,0.007709051332605338
2297,0.0007501117807502548,0.007420823538991791
2298,0.0016602438719322285,0.007628418752999857
2299,0.0009051004308275878,0.008303694279962465
2300,0.0006590690153340499,0.008248029726050925
2301,0.0006297487183474004,0.007793776293377778
2302,0.0011990621375540893,0.0068231788205189835
2303,0.0005508981121238321,0.005978455252357219
2304,0.0005292981940632065,0.005315361280342814
2305,0.0008569954700457553,0.00510687992652083
2306,0.0010790404747240245,0.005266297563681738
2307,0.0008873870150030901,0.005479715388725724
2308,0.0004730969046552976,0.005568394758765809
2309,0.001442061186147233,0.005485055799329141
2310,0.00045163304118129113,0.005405149980834876
2311,0.000987031776458025,0.005723719860900913
