epoch,train_mse,validation_mse
1,28.592859268188477,26.679387549831443
2,25.622062911987303,22.363063472591033
3,21.842877197265626,18.619720145447612
4,17.732806396484374,15.559853854244702
5,13.53048999786377,11.892025385817437
6,10.531038246154786,8.174650963038614
7,7.930414505004883,4.5608836200139296
8,5.004246034622192,2.2718400497959084
9,3.6774871349334717,0.9976919440373982
10,2.433079833984375,0.43350031216667123
11,1.7659713941812516,0.26232876608224764
12,1.2805900764465332,0.22097774674120832
13,1.2655234122276307,0.2382441489153529
14,1.2234866762161254,0.3144047317439563
15,1.1652028608322142,0.3531439535013617
16,1.3455264520645143,0.4566042772302889
17,1.2034603309631349,0.45466705503529065
18,1.1299901962280274,0.3732380094389393
19,1.1129145050048828,0.33059149429406204
20,1.0248245525360107,0.3573840110473437
21,1.1988958537578582,0.32710562707626656
22,1.1782236528396606,0.42006260360756964
23,1.2202772641181945,0.47843090802022853
24,1.353357696533203,0.530473773201851
25,1.1322731018066405,0.4679883302074589
26,1.152642273902893,0.5025160363683961
27,1.264000828266144,0.49129169036264286
28,1.1168070149421692,0.4122487284141044
29,1.1845504474639892,0.32283618627753974
30,1.2077348804473877,0.2760619689544586
31,1.047700912952423,0.3851223672701888
32,1.2289588260650635,0.516253481376661
33,1.1152340745925904,0.5768201367495811
34,1.1165873336791992,0.48946308538521804
35,1.1266673398017883,0.4464443966950456
36,1.0243009614944458,0.5774288757206643
37,1.0514018797874451,0.6037036776542664
38,1.0868677878379822,0.5272461510684392
39,1.040908179283142,0.4900963698347954
40,1.0293325090408325,0.43023282595693246
41,1.209702582359314,0.4677218311045268
42,1.1103615713119508,0.49858654770132615
43,1.0431055045127868,0.42002797310482964
44,1.1014698839187622,0.42570899426937103
45,1.2217090463638305,0.5814058425491804
46,1.1367212772369384,0.6192329791310716
47,1.06774875164032,0.6184475025902055
48,1.035433633327484,0.632078907261156
49,1.0971552658081054,0.603179836926395
50,0.8967458820343017,0.44943617549661086
51,0.9777991318702698,0.4208736082870666
52,0.9756128287315369,0.4227878863680853
53,1.2306080389022827,0.4908784407458893
54,1.0792858123779296,0.5527621891400586
55,1.0405359077453613,0.6038448896310101
56,1.0382043409347534,0.6425403315727025
57,1.0251851743459701,0.5549708959990984
58,1.0602463960647583,0.5088899184579718
59,0.9570698690414429,0.4992865121936145
60,1.0619137907028198,0.5214356604504259
61,0.8970662117004394,0.6380173821155339
62,1.1012649631500244,0.584267696289167
63,1.1180361199378968,0.5018611217606558
64,1.1836424922943116,0.4003795554784879
65,1.1108936166763306,0.4114388496908423
66,0.991718864440918,0.6198790669441223
67,1.1961899256706239,0.6122803451263741
68,1.0180182695388793,0.5995724074644585
69,1.079167652130127,0.46993954173506125
70,1.1816018223762512,0.47416496889231957
71,0.9515486001968384,0.5023077436505932
72,0.9319083738327026,0.48912517808071554
73,1.094879937171936,0.5874571641014047
74,1.01380930185318,0.5699606145897956
75,0.9256276082992554,0.5193273004603712
76,1.0226115274429322,0.45002222959309407
77,0.9540918159484864,0.4897031990224368
78,0.9285334396362305,0.5011931698616237
79,0.9833407974243165,0.5552025212816996
80,1.0178679704666138,0.5529274393434394
81,1.0571602916717528,0.43406443420338303
82,0.9492786741256714,0.48794814270653136
83,0.9236131739616394,0.5608053027767025
84,1.0092489862442016,0.4814630479437031
85,1.0231311845779418,0.4214288733185154
86,1.000317554473877,0.4360544838725704
87,0.9187327527999878,0.4437731577925486
88,1.0577860403060912,0.4168738761585053
89,0.9906593680381774,0.4333019640347729
90,0.8786493921279908,0.42315287500211635
91,0.9173770427703858,0.5449059360647854
92,1.0026005935668945,0.5589136195509401
93,1.1068519353866577,0.46535671145132146
94,0.9309071254730225,0.4394911439859704
95,1.1082363796234131,0.39129903790068954
96,0.8712549686431885,0.4927502584783998
97,0.884409556388855,0.5898062133625762
98,1.004138345718384,0.5011504027124953
99,1.022167809009552,0.5392152928326228
100,1.046386981010437,0.49983223742001676
101,0.8846310305595398,0.4427531835151045
102,0.9087427139282227,0.38620571690062955
103,0.8151654553413391,0.48979533759698474
104,0.9456962871551514,0.4904303248614481
105,0.9236097025871277,0.4569617940546715
106,0.9820055532455444,0.4950574856914886
107,0.8624596619606018,0.43118541902058743
108,0.9664452171325684,0.41073893765880637
109,1.0116857767105103,0.3636395535240435
110,0.8458555722236634,0.4314665257522505
111,0.9451364541053772,0.48168437958580174
112,0.9507978677749633,0.5337488332839861
113,0.9707802248001098,0.4897221298250434
114,0.9087845587730408,0.5269763322725688
115,0.9621586775779725,0.4594200086103727
116,0.8966474843025207,0.43113547563552856
117,0.8104970502853394,0.3955109921628482
118,0.9743763732910157,0.4153672160759364
119,0.938730503320694,0.5340242985993215
120,1.0982114839553834,0.6224855445835689
121,0.9139409303665161,0.4378139515445657
122,0.8775760817527771,0.37222035290443733
123,0.97399911403656,0.3989860805338376
124,1.0062565183639527,0.459751839507116
125,0.8884261441230774,0.41767409484680385
126,0.8260611510276794,0.4431999872808587
127,0.8347946047782898,0.42846551170087843
128,0.9052227854728698,0.4320296204253419
129,0.8646408748626709,0.44747032021006494
130,0.8580093574523926,0.44859297206140547
131,0.9997264623641968,0.40154318695199
132,0.8710580658912659,0.4679477343412295
133,0.9511203479766845,0.5383721998293106
134,0.8244273495674134,0.49863579501844435
135,0.9523387598991394,0.4585213030446066
136,0.8368847370147705,0.42868429299903243
137,0.7758161234855652,0.36342610173845946
138,0.8714186573028564,0.4247166824667421
139,0.8485383009910583,0.4633562758769075
140,0.9253951597213745,0.36986593779635757
141,0.9070574140548706,0.39467977109837205
142,0.9247242712974548,0.3971495077218095
143,0.8352775835990905,0.4646429803273449
144,0.9031136131286621,0.5083807069961339
145,0.9594866156578064,0.4510369745835866
146,0.8622887396812439,0.41608170083124346
147,0.7804406464099884,0.38207900850740195
148,0.9276769351959229,0.38669237249518096
149,0.7569136786460876,0.38772633447222515
150,0.7948407244682312,0.4092292761149472
151,1.0318300557136535,0.42675810174582757
152,0.7483436107635498,0.4289032994476083
153,0.7854373979568482,0.46545619670658894
154,0.8528369092941284,0.4508472040091475
155,0.9347583031654358,0.4990145523254185
156,0.8932920742034912,0.4373712900974979
157,0.9000418043136597,0.4644717721089925
158,0.8677397847175599,0.49210257848648176
159,0.8583570694923401,0.39296398832373425
160,0.9184360814094543,0.3946249099218682
161,0.9283195281028748,0.3415191208254801
162,0.8888007235527039,0.37906851568450667
163,0.8451001405715942,0.46791247268245645
164,0.8937645864486694,0.4316561634409918
165,0.8666212296485901,0.4306756768324604
166,0.8749837160110474,0.42445673722110383
167,0.7927290749549866,0.4298819225944885
168,0.8585662198066711,0.3783109680022279
169,0.7498207473754883,0.38190710769124225
170,0.8209055233001709,0.4251517422803461
171,0.7537655854225158,0.4234537502674207
172,0.8359583783149719,0.46639134500124685
173,0.7337611055374146,0.4146600251328455
174,0.8514872145652771,0.4426667714772159
175,0.8290723514556885,0.4390670836788334
176,0.7768170690536499,0.4208725364240882
177,0.8055224275588989,0.3401517721071635
178,0.8412291145324707,0.3181535694493006
179,0.8674068140983582,0.31860284099023634
180,0.8263010025024414,0.40342803707678027
181,0.7887044525146485,0.4297255065343151
182,0.8487278199195862,0.41774406600488373
183,0.8200905966758728,0.44319630016202793
184,0.9228517556190491,0.5092261592819266
185,0.9726890802383423,0.4549324879907582
186,0.7948858118057252,0.3715659251360044
187,0.7678006434440613,0.34455669416140206
188,0.8601309967041015,0.3751630627945678
189,0.7977790546417236,0.38867590688679315
190,0.8049390053749085,0.35673016452626005
191,0.8788663530349732,0.3275524147161066
192,0.7781937325000763,0.31280002834862225
193,0.7824922037124634,0.3367821439488293
194,0.888526840209961,0.40552516057066723
195,0.7258538556098938,0.37635943742647565
196,0.7645044136047363,0.36537333669727795
197,0.7767592191696167,0.3118982215041984
198,0.8723821580410004,0.34409759469228246
199,0.7907027268409729,0.353027391923617
200,0.9007240438461304,0.37776906053497367
201,0.8394330072402955,0.45098767256083555
202,0.8476902174949646,0.33664037532185853
203,0.8207202267646789,0.2891646537878742
204,0.7677805805206299,0.2897264617559028
205,0.7453390121459961,0.3516760092892059
206,0.7456189465522766,0.3503047705513157
207,0.7789172101020813,0.2792182686190083
208,0.7595306849479675,0.3245667139553044
209,0.6704840421676636,0.2940717074152541
210,0.7860448694229126,0.3328290342876356
211,0.7924250364303589,0.3690576092021106
212,0.66440678358078,0.3304846392918939
213,0.720180150270462,0.2964923952336181
214,0.7755196857452392,0.32076530505533085
215,0.71072829246521,0.29402349429996044
216,0.9024888467788696,0.2989725058209406
217,0.7922553324699402,0.3199860206613802
218,0.739801106452942,0.36519998067045867
219,0.761217999458313,0.33506227070338107
220,0.7366154861450195,0.38889133195354514
221,0.7199733519554138,0.36355350197178044
222,0.7818317866325378,0.35844848498906173
223,0.8156920909881592,0.3232318367043587
224,0.9049560594558715,0.313913567221328
225,0.6856767392158508,0.3135670137731996
226,0.7520978546142578,0.37966570768454305
227,0.7281227564811706,0.42052216358380773
228,0.7563233757019043,0.34613552424189165
229,0.8098518681526184,0.32420879194181257
230,0.844305624961853,0.3435329294776263
231,0.7634596490859985,0.28987304886726484
232,0.7714347672462464,0.2917308364420721
233,0.8265495991706848,0.27904949786320127
234,0.7962204265594482,0.3372969680453
235,0.5916308355331421,0.33758376314215466
236,0.7423279309272766,0.36450428709591903
237,0.7634817373752594,0.3611982274953633
238,0.7747430968284607,0.3559771376113369
239,0.7712904369831085,0.38268503526302233
240,0.7413535737991332,0.32990153970783703
241,0.7583409357070923,0.3483837655145828
242,0.6597401750087738,0.34359275233255676
243,0.6566402220726013,0.2921458084697593
244,0.7533496904373169,0.25378615929655834
245,0.6787681484222412,0.29062221821856826
246,0.809578207731247,0.2669861328928438
247,0.6649414032697678,0.266626044903716
248,0.6393977308273315,0.26484352605391853
249,0.7574230432510376,0.2551304240749307
250,0.7348105275630951,0.26753434702141643
251,0.7483451104164124,0.23446270476465356
252,0.6998432874679565,0.27670712830269173
253,0.7298212051391602,0.2796350952288876
254,0.7386521959304809,0.28494646104231275
255,0.799464225769043,0.2900913478168723
256,0.7530215716362,0.31930577693736717
257,0.6777454268932342,0.29668239861318507
258,0.8084871447086335,0.2711637795787968
259,0.7764947867393494,0.28553867503388286
260,0.6767010223865509,0.2651487605212486
261,0.6984824013710021,0.28331581942022666
262,0.6672117185592651,0.2743949432895608
263,0.7025386953353882,0.3419760526859597
264,0.7676325941085815,0.33743702528411396
265,0.6805995929241181,0.30706825770743906
266,0.801283733844757,0.30821734891362385
267,0.8050232160091401,0.28642053718436256
268,0.7103716838359833,0.2658389553631822
269,0.6116185688972473,0.31026663029030577
270,0.7467912340164184,0.3231987279571899
271,0.6144045472145081,0.2644729391761022
272,0.6333513486385346,0.2748435376441642
273,0.7143967819213867,0.2983288185237205
274,0.7152875328063965,0.25792598703952685
275,0.5664748430252076,0.23590128307473168
276,0.756405885219574,0.2719754446042727
277,0.6912982797622681,0.22035276348868463
278,0.6795098650455474,0.20930378935108446
279,0.6814087915420532,0.23402223327796753
280,0.8167116522789002,0.2608670279996036
281,0.5360691118240356,0.2721539925630779
282,0.7305542373657227,0.30358667896218494
283,0.5850739336013794,0.25466517512112447
284,0.7052825760841369,0.24534242549171187
285,0.652230417728424,0.2519307895882489
286,0.6717307388782501,0.299294917754931
287,0.6850088000297546,0.22096462129321817
288,0.7255281352996826,0.23408794566376567
289,0.7314845800399781,0.2644368428481768
290,0.6625378465652466,0.2748832923092254
291,0.6113310122489929,0.21980691915505554
292,0.5713444519042968,0.20525654680924874
293,0.8448683786392212,0.2456499669853955
294,0.6336515021324157,0.31777616947481074
295,0.6494565713405609,0.2831971902553349
296,0.749765112400055,0.26489595334007315
297,0.6849589443206787,0.24978997262373362
298,0.666929886341095,0.22528604091438528
299,0.7556420135498046,0.21983339484423808
300,0.6385887145996094,0.2148157484727363
301,0.7726816844940185,0.22362957180362858
302,0.5835737061500549,0.22929089975683656
303,0.6361965918540955,0.19105131219919413
304,0.7510504007339478,0.22231038016815707
305,0.6948699426651,0.252365524638189
306,0.7468032670021058,0.2461864123605702
307,0.7158253610134124,0.27802528665490345
308,0.6347351121902466,0.23602914105947703
309,0.619450614452362,0.20294248037142296
310,0.7642335665225982,0.19638812899181288
311,0.6241228342056274,0.2319594201159804
312,0.7070267450809479,0.23449951451118678
313,0.5587622451782227,0.21719081771292098
314,0.6485672569274903,0.21256044619295694
315,0.6945309925079346,0.20067252218723297
316,0.6866658663749695,0.2737043124355682
317,0.572078459262848,0.24521998999869987
318,0.6820170855522156,0.19038795669601388
319,0.655173066854477,0.1949345640940209
320,0.7971759366989136,0.1972848701558701
321,0.6383561217784881,0.22557931270909637
322,0.687951033115387,0.2354261817997449
323,0.6338056445121765,0.24852888490239236
324,0.6829813551902771,0.25467114272999436
325,0.7076115703582764,0.22907526729858085
326,0.6260095661878586,0.16938078495329373
327,0.6442848563194274,0.19346976025055532
328,0.5910883045196533,0.20661747476009473
329,0.5949109268188476,0.18092046831160374
330,0.5234218311309814,0.19044781996779245
331,0.7425948429107666,0.19515463811893985
332,0.6586343181133271,0.17284874434340491
333,0.5141577982902527,0.16734136605303582
334,0.7380369687080384,0.22058140527303904
335,0.6035962295532227,0.2177326599620793
336,0.5717946434020996,0.19154868519877735
337,0.6124477434158325,0.183425963843522
338,0.5991226220130921,0.1804032290022667
339,0.5866931676864624,0.18527033496392917
340,0.6544306445121765,0.17854541519733325
341,0.6383775472640991,0.18019846561428618
342,0.6391393113136291,0.13600006163732647
343,0.6754923415184021,0.16146235928347666
344,0.6323266106843949,0.18358450260472625
345,0.5732573008537293,0.1968882090016587
346,0.6571328353881836,0.16392718036084958
347,0.6706263184547424,0.14438355856970564
348,0.6382256126403809,0.15750301940596267
349,0.7501811957359314,0.16001368865166624
350,0.548190426826477,0.173719220577854
351,0.5731827807426453,0.18903287377667755
352,0.5882853245735169,0.1581013773197997
353,0.5815450096130371,0.16835670622244273
354,0.6118426609039307,0.1984943196381608
355,0.6576285433769226,0.19796987286169235
356,0.6544459366798401,0.20479980927624114
357,0.5457859945297241,0.1617184773291627
358,0.5599012899398804,0.19026243155949737
359,0.6571753513813019,0.1501790574458364
360,0.6081103086471558,0.16381111087864392
361,0.7340716433525085,0.1801168006168653
362,0.6193298101425171,0.17625147961590387
363,0.4705762147903442,0.17180957206308026
364,0.666117867231369,0.1900205722410385
365,0.6798887038230896,0.18296961251595248
366,0.6347789239883422,0.21329974372909494
367,0.7056738090515137,0.1586037254700922
368,0.5750160181522369,0.14933137029205282
369,0.5197380316257477,0.1550816131168849
370,0.6193691802024841,0.1333997526703632
371,0.59856520652771,0.13935620118289777
372,0.6478138184547424,0.17304743520201069
373,0.6429672253131866,0.18497930977442492
374,0.629355149269104,0.16792417113503363
375,0.6239464282989502,0.13025527539318554
376,0.6969020366668701,0.14878646789552413
377,0.6506798887252807,0.19141471845238175
378,0.571234405040741,0.18006446130879938
379,0.6226748204231263,0.16325591484161273
380,0.6291014933586121,0.1596947164364057
381,0.6607346510887147,0.16354742840136569
382,0.45603245973587037,0.14889575862517096
383,0.5421449267864227,0.1669340567433671
384,0.6424825596809387,0.16936795964632947
385,0.4998762905597687,0.1719670356952981
386,0.5922371625900269,0.1346789233590642
387,0.5893903398513793,0.11642337508805811
388,0.5553797411918641,0.1671264947277226
389,0.6100863528251648,0.13838376610042297
390,0.5325857639312744,0.12525720475879434
391,0.6770080828666687,0.13261640128003407
392,0.46086897850036623,0.1549738241385107
393,0.6439593017101288,0.1745649674167372
394,0.6000888752937317,0.1386208088736828
395,0.6379232215881347,0.1435195304045122
396,0.5618162357807159,0.1297143136393534
397,0.6670453894138336,0.13752749766388986
398,0.6119375824928284,0.146586002552346
399,0.47995802879333493,0.1582938225506103
400,0.5471666765213012,0.12305294135457849
401,0.6274367296695709,0.12976267928742383
402,0.7034164476394653,0.14416305771837495
403,0.5647003185749054,0.1303625757971855
404,0.6349971449375152,0.131340100034459
405,0.6173968553543091,0.15744264505497396
406,0.5426176738739014,0.16103482542380895
407,0.6547577619552613,0.15537096733508043
408,0.5632852685451507,0.12226483577938929
409,0.6070191705226898,0.1257468064966267
410,0.5530109238624573,0.13451783440700948
411,0.5267852616310119,0.12381488676757028
412,0.6746533322334289,0.1570861848862204
413,0.5801131427288055,0.12963692782676384
414,0.5402903699874878,0.12084406175433773
415,0.564000153541565,0.124773844260059
416,0.5915880727767945,0.13776588281744148
417,0.6577355718612671,0.15072322667461552
418,0.600992420911789,0.1633494586160738
419,0.6115312170982361,0.14136265524446148
420,0.5999442613124848,0.12278675441056082
421,0.5170508527755737,0.15421510916458417
422,0.5855059051513671,0.12320622301673236
423,0.49248964548110963,0.11287081364082964
424,0.5756396055221558,0.12636582129826285
425,0.5513808655738831,0.11466764526007926
426,0.5191033995151519,0.10502339108553652
427,0.5943202376365662,0.13593819364905357
428,0.5084829878807068,0.13927117224833738
429,0.5770299243927002,0.1250615533288211
430,0.5272540712356567,0.15011697150256537
431,0.5433708477020264,0.1427255136101213
432,0.5620467656850815,0.14552332552736752
433,0.48625941514968873,0.1310129052359764
434,0.5294805121421814,0.11358734796920868
435,0.6213247799873352,0.10651661154546149
436,0.4791008472442627,0.12722499617566801
437,0.5568426144123078,0.19959968083525356
438,0.596680850982666,0.13756605247928672
439,0.4394986534118652,0.11848819556913964
440,0.6645262312889099,0.1568767493718291
441,0.5119001650810242,0.12694175832279742
442,0.5364810502529145,0.10198383331809142
443,0.47359778881073,0.11035289074460121
444,0.5547931361198425,0.12183575638353009
445,0.6464173030853272,0.10235501476244567
446,0.5259503543376922,0.10381338819351098
447,0.5359232878684997,0.11001946521948462
448,0.6644824719429017,0.1314504994207049
449,0.5391628956794738,0.11625639333912771
450,0.5442723870277405,0.11520071526708668
451,0.6771466147899627,0.1290891370034381
452,0.5222349655628205,0.1172412753309289
453,0.6894848036766053,0.1473932077419268
454,0.5404834461212158,0.13275551285645734
455,0.5783412396907807,0.12670947478650368
456,0.5762705111503601,0.11353866021110587
457,0.5038363242149353,0.11173487934347702
458,0.5783827757835388,0.110716933767273
459,0.5863192558288575,0.10916390453707682
460,0.5780862319469452,0.11623831251508569
461,0.48857769966125486,0.10682281300629655
462,0.5471782100200653,0.11969742362629877
463,0.5505341076850891,0.1322633677149472
464,0.549793405532837,0.12465775176270368
465,0.6463631129264832,0.1215205611533498
466,0.5085479581356048,0.11295349115174111
467,0.4789639067649841,0.11734219446574172
468,0.5267246639728547,0.10482211615124794
469,0.4844116759300232,0.10646333999625623
470,0.4655983209609985,0.12519716874581494
471,0.4807779359817505,0.10965835517399931
472,0.5095796525478363,0.11505976472407171
473,0.4507621562480926,0.10931729111973554
474,0.5467730748653412,0.12538675198408022
475,0.5238164186477661,0.1329727571916907
476,0.5287159204483032,0.1153832447447189
477,0.5029934859275818,0.10677610674541291
478,0.4096859228610992,0.10673142244962797
479,0.5459677696228027,0.14248056852654234
480,0.5997475910186768,0.13986641270657107
481,0.5091803574562073,0.11334977334696952
482,0.4353868114948273,0.11317705730461095
483,0.5133550119400024,0.09726784960047839
484,0.5893729031085968,0.09843819414916104
485,0.6112625575065613,0.10886622312134259
486,0.47085007905960086,0.1256474518816765
487,0.534728672504425,0.10912859036702
488,0.5887413120269775,0.11039936108744308
489,0.45570415019989013,0.09594777843927683
490,0.5448009419441223,0.1030876142521427
491,0.5405774450302124,0.09527649003246876
492,0.479416965842247,0.10448480969014233
493,0.5790133368968964,0.10535162370907117
494,0.5826491415500641,0.15497252773748685
495,0.4361248242855072,0.13511942929192766
496,0.5160988771915436,0.10846181764994582
497,0.5961790657043458,0.11478253714229962
498,0.4868274736404419,0.1159403226657273
499,0.4274295175075531,0.09865852435157724
500,0.46336027145385744,0.103213929762579
501,0.464771636724472,0.10835027531401752
502,0.6354564547538757,0.088108199329613
503,0.4408857578039169,0.10317002747156849
504,0.5521802353858948,0.1087772067993471
505,0.4496005010604858,0.0979923592650727
506,0.5773774194717407,0.10326886682273591
507,0.6007036542892457,0.10833074815877497
508,0.5764111065864563,0.14513649189308897
509,0.454013671875,0.10730121044875825
510,0.4870127654075623,0.10356760514925605
511,0.49229468941688537,0.11144342513321197
512,0.5245226722955704,0.09349144849773139
513,0.4973038417100906,0.12061975110475331
514,0.5978360271453858,0.15750976784588538
515,0.5163406085968018,0.13756905036838088
516,0.49378427147865295,0.12364085416679513
517,0.46443318247795107,0.12562909354902294
518,0.4640131378173828,0.10605537927109901
519,0.491303391456604,0.107291122770881
520,0.4900329542160034,0.09638482597592758
521,0.46692052721977234,0.08536252410036244
522,0.587751817703247,0.10961232584429113
523,0.4705368518829346,0.08754730053654272
524,0.5473269152641297,0.08471220466372086
525,0.4848493778705597,0.08578901418982303
526,0.5263523006439209,0.11909040349395308
527,0.5968578839302063,0.11673252024266818
528,0.5394417822360993,0.13149622286835763
529,0.413731986284256,0.12136335997548822
530,0.48964239537715915,0.12675018210525382
531,0.5657777643203735,0.11974936284839291
532,0.5335151743888855,0.10513393060393529
533,0.426209437251091,0.11486346407295907
534,0.4234785079956055,0.08737921847464288
535,0.5391713166236878,0.08215288271846836
536,0.5936045408248901,0.12369056566529078
537,0.6520630145072936,0.10409857240849979
538,0.5541498517990112,0.10443542514965959
539,0.47019278049468993,0.11463125279709084
540,0.4618267226219177,0.11705771609120173
541,0.510274463891983,0.09734880378189152
542,0.4519310927391052,0.11495852858236391
543,0.5060236251354218,0.09548428409720121
544,0.5642898726463318,0.08453272150395667
545,0.5782912492752075,0.07878221377526244
546,0.5303519243001937,0.13271686536808536
547,0.544732666015625,0.101126516722653
548,0.45096258878707884,0.07216469550581828
549,0.46657626509666444,0.0876112367753705
550,0.5430803370475769,0.11777435059416784
551,0.478312109708786,0.09514939973819746
552,0.5011949849128723,0.07085346486674596
553,0.4438983654975891,0.08897933833403131
554,0.4609959053993225,0.09745242747746102
555,0.49800757467746737,0.08822549226349347
556,0.49438350200653075,0.11749601160010247
557,0.43845752120018006,0.08280717594268387
558,0.5060966026782989,0.08224407731466098
559,0.5285651767253876,0.083861246398867
560,0.4715504705905914,0.10668526181619462
561,0.46579783320426943,0.1127751331827412
562,0.5425834691524506,0.10757045978552675
563,0.4960147607326508,0.11168559467139309
564,0.535435631275177,0.0978978933536843
565,0.4755847692489624,0.09552631266925433
566,0.547106785774231,0.09964134431865117
567,0.5118836587667466,0.10159587166080736
568,0.5238560116291047,0.08848880614115767
569,0.4574780011177063,0.10829503706669154
570,0.4367382115125656,0.0869284832008081
571,0.5553143835067749,0.08333467442083033
572,0.5022757017612457,0.12278641464367304
573,0.5348774075508118,0.10552232283843707
574,0.4586971831321716,0.07957099819530362
575,0.5361083292961121,0.1019380522815332
576,0.4499058818817139,0.11846826317375653
577,0.4337479841709137,0.12483665857413044
578,0.4378640353679657,0.09157440678714072
579,0.5087565994262695,0.09509291596812745
580,0.5224680256843567,0.13312349009187255
581,0.4017745280265808,0.08915046740272274
582,0.495941264629364,0.09626330843527023
583,0.47558304786682126,0.09661322423856553
584,0.4771182084083557,0.09276288528352568
585,0.5037817764282226,0.09088467617761599
586,0.45361158370971677,0.09883419097694632
587,0.46571136951446535,0.11864289508698737
588,0.6111987900733947,0.09086397014660379
589,0.5180219280719757,0.09782630592992861
590,0.473989714384079,0.09666762490795083
591,0.4633328485488892,0.11102324836466411
592,0.4320629382133484,0.10776209178036206
593,0.48298568665981295,0.07674373227031264
594,0.5285723185539246,0.07856859146834236
595,0.4646339091658592,0.0870524877044436
596,0.46363895893096924,0.08356646621880466
597,0.5472113609313964,0.07931107004517562
598,0.4856479859352112,0.10131143334589593
599,0.4264281165599823,0.12635166177602664
600,0.46840336561203005,0.09514644114326125
601,0.43412229776382444,0.09907435171612322
602,0.45688594579696656,0.07785004106898831
603,0.5052987837791443,0.09708729896643391
604,0.3899491238594055,0.1026327957029212
605,0.4718261206150055,0.09594269484689791
606,0.3733309710025787,0.08897698481809603
607,0.5061675530672073,0.08892862983558276
608,0.3749369752407074,0.09068420468127891
609,0.4507968306541443,0.09207174386063667
610,0.5087953019142151,0.08195288994745033
611,0.44509351849555967,0.07807073124671636
612,0.4606416362524033,0.08519492298364639
613,0.4205703115463257,0.07514684700904643
614,0.45407559037208556,0.10542756819153486
615,0.5016561090946198,0.09319085336915434
616,0.43106943249702456,0.07941886828574415
617,0.40881720423698426,0.0905113838715096
618,0.45100211024284365,0.0742575625748667
619,0.4103343319892883,0.0724902689354877
620,0.5925445318222046,0.09688135389595816
621,0.44823343873023985,0.09363283900773689
622,0.392698312997818,0.08000733264505047
623,0.46112457156181336,0.08396688527236246
624,0.4077548849582672,0.11168613917615315
625,0.41966926455497744,0.10103915366407944
626,0.4425123381614685,0.07532044459287435
627,0.4772547459602356,0.10195937201584855
628,0.43571357369422914,0.07971245938376205
629,0.48594902515411376,0.07871715571374109
630,0.4288116165995598,0.0865668545745007
631,0.5115602385997772,0.09333624364170309
632,0.5054203367233276,0.10353108403617389
633,0.4509113812446594,0.09147534932788104
634,0.41932144165039065,0.08054633443690326
635,0.4752697312831879,0.09466679649402017
636,0.49874205827713014,0.0923533658050511
637,0.4386925482749939,0.08451047269244717
638,0.4777861440181732,0.07737294951938603
639,0.44326712608337404,0.08114664077962915
640,0.445987434387207,0.08035420524339153
641,0.4135699880123138,0.08478941722479585
642,0.37644062042236326,0.07690349471283285
643,0.5587454581260681,0.07393957539270185
644,0.5205069994926452,0.08129053598601524
645,0.42216178417205813,0.06345360588333378
646,0.4191786313056946,0.08502213947781145
647,0.3765791404247284,0.08088653039646475
648,0.41519824385643006,0.09514087147704542
649,0.3978735464811325,0.09161569969090697
650,0.4654289257526398,0.07774252117904898
651,0.4109649097919464,0.07796409072941296
652,0.4849382400512695,0.10166258002593093
653,0.4641605269908905,0.09025776452601772
654,0.39576089978218076,0.09614300212427361
655,0.40839736461639403,0.08428541800543053
656,0.48008112907409667,0.07441633605487542
657,0.4595526421070099,0.07544953008628871
658,0.3922048492729664,0.08867762901195109
659,0.5121311926841736,0.09542817877580041
660,0.5008598220348358,0.0858844945794099
661,0.41570111393928527,0.09841435928254912
662,0.5069507718086242,0.07857561703414133
663,0.46959461688995363,0.10118425851815367
664,0.4732373356819153,0.08140432865244068
665,0.3814165472984314,0.06936707684438523
666,0.44928679943084715,0.06342329494399976
667,0.4247116041183472,0.07294523218417004
668,0.4174879539012909,0.09927655006312344
669,0.513506823182106,0.08992630330054727
670,0.4928079032897949,0.10398515609845724
671,0.3680183267593384,0.107553083296508
672,0.3956462061405182,0.0893729895047129
673,0.53727405667305,0.07008708656242449
674,0.3635153558850288,0.07526308527752144
675,0.43174977898597716,0.06296428180720708
676,0.36613464474678037,0.06543247501225505
677,0.43276071071624755,0.06878749518463873
678,0.4575660812854767,0.09905596552033948
679,0.46865508556365965,0.07880606236931396
680,0.4793781965970993,0.1298622282808774
681,0.3943179750442505,0.09104578043908289
682,0.4615087604522705,0.07856438559007971
683,0.4799152779579163,0.11013797742046721
684,0.46373225808143614,0.09715174077308342
685,0.48144222736358644,0.100158393229932
686,0.45480779111385344,0.09388611154401139
687,0.41121638417243955,0.11201285632097557
688,0.4183813464641571,0.09341628829093829
689,0.38853434920310975,0.0822060401104901
690,0.4700025856494904,0.10220930398735281
691,0.4430305588245392,0.09495835317528412
692,0.3876886761188507,0.10898389677478842
693,0.4991588854789734,0.09824091629826859
694,0.47130375981330874,0.08549987238972154
695,0.37426029205322264,0.07962334053973628
696,0.346910480260849,0.08715837229400465
697,0.3642681550979614,0.0881937735088884
698,0.314426828622818,0.09420632540363155
699,0.4363517689704895,0.08331205205966348
700,0.4149092662334442,0.10466354973103902
701,0.43400962471961974,0.09797151733751167
702,0.42542046010494233,0.08252835926944263
703,0.39826815485954287,0.08127780682215952
704,0.435659829378128,0.09731328640490362
705,0.4149566626548767,0.1033109358116372
706,0.4149760222434998,0.09308438329663996
707,0.45552324533462524,0.0963609628379345
708,0.4568886697292328,0.06537167095158199
709,0.45892184495925903,0.09270152582289422
710,0.34829382091760636,0.09397916041620791
711,0.41887832164764405,0.096326466139457
712,0.380223730802536,0.10249376950198658
713,0.43066673636436464,0.09232296534392932
714,0.388832231760025,0.08897169403833886
715,0.3707581043243408,0.10929858388557825
716,0.37385061621665955,0.11402216400593927
717,0.37863203287124636,0.07422582297394537
718,0.4455334377288818,0.08244801736245416
719,0.36640536427497866,0.08079301958827123
720,0.3902666652202606,0.0746309126484884
721,0.42164635062217715,0.08503799502776094
722,0.4188113307952881,0.08709819329111543
723,0.4679724884033203,0.12329599547059569
724,0.41251723766326903,0.0796703405372084
725,0.3942386281490326,0.06460685071165431
726,0.31810174584388734,0.06200898808669554
727,0.43695339918136594,0.0696706591454679
728,0.3586767762899399,0.06478914975711744
729,0.3849640738964081,0.07534761936084865
730,0.4161030721664429,0.07168412994440287
731,0.3492607283592224,0.07793587594203753
732,0.397011296749115,0.07975785199501743
733,0.446672283411026,0.08816165747503711
734,0.4466884362697601,0.07994483390899554
735,0.37981154084205626,0.07366437822172087
736,0.44794959127902984,0.13792034167132966
737,0.4095543622970581,0.09447018720515787
738,0.3806298577785492,0.06704087129296506
739,0.4310551351308823,0.09643816156950716
740,0.4281326901912689,0.058812543673262205
741,0.3657005620002747,0.06197803806870768
742,0.37362121403217313,0.05798852510035855
743,0.38556589603424074,0.05263572472007307
744,0.415107364654541,0.061270335255420375
745,0.3812597119808197,0.08094890303399464
746,0.40061437368392944,0.10240177871429756
747,0.427403085231781,0.07173763807505777
748,0.3824523341655731,0.06112351319561266
749,0.4532824110984802,0.06072768505203397
750,0.3373661708831787,0.09508553014634406
751,0.3773742508888245,0.08566659382761341
752,0.34603529930114746,0.09172119016516699
753,0.3711162531375885,0.08127885862980803
754,0.3942015743255615,0.09198120675266605
755,0.3695530617237091,0.08172168000920178
756,0.45171441256999967,0.09234148406819122
757,0.39236837506294253,0.09085367303596784
758,0.45055675864219663,0.05930239112716015
759,0.37305589199066164,0.050693069559151996
760,0.32031362771987915,0.06238520033147237
761,0.4433586096763611,0.07921448462221721
762,0.41988858342170715,0.09474751210376008
763,0.4110868775844574,0.07750959612735331
764,0.3523877120018005,0.10608185562368942
765,0.38976423144340516,0.0816786588769253
766,0.39753366470336915,0.0686770208077888
767,0.4555754280090332,0.09880280270151896
768,0.3649395173788071,0.10767862088467976
769,0.36516055703163147,0.09652322357239788
770,0.4718939447402954,0.08732994941815939
771,0.4236599016189575,0.059319960795444986
772,0.3795907837152481,0.059631152359181885
773,0.3761100125312805,0.08539429215127475
774,0.4253702664375305,0.09559782808774138
775,0.39545405983924864,0.08068917446757017
776,0.41447900772094726,0.08097037550521223
777,0.3364880585670471,0.0946144532055071
778,0.3678204023838043,0.08665619872204244
779,0.3293897461891174,0.10086191088369448
780,0.35153959155082704,0.0682845264673233
781,0.3605834722518921,0.09343091847553645
782,0.361908962726593,0.0723647394613044
783,0.3925213706493378,0.07402725109498795
784,0.3651165103912353,0.06557573597520998
785,0.3677260792255402,0.0726931778943702
786,0.3774558311700821,0.09615200135397585
787,0.3643346512317657,0.0690312975481765
788,0.3568571591377258,0.06045482065273474
789,0.33297872900962827,0.07246234288362607
790,0.3650527560710907,0.06999673153439613
791,0.38861945748329163,0.0684990409302385
792,0.3250781187415123,0.06962188756833337
793,0.3757846736907959,0.09421985667862304
794,0.32619534015655516,0.06849129717439821
795,0.3366277265548706,0.07878140528520493
796,0.41786986351013183,0.08199953976763438
797,0.4148691999912262,0.06804272333440715
798,0.3190864318609238,0.061731286500006505
799,0.40646052956581114,0.0676625739425829
800,0.3291807234287262,0.07727606441468408
801,0.35242623805999757,0.07245847889005322
802,0.4088161164522171,0.07978843315823438
803,0.3716099143028259,0.05713819987969856
804,0.4120298361778259,0.06699621320179064
805,0.36172541469335556,0.056621236497000474
806,0.3893349826335907,0.07888623046344273
807,0.35961261510848996,0.08334432909749959
808,0.2951944601535797,0.08379584086472042
809,0.3130540931224823,0.06723852205562265
810,0.3591079652309418,0.09273644526527353
811,0.3603273105621338,0.0728908304176102
812,0.35332192659378053,0.06687177518663341
813,0.42599146485328676,0.09653470103871332
814,0.3870641738176346,0.10186614606478443
815,0.38100340485572814,0.07315064333889583
816,0.3524569433927536,0.05753308039617865
817,0.39975096940994265,0.07537131776956663
818,0.3066111922264099,0.08515884727239609
819,0.3255209344625473,0.057721146573759104
820,0.40705008745193483,0.10042595393853644
821,0.37537386298179626,0.07865363400276393
822,0.3825732684135437,0.06559918938230162
823,0.3645968729257584,0.07463063861001028
824,0.386968207359314,0.08635068955282642
825,0.3880891937017441,0.08255174699915599
826,0.35330721735954285,0.058727350902475724
827,0.3354750382900238,0.06692773716090476
828,0.3785523188114166,0.0821272776755568
829,0.3392816412448883,0.05755123667010706
830,0.2973174899816513,0.09382804452556454
831,0.35961820006370543,0.0734686898450329
832,0.3223963248729706,0.07929263570129055
833,0.3529540991783142,0.08536995819782557
834,0.40105197072029114,0.07670284373915359
835,0.3622277665138245,0.061957415627085996
836,0.3676811444759369,0.05406365982473713
837,0.41208853483200075,0.05987903554860043
838,0.34347466588020326,0.09911107578097958
839,0.3379784667491913,0.1010104457605375
840,0.35392784476280215,0.05924594068057733
841,0.3286296784877777,0.06383272301252574
842,0.39560955286026,0.08391941920535205
843,0.3297142624855042,0.060111887293727434
844,0.2912036859989166,0.052768790201373296
845,0.3909279656410217,0.06433830394932669
846,0.3870757007598877,0.08432671162363602
847,0.4420746326446533,0.08950128998250177
848,0.31421842545270917,0.06266101416557619
849,0.3361306750774384,0.06148045591703833
850,0.4016995179653168,0.06597549238637702
851,0.34625528573989867,0.06659280381178202
852,0.3383964204788208,0.05240856307520442
853,0.36777009785175324,0.04446177342779016
854,0.32878394305706027,0.05896914158373663
855,0.32016283690929415,0.0766986984606475
856,0.4028706741333008,0.06030386561298207
857,0.3088506519794464,0.07227959550202709
858,0.34828505039215085,0.06826563995994933
859,0.3270013310015202,0.05094027617461469
860,0.4237802493572235,0.07724824680449212
861,0.30698512434959413,0.05692577275307211
862,0.3347285044193268,0.057370315573803364
863,0.3321646523475647,0.0783022078238938
864,0.3371017277240753,0.06558480894524757
865,0.28244908452033995,0.060506320162995224
866,0.32381627321243284,0.05650913745981373
867,0.3645141625404358,0.055813004964426774
868,0.3860322391986847,0.06312159744844045
869,0.3613398200273514,0.0610786778979922
870,0.34912888884544374,0.08168717519673582
871,0.3299498611688614,0.07523272849925577
872,0.3525640916824341,0.06738550716067014
873,0.32298033773899076,0.06940344664944362
874,0.34355819821357725,0.06942987671657784
875,0.326013799905777,0.06048246330186112
876,0.3588080871105194,0.07232515110749088
877,0.38388738870620726,0.07594756251328612
878,0.3075809907913208,0.051708758260085155
879,0.29693642497062683,0.0443562347416396
880,0.32164413332939146,0.05356138574648393
881,0.2872874005138874,0.07713994297058616
882,0.3200069677829742,0.05567555935823754
883,0.3720377552509308,0.061327208701061876
884,0.36342368185520174,0.05419409741992003
885,0.3467964732646942,0.058913353422324954
886,0.38516689658164976,0.08819434179426873
887,0.2815504682064056,0.0577313803034286
888,0.3035373622179031,0.05377735845642547
889,0.3662887394428253,0.07799339197473983
890,0.31350796937942504,0.069747595856451
891,0.34985860586166384,0.08154767680249803
892,0.38778659582138064,0.07757790090694819
893,0.3923997974395752,0.07495788617493356
894,0.3469399493932724,0.06753308693431828
895,0.3614299583435059,0.09209551988807443
896,0.3130326569080353,0.0774969537168333
897,0.3017838442325592,0.05933214137203073
898,0.36717710494995115,0.06706269840671591
899,0.3195942199230194,0.09285639920463301
900,0.3452648866176605,0.05665752873437045
901,0.2911923950910568,0.05379812202531181
902,0.30772820115089417,0.06054821513491134
903,0.3648943483829498,0.05158299401606599
904,0.3131083345413208,0.06931975999311225
905,0.2808546596765518,0.07230476453287961
906,0.2818963521718979,0.0513754282657006
907,0.33267446875572204,0.058586322715225285
908,0.3285380911827087,0.05492766614850253
909,0.3154224443435669,0.04538227134218363
910,0.38389634490013125,0.0755693478739425
911,0.33592007398605345,0.06754947836472563
912,0.3688218688964844,0.05900734576256308
913,0.3517721462249756,0.05350597881495136
914,0.308394695520401,0.061402243906504485
915,0.31610466957092287,0.06441767819940228
916,0.3389186120033264,0.06642049127449728
917,0.3457373839616775,0.06152471139618795
918,0.35918363213539123,0.06175653064904148
919,0.3398092007637024,0.06331190262755303
920,0.24494421243667602,0.048577462999175675
921,0.3154040956497192,0.05793437377026636
922,0.3611488378047943,0.08749954106464777
923,0.30070659399032595,0.09365538528112516
924,0.32974630177021025,0.07431763063554894
925,0.2975295341014862,0.08613070212814906
926,0.29404834389686585,0.10119930767033199
927,0.30385064601898193,0.06838083068189556
928,0.32490042328834534,0.05779134895499438
929,0.29716219782829284,0.05655872607476091
930,0.3485208868980408,0.056169091889711274
931,0.3177101349830627,0.04885681432812181
932,0.3588995540142059,0.060334436493377164
933,0.3469124948978424,0.07687345968737994
934,0.3728817528486252,0.06720430077347037
935,0.4069788539409637,0.06803965818596212
936,0.3055130410194397,0.07017716597000213
937,0.293561270236969,0.06523951826846763
938,0.3413125389814377,0.07460249659337409
939,0.3284867614507675,0.06319774319864299
940,0.3215119779109955,0.061614330296647056
941,0.3043607950210571,0.05450087027904922
942,0.31600659966468814,0.054854646427174136
943,0.30941920101642606,0.05749987606724648
944,0.2642154103517532,0.05962448072147696
945,0.34644819021224976,0.07624291148904251
946,0.3408923757076263,0.05179277993738651
947,0.3051683664321899,0.06962821270300917
948,0.2905418038368225,0.10405669208258798
949,0.26966436505317687,0.07077158293495439
950,0.26898287653923036,0.04871484828628089
951,0.31059329509735106,0.07340117227541257
952,0.30352599620819093,0.09290597087716403
953,0.28128723621368407,0.04394917843276507
954,0.29215333819389344,0.05528786604943341
955,0.3406579542160034,0.06260939784450074
956,0.31006560325622556,0.07615677517366735
957,0.33356826305389403,0.05720560303697848
958,0.27649673461914065,0.06908367778340431
959,0.3360563713312149,0.0502297182452597
960,0.2924939101934433,0.058733562696469975
961,0.3268610846996307,0.0823662626008465
962,0.27793330073356626,0.06075294724065963
963,0.32270980954170225,0.05134173645956876
964,0.30782546639442443,0.0517444783336904
965,0.2937728762626648,0.05112666417270491
966,0.3063160049915314,0.06321759481136113
967,0.2885436713695526,0.0768790431830981
968,0.31199622750282285,0.06657734855192982
969,0.2594065511226654,0.05070072450764375
970,0.3128716886043549,0.06778734136525899
971,0.28459119498729707,0.05852515776067564
972,0.3184998309612274,0.05490269486422408
973,0.29941017508506773,0.06459400792644449
974,0.2915691703557968,0.08139083978452094
975,0.34982658803462985,0.08103908848476736
976,0.22671005725860596,0.06420258340770252
977,0.2562385094165802,0.06277464901747769
978,0.26096550524234774,0.07830428918951178
979,0.23837287604808807,0.049016973641637256
980,0.2970530305802822,0.0549840400990558
981,0.2361336326599121,0.04749396795483485
982,0.31308478593826294,0.05379429370266934
983,0.25734134078025817,0.06190505741189604
984,0.3188525700569153,0.054993320868848124
985,0.2962969276309013,0.053303626786968476
986,0.3004091048240662,0.0747971922567446
987,0.3119276684522629,0.07424931151613798
988,0.260469309091568,0.05062221490765271
989,0.296553076505661,0.08035300513857031
990,0.29167248964309694,0.07661033692221118
991,0.308333728313446,0.051446686741219806
992,0.2770155239105225,0.06890339353313185
993,0.29155884742736815,0.06813430030868478
994,0.27080210149288175,0.05611583669606137
995,0.28579490661621093,0.06713469152989453
996,0.2451510226726532,0.05791465198136356
997,0.25815328538417814,0.0464555865587437
998,0.29541762828826906,0.051001272865966576
999,0.25395308136940004,0.05095808269226388
1000,0.2498135244846344,0.04996745472084986
1001,0.28243258595466614,0.07359146183892472
1002,0.28441928744316103,0.07823558070071757
1003,0.3093259310722351,0.0474846435532178
1004,0.2332741266489029,0.05517289338454808
1005,0.2937549638748169,0.0679392688078423
1006,0.25022283852100374,0.05022381113408363
1007,0.30330266177654264,0.05211826676681434
1008,0.3285056507587433,0.07217833068068713
1009,0.26374319434165955,0.05585154850189
1010,0.26404679358005523,0.04827684745804904
1011,0.23516859650611877,0.04793271253982635
1012,0.2342061346769333,0.05472383229699854
1013,0.3112612175941467,0.08716782437611932
1014,0.3322039587795734,0.051882961407712064
1015,0.28305995106697085,0.0534157646590308
1016,0.29878742635250094,0.06924971101218708
1017,0.27033551037311554,0.0616160512787022
1018,0.28069997012615205,0.04587679430332086
1019,0.30473745226860044,0.051751223686214994
1020,0.2516891884803772,0.051409770364630715
1021,0.28910838842391967,0.05770809565709062
1022,0.23528747767210006,0.04861778097405826
1023,0.34297179758548735,0.058980344858479826
1024,0.27979907631874085,0.05091994880915505
1025,0.3640065425634384,0.0661783712367489
1026,0.26047619342803957,0.05376409172807654
1027,0.2731228721141815,0.06772373963708747
1028,0.28842204093933105,0.05165659016227885
1029,0.22452845215797423,0.04467107493379344
1030,0.25280848383903504,0.06225412002165023
1031,0.2720841407775879,0.05558555899825815
1032,0.3339984977245331,0.08326254346191067
1033,0.2877316176891327,0.06258575092643907
1034,0.3257754278182983,0.050609773050432336
1035,0.22167786180973054,0.043315249967248476
1036,0.2878678107261658,0.049381228572089375
1037,0.3098171424865723,0.06956635558441894
1038,0.2619374316930771,0.041010862139806356
1039,0.2820838260650635,0.05596449522122945
1040,0.28306284129619597,0.06822629528094644
1041,0.32261800169944765,0.05826700407348267
1042,0.2705969786643982,0.05792301576839735
1043,0.2742087745666504,0.047101482544859796
1044,0.27327513456344604,0.05941428019575877
1045,0.25873998165130613,0.06202292049380198
1046,0.23850194871425628,0.05332574095219782
1047,0.2930030387639999,0.05480849273400764
1048,0.2774855387210846,0.049426072494012034
1049,0.30567118972539903,0.06026620458658427
1050,0.25861676633358,0.05471084904793191
1051,0.24506171941757202,0.06251967524828976
1052,0.2830208474397659,0.052226710350137866
1053,0.3386958628892899,0.05776168916323413
1054,0.26422969162464144,0.05941402345691642
1055,0.2724340784549713,0.07072971256016052
1056,0.2165285211801529,0.06299848604488047
1057,0.23930914402008058,0.06164911812911295
1058,0.24875706911087037,0.04452037346893794
1059,0.2825565725564957,0.06827438765600936
1060,0.2590313667058945,0.06295047679992571
1061,0.22238002419471742,0.049643551956300866
1062,0.2904592502117157,0.07708564910986652
1063,0.2649845802783966,0.05308178659171274
1064,0.2656436514854431,0.05914587149881337
1065,0.3024506014585495,0.065351763000227
1066,0.303778680562973,0.05377390664326002
1067,0.28282216846942904,0.06278024399525499
1068,0.24376868724822998,0.05843546787557537
1069,0.2649488437175751,0.0455610550021472
1070,0.26918482303619384,0.04259671564277721
1071,0.22838173031806946,0.06331914362229712
1072,0.2660472702980041,0.05756292436016749
1073,0.2730122989416122,0.0411152354862592
1074,0.2557297599315643,0.05727861117418498
1075,0.2518981349468231,0.05283816995686048
1076,0.22204100489616393,0.0550640966896325
1077,0.28565498054027555,0.04190772029328836
1078,0.29443367004394533,0.051093251941955256
1079,0.32252219796180726,0.06796803054948376
1080,0.2900541913509369,0.060726331725512464
1081,0.27578562319278715,0.08482358614875846
1082,0.2974250042438507,0.04578608570441808
1083,0.2776375716924667,0.0487495208899044
1084,0.251261687874794,0.05182563993212295
1085,0.24939757764339446,0.07181752008730419
1086,0.28532068014144896,0.058409449223377936
1087,0.25965669214725495,0.045158529450019746
1088,0.3097717785835266,0.04454319347461609
1089,0.3078619754314423,0.056425817412872836
1090,0.25199376344680785,0.07834804537769867
1091,0.2884288549423218,0.05881893685827517
1092,0.29972439289093017,0.05466601966995083
1093,0.25540857791900634,0.0723884642532427
1094,0.2142965668439865,0.05807864737429031
1095,0.234557523727417,0.04806484422353033
1096,0.27163071155548096,0.05357044195271518
1097,0.24250266045331956,0.05011513290850267
1098,0.2568016493320465,0.04231052807442946
1099,0.27503104984760285,0.040967916151228016
1100,0.22133580088615418,0.04872864216872274
1101,0.24178045153617858,0.05647121436179501
1102,0.26623444199562074,0.0720114418598887
1103,0.24307945489883423,0.06433337355313236
1104,0.2697253268957138,0.05537038265842281
1105,0.2366263484954834,0.06924480337598553
1106,0.26551443874835967,0.05357180673578014
1107,0.25136949062347413,0.057862845644967194
1108,0.27193053513765336,0.050635370795857414
1109,0.2603511846065521,0.048670591454799864
1110,0.20484864473342895,0.047581274827865706
1111,0.1992945784330368,0.05761613951970453
1112,0.23375119745731354,0.06101510704380192
1113,0.26198760032653806,0.06630432804765767
1114,0.23093708753585815,0.053459175033112094
1115,0.2025242280960083,0.053662105425171656
1116,0.21828234553337098,0.051989740755868284
1117,0.22346510469913483,0.04545540653475343
1118,0.24781678795814513,0.043203759581258855
1119,0.2547363269329071,0.04935343874848052
1120,0.2320285266637802,0.03609523270279169
1121,0.2884013503789902,0.059383040574723725
1122,0.24589877665042878,0.05608939859148574
1123,0.22682463586330415,0.0576349942855639
1124,0.25183011710643766,0.06716209894990267
1125,0.22246673345565796,0.0526698027061273
1126,0.2077041506767273,0.03927525288540207
1127,0.2750849497318268,0.05335879499373371
1128,0.2688290411233902,0.05069819812292922
1129,0.26120259404182433,0.06281044701599095
1130,0.21805271208286287,0.04386314298090053
1131,0.25687751173973083,0.042117146111718594
1132,0.23237390398979188,0.07237859733708918
1133,0.22351749122142792,0.04730786475008481
1134,0.18303169071674347,0.03946118687011608
1135,0.24241064310073854,0.04859318135127629
1136,0.24246597409248352,0.039610117240107226
1137,0.27893749058246614,0.04317238679385348
1138,0.2453470015525818,0.05106168888407211
1139,0.22087098956108092,0.037077737997656
1140,0.21583141267299652,0.03741162811240105
1141,0.25726577639579773,0.050658462747727354
1142,0.2589887547492981,0.06343728390662637
1143,0.22494342684745788,0.033224803025591866
1144,0.2607002878189087,0.06369986823976856
1145,0.23701319336891175,0.06482537652123464
1146,0.2545449709892273,0.034459072471379415
1147,0.24580996185541154,0.041285100737459036
1148,0.20580827057361603,0.04757887757804296
1149,0.1925038641691208,0.04133761077098651
1150,0.2447006231546402,0.050004582545936926
1151,0.20932207226753236,0.041042897110320116
1152,0.194806706905365,0.0663532602460417
1153,0.21709707200527192,0.04549305212416061
1154,0.265921413898468,0.046857269684949965
1155,0.2312052369117737,0.08119087615241743
1156,0.23817685782909392,0.05827595497647377
1157,0.27410497426986696,0.054393055351221395
1158,0.1957447910308838,0.06554041272156859
1159,0.228932284116745,0.06901637209604865
1160,0.25269815683364866,0.04297806572628348
1161,0.18377453982830047,0.04821561713230937
1162,0.24801547288894654,0.07397386069371276
1163,0.24215310513973237,0.05530329926373207
1164,0.24513752698898317,0.048193527819359136
1165,0.22681523114442825,0.061435150875620646
1166,0.2322949469089508,0.07158224764343811
1167,0.19607330858707428,0.060919582027278533
1168,0.24726130992174147,0.05109519113416541
1169,0.19387927666306495,0.04809650421550829
1170,0.20906770080327988,0.05390902016669104
1171,0.2286596941947937,0.06373787599883668
1172,0.23122218370437622,0.04704653083869856
1173,0.24469793915748597,0.044484962135145106
1174,0.18333449125289916,0.04517188038013569
1175,0.2320036405324936,0.05481629441045735
1176,0.24701520323753356,0.0394107307728431
1177,0.18879242181777955,0.053247189736121324
1178,0.22978349030017853,0.07076283845387094
1179,0.2336815130710602,0.048456139250160894
1180,0.1982661670446396,0.05121384749877943
1181,0.2132420653104782,0.049094586237652664
1182,0.20580807626247405,0.0515737431506588
1183,0.2100869607925415,0.05690439938478274
1184,0.21800701439380646,0.040150121568816984
1185,0.25170961022377014,0.04756662300596499
1186,0.22602700650691987,0.04522761901559895
1187,0.23579681754112244,0.03737211013085222
1188,0.19025837779045104,0.04262308118073908
1189,0.21810019254684448,0.03490581631354273
1190,0.2629489153623581,0.043976177780391416
1191,0.20518721580505372,0.040836642202857425
1192,0.19547411322593689,0.044020592707068956
1193,0.20604674458503724,0.05002047238896971
1194,0.22829304486513138,0.07424647320215016
1195,0.2239869099855423,0.047669772237335165
1196,0.19563101172447206,0.046256720483915444
1197,0.19997419208288192,0.056520208665361144
1198,0.18527888417243957,0.04591587512460474
1199,0.21345241665840148,0.07720191817577571
1200,0.2045537668466568,0.0618131623080332
1201,0.22367671608924866,0.05093787952441059
1202,0.1975969308614731,0.04687348610326035
1203,0.18378538012504578,0.03690824675539585
1204,0.21161688923835753,0.049505979026833624
1205,0.1828506475687027,0.0475761241802614
1206,0.20271089792251587,0.04395695678787689
1207,0.2527340483665466,0.04536274203086552
1208,0.18131258070468903,0.0465229866031098
1209,0.2238546359539032,0.03646426410605646
1210,0.2102536928653717,0.04182500665216413
1211,0.1839298301935196,0.029982099654025412
1212,0.2795276212692261,0.03321034740656614
1213,0.2161298942565918,0.05016972930872277
1214,0.23886323630809783,0.04008544185390211
1215,0.17504979848861693,0.028781812510465923
1216,0.2138240247964859,0.0391987269259479
1217,0.18902465343475341,0.05437052923522583
1218,0.19875221371650695,0.046874069851146984
1219,0.23805488765239716,0.04404273353619118
1220,0.19246039748191834,0.04346827986611895
1221,0.2279263925552368,0.04342970445956269
1222,0.21047511398792268,0.041591084574999874
1223,0.2317904418706894,0.043639388292619624
1224,0.2234242683649063,0.061254135805041826
1225,0.18591579139232636,0.03395477831618835
1226,0.2332960706949234,0.03690186796123034
1227,0.19547396957874297,0.041431609490146376
1228,0.20067893624305724,0.04688962768406084
1229,0.22717363238334656,0.05004232535011148
1230,0.19458651125431062,0.04659057403468106
1231,0.20387653172016143,0.03302504160530763
1232,0.21750761985778808,0.027958293266798537
1233,0.2527327173948288,0.05937273269646788
1234,0.22229669332504273,0.034172293104945795
1235,0.19411161422729492,0.042465156684183096
1236,0.223263658285141,0.039453566482622326
1237,0.198737296462059,0.045695550586671047
1238,0.2270773458480835,0.04394096682128841
1239,0.2039785248041153,0.03947648069221679
1240,0.22910818040370942,0.04021594724426531
1241,0.19991257756948472,0.05482758326481466
1242,0.2297149670124054,0.053834299416574714
1243,0.19184040784835815,0.045078892924197735
1244,0.20768556654453277,0.04516868043231637
1245,0.17452435493469237,0.04953331648282809
1246,0.2265846061706543,0.06645600564063411
1247,0.2264208233356476,0.053755913286992946
1248,0.21072826862335206,0.029451921684284732
1249,0.2063380777835846,0.030730491797503545
1250,0.1703703647851944,0.04259375952286263
1251,0.19634647220373153,0.026780239708262356
1252,0.19280828148126603,0.031231443384942943
1253,0.20515986919403076,0.045202126241710085
1254,0.1945259815454483,0.03637026375389262
1255,0.2117702203989029,0.034279725986392534
1256,0.18389653503894807,0.05203293279221613
1257,0.2000695151090622,0.05145770780844231
1258,0.18760239720344543,0.04505861713869931
1259,0.19298718512058258,0.042825921247266745
1260,0.19724676966667176,0.04290164782576365
1261,0.202493594288826,0.04116946040359262
1262,0.20095369100570679,0.03997084210078194
1263,0.18237183570861817,0.04771305533916983
1264,0.16456228464841843,0.04690537331243084
1265,0.1986693412065506,0.053548637216221794
1266,0.20003800392150878,0.05853671703028352
1267,0.2067785531282425,0.03667824802129236
1268,0.1861596930027008,0.05144026921424147
1269,0.18221279978752136,0.03568791309754326
1270,0.18430639028549195,0.03928959428345504
1271,0.18690649569034576,0.051139882625374077
1272,0.18206874877214432,0.051748716208624514
1273,0.18614694744348526,0.05884545893497663
1274,0.20636472165584563,0.07053682708168683
1275,0.21001589119434358,0.06559127288526051
1276,0.20552050232887267,0.03442510870629794
1277,0.1907088628411293,0.03960486197818632
1278,0.186116544008255,0.030436162007589862
1279,0.19205056369304657,0.04119365256636927
1280,0.1890278297662735,0.03315654195436876
1281,0.20414405107498168,0.05011898406768498
1282,0.18787734627723693,0.04399247799221784
1283,0.18943276703357698,0.04426622258065498
1284,0.19430771261453628,0.06010304544478247
1285,0.1641061556339264,0.03185213465651829
1286,0.1717095798254013,0.027131549618525864
1287,0.20784387946128846,0.03822039766875032
1288,0.17449329137802125,0.044807891578298724
1289,0.21286948263645172,0.03482152470578886
1290,0.1996858984231949,0.028242039749373313
1291,0.20988503247499465,0.04295066733882852
1292,0.18701692879199983,0.04043585554479736
1293,0.17590507239103317,0.02561531569298408
1294,0.16045644879341125,0.030784365504163587
1295,0.20632437169551848,0.04751862958073616
1296,0.1823439860343933,0.046947671177044306
1297,0.17886370539665222,0.03192071716160807
1298,0.21309124648571015,0.03471157842711227
1299,0.1899821090698242,0.02966421329709765
1300,0.17594589352607726,0.03050453897106321
1301,0.1771376895904541,0.03324547313051681
1302,0.18872690081596374,0.031799481747901606
1303,0.17650881469249724,0.031923723139175
1304,0.17651656210422517,0.040338518072481025
1305,0.17503366589546204,0.051259236690932755
1306,0.17089516565203666,0.03904424199502762
1307,0.16979074597358704,0.04732543087168915
1308,0.1604331225156784,0.0473475248540101
1309,0.20101553678512574,0.04305164005658398
1310,0.17434490531682967,0.03563132563172138
1311,0.16528883516788484,0.03130915722720427
1312,0.178117533326149,0.0356222197209319
1313,0.1640687480568886,0.07972081372999165
1314,0.18528023183345796,0.05018159338872727
1315,0.1766503471136093,0.04888826307572731
1316,0.1925910496711731,0.05076805777745704
1317,0.21004401862621308,0.03978327235640728
1318,0.16642061799764632,0.030494178453945135
1319,0.17896003067493438,0.04980931818893511
1320,0.1763000327348709,0.05060013404039487
1321,0.20147427141666413,0.03802171584269772
1322,0.2153775519132614,0.04568595694352503
1323,0.1646585613489151,0.03576137526088381
1324,0.18394901514053344,0.054390549251478015
1325,0.19239179491996766,0.03001866175805869
1326,0.17104874551296234,0.027113074117837702
1327,0.14626046985387803,0.03279597248422773
1328,0.13572683274745942,0.03097373091500916
1329,0.1637072432041168,0.04093238476612796
1330,0.17549396604299544,0.028853266601999328
1331,0.21240549325942992,0.036997303825943434
1332,0.1607036542892456,0.035421798592560914
1333,0.16078203916549683,0.0290231792996191
1334,0.15436104118824004,0.02782520026682991
1335,0.16482693552970887,0.03568990952143931
1336,0.1981546574831009,0.03767003264431268
1337,0.15293926000595093,0.052799647036072324
1338,0.16369874775409698,0.029412456214019698
1339,0.17811038583517075,0.03131985452587474
1340,0.14091913551092147,0.03199646815861741
1341,0.15634944260120393,0.02751476261509608
1342,0.13942775756120682,0.040870714371335014
1343,0.17702139854431154,0.03311103615552595
1344,0.15783711165189743,0.03284076591060586
1345,0.1722438681125641,0.03890254789937849
1346,0.17993032515048982,0.04414804341041879
1347,0.14206455796957015,0.03249691942170875
1348,0.16337969541549682,0.048792036377812084
1349,0.15615598499774933,0.03267962202327709
1350,0.15720636054873466,0.0383868920170281
1351,0.16717098355293275,0.03540245984515099
1352,0.1706266310811043,0.0284020982759252
1353,0.1837353777885437,0.04116639326492401
1354,0.1674715305864811,0.0389938214411066
1355,0.190045605301857,0.05009954606425272
1356,0.1584247523546219,0.044964436543722675
1357,0.1846801918745041,0.04261423892354312
1358,0.16633149445056916,0.033103085033697625
1359,0.16793777763843537,0.033625133003886434
1360,0.18261593639850615,0.057993028466015645
1361,0.1591501247882843,0.040219127596037026
1362,0.17918388783931732,0.05513004473831556
1363,0.14138623595237731,0.04332470485608872
1364,0.1753040909767151,0.05158710668552412
1365,0.16280626893043518,0.0373905744301538
1366,0.15301402390003205,0.03985054250041099
1367,0.19668610274791717,0.06038946413422284
1368,0.15506979823112488,0.0354375583566215
1369,0.171628355383873,0.043311991869178536
1370,0.15813494503498077,0.03569293700873035
1371,0.18401313900947572,0.06124683183758226
1372,0.1707215750217438,0.0368350502358724
1373,0.14495077848434448,0.03906466860375176
1374,0.18534620761871337,0.05291137783086463
1375,0.17612999200820922,0.0456844990282026
1376,0.15119647681713105,0.034748699388479534
1377,0.16076818585395813,0.02947164556547387
1378,0.15562505066394805,0.03520801528165602
1379,0.14077563017606734,0.05501869892420834
1380,0.1464271730184555,0.03206139884582938
1381,0.1816843008995056,0.05361902356556017
1382,0.16669634044170378,0.05804351064032071
1383,0.1516466635465622,0.03940052365603512
1384,0.16733564853668212,0.03081443469512136
1385,0.17666235864162444,0.029457025255446564
1386,0.14697004616260528,0.04873323614058429
1387,0.13220448181033134,0.03823879391771473
1388,0.14998451352119446,0.027766501492731376
1389,0.18141537934541702,0.03390882475531264
1390,0.16678246796131135,0.03965163608528163
1391,0.16550563931465148,0.031601114019955676
1392,0.15646668910980224,0.03609166028973174
1393,0.16022400438785553,0.050355612619282446
1394,0.1459241697192192,0.043278231961678154
1395,0.13532569706439973,0.030889702220893885
1396,0.14771973699331284,0.050249729356537126
1397,0.16564371168613434,0.024333814503497458
1398,0.139878026843071,0.02710576641233
1399,0.14566057741642,0.03519561287168771
1400,0.14061274766921997,0.038026863428419586
1401,0.13778685092926024,0.0503367384104696
1402,0.16590388536453246,0.05045370527938621
1403,0.1361389136314392,0.048488194250488934
1404,0.15293722689151765,0.043805409273872636
1405,0.14380183041095734,0.051934355385091203
1406,0.15239038020372392,0.03968692065714157
1407,0.1517016312479973,0.028709071905237353
1408,0.12321731150150299,0.03268766306238632
1409,0.15689415782690047,0.037003019186731885
1410,0.1426960515975952,0.04541700976352169
1411,0.1329156729578972,0.0305417999625206
1412,0.15493201971054077,0.04420164293826443
1413,0.1839353311061859,0.04357390636450624
1414,0.13876306921243667,0.022489993233386785
1415,0.18594340085983277,0.035283684424341544
1416,0.14395903468132018,0.036738414980777324
1417,0.19086963444948196,0.039146541273348955
1418,0.16403928726911546,0.048966451254609515
1419,0.16157934129238127,0.03896577646062799
1420,0.14901004552841188,0.0292731940695276
1421,0.13957526981830598,0.027960448742729342
1422,0.1534968975186348,0.04272419193836108
1423,0.16335828006267547,0.035411128391550015
1424,0.13363708183169365,0.030919123338918164
1425,0.1491401094198227,0.042482579152469765
1426,0.13757216811180115,0.02944348757601764
1427,0.12641080856323242,0.028267512506205742
1428,0.14260608732700347,0.03561092882531963
1429,0.1344759804010391,0.02854714134376343
1430,0.16992637217044831,0.04459042974734959
1431,0.1461739009618759,0.056231068625842054
1432,0.15716310501098632,0.03672676992742983
1433,0.13358051657676698,0.02985547074716385
1434,0.15943400859832763,0.04621482762980134
1435,0.16565303444862367,0.03376753028635293
1436,0.15048888325691223,0.024888785836631306
1437,0.15133763134479522,0.0257517362192069
1438,0.16133027732372285,0.0458242084371717
1439,0.13812092185020447,0.03174392322767271
1440,0.13541203439235688,0.03543741036563704
1441,0.16535317420959472,0.05260965881282336
1442,0.16704867541790008,0.048425585235634894
1443,0.118838951587677,0.02619719419832507
1444,0.13000226616859437,0.03276566714558699
1445,0.14504297688603401,0.028344364938874766
1446,0.14266618013381957,0.03234472434508474
1447,0.135416679084301,0.022742140106856823
1448,0.13425119519233703,0.023164056739068194
1449,0.17230152130126952,0.043666450383320246
1450,0.14189362674951553,0.030583717822007937
1451,0.1462215730547905,0.023450975178753677
1452,0.13781890749931336,0.02733107921603608
1453,0.1432477992773056,0.02303216466042277
1454,0.14596037983894347,0.03463046729870855
1455,0.16174631893634797,0.03813783104901444
1456,0.1361475721746683,0.018782872725788453
1457,0.15096740424633026,0.03577446024099441
1458,0.1632355073094368,0.031005015137465033
1459,0.13531508266925812,0.03166722271540393
1460,0.1272293135523796,0.025283324417390236
1461,0.11982638999819756,0.02546324376782326
1462,0.13977795600891113,0.05010936669495008
1463,0.15261004865169525,0.019931699940296886
1464,0.13286517947912216,0.017527530237726154
1465,0.16225966095924377,0.03211059936717765
1466,0.13317510813474656,0.025103712428922523
1467,0.150772303044796,0.04489645142465422
1468,0.1137671285867691,0.044098659890563524
1469,0.12783934980630873,0.02815249080017005
1470,0.13545116394758225,0.04307466867851884
1471,0.13397670835256575,0.02713376069313859
1472,0.13233865350484847,0.02139466863176594
1473,0.10852495402097702,0.02215004839921651
1474,0.12845630556344986,0.033696223407575526
1475,0.1317912930250168,0.026205601196174752
1476,0.12046955019235611,0.030756887967047626
1477,0.12548324912786485,0.027045822128245276
1478,0.15599257081747056,0.03502966899884074
1479,0.13496775925159454,0.04260835633294223
1480,0.13728444635868073,0.027544232748755035
1481,0.10323541015386581,0.02512935709769595
1482,0.1138452535867691,0.03417319442107253
1483,0.10755958527326584,0.034826890246508875
1484,0.11385879784822464,0.03260909296470146
1485,0.12501877337694167,0.02031273981683875
1486,0.118653364777565,0.03215192355317612
1487,0.13568143010139466,0.03536399290578006
1488,0.1008929318189621,0.022825610556014595
1489,0.11737025082111359,0.03517973249497479
1490,0.11255820244550704,0.028146465423784843
1491,0.1165335676074028,0.024980361764765764
1492,0.12224283874034882,0.027672282254246817
1493,0.12006022393703461,0.019657062762097954
1494,0.13413976043462753,0.022331314288998302
1495,0.11380774974822998,0.03054943206171467
1496,0.12501868933439256,0.02402818601017129
1497,0.13115206003189087,0.025644506799848112
1498,0.1201257050037384,0.02569774984803102
1499,0.16003793716430664,0.023769253303539264
1500,0.13898008942604065,0.029003705752834882
1501,0.1280469536781311,0.024952491337101753
1502,0.11641264826059342,0.0267585882636374
1503,0.11892353676259518,0.029501509380667177
1504,0.1254696211218834,0.028577478474950138
1505,0.12645021051168442,0.025163734408274088
1506,0.10952933371067047,0.020404644629420484
1507,0.14098279029130936,0.03093229938451558
1508,0.11348073154687882,0.02258162736280324
1509,0.10269427001476288,0.028339448984559267
1510,0.12326009422540665,0.025519510986257907
1511,0.16910137891769408,0.023791499435901642
1512,0.11154895246028901,0.03618388796505863
1513,0.14621002793312074,0.02597066864677488
1514,0.11669791460037232,0.02489958854060467
1515,0.15001637995243072,0.03469151891257665
1516,0.14376453161239625,0.03143840066272102
1517,0.1197213900089264,0.032735482496145656
1518,0.10836584597826004,0.02534476407382586
1519,0.11501977562904359,0.035130242064391096
1520,0.1428094446659088,0.04278083416084721
1521,0.11311622411012649,0.029949649734652205
1522,0.1313464266061783,0.03568184329834703
1523,0.12386909753084183,0.03163308497161081
1524,0.12745705723762513,0.027278340689531746
1525,0.11860921859741211,0.045163197111185285
1526,0.11966628134250641,0.022683672517640134
1527,0.12017973899841308,0.028301493813322014
1528,0.13357172250747681,0.02768774925131504
1529,0.12960204720497132,0.03691404522077678
1530,0.10649788498878479,0.03183293000680126
1531,0.13232983589172365,0.03599345704464063
1532,0.11715666115283967,0.052981790104140974
1533,0.10575007766485214,0.02228130321082187
1534,0.0987959823012352,0.030751433402095754
1535,0.10915006905794143,0.02827031127087874
1536,0.11439152777194977,0.03422110012336953
1537,0.10907896965742112,0.021018004338320805
1538,0.12958817124366762,0.04092054166001816
1539,0.10083045542240143,0.025331510537087102
1540,0.11712522387504577,0.026086311965976675
1541,0.10390018358826637,0.02027150507608097
1542,0.09216432154178619,0.03001264737893457
1543,0.09939997091889381,0.027554783638413637
1544,0.1283399724960327,0.03394500707110314
1545,0.11411872208118438,0.024269455252853157
1546,0.14022140324115753,0.0422052433841849
1547,0.12171199768781663,0.030232727527618408
1548,0.1143781666457653,0.029260402494301535
1549,0.11524323642253875,0.023301701839656047
1550,0.13035277962684633,0.03735594624934131
1551,0.10307605445384979,0.026833753394958092
1552,0.09845322221517563,0.03163791070245717
1553,0.10713162004947663,0.03248855326171607
1554,0.11586306303739548,0.02533173377383245
1555,0.10561508059501648,0.0196859724181768
1556,0.1334654676914215,0.021910829571624324
1557,0.11765501618385316,0.029348884364717626
1558,0.12479724556207657,0.03506351282743558
1559,0.10633978724479676,0.021768633225192763
1560,0.10946835309267045,0.027370626106858253
1561,0.1195554032921791,0.023055120970900744
1562,0.11918375313282013,0.01874125090568033
1563,0.09572334438562394,0.016539450658306684
1564,0.1168546861410141,0.03650645171738651
1565,0.1300485184788704,0.023161271969749504
1566,0.09470090717077255,0.045185851520054963
1567,0.10078364193439483,0.037699076206716774
1568,0.11731795072555543,0.038115025536246495
1569,0.09839572310447693,0.02441057098442561
1570,0.0985277396440506,0.02868758045034866
1571,0.09725562065839767,0.019250785089927176
1572,0.1073598688840866,0.02981169623871372
1573,0.102178575694561,0.01866255567906654
1574,0.09545907407999038,0.022487185181003726
1575,0.1065960830450058,0.022145328813627976
1576,0.09994508266448975,0.016125980203282344
1577,0.10511123172938824,0.02014455319165367
1578,0.08961246192455291,0.030505449855572558
1579,0.096912439763546,0.017357418977030335
1580,0.12214480370283126,0.025024065058933547
1581,0.13189345896244048,0.03578012472350303
1582,0.11178649842739105,0.03252344216181807
1583,0.10483124047517776,0.02390868788304394
1584,0.1075917637348175,0.017473693311928887
1585,0.09818127810955048,0.021229173937072493
1586,0.09913053303956985,0.017882099362370903
1587,0.10402114123106003,0.02474928550320129
1588,0.11775313347578048,0.02206315679399118
1589,0.11125629276037216,0.025942668063591603
1590,0.11039991110563278,0.025708342175165266
1591,0.09908667981624603,0.031089966249180166
1592,0.10951007932424545,0.022671912937131646
1593,0.1040601122379303,0.02320797524529777
1594,0.11136059135198594,0.023185853272268218
1595,0.12392447739839554,0.02539663708271229
1596,0.1126519238948822,0.014842072068011924
1597,0.09851891219615937,0.026115875640144087
1598,0.12133796900510788,0.035701828307076675
1599,0.11924361050128937,0.023320626977780094
1600,0.10052057027816773,0.032610909069237644
1601,0.1004455628991127,0.014992738920838048
1602,0.10812225550413132,0.029848535251739906
1603,0.10457753121852875,0.023162129245800515
1604,0.0960188490152359,0.01718076793094204
1605,0.1057691004872322,0.022555267667933684
1606,0.10138296872377396,0.020007014938005028
1607,0.12298503041267395,0.022053538885426847
1608,0.09186892628669739,0.021798376172576864
1609,0.12276597291231156,0.04656639195060077
1610,0.09953326433897018,0.02056781850653152
1611,0.10270815804600715,0.018525824142135168
1612,0.09707881391048431,0.035492129776984044
1613,0.11788204580545425,0.02404015205086094
1614,0.09123776763677598,0.015523513090120603
1615,0.0895229110121727,0.01924760698353591
1616,0.10402995735406875,0.017527588885532668
1617,0.09001212656497955,0.023908125338693187
1618,0.08628179877996445,0.03143853923841698
1619,0.10374757617712022,0.017865302781127905
1620,0.08943514466285706,0.02653268201608364
1621,0.08239359200000763,0.019642114001390053
1622,0.10689985692501068,0.016454540499269147
1623,0.10058767586946488,0.024577547553671548
1624,0.1056348791718483,0.03293325808154394
1625,0.09538572162389755,0.02080690776546524
1626,0.10181698977947234,0.01947012464579654
1627,0.12083197951316833,0.017989539451999208
1628,0.07700557619333268,0.014979031957583884
1629,0.09865056514739991,0.019233397374006166
1630,0.07775604635477067,0.012664222203144063
1631,0.08282443016767502,0.0190290325410562
1632,0.0798469740152359,0.03206942169225379
1633,0.101793954372406,0.022663805761361774
1634,0.09468464985489845,0.016919450260290545
1635,0.09297901719808578,0.019241231736050895
1636,0.09086986154317855,0.027886715194542114
1637,0.11237461760640144,0.018448135254215705
1638,0.09116164237260818,0.01664098617556977
1639,0.07665464192628861,0.01289137891710621
1640,0.08580600321292878,0.01677091028031013
1641,0.09845660328865051,0.021575990656059082
1642,0.09484759896993637,0.01689681378894881
1643,0.0867289350926876,0.018580613428190965
1644,0.10253140404820442,0.02225738687262143
1645,0.09075915828347206,0.021118224662256567
1646,0.10165675938129425,0.019147029172067773
1647,0.09128211289644242,0.02947644820462351
1648,0.08892661601305007,0.019223899618811803
1649,0.09849953815340996,0.02673798131003772
1650,0.10156702861189842,0.024428272441233675
1651,0.0998725125193596,0.018951829548363816
1652,0.09968589276075362,0.017064048143180265
1653,0.08615785866975784,0.013272850991111912
1654,0.10840003192424774,0.01692024252237114
1655,0.09159764170646667,0.013402603745256385
1656,0.09326978057622909,0.015380462937771457
1657,0.08698529213666915,0.01888124366635329
1658,0.0958240732550621,0.019889551380725755
1659,0.10286660641431808,0.021706092362738634
1660,0.08600031226873397,0.019419921077277563
1661,0.08337557718157768,0.020504582673311234
1662,0.09085404485464096,0.015268253825911104
1663,0.10506467536091804,0.01631485885136748
1664,0.08441870577633381,0.0184944189370495
1665,0.0999318778514862,0.024306289111710573
1666,0.09033718526363373,0.016297724761375008
1667,0.09232418358325958,0.018347274103801544
1668,0.09104250639677047,0.019480192574532065
1669,0.0716797100007534,0.01532550263282371
1670,0.08878630802035331,0.02672079927606942
1671,0.08200790882110595,0.018932162541640946
1672,0.08697038128972054,0.037660821302704615
1673,0.0933295014500618,0.02495741160356835
1674,0.07683026283979416,0.013502186317354033
1675,0.08447970792651177,0.02312945089723966
1676,0.07648386284708977,0.02145872757553238
1677,0.07892476931214333,0.023522104098372264
1678,0.09129438161849976,0.017242106149764094
1679,0.10230622768402099,0.027348727013354432
1680,0.08491970777511597,0.022388860353664178
1681,0.08282905608415604,0.016651424502775278
1682,0.07858521670103073,0.01588735872343795
1683,0.09960959434509277,0.026845755872048745
1684,0.08947528779506683,0.022598010577159384
1685,0.09376301139593124,0.01624145490206676
1686,0.08662754267454148,0.01577744820499665
1687,0.08996763050556184,0.024047439968953394
1688,0.06777412481606007,0.019239357073013098
1689,0.07816013067960739,0.02190469965746958
1690,0.09518778800964356,0.01802647448055548
1691,0.08371685564517975,0.013654732068821993
1692,0.07891590148210526,0.023369058430807232
1693,0.09435923859477043,0.028672736393262264
1694,0.08223273545503616,0.017578692749550897
1695,0.08581652462482453,0.02426276710649876
1696,0.07913570001721382,0.018341573235923298
1697,0.07333947248756885,0.014402264703626502
1698,0.09508501410484314,0.033984605835316935
1699,0.08581935942173004,0.022790915728227733
1700,0.07815536841750145,0.018277078917989992
1701,0.0967124280333519,0.020162727020374718
1702,0.08635850608348847,0.021336858683865364
1703,0.08490421175956726,0.012660487146716411
1704,0.1011983534693718,0.024600488325096155
1705,0.07402064666152,0.016311938478930355
1706,0.09385406523942948,0.01951805701198643
1707,0.08490879714488983,0.015393820744365046
1708,0.08060702323913574,0.015514609505971
1709,0.08247338235378265,0.023412474418339664
1710,0.08279118955135345,0.019877514304363565
1711,0.09354499146342278,0.017449522390961647
1712,0.07727165400981903,0.012823761747001785
1713,0.08549983456730842,0.017345282261910504
1714,0.07523952573537826,0.01594744373929419
1715,0.08005544528365136,0.034466811443028385
1716,0.07660012304782868,0.018538142771345294
1717,0.084756935313344,0.03288460359589694
1718,0.08270068228244781,0.014892578622555896
1719,0.06681825786828995,0.019289295380450273
1720,0.08503731280565262,0.018466943466704185
1721,0.08828053176403046,0.02001765288718759
1722,0.07902852177619935,0.022515794568478246
1723,0.0770223006606102,0.0176506347648085
1724,0.08540074408054352,0.01822545501875551
1725,0.07235638767480851,0.015347248695994893
1726,0.08604989439249039,0.01567280418813637
1727,0.07332102879881859,0.01181312974491348
1728,0.08378136605024337,0.014274614391057459
1729,0.07627592362463474,0.014574869165885938
1730,0.06097831398248672,0.012146806714367377
1731,0.07311011165380478,0.01580492511697828
1732,0.06742101550102234,0.025334053966280533
1733,0.08187092959880829,0.022518258516306747
1734,0.08219514861702919,0.014680272555106308
1735,0.07946388602256775,0.019467608263231302
1736,0.08796439483761788,0.015998293224671115
1737,0.07829395115375519,0.015500131803118202
1738,0.08714940160512924,0.020928480726194708
1739,0.07464252069592475,0.02019081800563695
1740,0.08310482144355774,0.015230950631507456
1741,0.07754529684782029,0.018741735320997564
1742,0.08098083019256591,0.017043754432911742
1743,0.09491247296333313,0.027144439314326196
1744,0.07834240853786469,0.011603978596474619
1745,0.06908204674720764,0.02005645941483648
1746,0.08438387140631676,0.016043545142428516
1747,0.08362549066543579,0.027457123494719807
1748,0.06095757871866226,0.010370836574073932
1749,0.08082447335124016,0.016471211989856745
1750,0.07137736320495605,0.01318262206160859
1751,0.0643020299077034,0.00861415652277535
1752,0.06724185287952424,0.01869953063967293
1753,0.0789070874452591,0.01269174647861964
1754,0.08121574491262436,0.0117560241958254
1755,0.09419999867677689,0.03211929781796181
1756,0.07038475006818772,0.012363451992301908
1757,0.07934315383434296,0.008865186255680372
1758,0.06825999170541763,0.0153784786848581
1759,0.07645749554038048,0.013740622170575678
1760,0.08163368850946426,0.012756997119788437
1761,0.08264697954058647,0.02711944292261176
1762,0.06574557587504387,0.01273340606832341
1763,0.06788334339857101,0.012050147997598126
1764,0.07121495112776756,0.02375298899228442
1765,0.07362046480178833,0.013399187207528173
1766,0.06877688765525818,0.013833502996457766
1767,0.06875105708837509,0.014608329557494758
1768,0.06671435818076134,0.021773903617916042
1769,0.0695459234714508,0.01872292010445301
1770,0.06366072535514831,0.024379853006095104
1771,0.07224484026432038,0.01774794730829866
1772,0.07250235795974731,0.01534250372229782
1773,0.07418082028627396,0.02257439649778686
1774,0.07488912403583527,0.0166209547793212
1775,0.07835741318762303,0.016901320382340313
1776,0.05827045410871506,0.01380444458392385
1777,0.06486857488751412,0.01618677967113175
1778,0.05925917580723763,0.016080041734935487
1779,0.06792165964841843,0.008796027982735063
1780,0.07656243033707141,0.024104241281747818
1781,0.06634753823280334,0.014194079266529377
1782,0.0641551910340786,0.016236501299355128
1783,0.062079301476478575,0.017304455989027676
1784,0.058935292661190034,0.011388981982759417
1785,0.056943728029727934,0.012933755216941442
1786,0.07090387493371964,0.011702516703062679
1787,0.06511661186814308,0.010794482295949981
1788,0.05725014552474022,0.015474842261676102
1789,0.06783018484711648,0.02075714674102117
1790,0.05654969394207001,0.00877616582246982
1791,0.06376701802015304,0.01418162456216061
1792,0.05494071140885353,0.010472453110022088
1793,0.058763617798686024,0.013315098832221064
1794,0.0698557198047638,0.015157694022541177
1795,0.06925054728984832,0.01659074025101041
1796,0.06080449089407921,0.020120786579504404
1797,0.0695125786960125,0.02087993452912324
1798,0.07406897008419037,0.01446321331066628
1799,0.06927747130393982,0.010326580897177735
1800,0.06842964202165604,0.011039178665370157
1801,0.05896279573440552,0.01726328032984309
1802,0.05528174936771393,0.023948661600277848
1803,0.06692034304141999,0.01616628728296659
1804,0.05439000856131315,0.010148599322834243
1805,0.06237342149019241,0.011167329544686291
1806,0.0621043398976326,0.01578770748862665
1807,0.0744958634674549,0.024210585255737174
1808,0.058736027479171754,0.015502713237927384
1809,0.056455877423286435,0.014566899927919858
1810,0.07143020033836364,0.017471383797795805
1811,0.06555987983942031,0.01637856639309289
1812,0.0756190624833107,0.02407165144710508
1813,0.05926345378160477,0.012583949118342302
1814,0.07112002730369568,0.013109651572798213
1815,0.05976199626922608,0.017560984939336777
1816,0.05892746716737747,0.01756107079962345
1817,0.055790856778621674,0.020591157169578825
1818,0.05972255751490593,0.015413871851481804
1819,0.0655555422604084,0.012546237915346068
1820,0.05806901827454567,0.012172609771767708
1821,0.05747280970215798,0.014119941065062399
1822,0.05244692414999008,0.019791524704188518
1823,0.0637538605928421,0.01738286939487882
1824,0.076936174929142,0.019769915009606374
1825,0.062106459736824035,0.017435825748802865
1826,0.06499753266572952,0.012455812859514805
1827,0.059435901939868925,0.017343607514280164
1828,0.05403594672679901,0.015324968410885497
1829,0.06534480214118958,0.017179679151063096
1830,0.07010529160499573,0.010161685183236045
1831,0.05461231887340546,0.01325474744535064
1832,0.053087220788002015,0.010356121313796467
1833,0.04831541448831558,0.018207578039536737
1834,0.06479046672582627,0.017536205609571445
1835,0.05943972751498222,0.017800017094163047
1836,0.048147360533475875,0.020680757596680564
1837,0.06302915081381798,0.02129627029373221
1838,0.06037948608398438,0.01575551429533795
1839,0.055405969470739364,0.014043120501486405
1840,0.06396520927548409,0.018580645552440864
1841,0.06236680433154106,0.009325430179907852
1842,0.0648814806342125,0.019468664383030916
1843,0.05372068673372268,0.009066004943970132
1844,0.05582809530198574,0.010712091287929718
1845,0.0566860343515873,0.012962458412839125
1846,0.06158560484647751,0.015678953430423997
1847,0.05337750509381294,0.017757654368673284
1848,0.06437732368707656,0.017270515073243887
1849,0.0500899913161993,0.014135064467889806
1850,0.0450487295538187,0.007620938753785744
1851,0.051571765094995496,0.01486950423823644
1852,0.06088838905096054,0.019768048919839402
1853,0.05045663386583328,0.009479678159401025
1854,0.05919921815395355,0.015429993427983702
1855,0.06136520385742188,0.007386186574777104
1856,0.0668441666662693,0.01294233785202242
1857,0.055770158767700195,0.010390495141483333
1858,0.05277936980128288,0.013525247880040782
1859,0.058360901474952695,0.009073478208012777
1860,0.06374681830406188,0.021062439511695952
1861,0.05707638442516327,0.013766587648081453
1862,0.0497478237003088,0.00921236881858682
1863,0.05455225877463818,0.012917264887731369
1864,0.04921797201037407,0.011188970228070265
1865,0.050799310654401776,0.013387214660338343
1866,0.056840958446264266,0.011158827424355566
1867,0.0522390565276146,0.012899188682028693
1868,0.05234167456626892,0.01717718940687506
1869,0.05286814019083977,0.007641166869601975
1870,0.048503440022468564,0.007447766006145984
1871,0.050774292647838594,0.014780783898209872
1872,0.05348868116736412,0.007264282752134621
1873,0.06647763222455978,0.013872407172640709
1874,0.05555583864450455,0.010764898668515356
1875,0.052939177453517915,0.012675889372213246
1876,0.05413671910762787,0.014423193333491888
1877,0.05544762700796127,0.01648380461927146
1878,0.057017424404621125,0.008908242165838203
1879,0.05609436295926571,0.018610685094170375
1880,0.04479428097605705,0.008543248907088826
1881,0.050437043532729146,0.012233029783078253
1882,0.05439467117190361,0.015139175247247906
1883,0.05620998591184616,0.014617916732414128
1884,0.05329600349068642,0.011244494863466858
1885,0.04341386020183563,0.012336313545908013
1886,0.05190912142395973,0.012736873190901051
1887,0.050098847299814224,0.017061595307433442
1888,0.05172847285866737,0.010017818503387987
1889,0.05447013527154922,0.0185953551418569
1890,0.056528717055916784,0.01085782859933703
1891,0.0590421912074089,0.009640322538883719
1892,0.05119927793741226,0.01187863325929805
1893,0.050118861943483355,0.007798378221843749
1894,0.05191107109189033,0.010360802804464346
1895,0.048000453263521196,0.009541232432302546
1896,0.04271914273500443,0.014666661364983206
1897,0.05072449058294296,0.006993982092515655
1898,0.04837609142065048,0.02185491452070132
1899,0.05162801429629326,0.008781644604998091
1900,0.04751026377081871,0.014767398368822385
1901,0.04206981636583805,0.010769017857231507
1902,0.046990934610366825,0.014347208612789847
1903,0.05764427602291107,0.013880482071066557
1904,0.04261829137802124,0.006151651198120966
1905,0.05566226631402969,0.01271482830076185
1906,0.04777457654476166,0.009843832366678813
1907,0.05101241283118725,0.010437047887236288
1908,0.045033116787672044,0.010746552953368996
1909,0.045018619149923327,0.01553759096215849
1910,0.04599684312939644,0.010838692918521901
1911,0.05713396146893501,0.01639234774733243
1912,0.04941606029868126,0.01037304044688401
1913,0.05032341331243515,0.009839080223073698
1914,0.04714018791913986,0.00782243751805939
1915,0.05031856283545494,0.015236151060217048
1916,0.04460290476679802,0.009936158532557422
1917,0.04192781627178192,0.012072909865783502
1918,0.04281384021043778,0.008101871626273002
1919,0.04107346743345261,0.012791036768522982
1920,0.0559848815202713,0.012748595416443805
1921,0.045831961929798125,0.015780578941515046
1922,0.041202985793352125,0.016314676669362472
1923,0.0495592787861824,0.017159124912872706
1924,0.04170569181442261,0.013020869255167981
1925,0.04712751440703869,0.014185303694581331
1926,0.043238975405693054,0.010607071629125778
1927,0.05018949791789055,0.01221852997088269
1928,0.04792520806193352,0.009184490276934349
1929,0.0513045272231102,0.007507814266655134
1930,0.04872921824455261,0.008000158462418269
1931,0.049782084971666335,0.009637033464769795
1932,0.0439409039914608,0.009401003957713304
1933,0.05084026541560888,0.010687592362806406
1934,0.048641550093889235,0.009321235630610217
1935,0.04796114832162857,0.010426661892704768
1936,0.04515747174620628,0.010066796017632093
1937,0.044305026978254315,0.013127168793588469
1938,0.03378632582724094,0.008146797466308696
1939,0.03657373987138271,0.01554365991933705
1940,0.04347789481282234,0.010059183233813064
1941,0.04246910601854324,0.007882825035142572
1942,0.04920192763209343,0.00923270246090546
1943,0.04546231657266617,0.011503091349891604
1944,0.04042790278792381,0.007563943349539417
1945,0.04425393387675285,0.01400817997039181
1946,0.042261533886194226,0.007698465291767904
1947,0.04704997211694718,0.017452861195149487
1948,0.04507371515035629,0.012542123191875138
1949,0.042323728837072846,0.010687329002643286
1950,0.03852398708462715,0.011513148153787607
1951,0.04135352253913879,0.011075093296088585
1952,0.033861782997846604,0.009319096497476918
1953,0.038532728850841524,0.017521936216787118
1954,0.04345856763422489,0.007675295625494359
1955,0.04757558614015579,0.012550867685716446
1956,0.05626792818307877,0.011054887755276405
1957,0.03867556020617485,0.006750136384204642
1958,0.047018255665898324,0.014597415924072266
1959,0.04211655929684639,0.006073527210328268
1960,0.036595564633607865,0.00648541572465472
1961,0.04099308997392655,0.010156968991233879
1962,0.04022641137242317,0.01194649544378666
1963,0.039288194999098774,0.008595805602428848
1964,0.04068250149488449,0.009266733906346641
1965,0.044913323298096657,0.01316446925781361
1966,0.039169672131538394,0.014105852897444817
1967,0.03948590144515038,0.007013269259964358
1968,0.03884673774242401,0.0068049965081864025
1969,0.03985661298036575,0.007114893220977424
1970,0.043620013445615766,0.011671911083059767
1971,0.041197064816951755,0.007575402291466112
1972,0.03983825922012329,0.009258799254894257
1973,0.04879845097661018,0.0102610893624082
1974,0.03612750686705112,0.007575157851184884
1975,0.041200880631804465,0.00959695034902798
1976,0.04125548005104065,0.006418131827695729
1977,0.041952128112316134,0.010709780115276983
1978,0.040364632681012154,0.012888002706921264
1979,0.04098687916994095,0.008012667451411078
1980,0.04514057248830795,0.011486618945451632
1981,0.0452677071839571,0.008541801944375038
1982,0.03925695851445198,0.004888884544576684
1983,0.04091199278831482,0.008670062630450072
1984,0.04395635068416595,0.005705560525649623
1985,0.03376290634274483,0.008010041274844783
1986,0.039159470349550245,0.009965744009879355
1987,0.03510490365326405,0.008197619133207896
1988,0.033898276537656785,0.007008195025463627
1989,0.03507389575242996,0.013468486193108233
1990,0.039188542813062666,0.005398229351394797
1991,0.04156898953020573,0.013576540840815192
1992,0.04023400485515594,0.007644802102283256
1993,0.03590011224150658,0.010513372119669228
1994,0.03715329378843307,0.00842052987738423
1995,0.033767371326684954,0.011571647765191451
1996,0.0372824065387249,0.0053279016881364666
1997,0.033431551456451415,0.00970457667765552
1998,0.039025953114032744,0.005771483326560422
1999,0.04012637808918953,0.010547351245194266
2000,0.03390186749398708,0.01028051518209993
2001,0.033651219531893733,0.008818897801413112
2002,0.03961078085005283,0.010381442788120818
2003,0.03231213301420212,0.0101801371839765
2004,0.03772140294313431,0.014954420980321218
2005,0.03726910173892975,0.006718677876848881
2006,0.03654259875416756,0.012286901346420588
2007,0.044941684752702715,0.004286185216337239
2008,0.03370100930333138,0.0056659040385729645
2009,0.03282578714191914,0.009376336565266733
2010,0.03719317510724068,0.007909713848812939
2011,0.043461067229509355,0.00643153748896024
2012,0.03253108240664005,0.006288320412986899
2013,0.0323655116558075,0.013995640158449134
2014,0.03944283001124859,0.0051888273837529635
2015,0.04250670313835144,0.009245733118118488
2016,0.038080331981182096,0.007251433351982946
2017,0.03644623205065727,0.011380359760090096
2018,0.03011316791176796,0.006845147259635468
2019,0.03422353699803352,0.012145481697500569
2020,0.03887597307562828,0.010442610115629353
2021,0.038339751660823825,0.01020750469745022
2022,0.031627299785614016,0.011004148051142693
2023,0.031351979412138464,0.009218504154825048
2024,0.03148368358612061,0.012793304960001004
2025,0.031050788089632988,0.007313817012289616
2026,0.032710588574409484,0.00689009394598742
2027,0.043251912742853164,0.005688243507318301
2028,0.03256662681698799,0.006410498529264372
2029,0.02837979666888714,0.006069214357547972
2030,0.027500706501305105,0.009463993947289577
2031,0.036964622884988786,0.010009685735384079
2032,0.028052052557468413,0.006395463665870771
2033,0.030665838830173014,0.0051623730703371845
2034,0.0319742389023304,0.008985568603424176
2035,0.032242224514484406,0.01127705483199799
2036,0.037895898297429086,0.010005339865304837
2037,0.032054475098848345,0.010221302879285323
2038,0.033274036347866055,0.009375169707385644
2039,0.035027958005666736,0.011901461685152903
2040,0.03300297424197197,0.008876101841052917
2041,0.03471163615584374,0.014061827493244654
2042,0.02967243418097496,0.006998735709651692
2043,0.033320990055799485,0.012151607273988528
2044,0.030801224187016488,0.006350648665979301
2045,0.026022878363728522,0.013148718628368965
2046,0.03472056895494461,0.007350864641572514
2047,0.02831690393388271,0.008586039958036926
2048,0.033017658740282056,0.0077564625503265695
2049,0.026847280189394952,0.009445171433258546
2050,0.026496778950095178,0.007384648954827492
2051,0.03033889666199684,0.008772439080966662
2052,0.03460687424987555,0.007011086998941147
2053,0.02857567936182022,0.005820765740506045
2054,0.03167766124010086,0.009466431295014408
2055,0.030314189568161964,0.01171666789442709
2056,0.031961389780044556,0.012479555703801652
2057,0.030990121588110923,0.00682800758170755
2058,0.027240985557436943,0.005952109646511405
2059,0.03842707797884941,0.01464453990226739
2060,0.033781568557024,0.005114651846457018
2061,0.032442920356988904,0.018745651494150292
2062,0.031168953850865364,0.006525649012972231
2063,0.027696384713053704,0.006530734710395336
2064,0.029402683824300765,0.008147480986910323
2065,0.03296603307127952,0.005831753707503619
2066,0.03049504980444908,0.008289835632663884
2067,0.030416987463831903,0.0047145358809869585
2068,0.032649913132190705,0.0062967779318967914
2069,0.029157267063856126,0.005811250500687181
2070,0.032283109724521634,0.007335860715949372
2071,0.02452187940478325,0.005585452937202094
2072,0.0323652882874012,0.008371556534954947
2073,0.03076919272542,0.010391647991252272
2074,0.03036985382437706,0.010502720749235316
2075,0.03160263061523438,0.0038189172955255396
2076,0.026579596316441894,0.009081029052501672
2077,0.023449610769748688,0.0044391232938186765
2078,0.03057881459593773,0.008290862179782293
2079,0.029406628832221032,0.004127377892959199
2080,0.02906232573091984,0.007808273556093647
2081,0.028892838209867478,0.0053039539783988916
2082,0.027441620230674743,0.004363805119407504
2083,0.028941564112901687,0.007954807990319925
2084,0.028494806438684465,0.005293223687945163
2085,0.028207585513591767,0.006215248690688447
2086,0.027833592817187308,0.004633927360585291
2087,0.030983254984021186,0.01260013942134707
2088,0.02475032031536102,0.006673868452135014
2089,0.03048257254064083,0.010432682510414352
2090,0.026821988224983214,0.011548249331647402
2091,0.029186503030359745,0.008769786521180035
2092,0.028015883564949037,0.010625653377134506
2093,0.026097484678030015,0.004256164240459465
2094,0.025239443965256216,0.004554459582759093
2095,0.027456612437963487,0.00751679715993878
2096,0.02825132615864277,0.011691030446593075
2097,0.024526493400335313,0.008452290898724778
2098,0.02193688541650772,0.013428119789451768
2099,0.033935116976499556,0.007587426533437755
2100,0.02394269362092018,0.008018506792922542
2101,0.025247902795672416,0.005486847526610714
2102,0.0236678022146225,0.0062272213654567116
2103,0.02409555818885565,0.006143873059892491
2104,0.024231541976332663,0.0046366195462337915
2105,0.026797557398676872,0.008993897127778563
2106,0.026238942369818687,0.007283080101319372
2107,0.024295421093702318,0.009614396393809416
2108,0.026685734391212464,0.009514300280237852
2109,0.024319668784737587,0.006714112992870481
2110,0.023098813369870186,0.0038459836058828928
2111,0.02392577610909939,0.007963918200502657
2112,0.020719811022281646,0.0057478772144611565
2113,0.023609346598386764,0.005170273862472952
2114,0.028472000956535338,0.005858567530569965
2115,0.025793041661381723,0.0051363189513348555
2116,0.025480194389820097,0.006553509106783018
2117,0.026665883660316466,0.005207670316712497
2118,0.020055388361215593,0.005991024424462286
2119,0.027070203498005867,0.003960495125757505
2120,0.02248551309108734,0.011298902587939615
2121,0.025350565388798714,0.004339369900575648
2122,0.021995279788970947,0.009772694337959976
2123,0.021931929364800453,0.007832831971041143
2124,0.024338762164115905,0.00846970374759746
2125,0.02214176818728447,0.00807137547494614
2126,0.022849472761154174,0.010719104146916573
2127,0.02752585455775261,0.007601460339884235
2128,0.02418407253921032,0.006275770828536112
2129,0.02633761465549469,0.005019661976815495
2130,0.02413163337856531,0.009889070161503472
2131,0.02595524962991476,0.0033811751931701623
2132,0.0238803032040596,0.006464557020529492
2133,0.02308639816939831,0.005058882541138015
2134,0.02496869668364525,0.008660011312426769
2135,0.022382233440876007,0.010366994964137469
2136,0.02600925859063864,0.007989148596582347
2137,0.021433965787291526,0.008066455808098186
2138,0.023473613262176514,0.010498367556153911
2139,0.023675545379519464,0.004738751932825536
2140,0.019869229793548583,0.007815857481670706
2141,0.02047676395624876,0.004433345464249588
2142,0.022225391305983066,0.006919067978144508
2143,0.02361580453813076,0.006735583780052727
2144,0.01842357710003853,0.006098191215567393
2145,0.0218446559458971,0.013758932304096548
2146,0.024202057868242265,0.005114365898532002
2147,0.023195048794150352,0.015619386778506513
2148,0.0215002347715199,0.004246003530307176
2149,0.020966214537620546,0.009461657475833206
2150,0.018418907150626183,0.0038133860655026894
2151,0.01970099125057459,0.0076654446247505816
2152,0.023988310880959034,0.004377728143120057
2153,0.02500836372375488,0.00529982948241985
2154,0.020434155091643334,0.003294521579136179
2155,0.02076753422617912,0.005987494801209398
2156,0.019091595709323884,0.004411462254260909
2157,0.02158823370933533,0.005185591120732158
2158,0.02084880314767361,0.0034585417286582187
2159,0.01844732753932476,0.008612805645759792
2160,0.0216742954403162,0.0028956585391488386
2161,0.020245468840003014,0.005826631484374608
2162,0.01671814724802971,0.004824972679608897
2163,0.018073595762252807,0.004330187066368861
2164,0.01778075397014618,0.0052919252329084975
2165,0.020225407630205153,0.00551530134494174
2166,0.021093275956809522,0.00517346722724503
2167,0.020687637999653816,0.004603286994595642
2168,0.019532990567386152,0.005438949109042344
2169,0.017810915894806385,0.0057221628368309095
2170,0.016537876427173616,0.0045916050328069355
2171,0.02204133726656437,0.007176942855425894
2172,0.022058723866939543,0.004448767572845498
2173,0.019163131080567837,0.00849355348985489
2174,0.016931484863162042,0.0032322369515895844
2175,0.019319658391177653,0.005567335357812986
2176,0.021670543998479844,0.006252770707623599
2177,0.02039182897657156,0.008561401895872534
2178,0.018644649535417557,0.004210866687895908
2179,0.016441745236516,0.003801247506874473
2180,0.01892685569822788,0.0068530642797481525
2181,0.020467215180397035,0.007252294901911527
2182,0.019629638940095902,0.005944802578895876
2183,0.020723148435354232,0.004915483538316537
2184,0.01835242046043277,0.00601030095186952
2185,0.0159646512940526,0.004678469285215825
2186,0.019489560518413784,0.005305506046606253
2187,0.016576744727790357,0.004601326439376563
2188,0.018420968279242514,0.004620298870826421
2189,0.01801188237965107,0.005652363144167482
2190,0.01796124465763569,0.004140852267968736
2191,0.020126173198223116,0.0036680023951379402
2192,0.01728049760684371,0.006218352929165919
2193,0.01724899798631668,0.00443515097977568
2194,0.01863058526068926,0.008511131820715454
2195,0.018179932087659837,0.003349660162188827
2196,0.02048261307179928,0.006721919644879152
2197,0.01898493552580476,0.003731744753018226
2198,0.015041962713003159,0.005921262176069495
2199,0.01678008560091257,0.0036239109946134157
2200,0.018521858155727388,0.003583690585338906
2201,0.015505918636918067,0.004552803627432209
2202,0.01629011072218418,0.006691197979531876
2203,0.01608042310923338,0.004731457527369669
2204,0.01770884919911623,0.003224034564033763
2205,0.015054231155663728,0.004678039313995675
2206,0.0178025022149086,0.0037157653499241563
2207,0.016873921975493433,0.004372387697078185
2208,0.018175532445311546,0.004404832634513509
2209,0.015350841842591762,0.004863791780112541
2210,0.016948367841541766,0.006379992956270094
2211,0.014787180125713348,0.0034348648169065174
2212,0.01515959993004799,0.002887268754819485
2213,0.01896985689178109,0.004774672502320106
2214,0.018337381184101106,0.004910566678194151
2215,0.01562748782336712,0.0036796885989096068
2216,0.017221449874341488,0.006082191183040403
2217,0.01682069879025221,0.006629414626792686
2218,0.016784159876406194,0.0037302293189584394
2219,0.016087035909295083,0.004670799480215327
2220,0.013189170993864536,0.0038621346530032484
2221,0.015593946166336536,0.003379374978528039
2222,0.013307859189808369,0.002193097462112161
2223,0.016283202040940522,0.004439325633216394
2224,0.015094494000077247,0.003955599265045499
2225,0.018323838151991366,0.005729111153887559
2226,0.015464424155652523,0.0037875272180527856
2227,0.015636039897799492,0.006407186006234117
2228,0.01375249970704317,0.007283806188465798
2229,0.014878962188959122,0.0036714369660779222
2230,0.015832066424190997,0.006607032687186379
2231,0.014838293045759201,0.003528061629056114
2232,0.015721060559153555,0.0040337006459395365
2233,0.017845909371972085,0.003164756979334028
2234,0.01746699061244726,0.0047893789915801725
2235,0.017600622102618216,0.004515967650772774
2236,0.015545927286148072,0.005422776513924338
2237,0.01390738096088171,0.004610027020720587
2238,0.015062632746994495,0.005829292209181067
2239,0.015770098306238652,0.0031124588663447392
2240,0.015687863901257516,0.006144216896532333
2241,0.01383571669459343,0.00529293833325987
2242,0.017073020562529562,0.0063990594895735175
2243,0.014842973574995994,0.00386965962458555
2244,0.013382414802908898,0.003920386341234592
2245,0.015515357181429863,0.005916315245710007
2246,0.015132585391402244,0.0025791169131455355
2247,0.016132525503635406,0.00715234864196957
2248,0.015974365463480352,0.0064366732098876615
2249,0.009673792831599713,0.004498165598368808
2250,0.01444981187582016,0.0027201252236758195
2251,0.015972515754401683,0.0039385506717411626
2252,0.014230264537036418,0.003922697507508405
2253,0.012788632158190013,0.003889857721196054
2254,0.014316782690584659,0.003948016194243954
2255,0.013799680918455124,0.007008383854305091
2256,0.011290699504315852,0.0031156552674835676
2257,0.012742891944944858,0.003373508558493771
2258,0.01375341173261404,0.003723317795522409
2259,0.011628021448850633,0.005104721549337041
2260,0.012896499522030353,0.0030937250065681053
2261,0.011564732864499092,0.002341100222061146
2262,0.015577822849154472,0.00421843467254753
2263,0.010466643497347832,0.0025808008145285794
2264,0.011020707562565804,0.0057469996661968425
2265,0.0144996078312397,0.0030643891874853877
2266,0.010593312308192254,0.005709850701363119
2267,0.013303957842290402,0.0029427541279527423
2268,0.011223878562450409,0.003094086385242743
2269,0.013440499044954778,0.004246911582575269
2270,0.011542100384831428,0.0024253948502344627
2271,0.012153358012437821,0.0035925097635959927
2272,0.013964726366102695,0.001957787360281569
2273,0.01412930317223072,0.004955097331269963
2274,0.012706234753131866,0.003224537809927986
2275,0.010596890598535538,0.0035871477631775482
2276,0.011924303770065307,0.005020521377047447
2277,0.012056536339223385,0.003403153289619782
2278,0.010866977386176585,0.005548773869259717
2279,0.01345162995159626,0.0034017702628386347
2280,0.012180894613265991,0.003383878286774844
2281,0.010454707480967045,0.0030393038034337025
2282,0.01051303680986166,0.0025987236454368453
2283,0.012742948457598687,0.004809013810263921
2284,0.011397275440394879,0.002410932737466407
2285,0.011838710606098176,0.008495997356837743
2286,0.009938805717974902,0.0022330012249007617
2287,0.013149892836809158,0.005316358493411378
2288,0.011088787876069546,0.0022940166894193383
2289,0.01184804506599903,0.005847172237524431
2290,0.01230453360825777,0.0029299695886773605
2291,0.009964995346963405,0.0034808491688374786
2292,0.00916029216721654,0.0038011981021255662
2293,0.010517410095781088,0.0031442638703507103
2294,0.012005073353648185,0.0033565506543198676
2295,0.010468429625034333,0.0059622422064820385
2296,0.01049413152039051,0.003748195373440442
2297,0.01075400598347187,0.0035616915277524356
2298,0.011662476304918528,0.004266980435852319
2299,0.008903266228735447,0.002160526700445438
2300,0.014586011692881585,0.007137139276792742
2301,0.010306521691381932,0.0022692048207741894
2302,0.010072672925889491,0.00265163763694159
2303,0.012315095253288746,0.004418703459509432
2304,0.009168756827712059,0.002324702868824952
2305,0.011678346721455455,0.00420873688712512
2306,0.008200253583490849,0.0020638171245331224
2307,0.009946562945842743,0.004928991951252499
2308,0.009976207949221135,0.002844548656617942
2309,0.01197332538664341,0.002533862265209629
2310,0.011310178339481353,0.0023673418207629904
2311,0.010423073694109917,0.002451401682289904
2312,0.009305779580026865,0.0023895766496760387
2313,0.011418095119297504,0.003054493540668324
2314,0.01256711758673191,0.004866033818011414
2315,0.00910187367349863,0.0026990122621087997
2316,0.009252282287925483,0.004116251784032339
2317,0.010753039158880711,0.002471362808336542
2318,0.008157121557742357,0.0023675938009297195
2319,0.010355257773771881,0.004248882044259816
2320,0.008319630026817322,0.003207907769573878
2321,0.009566108789294958,0.002612561408481369
2322,0.008719511814415454,0.002489034080086914
2323,0.010081596728414298,0.005671737983516634
2324,0.009393166936933994,0.0035974460730507766
2325,0.007167901564389467,0.0022919961404412577
2326,0.00951292966492474,0.0023352886894590233
2327,0.00988333385437727,0.0036344410188189923
2328,0.006874420847743749,0.003623508229494503
2329,0.010250855162739754,0.004831472501056652
2330,0.009519478939473629,0.004469895033701642
2331,0.008910657688975334,0.0022867539616888517
2332,0.009649599902331829,0.003949362197763299
2333,0.008919973205775023,0.0032479601771864173
2334,0.008736157715320587,0.004759797724346592
2335,0.008226324245333672,0.00282163112998417
2336,0.007902520541101694,0.0028437477447194595
2337,0.006729718437418342,0.003078832386750473
2338,0.008586172945797443,0.001933759266561637
2339,0.010890526175498962,0.003646354612014065
2340,0.007277312614023685,0.0018226557175233349
2341,0.00963657608255744,0.0034694710031968274
2342,0.007836431004106999,0.0032440026558629453
2343,0.008742830250412226,0.004507603149299752
2344,0.00870402380824089,0.001946928190092926
2345,0.00835583196952939,0.003335743243104383
2346,0.008006692193448543,0.0032131742456392065
2347,0.008178393691778182,0.0034293045340845845
2348,0.00993542717769742,0.006932407234833665
2349,0.008161892108619213,0.00233493427656693
2350,0.0080342997610569,0.0032718254967707477
2351,0.008569351267069578,0.0033375930219684564
2352,0.008054025284945966,0.0027612405573974735
2353,0.007909324057400226,0.0020266680480682687
2354,0.009733939953148365,0.0032784888992877037
2355,0.007892055828124285,0.0031521957150775276
2356,0.007719463221728801,0.0023293225349832886
2357,0.009000124707818032,0.0024043404663058178
2358,0.00803428016602993,0.0026966802750344144
2359,0.007884972542524338,0.002359582761889451
2360,0.009032593443989753,0.0028793417453153495
2361,0.00896400721743703,0.003050597339919577
2362,0.00919941309839487,0.0044753213527880305
2363,0.00794675162062049,0.0015255965974998393
2364,0.008096469175070524,0.004307346584351912
2365,0.007374581266194582,0.0038906718438414677
2366,0.00618560191243887,0.0038465916574613687
2367,0.00757512902840972,0.004219481223964528
2368,0.00805977463722229,0.003505256798832792
2369,0.006296095307916403,0.0030058718490580173
2370,0.0077388199046254155,0.00176926222885002
2371,0.008356664534658194,0.004270116798579693
2372,0.007363758087158203,0.0021038689867478528
2373,0.007668914962559939,0.0037317216932161216
2374,0.00633238366805017,0.0027408732662666333
2375,0.007627637963742018,0.0021608399979974307
2376,0.007052167244255543,0.005236398951750095
2377,0.007192689981311559,0.00220986525847079
2378,0.00747287979349494,0.0022143059576006786
2379,0.007688242942094803,0.002308065339616717
2380,0.009183671791106462,0.0031678760934570065
2381,0.00804480280727148,0.0022016183013887436
2382,0.007540364563465118,0.0015381675226333207
2383,0.006765882689505815,0.00218275927440965
2384,0.0065602858550846575,0.0063570021103097965
2385,0.00736012427136302,0.0023653227070423023
2386,0.006329277930781245,0.00240518596686729
2387,0.006811136417090893,0.005540515308919018
2388,0.007327302061021328,0.0015853769783798146
2389,0.007014779951423407,0.004446900041442211
2390,0.007178915310651064,0.0020038233240683603
2391,0.006537931635975837,0.0020120598133398244
2392,0.00648562515154481,0.0036196040168200456
2393,0.005838708728551864,0.0020070420195386833
2394,0.005644991798326373,0.0025319820078574633
2395,0.0070352029241621495,0.0025558773721632076
2396,0.006726890383288264,0.0027211605864640785
2397,0.007818179428577423,0.002119634459943396
2398,0.005807465333491564,0.00318195556022533
2399,0.0068320479430258275,0.0015453334438474211
2400,0.0076029526442289354,0.0023863664573084004
2401,0.006087407954037189,0.0029665289242586045
2402,0.005735168233513832,0.002768333408062997
2403,0.005840071178972721,0.0019467704457371202
2404,0.006377317309379578,0.0034279034804705886
2405,0.006604290679097176,0.0016395843313522127
2406,0.005098743345588446,0.002869487344606282
2407,0.005266650198027491,0.001460262886822632
2408,0.006957044135779142,0.0028882115722110827
2409,0.006241168919950723,0.005922300804865687
2410,0.0060423070937395094,0.0015661004477831191
2411,0.005321108382195234,0.00408050320940475
2412,0.0057387914322316646,0.0017414304032309415
2413,0.006701577622443437,0.002679583170030215
2414,0.005781827513128519,0.002282546750231557
2415,0.005738623216748237,0.001905728533404739
2416,0.005654802601784467,0.0034957879720485373
2417,0.005124462144449353,0.0024355861090429843
2418,0.005534051898866892,0.0024310535087875306
2419,0.004677212503738701,0.0021856850306567264
2420,0.0067815792933106425,0.0027429868071658973
2421,0.005743779595941305,0.002356015126641891
2422,0.005553085450083017,0.002411794644614605
2423,0.005704932995140553,0.0024395162966867833
2424,0.005121349068358541,0.001712902857322399
2425,0.005280819814652204,0.002378966034173149
2426,0.005343194827437401,0.0018537911611979138
2427,0.004597926530987024,0.0039052276502120984
2428,0.005909042246639728,0.0029194263154513215
2429,0.005719709321856499,0.0029294371273215505
2430,0.005453605316579342,0.0019706284231825236
2431,0.005093741659075022,0.0029630000664763257
2432,0.00459569126367569,0.0017397226829541056
2433,0.004569899365305901,0.0019774166930926172
2434,0.0052366494759917255,0.004642096003645087
2435,0.0050703409593552354,0.0013850769857327416
2436,0.005354662500321865,0.003314549722134659
2437,0.004779448192566633,0.001443061508774145
2438,0.005071877334266901,0.0025790675466701592
2439,0.005857889242470264,0.002071716076349967
2440,0.0047784976568073035,0.0022904049630646838
2441,0.005148550444282592,0.0019086864904487785
2442,0.004812495545484126,0.0020127217030178196
2443,0.004842206872999668,0.002797702671832418
2444,0.004086915003135801,0.0024121281792958307
2445,0.004997540879994631,0.0026427675740257517
2446,0.005325241200625897,0.0026972966574846883
2447,0.004484555926173925,0.0035727926950952778
2448,0.005043786037713289,0.002253847158424658
2449,0.005152921099215746,0.0028223776233012544
2450,0.0054578610882163045,0.003273516765808406
2451,0.005264699272811413,0.002642777506006907
2452,0.004835110008716583,0.0024172342191003775
2453,0.0046964477840811016,0.0017608478920508738
2454,0.004694730695337057,0.002043838306547028
2455,0.00458618147764355,0.0024154271981487534
2456,0.004444730179384351,0.0016577612155767745
2457,0.004853573627769947,0.0018637600316576762
2458,0.005041100783273578,0.005135339034134394
2459,0.004279760839417577,0.0016825531022495602
2460,0.0054409923776984215,0.0024873132447469724
2461,0.004737875815480947,0.0038795700832589034
2462,0.00522730078548193,0.001291379118848541
2463,0.0041930383443832394,0.001978866079796667
2464,0.00382990007288754,0.0014613249517773112
2465,0.004820078443735838,0.003053031982981587
2466,0.00408489830326289,0.0018934793196210306
2467,0.0033816292602568865,0.002110818605104538
2468,0.004403146021068096,0.002115655843525717
2469,0.004246254619210958,0.002039098193588322
2470,0.003972058361396194,0.002153771049151682
2471,0.004537691064178943,0.0020764022108728753
2472,0.00465073726605624,0.002384615105206836
2473,0.0041283330041915174,0.0024460306939707225
2474,0.004099127911031246,0.0020331464873703377
2475,0.004130743965506553,0.0018890042763764728
2476,0.0038270423095673324,0.0021426034644756414
2477,0.004233760330826044,0.0022103521488096617
2478,0.004487871062010527,0.0018107941093510145
2479,0.0028346233163028954,0.0013833554487114083
2480,0.003248132327571511,0.0024763855649388
2481,0.004532986637204885,0.001600817439133582
2482,0.003694809461012483,0.002203427114817378
2483,0.004112025080248713,0.001424723502554714
2484,0.004066503774374723,0.002711668808319389
2485,0.0036960889119654894,0.0014686171405578722
2486,0.0037410181388258935,0.003661989470407979
2487,0.004569918029010296,0.001323296331277449
2488,0.00381220533978194,0.0024906513408744987
2489,0.00376094781793654,0.002482196902983809
2490,0.003933819900266826,0.0020853840324976673
2491,0.0033965575881302356,0.001680665949282989
2492,0.0034864970669150354,0.0021866900744299364
2493,0.003253918020054698,0.00242099780844499
2494,0.0037977327592670918,0.0013552715695680005
2495,0.0036125571001321076,0.0020774235017597675
2496,0.003597582085058093,0.0017815622092824275
2497,0.0033253479469567537,0.002589088590330865
2498,0.0034057604987174275,0.001798318871233153
2499,0.0033959401864558456,0.002111523080464095
2500,0.003401187751442194,0.002556130589840755
2501,0.0038037142902612687,0.001454026913525511
2502,0.003351072119548917,0.001980611620700523
2503,0.0037656181398779153,0.0025260218750838546
2504,0.0032813436817377807,0.002052810451347534
2505,0.0037014163471758366,0.0014337721593320777
2506,0.003590539505239576,0.003495642711242584
2507,0.0035973261157050728,0.0021201623795069242
2508,0.003668436165899038,0.0012870810237036992
2509,0.003798186192288995,0.0019867021577713423
2510,0.003258529230952263,0.0014206873514523654
2511,0.002977205291390419,0.0016770380906352442
2512,0.003214147733524442,0.0019214637386166069
2513,0.0031687092408537866,0.0015437326980882312
2514,0.003375012967735529,0.002100543756905484
2515,0.003198010055348277,0.002399068459715337
2516,0.0032473161723464727,0.0012852298606136074
2517,0.003343858923763037,0.0022703716212449823
2518,0.002916304059326649,0.0014123977608468436
2519,0.0033254775032401083,0.0013035995286111146
2520,0.0029057895764708517,0.0026173614386520157
2521,0.00296332823112607,0.002917692849846327
2522,0.002825738228857517,0.00244321216101924
2523,0.0037712482642382385,0.0016420909318409554
2524,0.0027110025798901915,0.0020875190576053644
2525,0.002901187716051936,0.0021100859030162636
2526,0.0029334428254514933,0.002646931134521553
2527,0.003528736149892211,0.0013627741128614504
2528,0.0035428858699742705,0.0033165060226129344
2529,0.00274633982218802,0.002350737321611545
2530,0.0026636687526479363,0.001969918091972805
2531,0.0029946402087807655,0.002701802849004122
2532,0.003053955030627549,0.0031121105644596764
2533,0.0029208031762391327,0.0020618148734920646
2534,0.002838397417217493,0.0018866915982982068
2535,0.0026770659163594247,0.003001333147363916
2536,0.0023312461655586956,0.0016241694724008645
2537,0.0028477459494024517,0.002715287376067614
2538,0.002757386025041342,0.0016143197538203572
2539,0.0026919010933488608,0.0017710366056696192
2540,0.002330148918554187,0.0017561677983668569
2541,0.003119302950799465,0.002324427159069336
2542,0.0030152158625423907,0.001612425029073676
2543,0.002690516784787178,0.0027350451325206726
2544,0.002870277473703027,0.002852493750365221
2545,0.002414213269948959,0.002106001648465044
2546,0.0026573925837874413,0.0022863643180119665
2547,0.0023327643517404794,0.0017824059492614988
2548,0.00285127148963511,0.0020715568074318644
2549,0.0025170315243303776,0.00164303991764988
2550,0.002386130662634969,0.0020322070571861853
2551,0.002417306136339903,0.0018780743703246117
2552,0.0024830060452222824,0.001972974188727875
2553,0.002417491776868701,0.001612815100138318
2554,0.0025986703019589188,0.0029697515363868786
2555,0.0022664533555507658,0.0018601764363479125
2556,0.0027750600036233666,0.0020144096550161706
2557,0.0020722372736781836,0.0020066523439671896
2558,0.0024385581351816653,0.0014772856869568972
2559,0.00277087168302387,0.0020026664938522527
2560,0.002378514390438795,0.0015905136370087322
2561,0.0024168315809220075,0.0021445420124147035
2562,0.0029074270743876694,0.0020512265076682175
2563,0.0026869596261531116,0.0017480393871665
2564,0.002266711457632482,0.0015648949495835663
2565,0.00226932680234313,0.0014563467774591217
2566,0.00204017277341336,0.0022435115701327584
2567,0.0022638678178191186,0.0027369873004978243
2568,0.0024405516730621455,0.0016046859553619608
2569,0.002054451829753816,0.0014698504572351501
2570,0.0021364338882267474,0.0030155071242367977
2571,0.0023407395463436844,0.0016984846570516285
2572,0.0017307143285870553,0.001654127414963425
2573,0.0017886301525868475,0.002117223820763908
2574,0.0023381602158769966,0.0014575072627973883
2575,0.0021081464178860187,0.001722875669955799
2576,0.002348041832447052,0.0019446399305270959
2577,0.0022259403113275766,0.0014315492390616707
2578,0.0023170548118650915,0.0017452716368110213
2579,0.002133816462010145,0.003879137133082298
2580,0.002309681260958314,0.0017330036307238552
2581,0.0021320811193436384,0.0016504028518620419
2582,0.0021889482997357844,0.002033921169142609
2583,0.0019517230801284313,0.0015303099317450638
2584,0.002238788134418428,0.002140303084958498
2585,0.0020921322098001838,0.0019893577730614844
2586,0.002041217610239983,0.0024303894088131515
2587,0.002571572717279196,0.0026513959714913205
2588,0.0019511923799291253,0.0014836158131389585
2589,0.0018884638277813792,0.002558240121587703
2590,0.0022942778933793305,0.0023915517296999285
2591,0.0024582390394061802,0.0013456002917548973
2592,0.0022862863168120386,0.0014510424552510862
2593,0.0019075486157089472,0.002809048757875619
2594,0.002402711226604879,0.0025727523184598308
2595,0.0022092726547271015,0.001747297186863749
2596,0.0019838329777121543,0.0014777095758751646
2597,0.0021515653654932978,0.0016831962060030192
2598,0.0018220329517498613,0.002819945627491768
2599,0.0022442166134715082,0.0021759941599854868
2600,0.0020631949789822104,0.0016461938606855803
2601,0.0019149016914889216,0.001522338190052199
2602,0.0016297978395596146,0.001490617167740448
2603,0.002120255511254072,0.0014121508838175094
2604,0.0017922322684898974,0.0016258871820691513
2605,0.001994901606813073,0.0021255748371963633
2606,0.0020114451553672552,0.0018422113323252494
2607,0.001697216206230223,0.0018259274314017329
2608,0.002038461901247501,0.001505648532295472
2609,0.0018471390195190906,0.0016266751096724239
2610,0.0016021732008084655,0.002510788942980644
2611,0.0018501483649015426,0.0018485911407393136
2612,0.0015510517684742809,0.0015170722083533055
2613,0.0014835729845799506,0.0014807143829099528
2614,0.001663404181599617,0.0017148198189902795
2615,0.001631708052009344,0.0020956387233040104
2616,0.0016495718201622366,0.001612651550963725
2617,0.001664222723338753,0.0019310222020092077
2618,0.001772024119272828,0.001560651151820609
2619,0.0016945017501711845,0.0015025386548511786
2620,0.0020081327948719262,0.00234562441170828
2621,0.0019222634402103723,0.0032960685107168066
2622,0.001940978125203401,0.0019713498473371543
2623,0.0015645988890901207,0.0015267359399019854
2624,0.0015044354693964123,0.0020572785288095474
2625,0.0015802128915674985,0.002804105693142708
2626,0.001751875514164567,0.0018853470810676273
2627,0.0016108057741075754,0.002120589850189751
2628,0.00150693295057863,0.0016385597904046922
2629,0.0014369396725669504,0.0020550259082795005
2630,0.001921232845634222,0.0031022643319599023
2631,0.0017091239849105478,0.0025235379101989203
2632,0.0017237787088379263,0.0013201052055069027
2633,0.0015822131605818868,0.0016662381168403855
2634,0.0015435344353318214,0.001516136155808217
2635,0.0014714203472249209,0.0023249729332348256
2636,0.0014839037181809546,0.0018037666362544446
2637,0.0015332757821306586,0.001395802201754222
2638,0.0015275992313399911,0.001950711624263084
2639,0.001471535642631352,0.0018178268769526319
2640,0.0016615331964567304,0.001911574375037461
2641,0.0017581234266981483,0.00182788922413163
2642,0.0018342907587066293,0.0013583810483296847
2643,0.00144745706114918,0.0018070748407546789
2644,0.0014806982828304172,0.0014012830925161299
2645,0.0016566796717233955,0.0019413310817557655
2646,0.0014839031966403127,0.001561972858027032
2647,0.0013561800820752977,0.0015235682215847788
2648,0.001682853982783854,0.0016293856347209378
2649,0.0014166915183886886,0.0020948862529372517
2650,0.0014865559199824928,0.0014594801803668068
2651,0.0014175899373367429,0.0015752492217372541
2652,0.0014861310552805663,0.0020743267585153448
2653,0.0014225748693570495,0.0013736396715402195
2654,0.0015903248637914658,0.0016521620372795078
2655,0.0015799829130992294,0.0021367220603541967
2656,0.001263518431223929,0.0014531546820924707
2657,0.001548234079964459,0.00237506569350419
2658,0.0017718040058389306,0.002606399258445591
2659,0.0014048917847685515,0.001840784137889947
2660,0.0013591039227321745,0.0019671890170198597
2661,0.001327782131265849,0.0014990731046777474
2662,0.0014274798147380352,0.0018677203724645588
2663,0.0015137345995754003,0.0013926920978582068
2664,0.0013410774525254964,0.001603510776177457
2665,0.0014072672044858337,0.001576749199669655
2666,0.001385050774551928,0.0014690961880124596
2667,0.001362903704866767,0.0016924177475069484
2668,0.001294963643886149,0.0017486002411029927
2669,0.0013794078025966884,0.0018856549086942247
2670,0.0012741349125280977,0.0018511669302027519
2671,0.0013489191071130336,0.0017832851879400749
2672,0.0013115323893725871,0.0014770836888314926
2673,0.0012590700364671647,0.0014906827526243581
2674,0.001135931998724118,0.0016020846821061553
2675,0.0015586741757579149,0.0019009596259932811
2676,0.0012710956111550331,0.001682257305269372
2677,0.0011975291022099555,0.002282673767321322
2678,0.001125775189138949,0.0014131093997355193
2679,0.0013480151910334826,0.001604095184282489
2680,0.0012399989273399114,0.001514338977532844
2681,0.0012724374886602164,0.0014962091538034481
2682,0.001107291872613132,0.0015973261149268443
2683,0.0011506543355062604,0.0016231582219367975
2684,0.00120335363317281,0.0019106467905109876
2685,0.0013579382328316569,0.001668031713351199
2686,0.0012337984703481198,0.001898835987260897
2687,0.001482110689394176,0.0016261775505869356
2688,0.0013592972187325358,0.0023420206526268833
2689,0.0012909258203580975,0.0031226000362649968
2690,0.0012200455088168382,0.0017023402368267105
2691,0.0012831969186663627,0.0016166017301482696
2692,0.0011701638530939818,0.0016144499284763858
2693,0.0011412405269220472,0.001838312994637718
2694,0.0011873607197776437,0.0015445310105761027
2695,0.001343035278841853,0.0014341592227351176
2696,0.0011533588380552829,0.001511116040079561
2697,0.0012201022868975997,0.0020548240281641483
2698,0.0011584656545892357,0.001415717144407434
2699,0.0012542066909372806,0.0014352834821768003
2700,0.0012590524437837303,0.0015499519713682262
2701,0.0012177290860563516,0.0016489927625053958
2702,0.0011531493766233326,0.0014245120062148326
2703,0.0012521064095199108,0.0013814571836631591
2704,0.00131421837490052,0.0015085000889248227
2705,0.0011850529396906495,0.0020423829236565385
2706,0.0012319567170925437,0.002037563539837321
2707,0.0012196285650134086,0.0015917269780925693
2708,0.0011870330478996039,0.001931403846518226
2709,0.001169063881970942,0.0015513081811623622
2710,0.0011166985519230365,0.0015778463359360825
2711,0.0010773973469622433,0.0020232081783246505
2712,0.0011711424542590976,0.0018461584177327482
2713,0.0011335907876491547,0.0015425284405889577
2714,0.0010995332058519125,0.0018361082606732028
2715,0.001211154363118112,0.001994528546163889
2716,0.0011505445744842292,0.0018452252707865141
2717,0.0010067825485020876,0.002462136157316296
2718,0.0011491792602464556,0.0015543263903117343
2719,0.001024528038688004,0.0013887402123120957
2720,0.0012538724625483155,0.0014910015137228247
2721,0.0010905678663402796,0.0016000256746088806
2722,0.0011215003440156579,0.0016894792334163841
2723,0.0010025862557813525,0.0017337904962366575
2724,0.001190487057901919,0.0017671989379067943
2725,0.0012069191690534354,0.0024604778545462107
2726,0.0011420921934768558,0.0018794792321548887
2727,0.0009395665931515396,0.0013809810657283827
2728,0.0012129163835197688,0.001670349548787695
2729,0.0010279485024511815,0.0016721298165415248
2730,0.001127771174069494,0.0017960420937264618
2731,0.0009788675094023348,0.0018002985632174636
2732,0.0011028825514949859,0.0019223056669819029
2733,0.0010604500863701106,0.0014587146906207685
2734,0.0011222083307802677,0.0023196741989622376
2735,0.001170757282525301,0.0017961466697695321
2736,0.0011761203850619495,0.001704823079021418
2737,0.00103793706279248,0.0018890275084094642
2738,0.001042078034952283,0.0019629554095843883
2739,0.0010142610361799599,0.0015949894776185081
2740,0.0009499457664787769,0.001421072121633038
2741,0.0010328462906181812,0.0016706188477269592
2742,0.0011253377841785551,0.002019469919678283
2743,0.0011482183542102576,0.001992319927436032
2744,0.0010714807780459524,0.001909617092205237
2745,0.001029882445000112,0.001807912871598789
2746,0.0011557985818944872,0.0014934621253752545
2747,0.001133471082430333,0.0015482347433085312
2748,0.000987242474220693,0.0019569407561666344
2749,0.0011556717241182923,0.0014636223076855484
2750,0.000998773630708456,0.001556462697582702
2751,0.0009996509598568081,0.0018432876222754177
2752,0.0010583628923632204,0.0019668467878682975
2753,0.001123487427830696,0.0018646066166358452
2754,0.001142823901027441,0.001888568761873327
2755,0.0011099546239711343,0.0016643116218739585
2756,0.0010930361738428474,0.0019246720364444877
2757,0.0010280004306696356,0.002039164291975433
2758,0.0009320858959108591,0.001738135680581813
2759,0.0010736242588609457,0.0015762373932624515
2760,0.0010197698138654232,0.0015226771500063676
2761,0.0010429507773369552,0.0015269341330005697
2762,0.00108988773310557,0.0018700472372647835
2763,0.0009333377052098512,0.001543032825120712
2764,0.001091448599472642,0.002702299247125853
2765,0.0010826115822419524,0.0014542278272342193
2766,0.0010247037373483181,0.001525281737112019
2767,0.0011021072277799249,0.0016435954101026466
2768,0.0009853951912373305,0.002350094090279651
2769,0.001058462057262659,0.0016215221050565373
2770,0.001039436301216483,0.0016065117016383639
2771,0.0010542377457022666,0.0018115925845013905
2772,0.0010851041693240404,0.0018467784234105723
2773,0.0009652574092615396,0.0018785134570239342
2774,0.0009660420380532741,0.0018509686477992632
2775,0.0010635272017680108,0.001786503366717737
2776,0.0009669957845471799,0.0016376280563896242
2777,0.0009442837722599506,0.0015343943393904052
2778,0.0009966501803137361,0.00166561126657953
2779,0.0010930604534223677,0.002158499074053683
2780,0.0010195285850204527,0.0018767061171262231
2781,0.0010447627073153854,0.001626337926247961
2782,0.0012490687659010291,0.0017143525406463098
2783,0.0011611061566509306,0.0019566499092297193
2784,0.0009972804598510265,0.001423005532945366
2785,0.0011818817257881165,0.0015854700021956064
2786,0.0009830051381140947,0.0019213203978660988
2787,0.0008682903461158276,0.0015223730221543819
2788,0.0010305228317156435,0.0018194376631346467
2789,0.0009751926083117723,0.0016726018344243503
2790,0.0009494034433737398,0.0017910811233602158
2791,0.0008673121663741768,0.0014491936555515005
2792,0.001055008014664054,0.0015828784344692345
2793,0.0010335005121305586,0.001655500216333017
2794,0.001072293110191822,0.002166510368250821
2795,0.0009378467174246907,0.001887938237353547
2796,0.0008929441892541945,0.0015256364051609824
2797,0.000943737612105906,0.0014790452551096678
2798,0.001036098152399063,0.0016289609899004436
2799,0.0010626949835568667,0.001445152870162505
2800,0.0009864438977092505,0.0014910921869059539
2801,0.001115520684979856,0.0022402764808335533
2802,0.0010177532862871885,0.002100072545956259
2803,0.0009506870410405099,0.0019751057245653786
2804,0.0009806399128865452,0.0017910397305370195
2805,0.0010604857187718154,0.0016611370908683294
2806,0.0009939827234484255,0.002144986431892604
2807,0.0010148906894028187,0.0022411870846703445
2808,0.001181213678792119,0.002439919629529731
2809,0.0010390704264864326,0.0018482760283840846
2810,0.0010389187140390278,0.0017082525978553784
2811,0.001094504059292376,0.0018460367972107782
2812,0.0010247521474957466,0.0021270079959234962
2813,0.0009703842015005648,0.002031922850706806
2814,0.0008748265611939133,0.001707181570515649
2815,0.0010018847859464585,0.0014609002495465213
2816,0.0010273082787171006,0.001474566942667716
2817,0.0010446631128434092,0.0015384207977211638
2818,0.0010260797617956995,0.0022023678821039526
2819,0.001080914051271975,0.002809499683853698
2820,0.0013270603818818928,0.0020388110974573926
2821,0.0012659670179709793,0.0015200830657953676
2822,0.0010829055635258556,0.001464398040385177
2823,0.0010755763901397586,0.0014735896631513964
2824,0.0009870774624869227,0.0018405505928070578
2825,0.0009734694217331708,0.0014965427937368824
2826,0.0009482057287823409,0.0016340359356509496
2827,0.0009752718801610172,0.002013566680507709
2828,0.0009465504111722112,0.001781393493181222
2829,0.0009861240256577731,0.0018659518227899727
2830,0.0009044874832034111,0.0016994502695200787
2831,0.0010065176244825125,0.0014952224302934866
2832,0.0009395273961126804,0.001744893079700127
2833,0.0009067959617823362,0.0018415159596870208
2834,0.0009464112133719027,0.0019881255886428162
2835,0.0009717060206457973,0.001713602733479379
2836,0.0009218053659424186,0.001502106693407444
2837,0.0009781601140275598,0.0018731214820522151
2838,0.0009980780095793307,0.0019889590649368014
2839,0.0009942412166856229,0.0017167473058790376
2840,0.000899703842587769,0.0021230756330673827
2841,0.0010297865187749266,0.0017404808050455296
2842,0.0008665582397952675,0.0016269211542524703
2843,0.0010128520376747475,0.0014934802925443812
2844,0.000912328246049583,0.0016845832451259438
2845,0.0009286227542906999,0.0017504377469216308
2846,0.0010164539515972138,0.001919711678454729
2847,0.0009911913564428687,0.002003557144421829
2848,0.0009044268587604165,0.001521700565792518
2849,0.0009999651461839675,0.0015229602306060595
2850,0.000983030111528933,0.001571062492997679
2851,0.0009200390544719994,0.0019518435128951725
2852,0.0009431792236864567,0.0017551487432920362
2853,0.0009123739344067871,0.001770278442115204
2854,0.0009107612958177924,0.0015678305006649805
2855,0.0008658330165781081,0.001559902071850757
2856,0.0010863502277061344,0.0015679765843518384
2857,0.0009160658647306264,0.0016714252454981412
2858,0.0009532148018479347,0.0014716422756215278
2859,0.0009308446594513953,0.0017927234086578022
2860,0.0009102846239693463,0.0015728175193581678
2861,0.0009384340979158878,0.002215994802648074
2862,0.0009762341063469648,0.001838482865323759
2863,0.001023720148950815,0.001660206438080497
2864,0.0009545048326253891,0.0017694974579682498
2865,0.0008983799954876304,0.0015906735310611659
2866,0.0008946594735607505,0.0020889089927587606
2867,0.0009313120972365141,0.0022017565390018566
2868,0.0010114258527755737,0.0019612674958595674
2869,0.0009252700651995838,0.00222407595241723
2870,0.0009470614045858383,0.0016599556093091425
2871,0.001012525747064501,0.0015297286206065383
2872,0.0009798644995316864,0.0015657432504916843
2873,0.0008863446279428899,0.0017418242920802472
2874,0.0008966929581947625,0.0017559941386012998
2875,0.0008943533129058778,0.0014925841975650968
2876,0.0010401941707823426,0.001483948623812566
2877,0.0009848637459799648,0.0019755803865112672
2878,0.0008958107139915228,0.0016771554978794023
2879,0.0009570792317390442,0.002260548936534826
2880,0.0010917857009917497,0.002267395222738181
2881,0.0009021211322396993,0.0015796066249070101
2882,0.0008876856602728367,0.0017630930811370889
2883,0.0008953887736424804,0.0019830766657035646
2884,0.0009138331166468561,0.0014945224616421413
2885,0.0009053770522587001,0.0017416993130559791
2886,0.0009033583058044314,0.001692896836424527
2887,0.0009268776280805469,0.0018427171935773876
2888,0.0009754613833501936,0.0018912140305524002
2889,0.001045524588553235,0.0016519834753125906
2890,0.001002643876709044,0.001511260002774939
2891,0.0009720553574152291,0.001700362037510088
2892,0.0010212275758385658,0.0022828514458075777
2893,0.0008856402942910791,0.0016421727638385477
2894,0.0009373998222872615,0.00188727604786623
2895,0.0009608959231991321,0.0016335728578269482
2896,0.000952044187579304,0.001643286915878727
2897,0.0009586719237267971,0.001954010547432181
2898,0.0009383511589840055,0.0020484212301161192
2899,0.000882133562117815,0.0017419033492468807
2900,0.0010084988409653306,0.0015343382782366586
2901,0.001040497743524611,0.0015236247739155
2902,0.0009685106109827757,0.001847766716135283
2903,0.0009708613948896527,0.0019938599394812976
2904,0.0009421781799755991,0.0018983884548691855
2905,0.0009012033371254801,0.0016474014894449955
2906,0.0010248319711536169,0.0017632260657081456
2907,0.0009094516234472394,0.001662625242279817
2908,0.0009361762774642557,0.0016525777133360301
2909,0.0009440912632271648,0.0015111603735856814
2910,0.0009258389449678362,0.001708440125396807
2911,0.001013749330304563,0.002373285234382708
2912,0.0010404343437403442,0.002328828602314812
2913,0.0010252577625215053,0.0015494490061465599
2914,0.0010246447194367646,0.0014919794088050927
2915,0.0008929006918333471,0.0018532652127212041
2916,0.0008922706462908536,0.0017690194183832978
2917,0.0009551638015545905,0.0017802607752893068
2918,0.0009361720178276301,0.001838533118469258
2919,0.000846021103207022,0.0016653648328852572
2920,0.0008995143044739962,0.0022093446746672667
2921,0.0009607972763478756,0.001566780396188571
2922,0.0009276484744623303,0.0016229192898544955
2923,0.000941618934739381,0.001627917962837709
2924,0.0009188767557498068,0.0018700258296034107
2925,0.0009719952871091664,0.0014780853549656394
2926,0.0009751068404875696,0.0017143575672366438
2927,0.0009036379167810082,0.0020846690829486062
2928,0.000972436947049573,0.0015102454001874957
2929,0.000926995831541717,0.0016337881400568844
2930,0.0009052083385176957,0.0016573454948678001
2931,0.0009268324426375329,0.002068214979635118
2932,0.0009959158417768776,0.0015555478453840295
2933,0.0010280027333647013,0.0016690614244147931
2934,0.0009076892910525202,0.001706920494006513
2935,0.0009386428829748183,0.0016498870905233573
2936,0.0009593445830978453,0.0016329738132859746
2937,0.0008985582762397826,0.0015944718026033003
2938,0.0009796450287103654,0.0022182737170935492
2939,0.0009580694558098912,0.0020065993096118106
2940,0.0009602242987602949,0.0017395415534711865
2941,0.0009438136173412204,0.0022732964461694843
2942,0.001030223467387259,0.002031282285764201
2943,0.0010025139385834336,0.0015825008820385148
2944,0.0009400387201458216,0.0016005197348557922
2945,0.0008598321117460727,0.0015808691889404843
2946,0.0008987464383244515,0.0017207305342571376
2947,0.0009394978266209364,0.0019497745925535078
2948,0.0008903855131939054,0.0018068330349681311
2949,0.0008448118972592056,0.0017458925195905852
2950,0.0008804965647868813,0.0019455646062652542
2951,0.0009065453428775072,0.0018541842175979321
2952,0.0009133553737774491,0.002038397947453881
2953,0.0009826576965861022,0.00149368036742488
2954,0.0009979687351733446,0.0021092611849818327
2955,0.0009782571066170931,0.0020524396191108716
2956,0.0011410968471318483,0.001508460597020306
2957,0.0009976042970083654,0.00153260743117904
2958,0.0010469896532595158,0.0020881094523284532
2959,0.0009629529435187578,0.0018022970219895447
2960,0.0008508174726739526,0.0017961966294846306
2961,0.0009610714088194072,0.0015361535917865496
2962,0.0009308362239971757,0.0015129494059779873
2963,0.0009077333495952189,0.0017890676358485059
2964,0.0008674244489520788,0.0016935294978830911
2965,0.0008863828529138119,0.001574713242406102
2966,0.000907600773498416,0.001600085802325239
2967,0.0008999846735969186,0.00165015320319121
2968,0.0008111631218343973,0.0016895528589311527
2969,0.0008812057855539023,0.0024489175324162392
2970,0.0009537822660058737,0.0017220561985845026
2971,0.000958055485971272,0.0017711336545850316
2972,0.0009124755463562906,0.0016297260618271076
2973,0.0009135851357132196,0.0017532586624003845
2974,0.0009414363792166114,0.0017625427588003955
2975,0.0009286984172649682,0.0016971582750955672
2976,0.0009362845681607723,0.001566324108726766
2977,0.0009385491232387722,0.001572878827175049
2978,0.0008924306253902614,0.0018087951657808808
2979,0.0008993402915075422,0.0016139424533570465
2980,0.0008253910299390554,0.0017328122216085458
2981,0.0008524903235957027,0.0015956685680589857
2982,0.0009422125341370702,0.0015981532186780073
2983,0.0009135941159911454,0.0016569931965882648
2984,0.0008980710920877755,0.001538809376118118
2985,0.000990883093327284,0.001802250557923562
2986,0.0008705799072049558,0.002148361289746141
2987,0.0010052721109241247,0.0017479446665575242
2988,0.0010459611611440779,0.0015411705212437943
2989,0.0009272974519990385,0.001676030377283284
2990,0.0009291701368056238,0.001732289784728256
2991,0.000912617570720613,0.001747716977324796
2992,0.0008616906986571849,0.001621636635406989
2993,0.0008698572008870542,0.0016395536232229374
2994,0.0008468017866834998,0.001826070249080658
2995,0.0009762422856874764,0.002085661490077842
2996,0.0008907167334109545,0.002023752038813617
2997,0.0009189748449716717,0.0014902815120677426
2998,0.0008519463124684989,0.00173624197327315
2999,0.000895542548969388,0.0020796308319454325
3000,0.0008287915331311523,0.0014687036291683372
3001,0.0010324711771681906,0.001583093413700388
3002,0.0009488873952068389,0.001785397749674851
3003,0.0009940669359639288,0.00200531440978385
3004,0.0008302544383332134,0.0016304837948043053
3005,0.0008671490615233779,0.0017220270022596806
3006,0.0008906903630122542,0.001794786702790489
3007,0.000905166333541274,0.0015184058973642244
3008,0.0010455494816415012,0.0019517696832549083
3009,0.0008667291444726288,0.0017707597796026975
3010,0.0008858939330093563,0.0017503416612234019
3011,0.0008815350662916898,0.0018135742348146765
3012,0.0009478642721660435,0.0016296838046600149
3013,0.000893493618350476,0.0017921027714667254
3014,0.0008751054271124303,0.0017030645251172047
3015,0.0009252189937978983,0.001685541623897136
3016,0.0009407715359702706,0.0020536530048471608
3017,0.0010010830196551979,0.0025083478348814463
3018,0.0009124750131741166,0.0016326117042247971
3019,0.00091705949511379,0.0015645036729027147
3020,0.0009082314511761069,0.0021006226131360826
3021,0.0009391767904162407,0.0019129970149226385
3022,0.0008938729483634234,0.001719683523557774
3023,0.0008735035406425596,0.001521996694476637
3024,0.0008901377441361547,0.0019582759665503894
3025,0.0008452287339605391,0.0019069284341004613
3026,0.0008702681865543127,0.001686945190806299
3027,0.0009224649053066969,0.0018679575854274508
3028,0.0009172326792031526,0.001835502696874207
3029,0.0008935890719294548,0.0019726835586742993
3030,0.0008621772681362927,0.0015907864507338772
3031,0.0008874950790777802,0.0016643983050415368
3032,0.0009587929490953684,0.002473151119910691
3033,0.0010588351241312922,0.0020977120387227566
3034,0.000944627245189622,0.001570839256252328
3035,0.0008947666152380407,0.0016128850003627882
3036,0.0008856076281517744,0.0019418724098127999
3037,0.0008946775970980525,0.001920707683295828
3038,0.000844527049921453,0.0015497221675229399
3039,0.0008478976832702756,0.0017458877768622685
3040,0.0008937723329290748,0.0017738244304918262
3041,0.000841617975383997,0.0015871892842681033
3042,0.0008932059560902417,0.0015014623489537058
3043,0.0008805271028541028,0.0018791419466676778
3044,0.0008917178981937468,0.0018765210901221185
3045,0.0009052363375667482,0.0015088868557080015
3046,0.0009179676347412169,0.0017546820773245537
3047,0.0008397941384464502,0.0015733028181560643
3048,0.0009648985182866454,0.001730540662059841
3049,0.000937571267131716,0.002103096390882992
3050,0.0008936372748576105,0.0018920951063604388
3051,0.0009741385560482741,0.0015647577102717064
3052,0.0009100987773854285,0.0014723516133141844
3053,0.0008357781241647899,0.0020764199442753237
3054,0.0007847480569034815,0.0015493546076731323
3055,0.0009469021949917078,0.0016898996904747535
3056,0.000934541062451899,0.002157178082286495
3057,0.0008408472687005997,0.0016907877926650929
3058,0.000876917012501508,0.0015620727487520812
3059,0.0007876520953141153,0.0017554646753387092
3060,0.0009104548441246151,0.0019660460035482497
3061,0.0008932858542539179,0.0017219218553031143
3062,0.0008268722123466432,0.0015024103906822123
3063,0.0009077693405561149,0.0016371825014636532
3064,0.0007489920314401388,0.001751473007647142
3065,0.0009124445728957653,0.0018337473770833179
3066,0.00088423851353582,0.0018874332563926096
3067,0.000929336012341082,0.0014968725297702093
3068,0.0008467703079804778,0.00167208641754744
3069,0.0008834867877885699,0.0017156101354997451
3070,0.0009037450468167662,0.0016771301863179222
3071,0.0009457563166506589,0.0015743643377129346
3072,0.0010608386993408202,0.0023981988404507505
3073,0.0008999087405391037,0.0018113690798413264
3074,0.0008761345804668963,0.0015682441418454663
3075,0.000885462888982147,0.001615017368649579
3076,0.0008664396149106324,0.0022477495726453117
3077,0.0009111479669809342,0.0016437821817418484
3078,0.0009126948239281773,0.0017867609794723661
3079,0.0009356516366824508,0.0017487580683847813
3080,0.0009346598759293556,0.0016926747670218552
3081,0.0009007122344337403,0.001645866577347664
3082,0.0008307274105027318,0.0015682126682455817
3083,0.0009349353588186205,0.0020710545119969814
3084,0.0008612735965289176,0.0016761861505522713
3085,0.0008625668613240123,0.001455472884316967
3086,0.000942873009480536,0.0018743887505404753
3087,0.0009345933166332543,0.0016419310154622956
3088,0.0008785877097398043,0.0019299713001675802
3089,0.0008919431141112,0.0021128074635993945
3090,0.0009038855694234371,0.0018590587790902346
3091,0.000865328055806458,0.0016085417456414603
3092,0.0008419628906995058,0.0016638628328346635
3093,0.0008540980680845678,0.0023141278732210805
3094,0.0009815192385576666,0.002031099038479263
3095,0.0009670916595496237,0.0017279627771206098
3096,0.000889636417850852,0.0017504430573739825
3097,0.0008303047833032906,0.0015362270355020484
3098,0.000863774511963129,0.0018708426441538008
3099,0.0008503370289690793,0.0018678408384016933
3100,0.0008536143228411675,0.002112711633058035
3101,0.0008499947213567793,0.0014803420037847676
3102,0.0008936991519294679,0.0019983661692742614
3103,0.0009010889870114624,0.0017729564697468933
3104,0.0008673331863246858,0.0016029410364029751
3105,0.0008732195012271405,0.0019577089186808834
3106,0.0009272798779420555,0.0018867470502649268
3107,0.0009787464048713445,0.001502961178680193
3108,0.0009424499934539199,0.001485488887825241
3109,0.0010419121035374701,0.0016140202060341835
3110,0.0009420279855839908,0.002140300814062357
3111,0.0008218093984760345,0.0017650551098870905
3112,0.0008269741246476769,0.0016760575355426089
3113,0.0008714720094576478,0.0019250589945953185
3114,0.0008596536540426314,0.001683104164541176
3115,0.0009265338373370468,0.00203742819825468
3116,0.0009188206493854523,0.0018959375902091805
3117,0.0008821705053560436,0.0016785669076728495
3118,0.0008929253718815744,0.0016587514251674691
3119,0.000841844342648983,0.0016976311445644457
3120,0.000892967670224607,0.0016940069601756253
3121,0.0009375594649463893,0.0017344452861747513
3122,0.0008340955246239901,0.0019694124157093977
3123,0.0008024850464425981,0.0015851051151140095
3124,0.0008670984394848347,0.0016710340995851852
3125,0.0008681060094386339,0.0017483479962110112
3126,0.0008419703971594572,0.0018529132939875126
3127,0.0008157407562248409,0.0016919074146306678
3128,0.0008521103183738888,0.0016758853046555226
3129,0.0008809398766607046,0.0015516171857000215
3130,0.0009201157838106156,0.0018397700296689387
3131,0.0008482462423853576,0.002015205769965502
3132,0.0008799952873960137,0.0014478481527775118
3133,0.0008548360271379351,0.0019880061752277694
3134,0.0009132580156438053,0.0018081415368065442
3135,0.00086888512596488,0.0014924635785338405
3136,0.0009563541179522872,0.001661926262361342
3137,0.0008621844789013267,0.0019799603264115443
3138,0.0008858577185310424,0.0015629753374737012
3139,0.000851291959406808,0.0014707883564780836
3140,0.0009329213039018214,0.0017922418829921173
3141,0.0008772927382960916,0.0016772711413516983
3142,0.000835306728258729,0.0018208235030202833
3143,0.0008833644492551684,0.0015689426210185845
3144,0.0009390354319475592,0.0016969907295265017
3145,0.0008734237356111407,0.0017288148702977047
3146,0.000927357436157763,0.002231231565293792
3147,0.0008669820404611527,0.0017439539174306882
3148,0.0009031301829963923,0.0015072622113184977
3149,0.0008699780609458685,0.001983427340547516
3150,0.0008822554326616228,0.002268416896360378
3151,0.0008795240125618875,0.0016712221852822663
3152,0.0008606337010860443,0.001523705014372117
3153,0.0009378091525286436,0.0016603249361202732
3154,0.0009017350035719574,0.0017858360358194946
3155,0.0008660979103296996,0.001792885490680394
3156,0.0010190451378002763,0.0020601089839657693
3157,0.0008311360981315374,0.001664605195799919
3158,0.0008785779448226094,0.0018064825770075191
3159,0.0008014079288113863,0.0017240809959244647
3160,0.0008791700401343405,0.0018344927604680191
3161,0.0008443417516537011,0.0015353294032026236
3162,0.0009257765207439661,0.0015449690511322592
3163,0.0008176088170148432,0.0018777284796719681
3164,0.0009356071508955211,0.0018459485958598248
3165,0.0008719806931912899,0.0023020111687787593
3166,0.0009638232784345746,0.0015003154379609105
3167,0.0008389575383625924,0.0015075163060977851
3168,0.00099247308797203,0.001773602297299937
3169,0.0008866821462288498,0.0018255511388080578
3170,0.0009076691884547472,0.002198159637261335
3171,0.000901855998672545,0.0018712181266244143
3172,0.000845509897917509,0.0018492250971189918
3173,0.0008928038505837321,0.0016705016446082967
3174,0.0008662695228122175,0.00182412805877728
3175,0.0008538940525613725,0.0017004553866508888
3176,0.000820561908185482,0.0016051810202890471
3177,0.0008492626901715994,0.002205726556633025
3178,0.0009550758078694343,0.0019095530350730844
3179,0.0008922123024240136,0.0016977136782434297
3180,0.0009397737996187061,0.001546531982643351
3181,0.000924878518562764,0.0014794514488990177
3182,0.0009259276324883103,0.001956360421003136
3183,0.0008119116886518895,0.00163457432302506
3184,0.0008395306835882366,0.0016548833427057691
3185,0.0008736370084807276,0.0018468402032676625
3186,0.0008280438766814769,0.0017945344483301247
3187,0.0008615299663506448,0.0016761234170463804
3188,0.0008866313728503883,0.0019366423318749422
3189,0.0008546743891201913,0.0017032088514111223
3190,0.0008741516014561057,0.0021493775795583857
3191,0.0009387462958693505,0.0016898589610594185
3192,0.0009270437387749553,0.0015252617742764216
3193,0.000879451148211956,0.001534715859372526
3194,0.0009595633973367513,0.0018702056960598246
3195,0.0007936688349582255,0.001939397126640359
3196,0.000927846736740321,0.0016531479634242516
3197,0.000857297487091273,0.0015646167775641565
3198,0.0009279567492194474,0.0018879676441827865
3199,0.0009528351691551507,0.0023590679159260367
3200,0.0009535904368385673,0.001697649920920599
3201,0.0008524856436997652,0.0014762240270637485
3202,0.0009281413862481713,0.0017748386599123478
3203,0.000866694247815758,0.0017947192456930468
3204,0.0008539630705490708,0.002060661908902534
3205,0.0009479263867251575,0.0018175709865068737
3206,0.000811085692839697,0.0015721036637941861
3207,0.0008682993240654469,0.0018344585694474716
3208,0.000811905893497169,0.0018514398523695665
3209,0.0008945500454865396,0.0016816389325955143
3210,0.0008320550352800638,0.0015229939687231631
3211,0.0008620484243147075,0.0017435520900132722
3212,0.0009062142157927155,0.0019089623596774388
3213,0.0008871593116782606,0.001667856334466232
3214,0.0008461631834506989,0.0018024963569151212
3215,0.0008933461736887694,0.0017005122387909319
3216,0.0008588773384690285,0.0017379338068453825
3217,0.0008871838939376176,0.0017577641043965131
3218,0.0008182156970724464,0.001781951827443626
3219,0.0007944127800874412,0.0016537506662768452
3220,0.000864278213120997,0.0014287996431174752
3221,0.0009763334202580154,0.0016180531102653645
3222,0.0009094434650614858,0.0017870220177079717
3223,0.0008289570594206452,0.0018165540077710804
3224,0.0008079245081171393,0.0014440863941834398
3225,0.0008970111038070172,0.0016749387683525478
3226,0.000896134627982974,0.0016389431954961116
3227,0.0009190336475148797,0.00174619057151961
3228,0.0009219904174096882,0.0019493362394301858
3229,0.0008002484869211912,0.001723265689989067
3230,0.0008154714666306972,0.001959612286866528
3231,0.0009175972430966794,0.001869827177222461
3232,0.0008931285399012268,0.0015988720529904103
3233,0.0008372445032000541,0.0018011523308615162
3234,0.0009064235794357955,0.0019226817937236125
3235,0.0009336756414268166,0.0019831033806278283
3236,0.0008414442674256861,0.001598399062322019
3237,0.0008888012520037592,0.0015996343532755767
3238,0.0008215152251068502,0.001625541588036369
3239,0.0009415871324017644,0.0020174228726592782
3240,0.0008134488202631474,0.00190509698825748
3241,0.0008248233213089406,0.001916379176641572
3242,0.0008524289820343256,0.0017316461196296836
3243,0.000873898072168231,0.002397485300643395
3244,0.0009008858120068908,0.0016290612569818759
3245,0.0008885158970952034,0.0015323256997212971
3246,0.000893342092167586,0.0018525585047390364
3247,0.0008669776702299715,0.0018478049641500597
3248,0.0008665022253990174,0.002008744910971759
3249,0.0009418271738104523,0.0014829900217791126
3250,0.0008867998351342976,0.001757676043381838
3251,0.0009377298271283507,0.0014965709821920688
3252,0.0008779101725667715,0.001490890852188411
3253,0.0008243550802581012,0.0018148916480067658
3254,0.0008634164626710117,0.0015473158755786207
3255,0.0007850168959703296,0.0015102320108307552
3256,0.0009238135232590139,0.0017478613068081744
3257,0.00086270249215886,0.002118666847682979
3258,0.0008632044191472232,0.0019446810426777357
3259,0.0009227361506782472,0.0015297032803399105
3260,0.0008652719086967408,0.0017441555232524054
3261,0.0008043319312855601,0.0016308538902755061
3262,0.0008672164659947157,0.0016109539476567751
3263,0.0009242775500752032,0.0017258310881889847
3264,0.0009621290687937289,0.0017152773088788334
3265,0.0008479987317696213,0.00177456367735381
3266,0.0008620604174211621,0.0017668432428514305
3267,0.0008390467520803213,0.001782892099645448
3268,0.000826281855115667,0.0023465442745499825
3269,0.000896527876611799,0.0020052421047058824
3270,0.0008490854129195213,0.0021452463601958262
3271,0.0009236700925976038,0.0018124524503946304
3272,0.0009417311125434935,0.001674185152969336
3273,0.0008222453319467604,0.0016886832460454883
3274,0.0008521233592182398,0.0020136099487338983
3275,0.0009552175411954522,0.0018308592883691396
3276,0.0008733815653249621,0.0015786403841147685
3277,0.0009083885559812188,0.0019618821878955787
3278,0.0008676264714449644,0.001705382453048066
3279,0.0008549564378336072,0.0018354341234654596
3280,0.0008127008541487157,0.0016860596051005876
3281,0.000847017273772508,0.0018167018073878877
3282,0.0008322960906662047,0.0016206289092971853
3283,0.0008803091431036591,0.0023010017554441543
3284,0.000930490039754659,0.001842866453967274
3285,0.0008852241607382893,0.0015924184563990734
3286,0.0008128533069975674,0.001867743011257828
3287,0.0008947379095479846,0.0017071378557649377
3288,0.0009633780457079411,0.0019865778963757703
3289,0.0008604185981675983,0.0017098093673280658
3290,0.0007513045286759734,0.0020576672794373886
3291,0.0008791984431445599,0.001755193443586157
3292,0.0008682142430916428,0.0016996522740244048
3293,0.0008753265894483775,0.0016124047951339043
3294,0.0007967465976253152,0.0017425143032347504
3295,0.0008737126528285444,0.0017319818103864585
3296,0.0008916826848872006,0.0016476837152691736
3297,0.0008789255493320525,0.002019863983947937
3298,0.0009722764068283141,0.002612740139489713
3299,0.000990255302749574,0.002392832167472129
3300,0.000943382034311071,0.0016960269701348184
3301,0.0008904124656692147,0.001632598681656057
3302,0.0008798755239695311,0.0021128836343039387
3303,0.0008426076360046864,0.001622972962102049
3304,0.0009096136852167546,0.0014304879682827485
3305,0.0010628402442671358,0.0017295037970355112
3306,0.0009051599004305899,0.001973765047445689
3307,0.000859143640846014,0.0017870419709751868
3308,0.0009255570336245,0.0016209554558696403
3309,0.0007599916937761009,0.0017832639780252764
3310,0.0007867011474445463,0.0018423866888839905
3311,0.0008987393777351826,0.0015770483073102284
3312,0.0009299801476299762,0.0019475295820771015
3313,0.0008979348978027701,0.002137701594819353
3314,0.0009573861595708877,0.0016946213811074625
3315,0.000870586633682251,0.001496325046053692
3316,0.0008765866432804614,0.0019605327078638826
3317,0.0008616915112361312,0.0018863223544130588
3318,0.0008039997355081141,0.001809757406989189
3319,0.0008573510427959263,0.0022405166344793693
3320,0.0007698984118178487,0.001807590538304146
3321,0.0009679062711074948,0.001630576576221071
3322,0.0008094685245305299,0.0018621853118992015
3323,0.0008736609318293631,0.0017907449860789188
3324,0.0009022990055382252,0.0015312280658989737
3325,0.000977448560297489,0.001563084704087001
3326,0.0008693861332722008,0.0017477586189259405
3327,0.0008819439262151718,0.0015069154084800449
3328,0.000866612319368869,0.0017864548613967962
3329,0.0009125710208900273,0.0017566588413837837
3330,0.0009138653799891472,0.001794003122422385
3331,0.0008190110349096358,0.001590289159563102
3332,0.0008447442390024662,0.0017578241683236541
3333,0.0008491499349474907,0.0019827937924188294
3334,0.0009020753251388669,0.0015695244073867798
3335,0.0008672402100637555,0.0016642351609284748
3336,0.0008520855638198554,0.0015218944882029947
3337,0.0008479541470296681,0.0018546088560395045
3338,0.0007991368765942752,0.0018270456946569763
3339,0.0009916010149754583,0.002369004445252557
3340,0.0008633536705747246,0.0019136312073224212
3341,0.0010070055280812084,0.0015179553222268412
3342,0.000872206399217248,0.001837775264292547
3343,0.0008622040366753936,0.0019117085939298754
3344,0.0008820541156455875,0.0017941317342425862
3345,0.0008521249191835523,0.0015398670172905677
3346,0.0008806924568489193,0.002134887463323874
3347,0.0008425845066085458,0.001978151455572615
3348,0.0008358188881538808,0.0018818545640025236
3349,0.0008170111896470189,0.0017159203552219965
3350,0.000793117128778249,0.0019404688365247153
3351,0.0009054249804466963,0.0025762487776985724
3352,0.0009894716856069863,0.0018218919022442543
3353,0.0009107684879563749,0.0015094171003885058
3354,0.0008729993971064686,0.0016847989100911846
3355,0.0008219951414503157,0.0019604976939624303
3356,0.0008774074935354293,0.001891682753722145
3357,0.0007633531768806279,0.0017809210511001005
3358,0.0008158773672766983,0.0017586273638761207
3359,0.0008915782161056995,0.001819333603784238
3360,0.0009048742870800198,0.0017264887167472546
3361,0.00089048164896667,0.001774543896317482
3362,0.0008664152305573225,0.0022852746004315273
3363,0.0008545732963830232,0.002017154147822971
3364,0.0007941633253358304,0.0016510757037170537
3365,0.0008383115066681057,0.0015172672151804788
3366,0.0008925346261821687,0.0018200877709441806
3367,0.0008970096730627119,0.0019092436446106597
3368,0.0008043425250798463,0.0015342859838362018
3369,0.0008525575557723641,0.0016347789811608318
3370,0.0008343872427940368,0.0018335499111818124
3371,0.0008650923566892743,0.0018779227880072105
3372,0.0008312009274959564,0.0019841674358060915
3373,0.000867165164090693,0.0016694960745740426
3374,0.0008098232850898057,0.0016468883721693739
3375,0.0009175658761523664,0.0016391809602357345
3376,0.0009480597637593747,0.001765672117471695
3377,0.0008273777784779668,0.0016344321815118397
3378,0.0008365310891531408,0.0017555402655613749
3379,0.0008797233598306775,0.0018129687666995067
3380,0.0008782692695967853,0.0017917653073697057
3381,0.0008378074783831835,0.0015930390329903935
3382,0.0008722515543922782,0.002332424145345002
3383,0.0008892152947373688,0.0016177752061606679
3384,0.0007976905326358974,0.0018268212650532592
3385,0.0008778719510883092,0.0019196553589546517
3386,0.0009873738512396813,0.002729625042451367
3387,0.0009491706406697631,0.0016151459900381631
3388,0.0008612272958271205,0.0015291255190713357
3389,0.0008112224144861103,0.0018830682112746043
3390,0.000925739393569529,0.001709265455807725
3391,0.000845010825432837,0.0018339060336249333
3392,0.0009270779229700565,0.0021527284654240084
3393,0.0009781532967463136,0.0014890877000528248
3394,0.0008310027443803847,0.0019171433969821833
3395,0.0008603148744441569,0.002023996695978184
3396,0.0008864294667728245,0.002004983535112992
3397,0.0009252540441229939,0.0018118078220788747
3398,0.0010238189063966274,0.0015991860171397255
3399,0.0008042339282110333,0.001703229681780077
3400,0.0008056106837466359,0.0018708118658563862
3401,0.0008861513761803508,0.001687172388862053
3402,0.0007991637056693435,0.0016595377707981493
3403,0.0007990727992728353,0.0016595889648346053
3404,0.0008587123826146126,0.0014580522587344254
3405,0.0008251947606913745,0.001836791194414031
3406,0.0008678979054093361,0.0017367506348719335
3407,0.0008948959410190582,0.001550553876855602
3408,0.0009125207923352718,0.0017230091999246649
3409,0.0008278248086571693,0.002218987907550923
3410,0.0008891892759129405,0.0016984480356618966
3411,0.0008369178976863623,0.001664685933812432
3412,0.000850156145170331,0.002083686307991204
3413,0.0008580309990793467,0.0015053301411744667
3414,0.0008074204833246767,0.0016867222124072787
3415,0.0008932529296725989,0.0018807180378943274
3416,0.0008180973445996642,0.0015354447532445192
3417,0.0009030400984920561,0.0020622698628432945
3418,0.0008222754776943475,0.0016324874141240772
3419,0.0008297265390865505,0.0020213585142811684
3420,0.0009198173228651285,0.00204687915767913
3421,0.0008424355648458004,0.001573044742929609
3422,0.0009087864053435624,0.0020177988016544138
3423,0.0009238817263394594,0.0020001872685061744
3424,0.0008872631541453302,0.0019815907851882175
3425,0.0009752587391994894,0.002092513306806349
3426,0.0008865315048024058,0.0017344945505873798
3427,0.0008104022452607751,0.0016238693058592815
3428,0.0008591625140979886,0.0016919186096383285
3429,0.0008687728410586715,0.0015042661338381164
3430,0.0009669392881914974,0.0017429143636908434
3431,0.000847892991732806,0.0018531323270234343
3432,0.0008847870584577322,0.001565950728110867
3433,0.0008309472585096955,0.0018277636805727874
3434,0.0008936526230536401,0.0016624186002993828
3435,0.0008510955434758216,0.002095409515887907
3436,0.000979868625290692,0.0017588730544260103
3437,0.0008611201145686209,0.001938699068476076
3438,0.000981279332190752,0.0014566543531183101
3439,0.0008897917997092009,0.001640981656486449
3440,0.0009179162001237273,0.002071399592526563
3441,0.000869477151427418,0.0019513112492859364
3442,0.0008548789471387863,0.0018156548413409762
3443,0.0008864710130728781,0.001497361362490752
3444,0.0009009085653815419,0.0016043836742078196
3445,0.0008632460027001798,0.00202619598234353
3446,0.0008258690708316862,0.0019704415718067997
3447,0.0007762204227037728,0.0017786746819133629
3448,0.0008191400882788003,0.0016651609147044077
3449,0.0007834024494513869,0.0019144744050931441
3450,0.000867531078401953,0.001972076719090955
3451,0.0008383059222251177,0.001958513830163299
3452,0.0009352291841059923,0.0018020738745490982
3453,0.000850100670941174,0.002203870634867312
3454,0.0009704845282249153,0.0018607157359078323
3455,0.0009002929320558906,0.001433624452209636
3456,0.0009723310219123959,0.0015171268661442684
3457,0.0009457761980593204,0.002033057533306618
3458,0.0008796190237626433,0.0018974018079062848
3459,0.0009171985439024866,0.0014926764878048881
3460,0.0009187593730166554,0.0021317399055888393
3461,0.000884796385653317,0.0016884069079660799
3462,0.0008440881641581655,0.0017750680331804164
3463,0.0008705143840052188,0.0015253279970525062
3464,0.000996498428285122,0.001980098825560449
3465,0.0009611093462444842,0.0022871961740598286
3466,0.0008674366539344192,0.0016497211683898757
3467,0.0009100431017577648,0.0015809941328806829
3468,0.0009880451718345285,0.0015183581319982058
3469,0.0008310287119820714,0.001802229379903372
3470,0.0008415565965697169,0.0016024311691879818
3471,0.0008185616880655289,0.0016414093568104587
3472,0.0008320618001744152,0.0015515202452262788
3473,0.0009234707290306688,0.0016877858433872461
3474,0.0008285650075413286,0.0020768254395727424
3475,0.0009377425536513329,0.0014508486093876706
3476,0.0010345440334640443,0.001882871466191256
3477,0.0008972646715119481,0.0021244515026983333
3478,0.0009777121990919113,0.0015594008799693355
3479,0.0008690562704578042,0.0016805936378260999
3480,0.0008869565767236054,0.001907208902531699
3481,0.0007723371614702046,0.0019008152518574506
3482,0.0009021457191556692,0.0016375539333189596
3483,0.0008579287980683148,0.0018877480880752817
3484,0.0008468592469580472,0.0015752486157396884
3485,0.0009182406263425946,0.0016611574683338404
3486,0.0008847922645509243,0.0020381048168629816
3487,0.0007988250919152051,0.0016416989056367989
3488,0.0008558960375376046,0.0015383530918457737
3489,0.0008446053741499782,0.0024621926171526517
3490,0.0010050887195393442,0.002123749687349143
3491,0.0009631437715142965,0.0015878325219789188
3492,0.000867396048270166,0.001941866477415578
3493,0.0008393330662511289,0.001820912246579585
3494,0.0008837967459112406,0.0018599166866544992
3495,0.0007724214415065944,0.0017211142391578792
3496,0.0008343764499295503,0.0017447732006237932
3497,0.0008705398277379572,0.0020128391006935947
3498,0.000929845841601491,0.0015250530431991163
3499,0.0008686840767040849,0.0018185331192735123
3500,0.0008515183662530035,0.0015135005735218117
3501,0.0009670569933950901,0.0016673156602486764
3502,0.0010243116482160986,0.001833606371018168
3503,0.0008937620185315609,0.0020032770459680526
3504,0.0009491053782403469,0.0019508518648576247
3505,0.0009205639967694878,0.0015261459853244971
3506,0.0007974693481810391,0.0023997775948772283
3507,0.0009836647170595825,0.0019000348545712966
3508,0.0008969689859077334,0.0015914183562902146
3509,0.0008848015335388481,0.0017822206096902286
3510,0.00083809683797881,0.0019382894587741323
3511,0.000770621607080102,0.0016717565762619042
3512,0.0009721669857390225,0.0015920427442872769
3513,0.0008627869270276278,0.0019820139947513194
3514,0.0008661266509443522,0.0014717981972004453
3515,0.0008400300424546003,0.0017551041195449763
3516,0.0008853142359293997,0.0016291723108199769
