epoch,train_mse,validation_mse
1,0.987460211912791,5.384583230952771
2,1.483509329954783,4.644455960968084
3,0.9210856159528097,4.107356895131675
4,1.2377805352210998,3.6274331535337963
5,1.7423158327738444,3.2259099808527014
6,1.5386123498280844,2.859287054784465
7,2.6041650970776877,2.561871819203578
8,0.6844159086545308,2.350633167691681
9,0.9397175232569377,2.225974556242459
10,0.7416593670845032,2.1404915820257138
11,1.0278618156909942,2.0329092176554844
12,0.6287020087242127,1.9036758939915321
13,0.6890458464622498,1.794959219815264
14,1.2915811647971471,1.6917345121786085
15,0.6781522075335185,1.5954328159534792
16,0.5943002998828888,1.5203424741824467
17,0.5277236441771189,1.4472726845558275
18,2.0451037565867107,1.377806729217719
19,0.7856232762336731,1.2992080050297299
20,0.7618150671323141,1.2500264801912837
21,0.720513125260671,1.1872799995175578
22,0.7914548913637797,1.1399653436757669
23,8.272968780994415,1.0985828754846116
24,0.8652347246805827,1.0758975898487526
25,1.078850617011388,1.0559354722499847
26,0.6709908246994019,1.0324337410996531
27,0.6954462726910909,1.009503243088025
28,0.6265866080919902,0.9884674305107162
29,2.084111620982488,0.9741360174807888
30,0.979921833674113,0.9634235792341288
31,0.5724786261717478,0.942963663248988
32,0.816106915473938,0.9162885547555678
33,1.4958053867022196,0.9096651941712139
34,0.7381466388702392,0.9017292363950383
35,0.736749815940857,0.8813108265051368
36,1.63467937707901,0.8689345918726503
37,0.7786151051521302,0.8640908307847921
38,0.9928515593210856,0.8613450212611092
39,0.6629457245270411,0.844218120937459
40,0.8697190165519715,0.8309233524123131
41,0.8958825727303823,0.818544723659928
42,13.666130912303924,0.8430130798914279
43,0.5914114872614543,0.8485694318486933
44,0.8853595077991485,0.8448020765307354
45,0.6995360692342122,0.8299083300152718
46,1.2067422529061635,0.8183238476689099
47,0.5687652508417765,0.8015559526563388
48,1.299823025862376,0.7945954763052756
49,0.544346284866333,0.786497957350915
50,0.7014286835988363,0.7763434373147307
51,0.7646492143472036,0.7662826499395203
52,0.6401727120081584,0.7574580599341476
53,0.5631538391113281,0.7451445789713609
54,0.7233000040054322,0.730113162631877
55,0.4568159659703573,0.7150279276552256
56,0.6640207886695861,0.7026342502114369
57,0.5385684688886007,0.689169425539106
58,0.7999342600504558,0.6765967996148338
59,0.7775488932927449,0.6620581062913639
60,0.534932283560435,0.6480293493521841
61,0.5831980168819427,0.6350028997624827
62,0.8574148952960968,0.6207522068455903
63,0.6645511955022811,0.6050929892481419
64,0.7346421519915263,0.5945304780327089
65,0.5647417624791463,0.5853452030678241
66,0.5449114580949147,0.5722509284465633
67,0.5819247802098592,0.5592278238625554
68,0.626921280225118,0.5442225481683051
69,0.7139081497987111,0.5288180140723959
70,1.90562583381931,0.5243571147932644
71,0.5702137917280197,0.5244203058251163
72,0.6126404762268066,0.5241152086453131
73,0.5535537004470825,0.5242067683509916
74,0.6529094735781352,0.5164378261008458
75,0.5955132027467092,0.5044640083062021
76,1.1589061141014099,0.4991252528645142
77,0.5930705626805624,0.4971146792696233
78,0.9886121610800426,0.4961480146263078
79,0.6808822949727377,0.4941498715626566
80,0.6119250565767288,0.4915588208806445
81,0.6624264220396677,0.4916563511591906
82,0.47988843321800234,0.4904709892314777
83,0.8962599734465281,0.4862897321146134
84,0.41025971472263334,0.4816471739122045
85,0.5459963103135427,0.47660144989253483
86,0.43343422611554466,0.4663815705748329
87,0.5245207995176315,0.455545889703851
88,0.449875936905543,0.446209614736992
89,0.551494280497233,0.44269598419206185
90,0.8352630396684011,0.43693527317883674
91,0.4230821351210276,0.43041663037406075
92,0.9300572303434212,0.42594650928039995
93,0.4987691730260849,0.4212891609348052
94,0.37504987319310507,0.41514489263818977
95,0.43280316988627116,0.4088549960774985
96,0.4801240662733714,0.4056443185137029
97,0.42328490018844606,0.3978362833721596
98,0.7254517594973247,0.3932748870020024
99,0.7328784798582395,0.3911163236139811
100,0.6481772601604462,0.39394339587953353
101,0.6074694474538167,0.39258902533012524
102,0.4472030758857727,0.3902622172009875
103,0.625620702902476,0.3845048675760191
104,0.5298213084538778,0.3781727954135304
105,0.5975016792615254,0.37047951524717765
106,0.6624905109405518,0.36931514208428345
107,0.5424607376257579,0.36717515112015237
108,0.48664625684420265,0.365390767915207
109,0.6081768790880839,0.36284408435138343
110,0.6856154769659042,0.36378445977356
111,0.4302101562420527,0.36148344372448166
112,0.529939575990041,0.3603671039754187
113,0.591185349225998,0.3544272942501202
114,0.8289379427830378,0.35403901582572894
115,0.8076019128163655,0.357217881588908
116,1.9468505402406058,0.3718754884443785
117,0.36828156809012097,0.37724129324070893
118,0.6544766823450724,0.380551267611353
119,0.5878030856450399,0.37973676961764957
120,0.6506769021352132,0.37138364311547306
121,0.3813617984453837,0.36282681041990805
122,0.39368211328983305,0.35677717181674223
123,1.1054578204949697,0.35455578251888875
124,0.8891889373461406,0.3582950365125087
125,0.413848884900411,0.3589717812008328
126,0.9060212830702464,0.36131730989405986
127,0.5163690348466238,0.36450269853162487
128,0.46135185758272806,0.3654864284030178
129,0.5274837652842204,0.36654036487752234
130,0.516161851088206,0.3685002316508377
131,0.8675008614857992,0.3673146862035606
132,0.4972369889418284,0.35848443288552134
133,0.5486001114050547,0.34898828763013695
134,0.6045996189117432,0.3415954470285895
135,0.6736165722211201,0.3374238608524813
136,0.4057207783063253,0.33224727570662027
137,0.6928137540817261,0.32874142391639843
138,0.6297747900088628,0.33308881678079305
139,0.6155246575673421,0.32973663709317036
140,0.48320815215508145,0.31946180072444225
141,0.7177973866462708,0.31094410109241105
142,0.46853647828102113,0.30175126470320407
143,0.5979623039563496,0.2979511927094376
144,0.4199131190776825,0.29337002153982195
145,0.47165109515190123,0.2910487097606324
146,0.6050288518269856,0.2908533497860557
147,0.35815674662590025,0.2960672082259641
148,0.6681793491045634,0.30131315069589
149,0.4942910850048065,0.30136412364697596
150,0.4186021566390991,0.29888900155909576
151,0.5429899493853251,0.297509807592247
152,0.5169984757900238,0.2982581787639194
153,0.43191282947858173,0.2963435205451229
154,0.4703024089336395,0.2931737183478841
155,0.6425616602102916,0.28952141358838446
156,0.42424463828404746,0.2852842108896601
157,0.51846684217453,0.28339143419823454
158,0.5085722923278808,0.2815369533167945
159,0.5182315150896708,0.28204353998976145
160,0.45346783796946205,0.27814934685913445
161,0.890782842040062,0.2766762189349236
162,0.399343807498614,0.2759439354402977
163,0.4051901027560234,0.27014056928673685
164,0.3876833975315094,0.2638802483067875
165,0.958092245956262,0.27342525298832454
166,0.8145062476396561,0.29040822404169897
167,0.40680738488833107,0.2991399425163604
168,0.36299236913522087,0.2957724155041209
169,0.3583616336186727,0.2900885814114621
170,0.4933337946732839,0.28397374787525825
171,0.6527289877335231,0.2829736232409003
172,0.40528637369473774,0.2834718865260743
173,0.5859077433745067,0.280088833723849
174,0.3636719673871994,0.277945549864518
175,0.5743951082229615,0.2770206644172557
176,0.35640888412793476,0.2737006738520505
177,0.47250764767328896,0.2675674301490449
178,0.6812487026055654,0.2618241094009221
179,0.43603682120641074,0.26442057905141375
180,0.7041593780120213,0.2621149554935812
181,0.5739581932624181,0.2595912179751703
182,0.41139567295710244,0.25981410536152577
183,0.4584205528100332,0.2594906328714382
184,0.481172343591849,0.2584406728284401
185,0.3264941612879435,0.25830743919339094
186,0.3584549685319265,0.2562869551934694
187,0.6093468228975932,0.257949264600263
188,0.40030063192049664,0.25838979242140786
189,0.4158959835767746,0.25229931714241965
190,0.37600031395753225,0.24866648114215562
191,0.40062821507453916,0.24561045654335914
192,0.4674359897772471,0.23862341935174508
193,0.4914618949095408,0.23086653379668967
194,0.36617402533690135,0.22531707889852468
195,1.1116362432638804,0.22845106950977392
196,0.40447229941685997,0.2485654355838285
197,0.38818700512250265,0.25374948786713225
198,0.4891503512859344,0.2510618480325442
199,0.37955116629600527,0.24568497245771842
200,0.5447315235932668,0.23805814144904153
201,0.6205319086710612,0.23050906696514775
202,0.48850228389104206,0.2233673578117326
203,0.3338835428158442,0.21799456201798734
204,0.3911159853140513,0.21111197499503867
205,0.5598097920417786,0.2075400333306943
206,0.4759075740973155,0.2058206704276347
207,0.4331386643151442,0.20181729239329957
208,0.46401665012041726,0.19992816387212764
209,0.4108495473861694,0.19689377183802645
210,0.6158193627993266,0.19445214599196675
211,0.44403587381045023,0.18966527875752476
212,0.4113621711730957,0.18333842923418123
213,0.48059552411238354,0.18077643755932302
214,1.133166320125262,0.1823424389313536
215,0.55418541431427,0.19071731267616762
216,0.4202909588813782,0.19349054556492476
217,0.464386992653211,0.19218457389993276
218,0.3623683830102285,0.1912695366388176
219,0.5910658280054728,0.1933677205216815
220,0.4739818920691808,0.21667796251369498
221,0.5037519524494807,0.2267800350809655
222,0.4469077448050181,0.22737294592355428
223,0.6193402171134949,0.22810234904986376
224,0.5355129659175872,0.2333745262776202
225,0.5993161936601002,0.23046698913588162
226,0.44967437187830606,0.22298656203593428
227,0.7733637809753418,0.22398124809502162
228,0.46969415148099264,0.22512695785851505
229,0.34747688968976337,0.2195782597824844
230,0.4156350910663605,0.21359799096458837
231,0.5932333072026571,0.21889819544658326
232,0.53392107685407,0.21626153867147122
233,0.45236499309539796,0.2121645234830198
234,0.357663102944692,0.20960431837896157
235,0.368030838171641,0.20897654709760208
236,0.38412947952747345,0.2080864893239841
237,0.37070375283559165,0.20553440761845015
238,0.4008785903453827,0.20158576250773425
239,0.4872825185457865,0.2002637889998698
240,0.35519930919011433,0.19819635501381946
241,0.3455610414346059,0.19329057259169238
242,0.2822750449180603,0.19291353643986217
243,0.3541376014550527,0.19069490551251417
244,0.48733002742131554,0.18980911888225735
245,0.3698900123437246,0.18988004710242065
246,0.41563180163502694,0.19017183371106086
247,0.31643296480178834,0.18899137452680465
248,0.42113627642393114,0.18694562617449734
249,0.3345357815424601,0.18493854720690098
250,0.41807351311047874,0.18013793735476266
251,0.2816561092933019,0.17682825403603894
252,7.726291918257872,0.19750022591903196
253,0.384975802898407,0.22487479640029326
254,0.3717598875363668,0.23398066333859985
255,0.6101603706677755,0.236246796553595
256,0.3666317045688629,0.2337208742286727
257,0.419277548789978,0.2262505040182705
258,0.4138344665368398,0.21578897919222625
259,0.4065403739611308,0.20444542727275203
260,0.3818721155325572,0.2016996523441627
261,0.6029033978780111,0.20373152083123636
262,0.5149775733550389,0.2089414277620483
263,0.3044485092163086,0.21176131758076405
264,0.3809099386135737,0.21420045676287156
265,0.46557032664616904,0.2225309114532861
266,0.4284294734398524,0.22986369889382033
267,0.4421434919039408,0.2299065714516835
268,0.3170595427354177,0.22776345499077735
269,0.38532178898652397,0.21983688215763247
270,0.5462046990791957,0.2164007540334735
271,0.21551060875256856,0.21460938680241679
272,1.757277363538742,0.2199521735746261
273,0.4218307365973791,0.22779421804592623
274,0.3061444918314616,0.2261285641562869
275,0.5190906922022501,0.22207105482182307
276,0.537778784831365,0.2315729704865238
277,0.3337051252524058,0.23334924571695384
278,0.6517432421445847,0.24084382865861145
279,0.2848092665274938,0.2428719105950573
280,0.43751739263534545,0.24234671350459605
281,0.42411863058805466,0.2468829487848003
282,0.46321680148442584,0.25107153605299387
283,0.35893042385578156,0.24959293295416915
284,0.37485320965449015,0.24579507251929122
285,0.8023392955462137,0.2457663468275851
286,0.32424505849679314,0.24473199457453007
287,0.32102422416210175,0.2396322424300233
288,0.3181272844473521,0.2341244024665732
289,0.4425778170426687,0.22786161495231047
290,0.7454836765925089,0.22808665786570276
291,0.3099083041151365,0.2242115849291372
292,0.4003300661842028,0.21921074982972172
293,0.5333549817403157,0.22216669753280996
294,0.4790822207927704,0.2251091806860695
295,0.35493600914875667,0.22255921538113155
296,0.35004964073499045,0.21840485355310274
297,0.42445310155550636,0.2178350589428729
298,0.3588418930768967,0.21979197214918528
299,0.41813462525606154,0.21998575085784958
300,0.32694355919957163,0.21653964496843997
301,0.3164345572392146,0.2127161735331106
302,0.3738373279571533,0.20673293589848524
303,0.6999701415499051,0.2040400438838535
304,0.24429241418838502,0.20771120410216481
305,0.47904676844676336,0.20551665981262052
306,0.5703482409318288,0.20695527464325664
307,0.33007443795601527,0.20837386004757463
308,0.33858676652113595,0.20668249128506197
309,0.3097593069076538,0.20289016589086656
310,0.4032672743002574,0.1947659938133251
311,0.6363632420698802,0.19433566439918606
312,0.3050143986940384,0.19053450601491315
313,0.341773647069931,0.18689390581253676
314,0.3367149184147517,0.18363270939093584
315,0.3181183718144894,0.18303661301122073
316,0.3269517501195272,0.18600090641027306
317,0.5712458918491999,0.18923294997354698
318,0.30774167279402415,0.1968953121475309
319,0.2590126653512319,0.19945199683047177
320,0.40858195821444193,0.19824566025482981
321,0.34063664774099983,0.20063640212106426
322,0.34295413494110105,0.19982680216518758
323,0.4603971838951111,0.1983549640192623
324,0.3896431555350622,0.19401231721827858
325,0.295362851023674,0.18795506455744918
326,0.40752752820650734,0.1791223927199492
327,0.2766191194454829,0.17042509235485256
328,0.310552633802096,0.16388854942126582
329,0.28084490398565926,0.15651946859053004
330,0.34903741677602135,0.15041629177087928
331,0.40438341001669564,0.14807697032627307
332,0.2972291131814321,0.1454458801369918
333,0.2973598966995875,0.14107541086380943
334,0.291757936278979,0.13855205275859053
335,0.35890856782595315,0.1359441071225886
336,0.3017462074756622,0.13515810712039122
337,0.27200662195682523,0.1367193762844766
338,0.3367105652888616,0.13598048399414933
339,0.4416074469685555,0.13288376955261008
340,0.23694086770216624,0.13385121341337236
341,0.2771396001180013,0.13312538769858623
342,0.32936808963616687,0.13460288497439601
343,0.2520423243443171,0.13385514557710168
344,0.2681316316127777,0.1327636239298603
345,0.5836891601483027,0.13199301891856724
346,0.29738426009813945,0.1335423286372458
347,0.27555205126603444,0.13426924536102697
348,0.31625708838303884,0.1338676629010697
349,0.3405655125776927,0.13140873671972264
350,0.4475290089845657,0.13052323748145186
351,0.3593358804782232,0.1292774035916691
352,0.4134446163972219,0.12837793098555672
353,0.32873473862806957,0.13225564282191427
354,0.3561546583970388,0.1345551140301409
355,0.5013127197821935,0.1355075146022596
356,0.3535793324311574,0.13692113173286818
357,0.5032257020473481,0.13771008591205752
358,0.2731864412625631,0.13620290613313865
359,0.24309652745723725,0.13518137506574218
360,0.3471856911977132,0.13360595066993558
361,1.139565971493721,0.13712842562045272
362,0.3778108313679695,0.14545580579174888
363,0.29902629951635995,0.14616938179347946
364,0.3593215823173523,0.14384587527367107
365,0.4462673010925452,0.14302408181087314
366,0.6111593753099441,0.1462878415807646
367,0.246376962463061,0.14738290935580495
368,0.435195255279541,0.14516059104462117
369,0.2512570823232333,0.14182056565033763
370,0.31740688532590866,0.14056870228017282
371,0.19000923136870065,0.14024009385652708
372,0.40183093895514804,0.14245020219108515
373,0.3632113794485728,0.14686832677202616
374,0.36915559669335685,0.14584212493129642
375,0.30071269869804385,0.14342452167418965
376,0.9626825193564097,0.1522688339328208
377,0.427684772759676,0.15809840207908585
378,0.35003877282142637,0.1582691148359176
379,0.37229476173718773,0.1543664670827096
380,0.2930098136266073,0.14817977178166483
381,0.29139105081558225,0.14289493562533842
382,0.239982004960378,0.1377554020860739
383,0.637603356440862,0.1450748949023018
384,0.30870852470397947,0.1485467591480902
385,0.2387449065844218,0.15019232635958152
386,0.40030651340881984,0.14840620433726506
387,0.34642936786015827,0.1529899536691911
388,0.5069441050291061,0.15993238445262462
389,0.2026031663020452,0.16371484911232664
390,0.32583369612693786,0.16706202532115735
391,0.36629960089921954,0.1684681371464367
392,0.43465068340301516,0.16828738118124287
393,0.39574817617734276,0.16460518495381227
394,0.5336579918861389,0.1631499361573604
395,0.19137532065312068,0.1575790232385111
396,0.24053034223616124,0.15004545563494254
397,0.4187608321507772,0.15270810918501246
398,0.9042826284964879,0.17218234420519823
399,0.270691845814387,0.18668506107135127
400,0.3555585201829672,0.1882306909874866
401,0.3219557344913483,0.18744490805425143
402,0.2842811971902847,0.18168752322420043
403,0.39391623040040336,0.17980255508980555
404,0.3241334577401479,0.1764025133081347
405,0.27901015281677244,0.17274549620890478
406,0.22436841924985249,0.16856946146976182
407,0.19205043415228526,0.16544617808353135
408,0.26723920603593193,0.16553566182217402
409,0.1650729864835739,0.16733044403338293
410,0.2215231825908025,0.16593332780383482
411,0.3547745366891225,0.1670582556759405
412,0.24846781839927037,0.1686362245975182
413,0.3030557205279668,0.16612591642385338
414,0.3256316522757212,0.16478988197114733
415,0.1973354568084081,0.1622354545091328
416,0.42443434000015257,0.15938459275758754
417,0.4567780375480652,0.1594018150142759
418,0.29048676987489064,0.1645943646193945
419,0.2597251186768214,0.16179813836750231
420,0.3265221301466227,0.15628590116723937
421,0.25333976397911706,0.15246179699897766
422,0.23014911065498989,0.14696742568099708
423,0.8339510192473729,0.14411654318982398
424,0.27181866268316907,0.14505687835272293
425,0.2587564547856649,0.14623086816734737
426,0.4552037209272385,0.14539438102677552
427,0.1995894879102707,0.1478524499992181
428,0.36634673873583473,0.15096046230946367
429,0.28351198385159176,0.15677204536415681
430,0.286843940615654,0.15818415773890868
431,0.3393824353814125,0.15596050172172793
432,0.3306788702805837,0.15223290034902026
433,0.25228707591692606,0.14977063273477276
434,0.2611174151301384,0.14733963629655672
435,0.35800813337167103,0.14287468015450483
436,0.27839657068252566,0.14052741822094944
437,0.21831626693407694,0.13659059914231997
438,0.2513075987497965,0.1314633545296931
439,0.2741357778509458,0.12810808803602966
440,0.3816823129852613,0.12792265214766677
441,0.3230608185132345,0.1269798127182743
442,0.29814930210510887,0.12534651752800968
443,0.29303692976633705,0.12401605244965581
444,0.22583618760108948,0.12708218639705612
445,0.27791984875996906,0.1314147870268738
446,0.2574482043584188,0.13061947580318004
447,0.3014370818932851,0.13302806786626403
448,0.23193392977118493,0.13202625922640862
449,0.3538612554470698,0.13099349991619935
450,0.3141528844833374,0.12649789975400558
451,0.15799374580383302,0.125177702098562
452,0.5733239054679871,0.13405438299067537
453,0.5056089594960212,0.14133993601589873
454,0.2673752784729004,0.1474051250700365
455,0.282561161617438,0.15334177574916194
456,0.34774500826994575,0.15822121762392813
457,0.29390094180901843,0.1613355844515806
458,0.4450421750545502,0.16239274680963037
459,0.47224780966838203,0.1659645679575658
460,0.2762066572904587,0.16731805550424675
461,0.23203080917398136,0.16808534609644035
462,0.19014035960038503,0.1697443073604539
463,0.32472506860891975,0.16829487803386667
464,0.23326009412606558,0.16999119398189566
465,0.26597767968972524,0.17140271458012318
466,0.32880839407444,0.17266403278063613
467,0.33932409932216007,0.16757295459334615
468,0.25936749478181204,0.16695936416324816
469,0.24061921040217082,0.1613423455702631
470,0.22253348678350449,0.15629901453765513
471,0.27243727644284566,0.15561287959068143
472,0.21265586117903393,0.15135692974977327
473,0.31539358496665953,0.14609888370274104
474,0.2250833084185918,0.14327351496233579
475,0.2573665643731753,0.14536172761554605
476,0.24794134100278217,0.14868371842200295
477,0.23683683574199677,0.15100022958733186
478,0.49343688090642296,0.14834636362672549
479,0.22038543423016865,0.14409869107586598
480,0.318818927804629,0.1396855073191269
481,0.24110960563023884,0.13757487460535173
482,0.2371391552189986,0.13554814388180336
483,0.3871932357549667,0.13428548640675014
484,0.1679963141679764,0.13054485505784463
485,0.23881357312202453,0.12656701081677488
486,0.19938668608665466,0.12298120854542269
487,0.16463170448939005,0.1203155853943518
488,0.2287806451320648,0.11496536058989185
489,0.25306799411773684,0.1143034326228482
490,0.2646110624074936,0.11758549677001105
491,0.20623923788468043,0.12005201923219781
492,0.19919014871120452,0.12137079753025233
493,0.5614667495091756,0.12924661282558889
494,0.17702285846074423,0.1308567036836468
495,0.3430509308973948,0.13416578276464117
496,0.5564302245775858,0.14165182228673967
497,0.12941107153892517,0.1428734020531526
498,0.2055477261543274,0.14092037447711878
499,0.2668466766675313,0.1409951888504084
500,0.2820801123976707,0.13767152161974655
501,0.17889703412850697,0.13331735770256198
502,0.22840983072916668,0.13038748982008438
503,0.19750891327857972,0.12695338799242387
504,0.3989342858393987,0.12547324989971362
505,0.24440222283204396,0.1277798194634287
506,0.23059885203838348,0.13018081132431478
507,0.2135920226573944,0.12783191261584298
508,0.18622290194034577,0.12551383517290415
509,0.40728617608547213,0.1296700123283598
510,0.27896581689516703,0.127732656939685
511,0.2775302449862162,0.13015702776392998
512,0.24762285550435384,0.13379779388332924
513,0.17850273648897808,0.1352043420250653
514,0.3697736104329427,0.13689666690185057
515,0.264914932847023,0.14282195470486467
516,0.2134221096833547,0.1413598224433542
517,0.2147591898838679,0.1369380552692023
518,0.5563592918217182,0.13616140587636602
519,0.2549176906545957,0.13940933146323378
520,0.2741387406984965,0.14282234840922886
521,0.14820211132367453,0.1490095275187353
522,0.25305554022391635,0.1476402278357779
523,0.13121335158745448,0.14417599028314065
524,0.21174388378858566,0.1402556274020881
525,0.3780521740516027,0.1378999422168174
526,0.26710036198298137,0.14367594521993782
527,0.5275034954150518,0.15269841645893298
528,0.344322694838047,0.1637036913668203
529,0.29030293226242065,0.16151393976127892
530,0.23446745003263156,0.15756683774858887
531,0.20490686396757762,0.1589963232216082
532,0.28631174713373186,0.16094994161561219
533,0.17841092546780904,0.15956738451768082
534,0.3845916261275609,0.15800629155329096
535,0.4282210240761439,0.1657275857284055
536,0.29436326573292415,0.17358510884625172
537,0.2995455006758372,0.17227492189546775
538,0.3039776563644409,0.169974191321267
539,0.1906361366311709,0.16530967656283352
540,0.21251785854498545,0.16004856200943215
541,0.18273777961730958,0.15373669486296804
542,0.1455022359887759,0.1472769399658281
543,0.2468879555662473,0.14104557002496998
544,0.19085720603664716,0.13492007919570856
545,0.1834317276875178,0.13301033653013888
546,0.14986837953329085,0.1308033447168027
547,0.18784618601202965,0.12408457809721517
548,0.2841438869635264,0.12330306857301478
549,0.20268457780281704,0.1299886824617609
550,0.20111550788084667,0.13128201628637592
551,0.15956990718841552,0.13160897834956298
552,0.18147920668125153,0.12479166390254484
553,0.22948910196622213,0.12086211371491527
554,0.20659133071700733,0.1191025191580343
555,0.23429319858551026,0.11775893452223281
556,0.3201446990172068,0.11674096265382934
557,0.2454813132683436,0.11692242855914155
558,0.19728425939877828,0.11367790732118818
559,0.2808480650186539,0.11398189266522725
560,0.2023006409406662,0.11472437909820624
561,0.3034786880016327,0.11830505807148783
562,0.28430822988351184,0.12209708308964445
563,0.12371599028507868,0.1244508291197102
564,0.1703525500992934,0.12313648152072527
565,0.24216121037801105,0.11994234424585487
566,0.355742883682251,0.11769694830590521
567,0.25194506645202636,0.11477288481784843
568,0.2187709778547287,0.1111299815582253
569,0.280474258462588,0.11138736556845101
570,0.20436926037073136,0.11348344873615175
571,0.14565488050381342,0.11195949809244501
572,0.20832804242769878,0.11317120597027895
573,0.1814082955320676,0.11852471269013588
574,0.25366882781187694,0.12471779509943132
575,0.27135984202226004,0.13305529978191644
576,0.15184612870216369,0.13321714713210947
577,0.31952600280443827,0.12765059772639248
578,0.23610334595044455,0.11550236645846339
579,0.21547698279221852,0.10863834514952543
580,0.24508012334505716,0.10366976853699712
581,0.24284606128931047,0.10212841202989656
582,0.236859800790747,0.10092183346288246
583,0.21988855997721354,0.10045267902968223
584,0.16849494576454163,0.10130283881349174
585,0.3256046543518702,0.09933736624076353
586,0.1568995902935664,0.10005390356507218
587,0.1799027641614278,0.10407608808481206
588,0.2148830349246661,0.11584988245141437
589,0.36144747336705524,0.12478198564192008
590,0.20031662732362748,0.1191888368792004
591,0.1579080214103063,0.11472271356666297
592,0.20085908509790898,0.11535827562822933
593,0.2421147624651591,0.11584191608150103
594,0.2251389076312383,0.11737402376027135
595,0.32405061572790145,0.11729437827366834
596,0.1933972398440043,0.11506927013397217
597,0.23948248426119487,0.11060702600325757
598,0.21945394774278004,0.10706894744557945
599,0.24911699195702872,0.10100674899349436
600,0.18072030792633692,0.09621066648012017
601,0.22511297315359116,0.09391815733839894
602,0.22289774815241495,0.09210954632675439
603,0.5138795028130213,0.09071898495244701
604,0.27056250075499216,0.09555755381347143
605,0.12974371413389843,0.09733927955752925
606,0.15627188384532928,0.09817175819859868
607,0.32714385191599527,0.10045905437385827
608,0.18615316996971767,0.1008845730657466
609,0.28964360654354093,0.09602140901032945
610,0.18675845662752788,0.0887333353360494
611,0.1748014042774836,0.08652425370021173
612,0.19666594366232554,0.08851892976035848
613,0.11483391672372818,0.09027593988075591
614,0.26825463275114697,0.08972254639480547
615,0.1834134260813395,0.09312508050461261
616,0.19148031572500865,0.09400293623146258
617,0.22134126325448353,0.09095043745654369
618,0.2105595976114273,0.08704518566006109
619,0.26078351338704425,0.08699465547388757
620,0.1835196241736412,0.09046742154492272
621,0.3536529858907064,0.10231047807729732
622,0.22224936087926228,0.11008885711954351
623,0.3025389129916827,0.10601492435262914
624,0.310834439098835,0.1039890084873166
625,0.28527651677529015,0.10776058580094611
626,0.14998804827531179,0.11261242802380121
627,0.19343493779500326,0.11432641779470165
628,0.177445125579834,0.10971285847195408
629,0.2386994903286298,0.10181591908137004
630,0.29208048780759177,0.10247481679707243
631,0.11502024444441,0.10855423768012844
632,0.16745230356852214,0.11102686743987233
633,0.23469104369481406,0.10864958602782579
634,0.29780627886454264,0.1107670241280606
635,0.26556953887144724,0.11263755922429046
636,0.31078405380249025,0.11424752747454839
637,0.22467179484665395,0.11517996789767729
638,0.17463372101386387,0.11236019510971873
639,0.14698512802521388,0.10799849686915414
640,0.30825879201292994,0.10588714550113121
641,0.25718124583363533,0.10242601078853272
642,0.20338253875573475,0.09794656932353973
643,0.22647072672843932,0.0991548283232583
644,0.1923857346177101,0.10072981622832561
645,0.17198802630106608,0.09462315576118335
646,0.19237843615313371,0.08707075823120207
647,0.11872530579566956,0.08235292598518015
648,0.19021462698777516,0.0779824117470903
649,0.2901744619011879,0.08547143960556788
650,0.3402773888160785,0.10397799835916151
651,0.14156048794587453,0.11090826230090961
652,0.19602654576301576,0.10638411595807439
653,0.17630304545164108,0.09832388058043363
654,0.17174035012722016,0.09305917885568407
655,0.11799690475066503,0.08824534801363249
656,0.1334975153207779,0.08122597582507551
657,0.17193137009938558,0.07930700489652087
658,0.20840451220671335,0.08270095018615499
659,0.20346563706795376,0.08220018054309644
660,0.21987304960687956,0.08000203792811834
661,0.1442300538221995,0.08085798459094867
662,0.12169965642193953,0.08364904632693843
663,0.15761401678125064,0.08461448114517836
664,0.20923572878042856,0.09139884677198198
665,0.19480789005756377,0.09255886008167824
666,0.17926863431930543,0.08864835854510815
667,0.2536582976579666,0.08663591184811285
668,0.2751390407482783,0.08800502827292994
669,0.1760797083377838,0.08413947160132447
670,0.20222621262073517,0.08667849945394616
671,0.16730137740572293,0.08949385757683313
672,0.16420659373203914,0.08973970904684904
673,0.1589940538009008,0.08622464171627112
674,0.2612861165155967,0.08385365861549712
675,0.2583645338813464,0.07847830914614494
676,0.2331066201130549,0.07145936673844767
677,0.195932075381279,0.06767652249127104
678,0.14838504766424496,0.06286386134680251
679,0.13615588198105494,0.06148652649588055
680,0.22753581901391348,0.06507060698598449
681,0.178909466167291,0.06587678629752489
682,0.3280120901763439,0.07313651813749682
683,0.19400302271048228,0.07480159602318591
684,0.1771292676528295,0.0757130646740484
685,0.21050342718760173,0.07221874106697172
686,0.11153648495674133,0.06675652959193402
687,0.15775671501954397,0.06477693237407862
688,0.1172447512547175,0.06279273845298945
689,0.16402251521746317,0.0625376181992871
690,0.23065319657325745,0.06286271378310801
691,0.29720976452032727,0.06540622671096645
692,0.162619748711586,0.06590887930309564
693,0.19983351975679398,0.07047345179911943
694,0.18425591588020324,0.0730419441273338
695,0.17878693342208862,0.07205622299024236
696,0.12803149248162907,0.06809166431078437
697,0.15078723430633545,0.0626633865268607
698,0.13177530864874523,0.056981747479815235
699,0.14819655294219652,0.05552932158199667
700,0.14101707463463148,0.05461565474843421
701,0.3055768221616745,0.05380296010022972
702,0.1260706660648187,0.055693997930713564
703,0.0733624870578448,0.05637602834847935
704,0.13434965014457703,0.05391035133112244
705,0.11028576269745827,0.053667272566354764
706,0.15136163731416066,0.05185890189039777
707,0.09830739498138427,0.05056559969807229
708,0.17627182453870774,0.05085851801069159
709,0.1565093457698822,0.050790175664843173
710,0.15921007394790648,0.05020389056693741
711,0.11909749408562978,0.050703818904377564
712,0.1718872350951036,0.04701161537079783
713,0.15135065863529842,0.04390627821112237
714,0.11584840441743532,0.04126928886126357
715,0.18879633049170177,0.04025040431852229
716,0.1427280733982722,0.03938618097563236
717,0.11789540698130925,0.03893596953467319
718,0.2476114347577095,0.040530342325481056
719,0.22330954869588215,0.04677315169607687
720,0.1528017207980156,0.05447377142501853
721,0.2291235777239005,0.05683243414114791
722,0.11775683313608169,0.057070628418559914
723,0.15315602819124857,0.05924483183880298
724,0.21958533376455308,0.0664982082028138
725,0.1474880536397298,0.0640689461377629
726,0.15368515054384868,0.05963028444532763
727,0.15860104709863662,0.05770016239400495
728,0.10399866253137588,0.0625912038206357
729,0.1345814883708954,0.06783364826475667
730,0.24009586696823437,0.07570156054190028
731,0.1686301440000534,0.08367386233736897
732,0.22498807708422344,0.08265223750594067
733,0.10610186010599136,0.07772554065051832
734,0.18655303368965784,0.07188094838669426
735,0.2028061514099439,0.06560993429861571
736,0.08934958303968112,0.06290785323458108
737,0.17389046053091686,0.06034352939728408
738,0.19942107647657395,0.05702515521593261
739,0.10904822846253713,0.052996503635805256
740,0.1757894943157832,0.055256230876459714
741,0.1105712483326594,0.05533564779144979
742,0.11557473925252755,0.053541740914534404
743,0.1502470890680949,0.05304330299820816
744,0.2214256137609482,0.0545656236640194
745,0.16540504097938538,0.05090665364126016
746,0.18129211366176606,0.05062734810580984
747,0.14205411026875178,0.0513887442866264
748,0.11654484570026398,0.05152827688650778
749,0.12907929271459578,0.05246913084509777
750,0.180006305873394,0.05533331911466275
751,0.2130688081185023,0.05793547987589362
752,0.12649136955539386,0.06215689065512161
753,0.19820867950717608,0.06726754713825316
754,0.33716808383663494,0.0813390758999607
755,0.1476911415035526,0.09732353120867969
756,0.16906952758630117,0.10552913699930871
757,0.24346082309881847,0.09731514028638427
758,0.10745898932218552,0.07973866722388574
759,0.20645204931497574,0.07160879715144286
760,0.07903888424237569,0.06490622025135664
761,0.12851814876000087,0.05990546392767053
762,0.1423853501677513,0.05564089441857143
763,0.17508914669354755,0.052124095329067165
764,0.12142835656801859,0.0515132441419607
765,0.15131250297029814,0.051237742628967554
766,0.0947426329056422,0.049840014798250815
767,0.10945915877819061,0.04530357172963215
768,0.15593375538786253,0.04278247999517541
769,0.15060622642437618,0.044121589664130184
770,0.14878695011138915,0.04451588410557362
771,0.13686371544996898,0.04446072292606733
772,0.057048195103804274,0.04495557236392596
773,0.17235536004106203,0.04204824732409583
774,0.1406232585509618,0.041074082560357994
775,0.0923888511955738,0.03991275803561796
776,0.130449853092432,0.037042426566282906
777,0.12526394228140514,0.036986277727355736
778,0.1518253967165947,0.039455507538820565
779,0.1147285144776106,0.0410406369040584
780,0.18517242322365443,0.039976567639942055
781,0.08171146512031555,0.041607383573264406
782,0.14515953833858172,0.03956602330793414
783,0.10369677791992823,0.036608196925698666
784,0.11378461625427008,0.035383406743320106
785,0.11056315749883652,0.03546859929610414
786,0.1645709365606308,0.03710402731309857
787,0.10847489759325982,0.03558285813234006
788,0.12311432013909022,0.03636891185714487
789,0.14093770409623782,0.037444710339370524
790,0.1764242470264435,0.03389703229679699
791,0.16583052923281988,0.03204146424057888
792,0.14276133179664613,0.0291147391306378
793,0.10035977413256963,0.027116386753599547
794,0.25753558029731116,0.02607204381659714
795,0.18372767517964045,0.02538441367752371
796,0.13991614977518718,0.02446387926040337
797,0.0689635122815768,0.024235711917716857
798,0.15014418363571166,0.02483603077238066
799,0.13322555795311927,0.027001270534176575
800,0.066347952435414,0.028280465662130834
801,0.06376080165306727,0.029900995698588635
802,0.23652098178863526,0.031484333351690166
803,0.10636978993813197,0.03170418499680291
804,0.09170749112963676,0.029960614590965516
805,0.13182798425356548,0.029620843759754246
806,0.1250036969780922,0.028647163588749736
807,0.16007151504357656,0.026642189889449126
808,0.14936859061320623,0.02705027709840334
809,0.14507088313500086,0.030484231112644686
810,0.1395480471352736,0.033516483522995175
811,0.11033773124217987,0.03196100881922315
812,0.1389904389778773,0.028688886055820866
813,0.16643827160199484,0.025358310328763827
814,0.13394552897661924,0.024278805618397674
815,0.07094485039512316,0.025247653151116177
816,0.07975336387753487,0.024774510108413753
817,0.21046126186847686,0.0251233577292565
818,0.17003301034371057,0.030875222245503587
819,0.09063274413347244,0.03421661048604731
820,0.06966645071903864,0.03721442478790618
821,0.07337882767120997,0.03929124972973651
822,0.10468683826426665,0.038341771048760555
823,0.07833596269289653,0.037553551732099545
824,0.09167017278571923,0.03728089647160636
825,0.15532775496443113,0.039019953873422414
826,0.15016921410957973,0.04246321455602758
827,0.11378208150466283,0.03786367426315943
828,0.07259391322731971,0.032944356096766846
829,0.11617060167094072,0.028556409940036418
830,0.08395089159409205,0.026589375054627135
831,0.068815382818381,0.024879815808513707
832,0.14830825328826905,0.02657393152602235
833,0.11012892623742422,0.02961218771007326
834,0.13369028866291047,0.029427202124344676
835,0.15553564230600994,0.030468861610568755
836,0.10823839778701465,0.029664270710526852
837,0.10590717618664106,0.028457597333785386
838,0.09595807318886121,0.025480977842333722
839,0.10532280380527179,0.0240488956023378
840,0.09078096449375153,0.022170068467395346
841,0.11320988287528357,0.023158357070203413
842,0.10616023590167363,0.02304302103686751
843,0.20531510884563128,0.020420750701113752
844,0.17306727866331736,0.018436541944219356
845,0.04862139324347178,0.018754853970474668
846,0.0736382320523262,0.01900196055832662
847,0.07669654637575149,0.02070118859410286
848,0.12887233793735503,0.02510845151386763
849,0.11615783708790937,0.02740149831736994
850,0.13064878657460213,0.029563178488037044
851,0.1238564670085907,0.03320149937916917
852,0.08473195731639863,0.03685490477677674
853,0.14850102464358012,0.03715978558474814
854,0.09717139105002086,0.032398869942503364
855,0.08021400198340416,0.028471290280944424
856,0.11541368166605631,0.027209310111595175
857,0.06733313625057538,0.02980208492767044
858,0.1323744994898637,0.02864267115007367
859,0.10234526842832566,0.026997429498454982
860,0.07463582133253416,0.025508585511243832
861,0.13124683399995168,0.022802521654388362
862,0.17508810957272847,0.017527236336330226
863,0.06569688692688942,0.01756729917568073
864,0.1600951901326577,0.021578685712744617
865,0.08104806604484717,0.023651057385910324
866,0.06971615695705016,0.023526012243931752
867,0.09403448216617108,0.02294080992016876
868,0.10883079916238785,0.026990414755037655
869,0.09382831007242202,0.027321647351596787
870,0.14206925282875696,0.025152248771567094
871,0.08884575317303339,0.02138969223750265
872,0.10600896577040354,0.019679744036225546
873,0.10954803253213564,0.017912247855412334
874,0.08334770898024241,0.01639266209731325
875,0.0802119160691897,0.01636492872708722
876,0.08570220470428466,0.017161171382282212
877,0.105380879342556,0.019489635087070408
878,0.07809461802244186,0.021843114922269743
879,0.08159381188452244,0.02229759271381891
880,0.15891926238934198,0.026561163060846386
881,0.08643537809451421,0.029127464831223963
882,0.06278973817825317,0.029308585831296374
883,0.13389184574286142,0.030916248802204577
884,0.09423499979699651,0.03335069607921511
885,0.11556294908126195,0.03546948260382602
886,0.09621666433910529,0.03250654629970852
887,0.10478329695761204,0.028379907820656983
888,0.07530441135168076,0.027966541984276463
889,0.10109999751051267,0.029050031077792072
890,0.11000635884702206,0.03138252744200634
891,0.075114789356788,0.03122087615972374
892,0.10357691744963328,0.027048467456945897
893,0.07286506493886312,0.023538532574274386
894,0.08392966597651443,0.018984159487381316
895,0.07672414357463518,0.015284697824751425
896,0.08908319820960363,0.0139879290864133
897,0.11255167225996653,0.013041280645724625
898,0.10613889383773009,0.011988704893411252
899,0.11050605028867722,0.011300659983565933
900,0.09514530251423518,0.013900190809665368
901,0.0613728071252505,0.015599322510741608
902,0.06912593270341555,0.016654095105957566
903,0.07973308575650057,0.01717041487320822
904,0.13740282952785493,0.016573507665542133
905,0.11360628853241603,0.016891938683233763
906,0.10291171682377656,0.01405708243449529
907,0.06182948512335618,0.012811775106871337
908,0.09411262099941571,0.0137483141009222
909,0.06938350970546404,0.016431292355583424
910,0.09860891873637835,0.019595025423151707
911,0.1016350249449412,0.018944040572608425
912,0.10512595996260643,0.017851670147382724
913,0.1006494402885437,0.01724910631514432
914,0.06376879662275314,0.018190893012354947
915,0.1541550375521183,0.01803110060636063
916,0.05984515448411306,0.017193184849637295
917,0.1065673957268397,0.0192174688417312
918,0.10123832896351814,0.02187754510090365
919,0.06743956630428632,0.021886118061361256
920,0.09918082629640897,0.02319212580284877
921,0.06716921279827753,0.022367536629501143
922,0.06792614211638769,0.01979306937135451
923,0.09927463792264461,0.017452045621579152
924,0.0959546484053135,0.014751931619748734
925,0.06694805771112441,0.01362443743654859
926,0.13815066516399382,0.014132668912323594
927,0.08398489082852999,0.014177913728513215
928,0.04837586022913456,0.015488344664026422
929,0.08717368493477504,0.016389285502900853
930,0.046907449265321095,0.016807195561671116
931,0.12133940160274506,0.016050963526406482
932,0.08126880998412768,0.014690108553707948
933,0.1269885959724585,0.0172350686588134
934,0.06953455259402593,0.01965111611705077
935,0.07484453096985817,0.02161656851656953
936,0.08720534034073353,0.021318518583886108
937,0.05629199420412381,0.02355899143288707
938,0.08438550097246965,0.023864462013133088
939,0.051171670233209926,0.025134327772416566
940,0.09295847664276759,0.025462798599959813
941,0.09541791553298633,0.021823968150113757
942,0.07153006307780743,0.023173367419438054
943,0.08865652432044348,0.018962537924274367
944,0.05087027537326018,0.01605913450407703
945,0.05474972724914551,0.01599571565220579
946,0.0539352148771286,0.01684499802122339
947,0.059047466206053896,0.01775563249026823
948,0.10612377921740214,0.01647547922200627
949,0.10329717149337132,0.014217993255421432
950,0.12041295145948729,0.012347717502573777
951,0.03290142690141996,0.010419248717657308
952,0.11370892077684402,0.008965790805499457
953,0.115887251496315,0.008427055596172461
954,0.06840374345580737,0.008594090663637335
955,0.05696126123269399,0.009725990879474676
956,0.0626181765149037,0.012185311587581857
957,0.04275868932406108,0.014090270010961426
958,0.10372178678711255,0.013773662413944277
959,0.0636901967227459,0.015638044833788396
960,0.07294889216621717,0.021260972085751985
961,0.08877970265845457,0.02514032209128664
962,0.0616691177090009,0.026454042403670084
963,0.07081717203060786,0.02505272317525239
964,0.06841623528550068,0.022757809718101346
965,0.058868681887785594,0.018589208218437885
966,0.07356758316357931,0.01620091022978052
967,0.08486675173044204,0.015474972146296362
968,0.06564042891065279,0.02060824284079479
969,0.054626618574062986,0.021129413393505832
970,0.051241461435953775,0.020625614980508012
971,0.06570172707239787,0.023212695548757475
972,0.046323484554886815,0.022594604140136674
973,0.06055070646107197,0.019592572548236067
974,0.11228514115015666,0.018907593530521058
975,0.05423884689807892,0.016997585672209835
976,0.07418431490659713,0.01706826784893086
977,0.06240885332226753,0.018592399027612474
978,0.032473333676656085,0.0216567338122959
979,0.07553504432241122,0.022766004223921145
980,0.05734350730975469,0.021091849374317982
981,0.0332115326076746,0.019844668890126267
982,0.053372057154774666,0.017958491212791867
983,0.07225196957588195,0.01573440129732528
984,0.1339640314380328,0.012731658316582267
985,0.09299361929297448,0.010841141601926401
986,0.051284532093753415,0.009880178684248911
987,0.043476993994166456,0.009807309990868582
988,0.040553179134925205,0.011229968460941176
989,0.08839668035507202,0.010917767893239769
990,0.050688183307647704,0.010162804891186499
991,0.09770329644282659,0.008544020774115247
992,0.0593713290989399,0.0068365236668036
993,0.06920207689205805,0.006793280156623376
994,0.07143825391928355,0.00763526284380963
995,0.03810287180046241,0.00905499180876895
996,0.09608238053818544,0.011483347250355614
997,0.13926027143994968,0.01662878487368076
998,0.05133899971842766,0.026064279963049972
999,0.04157116822898388,0.030626226369051907
1000,0.054869113862514494,0.029413966026309638
1001,0.024450768530368806,0.025156300101015303
1002,0.07013481656710306,0.02044593871772638
1003,0.04084008733431498,0.017464865717971532
1004,0.03634563361605008,0.015174498683527896
1005,0.07092177495360374,0.011947866071734512
1006,0.10303561898569266,0.012074663625125997
1007,0.05891162008047104,0.014370812440824788
1008,0.07760530499120553,0.019627048454263753
1009,0.0748580810924371,0.019799325026963886
1010,0.08469069177905718,0.016702598494570158
1011,0.07176303664843241,0.01102425961902267
1012,0.057063991017639634,0.010684910279355551
1013,0.07008482043941816,0.011587217896741036
1014,0.030864245196183523,0.011421186076095926
1015,0.0589512982716163,0.009430706740645637
1016,0.09874599426984787,0.008915051480221469
1017,0.054422683889667194,0.0075428900880771775
1018,0.038529074067870775,0.0071846666522541935
1019,0.06477040238678455,0.0068376308677402155
1020,0.0465686180939277,0.006452031444474968
1021,0.040876545508702594,0.006809738077964002
1022,0.036840982362627984,0.007099514424103742
1023,0.0839617678274711,0.0065389628636471015
1024,0.0516504223148028,0.006723985016040984
1025,0.07577512462933858,0.0078102098777890205
1026,0.05708991972108682,0.009238754682330012
1027,0.03461754806339741,0.010470438672349466
1028,0.054221757749716444,0.011234685517193978
1029,0.04558570062120756,0.012064063366045031
1030,0.06050163358449936,0.010166208058247092
1031,0.053318773458401365,0.010228508898214988
1032,0.044347588221232095,0.010093738624488402
1033,0.07734841999287406,0.00840756539473234
1034,0.04594584765533606,0.007057149698467631
1035,0.03548432166377703,0.006752913038938018
1036,0.05750281934936841,0.006846096415660884
1037,0.07915618307888508,0.009156235096137427
1038,0.04768921698754033,0.008692538431077673
1039,0.05696646049618721,0.009284093017466584
1040,0.06121665649116039,0.012571496006689574
1041,0.04893583729863167,0.013028465254962096
1042,0.04304414242506027,0.014223050936097987
1043,0.02760612629354,0.01580937512828941
1044,0.06445169275005659,0.011998377707705163
1045,0.048864582056800526,0.011223873406735778
1046,0.05371408673624198,0.011035391287496912
1047,0.050163632227728766,0.010058357396669555
1048,0.037941312044858934,0.008728113183370459
1049,0.04316551188627879,0.007756304082988995
1050,0.0872677327444156,0.005367023788653968
1051,0.030512596294283868,0.00461407348361106
1052,0.053741287315885226,0.004634992595304523
1053,0.045978280653556185,0.004457298890899932
1054,0.032157896955808,0.004417640666275868
1055,0.0462543398141861,0.005447658010328199
1056,0.06641785899798075,0.007527506147778174
1057,0.0323742779592673,0.009986889946181871
1058,0.03749960698187351,0.009674697297445516
1059,0.06183906296888987,0.009210180785310896
1060,0.04060110089679559,0.00935074008391266
1061,0.0653517292191585,0.007622139147150586
1062,0.034452415692309536,0.006161124167735116
1063,0.030178314447402953,0.005547711573955085
1064,0.03963840839763482,0.005066044416213245
1065,0.060255100826422374,0.0047654886103687235
1066,0.05633973603447278,0.004534301211872296
1067,0.04299469633648793,0.0046002602433426335
1068,0.026767411393423875,0.004809098241970553
1069,0.04895707319180171,0.005820565069998391
1070,0.08777666725218296,0.006797457282698294
1071,0.04367993970712026,0.006632978968017283
1072,0.02778831198811531,0.006497387834198293
1073,0.030145581563313803,0.005889538258902337
1074,0.035920567251741885,0.005207611141693697
1075,0.04145820289850235,0.004933149322366331
1076,0.04815917387604714,0.004171248737787991
1077,0.06607554232080777,0.004307004486956791
1078,0.08192857926090559,0.004866368627469791
1079,0.0755634680390358,0.006194184479788381
1080,0.048936754713455835,0.0077252273355223975
1081,0.04698333858201901,0.007953206719885095
1082,0.031219153044124443,0.007134601713446846
1083,0.04237543046474457,0.0064073307112905015
1084,0.07587364974121252,0.007359500299071708
1085,0.024482272813717523,0.008901367312547757
1086,0.043046051450073716,0.009145525202416536
1087,0.046131434043248494,0.007794218126967636
1088,0.038479690564175446,0.00676246839221458
1089,0.03804613749186198,0.006708054569119598
1090,0.045531726504365606,0.005480729179642005
1091,0.06084879810611407,0.0067906963655300304
1092,0.06050652973353863,0.007003283945091984
1093,0.031006203467647233,0.005924137374549581
1094,0.03984260472158591,0.005935981248815854
1095,0.03236947928865751,0.005883815981534838
1096,0.04246858718494574,0.00591541156281679
1097,0.027008698818584285,0.007739139644548907
1098,0.04451756570488215,0.00829452376442346
1099,0.04508613844712575,0.007434113724538457
1100,0.030058283482988675,0.00879689591408473
1101,0.02181273934741815,0.009497104996913358
1102,0.06741910551985104,0.00894376295700408
1103,0.053680788911879065,0.007321154546232251
1104,0.037308666358391446,0.0066309688852457275
1105,0.07251152445872625,0.006321176282015809
1106,0.03274914299448331,0.005621035833848499
1107,0.024182451392213502,0.0054850611421797014
1108,0.07128609629968802,0.005428205336830769
1109,0.036438167281448844,0.004685467092745137
1110,0.04204046198477348,0.0055477582299482756
1111,0.035694780324896175,0.005352539832741894
1112,0.05315308893720309,0.004499581002505027
1113,0.04840022946397463,0.004200657971246898
1114,0.0511877087255319,0.005440537578137646
1115,0.038337172381579875,0.006891202056312073
1116,0.053089841331044836,0.008688271911651418
1117,0.025525792315602303,0.009478903065125147
1118,0.04228214100003243,0.011017003374402983
1119,0.05068029848237832,0.010308776960343297
1120,0.04206108891715606,0.008833850663133531
1121,0.030920513719320298,0.008583935255413516
1122,0.02176375811298688,0.00826537411398532
1123,0.040299434959888455,0.007645985917651165
1124,0.05222916901111603,0.005588459047047715
1125,0.05871037927766641,0.004922021626990441
1126,0.02592145502567291,0.004770579331211354
1127,0.02460422602792581,0.004082995458718455
1128,0.04302019067108631,0.0038545237151546437
1129,0.028214258203903834,0.003975336445353882
1130,0.03134177066385746,0.004132682114447418
1131,0.046288317814469335,0.004069762802764512
1132,0.05398811126748721,0.0045525801493323335
1133,0.04212702939597269,0.004903682202580031
1134,0.040070866545041404,0.00622802856242099
1135,0.02292543922861417,0.007914706901238676
1136,0.022713522364695867,0.00845116582748137
1137,0.02268122931321462,0.007941541321880637
1138,0.024593128512303036,0.006785676112039047
1139,0.03653223936756452,0.005656702089945824
1140,0.04440423411627611,0.004375768422383314
1141,0.05469561836992701,0.0034462838101456737
1142,0.04987297877669335,0.003146191966333236
1143,0.05864867238948743,0.003062884857039354
1144,0.03680041084686915,0.0031846382611632694
1145,0.037337669357657435,0.005220362083300164
1146,0.024395298461119333,0.008153167329946457
1147,0.028832151864965756,0.005921472697273681
1148,0.023429085221141576,0.0040955333398622375
1149,0.029179853449265162,0.0034642175931962785
1150,0.0318918580810229,0.0028967574859658876
1151,0.03541000547508399,0.0029957490150778615
1152,0.0414304939409097,0.004008778071368647
1153,0.03392458235224088,0.003696780741672244
1154,0.03957932076106469,0.003371165975470815
1155,0.022867410567899545,0.003017881817091801
1156,0.0296693262954553,0.0031291514482588794
1157,0.027107414975762367,0.00470601770569358
1158,0.02917194484422604,0.005658576384796734
1159,0.029183621456225713,0.00466294027864933
1160,0.03833600974952181,0.004151554903483879
1161,0.052765069901943205,0.003403730764004745
1162,0.029150828967491785,0.002726825498785192
1163,0.0215893737350901,0.00261599582767016
1164,0.031495121928552784,0.0026357227103098444
1165,0.02289969629297654,0.0026269805786466737
1166,0.016253184837599594,0.002634656904210821
1167,0.02712053880095482,0.0027830012970500523
1168,0.02489794163654248,0.002708205324189182
1169,0.027300978576143584,0.0030454795437249525
1170,0.031454653354982536,0.0030671827085261717
1171,0.049285621390057106,0.00457188774074553
1172,0.019183638567725817,0.00558279200909082
1173,0.05441180244088173,0.005728621564108377
1174,0.026252598936359086,0.007412899035023667
1175,0.03033762201666832,0.008325918397882529
1176,0.01658146781846881,0.00945068155115808
1177,0.03395455566545327,0.010228901104838178
1178,0.026525569582978883,0.01024479581565972
1179,0.02845255664239327,0.008599749423171344
1180,0.029067200298110645,0.006654794317022053
1181,0.05417703936497371,0.004777734786032411
1182,0.024755545581380527,0.003989506297750257
1183,0.029516773174206416,0.0038250613663541643
1184,0.016418850421905516,0.00346875597848094
1185,0.021675942093133928,0.003354822263688023
1186,0.04341468792408705,0.005264128612800997
1187,0.024545924986402193,0.007524337434367827
1188,0.020474410926302273,0.008116489711996407
1189,0.0399873028198878,0.007328899642615987
1190,0.021046314357469478,0.006003703617038783
1191,0.0559549401824673,0.0054025258324299635
1192,0.02891906015574932,0.004148496745143369
1193,0.030105871769289177,0.0031837257284300716
1194,0.032843588416775066,0.0029824866017337604
1195,0.05727754179388285,0.004466536985873653
1196,0.020481705106794833,0.0048437533050514105
1197,0.05810808055102825,0.004951516683730815
1198,0.03728109275301297,0.0034800783788229814
1199,0.02823067953189214,0.002471434091332189
1200,0.0218373650064071,0.0024093214248181783
1201,0.05094004614899556,0.0023708985628266084
1202,0.031054494281609852,0.0023109721433785227
1203,0.018589945510029793,0.002229518080075756
1204,0.02569622124234835,0.0021315719060904796
1205,0.02159415800124407,0.0021969880663642756
1206,0.039013081168135004,0.0021036332936096957
1207,0.02365117408335209,0.002138882437012872
1208,0.018041010821859042,0.0021674594901807125
1209,0.0213828777273496,0.0021256732724454492
1210,0.03127122720082601,0.0021293614174059607
1211,0.022802703579266868,0.00208019118412937
1212,0.028642420781155427,0.002072941882219928
1213,0.031755367293953896,0.002069095732393669
1214,0.0241070372518152,0.0020931539485198364
1215,0.020686322854210935,0.002106488347380308
1216,0.05359967617938916,0.002125935021744311
1217,0.02945040399208665,0.002224163745927532
1218,0.028380853620668254,0.002360594660392282
1219,0.020639921228090923,0.0022403181378037955
1220,0.0193788206204772,0.0020883513249631163
1221,0.02837905064225197,0.0021422794497196087
1222,0.02228237930685282,0.002695102635389793
1223,0.019628332865734895,0.0027718120880904254
1224,0.019093976356089115,0.0022594893176914655
1225,0.0176114891966184,0.002083264966631493
1226,0.04270428655048211,0.002008519396839435
1227,0.020085160434246064,0.00206864893175008
1228,0.0340496393541495,0.002071081630733104
1229,0.027187369282667836,0.002175531219364258
1230,0.018126132090886433,0.0021802289819900403
1231,0.027569221332669258,0.0023807471901265503
1232,0.03815095747510592,0.002298876090378266
1233,0.027898581326007844,0.002248699659732176
1234,0.0195406719421347,0.002018944292236664
1235,0.01337596271187067,0.001985346272108499
1236,0.02251500648756822,0.0020345000288726992
1237,0.021955965583523116,0.0022402611419514956
1238,0.025781653573115668,0.0021530884067522504
1239,0.012538579106330872,0.001992488015791652
1240,0.017197547107934953,0.0019211211985205871
1241,0.0635506005336841,0.0021005938652009642
1242,0.02023849872251352,0.0021989482062819755
1243,0.02674065393706163,0.0021460735898094566
1244,0.02423863609631856,0.0019018869514833068
1245,0.022097755471865335,0.0018546723308619003
1246,0.033818089837829274,0.002099269431571841
1247,0.017012426629662514,0.003162619548887886
1248,0.020360583874086537,0.003356822929753546
1249,0.013672756931434075,0.0027285332339461784
1250,0.012603002910812696,0.0022464835681347993
1251,0.026169173792004584,0.0018607779073784923
1252,0.02549851474662622,0.001680850325021566
1253,0.042221823893487456,0.0016411444327483575
1254,0.012222176293532054,0.0016309357362619618
1255,0.018923372526963553,0.0019056522702711107
1256,0.02123350420345863,0.002117375629458424
1257,0.02948808533449968,0.0020121980270599586
1258,0.020746256473163763,0.001740532620178198
1259,0.01608104317759474,0.0019430516958944717
1260,0.019670956395566465,0.0019199904776042143
1261,0.01874166602889697,0.0017476980342959975
1262,0.026081608297924202,0.0015783648548527943
1263,0.021062449738383292,0.001565885768212073
1264,0.027365217047433058,0.0016392531324101731
1265,0.015592881850898266,0.0016275731858944422
1266,0.021596633084118366,0.001798681056668862
1267,0.019073482789099216,0.0018541957707857788
1268,0.037803282216191295,0.0015841357039603574
1269,0.02708710189908743,0.0014952601053430672
1270,0.021069023696084817,0.0015350950402561684
1271,0.025139766683181127,0.0017030067055633193
1272,0.016026403258244195,0.001663680207419988
1273,0.017336278843382995,0.0014826666443930035
1274,0.021687539791067443,0.0015014901196268218
1275,0.01780572421848774,0.001581616764370766
1276,0.016719572991132737,0.0016635098904425724
1277,0.03325443752110004,0.0016093968362030056
1278,0.019862564839422704,0.0015314603823493099
1279,0.020278072853883108,0.0014665862027969626
1280,0.014250238131110867,0.0014386251500715114
1281,0.020609031493465105,0.00144651345500167
1282,0.018389960657805203,0.001493245551133888
1283,0.021984941543390354,0.001860437623350418
1284,0.02055294398839275,0.0019803338885655878
1285,0.025013287800053755,0.0016784567021007775
1286,0.019127983537813028,0.0015889256566283647
1287,0.028230952409406502,0.00170815630532714
1288,0.0190397083448867,0.0014612620304289617
1289,0.021779272829492886,0.0014263710935670903
1290,0.01234008880952994,0.0015351967920129847
1291,0.010539594106376171,0.0018416293958005937
1292,0.0214136923973759,0.0024876096258647958
1293,0.04044008292257786,0.006013606112635537
1294,0.025511913436154523,0.008497295159116736
1295,0.01559417781730493,0.008318451983440254
1296,0.015677881985902788,0.0062718284248281814
1297,0.017123279472192127,0.0046603789155464075
1298,0.021455260179936885,0.0034530685141639056
1299,0.017758935472617546,0.002799642261400906
1300,0.02004684613396724,0.002476252558265339
1301,0.024430219704906147,0.002681559209074629
1302,0.01074045809606711,0.0023213796227712904
1303,0.01975327879190445,0.0018274549432970278
1304,0.017818078709145386,0.0016477413431942812
1305,0.01628827632715305,0.001637399493449787
1306,0.014498977549374103,0.0015673750101953571
1307,0.017812270484864712,0.0017172511495453747
1308,0.03525988186399142,0.0021507881053489204
1309,0.030788903931776683,0.0027842649492865416
1310,0.02200096889088551,0.002950839984247036
1311,0.014330353463689487,0.00248311465056014
1312,0.02343231166402499,0.0018218704118061135
1313,0.020995630137622356,0.0014765413657745771
1314,0.026220653982212145,0.00135782743363004
1315,0.019560080642501514,0.0012776973318275914
1316,0.011126118587950866,0.0013374540810500496
1317,0.026906184355417886,0.001311958347425431
1318,0.012605149702479442,0.0013369255827206095
1319,0.009982594816635052,0.0014281440744100258
1320,0.015235292756309112,0.0018030179314565851
1321,0.013516140418748062,0.002338680826578213
1322,0.01881449359158675,0.0018530652888271717
1323,0.039714728388935326,0.0014562483669983016
1324,0.012058437801897526,0.0013629572822750485
1325,0.01749273780733347,0.0011756922627597698
1326,0.02116814147060116,0.0011473332303004306
1327,0.013900128876169522,0.0012934110379282232
1328,0.014382926498850186,0.001152536119688411
1329,0.018788844595352808,0.0011150793823255607
1330,0.016619556645552317,0.0011707759524929768
1331,0.026534056384116413,0.001590356715459224
1332,0.011392315446088711,0.00198794329302026
1333,0.018283654376864432,0.002092308314429999
1334,0.018638826223711172,0.0020995370227413265
1335,0.01062719455609719,0.002044257779376941
1336,0.01170167326927185,0.001943633147537142
1337,0.01859741477916638,0.0020623552631341704
1338,0.015961459061751764,0.0016381298470969873
1339,0.014256894774734973,0.001205897285488614
1340,0.026728019366661707,0.001450200748972987
1341,0.017243726116915544,0.0020170395255050683
1342,0.019395703636109828,0.0027687018728687032
1343,0.013131450613339741,0.0031375075771802852
1344,0.03329772464931011,0.002803910216701228
1345,0.02199056645234426,0.0019966341427129788
1346,0.015174216280380884,0.0017858815327700642
1347,0.01338640662531058,0.001691976416453022
1348,0.019110972496370473,0.0012703117620395986
1349,0.012327286135405301,0.001069318673339242
1350,0.011660474787155787,0.0010961715461501077
1351,0.010105061096449692,0.0011561362846204412
1352,0.01920814821496606,0.0011884419884728758
1353,0.01177817735200127,0.0012364647315804198
1354,0.016101348462204138,0.00137732567862003
1355,0.02222032720843951,0.001997833289968514
1356,0.013383479540546734,0.00175545054585918
1357,0.015437844830254713,0.0016778199742847717
1358,0.019570016860961915,0.0014426912622232187
1359,0.010033000633120537,0.001337324401870239
1360,0.02305722823366523,0.0011954860358733184
1361,0.015476847377916178,0.0013503389785676236
1362,0.014318720701461037,0.001361397803728387
1363,0.02482149184991916,0.0011645794699066563
1364,0.014952331377814213,0.0010261994988074777
1365,0.017914396586517493,0.001036757882071757
1366,0.01280500777065754,0.0010154663145335184
1367,0.01166311874985695,0.0010012135274533988
1368,0.015303276292979718,0.0010574231093084952
1369,0.017062288026014963,0.0011969011042768146
1370,0.009082286339253186,0.0015488994567878327
1371,0.016484799732764562,0.0016083685580466748
1372,0.012334666059662899,0.0011852801456088908
1373,0.016472917795181275,0.0012712600581042948
1374,0.008313325745984913,0.0015959122888090317
1375,0.009985915881892045,0.0019317859203734418
1376,0.01435648687183857,0.0022092607765518434
1377,0.010503448689511667,0.0020776014892133878
1378,0.012573755253106356,0.0018341690220200178
1379,0.011715492683773239,0.0017892600694801985
1380,0.01376253788669904,0.0019850926555431726
1381,0.009587540073941152,0.002380890235283047
1382,0.01504514633367459,0.002699025175452494
1383,0.00847669861589869,0.0031814928294557052
1384,0.010172350642581781,0.0030951295429241586
1385,0.020883977909882865,0.0022956644966435884
1386,0.0065624654681111375,0.0015939376031032257
1387,0.013031777615348497,0.0011919054300769379
1388,0.02023341755072276,0.0013209959581951822
1389,0.012671865429729224,0.0017089381370127027
1390,0.014917275247474512,0.0018866510615188476
1391,0.01011170461618652,0.0016634276093185298
1392,0.010626689530909061,0.0012392677987615268
1393,0.012553215492516756,0.0011407152302998897
1394,0.007266609650105238,0.0011528663429818307
1395,0.01956276303778092,0.0014409408918227892
1396,0.011738377002378305,0.0021226018917752288
1397,0.009784177877008915,0.002014909500572068
1398,0.010525515427192052,0.0017588174975428142
1399,0.01327652856707573,0.0020195779265367495
1400,0.012138811126351356,0.0023327488642817702
1401,0.016631403689583144,0.0022279778699668355
1402,0.030513940503199895,0.002118815602571295
1403,0.007958301591376464,0.0021876729548260657
1404,0.008587772989024718,0.0026103189209617716
1405,0.01267399291197459,0.0027376186954979486
1406,0.013666303021212418,0.0025667351716857035
1407,0.015280163940042257,0.0019434351958770152
1408,0.028430978674441575,0.0011403201541411337
1409,0.007753853670631846,0.0012678257579444119
1410,0.015555820955584446,0.001584108207818687
1411,0.011475703492760659,0.0016812128884573494
1412,0.01489514804755648,0.001963367623234289
1413,0.028750160274406276,0.0012295957408268113
1414,0.016021865761528413,0.0011824336369611781
1415,0.018152595187226932,0.0015165392327808629
1416,0.010946858239670594,0.0016189293367604382
1417,0.013352033123373986,0.001640535181671468
1418,0.013753951682398716,0.0013182344723884996
1419,0.011638801669081052,0.0012632743967765103
1420,0.00928253394862016,0.0011986044299521902
1421,0.009480093729992707,0.0009974715897639156
1422,0.014043793982515733,0.0009483611350742915
1423,0.02141083280245463,0.0009377664475897817
1424,0.014019831269979476,0.0009161662142716991
1425,0.013445989872949819,0.0010792595830988357
1426,0.010775892126063506,0.001009210992852302
1427,0.009286262343327205,0.0008934422806980992
1428,0.008751140690098207,0.0009264158902278617
1429,0.02033083913847804,0.0009725218745491778
1430,0.007585356431081891,0.0010568563191884616
1431,0.012166509373734395,0.0011163698730592708
1432,0.009032893894861142,0.0011287233184639103
1433,0.007815313649674256,0.0010020999933663777
1434,0.009031755849719048,0.000820339420450884
1435,0.014680814308424791,0.0008128716914005011
1436,0.016469121041397253,0.0008124423094845394
1437,0.008672340928266445,0.0008458639365724392
1438,0.006005469771722952,0.0008420129265766917
1439,0.006294881862898668,0.0008402885637676333
1440,0.014718921420474847,0.0008517527300592141
1441,0.00985008083904783,0.0008570701084698807
1442,0.011012694394836823,0.0008819186181777663
1443,0.008158754122753938,0.0008957101075027726
1444,0.005731996754184366,0.0008711846726088735
1445,0.012514545675367117,0.0008945733859211925
1446,0.012166863679885865,0.0011545429571275735
1447,0.008984533200661341,0.0019306458903160708
1448,0.014383140920350949,0.0021490112807579904
1449,0.012669157857696215,0.0015925718294402139
1450,0.012133923110862572,0.0014410906863447867
1451,0.00781204312418898,0.0014686479140617694
1452,0.011271305211509267,0.0016791232921488104
1453,0.012165666713068882,0.0019059450725060806
1454,0.011552142724394799,0.002647441098390267
1455,0.0107789877957354,0.002567745671656571
1456,0.011029825111230214,0.0024883995780296494
1457,0.007484614492083589,0.002573924890735693
1458,0.005761024573196967,0.0027180065193937886
1459,0.010673090101530154,0.00285856493296679
1460,0.007825865472356478,0.0031222046750505068
1461,0.014788970195998749,0.0029279246969878326
1462,0.013364774982134502,0.002560917650245958
1463,0.007671643840149045,0.0024827074787813668
1464,0.00831435959165295,0.0022507214085444025
1465,0.009849648146579662,0.0020389335600343363
1466,0.01271272636950016,0.0020288222344123827
1467,0.011641236394643784,0.0019018509430669204
1468,0.005424720980226993,0.001865602245456294
1469,0.012874519793937604,0.002638652732824547
1470,0.007789405295625329,0.0037179364310849826
1471,0.016039760503917932,0.003981094665781796
1472,0.005796078615821898,0.0034794051810140498
1473,0.005114241798097888,0.0030767857505564103
1474,0.009751783109580477,0.0025263398025206656
1475,0.0072234797912339365,0.0021478191524613322
1476,0.016353011674558122,0.0018219998738134814
1477,0.006718306379237523,0.0014048436947972976
1478,0.010471077185745041,0.0013208246935561996
1479,0.013125022811194261,0.0011235344542288466
1480,0.013292881442854803,0.000933298803760387
1481,0.009798483022799094,0.0009198182746522912
1482,0.005798355226094524,0.0009130559104620017
1483,0.0059549349049727125,0.0009338250570952326
1484,0.006144176796078682,0.0010673896193760311
1485,0.008060793904587627,0.0014777432593424417
1486,0.012733399278173844,0.0019288708058278464
1487,0.017992228673150142,0.0021189922366117004
1488,0.0070215402947117886,0.00210681911939156
1489,0.009003913138682644,0.002035437271608944
1490,0.00674572450419267,0.0019127132523565264
1491,0.013063352803389232,0.0017283568621683887
1492,0.010185634546602765,0.001487725960330395
1493,0.007222602066273491,0.0014808151873689124
1494,0.014225520698043207,0.0011926182581122682
1495,0.003915420950700839,0.0010472902424268598
1496,0.011637276193747917,0.0011696319146168946
1497,0.011069378815591335,0.0014951823644165755
1498,0.007847112029169996,0.001821465030508606
1499,0.009214390503863494,0.0016097576324746274
1500,0.0052026666700839995,0.0013997931011587555
1501,0.010506305905679861,0.0010614064539107358
1502,0.011718476408471663,0.0009546544923983536
1503,0.0065453322293857735,0.0010090929916270121
1504,0.007666164108862479,0.0010134528421018032
1505,0.006175218382850289,0.001007558334392784
1506,0.007406912837177515,0.0012162231822492697
1507,0.0075805164563159146,0.001687408983162795
1508,0.007597857962052027,0.0020212872601958394
1509,0.012550296052359045,0.0017835355284814424
1510,0.023250066209584475,0.0014612236746439809
1511,0.007856130072226127,0.0009827024183557396
1512,0.005855243715147177,0.0009081109402407156
1513,0.00850855749255667,0.0010087649237190248
1514,0.01059860959649086,0.0011178763373618761
1515,0.006719450652599335,0.0009716082359555215
1516,0.009928061285366614,0.001143195558807742
1517,0.008586919447407127,0.0011263337185094405
1518,0.0076316982507705685,0.0009371019771856348
1519,0.011905663833022117,0.0008658749175296105
1520,0.006383976782672107,0.0008911450770656355
1521,0.0048942616985489925,0.0008597403270470208
1522,0.007036167879899343,0.0008429074096588734
1523,0.005660329479724169,0.000839876976546325
1524,0.008349325756231945,0.0008459426061408894
1525,0.005998034713168939,0.0009008014271014005
1526,0.013363782192269962,0.0009010932677185805
1527,0.011207849811762571,0.001042173615771166
1528,0.010244378789017598,0.0012371418902334588
1529,0.007235609972849488,0.0017508132150396705
1530,0.005543621319035689,0.0019943328997752037
1531,0.006630336431165536,0.0015848580099729417
1532,0.005795638205017895,0.001187558161987983
1533,0.005103341769427061,0.0010504414448623508
1534,0.01101964817692836,0.0009579237108663465
1535,0.006866012544681628,0.0009048549153389987
1536,0.005772646330296993,0.0008032833299550571
1537,0.009429283672943711,0.0007781760432833685
1538,0.007662567868828773,0.0007567709190662057
1539,0.008560079832871754,0.0007820625870562791
1540,0.008861430175602435,0.0008394445613644778
1541,0.005192981287837029,0.0008490083814729332
1542,0.0062583341884116335,0.0008241699988768594
1543,0.0076718405509988465,0.0008497015868888199
1544,0.00378242537068824,0.0009443918025197341
1545,0.005360652909924587,0.0010124215694846945
1546,0.002998915206020077,0.0010331078243240365
1547,0.007611325243487954,0.0010616837923104565
1548,0.008833962803085646,0.0009064656881103564
1549,0.006671449681743979,0.0008782948321684629
1550,0.01454457634439071,0.0009231797646872743
1551,0.009822532627731561,0.0010744278620089791
1552,0.00816845785205563,0.001047915888661573
1553,0.010091620590537786,0.0010150042805025538
1554,0.009080131258815526,0.0009949165736788024
1555,0.006060665333643555,0.0010554149749618003
1556,0.011287599305311839,0.0010294808198735989
1557,0.005368341753880183,0.001051628216011831
1558,0.005193693330511451,0.0013068461278725786
1559,0.0041619086017211275,0.001195762144423455
1560,0.007944255159236491,0.0010687001144829376
1561,0.008519210014492273,0.0010662316324254661
1562,0.003919297192866603,0.0011443422674283124
1563,0.0046619598443309465,0.001116332396516326
1564,0.007971483686318,0.001036763615356159
1565,0.0076047255347172415,0.0011012754389438887
1566,0.005453066636497776,0.0010187648500898602
1567,0.005138132612531384,0.0009951584237867324
1568,0.007927604609479506,0.0009053522147025848
1569,0.00465725325824072,0.000884460411933169
1570,0.006052587181329727,0.0008817470373962979
1571,0.0025656468778227767,0.0009071564292317333
1572,0.006009367263565461,0.0009063994450690714
1573,0.0060029580723494295,0.00086094648883629
1574,0.005397824291139841,0.0008538043447627212
1575,0.005230572815829267,0.000905658277731977
1576,0.009322453088437517,0.0011414998082977812
1577,0.008458521760379275,0.0018266221366779148
1578,0.005801163986325264,0.001783574639944828
1579,0.0038720171122501295,0.0016126793792896102
1580,0.006211420482334991,0.0014542597019227973
1581,0.005041861231438816,0.0012987320153423918
1582,0.008508802694268524,0.0012710620655966868
1583,0.005570883210748434,0.0012478221981236113
1584,0.004294884018599987,0.0012592895103520469
1585,0.006710552889853716,0.0013853471048110933
1586,0.006091554400821527,0.0016715643322912225
1587,0.005074886636187633,0.0012765679370927794
1588,0.004899839761977395,0.0010787940213772638
1589,0.003938716828512648,0.001042790688800337
1590,0.007644861688216527,0.0010529113051819217
1591,0.004793431532258789,0.001124444683844888
1592,0.005314054823247716,0.0013611733488607825
1593,0.007695227721706032,0.0015807284194736453
1594,0.004413609703381856,0.0017392416416574814
1595,0.006392056091378133,0.0015652884337070741
1596,0.005649756298710903,0.0013408589582585278
1597,0.013843067611257235,0.0012380283329995316
1598,0.005610566710432371,0.0011961870092887714
1599,0.004009926148379843,0.0011519650800687353
1600,0.0038567908418675263,0.0010505660688259492
1601,0.005121236760169267,0.0011009429404457585
1602,0.004601335137461623,0.0013121723684847181
1603,0.003977803812207034,0.0014238719697714898
1604,0.005997416889294982,0.0013023849524971512
1605,0.005695631502506634,0.0010731461163806287
1606,0.0037148820081104833,0.0009832680531728425
1607,0.006477768703674277,0.0010534557752169625
1608,0.004650434362702072,0.0011138323931382936
1609,0.006923735591893395,0.0011340225270638864
1610,0.005197685786212484,0.0014424800739367629
1611,0.007048184118078401,0.0014021182446386556
1612,0.008159326218689481,0.0012879479875276137
1613,0.004406164136404793,0.0011089295775177535
1614,0.008174740173853935,0.0009126638692711093
1615,0.0050956109577479465,0.0009399008360549764
1616,0.012875265426312883,0.0010820764509419099
1617,0.007654229955126842,0.001023454081166021
1618,0.006667539834355315,0.0009227642215575958
1619,0.006215846476455529,0.0008636599887238695
1620,0.007009976869449019,0.000893154677496515
1621,0.008528083873291811,0.0008143701628296451
1622,0.003426380114008983,0.0008859327693015565
1623,0.006840345030650496,0.000922353126575031
1624,0.004640283326928814,0.0007198979292297736
1625,0.006988472607918084,0.0006607462926386524
1626,0.005882473243400454,0.00065429310903412
1627,0.005529674779002865,0.0006766857774056799
1628,0.008001485591133435,0.0006751589925022937
1629,0.00422990780013303,0.0006811782831822424
1630,0.009314474432418745,0.000694327344297573
1631,0.005296119876826803,0.0007259939407129167
1632,0.007503751106560231,0.0007497632410717659
1633,0.004934441080937783,0.0007810134276249364
1634,0.004449639562517404,0.0007588400584454947
1635,0.00540026108113428,0.0008236216360768467
1636,0.004496757841358582,0.0009136986380922254
1637,0.007578584520767133,0.0009835523543661536
1638,0.005126389767974615,0.0009242348057729851
1639,0.004564274211103717,0.0009411362480448439
1640,0.0042101563420146705,0.0010449259108945466
1641,0.004177923950677117,0.0010569788167002605
1642,0.004219219088554382,0.0010922879909236005
1643,0.005308785219676792,0.0013193877588151492
1644,0.005390491879855593,0.0016128829515631698
1645,0.00574727519415319,0.001617106237334379
1646,0.00596949988976121,0.0013144808897628771
1647,0.009631684608757496,0.0010657926533937628
1648,0.004436680938427647,0.0008691414701888523
1649,0.006830530085911353,0.0008707172678149038
1650,0.005126229425271352,0.000882223075730944
1651,0.004158846964128315,0.0008571899704681437
1652,0.007353184930980206,0.000842801125023013
1653,0.00443558912180985,0.0009004854450696039
1654,0.00288287119474262,0.0008689311808448323
1655,0.0035037084482610224,0.0008333902692862062
1656,0.004577063629403711,0.0008514558029094199
1657,0.007290790711219112,0.0008893494476558782
1658,0.00279477018242081,0.0008033619661221814
1659,0.00507289357483387,0.0009686905129578466
1660,0.005475062504410743,0.0009362896174540993
1661,0.005621372923875849,0.0007714177638412132
1662,0.003308288504679998,0.0006985194745884761
1663,0.004086501384153962,0.0006903622861766414
1664,0.004612055762360494,0.0006906834310322335
1665,0.0047144329408183696,0.0006857710674831273
1666,0.0044760528253391385,0.0007067151032034199
1667,0.003830150708866616,0.0007185917868474988
1668,0.0061855090937266745,0.0007811077694784393
1669,0.0033080512114490074,0.0007753134313671256
1670,0.005011138467428585,0.0007786305675048882
1671,0.00505724111571908,0.000760036999937038
1672,0.005190678592771292,0.0007616539682501285
1673,0.005784814967773855,0.000800851900307516
1674,0.006722367011631528,0.0007896825646687495
1675,0.002932715866093834,0.0007310799421396717
1676,0.0037946022736529508,0.0007209595168902598
1677,0.0031113956744472184,0.0006963529112430191
1678,0.00930595948981742,0.0006925424042481885
1679,0.004567814012989402,0.0006845187391045541
1680,0.006629330532935758,0.0006599813336009508
1681,0.0059419534790019195,0.000828873000170849
1682,0.0051841723849065605,0.0010058559249774743
1683,0.0046672978748877846,0.0010287168570038486
1684,0.004614021442830562,0.0009540971091979766
1685,0.005495067577188214,0.0008612431908568928
1686,0.006004856169844667,0.0006696896153799673
1687,0.0057757404011984665,0.0007010504831036173
1688,0.0029306468553841115,0.0007208407001939366
1689,0.003915703979631265,0.0006770504521296992
1690,0.003561659421150883,0.000682700924449042
1691,0.0032248970897247394,0.0006143903167745063
1692,0.004317400247479479,0.0005519132523685803
1693,0.003969325125217438,0.0006701088839275926
1694,0.0030372374147797625,0.0009656893252803568
1695,0.0039595242900153,0.0011299394169136097
1696,0.003739712480455637,0.001096080557023834
1697,0.007066365785431117,0.000932661859367631
1698,0.005764105326185624,0.0007995297674127795
1699,0.004193508671596647,0.0007624080655170463
1700,0.0055233040824532505,0.0008060165270512832
1701,0.003839056973811239,0.0008199316766371743
1702,0.004283330015217264,0.0007744327802633137
1703,0.003954664043461283,0.0007706920639135227
1704,0.002772405588378509,0.0007079799141467969
1705,0.002472156216390431,0.0006712472775327423
1706,0.0037282946209112803,0.0006512826480848268
1707,0.0028971624599459273,0.0006704893703021011
1708,0.004189155235265692,0.0006922321727333252
1709,0.0038398978222782413,0.000717108149776897
1710,0.0053341693710535765,0.0007276621262361812
1711,0.0053352952469140295,0.0007326655248649778
1712,0.004555603741512944,0.0007998169258874105
1713,0.004199274582788348,0.0008857250894414402
1714,0.003669634379912168,0.0008539495334759006
1715,0.004367378637349854,0.0007935708958168149
1716,0.003616900905035436,0.0007314427819767455
1717,0.0028766868946452934,0.000709631709192678
1718,0.005225402287517985,0.0006826367849253978
1719,0.003736230389525493,0.0006644883174694291
1720,0.0025820189776519934,0.0006903382773886909
1721,0.003355732358371218,0.0006401683397901555
1722,0.0056484804178277654,0.0006490566506966532
1723,0.003636194719001651,0.0007214355553312796
1724,0.003497834022467335,0.0007986767269512339
1725,0.0051332584621074295,0.0008535961051538249
1726,0.004937717163314422,0.0007894308862313138
1727,0.0045800476024548216,0.0007334511526218651
1728,0.004984382322678963,0.0006805021953927312
1729,0.003922307025641203,0.0006376003539701992
1730,0.004411684364701311,0.000710934998293282
1731,0.00303963755723089,0.0007419617400604725
1732,0.0029117147748668987,0.0006455262492843822
1733,0.003300009458325803,0.0005802707476542251
1734,0.003892511218631019,0.0005843682512655419
1735,0.002726806350983679,0.0005990890055956208
1736,0.003229204301411907,0.0006163304815451701
1737,0.005315418246512612,0.0006412389426812467
1738,0.005419794489474346,0.0008084239592715793
1739,0.007794940813134114,0.0008597612530415148
1740,0.0031068666838109495,0.0008643811421566888
1741,0.005274550228690108,0.0006678150571479015
1742,0.0030610069632530214,0.0005951978652364876
1743,0.0030484942874560756,0.0005645668106010641
1744,0.004251048981677741,0.0005634586627687715
1745,0.0032220487172404926,0.0005873904733003624
1746,0.00298758300098901,0.0005868589349822223
1747,0.0019936404617813728,0.0005862659589885816
1748,0.004103539410668115,0.0006099257111680089
1749,0.001966090500354767,0.0006592562263872344
1750,0.003595378653456767,0.0006344219196039084
1751,0.0029409830613682667,0.000604766434486935
1752,0.0021809510809058944,0.0006536094167945281
1753,0.0040953580600519976,0.0006851314800881307
1754,0.003321091659987966,0.0006433781868482365
1755,0.002664887932284425,0.0005576200279786234
1756,0.005294104541341464,0.0005419631542446301
1757,0.004436327804190417,0.0006349483871327343
1758,0.0031340173290421566,0.0006494091321017773
1759,0.0033963706499586504,0.0005652317246099221
1760,0.0024468465242534878,0.0005288981021283965
1761,0.005010530709599456,0.00061097256709925
1762,0.0030074669669071835,0.0006163220339615887
1763,0.003150435637993117,0.000596471430821622
1764,0.0019667750224471093,0.0005809202785069281
1765,0.0020707186583119133,0.0006157745547330195
1766,0.009251616398493449,0.0008249458430024484
1767,0.004243218875490129,0.0012567196142102717
1768,0.002243758466405173,0.0013745125258553838
1769,0.0036909811082296074,0.001260491864134868
1770,0.0033295493107289077,0.0011079159162922256
1771,0.002934628410730511,0.0011040130102522236
1772,0.0026361414231359957,0.0010753525056799993
1773,0.003720171897051235,0.000978275400665398
1774,0.0022257567926620443,0.0008801668204982597
1775,0.002327268927668532,0.0008592028657589871
1776,0.004639572789892554,0.0008982791090847064
1777,0.005834323571374019,0.0011012915954843425
1778,0.002373915212228894,0.0010809439448204044
1779,0.003592243231832981,0.0009125930516523097
1780,0.001944286775930474,0.0007426129061420999
1781,0.006189551530405879,0.0007328747268575543
1782,0.0024559841646502414,0.0008772377939813101
1783,0.0025814543943852184,0.0008296871027495298
1784,0.0043393682843695085,0.0007944651477703313
1785,0.002893084854197999,0.0007213295532025572
1786,0.003514561421858768,0.0006674180162678424
1787,0.004371236792455117,0.0007753772536845475
1788,0.0027927678311243653,0.0007904448026685012
1789,0.0035611946135759355,0.0008066367495489138
1790,0.002534929383546114,0.0008124732126465492
1791,0.0045248114581530295,0.0009177924094351325
1792,0.0033207147382199763,0.0010654928216476494
1793,0.0037504918058402837,0.0012654161716577166
1794,0.0031777786479021113,0.0013305764823705393
1795,0.004063361836597323,0.0012239924984662766
1796,0.00251604668640842,0.0009703684743896824
1797,0.003485151519998908,0.0007753671211264047
1798,0.002045193857823809,0.0006894840661787608
1799,0.003112786216661334,0.0007166947208873231
1800,0.0028327343985438346,0.0007798580911653171
1801,0.0021058990387246013,0.000640043114602691
1802,0.002889225686279436,0.0006072507159034205
1803,0.002381902824466427,0.0006254256319759103
1804,0.004890896410991748,0.0006898258729668999
1805,0.0027087011646168926,0.0007030586533354628
1806,0.0023384675732813776,0.0008192402186425
1807,0.0021816883934661748,0.0008331169575120579
1808,0.0026830841166277726,0.0008148631133406003
1809,0.0036233583154777686,0.0007791991457234174
1810,0.003672197643512239,0.0005806904423666018
1811,0.0032570288982242345,0.0005638755388028255
1812,0.002523763966746628,0.0005881451627706608
1813,0.003277775536601742,0.0006361524136199164
1814,0.0031331218391035995,0.0006442647895364538
1815,0.002507253782823682,0.0005590897393875827
1816,0.002801886088370035,0.000518573912021252
1817,0.0023429827376579243,0.0005179474417524268
1818,0.00118373428316166,0.0005509734515162669
1819,0.0024415170618643364,0.0005184455922966801
1820,0.0033691381298316023,0.0004977047313954436
1821,0.0021856974305895466,0.0005039143832735731
1822,0.002415386525293191,0.0004794081082843804
1823,0.002651123578349749,0.00048568502512480656
1824,0.0035760483782117567,0.0005520695579152797
1825,0.002690430385215829,0.0006390556648655451
1826,0.0019898733434577784,0.0007751514132363362
1827,0.004234594044586023,0.0007985134264222776
1828,0.0021792304702103137,0.000808603379195311
1829,0.0032199872735266884,0.0010031732779584434
1830,0.00321231201911966,0.001107158204023209
1831,0.0012541991736118993,0.0010455457513405784
1832,0.00326447122109433,0.0010123881569257475
1833,0.0028312290785834195,0.0011281395734053605
1834,0.002472503778214256,0.0010213793741473765
1835,0.0028100936363140744,0.001200692357130523
1836,0.003332153521478176,0.0010593645169116469
1837,0.0022346811291451257,0.0009026091068585495
1838,0.0013740504664989809,0.0007407543864182866
1839,0.00241297094617039,0.0006803873612726522
1840,0.0018368352980663379,0.0005468853694190713
1841,0.0022091337169210115,0.00048606239785750025
1842,0.002778600932409366,0.00047274314007335154
1843,0.003192019819592436,0.000512479684977351
1844,0.002263862321463724,0.0005583959824455989
1845,0.0031437333673238754,0.0005421632473126914
1846,0.0017031107136669258,0.0005678350993208125
1847,0.0022932578537923592,0.0005914988534045759
1848,0.0025173874106258153,0.0006774654933619068
1849,0.0029425121999035278,0.0007434046343214026
1850,0.004029472459418078,0.000781076182972106
1851,0.0024035292211920024,0.0008474294639502963
1852,0.001998054988992711,0.0007695745289896217
1853,0.0028065273150180777,0.0007773307358882832
1854,0.002820648020133376,0.0007772645528417364
1855,0.0017750217812135816,0.0007684315047267694
1856,0.002265972496631245,0.0007232514714511732
1857,0.003783556623966433,0.0007213156980772814
1858,0.00189012186601758,0.0007672148822379239
1859,0.003226599578435222,0.0007738344031263535
1860,0.00304006101602378,0.0007726422523635805
1861,0.0023351545833672086,0.000799481568405982
1862,0.0037449361911664407,0.0008048616446369486
1863,0.0013335256914918622,0.0008412614666954859
1864,0.002658435609191656,0.0007764563840617867
1865,0.0033448867266997694,0.0006955900712535112
1866,0.0014777077439551553,0.0006428034565947972
1867,0.0015201949592058858,0.0006063949013447487
1868,0.0028735126446311674,0.0006545284153329895
1869,0.002763303086006393,0.0007432953203342071
1870,0.0014408510643988848,0.0007297706676916661
1871,0.004227371296534935,0.000752429006933044
1872,0.004269288798483709,0.0008909220188414972
1873,0.0024363478800902764,0.0008311290553483665
1874,0.002363572622804592,0.0007210392419831577
1875,0.0023300491467428703,0.0006325370124922466
1876,0.003185396625970801,0.0006530223312523564
1877,0.0030272008230288823,0.0006726475860392512
1878,0.0023358489231516916,0.0008201793975493604
1879,0.0027738802367821337,0.0009572171833848156
1880,0.001965062985739981,0.0011003692443782127
1881,0.002743222067753474,0.001201917435388402
1882,0.0024801574647426603,0.0011348896894783696
1883,0.0009186788481504967,0.0008686737740161823
1884,0.0031899947013395527,0.0007573044149147902
1885,0.0045788769843056795,0.0008007944983631721
1886,0.0009159199621838828,0.0009046021398913921
1887,0.0016483267963243028,0.0009572335746280893
1888,0.0010907596015992263,0.0009221124005972337
1889,0.0017844569946949681,0.0008736552652897454
1890,0.0038159809773787856,0.0008199725807943975
1891,0.001269194883449624,0.0007728874732397104
1892,0.001022673153784126,0.0007595493061990853
1893,0.0017505173843043547,0.0007392784133989211
1894,0.003887814035018285,0.0007714242650582646
1895,0.0011818127066362649,0.0007771232169821357
1896,0.0022517512552440166,0.0007280405974682769
1897,0.0033836413097257417,0.0008038540656013926
1898,0.00232695114488403,0.000853112369792111
1899,0.0021928882730814316,0.0008201353277123331
1900,0.003445585227260987,0.0008449020144687585
1901,0.0024478227055321137,0.0008152305686026703
1902,0.001956577618451168,0.0007550154480067413
1903,0.0016243940296893319,0.0007316514980544919
1904,0.0021772977119932572,0.0007392668385842913
1905,0.0014049886725842954,0.0007840347703007099
1906,0.0014375808105493585,0.0008020297864490129
1907,0.0013744372447642187,0.0007176262977375098
1908,0.0014949261598909895,0.0007022752060469142
1909,0.0014847824932076037,0.0006879958048754246
1910,0.0020756134802165133,0.0006678087988457158
1911,0.0032350923245151836,0.0007995709004860959
1912,0.0016946641961112618,0.0008781791388258686
1913,0.0026242643982792896,0.0009886455764362252
1914,0.0016788082546554505,0.0010709242543957213
1915,0.002448796977599462,0.0012418912234852275
1916,0.0015767320059239865,0.0013765750952576946
1917,0.0019526430250455936,0.0011372827476827285
1918,0.0029212094571751854,0.00098494423773924
1919,0.002555926505010575,0.00101739545665921
1920,0.002885839791269973,0.001057543153248248
1921,0.0019725467175400507,0.000983039005005961
1922,0.0015747194061987101,0.0009222416607499646
1923,0.0016851343292122085,0.0009459997326467861
1924,0.001833720695382605,0.0010087020716994827
1925,0.002142928494140506,0.0009541794976317569
1926,0.001811115320500297,0.0008434349441579516
1927,0.0018231563347702224,0.000803148994843165
1928,0.001824215401817734,0.0007681471420920383
1929,0.0020538148431417844,0.0006991305811622054
1930,0.0021979879510278504,0.0007184178334230568
1931,0.002154919318854809,0.0007287383294658877
1932,0.0025461112420695525,0.0007386209422107023
1933,0.0015114893515904744,0.0007553011752877449
1934,0.0019169309409335256,0.0007437200806980506
1935,0.0025325241537454226,0.0007542546110755998
1936,0.0017540526304704448,0.0007362015332961292
1937,0.0017193341938157877,0.0007136720367121831
1938,0.0024395616492256522,0.000696437754695527
1939,0.00083904011019816,0.0006484653765324787
1940,0.0026329903203683594,0.0005975015868558086
1941,0.0027956856686311466,0.0005747816303802098
1942,0.001986951375147328,0.0005709791091530807
1943,0.0012523918567846218,0.0005835984370260015
1944,0.001720335753634572,0.0006019563088397773
1945,0.0022053281233335533,0.0006192930021298755
1946,0.0017077109039140244,0.0006355112622769779
1947,0.001839387638028711,0.0006564285228987447
1948,0.0016731719098364314,0.0006466449070885254
1949,0.0013635725403825442,0.0006653717810925292
1950,0.0015440459984044233,0.0006479652209087596
1951,0.00328385637452205,0.0006098048375137913
1952,0.0013101506745442748,0.0005934479961591113
1953,0.0026552606500141944,0.0005907982241291531
1954,0.002067661496888225,0.0006466210079079832
1955,0.0014086056384257973,0.0006779102262719507
1956,0.001718797938277324,0.0007083382473152937
1957,0.001563142080946515,0.0007104886432276352
1958,0.0017946231023718913,0.000788501876049637
1959,0.0022610656412628788,0.000946403188325944
1960,0.0013564956840127706,0.0010517626954514904
1961,0.0020166639781867466,0.0013027948025091174
1962,0.002025343299222489,0.0013389247101976683
1963,0.0028365553123876454,0.0012292317427934436
1964,0.0013798578642308713,0.0010202128538175633
1965,0.0012763637118041516,0.0008682166444061444
1966,0.0012102716408359507,0.0007564764240435297
1967,0.0019033274322282523,0.0007493564741936518
1968,0.0018824674421921372,0.0007386649941769565
1969,0.0014096301514655353,0.000634583843359996
1970,0.001855633194403102,0.0006562317636446777
1971,0.0017494531037906805,0.0006960628531078062
1972,0.0014680770342238247,0.0006710166940111558
1973,0.0012769552374569078,0.0006130924506238199
1974,0.0013226392834136884,0.0005608530220172602
1975,0.00208225689517955,0.0005580750872702365
1976,0.004263201588764786,0.0005486970666962082
1977,0.0013213663342564056,0.0005786697191665527
1978,0.001116074605185228,0.0005979194186358271
1979,0.001453208480961621,0.0006362580536314618
1980,0.0019189423648640514,0.0006487187599267658
1981,0.0023656056340162954,0.0005993420771821484
1982,0.0013295962475240231,0.0006144506532061649
1983,0.002318584352421264,0.0006613600337047305
1984,0.002653886187666406,0.0007397429489977222
1985,0.001298972424895813,0.0007979254577341571
1986,0.00189396139079084,0.0007968822329738096
1987,0.0030145945687157414,0.0008679257686405132
1988,0.001455289109920462,0.0009472922427778552
1989,0.0009191457085156192,0.000887300876345028
1990,0.0010720231686718762,0.0007941680892278053
1991,0.0015445474612837036,0.0006823212198357572
1992,0.0008802441453250746,0.0006356818747178417
1993,0.0023256646197599667,0.00066320394364605
1994,0.0012703841746163865,0.0006729298974496275
1995,0.0016978676586101452,0.0006836966103574599
1996,0.0017255362162056068,0.0007261431262670466
1997,0.002890590508468449,0.0008678882143171559
1998,0.00241625807636107,0.0008820692082044631
1999,0.001294266803112502,0.0008366542991879804
2000,0.001992499785653005,0.000723702572994152
2001,0.0014702705511202415,0.0006171127691747871
2002,0.0021619211804742616,0.0005680853556276555
2003,0.0025132709027578435,0.000575499306500982
2004,0.0018791117006912827,0.000578754439566023
2005,0.0016242265041607122,0.0005735588343051529
2006,0.001769320829771459,0.0005840298861649149
2007,0.0009117633705803504,0.0005994321160938874
2008,0.0014265113859437406,0.000587633638356796
2009,0.0007211176387500017,0.0006115374067520494
2010,0.0013648435900298257,0.0006315247676531343
2011,0.0017890178288022677,0.0006570302068095175
2012,0.001143463016099607,0.0006904872294313857
2013,0.0011293940246105195,0.0006610446627257251
2014,0.0019171834457665682,0.0006222805072626981
2015,0.0016189568598444263,0.0005847100111960885
2016,0.0016593424564537902,0.0005776226174696321
2017,0.0025221469210616,0.0006036221933733585
2018,0.0012332949554547668,0.0006133525942762693
2019,0.0013890248878548543,0.0006176830253738104
2020,0.0011719251750037074,0.0006218914555968467
2021,0.0014390786314227928,0.000633929144013782
2022,0.0013423518006068964,0.0006171723367164336
2023,0.002005787069598834,0.0006289869966938526
2024,0.0013148286767924826,0.0006583196673357086
2025,0.0012179634592030197,0.0007050843920956274
2026,0.001253738816982756,0.0006955079213520022
2027,0.001814739095667998,0.0006453697712634478
2028,0.001073048188118264,0.0006148438633158149
2029,0.002064627696139117,0.0005801673353941054
2030,0.0017904550768435001,0.000585432960726702
2031,0.0015693004514711598,0.0006139788547549832
2032,0.001397866903183361,0.0006593022752847327
2033,0.0011470940662547946,0.0006660590430296827
2034,0.0017298788666569938,0.0006695108967138814
2035,0.0006784727573782827,0.0006778885478328108
2036,0.0009017825417686254,0.0006839883575360263
2037,0.0017534201266244053,0.0006673965064947607
2038,0.0012803051543111602,0.0006473394426005233
2039,0.001923432449499766,0.0006209726274157847
2040,0.001742541758964459,0.0006376020098036994
2041,0.0017608574281136194,0.0006447688275430766
2042,0.00134412952271911,0.0006632980773475958
2043,0.002147730893921107,0.0006670275320467806
2044,0.0014615029174213608,0.0006193196370704808
2045,0.0012572642648592592,0.00062090594254091
2046,0.0008611963130533695,0.0006575762319422125
2047,0.001246133012076219,0.0006739157398383825
2048,0.0022032548013764123,0.0007898081979055328
2049,0.0020790983457118274,0.0008212140588054423
2050,0.0013073433889076113,0.0008021023965914521
2051,0.0021646649460308255,0.0007399605969729566
2052,0.0019356663571670652,0.0006640141898608216
2053,0.0013240963181791207,0.0006485674322626351
2054,0.001963298391395559,0.0007071450552821421
2055,0.0013813927924881378,0.0007791179131882603
2056,0.0012541685330991943,0.0007943892642128559
2057,0.0020772302038191506,0.0008003921394388883
2058,0.0018842281851296624,0.0008378214221883412
2059,0.0008042947311575215,0.0008569809019957718
2060,0.0010062757375029227,0.0009134362985472582
2061,0.0013310717147154113,0.0009792897130678577
2062,0.0013332511764019728,0.0010177884741049063
2063,0.001051635908273359,0.0008982226670561739
2064,0.001232859311858192,0.0008237048376308025
2065,0.0009761757683008909,0.0007915069747032674
2066,0.0010747355913432936,0.000729159280802096
2067,0.0022564575308933856,0.00069597579725359
2068,0.0009106858711068829,0.0006753658400630655
2069,0.0009941649817240734,0.0007165970989810684
2070,0.0012142400490120053,0.0007990544501212779
2071,0.0011547438101843,0.000839527865888126
2072,0.002774244601217409,0.0008567737405901851
2073,0.0013212407551084955,0.0008628744906364608
2074,0.0022011427014755705,0.0008705220718279873
2075,0.0011253543178706118,0.0009136667777375694
2076,0.002080066849399979,0.001049823591986682
2077,0.0015546767390333116,0.0012159118761052514
2078,0.0014022641621219615,0.0011465169995892466
2079,0.0008426467645525312,0.0011876846108128105
2080,0.0012842974353892108,0.0012114422561938477
2081,0.0014211918770646057,0.0010761701098877436
2082,0.0016644348273985089,0.0011997932012666737
2083,0.0011033131585766872,0.001286421393245807
2084,0.0010909304410840074,0.0012100005879105008
2085,0.0008300681700347922,0.0009277608403554786
2086,0.002231896226294339,0.000844148732449489
2087,0.00118317111240079,0.00083677538848286
2088,0.002126225654501468,0.0008289649405541192
2089,0.0010812730431401481,0.0008799271904509406
2090,0.0011161960428580642,0.0008248937675696716
2091,0.0018851200312686464,0.0008638188496847469
2092,0.0012082759213323394,0.0010420627822576645
2093,0.0016533623139063517,0.0010221705919033603
2094,0.0009423200972378254,0.0008619668303269958
2095,0.0010408710232392574,0.0007210714005244275
2096,0.0009141615087476869,0.0006715388647253402
2097,0.0012042962790777287,0.0006655770740662402
2098,0.0008108860192199548,0.0006446796755322762
2099,0.00092879602064689,0.0006364578407050835
2100,0.0011190538139392932,0.0006598053290372529
2101,0.0023782533321840067,0.0006608672995577779
2102,0.0012371500992837052,0.000695103288924986
2103,0.0018819888005964457,0.0008516411286130634
2104,0.0014177315946047504,0.0009128878400960599
2105,0.0010303597742070754,0.0009137860978259134
2106,0.0012792754801921546,0.0009120332570038518
2107,0.0017208982647086183,0.0008168079167310344
2108,0.0011007032124325633,0.0007314210979210768
2109,0.001012857803531612,0.0006263573212843193
2110,0.0007429940102156252,0.0006082294027495324
2111,0.0021492837695404887,0.000573481381183207
2112,0.0012758288600404437,0.0005789792145757625
2113,0.0013927489363898835,0.0006079327263011548
2114,0.0014964648056775332,0.0006469651615541233
2115,0.000828783493489027,0.000639224310925677
2116,0.0023637548709909122,0.0006404239109074642
2117,0.0010153020188833277,0.0006376255558237259
2118,0.0018780151168660572,0.0006744367889488083
2119,0.0013117669518881788,0.0008061717520331779
2120,0.0010807941211775566,0.0008764026216122359
2121,0.0008511617158850034,0.000840520718215273
2122,0.0010082759778015315,0.000797905305288841
2123,0.0009039854456204921,0.0007579817800178079
2124,0.00109349008416757,0.0007442492858591158
2125,0.0009868654732902845,0.0007022123345397195
2126,0.0014040754448312023,0.0006945743725896536
2127,0.0007374138901165376,0.0006510330114257658
2128,0.0009668830559045697,0.0007349875476824021
2129,0.0012078099704619187,0.0007851442896722876
2130,0.000912157508234183,0.0007747854836276945
2131,0.001734672129775087,0.0008200048533682195
2132,0.0011483779894964148,0.0008499717288133171
2133,0.0006912425490251432,0.0008397609375319199
2134,0.001173357506437848,0.0008700642294293999
2135,0.0014511854892286162,0.0009374719181871423
2136,0.0009382432831140856,0.0008853791126360496
2137,0.0011242210554579894,0.0006867540940337362
2138,0.0010278692313780387,0.0006664643892664354
2139,0.001347342028748244,0.000704735720377655
2140,0.0018145559452629337,0.0007205600748165397
2141,0.0018509714786584179,0.000809139977835598
2142,0.0008077063364908099,0.0008821872839764065
2143,0.0007631788922784229,0.0010034988466813637
2144,0.0014626740245148539,0.0008742103022278139
2145,0.0008079431330164274,0.0007186531186599437
2146,0.0008433427875085424,0.0006804353134074842
2147,0.0012925979836533466,0.000722897509984367
2148,0.001502290124578091,0.0006763810102626333
2149,0.0009715125275154908,0.0006891083512155677
2150,0.0008737746141074846,0.0007456465265495779
2151,0.0014767653822976474,0.0008227587245235884
2152,0.0007869614947897692,0.0008663875227848515
2153,0.0009764379356056452,0.0008320667551509077
2154,0.0012758243848414472,0.0007239086064986601
2155,0.001502994998008944,0.0005961016357647615
2156,0.0010914918617345392,0.0005443568858154641
2157,0.0014878896918768683,0.0005350777988624351
2158,0.0014055405277758836,0.0006632078803220643
2159,0.0007324948984508713,0.000800513515006533
2160,0.001292116908977429,0.0009055030314328029
2161,0.0007823862601071596,0.0011400225652621416
2162,0.001274681630699585,0.0013554743109870026
2163,0.0009677698515588417,0.0013166854507970617
2164,0.0007567337073851377,0.0012372816536352256
2165,0.0017528312824045618,0.0011465872102825526
2166,0.0017703627857069174,0.0011750789439545302
2167,0.0013101588876452297,0.0010983869814646175
2168,0.0008133478928357363,0.0008474684120237566
2169,0.0007923066848888993,0.0007391828125920038
2170,0.0011703906794233868,0.0007903955765177458
2171,0.0010927203033740322,0.0007891366939054943
2172,0.0012198606020926187,0.0008691350040325557
2173,0.0009172706205087404,0.0009625921895923583
2174,0.001090458508891364,0.0009213847330123273
2175,0.0010786496985626096,0.0009217520253950654
2176,0.0008847668514742206,0.000814422014665011
2177,0.0014526073937304318,0.0008712008824212509
2178,0.0014400314074009656,0.0009769441189560277
2179,0.0010734077271384497,0.0008572133728411942
2180,0.001019907418716078,0.0007181528690870176
2181,0.0008213986720268925,0.0005913174933105794
2182,0.000834248752410834,0.0005495977829338449
2183,0.0014532331396670392,0.0005564949084114153
2184,0.0007958767431167265,0.0005922858376595142
2185,0.0011720647099233853,0.0007410234850300313
2186,0.0020096078660571948,0.0010088011990056227
2187,0.0011358751954200367,0.001168903185337869
2188,0.0013005280362752578,0.0010766513824016291
2189,0.00059002324899969,0.0009655836783757989
2190,0.001988514648595204,0.0010559270335415824
2191,0.001055937927837173,0.0010546979185313595
2192,0.0022069734327184658,0.0010338820464642206
2193,0.0011360842695770164,0.0010932831911299357
2194,0.0012544427649118007,0.0010919895163350548
2195,0.001660207307819898,0.001084667778225365
2196,0.0007847742604402204,0.00102443252016153
2197,0.000897105746359254,0.0008633989780836287
2198,0.0009617558098398149,0.0007814087951623927
2199,0.0012945085065439344,0.0008561700931069446
2200,0.000881629823318993,0.001027731813098255
2201,0.0007490501661474506,0.0012722424127989346
2202,0.000657653622329235,0.0012596097287357027
2203,0.0024904493688760946,0.0010829813593225173
2204,0.0007370485652548572,0.0008772291285285388
2205,0.0006047482000819097,0.0008928275208277573
2206,0.0011020277665617566,0.001096890132999516
2207,0.0013131459321205814,0.0011327991409129218
2208,0.0009252814420809348,0.0013378592744491427
2209,0.001111372160570075,0.0011360615666149653
2210,0.0018911000496397415,0.00104521757484637
2211,0.0013873393569762509,0.0009761807843715998
2212,0.0005818988118941585,0.0008723708747869782
2213,0.0007790840308492382,0.0007328200116562956
2214,0.0006997717932487528,0.0005917198910399705
2215,0.0014047608439189693,0.0006030889980941576
2216,0.0009573534305673092,0.0006307771688801024
2217,0.0008740131782057385,0.0006574485263765424
2218,0.0012968311551958323,0.0006272839290384008
2219,0.001861073881930982,0.0006685764699008817
2220,0.000827230573243772,0.0010388537271939524
2221,0.0008500625001033768,0.001418639276699539
2222,0.0008765858598053456,0.0014537026266954098
2223,0.0015645825536921621,0.001381338866051744
2224,0.0008045557498311003,0.0012548175886850695
2225,0.0009474465235446891,0.0009387170484736126
2226,0.0014097800109690677,0.000775699707276422
2227,0.0012213809260477623,0.0008544352481533822
2228,0.0008642425353173166,0.0008558738715973906
2229,0.0006984705047216267,0.0008403894141566945
2230,0.0014462168677709998,0.000795910352764771
2231,0.0007829954964108765,0.0007477384816299667
2232,0.0006917039980180561,0.0007096922803909807
2233,0.0010427300507823626,0.0007635326245908588
2234,0.001340583327692002,0.0006928269101895
2235,0.0014670143524805705,0.0006952898237140773
2236,0.0009487076041599115,0.0006128224683448956
2237,0.000882450636709109,0.000528140063499705
2238,0.0005698677928497394,0.000491499969577798
2239,0.001115691097220406,0.0005430250771735844
2240,0.0008377978655820091,0.0006268547123845405
2241,0.0007181312559017291,0.0007981115847292264
2242,0.0006740164807221542,0.00097075189608122
2243,0.0008517293608747423,0.0009509196031119739
2244,0.0007121441847023865,0.0009367935446619291
2245,0.0005451432429254055,0.0009245703000934762
2246,0.0008860439081521084,0.0007598185196943712
2247,0.0010010424923772613,0.0006978193707137821
2248,0.000835971188886712,0.0007142243652920407
2249,0.0015105714672245085,0.0007907136674284151
2250,0.0005345873398861537,0.0008157043110535682
2251,0.0009164957630370433,0.0007825449806207801
2252,0.0008497520699165762,0.0008411072623474817
2253,0.0008596565943056097,0.0009264971309325151
2254,0.0010603310026150818,0.0009483697501485024
2255,0.0006803706792804103,0.0009578870240413742
2256,0.0005182699993990051,0.0010397065626947504
2257,0.0005657229320301364,0.0012085309459103479
2258,0.00045351710286922753,0.001141656617693908
2259,0.000836545606822862,0.0009981210749291363
2260,0.0008644263182456295,0.0009883339081112055
2261,0.0011263099654267232,0.0010168488159209316
2262,0.000729312984428058,0.0010789258967899874
2263,0.0010934785609909643,0.0013109327005276902
2264,0.0013812250186068316,0.0013650708671179954
2265,0.0006391021112600962,0.0012018747657689957
2266,0.0008691150966721276,0.0010815942871019418
2267,0.0007345946272835135,0.0011188286800503904
2268,0.001001273023818309,0.0012283417592315298
2269,0.0011042601661756634,0.0012102490372694376
2270,0.0008577622744875649,0.001089368728997066
2271,0.000750991217015932,0.0009666204422559829
2272,0.0007893695321399719,0.0009699669450096655
2273,0.0005194177346614499,0.0011128191346008527
2274,0.0007758644700516015,0.0010620793879130169
2275,0.0009648636177492638,0.0009510063597583893
2276,0.0005924504366703331,0.0008523178045850312
2277,0.0009245948516763747,0.0009114115910157997
2278,0.0010794780168604727,0.000943831784231316
2279,0.0009112139955201807,0.0010289117429754017
2280,0.0005166912179750701,0.0010658243285731701
2281,0.0004260196646403832,0.0010384836987107557
2282,0.0009294118538188437,0.0011062812814434545
2283,0.0005867463226119677,0.0011180079200343168
2284,0.001194907003082335,0.000994292285282448
2285,0.001034602402554204,0.0010066957686815346
2286,0.0007225070556160062,0.0010108758017355413
2287,0.0005644627303505938,0.0011519469002163724
2288,0.0005132903626266246,0.0012035782126252328
2289,0.0005711852146002154,0.001042446926949622
2290,0.0004970221974266072,0.0008885976286572323
2291,0.0007933648962837954,0.0007329128433443737
2292,0.0006390052304292719,0.0007814556899431505
2293,0.00038376551625939704,0.0009335870425658006
2294,0.0011003856197930872,0.0010164019785146093
2295,0.0006608270525854702,0.001015317107534461
2296,0.0004214436553108195,0.0009005396941415312
2297,0.0008700058329850435,0.0009111744216888359
2298,0.0006065594963729382,0.0010408486786968353
2299,0.0007954178824244688,0.001093852992730531
2300,0.0005489380525735517,0.001044022163093003
2301,0.0008268201510266711,0.001006673216106294
2302,0.0007617144908484382,0.0009225279879783503
2303,0.0005325803106340269,0.0008319426765011853
2304,0.0005852375586982816,0.0007668966093857647
2305,0.0007156420169242968,0.0007174507049674833
2306,0.0006873054900400651,0.0007949217933377153
2307,0.0008438225369900465,0.0008797305023395701
2308,0.0007736147944039355,0.001118198435410465
2309,0.0009662445886836697,0.0012290071483636112
2310,0.0004990334477042779,0.0011666531140823461
2311,0.000712557965501522,0.0009766693120789633
2312,0.000947654639215519,0.0007876875542774142
2313,0.0008619090348171691,0.0006841073532272893
2314,0.0004965713014826179,0.0007908450465442406
2315,0.0004951927345246077,0.001055263112195664
2316,0.0006976670275131862,0.0008566203460434985
2317,0.001803465688135475,0.0006489620441216867
2318,0.0008538449154002592,0.0006320691471429248
2319,0.0005706779619989295,0.000685532587377507
2320,0.0011241872290459773,0.000886191301148559
2321,0.0005697431586061915,0.0009860081825546964
2322,0.0009200222790241242,0.0011524914703277425
2323,0.0005731243960326538,0.0012362683389324977
2324,0.0005761005314222227,0.0008981817535380697
2325,0.0006907594991692653,0.000744082770931224
2326,0.0007927215376791234,0.0007621449662089261
2327,0.0004099569496853898,0.0010061678367705024
2328,0.0007901667171002676,0.0013380560551481376
2329,0.0005052461327674488,0.0013836176837222617
2330,0.0006552688884160792,0.00108080180988195
2331,0.0004443509198608808,0.0008446169787015744
2332,0.0005425010206333051,0.0007663382638017076
2333,0.00098610349620382,0.0008513592789494242
2334,0.0008793196553597227,0.0009053083012773715
2335,0.0010800042344878116,0.0010164135329054985
2336,0.0008830305009420651,0.001146209991281057
2337,0.000621010522202899,0.0010098273898556567
2338,0.0007413546709964673,0.0007885134008261021
2339,0.000750081774701054,0.0007322895608172475
2340,0.0007847649811689432,0.0009802686597209706
2341,0.0007891626853961497,0.0013236032093586455
2342,0.000675151904579252,0.0014668499114133462
2343,0.0005867199196169774,0.0011028004503857932
2344,0.0004320865710421155,0.0009668970518685573
2345,0.0007276077929418534,0.0007983292738923378
2346,0.0014232659557213386,0.0007843422136345758
2347,0.0008855914192584653,0.000686930995795342
2348,0.0009046565265938019,0.0006991124171382416
2349,0.001147188675046588,0.0006571252314967501
2350,0.0005526180437300354,0.0006375730011138346
2351,0.001013670916048189,0.0007338078557418343
2352,0.0006512575821640591,0.0007942273898992404
2353,0.0007175267577016106,0.0008083396606223537
2354,0.0006920528927973161,0.0008831252520958409
2355,0.0011389856847623984,0.001058390413748634
2356,0.00041030655071760215,0.0009898968301005444
2357,0.0006673360204634567,0.0007846894883686862
2358,0.0006175167625769972,0.0006930941880247637
2359,0.000852737994864583,0.0007609002124000755
2360,0.00044813638087362053,0.0008246237578888952
2361,0.0011167220664598668,0.0009691222820686972
2362,0.0006322867159421245,0.000900071504735524
2363,0.0005966391152469441,0.0008070668585500435
2364,0.0012743425904773176,0.0009440641955074946
2365,0.0011410559178330003,0.0009592531537582651
2366,0.0005922434444073588,0.0009140828821797207
2367,0.0012309082473317783,0.0008564773601158495
2368,0.0005892338755074889,0.0008491088863603815
2369,0.0009314766813380023,0.0007843986348989719
2370,0.0006786441663280129,0.0007919417020227564
2371,0.0004453074284053097,0.0008935269127648912
2372,0.0009601623828833302,0.001143604022728508
2373,0.0006811958868638612,0.0012189859220736296
2374,0.00048318905755877494,0.001136950510608479
2375,0.0007781487695562343,0.001406654643374141
2376,0.0007216370354096095,0.0013987132428453593
2377,0.0006938989390619099,0.001193508724355253
2378,0.0005224875872954726,0.0013243070318859223
2379,0.00045477566115247704,0.0011735408531490996
2380,0.0008007814816664904,0.0011070396571436472
2381,0.0006441342101121942,0.0010267387522787553
2382,0.0009295892106213917,0.0010791652208215921
2383,0.0006873257594027867,0.0010197696140531603
2384,0.0008340293075889349,0.0011066602395264683
2385,0.0005364074449365337,0.000899270605105275
2386,0.0007106534205377102,0.0007927769063890242
2387,0.0007964211026167807,0.0008300143659621346
2388,0.0009414568902381385,0.0012264177237217974
2389,0.0007555180326259385,0.0013996961237917169
2390,0.0008029089183158552,0.0013412205006774756
2391,0.0006878105845923225,0.0011867806349461626
2392,0.0006244182935915887,0.0009968559671607283
2393,0.0011517350794747472,0.001073827927221397
2394,0.0005327293241862207,0.0010035562006299173
2395,0.0006165906010816495,0.0009911531845940963
2396,0.00041000840719789266,0.001345275200383291
2397,0.0011793231969932094,0.0015178382395336415
2398,0.000841914462701728,0.001299121307157394
2399,0.0008388193304805706,0.0009526339490974202
2400,0.0008657944815543791,0.0009243040584226559
2401,0.0004393110265179227,0.0010819634213656928
2402,0.0007143460990240176,0.0014606235015794243
2403,0.0005073685975124438,0.0016212200573019204
2404,0.0006201502023031935,0.0015884010898690039
2405,0.0003438263937520484,0.001461585552693067
2406,0.0008396821950251858,0.0011567696071180858
2407,0.0005322772505072256,0.001159238052412824
2408,0.0007797242433298379,0.0012946261082127778
2409,0.000677974201971665,0.0012395648375611032
2410,0.0006086792447604239,0.001083475217626196
2411,0.00048825272630589704,0.0009567683463240838
2412,0.0004310902130479614,0.0008551086243296489
2413,0.0005359188420698046,0.0007907672072433981
2414,0.0005621937976684422,0.000842961521508793
2415,0.0008800152116843189,0.0011698069841987644
2416,0.0008151046582497657,0.0013879454934326877
2417,0.0007858431975667676,0.0013348870578477954
2418,0.0003993891989618229,0.0010491561162290952
2419,0.0007660207784889887,0.0009706635620412335
2420,0.000831071903424648,0.0010228823756047508
2421,0.0006002774306883414,0.0011365718170129068
2422,0.0004836030743414691,0.0010355115304455946
2423,0.0006172891880851239,0.0008943980295559641
2424,0.0010079649568069727,0.0009386606020199364
2425,0.0008616982920405766,0.0010782653106409207
2426,0.0004075896237433578,0.001550604496695842
2427,0.0006527878266448776,0.001440413922550734
2428,0.0005018206022214145,0.001143586485543185
2429,0.0008871396111013989,0.0010124531667134915
2430,0.0006415651878342032,0.0010958698337178742
2431,0.0005583255086094141,0.0012636708717913045
2432,0.00046956720761954785,0.0014002657882128543
2433,0.0004582542305191358,0.0013839877598608534
2434,0.000545316874437655,0.0014450412682034293
2435,0.00046007538912817836,0.0014790444517758681
2436,0.0005013162580629189,0.0011298666866114962
2437,0.00040080657539268334,0.000811237758107222
2438,0.0006280659620339672,0.0008013549530388493
2439,0.0013881938027528425,0.0008539515527030616
2440,0.0005457724289347728,0.0009150346387068779
2441,0.000663270700412492,0.0008149125840656503
2442,0.0010620859878448148,0.0008950275300909378
2443,0.00030091133958194406,0.000831383061922041
2444,0.000740311574190855,0.0007000275957670433
2445,0.000680046850660195,0.0006976206000616545
2446,0.0006481590525557597,0.0008476305349964147
2447,0.000634758406279919,0.0009464811246395546
2448,0.0005347243743017316,0.0009955861312963548
2449,0.0007446450200707962,0.0010275458372388667
2450,0.00034759729460347443,0.00103328761110921
2451,0.0005570513855976363,0.0010212320420477125
2452,0.0008400272878740603,0.0010031770107374466
2453,0.0005884220435594518,0.000941044563830596
2454,0.0006776146047438185,0.0009915689585120444
2455,0.00039987651786456505,0.0009531160416244937
2456,0.0004192976552682618,0.0010196021632073522
2457,0.00036395922070369123,0.0009262537289606897
2458,0.0013315853740399084,0.0009286266527607035
2459,0.0008118501534530272,0.0008762113658754884
2460,0.0006339707062579692,0.0009620775208585182
2461,0.0008029659084665279,0.0010479812592687357
2462,0.0005696988247412567,0.0011899957516059083
2463,0.0006321568662921588,0.0013111594857441054
2464,0.0004506634063242624,0.0013450090221962647
2465,0.000497172656469047,0.0012286862913976635
2466,0.0007496533216908574,0.0013115948361578829
2467,0.0007329354833927937,0.0013322846879583528
2468,0.0006459404132328928,0.0013080269114620854
2469,0.0005934401803339521,0.0011934050643402669
2470,0.0006741014309227467,0.0010727121238052104
2471,0.0007890394655987621,0.0013135105660130755
2472,0.0005731777171604335,0.0014760724319232224
2473,0.00040792214713292196,0.0014204220786385717
2474,0.0004472174303373322,0.001301120860469446
2475,0.0008239375388560195,0.0012384735017862412
2476,0.0006641540171888967,0.0011380292231500237
2477,0.0009854961865736792,0.001016001757615578
2478,0.0004447831694657604,0.0010744931015638057
2479,0.0006791399442590773,0.0012374287386076274
2480,0.0007952258068447312,0.0011661789551573364
2481,0.0006018278674067308,0.0009440930294041789
2482,0.0004647189654254665,0.0007641204559293232
2483,0.0005991786252707243,0.0007423292106828974
2484,0.0006685431037719051,0.0008941003004339529
2485,0.0006141495997629439,0.0010105766170816115
2486,0.0004768915222181628,0.0010921381119834749
2487,0.0005928040094052752,0.0007495435365960437
2488,0.000858271667190517,0.000615407357044104
2489,0.00042261285222290704,0.0007329380070948592
2490,0.0005570285798360904,0.0008874096845042462
2491,0.0005018196961221595,0.0009562607649686523
2492,0.0005297970705820869,0.0009614617093357295
2493,0.0005754001205787063,0.000876246463393041
2494,0.0007463235679703455,0.0009785904896265844
2495,0.0011143095655521999,0.0010951260531631608
2496,0.0007437084059347399,0.0011270765643376225
2497,0.0005773312780850878,0.0010957170648184435
2498,0.0004908736057889959,0.0010505132234181489
2499,0.0006364706884293506,0.0012793498289395582
2500,0.0005116297164931893,0.001308376941699208
2501,0.00034707609447650614,0.0010696942768228508
2502,0.0005621389582908402,0.0010929204229461519
2503,0.00043664874780612685,0.0010737728971541363
2504,0.0005573700754515205,0.0014154982616258948
2505,0.0005395277985371649,0.0017807002135753981
2506,0.0004332855091585467,0.0018122271227525078
2507,0.00037003153508218624,0.0016380589688877569
2508,0.0007367654587142169,0.001626968418169026
2509,0.00040582112657527126,0.0019011570464776098
2510,0.0005628337477295039,0.0021674707477465707
2511,0.0005970322973250102,0.0018957625320235713
2512,0.0006010809253590802,0.0014108136644837453
2513,0.00034943498903885486,0.001245828484299413
2514,0.0005335850733293531,0.0012382001095936138
2515,0.0005648640149350588,0.0012935918850459332
2516,0.000583651694857205,0.00139863709497064
2517,0.00046829612692818047,0.0011879112731463858
2518,0.00047414130919302505,0.0012314578001550807
2519,0.0003467506845481694,0.001247831123979076
2520,0.000301996961934492,0.00127479056038006
2521,0.0005560276700028528,0.001525011755068574
2522,0.00043104886232564845,0.0015371873197336382
2523,0.00043887603581727795,0.0015887986835941934
2524,0.0005670416702438767,0.0016653205952961107
2525,0.0005631046524892251,0.0016982174180284666
2526,0.00044824780197814105,0.0013224142283604246
2527,0.00032161890994757413,0.0011590898863437493
2528,0.0007075203524436801,0.0011333649922216757
2529,0.0005930041205526019,0.0013923330456481386
2530,0.0004070128100768973,0.0015087227782299905
2531,0.00044044156287175915,0.001293849148950948
2532,0.00044167389860376715,0.0009717033060855771
2533,0.0004287507850676775,0.0009812122293916799
2534,0.0005326193020058175,0.0012520265367905997
2535,0.00043756657008392117,0.0013552461934619043
2536,0.0005230961891356855,0.0016222502849042983
2537,0.0007138181516590218,0.0017521210976097492
2538,0.0004570097255054861,0.0013629730184268403
2539,0.00044897092739120125,0.001214472830910998
2540,0.0005649853808184465,0.0015119943959769188
2541,0.0003106844970413173,0.0016439331093617872
2542,0.0006317637744359672,0.0016873879031392566
2543,0.0005867385276360437,0.0014492370785971047
2544,0.00047254361561499536,0.0014316553674768983
2545,0.00036255207863481094,0.0014413703615608357
2546,0.0006772255098136762,0.0015435813563979333
2547,0.0005997304532987376,0.0018589016334671113
2548,0.0006081343512050807,0.001627721861195451
2549,0.0005484908586367964,0.0009121993871144296
2550,0.0005043351304872582,0.0006721250318693357
2551,0.000613088133589675,0.0007354819661071687
2552,0.00037040928727947173,0.0007983810810933206
2553,0.0003914916635646174,0.0009063412476200284
2554,0.0005916987953241915,0.0010393712225735014
2555,0.000453340009941409,0.0010846902348090246
2556,0.0005258540254241477,0.0012316298762973595
2557,0.00019667115605746707,0.0011547565513306804
2558,0.000310054161430647,0.0009799494853308588
2559,0.0002934306568931788,0.0007861376102136895
2560,0.0006070134307568272,0.0006936832081951332
2561,0.00048522459692321716,0.0006807543441506201
2562,0.00090843877211834,0.0008415123856250654
2563,0.000577569465773801,0.0010583076577726207
2564,0.00034866421531963473,0.0010620164827917491
2565,0.00044727966693850857,0.0009086663941634895
2566,0.0004012611306582888,0.0008213824973093096
2567,0.00032021520892158153,0.0007804267851183769
2568,0.0008089335703213388,0.0008886208092624986
2569,0.0003216110441523294,0.0009377525318740753
2570,0.0006255014207757389,0.000978033114170209
2571,0.0005320387814814845,0.0008984986918689737
2572,0.0005954977008514106,0.0009243718456689333
2573,0.0005637804405220474,0.0010568469006102532
2574,0.00039972648567830523,0.0013465746675212242
2575,0.0004072579846251756,0.0018163758428081085
2576,0.00038113514019642023,0.001678530107747916
2577,0.0005680917442077771,0.001512628310763043
2578,0.00051689267954013,0.0014011291276434796
2579,0.00038429014287733786,0.0013809185279383494
2580,0.00040309310037021836,0.0014747893206274126
2581,0.00040411286269469805,0.0015852517191026557
2582,0.0003932358110129523,0.0016464602097675575
2583,0.00033575901567625503,0.0015256209043671557
2584,0.00039110953997199734,0.0011936981491036495
2585,0.0003533954072433213,0.0010573959818153441
2586,0.0004016670728257547,0.0012124472965584381
2587,0.00044588601255478956,0.001461380483699712
2588,0.0004630811910222595,0.00167634450028547
2589,0.0006538070626750899,0.0015066481377161516
2590,0.0005010138741151119,0.0012093117186249567
2591,0.00043879025227700673,0.0011965353069118938
2592,0.00045820947658891477,0.0009200391985955294
2593,0.0005780877429060638,0.0009278315613019057
2594,0.000538292034373929,0.0013018170012874604
2595,0.000369572724836568,0.0012209188708441866
2596,0.00046723096747882666,0.0010351598217173844
2597,0.00037915268718885877,0.0010683502925679697
2598,0.000368923144803072,0.0009509013565420581
2599,0.00025135524726162354,0.0009128543880512143
2600,0.0004090964144173389,0.0008482254976243304
2601,0.0003504918306134641,0.0008209700041249046
2602,0.0007905341180351873,0.001047987597776653
2603,0.00034309083906312784,0.0012586139930869664
2604,0.0005962559992137054,0.0015019834441900777
2605,0.00039908121592209983,0.0016573897266096017
2606,0.00041278905506866674,0.0015953425236307738
2607,0.0003337016047832246,0.001200913796773213
2608,0.00043598041326428454,0.0008147063301549407
2609,0.00041414369091702006,0.0008422547028187598
2610,0.0007086424273438751,0.0009929554731644996
2611,0.0005596419815750172,0.0010842637108551742
2612,0.0003516709189473962,0.001016042833162025
2613,0.00035690145450644194,0.0008953548409589376
2614,0.00044672698713839055,0.00077094455734331
2615,0.00046852082790186007,0.0009757960807499394
2616,0.0005545815957399707,0.0010954390132897778
2617,0.0005601976784722259,0.0006138013415576411
2618,0.00024409514347401758,0.0005284238495041579
2619,0.00058282405952923,0.0006247542017140856
2620,0.0006204057009502624,0.0007040396496811501
2621,0.0004046661895699799,0.0009209551887276272
2622,0.00046942294769299525,0.001170168178052538
2623,0.00029732149365978934,0.0009083527940929981
2624,0.0005836391840906193,0.0008836887539936262
2625,0.000564972903036202,0.0012810604281897782
2626,0.0003196876922932764,0.0013143516490126998
2627,0.0004954539869989579,0.0009965576995327546
2628,0.00042967484526646636,0.0010974435966287614
2629,0.00045101349630082644,0.0012281783468400438
2630,0.000441546825459227,0.0013396341192988101
2631,0.00039626710737744966,0.0012147177054345258
2632,0.0007762098995347818,0.0012149918294778606
2633,0.0003916253840240339,0.0011588336671130698
2634,0.0003120111592579633,0.0010829066329401487
2635,0.000550188011645029,0.0009931527181631988
2636,0.00037961778580211105,0.001280528557219962
2637,0.0006003055333470305,0.0017635140214687247
2638,0.00042656741958732407,0.0022400820688058608
2639,0.00044636234912710885,0.002351975497688924
2640,0.00044706627959385515,0.0013203389223730355
2641,0.0010033564181261075,0.0013319960344659045
2642,0.00045357362444822986,0.0015357857888662501
2643,0.000441890499011303,0.001417983142245147
2644,0.0006476623433021208,0.001252855570464019
2645,0.00031254180163765947,0.0012953056489547704
2646,0.0004946410675377896,0.001258590581353035
2647,0.0006279183600175505,0.0012705183951510933
2648,0.00031532439946507416,0.001390205389188265
2649,0.00042682377970777453,0.0012694795994491082
2650,0.0003804040784113264,0.001102880134290814
2651,0.0003226146179561814,0.0009693348615522884
2652,0.000387843589608868,0.0008537868209379284
2653,0.000309308833675459,0.0008664160547505694
2654,0.0002593738279150178,0.0009987661805635655
2655,0.000286494821193628,0.0011262588117173628
2656,0.0002341020570990319,0.0010338637566640538
2657,0.00045693287005027137,0.000903242525688171
2658,0.0004299732060947766,0.0008136487221454233
2659,0.00026623482699505985,0.0008602518777564516
2660,0.00044532970641739664,0.000975240548195764
2661,0.0004316507717400479,0.0009825914156655863
2662,0.0004412368328000108,0.0009141769641411234
2663,0.00030336906396163005,0.0008535108271011353
2664,0.00034445835820709665,0.0007666024523759969
2665,0.0003738821755784253,0.0009986434464767705
2666,0.0004515196254942566,0.00166015803224369
2667,0.0003997828733796875,0.0014210640243799235
2668,0.000385360265984976,0.0009152075488185673
2669,0.00027055155951529743,0.0007820303061002136
2670,0.0005129568375802289,0.0009706914264910272
2671,0.00036863539086577174,0.0010827156794747633
2672,0.000410648852509136,0.0010493472984403763
2673,0.0006927202513907105,0.0010324431650002885
2674,0.0003849953975683699,0.0008518590104401286
2675,0.00047047957026128036,0.0008064277523894364
2676,0.000383879830284665,0.0008356026441882752
2677,0.00030631646416926135,0.0009389213100484197
2678,0.0005000624611663321,0.0013017190340497908
2679,0.0003349031942586104,0.001679700041225191
2680,0.00041706881214243673,0.0016951067155303314
2681,0.000480929573920245,0.0014314417467229286
2682,0.0003550300801483293,0.0017455961403426065
2683,0.00035724594296577075,0.0016210802983252974
2684,0.00036786180765678486,0.0015221445655112552
2685,0.00073410765423129,0.001432408820374798
2686,0.00033247220368745427,0.0012632209544848891
2687,0.000504576894066607,0.0011907167040350799
2688,0.00037052421636569,0.001147207325768292
2689,0.00035312761707852284,0.0008118428522720933
2690,0.0006521566266504427,0.0008019627793896289
2691,0.0006695948541164398,0.001200044121387638
2692,0.000520119290255631,0.0014046102585897329
2693,0.0004934749061552187,0.0012256455585926945
2694,0.0006144315605827918,0.0013190413078385792
2695,0.00029469277748527624,0.001395346954933297
2696,0.0004148822006148597,0.0012310423540381704
2697,0.00042102099638820315,0.0015380885806043595
2698,0.00037758367252536116,0.0017665085397736981
2699,0.00042109343533714615,0.0017925735695113302
2700,0.0006791559571865946,0.0022029997801342816
2701,0.00030915883059302965,0.0021266177948836605
2702,0.0006614818955616405,0.0020609084885752603
2703,0.0005193267560874422,0.0018376233028955975
2704,0.0004001109822032352,0.001805286106315839
2705,0.0003920815128367394,0.0018195472029650485
2706,0.0004952929797582328,0.0015519048507347136
2707,0.0004924217345736299,0.0015416516178990143
2708,0.0006135637988336385,0.0015336947538753787
2709,0.00047289084953566394,0.0013722751646340764
2710,0.00035965278511866926,0.0010721866475085983
2711,0.0002597369796906908,0.000922870870927425
2712,0.0003210650698747486,0.000739920098056788
2713,0.0005186242216344302,0.0008690002090461029
2714,0.0003971881844336167,0.000918897301808261
2715,0.0004729121414129622,0.0008964812568911727
2716,0.0004301081363034124,0.0010284814442036816
2717,0.000722285241742308,0.0013807624730292425
2718,0.0004088482324732468,0.0014977170401579585
2719,0.0006063189454531918,0.0016111398293781067
2720,0.0008278030746926864,0.0015644058641332218
2721,0.0005998475758436446,0.0019344501935996724
2722,0.0005098134977743029,0.0020002849554583125
2723,0.00048199075002533693,0.0014745515862436235
2724,0.00044781087005200487,0.0012250382692160968
2725,0.00026180537048882494,0.001181538652476163
2726,0.0004902687205079322,0.0015149941219953678
2727,0.0004068854148499668,0.0020892184296805324
2728,0.00047387876741898557,0.002361055332159743
2729,0.0003424453975943228,0.0021832526984150733
2730,0.0005005985498428345,0.001415002332354912
2731,0.0005296584354558338,0.0009280358555546978
2732,0.0003396295321484407,0.0008977155064298003
2733,0.00030176402748717616,0.0008878724126019978
2734,0.0005257153456720213,0.0010578507669501507
2735,0.0003336790619262805,0.00152806826061787
2736,0.00038180747117924814,0.0014847592574582374
2737,0.0003563824847030143,0.001352505370183461
2738,0.0003414258399667839,0.0013731225497192806
2739,0.0002933145886345301,0.0014732826488536418
2740,0.00044489347201306375,0.0015192425686236994
2741,0.0003976701603581508,0.0014813020265435157
2742,0.00035255673671296485,0.0014977638112048874
2743,0.0005453574160734812,0.0015656223080845343
2744,0.000337579499076431,0.0017196596436725375
2745,0.00032112453094062707,0.0013637896314023705
2746,0.0004434274567756802,0.0012393688833428143
2747,0.0005576819200844815,0.0012399062234499868
2748,0.0003249664034228772,0.0013607899601876256
2749,0.0006154948195520167,0.0015534117493822038
2750,0.00037858266732655467,0.0016853661938129288
2751,0.0005395734022992353,0.0012380959342195713
2752,0.00047848032942662637,0.0011365685730420968
2753,0.00041424313676543536,0.0010518899251440027
2754,0.00044355718224930264,0.001033712248590214
2755,0.0002228481248797228,0.001028701113618649
2756,0.0006074701416461418,0.0012739753188587158
2757,0.0002684450606466271,0.0014541118871420622
2758,0.0003626865587042024,0.0014734272634044116
2759,0.0003981912217568606,0.001869279904868345
2760,0.00038544828809487325,0.0016213665928756981
2761,0.0003034264702970783,0.0013394966212302796
2762,0.00020930180908180774,0.0009787445683685835
2763,0.00046009312306220335,0.0010273155745402066
2764,0.00034608172718435525,0.0013233491261108446
2765,0.0004269119662543138,0.0015736742728738365
2766,0.00030741209047846496,0.0013694534771285995
2767,0.0003031132024868081,0.0010641205940825854
2768,0.00029892375071843467,0.0010875290020080338
2769,0.0006500874743020783,0.001517780443070707
2770,0.00037874237556631367,0.0016980655521987693
2771,0.0005013616163826857,0.0015652466879215374
2772,0.0004165015086376419,0.0012589174497066534
2773,0.00028799683204852047,0.001359279250810522
2774,0.00029405496801094465,0.001365713396297539
2775,0.0003039701511928191,0.001153790963165549
2776,0.0004026259887420262,0.001127438799121379
2777,0.00045777725366254646,0.001261041719569928
2778,0.0002854776937359323,0.0013596277152275263
2779,0.0003166374342981726,0.0015163387478961015
2780,0.0004958769461760918,0.0012821699754738014
2781,0.0004018892825115472,0.0010345769274778315
2782,0.0003997119163007786,0.0012244004820887414
2783,0.00042398445487682086,0.001484178065197074
2784,0.0002823139434137071,0.0015458335061094652
2785,0.0004450425486235569,0.001525256585000268
2786,0.0003232663841724085,0.0013027924047619628
2787,0.0002535702156213423,0.0013086421773306023
2788,0.00020584354836804172,0.0012507759366859818
2789,0.0003096856118645519,0.0009895803363263957
2790,0.00030904209706932305,0.0009052445666118367
2791,0.00039567842613905666,0.0010599873291821443
2792,0.00031892873521428556,0.0011745407317536312
2793,0.000419619035286208,0.0013372181628473997
2794,0.0004158726873962829,0.0011256121988108719
2795,0.0006102732460324963,0.0010773758710313
2796,0.00030923744974037013,0.001042908796739672
2797,0.00036679169910106186,0.0009532236660577422
2798,0.0005938043041775624,0.001115512482213314
2799,0.000356493289291393,0.0014099068228258854
2800,0.000463996179557095,0.001736285137720624
2801,0.0002919696814691027,0.0022909242909317238
2802,0.0003475889709079638,0.00229081269918685
2803,0.0005932438546248401,0.0021791977931102683
2804,0.0003613373381085694,0.0020151505967035714
2805,0.00037883974825187274,0.0018182381918130997
2806,0.00037434062445148203,0.0018027657338306417
2807,0.00045272898472224673,0.0017225469519760001
2808,0.0002709592023165897,0.00143531363624916
2809,0.0005829996720422059,0.0014027314238816673
2810,0.00026732500021656354,0.0014221055275891303
2811,0.00031110113147102915,0.0012077934694835883
2812,0.0004895739941275679,0.001249419028288004
2813,0.00028988655443148065,0.0012925125141791476
2814,0.00040995730766250443,0.0012241389254538332
2815,0.0003874580118766365,0.0014173150987075696
2816,0.00041583060034705945,0.0015547061080320014
2817,0.00040239136384722464,0.0014334705049629535
2818,0.00041509973040471473,0.0012324502234134758
2819,0.000375933565859062,0.001074180462430313
2820,0.00034797021459477643,0.001124161238406311
2821,0.00034436272205008814,0.0013490786519969066
2822,0.0003738804400200024,0.0013255255102120034
2823,0.000681883673920917,0.001441692788091254
2824,0.00030004609919463595,0.0012967245767644623
2825,0.00023123905411921443,0.001063809849080842
2826,0.00022503463939453164,0.0009352232527657689
2827,0.0003048482360706354,0.001043769062567524
2828,0.00037989977718098087,0.0014081708406103633
2829,0.0003435457440597626,0.001823201338482792
2830,0.00033413794881198555,0.0018684113665745315
2831,0.00019052002947622288,0.0017812024905449813
2832,0.00028480953575732806,0.001803272130779312
2833,0.00034531105726879713,0.0014809568420090652
2834,0.0002265211456688121,0.001170080490083548
2835,0.0004155116893040637,0.0013811784865857479
2836,0.0004537048012328645,0.0018280694970577867
2837,0.00031964182077596587,0.002002861753462852
2838,0.00034026242016504206,0.0018154350238748724
2839,0.0005598654485462854,0.0016035294425415082
2840,0.00041320916692105434,0.0016468479783119012
2841,0.0002685792996392896,0.0016529133648214022
2842,0.0005858769417197133,0.0020097969998523852
