epoch,train_mse,validation_mse
1,19.862189356486002,2.6694374586406506
2,4.927735630671183,2.476689811338458
3,3.1174949765205384,2.3267033727545487
4,5.534290631612142,2.2056750233410396
5,5.691403007507324,2.0879207954072116
6,2.4488471666971843,1.980116780041254
7,2.4885436137517294,1.8915945179978308
8,1.7943857749303183,1.8130885871530276
9,2.669560519854228,1.740526561151471
10,2.2030276974042255,1.6797059760456197
11,8.711257910728454,1.6044721812532659
12,20.84408804575602,1.5103693733438415
13,3.279875882466634,1.4201841884189181
14,1.0364948511123657,1.3549175583131132
15,1.119282106558482,1.3054005095833225
16,11.612732114394506,1.2413446052729735
17,0.5925675749778747,1.188075774594357
18,1.7557881275812786,1.1479752035866007
19,1.1013845284779866,1.1153079201603493
20,1.4248374710480372,1.087559259425827
21,3.2258254051208497,1.0530304919209397
22,4.2577075640360516,0.9981627467780085
23,0.56970268090566,0.9494852231957062
24,1.0367738167444864,0.9145593197025054
25,1.1524925867716471,0.8876049654525623
26,1.276154843966166,0.8613104363631087
27,0.9939138253529867,0.8346056687204462
28,0.8953461805979411,0.8126864781853749
29,0.9343083560466766,0.7950972667214466
30,5.359813833236695,0.7603546332197579
31,0.9752214511235555,0.728869844946945
32,2.1061923344930014,0.700046391863572
33,2.8711631536483764,0.6669142521612825
34,1.1699041763941447,0.6370597143619381
35,0.9462048967679342,0.6131667269949328
36,0.5989350557327271,0.5955985233797665
37,1.0179619153340658,0.5805002890135113
38,0.8543766260147094,0.5679840680799986
39,1.309479014078776,0.5522536182264138
40,0.9749217708905538,0.5364537695695085
41,0.3514550964037577,0.524421502100794
42,0.5078804691632589,0.5148280430258366
43,1.5989669640858968,0.5044504956543794
44,0.7137330770492554,0.49377269180197464
45,1.6935991923014322,0.4806643269563976
46,0.7200777808825175,0.46735296716466984
47,0.9359164953231811,0.4542287234325855
48,1.1283833980560303,0.44225042404835685
49,0.713771108786265,0.43282602605415366
50,0.4076317310333252,0.42564966272540955
51,0.4130573074022929,0.42041839214793425
52,2.21583354473114,0.41055097644440613
53,1.8315708378950755,0.39319140128573477
54,0.9029280026753743,0.3780496284278513
55,0.4437515318393707,0.3668350566897476
56,1.6811950047810873,0.35501348989748815
57,0.3237611174583435,0.3454356352139635
58,1.2986211776733398,0.331369256328421
59,0.6014134009679158,0.32088224432970347
60,0.8662101189295451,0.3128684656313288
61,0.7474185049533844,0.30632654825846356
62,1.134076385696729,0.29754376681576
63,1.0650833606719972,0.28772341595058554
64,0.5297780315081279,0.27929352733649704
65,0.8900977333386739,0.27163388972219665
66,0.6977719207604726,0.26547616521953143
67,1.3394412676493326,0.2599575831091892
68,0.7727254867553711,0.25434786303524387
69,0.3786242922147115,0.2491082507267333
70,0.8149485220511754,0.24452723706500573
71,0.4085559586683909,0.24084705894279201
72,0.6889551083246866,0.23704287649420966
73,0.4312557836373647,0.23348097869178705
74,0.4503007431825002,0.23043546742863125
75,0.944985032081604,0.22775952337168112
76,1.3462158521016439,0.2230278158571288
77,0.4326066642999649,0.21755525400066933
78,0.3084202786286672,0.21324529584867563
79,2.293747901916504,0.20697848030436805
80,0.39611340363820396,0.20189568276206651
81,0.6172058592240016,0.19827110082869642
82,0.706965712706248,0.19512239013586127
83,1.0148208618164063,0.19180166895626583
84,0.6300173699855804,0.1876789541882381
85,0.5893832445144653,0.1834321466889995
86,0.4267783840497335,0.17966986810298344
87,2.5037260075410206,0.17468542033773765
88,1.5099029103914896,0.16792733344243982
89,0.980536965529124,0.16181060511411893
90,1.0282723903656006,0.15624988173020252
91,1.201344265540441,0.15142006604055389
92,0.5189679702123006,0.14788025571305674
93,0.6079103449980418,0.1447984437044296
94,0.6173065066337585,0.14221145931021337
95,0.21423366864522297,0.140196812626421
96,0.738800589243571,0.13835750446567716
97,0.9362239976723988,0.13555547759707537
98,0.47178149620691934,0.13339754107424565
99,0.9749709804852803,0.13144850440402325
100,0.3202955941359202,0.12981884405615995
101,1.561267352104187,0.12698075226276612
102,0.49580891529719034,0.12444283917739617
103,0.23517359296480814,0.122656401586501
104,0.5704443494478861,0.12107981291697606
105,0.8066837737957636,0.11965771623048387
106,0.24456271330515544,0.11853846589686098
107,0.7058268571893375,0.11755507945951771
108,0.25692762633164723,0.11661729709604722
109,0.3668865521748861,0.11586917862255257
110,0.4166814943154653,0.11492766740688325
111,0.4283133625984192,0.114010140146619
112,0.37957569360733034,0.11323969950082532
113,0.38596949776013695,0.11252726053503173
114,0.5363971670468648,0.11179046970193018
115,0.6040405988693237,0.11107348812994552
116,0.6682900150616964,0.1092146437462659
117,0.3319466282924016,0.10799241492018234
118,1.3322845697402954,0.10614007307292773
119,0.4550690809885661,0.10424022569882067
120,0.3592808961868286,0.1024873025105362
121,0.5196224649747213,0.10117098792831887
122,0.5200848658879598,0.09975377102627565
123,0.542654542128245,0.09849118141795112
124,0.1952135999997457,0.09764178559096934
125,0.4879086414972941,0.0970401152184135
126,0.8163816014925639,0.09649483893306283
127,0.3814603288968404,0.09600987656270726
128,0.25204458634058635,0.09556160601977891
129,0.2774256428082784,0.09521774693844262
130,0.41740353107452394,0.09485405817497194
131,0.4473623275756836,0.09453318321434727
132,0.21509557565053303,0.09431032000970073
133,0.3632978081703186,0.09404049471717829
134,0.2585029323895772,0.0937815709420812
135,0.36367843151092527,0.0934837333509448
136,0.5525768399238586,0.09320957642811084
137,0.40679484605789185,0.09286063961815416
138,0.33922259012858075,0.09250414114423662
139,0.3005750467379888,0.09207133289796916
140,0.7971286574999491,0.09138064452430658
141,0.4787794977426529,0.09041919842449544
142,0.30853968958059946,0.08978945132323175
143,0.3143821756045024,0.0893610010675171
144,0.4911593596140544,0.08902813446277763
145,0.3644063244263331,0.08869384357716605
146,0.4853118340174357,0.08841543255798649
147,0.3560949206352234,0.08818387654092577
148,0.2517367164293925,0.08793806482912504
149,2.176116391023,0.08761978234376824
150,0.32263720432917276,0.08717955025838829
151,0.8735023478666941,0.08681620518017931
152,0.43344778219858804,0.08653641461628919
153,0.38223775625228884,0.08618037202204877
154,0.48239353895187376,0.08579719206045942
155,0.21093204816182454,0.08549488751947532
156,0.4231678068637848,0.08516818106348752
157,0.1983952860037486,0.08491679461814507
158,0.26277039349079134,0.08470363675328026
159,0.21068525314331055,0.08453571959807162
160,0.5723702400922775,0.08427148277473728
161,0.33638039529323577,0.08394144451496197
162,0.28877710103988646,0.08369973648274154
163,0.5066105922063192,0.08343221632796421
164,0.2053335746129354,0.08320662980539757
165,0.29220326741536456,0.08299774497921704
166,0.2744654377301534,0.08271930127115974
167,0.39347796042760214,0.082463926477739
168,0.3204183926184972,0.08223154711705899
169,0.3263164758682251,0.0820045926504665
170,1.3036032706499099,0.08191660852634419
171,0.271251924832662,0.08190643778669904
172,0.3108417650063833,0.08188339632156996
173,0.21732864578564962,0.08191484408943277
174,0.43603647202253343,0.08176229791770205
175,0.25860745906829835,0.08165620254320011
176,0.32119640509287517,0.08159386558316604
177,0.4659851650396983,0.08145847746677566
178,0.37555492122968037,0.08138819831853722
179,0.24605902234713237,0.08141297759891253
180,0.2515021036068598,0.08142920374347452
181,0.32203330198923746,0.08136353123257732
182,0.4556031088034312,0.0813292064077673
183,0.43937329451243085,0.08134890095009441
184,0.48258806665738424,0.08137209656817174
185,0.2962227364381154,0.08128474796550315
186,0.6553233663241068,0.08127966832522063
187,0.2870413492123286,0.08135570690297243
188,0.52527836561203,0.08135189133429388
189,0.6524278173844019,0.08145651404272046
190,1.1806335548559825,0.08206527985153142
191,0.24956952432791393,0.08277972852974608
192,0.25689348379770915,0.08325581518355867
193,0.6227067351341248,0.0835398178961542
194,0.30259276131788887,0.08372155742512809
195,0.24815470178922017,0.08388284515393407
196,0.407498033841451,0.08401324621766632
197,1.211412121852239,0.08451243263413334
198,0.20723061561584472,0.08485757398326495
199,0.23207336763540903,0.08505301953059191
200,0.2989403565724691,0.08510550725878331
201,0.4065157095591227,0.0849902426813081
202,0.2831219494342804,0.08491928413597463
203,0.3161428928375244,0.08480055978772236
204,0.693146155277888,0.08442545372840257
205,0.28566291530927024,0.08404554866733607
206,0.3315606435139974,0.08366801367517103
207,0.33777868350346885,0.08351420458645849
208,0.2957996646563212,0.08344490486278869
209,0.19595279494921367,0.08335206069444355
210,0.25738557378451027,0.0832046530922951
211,0.22492416699727377,0.08318493092617793
212,0.48390201727549237,0.08326299767396604
213,0.39127783675988514,0.08380714407441212
214,0.5699660380681356,0.0844570217076798
215,0.4424413780371348,0.08514342173846842
216,0.4458107421795527,0.08594120272070344
217,0.49530414342880247,0.08656131219097048
218,0.5547221640745799,0.08684224953428346
219,0.5122037927309672,0.0874998769477794
220,0.40905781189600626,0.08846820132774219
221,0.42596136828263603,0.088947270871603
222,0.36297302643458046,0.08912598450630031
223,0.4212613006432851,0.08923682304676513
224,0.3006852388381958,0.08923254959415972
225,0.2644556721051534,0.08958884934235735
226,0.2829264461994171,0.08962714070813697
227,0.27866140802701317,0.08949618054586544
228,0.5411958376566569,0.08950215011660816
229,0.24621062676111857,0.08940647368194067
230,0.4032594859600067,0.08936922496173814
231,0.2857955406109492,0.08947790096029204
232,0.20968168079853058,0.0894488697512108
233,0.6487008412679036,0.08954054744620073
234,0.20053972403208414,0.0896300056524444
235,0.5884665807088216,0.0900202546029063
236,0.26211689710617064,0.09013511815614868
237,0.5911899487177531,0.09010156710245455
238,0.5267642100652059,0.09003407312066931
239,0.18120161890983583,0.0898049112997557
240,0.34041979114214577,0.08972751728275366
241,0.26850836873054507,0.08984729037647358
242,0.28172867695490517,0.0900038587942458
243,0.3361336986223857,0.09002896838369426
244,0.2406782825787862,0.09007946763470856
245,0.25696216026941937,0.09011489449188723
246,0.6017811099688212,0.09032850403186174
247,0.23278377652168275,0.09055638583431468
248,0.305634347597758,0.0904998442060069
249,0.24165479838848114,0.09047270553153858
250,0.27891573508580525,0.09036087205535487
251,0.21723988205194472,0.09021119590391193
252,0.21697553396224975,0.09007267967650764
253,0.29703561862309774,0.08992307550377315
254,0.3895757108926773,0.0898887666693905
255,0.22303038040796916,0.08985624536436204
256,0.21738450825214387,0.08974565304162209
257,0.1958247423171997,0.08977138630130835
258,0.17565802733103433,0.0896462088788462
259,0.1991244559486707,0.08946418099933201
260,0.5081507583459218,0.08936689288644066
261,0.22702327966690064,0.08916583308699536
262,0.3177170326312383,0.0891575652953477
263,0.17103496789932252,0.08904458434261077
264,0.3742150743802389,0.08905487660078974
265,1.1330535461505253,0.08895253873707955
266,0.318986185391744,0.08889994443508617
267,0.22797161440054575,0.08876334261475947
268,0.5416224241256714,0.08879113946741785
269,0.4016405502955119,0.0895331924596028
270,0.22724549472332,0.08995606519325434
271,0.41744460264841715,0.09000509611347265
272,0.3180137832959493,0.09032570243927471
273,0.26389962633450825,0.0908433844645818
274,0.5542917946974436,0.09205100236580385
275,0.41594112118085225,0.09324414252537733
276,0.24717137118180593,0.0942126214504242
277,0.2901043991247813,0.09472393083293536
278,1.111541736125946,0.09588977921078777
279,0.21116279164950053,0.09946714681491517
280,0.322006485859553,0.10187873941415931
281,0.3912939806779226,0.10356429393528498
282,0.2903740326563517,0.10458727991371825
283,0.31757731835047404,0.10499924665306047
284,0.26062009334564207,0.10533841468437373
285,0.3522395193576813,0.10581653316815694
286,0.8188065429528554,0.10679947292944145
287,0.4155510942141215,0.10825880298837584
288,0.35859134594599407,0.109279129850237
289,0.1884739875793457,0.10968218822228282
290,0.384735377629598,0.11016325121037444
291,0.3447671552499135,0.11089987059434255
292,0.24933141469955444,0.11133553340421086
293,0.21869891087214152,0.11146938521959628
294,0.2242277572552363,0.11126800970724451
295,0.31529776056607567,0.11103863604584632
296,0.23988086779912313,0.11077981890990721
297,0.21973482370376587,0.11032531310243217
298,1.3413804292678833,0.11142356223181675
299,0.20581529438495635,0.11246289094986274
300,0.20846507052580515,0.11286386132937426
301,0.24422399302323658,0.11285606479784202
302,0.2326283077398936,0.11262304253048366
303,0.3501688460508982,0.11220776355057432
304,0.2672330598036448,0.11179988286648578
305,0.2334293226401011,0.11113918123886599
306,0.23347444335619608,0.11054574850707026
307,0.19114384353160857,0.10995182743546558
308,0.2824845592180888,0.109541321794192
309,0.2327738583087921,0.1092043512048777
310,0.17941344181696575,0.10903230658051563
311,0.20204157034556072,0.10876226564596968
312,0.22900584141413372,0.10838040465499922
313,0.1862129290898641,0.10803588614826314
314,0.24874405960241955,0.10787015247066119
315,0.24215114216009775,0.10745708844815081
316,0.3874344756205877,0.10717390878507269
317,0.2786903142929077,0.10701581034046864
318,0.273577810327212,0.10705723260578356
319,0.24095676491657894,0.10697860431949995
320,0.27867034673690794,0.10704888455700456
321,0.14138928006092708,0.10721943130967213
322,0.26383442680040997,0.10702503128358495
323,0.22914230823516846,0.10655420809461359
324,0.16232270697752635,0.10601640096184803
325,0.2720139582951864,0.10566971734253286
326,0.2551567077636719,0.10560602228543912
327,0.2715629428625107,0.10559273044965421
328,0.5631657799084981,0.10579489354501691
329,0.2528877854347229,0.10569641839342507
330,0.2504200299580892,0.10535248469190987
331,0.3821889340877533,0.1050000408588097
332,0.17775503595670064,0.10487513113440129
333,0.4982093850771586,0.10472790835893642
334,0.42896275520324706,0.10484268320234198
335,0.4150822997093201,0.10558265970464338
336,0.22636919418970744,0.10603864551984776
337,0.24624073108037312,0.10612416816385169
338,0.19383506178855897,0.1062438633532552
339,0.16691419631242752,0.10642633504337734
340,0.517126723130544,0.10642607919653954
341,0.2691945552825928,0.10599733209400847
342,0.26495500206947326,0.10558377476463542
343,0.2063051864504814,0.10543739412263123
344,0.5934888939062755,0.10604864045193321
345,0.37236047188440957,0.10616737673854271
346,0.20072276393572488,0.10604244976015816
347,0.20704140067100524,0.1061270210826606
348,0.3354644546906153,0.1065848078469784
349,0.26662909984588623,0.10667610700018922
350,0.24740803043047588,0.10655907458729214
351,0.2577108174562454,0.10672412978278266
352,0.26522211531798046,0.1066399075483021
353,0.21909468869368234,0.10627222932570161
354,0.2881160358587901,0.10578384002049764
355,0.2255434493223826,0.10541388549302753
356,0.17482715646425884,0.10532037974798192
357,0.26195238828659057,0.10501039986721954
358,0.2117933134237925,0.10446683042927792
359,0.2533381640911102,0.10398199727312166
360,0.22703813513120016,0.10336937559278388
361,0.21929874022801718,0.10299146088243227
362,0.25601542393366494,0.10278363900575024
363,0.2839750568072001,0.10284596672880719
364,0.13037699113289516,0.10255028891284564
365,0.22131107846895853,0.1021166377597385
366,0.46618938048680625,0.10226808375085307
367,0.21955560048421224,0.10237050596733539
368,0.3305903991063436,0.1021763298943726
369,0.18480671246846517,0.10211696157678526
370,0.17214143772919974,0.10187737600148072
371,0.18738396366437277,0.10151368405735284
372,0.17365691661834717,0.10123215763889558
373,0.25960358381271365,0.10102355558621257
374,0.2966601272424062,0.10123769834376219
375,0.2663707733154297,0.1011679874874695
376,0.1428583025932312,0.10111690308266913
377,0.18746877511342366,0.10163086705040514
378,0.3989827116330465,0.1020604480951153
379,0.19379479785760242,0.10252173061956439
380,0.22914201617240906,0.10283705078021825
381,0.19887647430102032,0.10292701763019227
382,0.3264208863178889,0.10388215504891692
383,0.3336477518081665,0.10440719981639705
384,0.21458012262980145,0.10479184122462022
385,0.3232652803262075,0.10480338282752455
386,0.2132205843925476,0.10465937295155218
387,0.20039786199728649,0.10459381289649428
388,0.16453682780265808,0.1043768824889646
389,0.2041508287191391,0.10403119698602553
390,0.2528495897849401,0.10396345656866218
391,0.2859065532684326,0.10391174265515735
392,0.3052818497021993,0.10382673318623102
393,0.2084220508734385,0.10356123353305616
394,0.19863844712575277,0.10309101597607484
395,0.380653182665507,0.10284728299804598
396,0.17633881866931916,0.10258973219938446
397,0.2891619861125946,0.10240550295651307
398,0.3044997016588847,0.10215609167751513
399,0.18043802777926127,0.10207593397438874
400,1.6429885521531105,0.10371509011377368
401,0.3443735291560491,0.10660467336052343
402,0.18154157598813375,0.10796080590688695
403,0.3372493584950765,0.10874954807130914
404,0.23716553648312885,0.10916179157139962
405,0.24562309583028158,0.10908173312220656
406,0.18030510346094766,0.1088773873117235
407,0.2511833071708679,0.10843052832703841
408,0.2904896875222524,0.10820238022079244
409,0.22274272640546164,0.10771980088705208
410,0.45189748605092367,0.10730421543121338
411,0.24990278283754985,0.10699304694320723
412,0.18507477939128875,0.10612199459856714
413,0.3163972278436025,0.10567045089794182
414,0.24163867433865865,0.10604356830580193
415,0.20178582469622294,0.1062166436373839
416,0.19235632419586182,0.10673431398575767
417,0.1949824223915736,0.10671342743767633
418,0.24298856556415557,0.10610477722179122
419,0.18304887215296428,0.10532033739731325
420,0.23391311764717101,0.10479520400713759
421,0.23240230580170948,0.10459058779722069
422,0.3081742703914642,0.10443561728934796
423,0.5012056350708007,0.10431834044512252
424,0.2076015015443166,0.10385526150290729
425,0.20866628587245942,0.10330328502153095
426,0.20563542048136393,0.10263548590983564
427,0.18529192159573238,0.10191671271421755
428,0.1468271553516388,0.10110636011898866
429,0.20629382530848187,0.10032857248657628
430,0.2571349859237671,0.0999030005513576
431,0.29110635022322334,0.09990319566071382
432,0.322546615699927,0.10045822051882047
433,0.16826991935571034,0.10056882469277632
434,0.1771674484014511,0.10073004863415545
435,0.20915043751398724,0.10063753420846504
436,0.18915838201840718,0.10048745729421314
437,0.558397231499354,0.10071973929628295
438,0.2740593671798706,0.10152684474549098
439,0.23045121232668558,0.10198403058344857
440,0.2517389367024104,0.10235595371988085
441,0.16433574159940084,0.10249243362953789
442,0.22760462760925293,0.10230099544887654
443,0.25192211469014486,0.10179136405911363
444,0.15952314734458922,0.10102539191469115
445,0.32203278640906013,0.10044315195920174
446,0.48987953662872313,0.09985640008895717
447,0.2113626221815745,0.09970448240202073
448,0.37533652782440186,0.1003066358859079
449,0.31651644309361776,0.10110336123851307
450,0.3129414697488149,0.10171837956584685
451,0.2387459933757782,0.10169639573459736
452,0.18565231561660767,0.10120709928852772
453,0.23619632919629416,0.10099122851912738
454,0.43045141696929934,0.10110340968907228
455,0.3323194583257039,0.100951116510302
456,0.18562681674957277,0.10072459785910377
457,0.292139728864034,0.10057892680865282
458,0.1958789825439453,0.10038363672139351
459,0.2071044459939003,0.10009997115846266
460,0.2691943049430847,0.09954462431327642
461,0.34262113521496457,0.09892877622654564
462,0.2979837079842885,0.09920155880046867
463,0.23339469035466512,0.0995907523827246
464,0.1619069516658783,0.09947984504420855
465,0.17748749653498333,0.09914047005232314
466,0.17541956702868144,0.09859304278217561
467,0.2126295308272044,0.09810767884840045
468,0.37146366834640504,0.09830293442770752
469,0.23567179242769878,0.0982470009584873
470,0.2359785040219625,0.09784053841180969
471,0.15199874043464662,0.09730247447365209
472,0.25442097236712774,0.09687300505693892
473,0.34127036333084104,0.09640329762508995
474,0.21152503589789073,0.09599706251718844
475,0.2864733686049779,0.09602714264601991
476,0.15029076586167017,0.09633262098184106
477,0.28159313201904296,0.09678745958191609
478,0.2973327467838923,0.09703828899832496
479,0.1871139645576477,0.09695065788358276
480,0.2401194135348002,0.09666529820676435
481,0.25148736238479613,0.09663007377881055
482,0.2562498609224955,0.09614310069390905
483,0.26410970886548363,0.09549895364638658
484,0.19974774320920308,0.09480720009022986
485,0.16806982060273487,0.09392507557283368
486,0.2040887951850891,0.09302355758627953
487,0.16793723503748575,0.0922644687326331
488,0.507935048143069,0.09280918494999757
489,0.2326360543568929,0.09321788162515875
490,0.3704316298166911,0.0936499899416639
491,0.23167121907075247,0.09347269949857255
492,0.20274608731269836,0.09324979259256731
493,0.215444286664327,0.09296072243947034
494,0.17527765333652495,0.09275875053210565
495,0.23102445205052693,0.09233701141954165
496,0.20960501134395598,0.09182600842581855
497,0.2852855145931244,0.09184852991884912
498,0.18764676650365195,0.09163487680822785
499,0.2433821807305018,0.09138873942762787
500,0.20430298348267872,0.09104198409102814
501,0.26730606059233347,0.09076312654896786
502,0.29018274545669553,0.09025844687606856
503,0.20011980434258778,0.08969255314584364
504,0.32271380523840587,0.08933483438882214
505,0.199296905597051,0.08892326693088688
506,0.18327439427375794,0.08850356152183131
507,0.24483605722586313,0.08804163911886383
508,0.19811735053857168,0.08756377203771246
509,0.2553079128265381,0.08745799758280927
510,0.17762184341748555,0.08750351252611617
511,0.18959124286969503,0.08734367038422858
512,0.22924623290697735,0.08701800158497883
513,0.3288478861252467,0.08677827335937678
514,0.19736823638280232,0.08627938788536696
515,0.228813773393631,0.08548821203889903
516,0.16447138289610544,0.08491182553837871
517,0.2232272426287333,0.08466771549997273
518,0.2563357869784037,0.08437190095932164
519,0.18135935266812642,0.08396003451960826
520,0.45502719084421794,0.08390304062798706
521,0.3124881366888682,0.0859836805285069
522,0.25084866682688395,0.08809437790112189
523,0.16460385819276174,0.08966489144933154
524,0.348517848054568,0.09176944344364411
525,0.278720877567927,0.09338615825998853
526,0.25441592633724214,0.0953215407697778
527,0.21674429674943288,0.0962144391752823
528,0.21170812050501506,0.09680214384843035
529,0.12937785685062408,0.09701259495222081
530,0.22187309761842092,0.09767990363271613
531,0.25203660428524016,0.09857872093630116
532,0.2384000619252523,0.09916555646218751
533,0.31584469477335614,0.0995269328878637
534,0.15169633229573568,0.09962751590020476
535,0.27413289149602255,0.09959187406545494
536,0.16025479982296625,0.09922415331790321
537,0.42474594712257385,0.1003765941363329
538,0.18476739923159283,0.10098185856439913
539,0.19278199871381124,0.10064696350641418
540,0.2074160819252332,0.09995162112322467
541,0.232828688621521,0.09919125808958422
542,0.17045893768469492,0.09819614041967002
543,0.18748539884885151,0.09707399104770861
544,0.2581724882125854,0.09627265278358905
545,0.21229441066582996,0.09544867399143196
546,0.3066052118937174,0.09500795149663735
547,0.25774158438046774,0.09530072219190541
548,0.2191996951897939,0.09559611340015255
549,0.2821627716223399,0.09575579067071278
550,0.2315519392490387,0.0959350378715504
551,0.21374655961990358,0.09561938099693834
552,0.2379758169253667,0.09509232448555573
553,0.31399159828821815,0.09483791818047127
554,0.7573509772618612,0.09559327381396154
555,0.2541186432043711,0.09872758527945356
556,0.23494510650634765,0.10053898742672993
557,0.22746218740940094,0.10172129548781099
558,0.18178969323635102,0.10255653485220079
559,0.21325579484303792,0.10263235518458294
560,0.1702059507369995,0.10232434208281556
561,0.20497057139873504,0.10231759743383753
562,0.43513716260592145,0.10333647905734547
563,0.29096148858467735,0.10385001315708049
564,0.22291244864463805,0.10365163757089983
565,0.21529992322127026,0.10341432289770472
566,0.2107136885325114,0.10291034018087108
567,0.25669713219006857,0.1034918524194182
568,0.28060932954152423,0.104083900563201
569,0.18850994507471722,0.10434575152327442
570,0.18420460323492685,0.10427381028557381
571,0.17605007986227672,0.10373533538907592
572,0.17387193044026691,0.10268027827753658
573,0.1566283494234085,0.10153539653061426
574,0.29051553606987,0.1003184579966361
575,0.3209786852200826,0.10000406667503
576,0.1644767681757609,0.09933625170361926
577,0.16306755443414053,0.09852677182844508
578,0.13579020897547403,0.09752500553925832
579,0.1678750991821289,0.09660312097672133
580,0.17709798415501912,0.09624425988448293
581,0.28560589750607807,0.0967870487107171
582,0.23971152802308401,0.09657435371861821
583,0.3818473140398661,0.09691915648025379
584,0.20580455362796785,0.09703890534869411
585,0.23011449029048284,0.09725817942131333
586,0.22715903917948405,0.0974365016173201
587,0.22455805440743765,0.09749784351092333
588,0.18243892192840577,0.09682598004215642
589,0.19308919310569764,0.09606577787134382
590,0.24047116935253143,0.0955557746496814
591,0.18546230892340343,0.09471679117247375
592,0.13024680415789286,0.09360559014549032
593,0.20041705270608265,0.09267204302793358
594,0.12687457948923112,0.09179448044439506
595,0.17459418376286825,0.09088802145935639
596,0.21105259259541828,0.08992678188441093
597,0.17645470201969146,0.0893586898407741
598,0.4476035396258036,0.08965987603218235
599,0.21431941886742908,0.0919340882036421
600,0.19301214714845022,0.09315362171820032
601,0.1806913395722707,0.09396909830863015
602,0.17998630156119663,0.09452031021229705
603,0.24081539511680602,0.09452330107577363
604,0.20266830722490947,0.09435497337614583
605,0.1901109000047048,0.09368727604548137
606,0.18879218300183614,0.09356819973354451
607,0.17106068829695384,0.09309269967134932
608,0.20917537013689677,0.09256811657844231
609,0.17064751187960306,0.09190062402981763
610,0.34165526231129967,0.09172440246183272
611,0.1477133144934972,0.09149773584471808
612,0.2108097513516744,0.09122698889141194
613,0.2005151261885961,0.09082738776304568
614,0.25433802604675293,0.09095929798326995
615,0.23717711369196573,0.09169060183547394
616,0.17912042091290156,0.0929095004385675
617,0.22853362957636517,0.09329643897842943
618,0.2867497200767199,0.09455293120696531
619,0.1767700011531512,0.09509115356799455
620,0.2995743731657664,0.09525872723400941
621,0.25086249560117724,0.09494081017566704
622,0.41782307823499043,0.09604858445842364
623,0.17093624869982402,0.09657423119795949
624,0.15356746613979338,0.09663338811076873
625,0.1359378755092621,0.09621433068437187
626,0.1701626201470693,0.09558036661984627
627,0.22524952391783395,0.09475946931811104
628,0.18936999241511027,0.09380931063005102
629,0.2320480614900589,0.09268214601522301
630,0.15364188551902772,0.09145225819788481
631,0.20064683953921,0.09007937038502498
632,0.23506084084510803,0.08874907688787806
633,0.2258950452009837,0.08778092848975756
634,0.1913237194220225,0.08708058567772135
635,0.14584471881389618,0.08627170550892925
636,0.21507718960444133,0.08498427742405941
637,0.2680149763822556,0.08485780403627986
638,0.21548554102579753,0.08494731635726684
639,0.19952346483866373,0.08473933579628928
640,0.18992113471031188,0.08434445572178266
641,0.4654883404572805,0.08467973847138255
642,0.461537046233813,0.08733153151489838
643,0.3495124449332555,0.08935600850317213
644,0.19850285549958546,0.09079974454048781
645,0.20574281811714173,0.09152502692930879
646,0.16352654471993447,0.09154287547047375
647,0.2624737620353699,0.09187856307852338
648,0.1510071078936259,0.09189349116637693
649,0.16453844010829927,0.09148368465970134
650,0.2144735038280487,0.09061493441375376
651,0.17240756551424663,0.08964623868116858
652,0.14886197845141094,0.08869600583586776
653,0.16839796801408133,0.08786682043856348
654,0.23424110809961954,0.08695406070229603
655,0.17690977652867634,0.08605476708440056
656,0.2545282820860545,0.08505051735548945
657,0.3477228403091431,0.08397392998313347
658,0.15969373335440953,0.08303680693545537
659,0.19302917222181956,0.08219841401479398
660,0.13134915133317313,0.08118040293280841
661,0.29511827826499937,0.08055513644079018
662,0.15419033765792847,0.0800180046530495
663,0.15058913826942444,0.07999150167431748
664,0.3075776974360148,0.08132041738047237
665,0.17852493226528168,0.08174521428102638
666,0.27949338058630624,0.08331638714026289
667,0.15271966854731242,0.08445538266708977
668,0.1599121908346812,0.08466054682146039
669,0.13368653456370036,0.08432723973926745
670,0.16873249808947247,0.08381647586125379
671,0.1428772489229838,0.08395236922286407
672,0.162289497256279,0.0839250413646475
673,0.1477075258890788,0.08361091059550904
674,0.19726459582646688,0.08294357455264754
675,0.17860888143380482,0.08247599842255576
676,0.1672201449672381,0.0823087088371578
677,0.3040006180604299,0.08251794492989256
678,0.1838963528474172,0.08372067028318929
679,0.2270829459031423,0.08411583374118248
680,0.2230592280626297,0.08382854388471235
681,0.17420676747957867,0.08352328985058076
682,0.21822895208994547,0.0828470530217154
683,0.18169287542502086,0.08199603254334968
684,0.1291732410589854,0.08124279139334695
685,0.15690205891927084,0.08078009813849689
686,0.29234877824783323,0.08133062249735783
687,0.14978151718775432,0.08161686683258815
688,0.2241351842880249,0.08152393482581914
689,0.30946819186210633,0.08148202761920573
690,0.18739207337299982,0.08114444913222776
691,0.18583866159121196,0.08057276041884172
692,0.161011803150177,0.07964170432230186
693,0.1539349024494489,0.078494638030292
694,0.18451727430025736,0.07733256531040571
695,0.2395081659158071,0.07653657734742639
696,0.22241303722063702,0.07560007134724779
697,0.16432092785835267,0.07493433094861214
698,0.1777551015218099,0.07442056871297066
699,0.3520318071047465,0.07401512972792687
700,0.160569629073143,0.07364877919007463
701,0.14757995357116063,0.07312787306761881
702,0.5082041323184967,0.07350804173109825
703,0.17868860562642416,0.07416078326297783
704,0.20128130912780762,0.0740098486169737
705,0.20872622330983479,0.0737547761167002
706,0.20067852586507798,0.07305423976385106
707,0.1628015637397766,0.0721329259767867
708,0.14525751173496246,0.07109690113374365
709,0.1641412893931071,0.07018787897469704
710,0.21804040670394897,0.06959701094188188
711,0.1724423865477244,0.06935084205970429
712,0.25249562313159307,0.06926051082841136
713,0.2607024788856506,0.06970868277096609
714,0.19330110748608906,0.07007370022130989
715,0.16662298639615378,0.06967981046403361
716,0.3460604677597682,0.06952135317158281
717,0.22384602228800457,0.06914269998233918
718,0.19931894640127817,0.06830954338200608
719,0.2030558149019877,0.06763877928779836
720,0.16063398420810698,0.06714882679850037
721,0.42767288933197656,0.06813854715454648
722,0.17781331539154052,0.06914198646942775
723,0.38527556459108986,0.07041559690794749
724,0.18377352356910706,0.07155987036507032
725,0.2128100315729777,0.07226493911087861
726,0.14201001425584156,0.07281678052324998
727,0.13626502950986227,0.07312435269007209
728,0.1697776714960734,0.07300591002605115
729,0.19091264009475709,0.07308531060204869
730,0.16783150434494018,0.0727043875128205
731,0.17250548005104066,0.07175203216703314
732,0.16468635598818462,0.07074934104729814
733,0.1857235014438629,0.07009945304421654
734,0.1455772613485654,0.06950957319367002
735,0.17934435307979585,0.06902830206859879
736,0.1346274216969808,0.06876375173267565
737,0.21254409154256185,0.0683189742484985
738,0.25056987901528677,0.0674964200857787
739,0.19108803470929464,0.06664785019486968
740,0.2680397927761078,0.06610145668188731
741,0.1789234975973765,0.06537415191792605
742,0.19091586073239644,0.06465976820354573
743,0.1784136344989141,0.06409346604207802
744,0.24399308363596597,0.06357861907161468
745,0.15613219340642293,0.06323879325424718
746,0.1507211556037267,0.06294985459736216
747,0.2797540545463562,0.06275777435965008
748,0.26281187931696576,0.06295068204751489
749,0.16923650105794272,0.06299237201088353
750,0.1429102639357249,0.06333571607083605
751,0.30751099487145744,0.06376285402224077
752,0.1569349984327952,0.06364828417872825
753,0.31994936565558113,0.06379799370528662
754,0.13702555696169536,0.06387495001157124
755,0.1542660892009735,0.06363988497800994
756,0.2119628071784973,0.06377596808978689
757,0.16403371592362723,0.0637750828213859
758,0.270829838514328,0.06337590790108631
759,0.17645825644334157,0.06253023654745336
760,0.18041466077168783,0.06176065718918516
761,0.24171032508214316,0.06181457207391137
762,0.1802422950665156,0.06200718003929707
763,0.1457512895266215,0.061843708854669714
764,0.3475366115570068,0.06257932445807764
765,0.09568927933772405,0.06340147450304869
766,0.18088202873865764,0.06369195024521031
767,0.2086266686518987,0.06365094338244165
768,0.2191199148694674,0.06372022524214628
769,0.2188895801703135,0.06362071071277585
770,0.15763112505276997,0.06351612952717564
771,0.19099145183960597,0.06351582549120251
772,0.18579954306284588,0.06335383366074479
773,0.12663650810718535,0.06288588264880822
774,0.2058367073535919,0.06226546478550336
775,0.1797492916385333,0.06159456801867624
776,0.10511570076147715,0.06084429115405557
777,0.2956043799718221,0.060796271203554166
778,0.14303726653258006,0.06221868951766812
779,0.20845320224761962,0.06303878294097053
780,0.1188416987657547,0.06324167815391084
781,0.1972682535648346,0.06345509232310524
782,0.1282818486293157,0.06308293665013118
783,0.1463267038265864,0.0624599158328179
784,0.15142585933208466,0.06205545387595718
785,0.26100088755289713,0.06201569326439796
786,0.14258275826772054,0.062060831060186464
787,0.15433405339717865,0.06153547493686453
788,0.1824135144551595,0.060990381441269705
789,0.14386971294879913,0.06071933119269143
790,0.19392425616582235,0.06059741921592177
791,0.19177826642990112,0.06090243191224093
792,0.13179092208544413,0.061147442599486186
793,0.1299132873614629,0.06120766594744565
794,0.18893970052401224,0.06134054570170174
795,0.11515024453401565,0.060953374407444784
796,0.23145337055126827,0.06176043393319113
797,0.27701495885849,0.062129243293352295
798,0.18492277463277182,0.062256862197005956
799,0.20396725436051685,0.06217741704823678
800,0.23858716289202372,0.06246005033540447
801,0.17228797127803167,0.06259943496936943
802,0.1794606904188792,0.06233046957623889
803,0.1528025448322296,0.06191436493257333
804,0.18034207473198574,0.061718670074005576
805,0.13942837317784626,0.061170076896921236
806,0.13977743486563365,0.06091596931219101
807,0.21938400566577912,0.06074483413793887
808,0.1422382911046346,0.06097723439074399
809,0.24947046836217243,0.06254932863844766
810,0.14871964852015176,0.06395515564240907
811,0.17460285226504008,0.06501154235580511
812,0.19051005045572916,0.06553608614798875
813,0.13702076077461242,0.06538985647827561
814,0.18255069851875305,0.06484260340357384
815,0.221978693207105,0.06427859885302203
816,0.47242480764786404,0.06426104258375558
817,0.18102702299753826,0.06472964597898617
818,0.21399202942848206,0.06494468799111439
819,0.14924565553665162,0.06493085666358123
820,0.1718722661336263,0.06458092703108202
821,0.15064059098561605,0.06401088894807805
822,0.20813485185305278,0.06358307443167034
823,0.1819730669260025,0.0633661932589715
824,0.1412316858768463,0.06294700459778657
825,0.1357695976893107,0.06254850981528298
826,0.1408677597840627,0.06271010410715962
827,0.13942426840464275,0.06243976066161317
828,0.139034969607989,0.06227631034732562
829,0.1395042806863785,0.06199063543687787
830,0.1543769896030426,0.061734928809411345
831,0.20573901335398356,0.06151745533734037
832,0.27195675373077394,0.06194742189513312
833,0.15442486405372619,0.06229875467674077
834,0.1669194867213567,0.06210873933912021
835,0.15869171023368836,0.06182124892696302
836,0.22327781220277151,0.06173038334525817
837,0.19015671114126842,0.0612278747105459
838,0.21856671969095867,0.06080530061010729
839,0.29067806154489517,0.06113510095236594
840,0.19187366763750713,0.060922992116177986
841,0.16282931367556255,0.06118442619230315
842,0.13707948823769886,0.061764869381461224
843,0.20535402496655783,0.06320394688879537
844,0.16988513072331746,0.06422231498866053
845,0.12461346685886383,0.06426475345216996
846,0.16277705530325573,0.06414859502287636
847,0.10601266274849573,0.06378457224682758
848,0.19688509504000345,0.06311564356611486
849,0.13801751832167308,0.06225354150373336
850,0.16031477053960164,0.06134302574291564
851,0.13108414709568023,0.06069631983487927
852,0.16561322410901388,0.059801434738594186
853,0.200037711362044,0.05914302248703806
854,0.1629221220811208,0.058569635476982386
855,0.20257467900713286,0.05772706535127428
856,0.11667939027150472,0.05702394064058337
857,0.13413471629222234,0.0565891288525877
858,0.15313412149747213,0.05621997894425141
859,0.14099558293819428,0.055377762699336336
860,0.16071285804112753,0.0547944313427161
861,0.12167727549870809,0.054198819555734336
862,0.1445696751276652,0.053455535039218544
863,0.16975973745187123,0.0524308979511261
864,0.16598020195961,0.05151091812298312
865,0.14240687042474748,0.050599980467592766
866,0.25942100783189137,0.049940001284867
867,0.13076876898606618,0.04969035241513224
868,0.37770054340362547,0.050085314141030894
869,0.19036165475845337,0.05053138593484086
870,0.18665566841761272,0.05065232846471998
871,0.12256975968678792,0.05036646057987771
872,0.1381048858165741,0.04975594693457174
873,0.1941871702671051,0.04968052753928112
874,0.16964429418245952,0.04951979402910199
875,0.1528315246105194,0.0496516180230163
876,0.1275907109181086,0.0497260091074726
877,0.2476713518301646,0.049778789717551564
878,0.10785563190778097,0.04972519599206266
879,0.13524717291196187,0.04928375876437851
880,0.12673052648703256,0.04890708368249804
881,0.20087102949619293,0.048698226610819496
882,0.15769344568252563,0.04892277055316501
883,0.15991553167502084,0.04919780259243926
884,0.16570727030436197,0.04910972017293785
885,0.1672526131073634,0.048610230984046446
886,0.4126007050275803,0.04868687549878282
887,0.2043075124422709,0.04896853794479928
888,0.26160412629445395,0.04989876497907248
889,0.1829673151175181,0.05068844060103098
890,0.12120556632677713,0.050959809699602295
891,0.17045822938283284,0.050999241178495844
892,0.19325332964460054,0.050762102966420135
893,0.165790198246638,0.05082077633219156
894,0.18587822715441385,0.05078196547359054
895,0.18147901594638824,0.05090549309351291
896,0.10136560897032419,0.050875680488452577
897,0.15972959995269775,0.050606743372671785
898,0.1792359918355942,0.05039610922859426
899,0.21252751350402832,0.05065393927153091
900,0.32402449746926626,0.05265589633531738
901,0.1086828385790189,0.0538771372528104
902,0.16099651654561362,0.05493115315660398
903,0.14886439442634583,0.055446410562559875
904,0.15070337553819022,0.05562084329407117
905,0.15445332924524943,0.05519169255306846
906,0.13714017967383066,0.054280984645698506
907,0.17664779524008434,0.05309270836456477
908,0.10581363787253698,0.05204291380288308
909,0.21935822566350302,0.05161001790336698
910,0.1550693194071452,0.05111720792034216
911,0.15128911882638932,0.050750102346752125
912,0.13008525570233662,0.050086289774953274
913,0.14844995041688283,0.049443582519453175
914,0.12867833971977233,0.04860758249871215
915,0.24550598909457524,0.04784654699570951
916,0.11800496578216553,0.047270240142331485
917,0.1615399609009425,0.04686914624003639
918,0.14877907832463583,0.046226297118510416
919,0.28714338938395184,0.04586330635680093
920,0.1441800057888031,0.04629602888871354
921,0.1343343903621038,0.04644335671300776
922,0.1811838577191035,0.04639387758154618
923,0.17503312826156617,0.04643787526422077
924,0.1663992166519165,0.046564939077834634
925,0.13921159903208416,0.0463206682637421
926,0.1421401192744573,0.04602866759251433
927,0.2007039229075114,0.045847947790957334
928,0.20356109539667766,0.045583994329324244
929,0.1526677280664444,0.04495560634903043
930,0.2726895759503047,0.04452531096356654
931,0.12212641090154648,0.04430894588517864
932,0.13597321609656016,0.04387472304161529
933,0.12670969267686208,0.04330153898363225
934,0.12282577753067017,0.0426317667316275
935,0.1583445926507314,0.04228998295832099
936,0.14667930354674658,0.04248641514115863
937,0.15231380860010782,0.042407649912332236
938,0.14741803059975306,0.04259845405294184
939,0.12381526033083598,0.042601245972845286
940,0.12946450511614482,0.042156660504508434
941,0.12728891968727113,0.04171825439957847
942,0.1441828191280365,0.041366301956232525
943,0.15619463523228963,0.04078607045506176
944,0.0940578560034434,0.04031941865445578
945,0.2075767735640208,0.039788181278092125
946,0.11654077668984732,0.0392957324085877
947,0.16879070848226546,0.038964847854354924
948,0.1660594940185547,0.038652199358619445
949,0.10798186858495076,0.03832149470758717
950,0.1712154597043991,0.03812933878766166
951,0.12538504997889202,0.03809125756311138
952,0.10930243581533432,0.03791385035068668
953,0.15030684173107148,0.037688661737051626
954,0.1296305000782013,0.03745084295147344
955,0.09868726233641306,0.03726452532393194
956,0.11821087648471197,0.037033311238414364
957,0.12748202135165532,0.03683792043760506
958,0.23138018449147543,0.036736248660157296
959,0.20794968605041503,0.036755988559527705
960,0.2014401823282242,0.0371625180742894
961,0.3004934012889862,0.037774958021459526
962,0.10695823828379313,0.038360810353916294
963,0.21143449644247692,0.038773585219829404
964,0.11704556345939636,0.0390295942493698
965,0.1806910902261734,0.03907234626903869
966,0.17803985277811687,0.03944318414780132
967,0.20268059571584066,0.03970586408300009
968,0.1637280821800232,0.03975467523287612
969,0.276125963528951,0.040423746258891814
970,0.22158917983373005,0.041057757249003964
971,0.1814014236132304,0.04166258875912393
972,0.1631245215733846,0.042226378637099125
973,0.15365084012349448,0.04218134257877082
974,0.18263640801111858,0.04171755478570336
975,0.11020007133483886,0.04148434429315098
976,0.20285410483678182,0.04148882705914347
977,0.16657849152882895,0.04129359008450257
978,0.12010388274987539,0.04088409284227773
979,0.10562829375267029,0.04025430410926105
980,0.11859488983949025,0.03960984629410052
981,0.12251748045285543,0.03895127363720832
982,0.15908686618010204,0.03850137629704169
983,0.1426776667435964,0.037831487842122015
984,0.12580029045542082,0.03701087527456339
985,0.15746838251749676,0.03650889421502749
986,0.11933267712593079,0.03596919700939056
987,0.11685133278369904,0.03546593743458129
988,0.11115609978636105,0.034852580543149984
989,0.12275323669115702,0.03421460096424783
990,0.12323235074679056,0.03360763150784704
991,0.15384098788102468,0.03311412755334586
992,0.15746231029431026,0.032716667573702965
993,0.20007191896438598,0.032702398317599156
994,0.1464620773990949,0.03288498710383449
995,0.11103549500306448,0.03287680734667862
996,0.14240907728672028,0.032768334605191886
997,0.17041606307029725,0.03272837470149436
998,0.15690366327762603,0.03275433908167638
999,0.16810290316740673,0.03265444485590472
1000,0.12519298295180004,0.03245229892737684
1001,0.20046741962432862,0.03239995524374365
1002,0.15338921944300335,0.032637721657404424
1003,0.11304991046587626,0.03270711924074686
1004,0.10937507251898447,0.03269553905603481
1005,0.12066211501757304,0.03254223015834713
1006,0.09855595976114273,0.03229876530318581
1007,0.1301258663336436,0.032067522417470726
1008,0.08844342678785325,0.03189203432864613
1009,0.18623861869176228,0.0320039712851159
1010,0.11740994304418564,0.032114527455111695
1011,0.11825387453039488,0.032239209849670616
1012,0.11572867234547933,0.03220106432573837
1013,0.1704368472099304,0.03221260779128786
1014,0.12170810600121816,0.03222274826022617
1015,0.17061852564414343,0.03226003615044014
1016,0.1545337329308192,0.03233025800327809
1017,0.16002525637547174,0.03242229640875992
1018,0.13859520504872005,0.03249846603612454
1019,0.13618849714597067,0.032543662565144876
1020,0.09574893414974213,0.03252638450535069
1021,0.13909743428230287,0.03243060139884726
1022,0.1346086899439494,0.032170621667340485
1023,0.14819133381048838,0.031875294377232154
1024,0.12829401791095735,0.03164448562944144
1025,0.12806825439135233,0.03140738569417892
1026,0.11101601868867875,0.031172541237016866
1027,0.12086641589800516,0.030933261386048027
1028,0.14186939174930255,0.030811578209637203
1029,0.1011481707294782,0.030666199256802164
1030,0.12942532499631246,0.03054396561973276
1031,0.15976835985978444,0.030509541323136168
1032,0.10608696838219961,0.03047440423254381
1033,0.15134064753850301,0.03045832472499351
1034,0.15244081219037373,0.030454000621511226
1035,0.12712728480497995,0.03042753852293854
1036,0.1071190079053243,0.030404247310862206
1037,0.10177351186672846,0.030328245517628933
1038,0.1715986167391141,0.030263907760817405
1039,0.1799866884946823,0.03029961252247381
1040,0.14166959126790366,0.030403620732283733
1041,0.10137502749760946,0.030534935559619936
1042,0.11804331342379253,0.030650436943560316
1043,0.12062715838352839,0.030694623352491367
1044,0.13037940909465154,0.030691537592146132
1045,0.17874683539072672,0.03073959466483858
1046,0.14670186936855317,0.03088753294657197
1047,0.1396086355050405,0.0310110488350977
1048,0.18276904026667276,0.031082415201684886
1049,0.15583785672982534,0.030997287394881945
1050,0.1477066064874331,0.030890577314802777
1051,0.1019730751713117,0.030705074098897955
1052,0.11113584339618683,0.030542045548471095
1053,0.14619943127036095,0.030389846395156538
1054,0.09912032335996628,0.030271809744207484
1055,0.12793078869581223,0.03018589624971674
1056,0.10676275889078776,0.030124451115466
1057,0.15009142955144247,0.030116109035865604
1058,0.10875129302342733,0.03012807250066459
1059,0.19012653231620788,0.030146620829987248
1060,0.09657990336418151,0.030121619851268523
1061,0.12761951585610706,0.03012538387587196
1062,0.08583612938721975,0.030118876686918806
1063,0.08993369539578756,0.030117884986320433
1064,0.16870633562405904,0.030174720291680064
1065,0.14996135532855986,0.030219622239557622
1066,0.12998518149058025,0.030167139848770452
1067,0.11816895902156829,0.030154966912640815
1068,0.11230398540695509,0.030137529858110242
1069,0.09963713983694712,0.030147463736826915
1070,0.140486745039622,0.030179867662532986
1071,0.09462218681971232,0.03027782699757675
1072,0.11604336500167847,0.030380505872400182
1073,0.1374488612016042,0.03042701025607816
1074,0.11729748249053955,0.030374522168428925
1075,0.10444869647423426,0.030346219542256574
1076,0.17384964476029077,0.030416948633671503
1077,0.1751753638188044,0.030428150636062287
1078,0.15710561076800028,0.03048376489583163
1079,0.09417924086252848,0.030552896349663624
1080,0.09615489915013313,0.030599362510991723
1081,0.13091795047124227,0.030652858240649714
1082,0.24929556051890056,0.03063844427553534
1083,0.12629153927167255,0.03053874884083954
1084,0.15656120975812277,0.030461439508835824
1085,0.15636413941780727,0.030444298059358235
1086,0.1525840202967326,0.030413919395347783
1087,0.08277713159720103,0.030400014052178428
1088,0.1361404518286387,0.030367544541756313
1089,0.1115514208873113,0.030314920600830464
1090,0.15346438835064571,0.03029904998185342
1091,0.1017291376988093,0.030317559533300457
1092,0.16275233229001362,0.030336883202282307
1093,0.17450770338376362,0.030385382179366916
1094,0.17895570894082388,0.0303879230452037
1095,0.10798907081286112,0.030360460804219832
1096,0.12918215294679006,0.03031398337443321
1097,0.15667924185593923,0.030273559236387065
1098,0.08775938351949056,0.03025757412464298
1099,0.13523670236269633,0.03031660772707553
1100,0.1073896199464798,0.03039416951829927
1101,0.1072158562640349,0.030461407631461383
1102,0.1950673719247182,0.030537960364630346
1103,0.15914731125036877,0.030541425962981424
1104,0.10247670213381449,0.03056679512455798
1105,0.17787408431371052,0.03055399112207325
1106,0.1335274447997411,0.030585920557989713
1107,0.11599662105242411,0.030688819796805492
1108,0.16687310884396236,0.030720954461360885
1109,0.11517080863316854,0.030726674857021075
1110,0.13175437649091085,0.03078214375422015
1111,0.13661465048789978,0.03080859024905496
1112,0.1180351306994756,0.030826299402274583
1113,0.1156698152422905,0.030916485183855945
1114,0.15442721992731095,0.030991197645402792
1115,0.17749331444501876,0.030911052327232753
1116,0.11477894907196363,0.03093133314529009
1117,0.12328231583038966,0.030980636766017006
1118,0.10366334915161132,0.031085976584656547
1119,0.06777670035759607,0.03117384127618974
1120,0.10519061187903087,0.03109017153657232
1121,0.10368307630221049,0.031087642590030592
1122,0.13003495186567307,0.031043566649028083
1123,0.11153561125199,0.0310067816103716
1124,0.08862749735514323,0.031111632653495723
1125,0.13386059552431107,0.031229985039136564
1126,0.17435483733812968,0.031273950585735996
1127,0.1528999204436938,0.03130580664051381
1128,0.10390247305234274,0.031234087901767234
1129,0.09578158756097158,0.03128593863254925
1130,0.10229742427666982,0.03135568329966382
1131,0.12961789270242055,0.03147990462146917
1132,0.14739404618740082,0.031618327196491394
1133,0.10508671005566915,0.031804876649828506
1134,0.11652659972508748,0.031939902740438085
1135,0.14086743493874868,0.03199413857199469
1136,0.11939986149470011,0.03206647856825451
1137,0.121774027744929,0.03232873709905043
1138,0.10944422582785289,0.032348593446420645
1139,0.14333512683709462,0.03253595301696257
1140,0.13611473217606546,0.03286184570942706
1141,0.07353819608688354,0.03308252532209395
1142,0.12162875632445018,0.033253504024622474
1143,0.12203035056591034,0.03317039800067133
1144,0.13715523481369019,0.033150080613225524
1145,0.08062233552336692,0.03321807512370815
1146,0.10892098645369212,0.033277235827163645
1147,0.06419834494590759,0.03365634341468239
1148,0.13124870657920837,0.03416045507612197
1149,0.12816408773263296,0.03468920820125798
1150,0.12687492569287617,0.03525789969734172
1151,0.1577067126830419,0.03582843981018802
1152,0.12079596916834513,0.03628517029403943
1153,0.12435842057069142,0.036779891813244696
1154,0.14289870858192444,0.03657843160295957
1155,0.11731400688489278,0.03629856787306088
1156,0.13035426338513692,0.03613035843506107
1157,0.07550767262776693,0.03615707642812696
1158,0.26902586420377095,0.03561774379374971
1159,0.10483242968718211,0.034977875339488186
1160,0.13843846122423809,0.03440853446308109
1161,0.1257779061794281,0.03391529530510089
1162,0.10582311997810999,0.03380561470631401
1163,0.11291541084647179,0.03376878709232772
1164,0.10418350547552109,0.03384990638737398
1165,0.09637107998132706,0.03410573128872273
1166,0.1431568612655004,0.03448253876818289
1167,0.09813894629478455,0.034798876747314696
1168,0.10089734196662903,0.035234244820819785
1169,0.0848291851580143,0.03562923387981058
1170,0.11090289950370788,0.03590155982722839
1171,0.08464252799749375,0.03606660351462183
1172,0.10022261540095011,0.0363251778177307
1173,0.18079427381356558,0.036232062756378004
1174,0.10469060639540355,0.036484343721395175
1175,0.11921770796179772,0.036657159381453495
1176,0.13004236419995627,0.0367586429119219
1177,0.09331423739592234,0.036888097828847756
1178,0.12286213338375092,0.0371930805669433
1179,0.1467575301726659,0.037338254880704726
1180,0.1371554121375084,0.03759644964399437
1181,0.10846106906731924,0.03757785629291817
1182,0.15113705197970073,0.03739861770034686
1183,0.11515923341115315,0.0373796365347729
1184,0.12687980135281882,0.03708189167626943
1185,0.15080472777287166,0.03669135404304106
1186,0.11919679095347722,0.036635365776924625
1187,0.09936924676100413,0.03682653357040638
1188,0.1014818030099074,0.03699486516960706
1189,0.11051390022039413,0.03709277809101936
1190,0.15222394267717998,0.03715153836116892
1191,0.13035936330755551,0.037171589855338874
1192,0.1247476210196813,0.037384415945386766
1193,0.13164957463741303,0.03725361698157323
1194,0.09757947971423467,0.03695931082199279
1195,0.1306333472331365,0.0369686273114527
1196,0.07788733566800753,0.03679313027975285
1197,0.09380825658639272,0.03676229503144624
1198,0.12966332236925762,0.036725924889508044
1199,0.13336520791053771,0.03630921366210613
1200,0.07927817950646082,0.03633742434332114
1201,0.10892728765805562,0.03626171409217804
1202,0.12175148030122121,0.036176773180302824
1203,0.10931276977062225,0.03605948224505791
1204,0.10047327975432079,0.03594118453104768
1205,0.10664363155762355,0.03619682707017756
1206,0.13211361765861512,0.035846484874032046
1207,0.09827743073304494,0.03554275586291581
1208,0.11650316615899405,0.03470177026411072
1209,0.08166622916857401,0.034257957894267915
1210,0.13321540852387745,0.03386916247419795
1211,0.1443523387114207,0.033113338257463876
1212,0.10438476204872131,0.03264981994340033
1213,0.0766242523988088,0.03252779491714131
1214,0.1676703115304311,0.032365894062194034
1215,0.12233008742332459,0.03207058178217352
1216,0.12671710749467213,0.031672761328954094
1217,0.18426648676395416,0.031259327933562606
1218,0.08260076542695363,0.031050708719491088
1219,0.12160597642262777,0.031053183036611268
1220,0.12434158126513163,0.031120457272562716
1221,0.07230358719825744,0.031236590972791117
1222,0.17725274364153545,0.031085764052487953
1223,0.07751487890879313,0.031068308654715094
1224,0.07765257755915324,0.03120486919457714
1225,0.10689820796251297,0.03148820804029006
1226,0.12901823620001476,0.031972214160214736
1227,0.07388282467921575,0.03261180495984896
1228,0.11350421806176504,0.033149294560633556
1229,0.07047251959641775,0.03360018431486791
1230,0.09426577041546504,0.03393340603807908
1231,0.08614571591218313,0.03423183049723419
1232,0.11073593124747276,0.034607584266896134
1233,0.12570869301756224,0.03498270298076565
1234,0.09614584743976592,0.03548247495404722
1235,0.10825987358887991,0.03594761600715179
1236,0.11686738878488541,0.036649110525497915
1237,0.07419622292121252,0.037321576837052686
1238,0.10061820745468139,0.03791980567791265
1239,0.11122343639532725,0.03855797791736451
1240,0.09235674391190211,0.03927434593141596
1241,0.11773757437864939,0.03972625992041658
1242,0.09826390619079271,0.03954596044284656
1243,0.12673288583755493,0.03939472570163007
1244,0.08757274945576986,0.03957842166820808
1245,0.10301944017410278,0.03961791222362251
1246,0.14711977839469909,0.039434323903263076
1247,0.10403294612963994,0.03888829226220266
1248,0.07757835686206818,0.03871755695177449
1249,0.08616704071561496,0.039008302695107
1250,0.11534080803394317,0.03928154859299042
1251,0.09547027945518494,0.03955295831199915
1252,0.12001639902591706,0.03965642311806349
1253,0.14285594920317332,0.03954206311606192
1254,0.09585281610488891,0.03882379367422008
1255,0.09529476364453633,0.03831451155731389
1256,0.08835642735163371,0.038356265572596845
1257,0.1377973953882853,0.03850821128601143
1258,0.10618105679750442,0.03887819640722387
1259,0.08562645614147187,0.03925270423033051
1260,0.10844522217909495,0.03954949501574404
1261,0.10766604443391165,0.039567994738095684
1262,0.06021971603234609,0.04002492006034836
1263,0.13759445349375407,0.03940243359208543
1264,0.15470694204171498,0.03816177910166569
1265,0.07413971920808156,0.0374117679539959
1266,0.1025647203127543,0.036774921875000435
1267,0.10578568279743195,0.03641747288019206
1268,0.07258414526780446,0.0362816836483428
1269,0.12337050288915634,0.03644359480638645
1270,0.08014919385313987,0.03695142561091894
1271,0.07630797922611236,0.037469946241145136
1272,0.10004812578360239,0.03813501922699639
1273,0.07053649673859279,0.0385819083338056
1274,0.07478598058223725,0.03908260048936225
1275,0.09693228701750438,0.03937451691572331
1276,0.11985950370629629,0.03923311949862788
1277,0.10963075136144956,0.03887623108205881
1278,0.07539197107156118,0.038718513741051744
1279,0.07220871696869532,0.03869050747186643
1280,0.13270028978586196,0.038420218170677686
1281,0.10686137477556865,0.03842788088586105
1282,0.08968469103177389,0.038686350044489386
1283,0.11712068617343903,0.038750284799709586
1284,0.07868171905477842,0.038129233956004746
1285,0.10012109180291494,0.03768833138100389
1286,0.08431989004214605,0.03716915042605251
1287,0.07905017683903376,0.036388993090323625
1288,0.10362840394179026,0.03604071516930316
1289,0.08142972961068154,0.03595133564756279
1290,0.13332860867182414,0.034926069974599745
1291,0.11513530736168226,0.03393492153954654
1292,0.07765944749116897,0.03333966886592016
1293,0.05154805282751719,0.03320464460255458
1294,0.08673365737001101,0.03297778539501174
1295,0.10022439658641816,0.03289446001600104
1296,0.11613251070181528,0.03310541511507847
1297,0.0752231647570928,0.03313286147183842
1298,0.07532527297735214,0.03323162043990012
1299,0.09364356100559235,0.033308875269790275
1300,0.08672639727592468,0.03361726697801193
1301,0.08960246741771698,0.03400061548039404
1302,0.08691862275203069,0.03417732541405798
1303,0.11806255678335825,0.034446548480589534
1304,0.10159436364968617,0.03482047381759104
1305,0.08593393564224243,0.03513468724262917
1306,0.0742104689280192,0.03558392299350068
1307,0.1264899790287018,0.03629000273966149
1308,0.10416414141654969,0.03688246061414758
1309,0.08691479563713074,0.03716969683361975
1310,0.1208208401997884,0.03779950108765815
1311,0.10050412118434907,0.03849214477681048
1312,0.12807790637016297,0.038953602218684574
1313,0.08664250274499258,0.03968625274188653
1314,0.08470737735430399,0.04049738181429188
1315,0.1013701836268107,0.04136944015385115
1316,0.09378149261077245,0.04230549707545828
1317,0.08459139168262482,0.04314690691756618
1318,0.09132787982622782,0.04415822589473135
1319,0.12735568483670553,0.04494533725818129
1320,0.07860028992096584,0.0452380779039997
1321,0.12235131561756134,0.04486210870948669
1322,0.09387034475803376,0.045099379169367994
1323,0.11608972450097402,0.04524465398733608
1324,0.1110294371843338,0.04568221872231286
1325,0.129375355442365,0.046607104609366394
1326,0.06853467524051667,0.047696755552250475
1327,0.08513641407092412,0.04857119063612575
1328,0.13251341084639232,0.049461103026749706
1329,0.0887253517905871,0.04945370439189481
1330,0.11176212479670843,0.04949550404708985
1331,0.07601746171712875,0.04976810010596674
1332,0.07025841424862543,0.04986745655422278
1333,0.10484038541714351,0.048888621761937416
1334,0.09253708918889364,0.048796531776979304
1335,0.0864899143576622,0.048763761999445
1336,0.07144147505362829,0.04930020670531786
1337,0.09924362202485403,0.04909034481282994
1338,0.07262994746367137,0.04832146746073768
1339,0.06670705278714498,0.047914924514643326
1340,0.0932268167535464,0.04771383869194845
1341,0.11208808198571205,0.04698991356689853
1342,0.07061795095602671,0.04670138921784727
1343,0.10883582557241121,0.04688816055129909
1344,0.10019681553045909,0.04670011365584681
1345,0.07471527109543483,0.04667176408434494
1346,0.07760098973910014,0.04672055340873089
1347,0.09359197815259297,0.046575254098272595
1348,0.059956150005261104,0.046752284890944844
1349,0.10530696511268615,0.04712870208905977
1350,0.08199854244788488,0.0475133432242856
1351,0.06563653573393821,0.047758833375862904
1352,0.09508730371793112,0.04747798223979771
1353,0.08689349542061488,0.04709762634371805
1354,0.0528693288564682,0.04713386415819806
1355,0.1678485023478667,0.04533661058722663
1356,0.06745179047187169,0.0435514221538392
1357,0.10545288572708765,0.04136890457154725
1358,0.06346973180770873,0.04043528251349926
1359,0.11025705933570862,0.039612096226134215
1360,0.10258411963780721,0.03949032384835521
1361,0.10311245421568553,0.0398808770349429
1362,0.07884471714496613,0.04076379955809547
1363,0.09605280756950378,0.04170191306120455
1364,0.06744036773840587,0.04207206269207394
1365,0.11828672165671984,0.04187813379743262
1366,0.07473034858703613,0.0421554460314481
1367,0.10570024798313776,0.04263918530175528
1368,0.08417857885360717,0.04240611456834972
1369,0.0939324493209521,0.042357801704133766
1370,0.0982878605524699,0.04201098304423667
1371,0.11083445250988007,0.041857859820988004
1372,0.12365841368834178,0.041238776675006104
1373,0.07780018448829651,0.04045896436195352
1374,0.06734731867909431,0.04041419311631498
1375,0.09542697668075562,0.04032312256484211
1376,0.07476509511470794,0.040013778574011775
1377,0.10518082827329636,0.04012730573807783
1378,0.08799966226021448,0.04039711200214149
1379,0.08761509011189143,0.04067772922561537
1380,0.0718035434683164,0.041055467362006395
1381,0.08322519461313883,0.04170455184219846
1382,0.09015690584977468,0.04260610654876616
1383,0.058641587694485985,0.043127009992648395
1384,0.08084102918704351,0.04398206799469442
1385,0.10284835696220399,0.04449035569464472
1386,0.0868499033153057,0.04476162170676776
1387,0.06049386610587438,0.04557521017275108
1388,0.07640736351410547,0.046229906557182295
1389,0.11486865878105164,0.045685986535179794
1390,0.11997593541940053,0.04454320186016569
1391,0.12449132700761159,0.04412622764953058
1392,0.09249967485666274,0.0436412729661604
1393,0.08739581108093261,0.043247402575355816
1394,0.06273228774468104,0.042982438588222184
1395,0.06972217311461766,0.04332234777342692
1396,0.10876281460126241,0.04412566626489391
1397,0.1047852024435997,0.04538185289844446
1398,0.08017390271027883,0.04612972629760332
1399,0.12982630332310993,0.0459473099633071
1400,0.0645614042878151,0.04582928944234763
1401,0.0900423914194107,0.04589189916824628
1402,0.09226665993531545,0.045301656633253314
1403,0.06468079263965289,0.04464009705092213
1404,0.08067717254161835,0.044368827406436814
1405,0.08161684274673461,0.04411307056073633
1406,0.12666715582211813,0.04408368766879696
1407,0.062202963853875796,0.04364796607702023
1408,0.09311683177947998,0.04298382341434188
1409,0.18937521080176037,0.04133239908862794
1410,0.11720258444547653,0.03998908433196549
1411,0.06923404932022095,0.03896995912965017
1412,0.06962934037049612,0.038176968840443755
1413,0.07834088454643885,0.037888921086529366
1414,0.10470943674445152,0.03781794641733344
1415,0.06770060956478119,0.038186089532607784
1416,0.08462654103835424,0.038600016157932536
1417,0.06983855366706848,0.038765032845821605
1418,0.10773579676946005,0.03916675639042647
1419,0.07792134856184324,0.039890075595852
1420,0.08197693526744843,0.04075409627021889
1421,0.09604009290536245,0.04132617493459617
1422,0.08895982503890991,0.04177002310929875
1423,0.03513302356004715,0.0423529027261341
1424,0.09056311945120493,0.042394032071096745
1425,0.0616379339247942,0.0418604914601402
1426,0.052736042191584905,0.041393371437620424
1427,0.11048227647940317,0.041489064644093555
1428,0.10068727731704712,0.04149950145095674
1429,0.08944600125153859,0.04168946960429002
1430,0.09582020143667856,0.042134280043534325
1431,0.0736458698908488,0.042942026265139814
1432,0.08497083882490794,0.04415197410125133
1433,0.17007868736982346,0.04427855874055027
1434,0.09675110429525376,0.04446950142492393
1435,0.08114834129810333,0.04364082676410261
1436,0.060025668640931444,0.04250336817124646
1437,0.06653932109475136,0.04119261203276549
1438,0.07199402848879496,0.04094144534857464
1439,0.10169372061888377,0.041366521431792154
1440,0.0746132679283619,0.04153969214990196
1441,0.08297107766071955,0.04142941804129592
1442,0.09298357665538788,0.042050210208283485
1443,0.0562110443909963,0.04294082911124137
1444,0.07549918442964554,0.04303379494959641
1445,0.07281173219283422,0.043465564732217875
1446,0.055943127969900766,0.04401068356669677
1447,0.08556616504987082,0.044234811554374226
1448,0.08413596625129381,0.04418504176244728
1449,0.07021663536628088,0.04452855441289034
1450,0.055677133798599246,0.04487297293792713
1451,0.09983990788459778,0.04540144690456773
1452,0.07269227902094523,0.04551010620330967
1453,0.07389140725135804,0.04388976184588623
1454,0.08134720424811046,0.04312123316670332
1455,0.10346760799487432,0.042975449456345856
1456,0.05914259652296702,0.043272826549656994
1457,0.07171472112337748,0.04384326410945505
1458,0.07150394196311632,0.04492609427625052
1459,0.08661296516656876,0.04581828813929089
1460,0.08922216494878134,0.04669757898521136
1461,0.09097788110375404,0.04787554451855368
1462,0.0675119325518608,0.04916204610561723
1463,0.0500823716322581,0.05050471498037291
1464,0.06312218556801479,0.05190107443680366
1465,0.06838207319378853,0.05258346764828291
1466,0.08005110919475555,0.05319574385151615
1467,0.07939472695191702,0.05439060716209007
1468,0.07115037391583125,0.05598773621022701
1469,0.06965828761458397,0.057262067862770015
1470,0.08134336322546006,0.05848357790253229
1471,0.0714351495107015,0.05946009884430477
1472,0.06058467651406924,0.06023050044603341
1473,0.12232385277748108,0.06049555000353452
1474,0.07765207588672637,0.0592742084269548
1475,0.09826720406611761,0.05808237991813156
1476,0.05625631709893544,0.05636856675540146
1477,0.08988947570323944,0.054565688494418625
1478,0.08021569947401683,0.05310812415636815
1479,0.09628037512302398,0.05151361063645597
1480,0.07493483771880467,0.0505283637250071
1481,0.07769319812456767,0.04910442016593981
1482,0.08384476850430171,0.04767667774481383
1483,0.07884368722637494,0.04637758905607227
1484,0.07103843092918397,0.045048949090159385
1485,0.06589208245277405,0.04397627216701162
1486,0.05925966923435529,0.043166440605234946
1487,0.07315032755335173,0.04273907934337288
1488,0.04863410691420237,0.042516139551060414
1489,0.07534153908491134,0.042519737390749573
1490,0.10334380889932314,0.04273950599020957
1491,0.08139111051956813,0.04275736763762931
1492,0.04733168904980024,0.04303180034904147
1493,0.06310098071893057,0.042853761841856186
1494,0.08073466916879019,0.042310314092305845
1495,0.07643293465177219,0.04191165565607024
1496,0.06691596632202466,0.042254648166259325
1497,0.07009302228689193,0.043005177689912286
1498,0.08118894149859747,0.044095603091511545
1499,0.06750386307636896,0.04526680980996931
1500,0.08222531725962957,0.045693061275718115
1501,0.07919252316157023,0.04562796211164249
1502,0.0633826697866122,0.045906858786951464
1503,0.07435623953739802,0.04635276954228941
1504,0.0628907432158788,0.046872616948407386
1505,0.06833720654249191,0.04672640555521898
1506,0.07820878674586614,0.04664725560711272
1507,0.06321582992871602,0.04692754241071467
1508,0.08662653267383576,0.047589217605374275
1509,0.09394412438074748,0.04820267402033229
1510,0.06797362367312114,0.048660779403174044
1511,0.10054294442137082,0.04857790903923543
1512,0.04873829235633214,0.048494256539297516
1513,0.0683254323899746,0.04871090674467864
1514,0.0591755452255408,0.0497148071935847
1515,0.08598876496156056,0.05067979244852972
1516,0.06291784743467967,0.05103573800821663
1517,0.07117167214552561,0.05121934034300652
1518,0.05954136078556379,0.05189354310073612
1519,0.06925436158974965,0.052496715823231996
1520,0.05263606111208598,0.05285506518775521
1521,0.0730148029824098,0.05251641005647984
1522,0.061143252750237784,0.05186920540341944
1523,0.06158176561196645,0.05133240209342313
1524,0.06831695511937141,0.05129943791047087
1525,0.0499468557536602,0.05111492926401919
1526,0.08062244604031245,0.050941607270836395
1527,0.07028425832589467,0.050867994077645286
1528,0.036658577620983124,0.05088121736182542
1529,0.13425561587015789,0.04950395324784848
1530,0.06678745125730833,0.048153900958009456
1531,0.06948553323745728,0.047448915647266554
1532,0.057662334044774374,0.046862371125645196
1533,0.08806887169679006,0.046122080986170176
1534,0.07915495534737906,0.04631036199351544
1535,0.0662003849943479,0.04622348245064461
1536,0.06001133521397908,0.04627044969619584
1537,0.08449863617618879,0.04620486319647851
1538,0.07809238856037458,0.04653956080658895
1539,0.06439651697874069,0.04722688411980628
1540,0.08246251344680786,0.04732053984182598
1541,0.08300538460413615,0.04760778313352895
1542,0.065044467151165,0.04791189497200587
1543,0.07958011714120707,0.048814412975705594
1544,0.05404147356748581,0.050149082895150486
1545,0.05776113246877988,0.05134826615910258
1546,0.06870173811912536,0.05221497802586671
1547,0.06472962001959483,0.052365922573300305
1548,0.04874241600433985,0.052637212700074355
1549,0.06104858567317327,0.05348643264188622
1550,0.05449636777242025,0.05445060954968396
1551,0.06557057797908783,0.05544304039209471
1552,0.09442779421806335,0.05517389428698354
1553,0.07529713660478592,0.05426378238249069
1554,0.06263521909713746,0.05343470001615017
1555,0.08212213367223739,0.0525789180435567
1556,0.11010078291098277,0.05123539102585082
1557,0.06072042485078176,0.050281599174901756
1558,0.054191791514555616,0.05042445031675505
1559,0.09852172136306762,0.049761186658856815
1560,0.0436452051003774,0.04988689389357572
1561,0.07894949565331141,0.05009322987368319
1562,0.06650878290335337,0.05008869857271338
1563,0.0632795363664627,0.04929676849928777
1564,0.12643161813418072,0.04790968155728011
1565,0.05653764406840007,0.047773924253183844
1566,0.07728440165519715,0.048188486501400236
1567,0.06820729871590932,0.04916508032324893
1568,0.04809942071636518,0.04978816515945813
1569,0.06960178042451541,0.04875107243798717
1570,0.07051849712928136,0.04754610199546605
1571,0.05330164755384127,0.046492997470464315
1572,0.05757990578810374,0.046011650216580526
1573,0.06134785314400991,0.04511882059142669
1574,0.06923233369986216,0.044836708023185616
1575,0.09625677317380905,0.0448265884722425
1576,0.05337757617235184,0.045103394998270166
1577,0.08517456948757171,0.04518937707295892
1578,0.05817457338174184,0.045185556603263385
1579,0.05008700229227543,0.045870888025134976
1580,0.05924466103315353,0.046300067844778865
1581,0.0831096313893795,0.047087860526517034
1582,0.046553591390450795,0.048043658945992676
1583,0.0695540043214957,0.048675844021010814
1584,0.06191204463442167,0.049078047372215584
1585,0.04130212118228276,0.049508062405076034
1586,0.09115286817153295,0.04954568581786333
1587,0.07363779346148173,0.048739422488500155
1588,0.07318376700083415,0.04744093931465252
1589,0.05706918289264043,0.046801846128567096
1590,0.10034627219041188,0.04598838236449798
1591,0.05692231853802999,0.0451968107951195
1592,0.05962094341715177,0.04460275837367302
1593,0.04901458546519279,0.044260340281190316
1594,0.09478900184233983,0.043648451800888395
1595,0.06380157123009364,0.04337373106980054
1596,0.06503310551246007,0.04319182726178776
1597,0.0591440590719382,0.04345523380628128
1598,0.060131110499302545,0.04435976156733429
1599,0.07245133072137833,0.04474640860527274
1600,0.05565142929553986,0.04493156659460425
1601,0.08256882230440775,0.0446037263527774
1602,0.076380655169487,0.04481776796379372
1603,0.05647045274575551,0.04505917746764308
1604,0.08871038456757864,0.04552935822989399
1605,0.06012573689222336,0.046476629211387614
1606,0.06870489120483399,0.04762553170933361
1607,0.046968258917331696,0.0486694435120631
1608,0.05789935539166133,0.04924758172141965
1609,0.048476675649484,0.04963228840936433
1610,0.04532117595275243,0.049792134363683516
1611,0.05106823742389679,0.05000955549106873
1612,0.055451370278994244,0.049875943194421235
1613,0.033876628677050276,0.0507235997383706
1614,0.07749180098374685,0.051744119729846716
1615,0.05207830419143041,0.05337361847622353
1616,0.06288514162103336,0.05337940745752806
1617,0.05456652839978536,0.052966831791165625
1618,0.059036270901560786,0.0530927653740329
1619,0.06151234706242879,0.05335991012139453
1620,0.08470342556635539,0.052690345295623206
1621,0.04634118725856145,0.05168791353288624
1622,0.05706847508748372,0.051111905187455536
1623,0.058523292342821755,0.05027210221173819
1624,0.05617362757523855,0.04960472287054647
1625,0.052445798615614575,0.048811251229513984
1626,0.07752479811509451,0.04879114881691615
1627,0.05978889465332031,0.049078284207273996
1628,0.09805367241303126,0.048348994952849826
1629,0.059253554542859396,0.047424141761481936
1630,0.04817824711402257,0.04727998205014009
1631,0.06193244730432828,0.047667510720372896
1632,0.042137919118007024,0.048170847977560605
1633,0.05977875143289566,0.04829854144829146
1634,0.07751518487930298,0.048543618533117644
1635,0.06129420499006907,0.04945755665522744
1636,0.08378295997778575,0.05038374799919146
1637,0.07759644314646721,0.05049571291440063
1638,0.039236394315958024,0.050139351754737965
1639,0.053632992506027224,0.04998008054898975
1640,0.05425375699996948,0.04967823197618563
1641,0.046117134888966876,0.04967364397074221
1642,0.05849739486972491,0.04983589156225803
1643,0.0672761544585228,0.049948957750072694
1644,0.05385040640830994,0.049553331830511575
1645,0.05579074881970882,0.04883276318521266
1646,0.06531219631433487,0.04851681769727484
1647,0.1287945792078972,0.04673724702956994
1648,0.052894329031308494,0.04587038720505889
1649,0.057552023728688555,0.045520837080381724
1650,0.07167749404907227,0.045675535925952665
1651,0.05100052356719971,0.046094788231598266
1652,0.05343245814243953,0.046439438752628515
1653,0.03893042070170243,0.04663824463775109
1654,0.052536091208457945,0.047434549479151676
1655,0.0690749188264211,0.048643255649864325
1656,0.04160374651352564,0.049638481769841494
1657,0.05507065753142039,0.050534423955373074
1658,0.06927441954612731,0.05115113550884246
1659,0.06290381401777267,0.05121282205170794
1660,0.06551363418499628,0.05133185905747508
1661,0.04629753157496452,0.05137871145080143
1662,0.04784638981024424,0.05099538459486126
1663,0.04704435095191002,0.050604790880764174
1664,0.08405153254667917,0.05046718921621292
1665,0.060784504065910974,0.050328771936385866
1666,0.04481557061274846,0.050837333333182924
1667,0.04070832331975301,0.051698056229373866
1668,0.040852636098861694,0.052623060414818124
1669,0.05160905520121257,0.05458329761760276
1670,0.04846271798014641,0.0557317699779544
1671,0.05801254237691562,0.055699027056277495
1672,0.06444280495246252,0.056050540476340296
1673,0.06120317131280899,0.055382185239802324
1674,0.05310843239227931,0.054065816681723146
1675,0.05400314902265867,0.052980781031761605
1676,0.04920807331800461,0.052876964494673134
1677,0.04357220157980919,0.05307295532864437
1678,0.04864540845155716,0.05351485644211197
1679,0.03599191432197889,0.05378514908428429
1680,0.057254811624685924,0.054009572717181424
1681,0.1130001723766327,0.0525524805419757
1682,0.0543601060907046,0.05016691729764056
1683,0.06919019271930059,0.04877656296560029
1684,0.06561947067578634,0.04799558360358341
1685,0.05411164661248525,0.047333691846470384
1686,0.0415725698073705,0.04710203270041193
1687,0.05020247101783752,0.04715940647360961
1688,0.04762858214477698,0.04720539321758027
1689,0.057276673863331476,0.04747117073302381
1690,0.05382594093680382,0.04703400401964958
1691,0.05503089080254237,0.04671058738985431
1692,0.0327869139611721,0.046131803670473266
1693,0.05969972734649976,0.04551172359541538
1694,0.059984059631824495,0.04469679709801679
1695,0.036646899829308195,0.04372425203630973
1696,0.0686128040154775,0.04312480415615161
1697,0.0665082943936189,0.04280840493439103
1698,0.08390149275461832,0.041958559552283836
1699,0.05680041213830312,0.041637133845749
1700,0.05176428159077962,0.041160554871540404
1701,0.056033389270305635,0.03986681085753892
1702,0.05433171639839808,0.0388894224429111
1703,0.052357645829518636,0.03752367196901434
1704,0.04767253746589025,0.03649973477528305
1705,0.04789080371459325,0.03565927692593691
1706,0.04266584689418475,0.035423744902523965
1707,0.04421925507485867,0.035411486595839106
1708,0.048263190189997356,0.035792858282149065
1709,0.04230319373309612,0.036176842520263985
1710,0.05968883807460467,0.03654168249272649
1711,0.07268652195731799,0.03744468307299594
1712,0.06398319490253926,0.038117359685085235
1713,0.06806847751140595,0.03856587514474618
1714,0.07063881953557333,0.03819256399047414
1715,0.04258250867327054,0.03772980287570332
1716,0.054842061921954156,0.0372286239892179
1717,0.056147214770317075,0.03717123823375196
1718,0.08082658002773921,0.03716633028530499
1719,0.05105744848648707,0.03723834523024332
1720,0.0705300435423851,0.036687890233469266
1721,0.07189389566580455,0.03669374818676723
1722,0.050744947294394174,0.03621462326972032
1723,0.04215925944348176,0.03582865130585177
1724,0.05164143095413844,0.03555338053177084
1725,0.0413120374083519,0.03545746963732598
1726,0.041773883750041325,0.03536434154018041
1727,0.051392982403437294,0.03487698934742179
1728,0.04804450223843257,0.03480945394935402
1729,0.07493973275025685,0.03517622171563494
1730,0.04991241234044234,0.035933901528604546
1731,0.03931615302960078,0.036327043512144414
1732,0.05168766379356384,0.037084202229028994
1733,0.053575425098339714,0.0373667673274537
1734,0.04137925878167152,0.03761482577122835
1735,0.06103797554969788,0.03673886002874688
1736,0.06585805515448252,0.03428130574069634
1737,0.04917427847782771,0.032479039415320904
1738,0.04472087249159813,0.031038808360136227
1739,0.05720513338843981,0.029667562017100184
1740,0.053224600354830426,0.02898424896391174
1741,0.04358267473677794,0.028882865477605227
1742,0.04198570102453232,0.029176293681505032
1743,0.05746365090211233,0.02967932248727707
1744,0.05474603027105331,0.029859475059603607
1745,0.04728970676660538,0.030011369520662166
1746,0.04433478737870852,0.030421718963039277
1747,0.035152866939703625,0.030993064312326957
1748,0.047839101900657016,0.03176164309622186
1749,0.04808151622613271,0.032620973861572054
1750,0.059913300226132074,0.03333498707193642
1751,0.06699562718470892,0.033718929408194376
1752,0.036158238102992374,0.033480063666949014
1753,0.0409293457865715,0.0333454278243259
1754,0.046278353904684384,0.03368990168408409
1755,0.04236598014831543,0.03426565949080719
1756,0.04861899341146151,0.034963454761166586
1757,0.061507500956455866,0.03604085519174604
1758,0.04982064515352249,0.03677336635117076
1759,0.06408075094223023,0.037697212023072336
1760,0.04950271944204966,0.0384086255768412
1761,0.038037640353043876,0.038158602451589724
1762,0.05184749513864517,0.038361718807347685
1763,0.03609124471743901,0.03883413020766487
1764,0.06167540152867635,0.039165591547396364
1765,0.037257871404290197,0.039435791453531786
1766,0.025573631500204405,0.03988999805048282
1767,0.04429339828590552,0.04064777790846532
1768,0.06059711327155431,0.041257434039872296
1769,0.030454156920313835,0.04199687636332118
1770,0.08322978715101878,0.04124889524424808
1771,0.051807981977860136,0.040828547135474735
1772,0.05214091539382935,0.040362349635109915
1773,0.03830248179535071,0.04006714490923094
1774,0.0406219186882178,0.039598573821634925
1775,0.05089179575443268,0.039117457966009773
1776,0.03334072008728981,0.03857790167873714
1777,0.052932398517926534,0.03781650328943342
1778,0.05129229252537092,0.037466125020877136
1779,0.05387738545735677,0.03709413936601309
1780,0.055660611391067503,0.03675536418126689
1781,0.04405572762091955,0.03697199850718964
1782,0.0696705587208271,0.036862586848219935
1783,0.058762472867965695,0.03657474214407174
1784,0.04399408847093582,0.03592840517729477
1785,0.05746540476878484,0.034664627020274515
1786,0.03775102123618126,0.0336624718848507
1787,0.05832492634654045,0.03250105523474362
1788,0.0405983512600263,0.031287570945559104
1789,0.03556703825791677,0.030665116571843058
1790,0.04602889368931452,0.02989330591071582
1791,0.050811604037880896,0.02927471561767896
1792,0.035576184093952176,0.028490453726021103
1793,0.029623169700304666,0.027693601884424403
1794,0.051142028719186786,0.027150953372011823
1795,0.04361464083194733,0.026706493612479593
1796,0.0453388291100661,0.026459658253605734
1797,0.047890421996514006,0.0263852776381887
1798,0.045190313706795375,0.026496396447349427
1799,0.0496371994415919,0.026719543193766508
1800,0.03657860706249873,0.02731370790391801
1801,0.05656952013572057,0.02692299737929971
1802,0.03799381305774053,0.026941258681200075
1803,0.04326547359426816,0.026865313638734213
1804,0.03710886314511299,0.02609478313120474
1805,0.05460697958866755,0.025010234566183478
1806,0.05790350846946239,0.02453227294813188
1807,0.05701500525077184,0.0246568495340983
1808,0.0378468818962574,0.02524871929182415
1809,0.05289151022831599,0.02584776622365768
1810,0.03226433688153823,0.026163415968341874
1811,0.052542408307393394,0.025740826335988874
1812,0.058002038796742754,0.02525145130821542
1813,0.04723753953973452,0.02527089073691702
1814,0.056021761645873386,0.025646814469885277
1815,0.054039030770460766,0.026432225902425943
1816,0.041170920431613925,0.027047901930034226
1817,0.024290694544712704,0.02748840497922403
1818,0.04224568953116735,0.0277859392199442
1819,0.04057609836260478,0.028072005295744766
1820,0.055521216491858164,0.028634304290008322
1821,0.04097157840927442,0.02880084405691303
1822,0.056814165661732356,0.02935658178934882
1823,0.048059756060441335,0.029408649685765394
1824,0.038216666877269746,0.028361116956690687
1825,0.029680796215931574,0.02747293149818236
1826,0.06514100258549055,0.026308701468607115
1827,0.030684919903675716,0.025652953589672758
1828,0.03308490763107936,0.025178039628074217
1829,0.04470916440089544,0.025035087827985223
1830,0.04462845772504807,0.024618125157103987
1831,0.032620699827869734,0.02432001981123797
1832,0.04370261530081431,0.02441818951744837
1833,0.06405782277385394,0.02460148051903278
1834,0.05800773526231448,0.024797376569827518
1835,0.05685500552256902,0.025410728359578603
1836,0.0367386778195699,0.025756491350530163
1837,0.029168547689914705,0.025967589955659835
1838,0.04683291092514992,0.025575375797469387
1839,0.04022791087627411,0.025228574717817663
1840,0.056087332963943484,0.025027755184449003
1841,0.04078872799873352,0.02486000116267759
1842,0.03905089050531387,0.024908546123303725
1843,0.05505470385154088,0.02535185753844395
1844,0.046692082782586415,0.026312579583289506
1845,0.036661364634831745,0.027140949479010152
1846,0.0371372660001119,0.027870124641312995
1847,0.039698946724335354,0.028430972959742777
1848,0.04572779933611552,0.029111794729809664
1849,0.03822393268346787,0.02957413066655114
1850,0.04351117623349031,0.029136662764273236
1851,0.07475493401288986,0.027502571205385247
1852,0.03074366015692552,0.026149464197925222
1853,0.053881129374106725,0.025065383536547792
1854,0.033939585586388904,0.024098526662261883
1855,0.02885073274374008,0.02338871749152691
1856,0.0479940598209699,0.02276652839411954
1857,0.037085012843211494,0.022310211347029353
1858,0.05312592114011447,0.02202287877192285
1859,0.02884869383027156,0.021818834401895863
1860,0.05237485915422439,0.021789330359390388
1861,0.030214330305655797,0.021784434254670637
1862,0.03474491462111473,0.021891933132632914
1863,0.0433492270608743,0.021916214238146964
1864,0.04473651324709257,0.02216995105267181
1865,0.03704540506005287,0.022656980376045237
1866,0.04465981721878052,0.023016705883024204
1867,0.0477952962120374,0.023560529857961057
1868,0.03544123768806458,0.024312398408856843
1869,0.04108809344470501,0.025065618720687164
1870,0.04086581269900004,0.025397388591657105
1871,0.04618133455514908,0.02570435924970202
1872,0.0400361234943072,0.025839230932066578
1873,0.048651976386706035,0.025758200359451776
1874,0.04006507185598215,0.02542827901708191
1875,0.040759362280368805,0.0254455919973879
1876,0.0484492560227712,0.02564845738111456
1877,0.035853790740172066,0.025537025845849243
1878,0.02616311882932981,0.025531331080451816
1879,0.051503111297885575,0.02558515184900685
1880,0.0471111960709095,0.02568033271011684
1881,0.02818265507618586,0.025605681684373317
1882,0.0474913015961647,0.025316633209715493
1883,0.04602163334687551,0.025123944894440624
1884,0.0389313538869222,0.024989942313894925
1885,0.05141304818292459,0.025028504667141915
1886,0.035866234948237735,0.025131630198621566
1887,0.03627060999472936,0.02458110468650008
1888,0.037081142390767735,0.02424003306588387
1889,0.030939878523349763,0.024354892155858118
1890,0.03079593206445376,0.02449091459687102
1891,0.03562208041548729,0.024348416285009302
1892,0.05216344147920608,0.024220329730795992
1893,0.03236299765606721,0.024135049289549914
1894,0.024158531427383424,0.023969872636115996
1895,0.04469348738590876,0.023927667892704126
1896,0.04456715732812881,0.02355720524128788
1897,0.05119851231575012,0.023583267816772672
1898,0.05007811238368352,0.02374992494563959
1899,0.06611016641060512,0.024514556669069137
1900,0.0387044591208299,0.025142733598596347
1901,0.04742630099256833,0.025758164518169667
1902,0.025167511527736983,0.0260863884540046
1903,0.0343703160683314,0.026343782552196618
1904,0.0396416158725818,0.026734236728574275
1905,0.04130574564139048,0.02704637082925404
1906,0.04757419601082802,0.02671630227154023
1907,0.02565850963195165,0.02644279604091456
1908,0.0310123011469841,0.026368029805020107
1909,0.03762317150831222,0.026595092788393126
1910,0.03496938447157542,0.02689103786125561
1911,0.033455863843361536,0.026489439910571826
1912,0.041275110592444736,0.02644052087841283
1913,0.04114374990264575,0.02622646968049264
1914,0.0423525732010603,0.025207927835184798
1915,0.025001593679189683,0.024766211878584576
1916,0.04877327978610992,0.02423355365389882
1917,0.04215785066286723,0.023200633751816656
1918,0.03866677321493626,0.022433773861933848
1919,0.03840854465961456,0.0220050232131606
1920,0.03744342078765233,0.02165445561465611
1921,0.042624858766794206,0.02157766470526977
1922,0.03528486837943395,0.021630331666933164
1923,0.042445051670074466,0.021272063009884774
1924,0.04360735540588697,0.021312651250644844
1925,0.03306238154570262,0.021614378608207693
1926,0.04820348123709361,0.02208565944010577
1927,0.03614224245150884,0.022121854568967782
1928,0.04407969117164612,0.022299930537037813
1929,0.044641732176144915,0.022954099077039686
1930,0.029197266201178233,0.023471635271392066
1931,0.03898215169707934,0.02349167622827342
1932,0.0494932030638059,0.023077519745320865
1933,0.03962987934549649,0.022832147585778166
1934,0.042699956645568214,0.022990954212697323
1935,0.04881182461977005,0.022472089034987187
1936,0.04252415398756663,0.022334414664301912
1937,0.03063173349946737,0.022597601612054943
1938,0.033827999234199525,0.02254860681394518
1939,0.028170453508694966,0.02245402916835632
1940,0.03347949621578058,0.022172828078302637
1941,0.03233368868629138,0.021418068145418113
1942,0.04335756947596868,0.021161998152032995
1943,0.06039014076814055,0.02110738607296415
1944,0.03478585009773572,0.020840692233119965
1945,0.0369573250412941,0.02063198466254235
1946,0.05277881398797035,0.020037238286639298
1947,0.0302238071958224,0.019643545823378697
1948,0.022653530786434808,0.019591362732299195
1949,0.028841763362288476,0.019882727671027924
1950,0.03799531410137812,0.020230884850978285
1951,0.03801183092097441,0.020771275932099997
1952,0.030068805813789366,0.02100845726686176
1953,0.03237003112832705,0.021116154409988583
1954,0.029108288635810216,0.021225717141325668
1955,0.03274857749541601,0.021217565639053432
1956,0.039119762182235715,0.021330028152833993
1957,0.048182273159424464,0.02170436925864751
1958,0.04207872450351715,0.021651740237656567
1959,0.03311015740036964,0.021145373269675943
1960,0.03571618919571241,0.020769701196338263
1961,0.02585986703634262,0.020260778553606886
1962,0.02878219832976659,0.020097041695258902
1963,0.03014334539572398,0.020393942577399488
1964,0.029324807599186896,0.020609854696024405
1965,0.030690050621827444,0.020558622542820457
1966,0.03527264048655828,0.020651607399422414
1967,0.04672341433664163,0.020904489087583553
1968,0.037383792301019035,0.021166829080511516
1969,0.028525319074591,0.02123252126083257
1970,0.030223347743352256,0.021299875755957737
1971,0.02938262323538462,0.02154594316822613
1972,0.03374556973576546,0.02176166398924563
1973,0.0490424245595932,0.02151869639634476
1974,0.028845463444789252,0.020593331074233206
1975,0.03154307057460149,0.019956245448246968
1976,0.026671849687894187,0.019831642282484043
1977,0.026289248963197072,0.02002887635652455
1978,0.03953265411158403,0.020389250375477497
1979,0.03423232783873876,0.021040416858431322
1980,0.07172864874204,0.021714294882088203
1981,0.031303544094165164,0.021750306624821143
1982,0.026474563280741374,0.022049443759514314
1983,0.053331699470678964,0.021974994653933926
1984,0.024767975509166717,0.02193340325962251
1985,0.03461177796125412,0.0217497343066753
1986,0.056670633455117546,0.021604046805582026
1987,0.021750691595176855,0.02156089940407907
1988,0.020229746401309968,0.0215768010385487
1989,0.034408928950627644,0.02178363859441066
1990,0.03704472134510676,0.022063211872846933
1991,0.029905094454685848,0.02236773013763609
1992,0.029073112457990647,0.022407340124107854
1993,0.03188912613938252,0.022573909970076633
1994,0.0227409062286218,0.022651705549136675
1995,0.04132721945643425,0.02277256889072688
1996,0.032521384830276175,0.023171619384151975
1997,0.02826632062594096,0.023725424506510908
1998,0.03900901364783446,0.02379503274712254
1999,0.02872386823097865,0.02369361254931237
2000,0.03986031785607338,0.02352192274659698
2001,0.02925130588312944,0.02292281033046413
2002,0.031032469868659974,0.022227708955584038
2003,0.026323413227995238,0.021851710071079215
2004,0.04072099054853121,0.021871462831959912
2005,0.04648556510607402,0.02200064488158327
2006,0.03367192149162292,0.021939554293939505
2007,0.04800372620423635,0.021131665644655278
2008,0.031578456486264866,0.020279011835496633
2009,0.024733994652827582,0.0195602727931385
2010,0.025426116989304623,0.018471241054500927
2011,0.026464848965406417,0.017761518408092317
2012,0.02442465101679166,0.01740353088196209
2013,0.03781263902783394,0.017351982879182815
2014,0.05152435128887494,0.017639718977026424
2015,0.04093912939230601,0.018275689605313044
2016,0.028842279935876527,0.019223191925155664
2017,0.03491753873725732,0.01970342565627431
2018,0.03458320697148641,0.020298489521949264
2019,0.043234526614348096,0.02103535826072881
2020,0.03690946996212006,0.02172274991859034
2021,0.03536795899271965,0.02267045905127337
2022,0.042920449003577235,0.02291008735848972
2023,0.04248204827308655,0.023077473981164352
2024,0.04533028900623322,0.022876312937151793
2025,0.02421007479230563,0.022767377567984033
2026,0.03160932113726934,0.02270612699573326
2027,0.02310993621746699,0.02238859754050292
2028,0.020298186565438907,0.021972611790239724
2029,0.03532870908578237,0.022096652306115242
2030,0.023306821162501972,0.02239057010758603
2031,0.026925355195999146,0.02265928142938262
2032,0.03020585874716441,0.022889096703794267
2033,0.03701410889625549,0.02319797826113931
2034,0.029500263556838036,0.02349600997584605
2035,0.029817016422748567,0.023642824992689996
2036,0.04818387627601624,0.02380846628145865
2037,0.02363972266515096,0.023499142351336995
2038,0.04339416921138763,0.02230640322416585
2039,0.029304837187131245,0.021559251698376667
2040,0.03026566281914711,0.020618973806369723
2041,0.035030460171401503,0.01910029780882144
2042,0.026286508018771807,0.017692372972167462
2043,0.04133692408601443,0.016596927656792104
2044,0.03277996430794398,0.015515932797968975
2045,0.02484186924993992,0.014787181943899419
2046,0.04477214825650056,0.014290621141836385
2047,0.025436734904845555,0.013942509490488728
2048,0.022904165337483087,0.01373073818503841
2049,0.035463808973630266,0.013570479258683195
2050,0.017987610896428426,0.013434304581575194
2051,0.02729319582382838,0.013178297147128938
2052,0.023689874758323032,0.013147337528623706
2053,0.026574151093761125,0.013227817090840912
2054,0.030273786932229995,0.013417661574935371
2055,0.03035710925857226,0.013768645879786668
2056,0.03248027190566063,0.014207569438738106
2057,0.031390963743130364,0.01457557311398658
2058,0.04078437437613805,0.01510255089355088
2059,0.03309288968642553,0.015627095688880578
2060,0.03597381518532832,0.016068898586621673
2061,0.026378720253705978,0.01655781669038408
2062,0.02039856364329656,0.016806476496225388
2063,0.035757653911908466,0.016841080233084355
2064,0.023549572130044303,0.016845545471422592
2065,0.042024667064348854,0.01639916748080773
2066,0.027896545082330703,0.016016442826349963
2067,0.025054891283313434,0.015579882355635627
2068,0.03114400381843249,0.015265625070954799
2069,0.02752384034295877,0.015091762580494914
2070,0.03223439306020737,0.014898455804567893
2071,0.02886146263529857,0.014642375008725938
2072,0.02052883046368758,0.014608357441053339
2073,0.02616244591772556,0.014661218823282298
2074,0.012670002381006877,0.014585557130263433
2075,0.03648877839247386,0.014889985448898671
2076,0.030793951203425724,0.015117542630971044
2077,0.024084793900450072,0.015166760981899867
2078,0.0282695934176445,0.015178716500502145
2079,0.025508853296438854,0.015264649678032562
2080,0.0222937007745107,0.015235707843240503
2081,0.02699081556250652,0.01507595898610763
2082,0.02139525848130385,0.014894876009594018
2083,0.017083424888551236,0.015026898870832826
2084,0.028569164996345837,0.015059096957910915
2085,0.02386284333964189,0.014744395360198111
2086,0.04059436693787575,0.01426675312026344
2087,0.025937657058238982,0.013716660999578604
2088,0.020246963451306024,0.013290620115190766
2089,0.016180879871050515,0.013102981188723937
2090,0.022487606604894003,0.012930625296682555
2091,0.023473178905745348,0.012763137926418356
2092,0.03264746690789858,0.012596071647903582
2093,0.026423964152733483,0.012542689972072404
2094,0.024048622976988555,0.012577859292348727
2095,0.0398984911541144,0.012148369710340317
2096,0.023877589528759322,0.012053476671561631
2097,0.02703829718132814,0.012310705013227327
2098,0.02293843204776446,0.0126801673404611
2099,0.018352749943733215,0.012973596298337331
2100,0.027050441751877468,0.013033573465334654
2101,0.023704361418883005,0.012922288827483723
2102,0.027082039664189022,0.012814505077824978
2103,0.0268320444971323,0.012678898099267975
2104,0.031019764393568038,0.012731796681808787
2105,0.029794193307558694,0.012674344337799952
2106,0.021197981449464956,0.012823648804224135
2107,0.025328617294629416,0.01305909179663694
2108,0.02130503815909227,0.013446209184642968
2109,0.038240645577510196,0.013839469255187838
2110,0.027867089336117108,0.014139025123539374
2111,0.029717754820982614,0.014234164031903253
2112,0.026666097342967987,0.014308010332820099
2113,0.026389593134323756,0.014478463800732939
2114,0.041225055853525795,0.01438182880298632
2115,0.028730151802301408,0.014700191066878145
2116,0.030467980603377024,0.014964757032409223
2117,0.02257796972990036,0.015158589425556666
2118,0.027068806687990825,0.015406269988600622
2119,0.016349774102369943,0.015751769830205896
2120,0.027403180922071137,0.015785561024881246
2121,0.01703581710656484,0.015550272283280453
2122,0.020633400852481523,0.015345422169792722
2123,0.02247373809417089,0.015058501951712353
2124,0.03431641111771266,0.014516943089435236
2125,0.035083444168170295,0.014113580949648081
2126,0.023385095968842508,0.013902563822308653
2127,0.04384515384833018,0.01387315399315731
2128,0.022548354417085647,0.014013814338216047
2129,0.030002804845571517,0.014266033620132427
2130,0.017056161165237428,0.014423471060581505
2131,0.028216231614351273,0.014454550878417117
2132,0.03138060569763183,0.014463597123663633
2133,0.02716626102725665,0.014261323286013471
2134,0.024447615072131158,0.014218371874810747
2135,0.03662079324324926,0.014072331324851478
2136,0.03416043346126874,0.0137227189125308
2137,0.019690769165754317,0.013523863887207376
2138,0.03092299004395803,0.013594271875209889
2139,0.02024581010142962,0.013708663691102107
2140,0.022144540771842004,0.013736760367677486
2141,0.016985980793833733,0.013658456017579122
2142,0.02747469792763392,0.01350919477715108
2143,0.02180135411520799,0.013661854515091805
2144,0.03891601394861936,0.013537587956062446
2145,0.028490826860070227,0.013514595757761415
2146,0.03310403302311897,0.013583192543251908
2147,0.019048920025428136,0.013530501365329396
2148,0.01882872556646665,0.013357775737204704
2149,0.020750311389565467,0.013443040502208629
2150,0.016727716910342375,0.01349911304144461
2151,0.02375713996589184,0.013650157584193332
2152,0.024358510971069336,0.013494154431568513
2153,0.020262993251283962,0.013367617809164681
2154,0.03701344231764476,0.012617710747685262
2155,0.021852794972558817,0.012081614510994949
2156,0.019908198217550913,0.011559867340259863
2157,0.02963435500860214,0.010900882390676317
2158,0.03764943530162176,0.010509506443056567
2159,0.03225343947609265,0.010221285661593983
2160,0.0191296166429917,0.01011921470928311
2161,0.024143392220139503,0.010073341751588258
2162,0.029018151263395946,0.01007151730683338
2163,0.019978924840688705,0.010149831098997258
2164,0.01784978018452724,0.010336192732126104
2165,0.018760235235095023,0.010405237062280038
2166,0.025114897886912027,0.010675402446677201
2167,0.023306754355629285,0.010679060244001448
2168,0.029365113377571105,0.010517249624884813
2169,0.023138617475827534,0.010313166472557062
2170,0.02317227025826772,0.010297596860372009
2171,0.0239930705477794,0.010245835507623525
2172,0.033664690082271895,0.009993577717850394
2173,0.01795864962041378,0.009674965276325677
2174,0.028911720402538775,0.009527810558891849
2175,0.03254943216840426,0.009540570490518367
2176,0.02161501521865527,0.009740488267740594
2177,0.027748788893222808,0.009992589939035726
2178,0.026589955141146978,0.01023157490914339
2179,0.017077927105128766,0.010421373341021493
2180,0.016703479861219724,0.01043000423699367
2181,0.02014220654964447,0.01032280533595626
2182,0.02096843607723713,0.009953955774810248
2183,0.030542606363693874,0.009629611138575057
2184,0.014793632614115874,0.009448092834283979
2185,0.03071541010091702,0.009359260122713835
2186,0.026030152042706808,0.009371868756631041
2187,0.01662475069363912,0.009337578559677628
2188,0.029311865071455636,0.009199957471127807
2189,0.020595016330480574,0.009128096779724666
2190,0.023894557232658067,0.008992688405876897
2191,0.020619472426672777,0.008943942884542864
2192,0.022103941440582274,0.008761315835195278
2193,0.02972824399669965,0.00865994495263443
2194,0.012826598559816679,0.008613072996938666
2195,0.02096403514345487,0.008518424636785796
2196,0.024524339909354844,0.008480081531458824
2197,0.02198173018793265,0.008401083010497329
2198,0.026618386059999465,0.008378014549523135
2199,0.02396204471588135,0.008345901049069014
2200,0.024325496703386306,0.008098169213075093
2201,0.019725148503979047,0.00784077567364258
2202,0.02637631172935168,0.007700682137766036
2203,0.025641849264502525,0.00761464195413112
2204,0.0201167161266009,0.007665447544746308
2205,0.027434422510365646,0.007656241209795617
2206,0.029401355360945066,0.007599950853067352
2207,0.016206550349791845,0.007499439741399041
2208,0.017776183411478998,0.0073579058353380675
2209,0.016338117234408856,0.007210870749624827
2210,0.02939291950315237,0.007260442056151227
2211,0.019915158301591872,0.007372838407989771
2212,0.027932073920965195,0.007434001069567684
2213,0.020544301345944406,0.007300954815871709
2214,0.01821480132639408,0.007313515239378862
2215,0.010517900561292965,0.007404695496974752
2216,0.02248935798803965,0.007427263780710102
2217,0.019505285720030466,0.007373511554313856
2218,0.027076812088489534,0.007288139253209361
2219,0.019541365777452788,0.007302999758394435
2220,0.01389175063620011,0.007324278861408841
2221,0.015440803145368893,0.007334532098329289
2222,0.014266464114189147,0.007346507182024142
2223,0.02848302647471428,0.007382569805996721
2224,0.022266793251037597,0.007333584228610179
2225,0.01566791217774153,0.007158805060674224
2226,0.019187151826918124,0.0071238745192858275
2227,0.03534335345029831,0.00714455832395708
2228,0.015715362752477327,0.007084815106994598
2229,0.0176702119410038,0.0070133722344364385
2230,0.021302127589782078,0.006916437771549851
2231,0.016784004618724188,0.006824903113887324
2232,0.013031283766031266,0.0067384726312065945
2233,0.031480645512541136,0.0065977024363778666
2234,0.019956398631135623,0.006461804766719889
2235,0.0219456950823466,0.006382501776036071
2236,0.013736068705717723,0.006282701604313364
2237,0.03328533073266347,0.00627424984786398
2238,0.030973299841086068,0.006331384583983614
2239,0.0185471273958683,0.006428980308023897
2240,0.02739579329888026,0.0066021728009048155
2241,0.02793185996512572,0.006703455479541924
2242,0.0230869360268116,0.006804712333082295
2243,0.02001899133125941,0.006808338421570513
2244,0.029517750442028045,0.006863080113101615
2245,0.017955561478932697,0.006898587821019141
2246,0.016601346184810004,0.00680666138371725
2247,0.020141529229780037,0.006633552516608401
2248,0.03069712525854508,0.006634118350301679
2249,0.028736736625432968,0.006477326519442831
2250,0.015169823418060939,0.006234200460610268
2251,0.020505808790524802,0.0060911135351808185
2252,0.019040946289896964,0.005995687160965012
2253,0.020267232755819955,0.006014044310799555
2254,0.015756412968039514,0.006072040499366374
2255,0.015120244088272254,0.006104536820713659
2256,0.018535750359296797,0.006170055654961262
2257,0.016342995315790178,0.006298551299933982
2258,0.013454736024141312,0.006625300527064195
2259,0.020129558444023133,0.006778903147927349
2260,0.017129221558570863,0.006817520636679164
2261,0.024562902251879373,0.006848349519586599
2262,0.018675127004583677,0.00684408890968461
2263,0.017039570274452367,0.006856319231845096
2264,0.025624296565850576,0.0068829972163347896
2265,0.025458012272914252,0.006928427674881134
2266,0.016750621795654296,0.006932890877653218
2267,0.023469398294885955,0.006894263983088033
2268,0.033421299109856285,0.0068048958142243095
2269,0.02568700263897578,0.00679671510566252
2270,0.02233949303627014,0.006717306352935307
2271,0.02625229358673096,0.006726881495710294
2272,0.019842649499575298,0.006663381796887101
2273,0.020378939683238666,0.006609498624613628
2274,0.03399103879928589,0.006389711457590589
2275,0.018956365684668224,0.006080992206861673
2276,0.022137083113193512,0.005813960791773119
2277,0.019613287846247354,0.00560384845844135
2278,0.015909474280973276,0.005497917314812307
2279,0.012471993826329708,0.005373770735983612
2280,0.014936563124259313,0.005246635469232212
2281,0.023973537112275758,0.005122358030986793
2282,0.018393719693024953,0.005099494088160648
2283,0.01948620695620775,0.005208448161390114
2284,0.020433582117160162,0.005313911625696074
2285,0.013787663727998733,0.005398251026666625
2286,0.018581609800457956,0.005401884202618351
2287,0.024349980056285858,0.00536154677777562
2288,0.02055211290717125,0.005272466615482359
2289,0.016543577859799066,0.005133734185763292
2290,0.01800699842472871,0.005007894297146745
2291,0.01966925753901402,0.004920377728273297
2292,0.015364119658867519,0.004853714456610186
2293,0.012553506810218096,0.004824239526445057
2294,0.020942920943101247,0.0048281768818892404
2295,0.024318249026934306,0.0048578186246582816
2296,0.012640594691038131,0.00488011211385591
2297,0.012257035076618194,0.004924107739859811
2298,0.02760184872895479,0.005013010973159812
2299,0.01686039976775646,0.0050856265922251285
2300,0.015545850868026416,0.005158751613592555
2301,0.011365004008014996,0.005151787898721097
2302,0.023419345791141192,0.005165760931953766
2303,0.019521104109783968,0.005212182445282781
2304,0.014813553417722385,0.005273104693477821
2305,0.02289318460971117,0.005410101515757007
2306,0.0110209325949351,0.005534687478432966
2307,0.02291932658602794,0.005632123724204809
2308,0.017057041575511297,0.00571641372304004
2309,0.020477379920581976,0.005787081624842821
2310,0.021014525492986044,0.005689655868193592
2311,0.029373256862163542,0.005640866456836549
2312,0.010831067276497682,0.0055696626240796035
2313,0.02309553821881612,0.005440517776384977
2314,0.015624323145796854,0.005252765994964914
2315,0.01705361468096574,0.00520754316612351
2316,0.018794420237342516,0.005151802183681015
2317,0.01866402228673299,0.005152915778780242
2318,0.018464628824343285,0.00506178140235188
2319,0.014745918661355972,0.004956949574563772
2320,0.018805337448914845,0.004869076004490115
2321,0.02073119298244516,0.004838252772661525
2322,0.014673129593332609,0.004833667058846913
2323,0.016550450772047042,0.004774867086562366
2324,0.016138108695546785,0.004694293449021473
2325,0.024275963256756464,0.004643014140293678
2326,0.010869356741507848,0.004632936521672932
2327,0.016726304156084854,0.004590724896311444
2328,0.02618614137172699,0.004528548375653016
2329,0.01548019660015901,0.004410551486323092
2330,0.012151234317570925,0.004285353557574318
2331,0.014598525315523147,0.00419155648965334
2332,0.014242122694849969,0.004088461504601029
2333,0.015141858160495758,0.004008873360032728
2334,0.01857534758746624,0.003971843675258216
2335,0.02029639333486557,0.003968838980824453
2336,0.01903480136146148,0.003999359010479125
2337,0.020277383923530578,0.004004446079556923
2338,0.013711616769433022,0.003991530380315251
2339,0.012873532871405283,0.003979967648370398
2340,0.011425030293564002,0.003968482092976003
2341,0.014390888375540574,0.003981504803428111
2342,0.013082600757479667,0.003996508288583909
2343,0.012039931987722715,0.0039990287136602385
2344,0.015941426778833073,0.0039635457334037845
2345,0.01592062016328176,0.0038949670821526333
2346,0.021931224813063938,0.0037624066905254682
2347,0.012203812040388584,0.003708294255806035
2348,0.015581019160648187,0.003690743297392949
2349,0.011263404848674934,0.003665279046283784
2350,0.018345632404088975,0.003638933207812496
2351,0.012692989874631166,0.003628240566025352
2352,0.018935395404696465,0.0036233715394413785
2353,0.014528801850974559,0.0036250012705500143
2354,0.015788913394014042,0.003633857706060622
2355,0.023896529028813045,0.0036272479858445493
2356,0.012663175134609144,0.003615621951536673
2357,0.02309653237462044,0.00356124347751165
2358,0.014993592848380406,0.0035349052965815302
2359,0.021851104125380515,0.003499360685304831
2360,0.014274258476992449,0.003464230964619296
2361,0.01953238012890021,0.003441650601517823
2362,0.026360266904036204,0.003391459604659886
2363,0.014958373208840688,0.003370545967890505
2364,0.031166856239239375,0.0033634488385072664
2365,0.01749499418462316,0.0033511369521811345
2366,0.012240845647950967,0.003332545456601775
2367,0.017857556169231733,0.003313809580153279
2368,0.01621377741297086,0.0033069679749127457
2369,0.013887041434645652,0.003312815483169336
2370,0.013267718131343524,0.0032962852522556547
2371,0.015215227132042248,0.003284407036150234
2372,0.015442466052869955,0.003254513076522894
2373,0.015918755965928236,0.0032449415421973893
2374,0.022765537661810716,0.00323930441140475
2375,0.023276199648777644,0.003262841147479563
2376,0.012853448217113813,0.0033110287734879214
2377,0.018979438642660777,0.00334262979156964
2378,0.01115090964982907,0.0033364475252684097
2379,0.01631959844380617,0.0033303099216032794
2380,0.01649684049189091,0.00327395680442191
2381,0.016412241011857988,0.0031948791441033806
2382,0.01653973286350568,0.0031073201782674644
2383,0.011769678567846616,0.0030520843459042714
2384,0.022083186296125254,0.003037924249928815
2385,0.02072374460597833,0.0030824207913195878
2386,0.020019139101107915,0.0030863148133727933
2387,0.018411545952161153,0.003128085281510636
2388,0.013748854398727417,0.0032548338364760732
2389,0.008419787790626288,0.003387229087522896
2390,0.01631604799379905,0.003527455090249654
2391,0.013942902038494746,0.0035646368361133348
2392,0.017856865003705025,0.003558139144880384
2393,0.01819912940263748,0.003411018482885291
2394,0.01523083820939064,0.0032988857262262706
2395,0.010776621755212545,0.0032279602026775186
2396,0.012715857848525048,0.003177523275133364
2397,0.019094065949320792,0.003145322801030584
2398,0.013802284623185794,0.0031595563378841317
2399,0.014641024669011434,0.0032101184481513898
2400,0.01424472580353419,0.0031962993849894
2401,0.013487146298090617,0.0031326063045733527
2402,0.015342591640849909,0.003032888258073468
2403,0.016847448547681172,0.0029603693520579466
2404,0.013818613719195127,0.002885435541754055
2405,0.011451708277066548,0.0028526161733350296
2406,0.011499314755201339,0.0028250687030601527
2407,0.01383771188557148,0.0027941562431423287
2408,0.01565790791064501,0.00278753430986973
2409,0.015862491726875306,0.0027824678731951536
2410,0.0171744454652071,0.002780405392295719
2411,0.02249912495414416,0.0027615848454859175
2412,0.013758095850547155,0.002736127311064268
2413,0.010474267601966857,0.0027135269490359297
2414,0.017547595128417016,0.002685461093246806
2415,0.009942362705866495,0.002657064744570886
2416,0.00922405980527401,0.0026363569535777973
2417,0.021040185168385506,0.002624365264871185
2418,0.011322330745557944,0.002629591786909892
2419,0.011632480844855308,0.0026150534279393957
2420,0.013047076699634393,0.002587787267460613
2421,0.013205178920179606,0.0025779703681014085
2422,0.015221118244032066,0.002576700902247137
2423,0.024460270007451376,0.0025991527159420543
2424,0.018034979328513147,0.0026389062227626815
2425,0.013770021125674247,0.002688163706940212
2426,0.017139663795630138,0.0026947288387264424
2427,0.01671111493681868,0.0026941337651295357
2428,0.01578352116048336,0.002695565181375857
2429,0.011079901767273744,0.002701415661286715
2430,0.011508567879597345,0.0027127977520532425
2431,0.009931873328362902,0.002714923812397783
2432,0.0206361286342144,0.002715339609803033
2433,0.01055693148324887,0.002724351593543781
2434,0.013966994794706504,0.0027401436042661467
2435,0.014320283507307371,0.0027458807766677167
2436,0.013299818088610967,0.0027161420153437605
2437,0.0160712835068504,0.002687897623383184
2438,0.018505982185403506,0.0026979764790018225
2439,0.011356250941753387,0.0026974930102550234
2440,0.014104800547162693,0.0026926189546653055
2441,0.013777062048514683,0.00267127958025609
2442,0.0138950498153766,0.002655154487597402
2443,0.01391978512207667,0.0026473042115021756
2444,0.012635301426053047,0.0026391629498637124
2445,0.013998431091507276,0.0026439831790252867
2446,0.014519261692961057,0.0026516116567007783
2447,0.010338649650414785,0.0026325971430728526
2448,0.01341500406463941,0.002629634446487626
2449,0.01226256974041462,0.0026183839685185568
2450,0.015703186144431433,0.002605472888786629
2451,0.010212344986697038,0.00259905814108771
2452,0.016021819785237312,0.002601743020847091
2453,0.009635855878392855,0.0026507424605923175
2454,0.012528135689596336,0.0027352749609677067
2455,0.014247778554757435,0.002812300102066314
2456,0.00938821149369081,0.0028633550027309107
2457,0.016469286878903706,0.002890940517328723
2458,0.01495350239177545,0.002879154092321793
2459,0.0110751465583841,0.0028314370463182878
2460,0.017656815921266875,0.0028006642027512975
2461,0.011658893090983231,0.0027814687962224435
2462,0.011245132486025492,0.002722113009280803
2463,0.01169571653008461,0.002669255462970737
2464,0.011356261745095252,0.0026415569179457183
2465,0.009003123889366785,0.0025785258557233545
2466,0.015807098895311355,0.0025327513470962556
2467,0.018749657397468884,0.002511507033626413
2468,0.012486772239208221,0.002520625433225555
2469,0.0163112028191487,0.0025777244267778266
2470,0.011505059152841567,0.002611219292038191
2471,0.007356206327676773,0.0026610626591293263
2472,0.01082946735744675,0.0027283509779307577
2473,0.010286201412479082,0.002756931243072215
2474,0.009193463996052743,0.002761437539937116
2475,0.016273256267110507,0.002766043789227281
2476,0.013175533711910247,0.002745408270704119
2477,0.01522073255230983,0.002719921550076259
2478,0.012544178714354834,0.002718700963339349
2479,0.01274081515148282,0.0027002820320296706
2480,0.012187962047755718,0.0027369477606394837
2481,0.014856109395623207,0.0027601212516361684
2482,0.007778532927234968,0.002769956629374745
2483,0.012955629577239355,0.002749763600724308
2484,0.009358690058191618,0.002751958074472975
2485,0.01180175660798947,0.002731559973765622
2486,0.01084466812511285,0.00273586488573959
2487,0.008376958314329386,0.0027495079036605986
2488,0.017848238348960876,0.0027263108177971074
2489,0.013175985713799795,0.0026389852585543315
2490,0.007573885284364224,0.002570121116086579
2491,0.019183486451705298,0.0025414506011582605
2492,0.009551369026303292,0.002642668337065574
2493,0.01562046657005946,0.0026244192087358374
2494,0.008999257596830528,0.0026451028741852583
2495,0.015247185155749321,0.0026853053547354817
2496,0.009467299158374468,0.0026982987016352295
2497,0.010728489297131697,0.002716828599212724
2498,0.011822654089579979,0.002706075555574127
2499,0.014650486658016841,0.002678543892934134
2500,0.006454039675494035,0.0026343836468148826
2501,0.013397036492824555,0.0026024041346094586
2502,0.01365889385342598,0.0025639655286369967
2503,0.014649654552340508,0.0025963408815298686
2504,0.0080427053074042,0.002718014435635673
2505,0.006585595663636923,0.0027842636448903043
2506,0.01430588203171889,0.0027780387937281913
2507,0.012298543720195692,0.0027996441458313787
2508,0.012713152604798475,0.002848595154760351
2509,0.00850047916173935,0.002880026586353779
2510,0.013869774838288626,0.0029541595419596512
2511,0.010496856644749641,0.003037736010438169
2512,0.009634640580043197,0.0030921023905451533
2513,0.012193353225787481,0.003165332273694507
2514,0.010419784486293793,0.0032668114307592487
2515,0.014092110097408295,0.0032700392368592715
2516,0.012145688477903604,0.0031946927515996825
2517,0.013070804687837759,0.003128423788503074
2518,0.01368577585866054,0.003035585551212231
2519,0.016953403999408086,0.0029747770576362023
2520,0.008610322078069051,0.0028627972875596487
2521,0.015116978933413823,0.0027255419238704686
2522,0.013046569718668858,0.0026661509549931474
2523,0.010176943925519785,0.0025764998410724932
2524,0.012382241400579612,0.0025228014929296327
2525,0.00901982057839632,0.002447318331997471
2526,0.010573905209700267,0.002451740191672106
2527,0.008046732222040495,0.002489719787688806
2528,0.00783861754462123,0.0024898908814491583
2529,0.010708251285056274,0.0024515601482285915
2530,0.00901181207348903,0.00240412053014887
2531,0.011186184920370578,0.002365426756768373
2532,0.013135985160867373,0.0022869088349330145
2533,0.014145092604060968,0.002244097079907419
2534,0.009737306212385496,0.0022089788145576304
2535,0.013526483873526255,0.0021672139832020153
2536,0.010209095322837432,0.0021919961446863518
2537,0.012335956220825513,0.0022612666841923144
2538,0.013343242680033047,0.002295822506955667
2539,0.010139378408590952,0.002283570950317104
2540,0.008704257911692064,0.002348087898221368
2541,0.013945024584730466,0.002325813879656513
2542,0.011708041901389759,0.0023116208803540435
2543,0.008247707349558672,0.002245756485690063
2544,0.011455690115690231,0.0022302279412223583
2545,0.011921322159469127,0.0022078730718760983
2546,0.011083882053693135,0.0021801835350822984
2547,0.011692565555373827,0.002187084862744512
2548,0.014336852232615153,0.002282747353443451
2549,0.011172509069244068,0.002290787807072115
2550,0.005898174860825141,0.0023524890468613795
2551,0.009636666998267174,0.0024415936201200848
2552,0.00878319808592399,0.002507472726685262
2553,0.010398564115166663,0.0024515314093023015
2554,0.012187551551808914,0.0023786489666597537
2555,0.009111418249085545,0.002255195403221058
2556,0.014099769511570532,0.002117707535668075
2557,0.013984691196431717,0.0020856999476271416
2558,0.008611178522308667,0.002097874730062938
2559,0.011637158940235775,0.0021371914220875816
2560,0.01179019243766864,0.002123303420035637
2561,0.012784963722030323,0.002196032872521564
2562,0.007232839552064736,0.0022102853961354285
2563,0.015043627532819907,0.0022227006762871268
2564,0.007536931832631429,0.002268223221310311
2565,0.008137426959971586,0.0023427508466425
2566,0.020601267367601393,0.0023909347725498396
2567,0.010678832543392976,0.0024695056871843267
2568,0.015573095778624218,0.0025416490082678044
2569,0.013721177478631337,0.0024264908330351638
2570,0.0100817137863487,0.0022788727955555007
2571,0.01098549949626128,0.0021351399662637572
2572,0.009118352395792803,0.001955613312828872
2573,0.010814939811825752,0.0018524122669508582
2574,0.010673330972592036,0.0017840657424050988
2575,0.01562620500723521,0.001748118495122034
2576,0.009935383250315984,0.0017988537656067059
2577,0.012893965203935901,0.0019445032513106775
2578,0.007592283003032207,0.0020252357983188323
2579,0.01223331872994701,0.0020552542910241244
2580,0.01079056082914273,0.002051908370347051
2581,0.008089579020937284,0.002022788399688856
2582,0.010353380627930165,0.0019951349843228073
2583,0.010990768112242222,0.0019798295882840953
2584,0.014637131492296855,0.001876953967482026
2585,0.013368247946103414,0.0018441877736334216
2586,0.008684456783036391,0.0018334695388568423
2587,0.010818194349606831,0.0018361124757415893
2588,0.010458537998298803,0.0018677343655246915
2589,0.009177041177948316,0.001908877962513974
2590,0.007115130561093489,0.001996140077448728
2591,0.011291462307175001,0.0020654194509033223
2592,0.007292228564620018,0.0021066071454718797
2593,0.009613810231288274,0.0021162569285942275
2594,0.008198456652462483,0.0020778596235101507
2595,0.009244154890378315,0.002098652129796775
2596,0.01726269001762072,0.002143267030168695
2597,0.01202008364101251,0.002014420018395224
2598,0.007514930314694842,0.0018582312194140333
2599,0.010715853795409203,0.0017675669994532016
2600,0.010001447858909766,0.0016896697265036099
2601,0.006934382456044356,0.0016344630796658365
2602,0.008986187043289344,0.0016440855889248917
2603,0.006415325651566188,0.0017079189065734893
2604,0.01523002628237009,0.0018303577613891565
2605,0.01021987038354079,0.0018885142485779978
2606,0.010535536582271259,0.0018687639399077634
2607,0.008187678953011831,0.0018219248846456496
2608,0.008942050735155742,0.0018517359061852882
2609,0.009420444769784809,0.0018327193925625573
2610,0.009991628925005595,0.001838719073345351
2611,0.012730786576867104,0.001827287555764816
2612,0.009571265957007805,0.0017627127528495607
2613,0.010463971210022767,0.0016977459094242046
2614,0.010560808517038823,0.0017023993579790605
2615,0.00836374609110256,0.0016532998344158394
2616,0.008214522401491802,0.0015725368492261708
2617,0.009607630843917529,0.0015594180964739524
2618,0.005469449112812678,0.0015774550874940833
2619,0.009064038967092831,0.0015773116610944271
2620,0.009628799992303054,0.0015723972720208398
2621,0.014246438443660737,0.001520767124445989
2622,0.009143375605344773,0.0014325838116656618
2623,0.009246854421993097,0.0013804599950471294
2624,0.01117737996391952,0.0013657896432274004
2625,0.008492972888052463,0.0013355320368550326
2626,0.01014320490260919,0.0013200398752389595
2627,0.006198034590731065,0.0013278392483943213
2628,0.011847032854954401,0.0014173869964018552
2629,0.011900788312777877,0.00151555943003262
2630,0.010343832770983379,0.0015868279124386826
2631,0.007270465139299631,0.0016300120358273649
2632,0.010590846836566924,0.0016672749518912438
2633,0.011770705257852872,0.0017225908779958535
2634,0.008096594208230576,0.0017735570198066577
2635,0.01447587391982476,0.0017993943166663075
2636,0.009912817366421222,0.0017720720382156776
2637,0.008103281663109859,0.0017048459287667484
2638,0.009132980493207772,0.0016652368327700778
2639,0.007706141533950965,0.0016357528838214644
2640,0.006592767033725977,0.0016625007799668618
2641,0.005795865754286448,0.0017063680366335209
2642,0.007736836870511373,0.00173401094194262
2643,0.011059495992958546,0.0017993322094325085
2644,0.010576692658166091,0.0018922840476537134
2645,0.006915303133428097,0.0020093897885877137
2646,0.008902167404691378,0.0021124472896083754
2647,0.012740563042461872,0.0021525416523218155
2648,0.0070716752981146175,0.002134008580895021
2649,0.014252510045965512,0.0021468305099777312
2650,0.007856859297802051,0.002134147949778197
2651,0.01004490467409293,0.0020631803009027276
2652,0.003352571077023943,0.002000297261783254
2653,0.018029405238727727,0.0018511183440075283
2654,0.00642323096593221,0.0017261762779249609
2655,0.007932294284303983,0.0015980706887853424
2656,0.00756474556401372,0.001548847537596672
2657,0.010395727089295785,0.001442333903947943
2658,0.011959710127363602,0.0013700133592587465
2659,0.007579593484600385,0.001319326020570265
2660,0.007643516020228465,0.0013098477941463913
2661,0.0127657076343894,0.0013147706713266018
2662,0.011077537822226683,0.0013163644420146419
2663,0.006425616455574831,0.0013121411732632167
2664,0.008711203808585803,0.0013204906898283818
2665,0.0063526765753825504,0.001352384430492482
2666,0.00832988073428472,0.00141246117411824
2667,0.007197551646580299,0.0014612371978834707
2668,0.006224613077938557,0.0014106105599138471
2669,0.007455389698346456,0.001363959201551669
2670,0.007034710887819528,0.0013190876850477087
2671,0.0087113785247008,0.0012280641161776774
2672,0.009843307640403509,0.0010982030547872098
2673,0.0050470405258238316,0.001020111368250167
2674,0.008588731723527114,0.0009587397853359145
2675,0.005328090954571962,0.0009346628726367451
2676,0.007275124297787746,0.0008993613450619125
2677,0.012902368480960527,0.0009226474144403436
2678,0.00747667858377099,0.0009217151476081177
2679,0.008868041541427374,0.0009505948043640768
2680,0.007935867769022782,0.0010019363331668384
2681,0.008431589975953103,0.0010153333062839786
2682,0.00686363922432065,0.0010013758233470614
2683,0.007550230870644252,0.0009898467313454687
2684,0.005712676793336868,0.0009356626440166382
2685,0.007466814666986466,0.0008779455749699246
2686,0.009802514625092348,0.0009041218650772384
2687,0.009446508934100468,0.0009323682115897972
2688,0.005750031986584266,0.0009656240986605659
2689,0.005653869050244491,0.0009807308697365007
2690,0.011472056185205777,0.0009925458730029606
2691,0.007132764036456744,0.0009999788973524034
2692,0.009996707985798518,0.001039260423780359
2693,0.017383199743926527,0.0011444423178875306
2694,0.005094546017547449,0.001292252850484604
2695,0.009352704882621765,0.0013792419476619765
2696,0.008749027115603289,0.0014207889993092296
2697,0.010683745828767617,0.0014228134835411234
2698,0.005781989637762308,0.001431886797051942
2699,0.008177114153901736,0.0014583149799608697
2700,0.00804568212479353,0.0014398391004542858
2701,0.009441055605808895,0.0013899843954639128
2702,0.006748915106679003,0.001448982837746105
2703,0.006252899082998435,0.0014450021581016263
2704,0.007832333942254384,0.001454799252219106
2705,0.01042737408230702,0.0014654201528939762
2706,0.00582886046419541,0.0014818980922236254
2707,0.005679583766808113,0.001475934685365847
2708,0.008006665048499902,0.001377013540548975
2709,0.005889363524814447,0.0012965251157899
2710,0.004319776004801194,0.0012506916656088063
2711,0.009173223500450451,0.0012280411530852491
2712,0.0075243774180610975,0.0011979150585830212
2713,0.00681659784168005,0.0011701745386861744
2714,0.005055807686100404,0.001199795837290803
2715,0.006321574840694666,0.0012543873333137983
2716,0.008981060733397802,0.001243621794430659
2717,0.006155401095747947,0.001214419337730223
2718,0.0076412363288303215,0.0012723426960887965
2719,0.011051567240307729,0.001325237485770768
2720,0.007271417137235403,0.001314308812939807
2721,0.006412006417910258,0.0012689233071317798
2722,0.005819280321399371,0.0012209812827321173
2723,0.00973551735902826,0.0012429648334955612
2724,0.007615022485454878,0.0012842464500395527
2725,0.013580116257071496,0.0013123530014935466
2726,0.008787985829015573,0.0013487513819763883
2727,0.004573300915459792,0.0013701208371516558
2728,0.011499641959865888,0.001402656182821034
2729,0.010142709376911323,0.0013565181248020707
2730,0.012102664510409037,0.0014032596989115428
2731,0.006928475884099801,0.0014299385314970685
2732,0.005610635504126549,0.0014124872974441414
2733,0.009064617318411667,0.0013829068572135173
2734,0.009970302848766247,0.0012907850983612545
2735,0.00934723198103408,0.0012553024693931405
2736,0.006973330304026604,0.0011741258884774663
2737,0.006482414156198502,0.0011580153368413448
2738,0.006297423876821995,0.0011633219665776917
2739,0.011571969743818045,0.0011409327894318522
2740,0.007000778118769328,0.0011192057336195868
2741,0.0069003028174241384,0.0011246251378055903
2742,0.007181623174498479,0.001163709418554055
2743,0.007338916479299466,0.001207920286956935
2744,0.008315325280030568,0.001242672808043528
2745,0.007909616517523924,0.0013144256557986052
2746,0.009453148829440277,0.0014922345827785674
2747,0.009030478509763877,0.001582194628923783
2748,0.009911372636755308,0.0016503434108123619
2749,0.008998868521302938,0.0017012935077324945
2750,0.008370868333925804,0.0016864081163896105
2751,0.006291855437060197,0.001641652838201725
2752,0.005969837230319778,0.001637608297604915
2753,0.00663499915972352,0.001583357344310709
2754,0.005679628749688467,0.0015568928901999318
2755,0.005096378363668918,0.0014683998990477178
2756,0.005298017058521509,0.0013095111006119272
2757,0.004890745008985202,0.001221794305554433
2758,0.009155811431507269,0.0011907873242243863
2759,0.005873709234098593,0.001183352061432966
2760,0.007994183028737703,0.0011879246986923162
2761,0.006606852387388547,0.0011751893526542256
2762,0.007291759907578428,0.0012304301262010783
2763,0.0066967808331052465,0.0013539188497901312
2764,0.00798692973330617,0.0014798305778933026
2765,0.008016022356847922,0.0016419134478558575
2766,0.004678032733500004,0.0016705116940586016
2767,0.006301240312556426,0.0017340610427400696
2768,0.006114064203575254,0.0017438038505548448
2769,0.0059411379819115,0.0017475977142434023
2770,0.00794655354693532,0.001765883836775408
2771,0.004124721698462963,0.0017688716203518953
2772,0.004271142339954774,0.0018267334555956529
2773,0.0093991552790006,0.0017977442268325746
2774,0.0036925869683424634,0.0017143621678567594
2775,0.005838444891075293,0.0016776568485064466
2776,0.006426684251831224,0.0016707911561869564
2777,0.006932365025083224,0.0017837121870303363
2778,0.005105493435015281,0.0019358704520160692
2779,0.009182725505282482,0.001985221657335584
2780,0.008079155161976815,0.001938997615368394
2781,0.006316182358811299,0.0017134681921343357
2782,0.005409091462691625,0.0015819634526031234
2783,0.0063893412860731285,0.0014595332070749406
2784,0.005724295042455196,0.0013683801503274699
2785,0.005270858108997345,0.001322940694527668
2786,0.011409646396835645,0.0013481864422472598
2787,0.006317365697274605,0.0014716571670744503
2788,0.00438198031236728,0.0016669171388473427
2789,0.008601004009445508,0.0017175023384087267
2790,0.005784044197450082,0.0016377216166876562
2791,0.007451827824115753,0.001535677220345589
2792,0.010234633879736065,0.0014263804748719721
2793,0.006868731913467248,0.0012982074846649727
2794,0.007962444300452868,0.0012055336775486929
2795,0.010081976155440013,0.0012736429776233889
2796,0.008287815159807603,0.0012713991927952445
2797,0.004559829272329808,0.001230206209839436
2798,0.006500794490178426,0.0011768654963731416
2799,0.007867171211789053,0.0011399431720550298
2800,0.005522212386131287,0.0011107818909773701
2801,0.004413571301847696,0.0011020462513405677
2802,0.005644407123327255,0.0011168076773854898
2803,0.004471616027876735,0.0011916610954209553
2804,0.00502936989068985,0.0013052648551522465
2805,0.004639232344925403,0.0013383418697406326
2806,0.005304818274453282,0.0013658766504050348
2807,0.006137325614690781,0.0014587050298370465
2808,0.0076435777979592485,0.0014158003794693807
2809,0.00722323851659894,0.0013319572368473338
2810,0.006282908221085866,0.0012768256989966708
2811,0.0071916398281852405,0.001232297519189224
2812,0.0035949481185525655,0.0011858449655187408
2813,0.005527912064765891,0.001083417290451321
2814,0.006481288683911165,0.001037838823864596
2815,0.008605728670954705,0.0010078258346766233
2816,0.007050869334489107,0.00096356308588769
2817,0.006179833101729552,0.0008821137322995224
2818,0.00779465747376283,0.0008175990337298976
2819,0.007142594549804926,0.0007981515471818067
2820,0.008054004951069752,0.0007777780972486525
2821,0.008876181642214457,0.0007823831987245912
2822,0.005139533057808876,0.0008227898009469983
2823,0.004928405055155357,0.00085598692619269
2824,0.005736852809786796,0.0008800369946079121
2825,0.00552071169950068,0.0008618571708381873
2826,0.004894582585742076,0.0008616013825484361
2827,0.005770840798504651,0.0008397486785219775
2828,0.006470212402443091,0.0007845219646782031
2829,0.0036179929971694945,0.0007481100133004767
2830,0.007114435980717341,0.0007623281583124608
2831,0.0053291765972971914,0.0007548578511052138
2832,0.0057738762659331165,0.000783766997019537
2833,0.008041691345473131,0.0007684448426208127
2834,0.008212270960211755,0.000771556797094251
2835,0.005376056077269217,0.0007677365486559115
2836,0.0040376007091254,0.0007478420265912138
2837,0.0056571532972157,0.0007428039676831131
2838,0.004984507678697506,0.0006858416974588095
2839,0.008218879532068967,0.0006434939684596849
2840,0.005808479292318225,0.000599713609363252
2841,0.0061944174890716875,0.0005955247593803974
2842,0.005712896880383293,0.0005907629444999131
2843,0.007629963010549546,0.0006178430913353873
2844,0.007380857551470399,0.0007674595400996027
2845,0.004385715040067832,0.0009758266081151209
2846,0.0052895776306589445,0.001153992333759864
2847,0.0050518684710065525,0.0013308158547383302
2848,0.004650941087553899,0.001493853655758134
2849,0.004680204515655835,0.0015826964184467555
2850,0.004835559955487649,0.0016146700649538584
2851,0.00791835996011893,0.0015838213553597705
2852,0.005643500853329897,0.0014913862119074802
2853,0.00691907349973917,0.001371046436994135
2854,0.005268477834761143,0.0012628023038830673
2855,0.006493397181232771,0.0011598399815786827
2856,0.0031606007367372515,0.0010803814416435378
2857,0.007391222504278024,0.001055523120030238
2858,0.004311748268082738,0.0010531522743458374
2859,0.004279017137984435,0.001042718345528109
2860,0.003980269220968087,0.001024213501072505
2861,0.0074794523417949675,0.0010887014806237921
2862,0.005770543528099855,0.0011693127044852365
2863,0.005809211606780688,0.0012040846785040277
2864,0.005300449331601461,0.0011791077562286491
2865,0.007118772032360236,0.001101687361284742
2866,0.00468143488590916,0.001089579326356625
2867,0.00338036318620046,0.0011032619384220904
2868,0.006008601623276869,0.0011397509356383343
2869,0.005648103014876445,0.0012605339860576287
2870,0.005782537286480268,0.0013280710401503664
2871,0.005075660006453594,0.001288968619035437
2872,0.004782883264124393,0.001235285199285425
2873,0.004053809307515621,0.0011322440794663646
2874,0.005617034373184045,0.0010649396204634716
2875,0.00678514006237189,0.0010156779991168726
2876,0.006963250661889712,0.0010366393899958995
2877,0.005193781643174589,0.0010759793780199443
2878,0.0046438608939448995,0.0010839296118165666
2879,0.0053672729525715114,0.0011286245664440051
2880,0.005658108647912741,0.0012144025535001392
2881,0.005458201530079047,0.0013307865916026963
2882,0.0059651049474875135,0.0013605870527068251
2883,0.005462466669268906,0.0013377896063465472
2884,0.004829466280837854,0.0012998057867002766
2885,0.004146669805049896,0.001231664306979779
2886,0.007667151372879743,0.0011753229103023894
2887,0.004091632125588755,0.0011087151500260273
2888,0.005177694993714492,0.0010628678702493334
2889,0.00465157904351751,0.0010672991439068353
2890,0.0033785006186614432,0.001032513005343097
2891,0.006644228970011075,0.0010651818977679775
2892,0.004503309587016701,0.0010755873443177568
2893,0.0037916092046846946,0.001045165207694497
2894,0.0067312890663743016,0.0010204398841188666
2895,0.009074219533552726,0.0011648709330250298
2896,0.0035775432673593364,0.0013031441941639484
2897,0.005277947057038546,0.0013838645413910087
2898,0.005328719713725149,0.0014027587780783399
2899,0.005454658064991236,0.001328066884599931
2900,0.004273638656983773,0.0012967617452493189
2901,0.0070211030542850494,0.0012636702175508117
2902,0.003774368328352769,0.0012314907392236398
2903,0.006426633149385452,0.001163956880765526
2904,0.006006496834258238,0.0010898245174481333
2905,0.0036715674214065075,0.0010974254229035208
2906,0.004268855974078179,0.0011677775989499008
2907,0.004962705184395114,0.0012569176850088855
2908,0.004700677158931891,0.0013140121022816639
2909,0.003442736404637496,0.0013490793409577588
2910,0.006092325209950408,0.0013639844030860747
2911,0.004957070760428906,0.0013381483997300006
2912,0.004363984474912286,0.0013491516464460662
2913,0.0028800578477482003,0.0013116215061592428
2914,0.007407810647661487,0.001361501288779995
2915,0.00460285966595014,0.0013828089880098028
2916,0.006127321720123291,0.001392780020233919
2917,0.005199919439231356,0.0014448440143544424
2918,0.0046273154517014825,0.0014951167361298848
2919,0.004915990928808848,0.0014866011908920536
2920,0.005225675537561377,0.0014474571775100384
2921,0.004057957728703817,0.0014367002193211463
2922,0.004541123441110055,0.0014155996631155586
2923,0.0034604789689183235,0.0013765184922220066
2924,0.007789865881204605,0.0013031822994177104
2925,0.00489852448614935,0.0012067363417723723
2926,0.003924734036748608,0.0011687276242246406
2927,0.006461853999644518,0.0011947047651598328
2928,0.004087501189981898,0.0011995723362118876
2929,0.004921123338863254,0.0012396217966506703
2930,0.008692802985509236,0.0012753356373405944
2931,0.0027295284594098727,0.0012816980396729639
2932,0.0043746178348859155,0.001336584856178154
2933,0.0052008917555212975,0.0013655276250159531
2934,0.00370860716017584,0.0013498353284418757
2935,0.0048126891565819585,0.0013420766557169239
2936,0.003896852737913529,0.0013446194822328132
2937,0.0033255198039114477,0.0013570994824955338
2938,0.004031596581141154,0.0014079115503298782
2939,0.004570017630855242,0.0013506164929519098
2940,0.005761972380181154,0.0012553403921948191
2941,0.0041922428800414005,0.001234062103151578
2942,0.0028779292789598305,0.001247108747844982
2943,0.008010394498705864,0.0013164858992772493
2944,0.003931399807333947,0.0013643307325413875
2945,0.004304463726778825,0.001411368841664833
2946,0.002653246543680628,0.0014580227747799186
2947,0.004793164320290089,0.0015189857834852056
2948,0.004203117398234705,0.001582590089729655
2949,0.005303041334263981,0.0016044742313393375
2950,0.005128011790414651,0.0016342246597251522
2951,0.00592095178241531,0.001618188539007951
2952,0.0049766693419466415,0.0016503821927727315
2953,0.0034894784291585284,0.0016674654972222117
2954,0.0051256560099621614,0.001630630521158203
2955,0.0025620821552972,0.001539134670985721
2956,0.005281797579179208,0.0014580112993608267
2957,0.0028533616568893194,0.0013591769745039662
2958,0.005222649561862151,0.0013010618031809205
2959,0.0031328807895382245,0.001249496304914791
2960,0.002448473901798328,0.0012047575468099431
2961,0.004909605594972769,0.001198743118724802
2962,0.004517285929371913,0.001222951043593256
2963,0.004972834838554263,0.0012977390021782869
2964,0.0033886834668616452,0.0013603859700872536
2965,0.002951490009824435,0.0014124438969952146
2966,0.003812916794170936,0.0015085581336061508
2967,0.0032063855168720087,0.001594356706431299
2968,0.0043693387570480505,0.001648123150048723
2969,0.0042489259503781796,0.0016365869117802695
2970,0.0034929664805531504,0.0016737455101847125
2971,0.0035244192617634932,0.0017350789129581543
2972,0.006447967824836572,0.001818661392824343
2973,0.002609245649849375,0.0018982654818665912
2974,0.004044393760462602,0.002004917111923123
2975,0.006639285416652759,0.0020221065898692746
2976,0.003975029134502013,0.001997101158775084
2977,0.005383333812157313,0.001965709243035107
2978,0.004934239201247692,0.0019279299004341078
2979,0.002663804776966572,0.0018737548526528982
2980,0.0034316141779224076,0.001829317544875612
2981,0.0038470364253347118,0.0017931469326719033
2982,0.003771628431665401,0.001826383583302125
2983,0.005609712066749732,0.001875705298101693
2984,0.006183740387981137,0.0018996478055674604
2985,0.004468365634481112,0.00197215900859899
2986,0.004184441454708576,0.0019802788779008807
2987,0.0033979565215607483,0.0019833643931612284
2988,0.006037994101643562,0.002027649033476996
2989,0.004828810722877582,0.002199373231133261
2990,0.0052521554132302604,0.00228308035845035
2991,0.004012043525775274,0.0023141936725822455
2992,0.001605541460836927,0.0023010167053612003
2993,0.0030436929082497954,0.0022682781693422133
2994,0.004382291932900747,0.002296958418225336
2995,0.0034433672825495403,0.002288783331298166
2996,0.005869355797767639,0.0021549790365109492
2997,0.005636458688726028,0.002103419131626598
2998,0.0020418375730514525,0.0020209265687660865
2999,0.005126499617472291,0.0019426486558384365
3000,0.0036243494600057603,0.0018560490067176826
3001,0.0032705255163212616,0.0017235338843117158
3002,0.0031827756514151893,0.0015824924942040653
3003,0.0057584147279461225,0.0014442543986618345
3004,0.003795715638746818,0.0013139856671533215
3005,0.0049849093581239385,0.0012810139274170176
3006,0.004648222820833325,0.001305223265608326
3007,0.0047693992654482525,0.001394770705898167
3008,0.0049598264818390215,0.0014887525337851709
3009,0.006154686879987518,0.001496893105952189
3010,0.0035726355854421854,0.0015016145900719697
3011,0.0046850704587996,0.0015544347704676857
3012,0.0035995541761318843,0.0015820769881775157
3013,0.003319159025947253,0.0016327758812568864
3014,0.0061061074336369835,0.0016672654711908242
3015,0.003072182865192493,0.0016834905823115368
3016,0.003544258822997411,0.0016956600940606574
3017,0.004501477613424261,0.001726715033056966
3018,0.002388830048342546,0.0017327092838479064
3019,0.005212939406434695,0.0017487555919269546
3020,0.004337914357893169,0.001713254144524186
3021,0.005493222487469514,0.0016984076004976417
3022,0.002928074876156946,0.0016502180172141359
3023,0.0038968056129912534,0.001647962242288635
3024,0.0030847979554285607,0.0017118301346070236
3025,0.002796888902472953,0.0017297937404037568
3026,0.003419429265583555,0.001766057113152847
3027,0.004169665277004242,0.00179670027413607
3028,0.003995443849513928,0.0017628296447253367
3029,0.004420555817584197,0.001815550579357217
3030,0.003170377326508363,0.0018975270928390194
3031,0.002936152989665667,0.0019428666179988816
3032,0.003960495411107937,0.001980210545510925
3033,0.002952177512149016,0.002050164257780763
3034,0.003684142123286923,0.0020645626232420142
3035,0.0035917386412620544,0.001987719105022867
3036,0.003968216525390744,0.0018433922008551352
3037,0.003352558705955744,0.0017512270470002764
3038,0.0030180380834887426,0.0017102116988481659
3039,0.0030843623137722415,0.0016283063062777121
3040,0.0038144806399941444,0.00156079456400758
3041,0.0044802277659376465,0.0014691339718580943
3042,0.004005771099279324,0.001394117054970641
3043,0.004499674960970879,0.0013808100069028853
3044,0.0039107610161105795,0.0014156458194078932
3045,0.004108264918128649,0.0014343684040859603
3046,0.00424875997317334,0.0014433682452320879
3047,0.0033031764440238478,0.0014286383234879427
3048,0.004707009686777989,0.001384341095340008
3049,0.0038278558446715274,0.0013555925481064976
3050,0.0027869629673659803,0.001398646201235814
3051,0.0043799108204742275,0.001387194935940424
3052,0.004515225378175576,0.00139525359392994
3053,0.0035060291023304067,0.0014453324848753319
3054,0.005043391914417346,0.0014616117420557298
3055,0.0037603071114669243,0.0013966915764088868
3056,0.003027615773802002,0.0013766101934560384
3057,0.0021556412645926076,0.001377840958023716
3058,0.004587669220442573,0.0013230473922336834
3059,0.002967897445584337,0.0013222770277977163
3060,0.0022426137933507563,0.0012832770317422542
3061,0.0044341751141473654,0.0012041446997931129
3062,0.005727187536346416,0.0011501375399257617
3063,0.00462138665219148,0.001069324703789071
3064,0.0033143860132743915,0.00095912103666461
3065,0.002648514307414492,0.0009017847178841543
3066,0.002202129348491629,0.0008792087370366381
3067,0.0037391905983289084,0.000870026620812932
3068,0.0029742596515764793,0.0009002690509843983
3069,0.004158758682509264,0.0009088124705434979
3070,0.002472715584250788,0.0009299305523609557
3071,0.004326848251124223,0.0009758625416444582
3072,0.003617433567220966,0.001025526356142646
3073,0.003741894254926592,0.0011383268208793032
3074,0.0018169651428858438,0.0012676599980141335
3075,0.002229085727594793,0.001391882247057313
3076,0.0032034500812490783,0.0014527428130025578
3077,0.002646747790277004,0.001451217215399296
3078,0.0037045733615135154,0.0014358297785558895
3079,0.002678784728050232,0.0014003518048390658
3080,0.0026783360013117393,0.0013722573987028578
3081,0.003915514796972275,0.0013346906277563488
3082,0.003333393515398105,0.0012700214630744437
3083,0.004881038198557993,0.0011905680413287112
3084,0.0032094149695088467,0.0011672025140679893
3085,0.0032437680289149283,0.0011846809423316205
3086,0.002397570696969827,0.001187308331984177
3087,0.004093622757742802,0.0012343276893905207
3088,0.00403655202438434,0.0012775220818360125
3089,0.002501753446025153,0.0012914027415531857
3090,0.002745237403238813,0.0012923113209309808
3091,0.002254892513155937,0.001307017950760473
3092,0.0020616559389357767,0.0013038003313415058
3093,0.002982049807906151,0.0013037408642165842
3094,0.0035778882913291453,0.0012931102248213706
3095,0.002193193960313996,0.0013072651862684223
3096,0.002599649193386237,0.0013213739036010545
3097,0.0029861634597182275,0.0012802364173949811
3098,0.0034153907870252925,0.0012515130921196172
3099,0.0031549792271107434,0.001214169771873463
3100,0.004000487271696329,0.0011878855286808739
3101,0.0033870756005247435,0.0012298973565866725
3102,0.0052112599834799765,0.001241501558936958
3103,0.0044531352235935625,0.001194910091832716
3104,0.00261646198729674,0.0012085124835295722
3105,0.0025726686775063476,0.0012175233323911303
3106,0.004341074824333191,0.0012164106898892083
3107,0.003696387726813555,0.001209308665616122
3108,0.0023263856302946804,0.0012471955609970797
3109,0.002464650912831227,0.0012640212798676297
3110,0.0032003195180247226,0.0012715465412339011
3111,0.005690810177475214,0.0012245557089853617
3112,0.002340532032152017,0.0011985096651570576
3113,0.0032026180221388736,0.0011474240737373543
3114,0.003204315093656381,0.0011117157324800017
3115,0.002514780987985432,0.001128846667815893
3116,0.003792556126912435,0.0011376653816986676
3117,0.002937121239180366,0.0011291344791694343
3118,0.0030128639812270802,0.0010830602780180542
3119,0.0032698606917013723,0.0010906015046224086
3120,0.0037155356258153915,0.0010391500852021732
3121,0.004550273778537909,0.0010355247895380384
3122,0.0034311872286101183,0.0011015383292490627
3123,0.0022429172803337376,0.001115582604233546
3124,0.002379796855772535,0.0011429682698057234
3125,0.0028395274033149085,0.001200185053197569
3126,0.0030286602986355623,0.001273010179335088
3127,0.003478095649431149,0.0012424989945217096
3128,0.003290908100704352,0.0012114483397454023
3129,0.003221638190249602,0.0012184930454710858
3130,0.0019253953515241543,0.001244661319260186
3131,0.0023947729573895534,0.0012591323980037667
3132,0.003092723960677783,0.0012519648502858584
3133,0.003159497072920203,0.0012440955149260356
3134,0.0024956706600884598,0.0012799686090530533
3135,0.002489721744010846,0.0013505752546963288
3136,0.0031911226144681376,0.0014018537272421415
3137,0.0032831608628233274,0.0014168949544495135
3138,0.0028668392604837816,0.0014101874004308766
3139,0.0029813247499987485,0.0013668265340751723
3140,0.0038831879229595263,0.001250698267923374
3141,0.0034676559424648683,0.0011540143818687103
3142,0.0034188485393921533,0.0010562060694945486
3143,0.002320658213769396,0.0010045057588817868
3144,0.004567832872271538,0.0009603755839975082
3145,0.003542037246127923,0.0009450783683477264
3146,0.0026187156637509663,0.0009560931129489988
3147,0.0024614023976027967,0.0010061125565124186
3148,0.003079954752077659,0.0010374097299233776
3149,0.0029428350234714648,0.0010583047456875967
3150,0.0037327462496856848,0.0010442782216569225
3151,0.0034294030202242235,0.001006140337565271
3152,0.0035926671543469032,0.000995862955358206
3153,0.002209805076320966,0.0010050873419171886
3154,0.0018095212522894143,0.0010092706557047384
3155,0.002137112927933534,0.0010195459478823414
3156,0.0030796440628667672,0.0010503542919953663
3157,0.002209994678075115,0.0011073329311670267
3158,0.002073843808223804,0.0011338600167209467
3159,0.001685635248819987,0.0010873981328049338
3160,0.002099798961232106,0.0010468156658363535
3161,0.0021762848288441696,0.0010692438373494653
3162,0.002153920840161542,0.0010981372181783642
3163,0.0021681131484607855,0.001112651156141744
3164,0.0027656392582381764,0.0010959587334954774
3165,0.0020973189268261192,0.0010936288517077416
3166,0.004861166840419174,0.0011074179620073554
3167,0.0022959280914316574,0.0011236636983829806
3168,0.0022225908391798536,0.0011288212811062385
3169,0.002766719212134679,0.0011245533047864835
3170,0.0032322777512793738,0.0011295367723973522
3171,0.0013560362858697772,0.001150350541840389
3172,0.0021778575455149015,0.0011683912847016812
3173,0.0034397090940425793,0.001169633821513482
3174,0.0016521602325762312,0.0011622499040061095
3175,0.004130878004555901,0.0012323794265588124
3176,0.002191777667030692,0.0013362331321321384
3177,0.002057969244197011,0.0014502862046271213
3178,0.002545006728420655,0.001532280061949502
3179,0.002380021304513017,0.0015987232082376355
3180,0.003128704863289992,0.0016515244177014333
3181,0.0038732739165425302,0.0017198221921397928
3182,0.002489678468555212,0.0016963041145136655
3183,0.003948705550283193,0.0017144962279289438
3184,0.003951285515601436,0.0017659915978775213
3185,0.0032764798651138943,0.001737326898268963
3186,0.002155092979470889,0.0017148311922533645
3187,0.003008776406447093,0.0016530400199260104
3188,0.0025290615934257707,0.001610101821521918
3189,0.002885960415005684,0.0015453577357513167
3190,0.0018149526401733359,0.001508152938845475
3191,0.0033033726271241904,0.001420043182847967
3192,0.0028775181621313096,0.0013187762556804551
3193,0.0022865688040231663,0.001237219576696642
3194,0.0017037414945662022,0.0011662934227350946
3195,0.001754027201483647,0.001125928247347474
3196,0.0030633960229655105,0.001068013672558972
3197,0.002656687454630931,0.0010107605812025436
3198,0.0028551742900162934,0.0009726566263904785
3199,0.0030670767494787774,0.0009339333801906099
3200,0.0022964039041350284,0.0009350431456682626
3201,0.0035028140836705765,0.0009534963262294642
3202,0.0028319169223929444,0.0009777913859239317
3203,0.0019343626918271184,0.0009748929279600406
3204,0.002749241228836278,0.0009732760083235321
3205,0.0021904523639629287,0.0009759150932907883
3206,0.0019197813080002865,0.0010046021814038705
3207,0.003483903066565593,0.0010330387573602082
3208,0.00333582015397648,0.0010192947324681265
3209,0.0020008542497331897,0.0010160429114530309
3210,0.004147305137788256,0.001042830919825107
3211,0.00409168287490805,0.0010566233537481194
3212,0.0031921683189769586,0.0010043320896877357
3213,0.001954408517728249,0.0009720025227367006
3214,0.002776563415924708,0.0009676316679504357
3215,0.003222903221224745,0.0008833365125461803
3216,0.0014520330432181558,0.0008453180290464508
3217,0.0019188114946397641,0.0008468252296249071
3218,0.003198757798721393,0.0008425448846878015
3219,0.002680492168292403,0.0008597610687172552
3220,0.0027210053987801073,0.0008280370152985667
3221,0.0014474730434206626,0.0007824832879889168
3222,0.003334733285009861,0.0007613545528079291
3223,0.002827628461333613,0.0007592998397378632
3224,0.0029600762451688447,0.00077618106386804
3225,0.0030017829655359187,0.0008505273362545417
3226,0.0029537833916644255,0.0009181551194112552
3227,0.002217947986597816,0.0009486178611541352
3228,0.0024742938888569674,0.0009738480541528317
3229,0.0019394242127115527,0.0009926640577015212
3230,0.0025065299045915405,0.001005832310112422
3231,0.0017882601746047537,0.001016051954404609
3232,0.002149996852191786,0.001038424493690506
3233,0.004877378760526577,0.0010028060591011716
3234,0.0034922162846972543,0.0009802344434878282
3235,0.001697689387947321,0.0009668968843938837
3236,0.0016139096580445767,0.0009678001658533487
3237,0.0014920079614967109,0.0009685202429550346
3238,0.0013964399152124921,0.0009689887472270437
3239,0.0014073265871653955,0.0010104443114087509
3240,0.0015559402837728462,0.001055231014925616
3241,0.0021287865936756136,0.0011072068349921216
3242,0.0030924011565123997,0.0011514378602654612
3243,0.0029486932636549074,0.0012197077004729134
3244,0.0023223001587515074,0.001308752090414191
3245,0.0018865917343646287,0.001354338270366976
3246,0.001699001466234525,0.001343005621391866
3247,0.002081714221276343,0.0012782856655900764
3248,0.0032590554871906835,0.0012224752895741
3249,0.0029301645311837396,0.0012270591564868625
3250,0.001962335159381231,0.0012489287836248415
3251,0.0022268116008490324,0.001260634666248851
3252,0.0022116406393858294,0.0013624935932402985
3253,0.00233264962832133,0.0014483054980025654
3254,0.0024721927009522917,0.001545016576225559
3255,0.002053897998606165,0.0016466248453709117
3256,0.0014769257434333364,0.0017230021699239113
3257,0.0042980795726180075,0.0017027918233029674
3258,0.0019327656831592322,0.0016642864970544799
3259,0.0024248556699603798,0.0016290188211490189
3260,0.0012501150524864594,0.0015980330124301346
3261,0.0022713369534661373,0.0015332939611116087
3262,0.00267726918682456,0.001461028736847186
3263,0.002897596398058037,0.0013432538835331798
3264,0.0030787906919916472,0.0012686280281778578
3265,0.003001245887329181,0.0012379904319831765
3266,0.0017084890666107337,0.0012749481771947347
3267,0.002098830129640798,0.0013140621322768125
3268,0.0040463349626710015,0.0013496541793931996
3269,0.003717780454705159,0.0013416789142600104
3270,0.0018220301096638044,0.0013549554853411446
3271,0.0023086960815514126,0.0013968652544532254
3272,0.0019296279060654342,0.0014318333855661296
3273,0.0015450562040011087,0.001471927802062087
3274,0.002751826774328947,0.0014936698005638188
3275,0.0013171454542316497,0.0014776370504446198
3276,0.0020435122773051263,0.0014421451940304702
3277,0.001709643192589283,0.0013996759893873717
3278,0.002220273359368245,0.0013840523227090723
3279,0.0011819125191929439,0.0013829933245236065
3280,0.0013059652914913992,0.0013577630443836165
3281,0.0023423632296423118,0.0013438383830787495
3282,0.002829444035887718,0.001337996585980842
3283,0.0012104182659337917,0.0013632158604477756
3284,0.002264779775092999,0.001389068673904005
3285,0.0034499951948722203,0.0014323061195948318
3286,0.0031540867562095324,0.0014354565299295804
3287,0.0018145819505055746,0.0014146901435649012
3288,0.0020982230082154272,0.0013367524166313703
3289,0.0027437962358817457,0.0012642756344107857
3290,0.0033535716279099385,0.0011973588159634617
3291,0.002640325762331486,0.0011462698205869798
3292,0.0017744289633507529,0.001095113515709554
3293,0.0021567348235597213,0.0010947488515218448
3294,0.0014095117493222156,0.001162130700843681
3295,0.0008272526087239384,0.0012233546698106486
3296,0.0027823521716830633,0.0012499772717533579
3297,0.0010462757588053744,0.0012628799066089138
3298,0.0016279456516106923,0.0012430992632374517
3299,0.0021921398894240458,0.001218838380290228
3300,0.0012757261206085484,0.0011646893251229798
3301,0.002037676877807826,0.001163424717736218
3302,0.004989046851793925,0.0011746273682403721
3303,0.002343795557195942,0.0011576566534056954
3304,0.002624699225028356,0.001176809813426971
3305,0.0023268399488491315,0.001227056116072668
3306,0.002610284276306629,0.0012548157798224374
3307,0.0022609639485987524,0.0012857876861010467
3308,0.002130824040311078,0.001266076339800891
3309,0.0017271897755563258,0.0012679853128018783
3310,0.002377789126088222,0.0012610539540713816
3311,0.0018020156926165025,0.0012930541705035152
3312,0.002007436364268263,0.0013235674746203841
3313,0.002329233288764954,0.0013574088463418142
3314,0.0015833646718723079,0.0013564941296299474
3315,0.0012491514130185048,0.001365997230808376
3316,0.0022471224268277488,0.0013885086120449398
3317,0.002133610596259435,0.001388447419794723
3318,0.0016035126987844705,0.0013600221824184148
3319,0.001529588596895337,0.001349065609396114
3320,0.002749194437637925,0.0013956286405262194
3321,0.0015669340190167227,0.0014399510640814377
3322,0.0017562973157813151,0.0014803564871732166
3323,0.0016546998949100574,0.0014911121627511946
3324,0.0023969192833950123,0.00148631041060741
3325,0.0016436536175509294,0.0014672542933091433
3326,0.0018823911746342977,0.0014631980151885696
3327,0.0012905052475010355,0.001462077411512534
3328,0.0019989237732564408,0.0015233972774306584
3329,0.0018100948189385235,0.0016149087109172727
3330,0.0021034775301814078,0.0016556262986309697
3331,0.003473860118538141,0.001661181869257612
3332,0.0028766715821499627,0.0016240405466146114
3333,0.0022335327851275605,0.001623513865998091
3334,0.0016600402537733316,0.0016787173090317443
3335,0.0020922852059205373,0.001710424617706248
3336,0.0016428296454250812,0.0017004642357821005
3337,0.0019153692138691744,0.0016454302784796172
3338,0.002361893622825543,0.0015548586849482697
3339,0.0018226840843756993,0.0014404158852722125
3340,0.0011940126617749531,0.0013350812406469769
3341,0.001776997356986006,0.0012457702725537513
3342,0.001978420466184616,0.0012058278631516977
3343,0.004278016245613496,0.001153012661383166
3344,0.001590674960364898,0.0011434862621629621
3345,0.0012152660017212232,0.0011482468427687186
3346,0.0015693951165303588,0.0011472888699356925
3347,0.0020327962158868712,0.001136691266621806
3348,0.0014251107582822441,0.0011147482174976963
3349,0.0028355632753421863,0.0011549981403551255
3350,0.0018817179836332798,0.0012274131897771568
3351,0.002362112204233805,0.0013094577606092071
3352,0.002393004127467672,0.0013562585826287841
3353,0.0019353698240593075,0.0014089811865610686
3354,0.0018239134922623634,0.0014407676474425442
3355,0.0013445278668465714,0.0014310365417503823
3356,0.0020175145007669927,0.0014005158728326273
3357,0.0021481499231110015,0.0013640634211771496
3358,0.0018473623630901178,0.0012984486352597849
3359,0.001013329136185348,0.0012409582275254597
3360,0.0021258696758498746,0.001194429844590612
3361,0.0026209186995401978,0.0011595031695865224
3362,0.002738440176472068,0.0011086034873086545
3363,0.0022381183846543235,0.0011037419773420394
3364,0.001867535524070263,0.0011450490057849658
3365,0.0011304262637471159,0.0011928406161424972
3366,0.0019557902046168844,0.001201363709314089
3367,0.0018481202268352112,0.0011555380296855294
3368,0.0026559016938942173,0.0010658318227244137
3369,0.0018115699213619033,0.0009987969999882386
3370,0.0016535266923407713,0.0009646221119856015
3371,0.00289696774755915,0.0009583609909832216
3372,0.002396763830135266,0.000943831767211532
3373,0.002882337764215966,0.0008604913335211837
3374,0.003551537481447061,0.0008489471647142275
3375,0.0024048552537957826,0.0008498170856952842
3376,0.0015185739224155743,0.0008735942108997781
3377,0.0013372153936264417,0.0008850369959176458
3378,0.0014064259516696135,0.0008817853471427633
3379,0.0021135404395560423,0.0008885114193670669
3380,0.002165324807477494,0.0009202917926122397
3381,0.003011670522391796,0.0009458348637021947
3382,0.0012999836161422232,0.0009584447626999377
3383,0.0022920872705678146,0.0009565609173674942
3384,0.001221313358594974,0.0009181864133475032
3385,0.0030114138188461464,0.0008765300837949964
3386,0.0013889098074287177,0.0008862276118363074
3387,0.002249125111848116,0.0009062863097999964
3388,0.0011848275860150655,0.0009443140690819474
3389,0.003017358745758732,0.0009384936382803434
3390,0.0015387660513321558,0.00094139364572536
3391,0.0020226726153244573,0.0009653847610131341
3392,0.0014726137664789955,0.0009690417454725033
3393,0.0014092170167714357,0.0009681294799499127
3394,0.001699717715382576,0.0009768006905139974
3395,0.0018366485989342134,0.0009710744618334704
3396,0.002536948956549168,0.0009435180755746034
3397,0.0021955462172627447,0.0009716046015508691
3398,0.0019527637865394353,0.0010164732086929704
3399,0.0010167059605009853,0.0010744555753230919
3400,0.0022625675269713004,0.0011082105951285676
3401,0.0014886645600199699,0.0011120982834393954
3402,0.0017758977289001148,0.001113966995120397
3403,0.0016702687445407113,0.00115065075653164
3404,0.0021380572579801083,0.0011905588520069916
3405,0.0032909730604539313,0.0013291908854248318
3406,0.0021062240625421206,0.001438043690259345
3407,0.0027686956610220173,0.0015413167625012104
3408,0.001988121230776111,0.001522037470223088
3409,0.0020452731288969515,0.0014365004941995381
3410,0.0013555833837017417,0.0013501042839172378
3411,0.002878826903179288,0.0013293474490552791
3412,0.001614935975521803,0.0014063594440728076
3413,0.0016367197347184022,0.0014344128025750144
3414,0.0025810288731008767,0.0014760711125495752
3415,0.001346516500537594,0.001467498438024338
3416,0.0008640426482694844,0.0014369439766660594
3417,0.0018025807725886504,0.0013742432725338037
3418,0.0020471172717710334,0.0013290369687111753
3419,0.00122027148026973,0.0013263270542112706
3420,0.002017105621052906,0.0012487131048386033
3421,0.0016924765659496188,0.0011739099632447575
3422,0.0016418727192406854,0.0011198392348249623
3423,0.0022620387375354768,0.0010349765387282037
3424,0.0021336616831831635,0.000976785913597226
3425,0.0013679714562992256,0.000978363822867865
3426,0.0016174645318339268,0.0010261498551614233
3427,0.0011724024234960476,0.0010896398667491188
3428,0.0014176305073002975,0.0011032070458746838
3429,0.0013625094298428545,0.0011111814705709441
3430,0.0016698346938937903,0.0011220327905264863
3431,0.0012462726018081108,0.001145452958782209
3432,0.000983411733371516,0.0011566967399769099
3433,0.0018753451916078726,0.0011580499271693372
3434,0.0017488731071352958,0.0011454741133524007
3435,0.0016588294257720312,0.0011241382807602137
3436,0.0017749895807355643,0.0011170384942483136
3437,0.0020365792016188303,0.0011263761699352173
3438,0.001640788900355498,0.0010977483920246492
3439,0.0017667360681419572,0.0010660020083090977
3440,0.000857665715739131,0.0010737044987274191
3441,0.0014030576683580875,0.0010674368897834194
3442,0.0016105299194653828,0.0010675646726189083
3443,0.0017875931691378355,0.0010409304567160662
3444,0.0014080602462248255,0.0009888041307005966
3445,0.0025823232096930343,0.0009619609819730603
3446,0.0022617686345862845,0.000945060662326147
3447,0.001469294800578306,0.0009349501131467346
3448,0.0013424833848451575,0.0009374605469291278
3449,0.0009845891307728985,0.000934934261941204
3450,0.001209343453714003,0.0009498916353965015
3451,0.0011883198594053587,0.0009901021567734274
3452,0.001046535954810679,0.0010141735693592337
3453,0.0013743264911075432,0.0010200719946821095
3454,0.001689326507039368,0.001024481560626443
3455,0.0016948554509629806,0.0010110471174338757
3456,0.002179171113918225,0.0010470507577284953
3457,0.003052387541780869,0.0011317138451189673
3458,0.0027517346005576353,0.0012001009189594558
3459,0.0016684179504712422,0.0012388160902930543
3460,0.0020645498298108578,0.0012488114111103685
3461,0.002024375670589507,0.0012963671218168143
3462,0.0010314377257600426,0.0013281121987533586
3463,0.001608982814165453,0.0013070993625139546
3464,0.003424113942310214,0.001313514266794885
3465,0.0016261117532849311,0.0013275624849229005
3466,0.0012766817274192969,0.0013244889583983268
3467,0.0011238569975830614,0.0012811752559061635
3468,0.0019705754549552996,0.0011974351925840765
3469,0.0016142132381598154,0.0011539620964118001
3470,0.0009433604155977567,0.0011201950820838237
3471,0.0022537270560860634,0.001105205388739705
3472,0.001461383126055201,0.0011096039816889671
3473,0.0009153424548761298,0.0011182029742464335
3474,0.0019921311642974613,0.0011439797977715381
3475,0.0017849253335346779,0.001152699017401632
3476,0.0018966937127212684,0.0011304911438441067
3477,0.0010985220937679212,0.0010887500397692167
3478,0.001165759569266811,0.00106443608641265
3479,0.0016034995516141257,0.0010735415948870761
3480,0.002902762576316794,0.0011113413132329563
3481,0.0009522862965241075,0.001128855887092432
3482,0.0021343878470361233,0.0010976269773115017
3483,0.002725542848929763,0.001105109574164302
3484,0.001313958348085483,0.0011169428015345632
3485,0.0011569356080144643,0.0010892468128810848
3486,0.0012992818451796968,0.001043452133767699
3487,0.001689470272200803,0.0009774314879565037
3488,0.0011687796058443686,0.0009646270293415638
3489,0.001474057634671529,0.0009724825296594559
3490,0.001558030004768322,0.0009753397677491327
3491,0.0010857433003063004,0.0009757012182612473
3492,0.0014794992360596855,0.0009695627317799266
3493,0.0010659772902727126,0.0009713995226860395
3494,0.0019515436879980067,0.0009915485611520381
3495,0.0009053658965664605,0.0010359110657877306
3496,0.00139502400221924,0.0010960543138786541
3497,0.0008600913337431848,0.0011673037868880868
3498,0.0011502209352329373,0.0012288824369183235
3499,0.0019077954425786932,0.0012333076535751336
3500,0.002669948587814967,0.0011700499579528271
3501,0.001305908577827116,0.0010750692872853395
3502,0.0013795610594873628,0.0010495957209080546
3503,0.001507342179926733,0.0010356247906398834
3504,0.0021195773811390002,0.0010402416173853415
3505,0.001226436501989762,0.0010669011354095123
3506,0.0012523916161929567,0.0011341303861999547
3507,0.0014469013937438528,0.0012422373187483142
3508,0.0037286268857618173,0.0013591785825331484
3509,0.0012921243634385368,0.001430591662299999
3510,0.0013442572749530275,0.0014440726927258292
3511,0.0013726224036266406,0.0014050764348957012
3512,0.001060400422041615,0.0013559313874953148
3513,0.0014633597495655219,0.0012949037002072785
3514,0.0022495213507985074,0.0012169972539345642
3515,0.0015753421622018019,0.001130645535069338
3516,0.0027657104112828773,0.001083299422320741
3517,0.0018767906576006984,0.0010751016367885845
3518,0.0013399191860420008,0.00107738130442711
3519,0.001312946838637193,0.0010832289648405684
3520,0.0018223980441689491,0.001103645110943992
3521,0.0018068445341972014,0.0011202050447845233
3522,0.0009871776991834244,0.0011209192725268808
3523,0.0015168697185193498,0.0011322292988052408
3524,0.000894355735120674,0.00114015385042876
3525,0.0008286537389115741,0.001151119551501558
3526,0.002445967774838209,0.0011452515507443693
3527,0.0010094423467914262,0.0011170201149240833
3528,0.0012620854269092283,0.0010515215227309594
3529,0.0015182588521080711,0.0010313833401639188
3530,0.002042560077582796,0.0010217997931047445
3531,0.0013768242206424475,0.0010162839582271612
3532,0.001201260338226954,0.0010402849972403299
3533,0.0009968537061164776,0.0010766400261210244
3534,0.0022283318530147275,0.001100744840713512
3535,0.0015662162021423379,0.0011374608631251238
3536,0.001430598502823462,0.001180975165896183
3537,0.0010079912686099608,0.00121225631415942
3538,0.0013446436806892356,0.001221138915204993
3539,0.0011938694088409344,0.0012176232283107108
3540,0.0011527762127419314,0.001231808165681946
3541,0.0010724716392966607,0.0012555131045366196
3542,0.0029670550177494687,0.0012485014651874788
3543,0.0013353806687518954,0.0012282427047700648
3544,0.0012130194498846927,0.0011977834405094297
3545,0.001171242860921969,0.0011383959184787427
3546,0.001643907589217027,0.0010724867018734852
3547,0.0010818229832996924,0.0010344749650160908
3548,0.0015742278425022959,0.000985740793239848
3549,0.0013966309061894814,0.0009688803941768469
3550,0.001065581509222587,0.0009735732374042927
3551,0.001919200651658078,0.0009842176852905742
3552,0.0010137401598816116,0.0010185510285024406
3553,0.002020810206886381,0.0010944268491244412
3554,0.0013886663519466916,0.0011561223154626134
3555,0.0011641125582779446,0.0012127093671908198
3556,0.0010627307967903713,0.0012305224619326535
3557,0.0009896724271432806,0.0012133892428821595
3558,0.0020522388784835737,0.0011855155544094088
3559,0.0017543702696760496,0.0011799651029933658
3560,0.0015350520455588896,0.001191919555476382
3561,0.0012560889047260086,0.0012242772809790763
3562,0.0018872203887440263,0.0012290947141305527
3563,0.0014021771183858314,0.0012535701610681693
3564,0.0011703220118458072,0.0012758972622966122
3565,0.0018045689444988965,0.0012908246087683746
3566,0.001979868944423894,0.0012874403500068954
3567,0.001148056883054475,0.0012833397421571943
3568,0.0013555095298215746,0.001299120756737583
3569,0.0008660260743151108,0.0013508545738584988
3570,0.0011297286720946432,0.001378800178066506
3571,0.0012307626195251942,0.0014168385999026702
3572,0.0008046312141232193,0.0014207917394944364
3573,0.0011381996407484015,0.0014177237593770377
3574,0.0015175228317578634,0.00140444258682713
3575,0.001983015766988198,0.001369825417273923
3576,0.001253569615073502,0.0013049182418069384
3577,0.0013977742986753584,0.0012593022030260828
3578,0.0008801274622480074,0.0012491610628274973
3579,0.0008025245003712674,0.00124799957218422
3580,0.0019330281143387158,0.0012250422263158519
3581,0.0014359549308816592,0.0012154829441923757
3582,0.0011533107724972069,0.0012447654272358844
3583,0.0016336555127054453,0.001243785790941128
3584,0.0013653628450507919,0.0012583975885771433
3585,0.001086295776379605,0.0012775262864034252
3586,0.0015143907861784101,0.0013316519073706273
3587,0.0010220825322903692,0.00139066931173445
3588,0.0015774556901305913,0.0014341074642480205
3589,0.0016304246460398038,0.001427866726819622
3590,0.0019214002493148049,0.00142676329406316
3591,0.0031757005645583073,0.001455686400625419
3592,0.0014469187861929336,0.0015148671142408373
3593,0.0012702154461294412,0.0015702287296149118
3594,0.0008533001683341961,0.0016042413550826629
3595,0.0017640399591376385,0.0015866275575850703
3596,0.0008885952255999048,0.0015801142340210097
3597,0.0014634655322879552,0.0015603177356996645
3598,0.001018254563678056,0.0015425056192550088
3599,0.0018982590176165105,0.001525123247247712
3600,0.001907054016677042,0.0015325891299919382
3601,0.0016506654831270377,0.0015433984890318754
3602,0.0010535102182378372,0.001502524849302435
3603,0.001707600390849014,0.0014287284241814972
3604,0.0013700580069174368,0.0013676263645225973
3605,0.0015554992520871262,0.0013147172966035225
3606,0.002208906307350844,0.0013015453903854155
3607,0.0015998523759966096,0.0012887599326572136
3608,0.0014899691644435127,0.0013023536422219107
3609,0.000794803894435366,0.0013045281755917689
3610,0.0012836810123796265,0.0013036886250534863
3611,0.0011034282972104848,0.0013200837222870157
3612,0.00109025074634701,0.0013225952773327715
3613,0.0011984309724842508,0.0012818658002788385
3614,0.0018588125860939423,0.0012903340516219799
3615,0.0011686394922435285,0.0013005595738667319
3616,0.0015740927308797836,0.0012804696500459305
3617,0.0010909323386537532,0.0012854162653995274
3618,0.000826379037850226,0.0012759404220857946
3619,0.001718338093875597,0.00125446154910265
3620,0.0013038432380805412,0.0011989233892122338
3621,0.0022361559017250936,0.001147893920529917
3622,0.0013603890392308434,0.0011272967751519156
3623,0.0015604808771361907,0.0011402192414596633
3624,0.0014829167863354086,0.0011726469775030053
3625,0.0020272523319969575,0.0012256994636522399
3626,0.002963432673520098,0.0012555397333501026
3627,0.0009163787898917992,0.0012670174715577554
3628,0.0015188393338272969,0.001244162580363278
3629,0.0014782617489496866,0.0012214922561304786
3630,0.002166845059643189,0.0012151341189559528
3631,0.0012785813693578045,0.0012671353757702773
3632,0.0005756982369348407,0.001318004455455519
3633,0.0012842858443036676,0.0013748293127102114
3634,0.0007050948217511177,0.0013879569450240823
3635,0.0018577665245781342,0.0013774224129445545
3636,0.0010472045900921027,0.0013883496166277698
3637,0.0015258283664782843,0.0013668123082590034
3638,0.0018185194077280661,0.0013642022529159461
3639,0.0015515064199765523,0.0013348315270584926
3640,0.00104982927441597,0.001274560996173331
3641,0.0014235459462118645,0.001225734688477776
3642,0.0010710452256413798,0.0012051977989214816
3643,0.0015306134009733796,0.0011844235160578674
3644,0.001308350587108483,0.0011726896202311529
3645,0.0006770487680720787,0.0011661863056616041
3646,0.0012777153868228197,0.0011548772035575095
3647,0.0010034759024468562,0.0011622928901934963
3648,0.0008407346283396085,0.0011666952421322291
3649,0.0013225287199020385,0.0011929320062548793
3650,0.0012134596666631599,0.0012529728837496444
3651,0.0009222774824593216,0.0013284570161710705
3652,0.0012525971202800672,0.001414076747149447
3653,0.001243933585161964,0.001466254710508456
3654,0.0009740618329184751,0.001510905020881161
3655,0.0005830363021232188,0.0015363132796244838
3656,0.0014189181538919607,0.0015560645155325444
3657,0.001635618895913164,0.0015967723127857548
3658,0.0016710168138767282,0.001585220001033393
3659,0.001096663453305761,0.0015431819994231326
3660,0.0016315228305757046,0.0015031059990141388
3661,0.0010764223950294157,0.0014580297331483654
3662,0.0017401968594640493,0.001424351852109427
3663,0.0014281244638065496,0.0014035814899232303
3664,0.0012436409946531058,0.0014299178456517252
3665,0.0018209089136992892,0.0014014631381792108
3666,0.001578102291872104,0.0014041296923968788
3667,0.0008717457453409831,0.001472304394054744
3668,0.0009280021612842877,0.0014759353770498645
3669,0.0010343863240753612,0.0014551986289368561
3670,0.00104958590430518,0.001410477829086785
3671,0.0010126615525223315,0.0013725880328538604
3672,0.0009638347003298501,0.001334810710501209
3673,0.0010877561134596666,0.0012906583322876552
3674,0.0012483181276669105,0.001267824538476896
3675,0.0017066851103057464,0.001239359132708622
3676,0.0010348318843171,0.0012075607784021625
3677,0.0011578179119775692,0.001174291419491651
3678,0.0010429210184762876,0.0011441598017291543
3679,0.0009981110381583373,0.0011329101585804849
3680,0.0009771368155876796,0.0011343333124025174
3681,0.0015349218311409155,0.001123131369240582
3682,0.0007075544718342523,0.0011290991729893314
3683,0.001636093552224338,0.001144291500476521
3684,0.0011480970152964196,0.0011420264463648418
3685,0.0019026136801888545,0.001154789687488337
3686,0.0013106034952215851,0.001181623164893874
3687,0.0006806773521626989,0.0011941264546884778
3688,0.0011166500548521678,0.0011951204931243645
3689,0.0007718278095126152,0.0012012869432808189
3690,0.0011704663435618083,0.0012403467877043618
3691,0.0013668471345833191,0.001252720846620263
3692,0.002050489621857802,0.0012471207093491018
3693,0.0012143878964707255,0.0012624611940550787
3694,0.0009089654001096884,0.0012842292695888998
3695,0.0008062578427294891,0.0012645252554116455
3696,0.001898760076922675,0.001220645958609465
3697,0.0009511775298354526,0.0011757786245471988
3698,0.000861440160466979,0.0011428436284819455
3699,0.0005534153974925478,0.0011232603165696848
3700,0.0006753745139576495,0.0011027305984695316
3701,0.0014297491094718378,0.0010963099850722921
3702,0.0010272859285275142,0.0010870864792871262
3703,0.0009056778391823173,0.001107056006007659
3704,0.0009650020394474268,0.0011293920688331127
3705,0.0009902801306452603,0.0011827769367247602
3706,0.002066224037359158,0.0011772753354924463
3707,0.001623964977140228,0.0011971795016474892
3708,0.0008729058473060529,0.001221587566239487
3709,0.002115289323652784,0.0013141584615304804
3710,0.0011779014331599078,0.0014638051741936227
3711,0.0017261165815095107,0.0015542688609335071
3712,0.0006273522585009535,0.0015562103049589964
3713,0.0011695080165130397,0.0014875266327909384
3714,0.0008067029470112175,0.0014086345235179913
3715,0.0009635592422758539,0.0013211471493606462
3716,0.0006854795423957209,0.0012588449869555427
3717,0.0013159387550937633,0.0012323191833317454
3718,0.0008668360067531466,0.0011990867175259872
3719,0.0009975866647437214,0.0011742878732494792
3720,0.000845355175745984,0.0011747702438798216
3721,0.0010425890369030336,0.001199340293584228
3722,0.002379837880531947,0.001281238581075698
3723,0.0015638963008920352,0.0013015660704440322
3724,0.0017081181227695196,0.0013078361687016242
3725,0.0011701968653748433,0.0013235001552479658
3726,0.0010158791730646044,0.0013171157289748434
3727,0.000989810579145948,0.001293767751494085
3728,0.0019091033415558438,0.0012215537223992162
3729,0.0016821742601071795,0.001174421082332469
3730,0.0024694496067240836,0.0011334996340300735
3731,0.0011652620198825995,0.0011267227863440868
3732,0.0007071620939920346,0.001137921618970318
3733,0.0024037949818496904,0.001152426882460441
3734,0.0010320079668114583,0.001146454138719417
3735,0.001339404114211599,0.0011423868540747974
3736,0.0010087478750695786,0.0011177174988671135
3737,0.0010006317170336843,0.001107570045009495
3738,0.0012718253419734538,0.001112688304032662
3739,0.0010450492224966486,0.0011440813279307682
3740,0.0008110789737353722,0.001193844091027365
3741,0.0012074199660370747,0.001194956871049141
3742,0.0011089826895234486,0.0011756102434000034
3743,0.0011182078315565983,0.001147437965965759
3744,0.0004899851589774092,0.0011351562244000665
3745,0.0009603005096626778,0.0011361306049855568
3746,0.0009928475444515546,0.0011296716480575807
3747,0.0016094020140978197,0.0011350836384257203
3748,0.0021350199414882807,0.0011551156551549919
3749,0.0011205445975065232,0.0011901443433397782
3750,0.0014403429794280478,0.0012171408920603319
3751,0.0007873118292385091,0.0012161775522086529
3752,0.0011138648881266514,0.0011944223323983973
3753,0.0009943376644514501,0.0011772055952259672
3754,0.0005985656908402841,0.0011638399092371613
3755,0.0018312451313249767,0.0011661745254181826
3756,0.0013319202039080362,0.0011735507715983611
3757,0.0008748825329045455,0.0012095212730121587
3758,0.0007938542170450091,0.0012703124312575013
3759,0.00136897829749311,0.001288416087069162
3760,0.0006376293720677495,0.0012900950727515925
3761,0.0009408291972552737,0.0013155635546386372
3762,0.0018935715779662132,0.0013409845911549153
3763,0.0013944970443844796,0.00134290693796169
3764,0.0007420806058992942,0.0013344222107869491
3765,0.0008790792664512992,0.0013575644779688957
3766,0.000890432670712471,0.001382450972770869
3767,0.0013143818796379492,0.001397843400495704
3768,0.0007898965384811163,0.0013972956116028042
3769,0.0007596342940814794,0.0013932769952004242
3770,0.0008137541124597191,0.001445371473115482
3771,0.0005569048613930742,0.0014331379737868382
3772,0.0010890443343669176,0.0014234315957982987
3773,0.0012325409334152937,0.0013656903327883857
3774,0.0010647464989839742,0.0013145367749040804
3775,0.0011267477956910929,0.001285086540955974
3776,0.0008654915766480068,0.0012785137211631613
3777,0.0007545048448567589,0.0012819259347494865
3778,0.001165041020916154,0.0013008179811608287
3779,0.0013285587105201558,0.0012965030203660546
3780,0.0012365775182843208,0.0012972479129934476
3781,0.0009835271475215753,0.0013085492418218425
3782,0.0009353189496323466,0.001319014998316242
3783,0.0011077786368938784,0.001315652257327143
3784,0.0020456771831959485,0.0013051322975865844
3785,0.0010762505155677597,0.0012674814890743348
3786,0.0008078475560372075,0.001251172973864238
3787,0.0007193890613658975,0.0012173784089312828
3788,0.0007163085431481401,0.0011958453987387407
3789,0.0005671152379363775,0.0011852856297236568
3790,0.0005984316075531144,0.001158223895741387
3791,0.0005333683686330915,0.0011288494076607042
3792,0.0008791300545757016,0.0011245711861118369
3793,0.001477954195191463,0.0011365552094481798
3794,0.0027441736155500015,0.0011266992425366322
3795,0.001054561169197162,0.0011282095305038867
3796,0.0009696857576879362,0.001170014564291035
3797,0.0007133584818802774,0.0012048103081400109
3798,0.0006447582738474012,0.0011978741753601323
3799,0.000753824048054715,0.001183213754243909
3800,0.0007430302716481189,0.0011448627072304749
3801,0.0018598129119103155,0.0011602479342251407
3802,0.0012025899874667327,0.0011573113053111217
3803,0.0008904862139994899,0.001136901051456882
3804,0.0010770420621459683,0.00110280001433893
3805,0.0007226688399290045,0.0010857486992540677
3806,0.0006990381050854921,0.0010696378136897864
3807,0.002125454181805253,0.0010593897133401177
3808,0.0010368455511828264,0.0010618921929265084
3809,0.0008285924423641215,0.0010548956451899433
3810,0.0007473910848299662,0.0010689585776019253
3811,0.0008173400264543791,0.0010773948371976788
3812,0.0008059844219436248,0.001069304280729191
3813,0.0006599709410996487,0.0010763427306631067
3814,0.000698408845346421,0.0010890120130484346
3815,0.0008818727180672189,0.0010959961637446102
3816,0.0008975476957857609,0.0011250507096727297
3817,0.0011270371614955366,0.0011693884825200518
3818,0.0010201039607636631,0.001241703735928634
3819,0.001308695925399661,0.0012696752469708915
3820,0.0009055383348216613,0.001292083939341338
3821,0.0009915887067715326,0.0012766621804017333
3822,0.0008093487820588052,0.0012574817019253316
3823,0.0006435211127003034,0.0012559630834546528
3824,0.001405036620174845,0.0012863146900934609
3825,0.0012652767705731093,0.0013652037112968185
3826,0.0009139024574930469,0.0014386965024519212
3827,0.000865499407518655,0.0014742807769733998
3828,0.0013708559640993674,0.001468182198651549
3829,0.0004962047523198028,0.001388018233606276
3830,0.0005566929932683707,0.0013227925842834844
3831,0.000912095590805014,0.0012624170881361096
3832,0.0010550666678075988,0.0012786948899547869
3833,0.0009187853216038396,0.0012849529412689439
3834,0.0006782627198845149,0.0012952798275598352
3835,0.0006368240535569688,0.0013081606597318287
3836,0.0009360333283742269,0.0012916308902244885
3837,0.0008431865678479274,0.0012824268018001724
3838,0.001096956649174293,0.0012694339431980244
3839,0.0012269799694574128,0.0012426957440744998
3840,0.0010708339978009462,0.0012154097645679673
3841,0.0017419023749728998,0.001200437804902577
3842,0.0010999286081641913,0.0011993497901130468
