epoch,train_mse,validation_mse
1,1.3238162040710448,3.3196648631179544
2,1.1119388262430827,2.927340493564717
3,0.9006283521652222,2.5866350555977626
4,0.762683117389679,2.280317101562232
5,0.6123419841130574,2.007310992793033
6,0.5020840128262838,1.7656176383035225
7,0.4070058882236481,1.5430992067905895
8,0.3279171367486318,1.3496965441787452
9,0.25239331523577374,1.1818238984771638
10,0.19379108746846516,1.0386662050994515
11,0.16020443340142568,0.9162125350439061
12,0.12407729079325994,0.8099415866952193
13,0.09738597969214122,0.7321646555125365
14,0.07830785562594732,0.664300831437808
15,0.06500434055924416,0.6094809582358912
16,0.05392032315333684,0.5669005534105134
17,0.044222940752903624,0.5346045884472584
18,0.037246215840180716,0.5065064262925533
19,0.032798213263352714,0.48506352566836175
20,0.027891718223690985,0.4679962051542182
21,0.024734580516815187,0.45538481616834453
22,0.022230902500450612,0.44493741912451407
23,0.01997893527150154,0.4377315936729922
24,0.017856262375911078,0.4308151241980101
25,0.017373135251303514,0.42566495541243526
26,0.0166363679493467,0.42432080636247554
27,0.015263420157134533,0.4226161098619651
28,0.014265852918227514,0.4229470097530655
29,0.01368481187770764,0.4207778635777925
30,0.012890244275331498,0.4208567726333239
31,0.012538028135895728,0.4184676394825093
32,0.011626965490480264,0.4149465923420867
33,0.010792305196324984,0.4144893762661003
34,0.01020063025255998,0.4128398208590279
35,0.010458268504589797,0.41562108129088643
36,0.009769756129632394,0.4158598320525989
37,0.00938469219642381,0.4149216622637029
38,0.009242210444062949,0.41439184476757607
39,0.009149170760065318,0.4108372365522106
40,0.00887327107290427,0.41028950350326404
41,0.008650797853867213,0.40880528109812597
42,0.008345952443778514,0.41236889954896
43,0.008279125081996123,0.41181279727590014
44,0.00790870279694597,0.4064012129752957
45,0.007723733728441099,0.40501679209937824
46,0.00754822123174866,0.4013520059181236
47,0.007574040318528811,0.39769002054518426
48,0.007413183618336916,0.39865284722450883
49,0.007173816704501708,0.40056229387110437
50,0.007070609616736571,0.39731745116891914
51,0.006990682349229852,0.3925055082429919
52,0.00693195890635252,0.3925722278001016
53,0.006741689238697291,0.38778817984792924
54,0.0065996948629617695,0.3867316375001829
55,0.006438598797346155,0.38514825806283115
56,0.006409769194821517,0.38488271980606326
57,0.006296330286810796,0.3845426141344316
58,0.006209310128663977,0.3806937699429473
59,0.005383615630368392,0.3777326326272641
60,0.0059208960893253485,0.37532074479331745
61,0.00596056484306852,0.3744262040358538
62,0.005086542014032603,0.37294192760311373
63,0.0057726374516884485,0.3703369785819137
64,0.005679666204378009,0.36635507547367385
65,0.005621154963349303,0.3628593571701942
66,0.005480468428383271,0.3590823862462016
67,0.0053876923397183415,0.356564025781308
68,0.005417349080865582,0.3549267822190335
69,0.005166425307591756,0.3541932015391121
70,0.004658075453092655,0.3547596199470654
71,0.0050330170313827695,0.350841347411362
72,0.005080841031546394,0.34581334827936183
73,0.005128360097296536,0.339466084993025
74,0.004963502380996942,0.33848926555692105
75,0.004861958386997382,0.3412567812361215
76,0.0042771875082204735,0.33930068436944694
77,0.004778465194006761,0.3354228700984988
78,0.004099474269120644,0.3342093941238191
79,0.004600367353608211,0.3294280847610786
80,0.004505018579463164,0.32442658629856613
81,0.004356408158006767,0.3211249261223085
82,0.004443471102664868,0.32285427114768334
83,0.004240517690777779,0.31881345011163176
84,0.004276061438334485,0.3140022581258015
85,0.0041794187544534605,0.3131241028071844
86,0.004160905854466061,0.31009028716916925
87,0.003963153328125676,0.31066442612144685
88,0.003961612936109304,0.3086672176917394
89,0.003982911196847756,0.30015114442124
90,0.003923955125113328,0.29894667698277366
91,0.0037745376583188774,0.2981772046340139
92,0.003699162183329463,0.29821378132056076
93,0.003518542538707455,0.2951510890185484
94,0.003753732214681804,0.28942659200980647
95,0.0036703269463032482,0.2894326678493567
96,0.0034786198598643144,0.2880704819458967
97,0.0035638208345820507,0.28638256302005366
98,0.0034683680472274623,0.2832519718778064
99,0.0034418974382181963,0.2825484374287533
100,0.0033422657288610935,0.277336016471623
101,0.0029672112626334033,0.27254650972739997
102,0.003272259452690681,0.2769890993572118
103,0.0032930284272879363,0.27543394040991687
104,0.0031657959644993145,0.27041068777703403
105,0.0031235328720261653,0.26670029236559284
106,0.0031072544942920407,0.2645813766975849
107,0.002906006594033291,0.2653661674400519
108,0.0030431667653222877,0.26357383603415296
109,0.0030269768050250907,0.2620320434284489
110,0.0025211148817713062,0.25154140308412193
111,0.0024737365233401458,0.24917812479866874
112,0.0028096796711906792,0.24966054074248376
113,0.002642414846923202,0.24974906897684288
114,0.0027783483422050875,0.24812516770516221
115,0.002679524198174477,0.24633019770446576
116,0.002682886590870718,0.24699396095429246
117,0.0024942915343369046,0.2423639317527849
118,0.00263955391322573,0.23806472488662653
119,0.002652427600696683,0.23986115964532595
120,0.002508257931913249,0.2371382017058936
121,0.002416222294171651,0.23305660974212558
122,0.0024354915716685356,0.22976809591926328
123,0.002152408706024289,0.22833722150116637
124,0.0024028541520237923,0.22787823026988938
125,0.0017976336064748466,0.22796758449478458
126,0.002301132888533175,0.22778956849149792
127,0.0021121021166133386,0.225563537373006
128,0.0022590763207214573,0.22289686885319257
129,0.002233173550727467,0.22050765309243175
130,0.002191497020733853,0.21919163482056725
131,0.002161339220280449,0.21532546670029037
132,0.002108717158747216,0.21518867506444106
133,0.0020732735206062595,0.21297851087231384
134,0.002125457325018942,0.2092833473668461
135,0.0019059581061204275,0.21101878679286667
136,0.0020209834600488346,0.20970114069985368
137,0.002080982062034309,0.20050101731604303
138,0.0019885638922763366,0.1989128534731112
139,0.001984902226831764,0.19895977256765143
140,0.0019451628827179472,0.19910047177159995
141,0.0015409353072755039,0.19586524376046588
142,0.0018785343466637034,0.19503965814821203
143,0.0018537500640377403,0.19481567620185383
144,0.001758879485229651,0.19287771982146285
145,0.0016573724259311953,0.19101937984426817
146,0.001444556009179602,0.19097746817166344
147,0.0017418707294079164,0.18728051094980966
148,0.0017302516071746746,0.18520716804335688
149,0.0016951162445669372,0.18089877491631703
150,0.001618113958587249,0.18377440967406447
151,0.0016492045911339422,0.1838739347475314
152,0.001260450614305834,0.17982255009531278
153,0.0016251184977591037,0.17957060161041238
154,0.0015158404363319277,0.17572450936276313
155,0.0012382555917914335,0.17299543480165522
156,0.0015311917988583446,0.17236837328613153
157,0.0011991979532467666,0.17372354052481595
158,0.0014941517962142824,0.1733230523634375
159,0.0011874891739959519,0.16967812962612214
160,0.0013759207756568988,0.16827915515206013
161,0.0011103661090601236,0.16836375921790364
162,0.0014489139701860645,0.16610070374625469
163,0.0012610096125475442,0.16428287383931423
164,0.0013453912572003901,0.16415005456111584
165,0.0012809193305050334,0.16301299516133397
166,0.0013741575259094438,0.16078899332392982
167,0.001349419873440638,0.15887327570664256
168,0.0013402642410558958,0.1571611160336182
169,0.001326450596873959,0.15793287157140978
170,0.0012275165393172453,0.1556359437996881
171,0.001292910628641645,0.15318348565906809
172,0.0012816611813226094,0.15195186233572794
173,0.000974438382157435,0.15282130006112551
174,0.0012265523080714047,0.1520131023393737
175,0.0012378360649260383,0.149334725689644
176,0.0011846861666223655,0.15037008126576742
177,0.0008763587839591007,0.1492472202762177
178,0.0011958717252127827,0.14610164233467035
179,0.0011646043664465349,0.14512832061937678
180,0.0011152990938474736,0.14365770463009328
181,0.0011415612107763687,0.14144618116449892
182,0.0010519257882454743,0.14135381932321348
183,0.0011102179492202898,0.1417332036061245
184,0.00108893700914147,0.14080434233734482
185,0.001083055860362947,0.13714521406599653
186,0.0010863922691593567,0.13758425057282922
187,0.0009335898736026138,0.13769806185138156
188,0.001043381246078449,0.13484655102791146
189,0.0010088632251912108,0.13264818765135886
190,0.0009657165307241181,0.13208258557215072
191,0.0009927750565111638,0.132656769641833
192,0.000989666881893451,0.1323813266006478
193,0.0009909668403755253,0.13119145250764855
194,0.0009011599080016216,0.12774281576275826
195,0.0009515516401734203,0.126647729535549
196,0.0007557160221040249,0.1282115257753615
197,0.0009524321105952064,0.1244742867063012
198,0.0009454272347890462,0.12370027232457671
199,0.0009296457710055013,0.1225065788504673
200,0.0009195870176578561,0.12081858578916879
201,0.0008326960194002216,0.12118821273073119
202,0.0008982170761252443,0.12172700009412235
203,0.000885815266519785,0.120549364788839
204,0.0008855057860879848,0.11796082770833147
205,0.0008674742489044244,0.11788069599509587
206,0.0008515561057720333,0.1174440336963761
207,0.0008405733853578568,0.11670432383554023
208,0.0007819998737735053,0.11658926699201615
209,0.0007527601361895601,0.11484701350897725
210,0.000830648203069965,0.11463576709927871
211,0.0008222926543870319,0.1138217228938613
212,0.0007872476514118413,0.11209608861708154
213,0.0005695828217236946,0.1117899957063951
214,0.0007580410708518078,0.11150129760305087
215,0.0007852740857439736,0.11006309935136845
216,0.000719685997076643,0.11013098874766576
217,0.0007784065053177377,0.1092665086538471
218,0.0005717929918318987,0.10784430169004794
219,0.0007603489405785998,0.10696293160929317
220,0.000722232674403737,0.1077625857916666
221,0.0007617547021557887,0.10585943098610257
222,0.0007120709478234251,0.10502368815199674
223,0.0006701836857246235,0.10373617469044456
224,0.0005616328814843049,0.10249009294903766
225,0.0006843390641734004,0.10155885388845937
226,0.0007046888039136926,0.10078826376743484
227,0.0006391774077201262,0.10049546194093967
228,0.0006536993178694199,0.10022161841087522
229,0.0007059925856689613,0.09951537163459767
230,0.0006487030652351678,0.09883022885660679
231,0.000669739917308713,0.09851299036751714
232,0.0006586312607396394,0.09740952249856023
233,0.0006646520244733741,0.09722922768509179
234,0.0006337407219689339,0.09526977861267433
235,0.0006542557171390702,0.09594539293681668
236,0.0005442329604799549,0.09507248768506692
237,0.0006340527596573035,0.09397620421817951
238,0.0005617238969231645,0.09347573105158688
239,0.0006062019907403738,0.09274569082983404
240,0.0005879512648486222,0.0910918305666126
241,0.0006127200244615476,0.09283518370741989
242,0.0006257465594292929,0.09116987160771911
243,0.0005028259397173922,0.09045237287530425
244,0.0005388165339051435,0.08916210731197345
245,0.0005558149113009373,0.08795050309415449
246,0.0005684443274124836,0.08788404977548192
247,0.0005575951751476774,0.08761537856046568
248,0.0005745517439208925,0.0873240881289045
249,0.0005537286910112016,0.08593232589310895
250,0.0005267510452540592,0.08627328138297413
251,0.0005547366919927299,0.08576256517124803
252,0.0005540314984197418,0.08440131520885125
253,0.000550367363030091,0.08364100105603013
254,0.0005539049025780211,0.08288758368999288
255,0.000518004794139415,0.08216026154134357
256,0.0004862440070913484,0.08275434371541467
257,0.0005249028967227787,0.08198292770733435
258,0.0004975277188350447,0.08015208953871714
259,0.0005241974562522955,0.08113390273191252
260,0.00040273395522187155,0.08135495976441437
261,0.0005179187792236917,0.07971425722652709
262,0.0005108322244874822,0.07885238352879795
263,0.0005222535750363022,0.07826411390775129
264,0.0003905569280808171,0.07990762612058057
265,0.00046361630278018615,0.07946941991777796
266,0.0004110648878850043,0.0770701433515601
267,0.00048117103870026767,0.07577985964650125
268,0.00046353134869908295,0.07640749372389408
269,0.000484676577616483,0.0762972910970188
270,0.00045710990283017355,0.07587655273685504
271,0.00044865213179339967,0.07482048926864103
272,0.00040291872719535606,0.07470620431180237
273,0.00046287284737142425,0.07436174707084198
274,0.00043982176672822487,0.0747651543239491
275,0.0004428785420410956,0.07244682573980232
276,0.00033520657743792983,0.07360842607218271
277,0.00038911747202898065,0.07339427105494235
278,0.0004535056340197722,0.07229635177713911
279,0.00038286645140033214,0.0720605974613923
280,0.0004565665478973339,0.07096197388586942
281,0.00030606744840042663,0.07080089184864048
282,0.0004039944741331662,0.07125921264203669
283,0.0004572947703612347,0.07077812144195127
284,0.0003361312711300949,0.06909964295180394
285,0.0003493778359067316,0.06966237966733718
286,0.0003902593026092897,0.06996295423579146
287,0.0003652932025336971,0.0694479003102023
288,0.0004117612368039166,0.06856618348879424
289,0.000417793056355246,0.06801498789144189
290,0.0003681764423769588,0.06733913685886832
291,0.00039884974733771136,0.06704081108042023
292,0.0004152003122726455,0.06704396886304456
293,0.0003334367080242373,0.06717378023075081
294,0.00031699777949446194,0.06718999408294409
295,0.0004018355262815021,0.06666188320548039
296,0.0003867015858607677,0.06585417184651944
297,0.0003221650200430304,0.06608111828522027
298,0.00031560490315314383,0.06615833964264184
299,0.00039785905779960253,0.06542222242127037
300,0.000405515178378361,0.06420477264566206
301,0.000311749425115219,0.06454559006014762
302,0.00033417153608752417,0.0647256095398065
303,0.0003934536827728152,0.06310627564831435
304,0.00033967780667201926,0.06376000369588534
305,0.00038697385462000967,0.062360834243179064
306,0.00039370306961548825,0.062195115532094274
307,0.00029243483926014353,0.06269448634498474
308,0.00038731133196658144,0.06240156160024871
309,0.0003720764560663762,0.06190343563886065
310,0.00038277838029898703,0.06126674777713784
311,0.0003615767986048013,0.061044438573264935
312,0.00036406010234107575,0.06009741575724026
313,0.00036943132581654934,0.06033023221320227
314,0.00035511010379802124,0.06009443721881038
315,0.0003700686531374231,0.059900987827987
316,0.00030187578037536394,0.05968966464680887
317,0.0003489667443015302,0.0590492198025884
318,0.00031740461320926746,0.05972204246825119
319,0.00036299618562528243,0.059081693615611885
320,0.0003538857505191118,0.05824337760803469
321,0.0002718502228769163,0.058750172586817494
322,0.00033290442758395026,0.058488861200187287
323,0.0002906237573673328,0.05807511899511368
324,0.000277759643116345,0.057518635348182676
325,0.00031459789509729794,0.05718441240554839
326,0.00022820626472821459,0.057454746510637436
327,0.0003516173077514395,0.05808190143073511
328,0.00028923425415996464,0.05727019633182831
329,0.0003457288577919826,0.05626677410753324
330,0.00033770961648163695,0.056454961525810046
331,0.0003349749012462174,0.05701494149929076
332,0.00031630960972203563,0.05486284619012074
333,0.00033076816083242496,0.05586713145634061
334,0.00033991448872257025,0.05478906750199739
335,0.0003179320046911016,0.05456846611498044
336,0.0003150489782759299,0.054829894995305974
337,0.00032667935107989857,0.05424673103711061
338,0.0002974836922173078,0.052993505626742606
339,0.00031179316089643787,0.05401421490817042
340,0.0003002898816096907,0.05410855616938475
341,0.0003119815199170262,0.05279027370529042
342,0.000335413558059372,0.05289064077061345
343,0.00031403847970068455,0.0530818102892205
344,0.00027648684044834226,0.053197842265604534
345,0.0003223716087328891,0.051963909790573415
346,0.00031036291038617493,0.05252440055363882
347,0.0002775886057255169,0.053022973609772345
348,0.00025968864210881295,0.051716645700279736
349,0.0002639154593149821,0.0512022080161331
350,0.00031523966075231634,0.0511561376832382
351,0.00031216600036714225,0.051311517722512544
352,0.00030420108426672715,0.050913748663594154
353,0.00029965755141650636,0.050549811890555754
354,0.0002986320328394262,0.05073433338898664
355,0.0002978990742121823,0.049356603945948575
356,0.0002879257343010977,0.04943046726460694
357,0.00028529511861658343,0.050564846966132435
358,0.00028453787866358955,0.04917472204988637
359,0.0002999300719238818,0.048612243604808175
360,0.0002601871591953871,0.04828367710701729
361,0.00025034009595401583,0.0485498979034131
362,0.0003078289815069487,0.049862339607935555
363,0.0002282314186838145,0.048562641250111206
364,0.0002808962560569247,0.048308048511675576
365,0.00027690501810866407,0.04744418068347793
366,0.00028448556937898196,0.04790126095520474
367,0.0002629274759480419,0.04783432070187658
368,0.00027192954051618776,0.0475946805597833
369,0.00029183360796499375,0.04794020874545588
370,0.0002862234260343636,0.04758137203099435
371,0.000277172892432039,0.04602446404901164
372,0.0002495197608368471,0.04658319573980151
373,0.0002569237491115928,0.046423259360051296
374,0.0002751879452262074,0.0455098780285981
375,0.0002765563656187927,0.04598630204448226
376,0.00024214602599386125,0.04618219030770468
377,0.00022180668311193584,0.04677124149356669
378,0.00026855355439086757,0.04484391346987751
379,0.00027363013359718027,0.04473858238987581
380,0.0002014351834077388,0.045248658777546816
381,0.0002608414875188222,0.04640209151442811
382,0.00026899072302815816,0.04430951877382763
383,0.0002665361234297355,0.04380852422998314
384,0.000258757290430367,0.04450526196313532
385,0.0002635779722671335,0.044188953386020594
386,0.00021659642225131394,0.04400027039520747
387,0.00025520730608453356,0.043175471854009474
388,0.00023510575459416335,0.04269957615400267
389,0.00025575385564782966,0.04312180647114564
390,0.000253958625641341,0.042860501151728
391,0.00022237367472068096,0.04343260319805459
392,0.0002551211015088484,0.04306038923300149
393,0.00023800485165944945,0.043399117260692066
394,0.0002570634649600834,0.041860428584292966
395,0.00025965973424414793,0.042464231424120785
396,0.0002503447098812709,0.04130242962106975
397,0.00022641474400491763,0.04194374549153604
398,0.00024056928232312201,0.041977918701387985
399,0.00022532418079208584,0.040794858507463456
400,0.0002618290134705603,0.04143445331015085
401,0.00024782741190089533,0.040595622793145
402,0.00023752020691366246,0.04102441519280972
403,0.0002255753808033963,0.041162643559843476
404,0.00024028698292871315,0.040701818102371626
405,0.00023949970297204953,0.04065461400133825
406,0.00018089704487162333,0.04138793067037188
407,0.00023763159600396951,0.04060216109153994
408,0.0002368269958727372,0.04022512107826116
409,0.00022700974562515815,0.04004491624907095
410,0.000228721362267,0.040197398186775674
411,0.000230625622983401,0.03997913145661702
412,0.00022447666754790891,0.03972955805124247
413,0.00022038892687608797,0.03963427531004649
414,0.00021546016408440966,0.03985751041194849
415,0.00021751893412632248,0.03914066478718965
416,0.00023709930828772486,0.03918037878360316
417,0.0002059631117541964,0.03858336521454199
418,0.0002366007892608953,0.0394421564905267
419,0.0002225657187712689,0.03839544546164093
420,0.0002241296344436705,0.0386389164874951
421,0.00020187328239747634,0.03856621601493561
422,0.0002118596836226061,0.038677809792652465
423,0.00019065822513463597,0.038398292934119005
424,0.00022669794173755994,0.03760619543776003
425,0.00022599567212940505,0.0378121997921439
426,0.00020383744801317032,0.03783389306708909
427,0.00020135101415993026,0.03698565632279156
428,0.000198746332898736,0.037110176095357765
429,0.00019003980948279303,0.03628177047102598
430,0.00020803954685106875,0.0374531015013045
431,0.0002135129034286365,0.03681656077220949
432,0.00022105425887275487,0.03659908607471408
433,0.0002115803382669886,0.03655057451115888
434,0.00020981617853976786,0.036422139414918356
435,0.00021854096557945014,0.03634885980676838
436,0.00021445002251615128,0.036720432036104256
437,0.00018666040753790488,0.03547688429815728
438,0.0002024507222813554,0.03663128951553538
439,0.00019281073182355612,0.03573178349073693
440,0.00021129554661456496,0.03555889237584949
441,0.0001947480908711441,0.03505553222909483
442,0.0002098529473490392,0.03505945064083875
443,0.0001912091092284148,0.0355085955431674
444,0.00020270231179893018,0.03470111460757186
445,0.00019085708966789147,0.034574934875058846
446,0.00019866518390093308,0.034955756243165825
447,0.00020528878182327995,0.03457450573141986
448,0.0002169193981292968,0.03468846003606654
449,0.0001893211097922176,0.03324574000087746
450,0.0001711234071990475,0.035227629791792725
451,0.00018494260827234637,0.03373040519763677
452,0.0001937383688831081,0.03423294001286142
453,0.0001803665324890365,0.034822920990879073
454,0.00020437509714004893,0.033863386024900695
455,0.00017837354704776468,0.034092239076979676
456,0.00018892474229990815,0.03404432917503934
457,0.00018037776365720977,0.034200122220474374
458,0.00017408332496415824,0.03341209147757257
459,0.0001905773834247763,0.03374121677980088
460,0.0001934132757014595,0.03269174101364891
461,0.00015706791018601506,0.03289937924550117
462,0.0001887676849340399,0.03283232899262891
463,0.00018966022859482715,0.032972142459792006
464,0.00019710794683002557,0.032724913416637316
465,0.00018788802553899587,0.03333628902549458
466,0.00017709814419504256,0.03232429371547629
467,0.00018835824060564239,0.03274580943588799
468,0.0001765790254770157,0.033042886109249284
469,0.00019073228516693538,0.032336636865783856
470,0.0001659096742514521,0.032446182959260994
471,0.00018261761094133058,0.032805706347115555
472,0.00016867144780311112,0.030502981980118835
473,0.00019331523023235301,0.03187475886130542
474,0.00018397572227210428,0.03163688338486946
475,0.00017649565415922552,0.0323069817903969
476,0.0001643913463340141,0.032172140540086734
477,0.0001712132609100081,0.030990520225325873
478,0.00018002091674134134,0.031056720322292102
479,0.00017277051229029893,0.03133702174656921
480,0.00017250869423151015,0.03136790106454265
481,0.00018008824069208154,0.03180121036780159
482,0.00016157229013818625,0.029752442983594553
483,0.00017892340644417952,0.030893830353753607
484,0.0001575815559287245,0.030938205238409906
485,0.00016557711642235519,0.03063861326428882
486,0.00017562264256412163,0.0301893967699412
487,0.00017340185198312004,0.030405601312281094
488,0.00015444756136275827,0.030334442145904604
489,0.00015538200338293488,0.030568871015345143
490,0.0001729259277150656,0.03036112425445813
491,0.00018314657111962636,0.03026155802851532
492,0.00015779667786167313,0.03019718405905
493,0.0001469385208717237,0.02909196404010406
494,0.0001711460305765892,0.02995097021196495
495,0.000168012685511106,0.02938942393364265
496,0.00016543155652470887,0.029744508594535944
497,0.00016246970869057502,0.029039654287112037
498,0.00014977891211553166,0.029970993674550837
499,0.00015532018151134252,0.028995482163906794
500,0.0001702178386040032,0.028721799355065615
501,0.00016777097819916284,0.029304814650214207
502,0.000140704670532917,0.02939230010828428
503,0.00016880607387671868,0.029021701633886635
504,0.00016524998451738308,0.028499493021409066
505,0.00020089996639095867,0.029006645382975624
506,0.00018026314016121128,0.02850604425483977
507,0.00014383281522896142,0.029215433416964365
508,0.00014497318431191768,0.02824982846624147
509,0.0001831309753470123,0.02864405296045786
510,0.0001706266455585137,0.028582449980646546
511,0.00016037356787516424,0.027211940378952793
512,0.00016441487047510843,0.028850496169288604
513,0.0001552484530596606,0.028009939290670274
514,0.00014566479561229547,0.028123747709898922
515,0.00015755770097409066,0.02702916166282188
516,0.00015250826011955118,0.028535455666831015
517,0.00012706284081408133,0.02826735372954642
518,0.0001484000851633027,0.028109103501148043
519,0.00012497933785198255,0.02790967250319078
520,0.00014606935631794233,0.02777572853044111
521,0.00015621317725162954,0.028010194979564487
522,0.0001555832743179053,0.027238479341592705
523,0.00014948705987383922,0.027523336371091025
524,0.00013901994292003412,0.027664661679787244
525,0.00013581878689971442,0.028089358297051392
526,0.0001566040397544081,0.02657278992606011
527,0.00014401291991816834,0.027208671120828705
528,0.0001486284546748114,0.026403480808506585
529,0.00015186858848513415,0.026890475019725444
530,0.00013893780900010218,0.026918224794299977
531,0.00016022768249968067,0.026762184714190444
532,0.00015362890844698994,0.026443045608132904
533,0.00015777374404327322,0.026923689898648108
534,0.0001623408820402498,0.027456407958086123
535,0.00014414807131591563,0.025486963038599632
536,0.00014303101197583602,0.026772523494927508
537,0.0001512087789402964,0.02571253097828543
538,0.00014308829170962175,0.025878187263526066
539,0.00013543129122505586,0.025609748247379098
540,0.00013313706998208848,0.026417880820121333
541,0.00012236237816978245,0.025758315770946748
542,0.00013212847309963157,0.026051087468339687
543,0.0001282726424202944,0.024773247507319116
544,0.0001390899521841978,0.025962932732457308
545,0.00013554872372575726,0.025932903308966006
546,0.00013233182010784125,0.02571387512184549
547,0.00011382373874463762,0.026145451113973792
548,0.00013650210360841204,0.025538258837285447
549,0.00013576036144513637,0.02513209474409184
550,0.0001309764173735554,0.024994263534396016
551,0.00015235092966274047,0.025686374206466283
552,0.00014281309267971665,0.02565114168526485
553,0.0001243648407883787,0.025032608709924402
554,0.00011642302318553751,0.02477041800773283
555,0.0001214939644948269,0.025286035944451713
556,0.0001384906858826677,0.025112674854782937
557,0.0001407664007274434,0.024272374912268586
558,0.0001271647963828097,0.02427319828311951
559,0.00013492934910270076,0.0254773977675546
560,0.0001584343893531089,0.025380517835374813
561,0.0001421229060118397,0.02512760304067044
562,0.00012808609947872657,0.024237899975687788
563,0.0001453059803073605,0.024085353134058372
564,0.00012701909533158567,0.024718839871255976
565,0.00014281760765394818,0.024219889095739314
566,0.00013330297806533054,0.02372353958586852
567,0.00010651268433624258,0.0249936430230301
568,0.00013571882348818083,0.02367163018721063
569,0.00013612583182596912,0.025201304793924267
570,0.00013469590339809656,0.024281920641878542
571,0.00013052746993101513,0.0240174052822921
572,0.00012417275211191737,0.02399896383721229
573,0.00012042841990478337,0.023551895157896983
574,0.00015371625680321205,0.024379125393229967
575,0.00013671487152654057,0.02381382965923924
576,0.0001472637515689712,0.02354255501638379
577,0.00011526373224720979,0.02351748657941121
578,0.00011229816203316053,0.023587933561780995
579,0.00011895335531638314,0.023544645361733018
580,0.00011774788096469516,0.02281445978830258
581,0.00012076394923496992,0.02301366593449088
582,0.00012525302639308696,0.023470784553833175
583,0.00011472386734870574,0.022771418584804786
584,0.00012804641107019659,0.023313594960242684
585,0.00011822161516950776,0.02320221418307887
586,0.0001228778186487034,0.022677312953648162
587,0.00012831026300167043,0.022586972512609778
588,0.00010786026299077396,0.023175978924185908
589,0.00013175146013963968,0.02290753833949566
590,0.0001236490308656357,0.022442257151617642
591,0.00013192531138580914,0.02239692629973965
592,9.308292743905137e-05,0.02316448554309488
593,0.00012373164645396173,0.02196259258521928
594,0.00010188013111473992,0.02283283198328569
595,0.0001262588620496293,0.022106474347151163
596,0.0001274969918692174,0.022592709993409833
597,0.00014940872691416492,0.022439101596542617
598,0.0001355126019916497,0.02214775745326664
599,0.00010197441733907908,0.021814845818263744
600,0.00011321934192286184,0.022074193301561632
601,0.00010913514900797357,0.022031461852684356
602,8.934989261130491e-05,0.021503062542985407
603,0.00010592098745595042,0.021791043048670068
604,0.00010814281631610356,0.02209737611531514
605,0.00010669644689187407,0.02149248790889107
606,0.00011048551241401582,0.021821494927706075
607,0.00011239662805261711,0.021504682200083957
608,0.00011478666153076725,0.02192300166499022
609,0.0001186944471555762,0.021295707498551808
610,0.00011425516180073222,0.021577252418194946
611,0.00010972219558122257,0.020964454608963946
612,0.00011607461977594843,0.02125742245051596
613,0.0001230236661892074,0.0205406610968343
614,0.00010796151715718831,0.022032899596886327
615,0.00010582042741589249,0.021652964826085065
616,9.666970339215671e-05,0.021344622215855192
617,0.00011351593881651449,0.02159909200337198
618,0.00011355884683628877,0.020803259816347508
619,0.00010482528596185147,0.021035743327212263
620,0.00011004714324371889,0.020459530951335417
621,0.00010568294819677249,0.021515258364597258
622,0.0001233509962427585,0.0203268807817098
623,0.00011398251723827949,0.021548250564836967
624,0.00010923075654621547,0.020430203086059345
625,0.00010159101390551465,0.020945033270931036
626,0.00010744613440086445,0.02032763199412335
627,8.622438120558703e-05,0.02072253131051684
628,9.5397836897367e-05,0.020299159938044715
629,7.523862392796824e-05,0.021445065834804586
630,0.00010334102747340997,0.020855633694438908
631,0.00011950800253544003,0.02087289300796233
632,0.00010727086337283253,0.02158381942964611
633,0.00010705996440568318,0.02156674374461348
634,9.769544849405065e-05,0.02053376155420702
635,0.00010152309975334599,0.02050023448615395
636,0.00010377079209623237,0.019938647229638364
637,8.691899662759776e-05,0.020148172898337854
638,0.00010126827304096272,0.02167320647413096
639,0.00011030730771987389,0.02034862806791799
640,0.00010316804958468614,0.020691441263110316
641,0.00011377593085247403,0.02087841839774659
642,9.606446061904232e-05,0.021104719021428398
643,0.00010015672572383967,0.020135528250047337
644,9.783121980338668e-05,0.02151321535330941
645,8.217854774557054e-05,0.019948707958846762
646,0.00010003778734244407,0.020484899181589397
647,8.944048555955911e-05,0.02055593547329568
648,9.617401422777524e-05,0.020647531462430257
649,9.21255283174105e-05,0.01970654582245308
650,9.128017700277269e-05,0.020902154182917194
651,0.00010022066320137431,0.019998847757471582
652,0.00010707882611313835,0.02127656328617132
653,0.00014230127514262372,0.016898400182917453
654,0.00018079978860138606,0.023407367284121048
655,0.00012293432470566283,0.01936502273232616
656,0.00011187304601965783,0.019814808869309593
657,9.296591354844471e-05,0.018831395582236045
658,8.401897891114155e-05,0.019582379767289985
659,8.699123015200408e-05,0.01907837287964005
660,9.518477296902954e-05,0.01990542451889194
661,9.432036313228309e-05,0.019470401750931964
662,7.509943655653236e-05,0.020024082356551936
663,9.266516232552628e-05,0.019227388843196875
664,8.999672330295046e-05,0.01897059372838652
665,8.758681736556659e-05,0.020400771430056346
666,9.189643897116185e-05,0.01875834465462562
667,0.00010089293112590288,0.01947524570669347
668,8.756834098070007e-05,0.018929200404873718
669,8.721995157732939e-05,0.01975891630203403
670,7.80523803162699e-05,0.01918512431915566
671,9.214337527131041e-05,0.01902818967920472
672,9.748934486803288e-05,0.019577102087525246
673,0.00011303780944823908,0.018657039545955715
674,9.8615313860743e-05,0.019428847793337197
675,9.9484403229629e-05,0.01854926252421754
676,8.52821278385818e-05,0.019711430241729607
677,7.772342845176657e-05,0.01875714535078807
678,7.099559685836236e-05,0.01832316585473324
679,6.46835561686506e-05,0.018587751368507308
680,8.675688586663454e-05,0.01792200209235239
681,8.177193521987646e-05,0.01851593614256347
682,8.280863257823513e-05,0.018393337247315903
683,9.971473603703392e-05,0.01779207369933526
684,8.669059364668404e-05,0.019260285768047933
685,9.170934984770914e-05,0.018207815099965063
686,0.00010118826467078179,0.01866101994239099
687,8.835873425899384e-05,0.01852652905182096
688,9.034321992658078e-05,0.018119090585288596
689,8.09955194805904e-05,0.017823367995041157
690,7.476244184848232e-05,0.018712169354596332
691,8.078198952716775e-05,0.018266303513787295
692,8.095521479845047e-05,0.018307006476741088
693,7.164843991631642e-05,0.0178951264920029
694,8.6899438368467e-05,0.018578134921014483
695,8.942153654061258e-05,0.0183637146865241
696,7.791412111449366e-05,0.01848615034434356
697,9.032861028875534e-05,0.01847230970358465
698,9.27293508235986e-05,0.016458609332030978
699,0.00010865278551743055,0.01979644998515907
700,8.629552515534063e-05,0.016968251238658763
701,8.376497850501133e-05,0.019227495248162606
702,8.488142921123654e-05,0.018690386381305275
703,8.443274806874494e-05,0.017616993328284102
704,7.476965984096751e-05,0.01873264617520815
705,8.203554849994059e-05,0.018019585418160896
706,8.99801113215896e-05,0.017931225943809363
707,7.841384067432954e-05,0.017996351860942898
708,8.739443486168359e-05,0.017595817503786228
709,7.586933255273227e-05,0.017117562115584548
710,6.565095864061732e-05,0.01757589001916567
711,8.488973398925736e-05,0.017493812756732716
712,7.434396175085567e-05,0.01699123046856526
713,7.783231582531395e-05,0.017133487927678385
714,7.248065473201375e-05,0.01815793444865454
715,7.337734229319418e-05,0.017374156876222083
716,7.381751493085176e-05,0.016850051388405916
717,7.484433978485564e-05,0.01766442282571953
718,7.969878303507964e-05,0.01719899999511521
719,7.419629109790548e-05,0.017443512168805502
720,7.094603691560527e-05,0.017107733775867006
721,7.629220344824716e-05,0.01853253463642639
722,0.00010026141729516288,0.01667536795683946
723,8.992796307817722e-05,0.01733378000415818
724,7.904416585612732e-05,0.016533069911668873
725,6.419057244784198e-05,0.017095308892472447
726,7.031996125685206e-05,0.016828658723691752
727,6.653271557297558e-05,0.016918464983154458
728,7.300283759832382e-05,0.017208588157088783
729,8.683446988773842e-05,0.016524182441943917
730,8.345565098958711e-05,0.01669236372513642
731,7.844196419076373e-05,0.01676711728469583
732,8.43249523313716e-05,0.017211116422839158
733,7.405757254067188e-05,0.01632771032660851
734,6.60049530173031e-05,0.015499578282367765
735,6.836785469204188e-05,0.01665697787610585
736,7.403673419806486e-05,0.016725557954295686
737,7.381469646740394e-05,0.015643791333712333
738,7.938354659321097e-05,0.01742319313929095
739,7.773912560272341e-05,0.01613892153809555
740,7.052726068650373e-05,0.016388773988954157
741,6.850524853992586e-05,0.017219930859990636
742,6.545319714253613e-05,0.01660444834460205
743,7.015145747573115e-05,0.016757682970675983
744,6.45949582879742e-05,0.01614706861998951
745,6.74227238050662e-05,0.015937756904950966
746,7.133446415537037e-05,0.017228332770258536
747,7.280075224116444e-05,0.014890028327180628
748,0.00010101970207567016,0.017482910392402906
749,8.265526557806879e-05,0.015083436075358362
750,6.119586275114368e-05,0.01599976762432104
751,7.535768915355827e-05,0.016063300541422347
752,8.129424386424944e-05,0.018171160165982986
753,8.739719972557698e-05,0.01603610245020766
754,8.115778788730192e-05,0.015896656596760827
755,6.978119975732018e-05,0.016074479421415523
756,7.233293144963682e-05,0.016447809690947248
757,6.331408148980699e-05,0.016308557525364278
758,6.705593235286263e-05,0.015791541610828096
759,7.48811192655315e-05,0.015720557266225416
760,5.756228844499371e-05,0.016226692495551722
761,6.104321122014274e-05,0.016330991348807226
762,6.416820009083798e-05,0.016154393717123752
763,6.967847972797851e-05,0.015761107802717833
764,7.09634718077723e-05,0.016391625592474177
765,6.205865671896997e-05,0.015535691208396738
766,8.014055977885921e-05,0.015388723201396172
767,8.833721646321162e-05,0.016493482389950263
768,7.432854423920314e-05,0.014421663753557624
769,6.455518499327202e-05,0.01576090741314386
770,8.050032095828404e-05,0.016396546284314136
771,6.830399458218987e-05,0.015505837821211035
772,6.759440730093047e-05,0.015695666845299695
773,8.655069735444462e-05,0.016688364928272383
774,7.624171412317083e-05,0.014423689810417549
775,6.850127853491964e-05,0.017093286950315475
776,8.015600784953374e-05,0.015996383489463587
777,7.21816839359235e-05,0.014596586230031232
778,7.685423770453781e-05,0.016774635791931062
779,8.652026978476594e-05,0.013304256746948462
780,0.0001400243549142033,0.01861812018282842
781,9.96752501426575e-05,0.015995858318842295
782,7.75352852845875e-05,0.013980518677952693
783,7.141574133129325e-05,0.015157790446098437
784,7.07642708827431e-05,0.015136532218614865
785,5.9124218872360264e-05,0.01584299853921198
786,5.912210690439679e-05,0.015755406254085533
787,5.6587740255054085e-05,0.015194353985202592
788,6.059289614010292e-05,0.01641450385557629
789,6.163838067247222e-05,0.014978663129895403
790,5.885384938058754e-05,0.015928862371334906
791,5.7187229443419105e-05,0.0154247081522661
792,6.288972557134305e-05,0.015735889008889597
793,6.517713045468554e-05,0.015414537077671603
794,6.005466469408323e-05,0.015499046856635496
795,6.343191671476234e-05,0.015443851909877961
796,5.4891492861012615e-05,0.014733665573753808
797,5.791047612243953e-05,0.017138668047318683
798,6.673200308190037e-05,0.014986105050826282
799,5.6191194562416055e-05,0.015343600156994765
800,7.150630214406799e-05,0.015829720839378777
801,5.805392611364368e-05,0.01509136975094763
802,5.619658174206658e-05,0.014670390548587542
803,6.316871513263322e-05,0.014874239139019222
804,5.899494547823754e-05,0.013902060072106577
805,6.224240739053737e-05,0.01615857847078502
806,6.169879488879815e-05,0.0163177221643123
807,8.105577871901915e-05,0.013923566243801897
808,5.6628250604262576e-05,0.015236200410763772
809,6.250753916295556e-05,0.015995297368550508
810,6.640921662134739e-05,0.01564766625650445
811,5.806567545126503e-05,0.014685400824296719
812,5.410857011156622e-05,0.014652127822131267
813,6.67654603603296e-05,0.015901274429035116
814,4.5477013948887664e-05,0.015061698911156048
815,5.617076991863238e-05,0.014800030569279055
816,5.02219296322437e-05,0.015641857589437078
817,7.115489715943113e-05,0.014985047438732016
818,6.337472004815936e-05,0.014385210783139132
819,5.586446010662864e-05,0.01528344222491509
820,6.973585574693667e-05,0.014867095690634515
821,4.885516270102623e-05,0.015376476715291626
822,5.672039211882899e-05,0.0144934840718208
823,5.436470576872428e-05,0.015235026693788538
824,4.962574560825791e-05,0.014800814372536383
825,5.2675429712204885e-05,0.014693705218010828
826,6.116515869507566e-05,0.014997912418336897
827,5.400490796697947e-05,0.013919493439471164
828,5.731627982944095e-05,0.015436987942683767
829,5.3171029867371546e-05,0.014787746958260298
830,5.662166562008982e-05,0.01477100875784169
831,6.400592004259427e-05,0.01391668188282185
832,6.228313189543163e-05,0.015922068318689777
833,6.419780353705088e-05,0.01423010641807004
834,6.530750809664217e-05,0.014562611321085378
835,5.725689837466537e-05,0.01449407339204996
836,6.979105479937668e-05,0.01475628618455944
837,4.828616389810728e-05,0.014754451002533498
838,4.866361705353483e-05,0.014085050598767242
839,5.263686204367938e-05,0.01445683623168465
840,5.723041540477425e-05,0.01412439594666163
841,5.836792721917542e-05,0.01365300238252296
842,5.586987972492352e-05,0.01518540399704586
843,5.052970021400445e-05,0.013976951176028329
844,4.8735322100886456e-05,0.014727876080494178
845,5.327606728921334e-05,0.014124368309255755
846,5.3465640909659366e-05,0.014653754393346825
847,5.5353594264791656e-05,0.01382541233858867
848,5.7724845343424626e-05,0.01330009835352849
849,5.435016864794306e-05,0.013285335529138121
850,4.7232440071335686e-05,0.013953822686701839
851,5.6487244364689104e-05,0.014320523115909763
852,5.066415372615059e-05,0.013699427045533183
853,4.968358213470007e-05,0.013547404889801615
854,4.414597169670742e-05,0.014513078091219503
855,5.028928838631449e-05,0.0135975403912714
856,4.6037305825545145e-05,0.014015410874278574
857,5.80416251978022e-05,0.014095035879954435
858,5.3785760731746755e-05,0.015114448847499682
859,5.6534816515826e-05,0.013198437795522268
860,4.375762437121011e-05,0.013920993851879013
861,4.648106672296611e-05,0.01428139322486363
862,4.365250097180251e-05,0.014503634679103978
863,4.944149792815248e-05,0.014751513453189567
864,4.8867124981673744e-05,0.01486779318997168
865,5.679665288577477e-05,0.01317243414184852
866,6.343539765415092e-05,0.015449367808069141
867,5.5663794046267864e-05,0.014051950087346006
868,5.049708197475411e-05,0.014296695309533187
869,4.2895848794917885e-05,0.01310807904936591
870,4.7463506416534076e-05,0.013719445655438287
871,4.474316859462609e-05,0.013892741002447424
872,4.944690954289399e-05,0.013214269331629164
873,4.727854223650259e-05,0.01348247292195583
874,3.495589723267282e-05,0.013820682646848305
875,4.31336069596e-05,0.014346472627608573
876,8.811217703623697e-05,0.0103250609503852
877,0.00010414034283409515,0.012350885704029025
878,5.7826324579461166e-05,0.013706584093406013
879,6.38204874121584e-05,0.01428286894633059
880,9.124750116219123e-05,0.012514641805285076
881,0.00011782272777054459,0.012588183790423542
882,6.635364503987754e-05,0.010982058109029344
883,8.328710197626302e-05,0.013639403289260223
884,6.486621550720884e-05,0.01522408477548096
885,0.00010218777315458283,0.013116881900810097
886,0.00015123684352147393,0.009281758319760799
887,0.0003361342739178023,0.012730725738628391
888,0.00017350681106715154,0.016361022716638637
889,0.00022887395559034,0.012661008738874518
890,0.00013332245386360835,0.010137364450755
891,0.00030130804516375064,0.015323977217579271
892,0.000160734973057212,0.012571546505069175
893,0.00013608787776320241,0.012444496278689182
894,0.00018192794232163578,0.014711550025715989
895,0.0001538262440590188,0.012849039801162237
896,0.00012133311489985014,0.011810359918125714
897,9.640417168460166e-05,0.012010312198024047
898,6.356559266957144e-05,0.014411058878711266
899,5.177619799117868e-05,0.012902084038162615
900,5.399569151146958e-05,0.012425496730387037
901,4.408463816313694e-05,0.01243792491425809
902,4.0827350797674926e-05,0.01288530116149208
903,4.5557440535048956e-05,0.012908625688774196
904,4.645989914327705e-05,0.012475653290095036
905,4.684648993134033e-05,0.013387037912242071
906,4.19199415773619e-05,0.012893557123709144
907,4.907159964204766e-05,0.01352984583201377
908,4.909748531645164e-05,0.0122088539680978
909,5.266996377031319e-05,0.0128629729369579
910,4.1637710334422685e-05,0.013226707136443657
911,4.031128264614381e-05,0.012921377983793877
912,4.283023542181278e-05,0.012915801180646433
913,4.415192294497198e-05,0.012649647752640018
914,3.977680316893384e-05,0.01326702265831375
915,4.7151407731386526e-05,0.012774307065648817
916,5.067667255692262e-05,0.01230567859823418
917,3.908546956760498e-05,0.013179071849397225
918,4.2339600622653964e-05,0.013231459506705665
919,4.281965023740971e-05,0.013210203027494295
920,4.4017219382415834e-05,0.012880274848958031
921,4.549644315072025e-05,0.014473543161994706
922,6.0351178884351e-05,0.013737187458049745
923,5.119200820142093e-05,0.013020708143972513
924,4.8354532918892804e-05,0.012590480946570809
925,4.37082477825849e-05,0.012999778885764686
926,3.928264862527915e-05,0.013749871800561048
927,4.21854667365551e-05,0.012783233612797588
928,3.6641245242208245e-05,0.012497097166658144
929,4.3814753492673235e-05,0.013075318111226572
930,4.406466396176256e-05,0.012906859545799636
931,4.663624495151453e-05,0.013055628386179083
932,4.2771720836753956e-05,0.01278836887101071
933,3.4780650882263826e-05,0.012600720620425472
934,4.867209984998529e-05,0.012954436418224583
935,3.482341696023165e-05,0.013299890657701688
936,4.360059247119352e-05,0.013312116756828295
937,4.7967875434551385e-05,0.012058348487517988
938,5.646886080891515e-05,0.012374699690341079
939,7.377347258928543e-05,0.013697014285567386
940,0.00010881433942510436,0.01407827497378253
941,0.00016935283201746643,0.013046600435157879
942,8.024604333816872e-05,0.013544560668783056
943,5.36784368402247e-05,0.014375655124868042
944,5.961741238328007e-05,0.012497832652791375
945,5.543543957173824e-05,0.012332989173881405
946,5.333427737544601e-05,0.013211516711087517
947,3.916855542532479e-05,0.0123757417831156
948,3.2585060519825974e-05,0.012492797201314168
949,4.009685580967926e-05,0.013443793536419843
950,4.043516746605746e-05,0.013711245833999582
951,3.707849997833061e-05,0.012592796588926548
952,4.073772603684726e-05,0.012597547201385275
953,4.1473725165512106e-05,0.012566046463870252
954,4.1083688605188705e-05,0.012862180565260568
955,3.3995762593500936e-05,0.013133396903782735
956,3.267741764526969e-05,0.012913440709541502
957,3.712161924340762e-05,0.012684855833431782
958,3.597729470736037e-05,0.013201659995986268
959,4.125781706534326e-05,0.012878074268510903
960,3.7214169909323874e-05,0.012812690580623192
961,3.9557017104622597e-05,0.01265772779156285
962,3.5823301974839224e-05,0.012822160587172237
963,3.4527713554174017e-05,0.013030816738259548
964,3.507259680191055e-05,0.012854578360174482
965,4.5397250020566085e-05,0.013006285129779438
966,4.613424195364739e-05,0.013206381240467491
967,3.921130955859553e-05,0.013428821542970183
968,4.238892591577799e-05,0.012140844127555428
969,4.634521537809633e-05,0.013734116480408008
970,3.85354923006768e-05,0.01348421351074606
971,3.654458426656978e-05,0.012976869951650413
972,3.754021633236941e-05,0.012300960850297358
973,3.808855277990612e-05,0.012951558989565275
974,3.635403712299497e-05,0.012992090463899729
975,2.9943729471900346e-05,0.01294459468461791
976,3.479559381958097e-05,0.012759998930912269
977,3.5962975865307574e-05,0.012641563500980274
978,3.4035893380253884e-05,0.013353826258908848
979,5.795936613139929e-05,0.012852508879718725
980,3.692410373332677e-05,0.012978567771766095
981,3.317904732587825e-05,0.01278571494070715
982,3.5791553333789734e-05,0.012060439083398435
983,3.9721162950930494e-05,0.012458233757772379
984,5.0697380599255365e-05,0.013102147052859702
985,4.9260014202445744e-05,0.012064116580782143
986,4.4486893360347796e-05,0.013187274245588838
987,4.2480773724188715e-05,0.013177265773924906
988,4.324348901718622e-05,0.011845680065344127
989,5.952899906939516e-05,0.010617127609357499
990,5.380229389023346e-05,0.012552624304196116
991,3.942470211768523e-05,0.012767561926501013
992,3.7058038530328e-05,0.011535082856596213
993,5.562783311082361e-05,0.013192738109535118
994,3.8295556441880764e-05,0.012542338207178908
995,3.124237688704549e-05,0.012904453968182641
996,2.904114116972778e-05,0.012439452573297578
997,3.429419060315316e-05,0.013142593514054404
998,5.462796082914186e-05,0.012994344859541944
999,5.554911088741695e-05,0.012577623661269832
1000,4.291562957708569e-05,0.012570427417515488
1001,3.403023583814502e-05,0.012182267876995499
1002,3.158331661931394e-05,0.012501777239601341
1003,4.405498536167821e-05,0.012494436443418439
1004,3.970563296509984e-05,0.013069834516585221
1005,4.4684394136614473e-05,0.012253181880873721
1006,3.924195601333243e-05,0.011726331940650592
1007,4.390477721851009e-05,0.012130510202222312
1008,4.923681747944405e-05,0.013026644403594191
1009,6.161027243554903e-05,0.015105779798788547
1010,7.451351787797951e-05,0.013464667725414908
1011,4.075033593835542e-05,0.011682005359502564
1012,3.85050892267221e-05,0.012266105422151018
1013,3.554716895450838e-05,0.012758432470850255
1014,3.7933037431988245e-05,0.013237441271783142
1015,3.80391725533021e-05,0.012260381474121534
1016,5.037289374740794e-05,0.012206287735975102
1017,5.0564866736143203e-05,0.0139741288547061
1018,5.189423803434086e-05,0.012792175243559637
1019,4.065724654841082e-05,0.012599449882512553
1020,3.545502198297375e-05,0.013047063049223078
1021,3.372062201378867e-05,0.012456643864871901
1022,2.7344141684200926e-05,0.01277480774003555
1023,3.181010918827572e-05,0.012504856153908703
1024,4.9181514865874004e-05,0.013158353153147806
1025,3.310359425086062e-05,0.011809593667031118
1026,3.505143874159937e-05,0.01271491033455346
1027,3.644526320082756e-05,0.012204790037201598
1028,3.869568705946828e-05,0.01113214661851961
1029,4.1366285101200145e-05,0.012042886499936381
1030,3.786335049274688e-05,0.012932030663809232
1031,4.2765154648805034e-05,0.013085587184375141
1032,3.2900808097717045e-05,0.013073351247813444
1033,4.883847456464233e-05,0.01158405964845541
1034,4.659432112627352e-05,0.011550156876161607
1035,6.546633497540218e-05,0.012495348047552228
1036,7.717823076139515e-05,0.013596487215213608
1037,8.74624849529937e-05,0.013625803054991172
1038,5.920474771604252e-05,0.01177253721047694
1039,3.254738833978384e-05,0.012231780842425878
1040,3.506698934264326e-05,0.011619124803909956
1041,4.669585759984329e-05,0.01302627968051803
1042,4.8812629393069075e-05,0.012016315371266495
1043,4.444285562688795e-05,0.01247284547235185
1044,4.1577088025708994e-05,0.012724629870196532
1045,3.45912956011792e-05,0.011819022759381268
1046,3.249777558570107e-05,0.011543424210473024
1047,3.3690957934595644e-05,0.011993871673625724
1048,2.99144451370618e-05,0.012044137650120416
1049,4.023625515401363e-05,0.011632584612707646
1050,3.714960876095574e-05,0.011277407620167523
1051,3.694235189565613e-05,0.013317694632902916
1052,4.515208541609657e-05,0.012316903541932068
1053,4.389885895458671e-05,0.011776368787283437
1054,3.9665425902057905e-05,0.011686495821160532
1055,3.708488669265838e-05,0.012394669147110298
1056,4.9712065083440395e-05,0.011917180890947232
1057,4.8774246776398894e-05,0.012414791426561468
1058,6.855911075642022e-05,0.013989730776227706
1059,6.863233793410472e-05,0.013245713852117197
1060,6.219365653426697e-05,0.011591405227878377
1061,4.594898455252405e-05,0.010111706840604195
1062,5.738524729774023e-05,0.01046199873988435
1063,6.0512421138507e-05,0.014092775530111023
1064,5.876004894768509e-05,0.01266008395870483
1065,4.726353921190214e-05,0.012555594157089877
1066,4.739537810867963e-05,0.010761269798491433
1067,4.447198904623899e-05,0.013333243606557623
1068,4.686089135551204e-05,0.012047223670527948
1069,3.327733187082534e-05,0.012728626002443203
1070,4.302276720409281e-05,0.011541565494851498
1071,3.577454893578154e-05,0.012264193151396706
1072,3.798182575944035e-05,0.012036276952641313
1073,3.6742360922895996e-05,0.012837143051192948
1074,4.1085915290750564e-05,0.010770053868263699
1075,4.901645976739625e-05,0.011004926713063704
1076,3.81927104172064e-05,0.011838928212231974
1077,3.2324688678878984e-05,0.012732721456702342
1078,4.189346169975276e-05,0.01099394366406558
1079,4.941989100188948e-05,0.011842538974362245
1080,5.1365110266488045e-05,0.010437654312264327
1081,3.401229599451956e-05,0.012236849972651455
1082,3.4705767514727386e-05,0.011576770810268776
1083,3.2184195151785386e-05,0.011799960199754402
1084,4.158230573618008e-05,0.010869074392279512
1085,3.4255522283880664e-05,0.012661086270117273
1086,4.579192561019833e-05,0.011999822135916665
1087,3.5350284815649505e-05,0.011890708709854567
1088,3.527523337349218e-05,0.010852205093231117
1089,5.833890099893324e-05,0.011024732592009139
1090,3.939648401380206e-05,0.01328305341031032
1091,3.937992381300622e-05,0.012829299158367672
1092,4.7065412945812565e-05,0.011598812369902057
1093,4.670950365834869e-05,0.010827894611229674
1094,3.795960219576955e-05,0.010707814197399114
1095,3.567737561146108e-05,0.012316834271411625
1096,2.9624592267888754e-05,0.011114515283836694
1097,2.799468262916586e-05,0.0122085685476835
1098,3.384452114308563e-05,0.01147014507479225
1099,3.897902812847557e-05,0.012071971969450252
1100,3.434399823163403e-05,0.01208025778300668
1101,3.746875251332919e-05,0.01188326533339177
1102,2.5956881290767343e-05,0.011998280769824022
1103,3.6822751523383584e-05,0.010516363702583732
1104,4.126684307266259e-05,0.012290064312179971
1105,4.026836565268847e-05,0.011141591363624609
1106,3.0825216102433234e-05,0.012626539259517228
1107,2.5385129871816994e-05,0.011232616069416205
1108,3.766690933844074e-05,0.01388554905176337
1109,5.109860818871918e-05,0.013451807586236568
1110,9.362056201401477e-05,0.014528174337261078
1111,0.00018002252788088904,0.010156814379301684
1112,8.053631512060141e-05,0.009301480971962997
1113,0.00024584330603829587,0.01307218834725127
1114,0.00010675562322527791,0.013431742297191369
1115,6.207078937829162e-05,0.013809438724049002
1116,7.499101472300633e-05,0.011536600859291112
1117,5.228377558523789e-05,0.01226535900523178
1118,3.843088610058961e-05,0.011000892155591333
1119,4.5827692762638135e-05,0.013123705544732293
1120,3.680235046582917e-05,0.012572315479329193
1121,5.8545226541658245e-05,0.012743531293317414
1122,5.358821266175558e-05,0.011298958299278516
1123,0.00011368495494631739,0.012193566980657348
1124,8.005591977659303e-05,0.012618600185252508
1125,3.680578374769539e-05,0.012184330527071584
1126,4.723810222155104e-05,0.011863363351215395
1127,4.07884410378756e-05,0.012704191996296596
1128,3.6663101733817406e-05,0.011877980182622696
1129,3.4607241589886445e-05,0.011787088688637256
1130,3.575224181986414e-05,0.012074901511326258
1131,2.5789354913285935e-05,0.01268835933552238
1132,3.656304373483484e-05,0.012645090128191643
1133,5.28013481622717e-05,0.012123113582509826
1134,5.4585856075088185e-05,0.012205619070875017
1135,3.309600991390956e-05,0.010448855775468356
1136,5.391210458280208e-05,0.011464230480674676
1137,3.690746998472605e-05,0.01205775667831563
1138,5.3883762545107555e-05,0.012179193291159575
1139,3.7823275245803716e-05,0.011399539236567523
1140,3.0432091080001555e-05,0.011848852934304908
1141,3.2216320687439295e-05,0.011093753074126982
1142,3.136610018070011e-05,0.011260116072534992
1143,2.6116005513661852e-05,0.01225652112026443
1144,2.4486797034721045e-05,0.0116845361482657
1145,2.5184005426126533e-05,0.01151166882431298
1146,2.618344879010692e-05,0.01177140768639177
1147,5.0728421532160915e-05,0.01211475786938174
1148,4.443136822374072e-05,0.013902928209073885
1149,9.156393158870439e-05,0.010316239189280317
1150,9.153481514658778e-05,0.01234981357473989
1151,5.35983866332875e-05,0.010769656441332391
1152,4.936632515940194e-05,0.010540125557978512
1153,6.091368413763121e-05,0.011652064607723764
1154,0.00010030930764817944,0.014092460775758788
1155,0.0001524033888320749,0.012448854262434077
1156,0.0001286670536501333,0.010657147306959793
1157,0.00013619332894450055,0.00844014647868816
1158,0.00012827057362301274,0.009865058606425137
1159,0.00011856690034619532,0.013247725764855917
1160,0.00016169097325473557,0.011778904770484619
1161,9.23878845545308e-05,0.010787278273529564
1162,5.8226070783954735e-05,0.008480952561108602
1163,5.4537291240800793e-05,0.012041467443457124
1164,3.911626384554741e-05,0.011946371606719948
1165,2.804434140368054e-05,0.011206519421004849
1166,2.437781082941607e-05,0.010603084027418616
1167,3.249859867840617e-05,0.012011975862837414
1168,3.557224044925533e-05,0.011953307594831663
1169,3.428722241854606e-05,0.010712027163054163
1170,3.284684583680549e-05,0.011565269082675727
1171,3.1808872518013234e-05,0.01122100009141784
1172,3.2690050890475204e-05,0.012134640075930814
1173,3.499620797811076e-05,0.011144591671038876
1174,2.996072762471158e-05,0.01149564226599116
1175,2.3061120828060666e-05,0.01138031400729254
1176,2.7188315289095045e-05,0.011881467018940906
1177,2.7662334590180158e-05,0.011580693561376797
1178,2.7146876285163064e-05,0.011711428049483408
1179,3.230805050407071e-05,0.011145966421616705
1180,2.9505621326582818e-05,0.011364870188670636
1181,2.5798656436866926e-05,0.010826764945539902
1182,2.7046454367033827e-05,0.011757306888024186
1183,2.59836700327772e-05,0.011265978115006235
1184,2.7019645312975626e-05,0.011422691124692907
1185,2.800730605182859e-05,0.010822992093795747
1186,2.980177741847001e-05,0.011846806559907762
1187,2.7930988229248516e-05,0.011255144739349247
1188,2.403346510012246e-05,0.011304143176288807
1189,3.1577515862106036e-05,0.010583538751319399
1190,3.15381090331357e-05,0.012129761582262248
1191,4.273554926233677e-05,0.013180075785177842
1192,3.506751387855426e-05,0.011312999268340175
1193,3.3948375251687445e-05,0.011596958099848084
1194,2.6093888785302018e-05,0.011982984130123728
1195,2.4524368321484265e-05,0.011747500985828146
1196,2.7453982814525563e-05,0.011261934684099336
1197,2.7877056345460006e-05,0.011928985992784214
1198,3.15145740993709e-05,0.01170621557046839
1199,2.93844130889435e-05,0.011724793202412582
1200,2.5935207183162372e-05,0.010461729804151937
1201,3.2387429625183967e-05,0.011042486945690032
1202,3.879142832374782e-05,0.011189292833121896
1203,3.2725798761627326e-05,0.01231602283619475
1204,4.054495633075324e-05,0.011513731649352444
1205,2.6857626168445373e-05,0.011282144833290786
1206,3.227021989005152e-05,0.01065453350794507
1207,4.437810396969629e-05,0.011468393530707523
1208,3.585570181409518e-05,0.013543962569068573
1209,4.1151069672196174e-05,0.011420152182772494
1210,3.4938000802261134e-05,0.011538524911820627
1211,3.6035890904410435e-05,0.010884823013445613
1212,3.501668907119892e-05,0.011068258295652637
1213,4.2252992958916975e-05,0.010450870518937533
1214,2.899530609283829e-05,0.011202839739642471
1215,3.8212494109757246e-05,0.01232884321307317
1216,3.516021582375591e-05,0.01250507403165102
1217,3.556151386874262e-05,0.011278694569084206
1218,3.08860894923176e-05,0.011528985907067682
1219,3.18877761552964e-05,0.010565858244438443
1220,2.8170804095376905e-05,0.011794240311964563
1221,2.6783722326702748e-05,0.011150612702800168
1222,3.2746702800068306e-05,0.011044193644686574
1223,2.4504185421392322e-05,0.010804160150879046
1224,2.8578681425036243e-05,0.011650616173735924
1225,3.073002735618502e-05,0.011559583742324023
1226,2.3953862303945546e-05,0.01150236358016468
1227,2.72005439910572e-05,0.013208961321247948
1228,5.293386930134147e-05,0.010992722210000482
1229,4.192470163009905e-05,0.010947783638271149
1230,4.517579339638663e-05,0.011270378947759058
1231,4.5912944915471596e-05,0.011152321928894223
1232,3.668089508816289e-05,0.011836403166624711
1233,3.805632629034032e-05,0.011652376608955756
1234,3.7879779605039705e-05,0.010685167475521826
1235,3.201465236391717e-05,0.010814734037464474
1236,4.209706360901085e-05,0.011081532504387766
1237,4.046543005339724e-05,0.011874923406288637
1238,3.197872332142045e-05,0.010727586469760067
1239,2.411136750500494e-05,0.011218737780895324
1240,2.2622791523948155e-05,0.011238615633102885
1241,2.5095080976219226e-05,0.011132703494955922
1242,2.2678833192912862e-05,0.011057478980275622
1243,2.354247250574796e-05,0.01155331664397354
1244,3.0932332447264346e-05,0.010980689846393134
1245,3.280961354903411e-05,0.01172109731957752
1246,4.237869967861722e-05,0.01075936447861686
1247,4.3309703808821114e-05,0.011700157933917484
1248,3.9527856157898594e-05,0.011507215671382888
1249,4.302450276251572e-05,0.011819364381845148
1250,3.8533761592892306e-05,0.012873681074237092
1251,3.080043340257058e-05,0.011126190976768036
1252,2.3347969029903955e-05,0.011717685306314053
1253,2.687336200324353e-05,0.01166605790505153
1254,2.8920365669667564e-05,0.01104084469040322
1255,2.6418686563071484e-05,0.011141226019666732
1256,2.5518003773565094e-05,0.011261299470363305
1257,2.3513419243196647e-05,0.011093223024954834
1258,2.1765723098117935e-05,0.010904524510737226
1259,2.3290109311346896e-05,0.01147143714462151
1260,2.537723770122587e-05,0.011286549180288586
1261,2.319330014870502e-05,0.010977244972692509
1262,2.967210778782222e-05,0.01193719807663682
1263,3.560458450616958e-05,0.010674198467164622
1264,2.6944562462934604e-05,0.012340961797544134
1265,5.010839449823834e-05,0.010627726186883816
1266,3.7392566203682996e-05,0.012803778784861516
1267,3.262283207732253e-05,0.011225132450014788
1268,2.6692212729055123e-05,0.012205341052024336
1269,4.147674359652835e-05,0.012296235398525557
1270,4.126154284070556e-05,0.011665376810062873
1271,3.952254022199971e-05,0.011780787590204886
1272,3.588925907630861e-05,0.01149306563818446
1273,4.177613906601133e-05,0.011022402289492346
1274,5.155239171775368e-05,0.01154820392812379
1275,3.906155737543789e-05,0.011155391497297855
1276,3.144818995982253e-05,0.010744892401152362
1277,2.527032502257498e-05,0.011340178010102949
1278,2.246299542700096e-05,0.011657304446381784
1279,2.4238705524718777e-05,0.011255932783936723
1280,3.137257050790747e-05,0.010355467943485543
1281,2.831318282308833e-05,0.011998664598628792
1282,2.625932902446948e-05,0.011127360587209811
1283,3.4474193671485406e-05,0.011164237892157152
1284,3.8217818655539304e-05,0.011552966252917
1285,3.021336912449139e-05,0.011639056185380234
1286,2.8569787476347606e-05,0.01231989930302166
1287,3.6902082138112745e-05,0.011498125253670048
1288,3.2337641702421634e-05,0.010969575889386803
1289,3.170720647176495e-05,0.01042887963196644
1290,2.671363799890969e-05,0.011601453551706688
1291,2.2310934703758296e-05,0.010459456699001685
1292,2.0635986826770627e-05,0.010757738934034667
1293,3.610973186975268e-05,0.010958918954425474
1294,2.860678711537427e-05,0.010973784472107104
1295,2.3421711254438075e-05,0.011167041159490918
1296,4.2642508803207116e-05,0.012200381666726885
1297,4.602748837593632e-05,0.012650831812197528
1298,4.3100158169788e-05,0.01077026327696155
1299,3.841916914097965e-05,0.011447881299414132
1300,3.7794575958590335e-05,0.011137192170217372
1301,4.142497806848648e-05,0.009140814681760749
1302,5.0431654866163926e-05,0.010596201156010057
1303,3.8298690439357114e-05,0.012014177905624373
1304,3.664402077750613e-05,0.011228129142426957
1305,2.8761049664656944e-05,0.011791234940824192
1306,4.096635111636715e-05,0.011310199929172532
1307,5.526914125463615e-05,0.010856953907039082
1308,4.2375581930779545e-05,0.010939500327303744
1309,3.9146521430666326e-05,0.012092082551544347
1310,2.7082732534230065e-05,0.010586501773152696
1311,2.7508062703418546e-05,0.010751255247360694
1312,2.6050066177655633e-05,0.010250481633926955
1313,2.5201853471420085e-05,0.01064247217802712
1314,2.2551772296234655e-05,0.011025692337622855
1315,2.2409649197167407e-05,0.010622572864552862
1316,3.011540514611018e-05,0.010168163941857235
1317,3.255080967695297e-05,0.00923959500352411
1318,3.8757961980688076e-05,0.010747061987892229
1319,4.594655262432449e-05,0.00930266042256303
1320,5.659266735165147e-05,0.008968301822720041
1321,3.8930661442767205e-05,0.0110350904948138
1322,3.4256590636990344e-05,0.011495600978718603
1323,2.8115221478704674e-05,0.010543783483972327
1324,3.067556426685769e-05,0.011131109009436958
1325,2.5788401035242715e-05,0.01112956446677185
1326,2.2194164012034888e-05,0.009818887092957371
1327,3.6020129239962744e-05,0.01093044248818044
1328,3.902185271726921e-05,0.011503952332058845
1329,2.722515673667658e-05,0.010617307588806626
1330,3.10608274351883e-05,0.010834019319344943
1331,2.8785906761186197e-05,0.011254444135603501
1332,2.5461888678061467e-05,0.010363937919273189
1333,2.5147199509471344e-05,0.011677641745613159
1334,2.7939922438235955e-05,0.011057347794504542
1335,3.261038934094055e-05,0.00965127293006871
1336,3.5785367435892114e-05,0.010367581652128819
1337,3.6106889274378774e-05,0.009412837732169364
1338,5.163876727844278e-05,0.008978296147539602
1339,7.786544835350165e-05,0.011919749165443997
1340,0.00014074245167042438,0.01318354432727074
1341,5.199750545822705e-05,0.010582167037071018
1342,4.528791929866808e-05,0.011943464973473062
1343,2.428309101863609e-05,0.011531888030752627
1344,2.5294375943000582e-05,0.011305038391051498
1345,3.121145091427025e-05,0.01013987436509359
1346,2.909380006409871e-05,0.010266336293793038
1347,3.7493172688603714e-05,0.011607343597849559
1348,2.2627352276079667e-05,0.01082830809666748
1349,3.0290127566937976e-05,0.010932335801618663
1350,3.745245485333726e-05,0.011409554194811492
1351,3.6202697083353995e-05,0.010639964284277275
1352,2.672501699028847e-05,0.011819581438553089
1353,4.488893973757513e-05,0.011778343057706517
1354,6.548026261346726e-05,0.011521710646583846
1355,6.985802028793841e-05,0.010463488538754962
1356,6.971308430365752e-05,0.010751160414486427
1357,4.0059657597642705e-05,0.01161878673381537
1358,4.289113688476694e-05,0.009955851126963284
1359,4.71017182765839e-05,0.012829714713411199
1360,4.340564094794293e-05,0.01101494043499057
1361,2.3142470793876177e-05,0.011841504063936527
1362,2.684316841623513e-05,0.010496164049833404
1363,2.79869775113184e-05,0.010675921898651106
1364,2.91059728624532e-05,0.01202654966823103
1365,3.491781899356283e-05,0.01001940935861036
1366,4.62398233745868e-05,0.010175428543871606
1367,4.4183043549613406e-05,0.01163250759341999
1368,5.9224513825029136e-05,0.011193176502721352
1369,0.00020819304966911053,0.02012669291668599
1370,0.0008919102935275683,0.00868067865284454
1371,0.00038593836943618954,0.013224301603758893
1372,0.0001668788148284269,0.010390009347087982
1373,0.00018076173631319156,0.02223148660146092
1374,0.0004734768959072729,0.005490096633142808
1375,0.00036382091057021173,0.00985816826401224
1376,0.00023781888836917157,0.010814874795162015
1377,0.00014420874261607727,0.01648917555133676
1378,0.00013751381484325976,0.009967170443320484
1379,6.689741470230122e-05,0.011053183252177043
1380,4.427791736816289e-05,0.011511907607796247
1381,4.2912783586264897e-05,0.011771359385606663
1382,4.061282076387821e-05,0.010321647383555857
1383,2.5481053489784246e-05,0.01081720571583736
1384,2.638619656257409e-05,0.011784277834564622
1385,2.0535014603713837e-05,0.01072023387546297
1386,2.101220955713264e-05,0.011213256103362431
1387,2.7458389073823734e-05,0.01056013589899181
1388,2.5628933508414774e-05,0.011413241608602088
1389,1.9591342485606826e-05,0.011192476839829258
1390,1.9022892532423916e-05,0.01099282056801239
1391,1.96372629943653e-05,0.011143263197934244
1392,1.984886524345105e-05,0.011222201317810175
1393,1.88320659162855e-05,0.011475995131250884
1394,2.1330333523413478e-05,0.01081593484176617
1395,2.4913400435859025e-05,0.010324115226350246
1396,3.176015731393515e-05,0.011021585508701746
1397,2.7841696767912556e-05,0.011844411552257357
1398,2.9100120688478152e-05,0.01125675879898127
1399,2.842549244329954e-05,0.010908208546441114
1400,2.761276094436956e-05,0.01112195894078553
1401,2.293950310559012e-05,0.01060080497487508
1402,2.6289401891214462e-05,0.01103094195108316
1403,2.388425224732297e-05,0.011968430836973657
1404,3.147731974119476e-05,0.011074108289478466
1405,2.5962993549910607e-05,0.009655986049305103
1406,3.487675712676719e-05,0.011778925164270471
1407,3.603682365186008e-05,0.01126430465769001
1408,3.224147585569881e-05,0.010949504765959685
1409,3.1455058403177344e-05,0.010364460069904028
1410,3.3965414938090056e-05,0.011408747484286627
1411,1.9063626981126922e-05,0.010575579193404369
1412,2.1367720425284157e-05,0.010813827345921108
1413,2.1870828459213953e-05,0.010341442184664353
1414,2.2090655693318696e-05,0.011863449591141172
1415,2.7319933724356816e-05,0.01093183391133857
1416,2.758485425147228e-05,0.010593568113746872
1417,2.4231485986092595e-05,0.010676666723880155
1418,2.950924475347468e-05,0.010842160555964325
1419,8.54922087455634e-05,0.01162559292905512
1420,4.538398255438854e-05,0.011536371420349991
1421,4.2391550960019234e-05,0.009689203550636072
1422,5.0469361061307914e-05,0.010373660602895489
1423,3.9302378718275575e-05,0.01274569452146602
1424,5.687171336224613e-05,0.013303090300824907
1425,4.312753250511984e-05,0.010900286476982877
1426,2.3022587508118402e-05,0.011422481956995197
1427,2.8412215760909022e-05,0.011585691668724979
1428,3.713564838108141e-05,0.010762471722014118
1429,3.4373497692286036e-05,0.009956088615581393
1430,3.004398167831823e-05,0.01261066572130685
1431,3.204778622603044e-05,0.011690803212576617
1432,3.3516538618035456e-05,0.011775953455539475
1433,3.0582817331984793e-05,0.00953900247910305
1434,3.2525480734572435e-05,0.011347676973179942
1435,2.622651275790607e-05,0.011501885335129953
1436,2.55976849681853e-05,0.011270206974416275
1437,2.208186585145692e-05,0.00984161607485417
1438,2.29352564929286e-05,0.01159087667100088
1439,2.2606312419763223e-05,0.010717918211321908
1440,2.6917404284176882e-05,0.01088305311658752
1441,2.2778025474205303e-05,0.010598053250254856
1442,2.2226626909590172e-05,0.011524847594269534
1443,2.3688343329316316e-05,0.011219636449993353
1444,3.5174398484135357e-05,0.011045952175052194
1445,3.532560707147544e-05,0.009923187618236445
1446,3.3915930422760236e-05,0.010465424050364578
1447,3.1901155428689286e-05,0.011535871656862094
1448,2.665804101222117e-05,0.011135159550528777
1449,3.658417360081027e-05,0.010974273739153878
1450,3.4200454562475596e-05,0.011235813645656869
1451,2.415820951379525e-05,0.011497700461649408
1452,2.4404656263262343e-05,0.011047638122166633
1453,2.7078172691593258e-05,0.01080165174381252
1454,2.890579865682715e-05,0.009852028210859811
1455,2.470595839743813e-05,0.010605302908898969
1456,2.558576719214519e-05,0.0110666129945053
1457,3.360006882455006e-05,0.011241680433243861
1458,2.366158757164764e-05,0.010933638966985439
1459,2.2262143102125264e-05,0.01122550455014608
1460,2.0191720614093357e-05,0.010433226122591666
1461,2.0077586971941248e-05,0.010780459000287871
1462,1.819101477546307e-05,0.01048446411528347
1463,1.9372481983737088e-05,0.011157826231847032
1464,2.1310522030641246e-05,0.01065944313284075
1465,2.679909691020536e-05,0.01041879665585812
1466,3.321708524405646e-05,0.011623118767155367
1467,3.746903554808038e-05,0.01011567782577977
1468,3.519501581952985e-05,0.012089016368035336
1469,4.6123693997894104e-05,0.010439396937982294
1470,3.2879651310698437e-05,0.011379300200037266
1471,2.4622220462333643e-05,0.01075427613237448
1472,2.3207907846275098e-05,0.01079057226208044
1473,2.5341226076610232e-05,0.010481005264936309
1474,2.2720031726445692e-05,0.010744800789782788
1475,1.7440945218064977e-05,0.011122905346973423
1476,2.749298934456116e-05,0.010186697865634808
1477,2.6349346323210437e-05,0.011613505001980485
1478,2.0483981582704777e-05,0.010281226061262756
1479,2.4290787526600372e-05,0.011004337670597417
1480,2.132765839633066e-05,0.01090144680006898
1481,2.2022668296510044e-05,0.011538641557249932
1482,2.3983983555808664e-05,0.011250390758334894
1483,2.546682674922825e-05,0.010958305453848943
1484,2.4426659122885516e-05,0.010987633482514941
1485,2.520398114332541e-05,0.011030295784775799
1486,2.0969333718312555e-05,0.01135231317865134
1487,2.4220251968169276e-05,0.010753923801062574
1488,2.7735593660812205e-05,0.01112020310635368
1489,6.13477369673395e-05,0.010906315359630082
1490,9.530927733673404e-05,0.013627677578587977
1491,7.436751954325397e-05,0.01162721724685129
1492,7.150849681541634e-05,0.010890549284335204
1493,5.6755430947911614e-05,0.010707357843891221
1494,5.6082382070599127e-05,0.010155766096772158
1495,4.3070212511035305e-05,0.009753456096878351
1496,5.205275859528532e-05,0.008993514942833118
1497,4.8236177220436124e-05,0.009463058746479756
1498,4.992680333089083e-05,0.010053954520181083
1499,4.3831415435609715e-05,0.009908671621560004
1500,5.7365993294903696e-05,0.010504366285358255
1501,2.4388850700537053e-05,0.010768564755630773
1502,2.501522649254184e-05,0.011260716623098355
1503,2.337514961254783e-05,0.009361470760832056
1504,2.373585824291998e-05,0.010495546192192194
1505,2.200489028230853e-05,0.011228021917788432
1506,2.519243789720349e-05,0.009440976524540382
1507,2.697882203695675e-05,0.01027401425870277
1508,3.094121038884623e-05,0.010203491261893372
1509,3.693939361255616e-05,0.010404352850297042
1510,2.84265172619295e-05,0.010318342372992931
1511,4.289840059451914e-05,0.012069212327226561
1512,3.69215202833099e-05,0.0108099889652858
1513,2.7294298100362842e-05,0.01062944217187445
1514,4.4564337683065486e-05,0.010690362263492674
1515,6.527213978794559e-05,0.010673892164156276
1516,3.4676709644069587e-05,0.01104641116730738
1517,3.80999616633441e-05,0.010963778215738242
1518,2.9917457929210893e-05,0.010862420067975396
1519,2.441837156463104e-05,0.010212613906907407
1520,2.2627735355248053e-05,0.010262120689390695
1521,1.9454445767526824e-05,0.010480959845260221
1522,1.5166174671321642e-05,0.01046698430705576
1523,1.8207827573254083e-05,0.010476026667706799
1524,1.796232415169167e-05,0.010753781992223179
1525,1.9722612705663778e-05,0.010704549895436094
1526,2.1833755454281345e-05,0.010138325646454305
1527,2.074098708059561e-05,0.010749317822727368
1528,1.7911057572443193e-05,0.010196458733482667
1529,1.9388069510265875e-05,0.010572000586411409
1530,2.585759648354724e-05,0.010645354082208801
1531,2.0082072933291783e-05,0.010640147000507654
1532,1.956546493602218e-05,0.010549873767191903
1533,2.0004421397364543e-05,0.010269520564647446
1534,1.7699787561772004e-05,0.011097519260923765
1535,1.961999405466486e-05,0.010603062560705588
1536,2.026740330620669e-05,0.010503263937102424
1537,2.5195076887030154e-05,0.010343942744929713
1538,2.302000769608033e-05,0.010275998034334759
1539,2.8150100600517666e-05,0.009827905408057728
1540,2.4012424182728866e-05,0.010927886383509949
1541,2.151369250592931e-05,0.01072206857412705
1542,2.2009049644111656e-05,0.01070952259973563
1543,2.7261444665782618e-05,0.011042630373451271
1544,2.1903777208838923e-05,0.010379764480156857
1545,2.2756156492202233e-05,0.01062512599008038
1546,1.6795581662639354e-05,0.010596523047778864
1547,1.9926770437450615e-05,0.010339626819113193
1548,1.2779436413741981e-05,0.010435652317294078
1549,2.3961827840442613e-05,0.010588546686571592
1550,2.362803425057791e-05,0.010619027395759933
1551,2.2225223437999377e-05,0.010341942400197712
1552,2.4500120343873277e-05,0.010887724508079346
1553,3.180869243806228e-05,0.012247143163514591
1554,4.425681327120401e-05,0.010617411502075997
1555,3.601602681252795e-05,0.01125927426313099
1556,5.793162799818674e-05,0.00989154389411298
1557,3.2712803052466675e-05,0.010287526135784928
1558,2.291635670796192e-05,0.010642619646965848
1559,2.4859528396821893e-05,0.010056392661410203
1560,1.938020838376057e-05,0.010646838460618641
1561,2.0210884152523552e-05,0.010662887708354763
1562,2.457908127932266e-05,0.009919876619432753
1563,3.3170506640090025e-05,0.009705514766885871
1564,2.535259894405802e-05,0.010156005887826633
1565,2.110874356731074e-05,0.010750376679308234
1566,1.976254983067823e-05,0.01101563678651351
1567,2.310256798712847e-05,0.010696370734653453
1568,4.372913387366376e-05,0.011096487592426483
1569,3.64931438525673e-05,0.010107306489851652
1570,3.14615293367145e-05,0.010750653840361805
1571,2.102674394942975e-05,0.010762045021054515
1572,1.8568131114686063e-05,0.010225044517118854
1573,1.6869888713699766e-05,0.01059068034386687
1574,1.9691037960001267e-05,0.011147423486677353
1575,2.396160540835505e-05,0.011209292655908748
1576,2.4174692953238264e-05,0.010781423842305677
1577,2.7485629228370575e-05,0.010529447355095232
1578,1.8943104199327838e-05,0.010818511146877766
1579,2.0409432393838264e-05,0.01142187270319514
1580,3.61996205659428e-05,0.009682847950770929
1581,4.1808791138464585e-05,0.009990119064847628
1582,4.146235102477173e-05,0.009948875396975388
1583,5.687712703850896e-05,0.010814165731902883
1584,4.7114581684581934e-05,0.010372433405674515
1585,4.59033350731867e-05,0.012084661822286789
1586,4.103588313834431e-05,0.010943687202310875
1587,2.550532020298609e-05,0.011036123266193078
1588,2.6980451245132524e-05,0.01007540654173197
1589,3.360390680124207e-05,0.01038428355275234
1590,2.811570745204032e-05,0.011654413811731757
1591,2.3071885061654028e-05,0.01194628239309753
1592,4.003222238679882e-05,0.009664630707985128
1593,4.199589663282192e-05,0.013947146438192903
1594,5.1164541703959304e-05,0.011393373788535943
1595,3.405723570419165e-05,0.009741099687478346
1596,2.7269322587623415e-05,0.01001152569667725
1597,4.586269315041136e-05,0.013329813017221222
1598,3.6270753359228065e-05,0.010974361032944673
1599,2.3772950711039206e-05,0.01092722483676428
1600,3.257263075890175e-05,0.011393257915124036
1601,2.0527888348927566e-05,0.011063010186741227
1602,2.5768999936796414e-05,0.01043187070648834
1603,4.794253400177695e-05,0.012379418503035578
1604,4.967388934649837e-05,0.009690029443138175
1605,3.259819398711746e-05,0.010310909134875002
1606,2.5093983761811008e-05,0.01176543340729604
1607,3.123508710511184e-05,0.009934465869259067
1608,3.433032579778228e-05,0.012492170919560723
1609,2.6745620440730516e-05,0.011518392978748035
1610,2.6985274962498808e-05,0.010845793582695095
1611,3.0768736572402607e-05,0.010957536941165464
1612,2.1391834889072924e-05,0.011061516881795132
1613,2.6140629597648512e-05,0.010064872060711796
1614,2.2360400604763222e-05,0.010761465212842177
1615,2.7639500331133604e-05,0.011668493960335938
1616,3.991073341846156e-05,0.011160062105879623
1617,1.8417825837483786e-05,0.011295138542371535
1618,3.045199240053383e-05,0.010653704924955529
1619,2.6122468019214768e-05,0.01080437573163133
1620,6.792154260134945e-05,0.011532361768948578
1621,5.371413147562028e-05,0.009385951248689265
1622,3.193333177478053e-05,0.010318025957509788
1623,3.234464311390184e-05,0.010621331871775856
1624,3.454401873265548e-05,0.00877697562951355
1625,0.00010199777437568022,0.01057994197672832
1626,6.24052505979004e-05,0.010644202482783131
1627,4.926996892512155e-05,0.012846751266556699
1628,7.843656979578857e-05,0.011713909851223753
1629,0.0001746804441305964,0.009229172424179071
1630,0.00012280696343320113,0.01287391625224934
1631,4.499391240339416e-05,0.010538254578581504
1632,3.07639562379336e-05,0.009974769444602448
1633,2.502885060190844e-05,0.011326487802448328
1634,2.9548486054409295e-05,0.010263519349360936
1635,2.275493340372729e-05,0.010524928704590389
1636,2.412291408594077e-05,0.011305348650819202
1637,2.487113567137082e-05,0.010518180934864788
1638,2.640055536176078e-05,0.011154911486290352
1639,2.024150295862152e-05,0.010005816855407947
1640,2.3578036537704367e-05,0.010640797346873938
1641,2.574162484355232e-05,0.010825070726810491
1642,1.733440997971532e-05,0.010530828375761447
1643,2.0139517558466954e-05,0.010637833322915766
1644,1.945665383876379e-05,0.010143584174196623
1645,2.061185665904001e-05,0.010834614656408104
1646,1.868676954472903e-05,0.010936153224772878
1647,1.7557244003304125e-05,0.01090010409706343
1648,2.7624849220349764e-05,0.010395190542378622
1649,1.4866743246481443e-05,0.011176317023407472
1650,2.372873277636245e-05,0.011044789266320522
1651,3.1444804547694125e-05,0.01093016942549083
1652,3.801444060324381e-05,0.010080709056765363
1653,3.169403953506844e-05,0.010684914886951447
1654,2.65375743159287e-05,0.010462435129866526
1655,3.368542371996834e-05,0.012027738741136084
1656,6.713531341423125e-05,0.009880964554388794
1657,6.63118487864267e-05,0.009409042566807734
1658,3.742671772973457e-05,0.010059231791471005
1659,2.6421140137244948e-05,0.01372981226692597
1660,3.4548200104230395e-05,0.01080943007643024
1661,4.091068634200686e-05,0.010319120423563304
1662,3.881968174634191e-05,0.010912785676923411
1663,7.420467251601318e-05,0.007922361568106632
1664,0.00010333634612228101,0.008679231699577898
1665,0.00010686810176897173,0.009804251934646777
1666,0.00015938454986705135,0.012524367163055822
1667,6.138948228908702e-05,0.00991270536752908
1668,4.339207638016281e-05,0.010341679068739739
1669,4.272971321673443e-05,0.012147356559963603
1670,4.3752520893273566e-05,0.01107632305897903
1671,4.3328262533274636e-05,0.01143582181580234
1672,2.6173806448544688e-05,0.010512097823101352
1673,2.775014581857249e-05,0.010510074289254191
1674,2.437177802979325e-05,0.009893316930780808
1675,2.0991962386081772e-05,0.01197101551581893
1676,2.6594001731912915e-05,0.010925022855248542
1677,1.9199363426499378e-05,0.010391342958805767
1678,2.299929771349222e-05,0.010909575367161231
1679,2.7254866775668537e-05,0.01002532584396632
1680,2.476661369049301e-05,0.010728509306951224
1681,3.284384304909812e-05,0.010782422944467667
1682,3.717717542410052e-05,0.008846577064934791
1683,6.721968954176797e-05,0.010672938232500737
1684,4.143271071370691e-05,0.009739930700641452
1685,2.6718022490967995e-05,0.010142324846346824
1686,3.440325999690685e-05,0.010398486405828892
1687,5.529150997366135e-05,0.011526336934286775
1688,3.8538977969437836e-05,0.011308695540943166
1689,2.514862790121697e-05,0.011016450010850066
1690,3.242686652811244e-05,0.010114157561495987
1691,3.408815270328584e-05,0.011073728274466873
1692,3.91286409770449e-05,0.010700448282738353
1693,2.277211497130338e-05,0.009614705896462527
1694,1.7682371738677222e-05,0.010760625218427931
1695,1.6591765718961444e-05,0.010783937268166078
1696,1.9292974260073e-05,0.01011386900399512
1697,1.9715875987458274e-05,0.010304027945021091
1698,1.861081103318914e-05,0.01086754980905537
1699,1.6272061839117668e-05,0.010570336882112145
1700,1.5117000475584064e-05,0.010609166408012136
1701,2.5298608731342633e-05,0.010066785219218038
1702,1.9467245995959576e-05,0.009505864151083586
1703,3.3407710846707533e-05,0.009320128807111791
1704,3.539739367018531e-05,0.01073769709280534
1705,2.3010206799275087e-05,0.010655831760721423
1706,2.9003716190345585e-05,0.011510497582695114
1707,2.7893252505843216e-05,0.01176599297966612
1708,3.542502890923061e-05,0.011597273062522473
1709,4.754193675277444e-05,0.010772257200469487
1710,2.5446276413276792e-05,0.010601094420127875
1711,3.074396008742042e-05,0.009845038325858046
1712,2.0630705572936375e-05,0.010818050321932251
1713,1.8148722301702946e-05,0.010548654783037846
1714,3.1087380921235305e-05,0.011130262893346841
1715,4.65085894272003e-05,0.010482749346186194
1716,3.381510008087692e-05,0.010524881358274766
1717,2.6542711566435173e-05,0.01039240559105549
1718,3.018016847515052e-05,0.010197016859851908
1719,2.5610265462698106e-05,0.01181321154343106
1720,3.1540494455839506e-05,0.010570770325629334
1721,3.4496839119431874e-05,0.010334497385750912
1722,2.8323752121650615e-05,0.010371230508620191
1723,2.588386499458769e-05,0.011292342981595916
1724,2.972425960858042e-05,0.010302798008295701
1725,6.010754126085279e-05,0.009586706305500011
1726,0.00011368824537688245,0.007938631890581279
1727,7.86805486616989e-05,0.009491404310162915
1728,0.00011544480973194975,0.009545228193508603
1729,0.00012245886864548083,0.011728295086942918
1730,0.00012123686295429555,0.010965567022257032
1731,6.27811192922915e-05,0.011607932610361025
1732,6.189265895955032e-05,0.012511604456013145
1733,4.8521465214435014e-05,0.010112508281803968
1734,6.289340769095967e-05,0.012161655267101456
1735,4.76217885686007e-05,0.011869196842658764
1736,5.5972078553168106e-05,0.010732156189147666
1737,7.444532748195343e-05,0.010744019592594769
1738,2.5410000913931676e-05,0.009917126519180704
1739,3.3638053446338743e-05,0.011576186871014492
1740,2.4746697818045504e-05,0.011469305223344188
1741,3.564784322710087e-05,0.011220270273553436
1742,2.861972886118262e-05,0.010905570921090525
1743,3.142421240530287e-05,0.011087975080794933
1744,2.1508556043651574e-05,0.011967296818303958
1745,2.5593583268346264e-05,0.01011765180618573
1746,2.708197559210627e-05,0.009979914375499152
1747,3.610804117973506e-05,0.010625259964372854
1748,2.9051413609219404e-05,0.01191011804825904
1749,2.5903617400520793e-05,0.011005980512726377
1750,1.9372624168075467e-05,0.010164662098174381
1751,1.5805167943957107e-05,0.010571606187640052
1752,1.9947474478006673e-05,0.0098150033852336
1753,1.8577857796723645e-05,0.01094942900613604
1754,1.996211364409343e-05,0.010614278369545066
1755,1.758935495672631e-05,0.010780376602748507
1756,2.1250398913252865e-05,0.010986242685684858
1757,2.3637887776809898e-05,0.010049194010377627
1758,2.930927112174686e-05,0.011362328195443366
1759,3.61734580413516e-05,0.01042373203100604
1760,3.200085278270611e-05,0.012758208438754082
1761,2.5947223912226035e-05,0.011172618636621804
1762,2.1054652521949416e-05,0.01058696951629997
1763,2.1176262695613938e-05,0.011724981838804587
1764,2.265612320115906e-05,0.011168990600091673
1765,2.157428170903586e-05,0.010047662225742524
1766,2.6742623595055194e-05,0.01130430625577332
1767,2.1440488126245327e-05,0.010799937083641862
1768,1.9665573987974008e-05,0.010924222727976086
1769,2.0256254235088515e-05,0.011466248573637322
1770,1.877623957019144e-05,0.01115674860993324
1771,1.6462682409231397e-05,0.011206441203524408
1772,2.1974391711410134e-05,0.010478355113024774
1773,2.5668078281645044e-05,0.011418334310547564
1774,2.7969403890892864e-05,0.011153152803427468
1775,2.9133165420110647e-05,0.010300253133959415
1776,4.287226127720108e-05,0.011975158166619594
1777,3.240214039882024e-05,0.010485192308779697
1778,2.8643053701671307e-05,0.011678258983734233
1779,1.6333527188786926e-05,0.010806994432343812
1780,2.4893700174288825e-05,0.01082910082918423
1781,3.460570345244681e-05,0.009963945668103576
1782,2.74286384107351e-05,0.01087785721348043
1783,1.6464273145781286e-05,0.01095489198233039
1784,2.151956717473998e-05,0.011123627230895368
1785,2.3248340524636055e-05,0.011090411848187098
1786,1.4699248216250757e-05,0.010979348153681958
1787,1.7703317826089916e-05,0.010420326203412829
1788,1.923712031081474e-05,0.010595306489965197
1789,3.354501726183419e-05,0.010434963653267126
1790,3.7846480457422636e-05,0.009909589303799017
1791,4.231678127932052e-05,0.011388659330182955
1792,3.0719667241404146e-05,0.011618392607360556
1793,2.8508094813635884e-05,0.010883346714667584
1794,3.576387292317425e-05,0.0108582929187939
1795,2.2302001646797483e-05,0.01099844496392193
1796,3.546631220766964e-05,0.009694450472247356
1797,1.9231147113411377e-05,0.010069061258579032
1798,1.9273799807706382e-05,0.010706365598659767
1799,2.3970294326621417e-05,0.01086166497505112
1800,1.8642147430606808e-05,0.010649536481693561
1801,1.8968741884843135e-05,0.011065278900787234
1802,2.137996740808982e-05,0.01042815404998585
1803,2.622626064597474e-05,0.01063509834984764
1804,3.511695031193085e-05,0.011429782006453875
1805,3.7652466805108516e-05,0.013088408312950914
1806,5.60757643446171e-05,0.011690435636984674
1807,4.228259537436922e-05,0.011643222691110003
1808,4.0198607166530564e-05,0.01002023479634384
1809,3.4637439724368355e-05,0.01069585149508645
1810,3.09974394137195e-05,0.010144719470030907
1811,2.8180101162433856e-05,0.010085689606504482
1812,2.021194571473946e-05,0.01067745573791452
1813,1.437335340597201e-05,0.01038897974275009
1814,1.7452828736471322e-05,0.010589701721270443
1815,2.0952589026516458e-05,0.009889452484006073
1816,2.1994737229154755e-05,0.011426126222229667
1817,2.6028873980976643e-05,0.010473137431402216
1818,3.844193718881191e-05,0.013956396638998511
1819,5.829437432112172e-05,0.011456400123343133
1820,4.2353693849387734e-05,0.008885882488500915
1821,4.7207789005672866e-05,0.010010897410674053
1822,4.407153731638876e-05,0.011082830171683553
1823,7.121396532359844e-05,0.009632471110127126
1824,0.00014483804892127713,0.016899635525126206
1825,0.0001335049993940629,0.010595054286722725
1826,0.00010090496871271171,0.011786455165986953
1827,9.806764210225083e-05,0.008569519506625788
1828,6.155832985920521e-05,0.012054354518826246
1829,3.156708601939802e-05,0.009474532682808083
1830,2.812275549028224e-05,0.010631542644675886
1831,2.0173693822774415e-05,0.011010722684733874
1832,2.346294744105156e-05,0.010600209562924871
1833,1.8543901993931892e-05,0.010207886482202257
1834,1.7674281116342173e-05,0.010805201594178615
1835,2.2617389428584527e-05,0.010692008446945607
1836,1.8046119627494288e-05,0.00973537439284356
1837,1.9456661902950145e-05,0.011291219997192509
1838,3.678212378872558e-05,0.01184435200207589
1839,3.928728207635383e-05,0.010353712561099153
1840,2.357476411513441e-05,0.010402351289671676
1841,2.111761799217978e-05,0.009926523550342747
1842,2.1398499181183677e-05,0.010627998172561501
1843,2.475144040848439e-05,0.010767661503445335
1844,3.453695183755675e-05,0.010011309000788724
1845,2.6630634602042845e-05,0.0108041732043725
1846,2.7681170346719835e-05,0.010023486206841748
1847,2.322884926494832e-05,0.010573922433176933
1848,2.1551913778239396e-05,0.010641443398808353
1849,2.000367573297505e-05,0.010655239981473887
1850,2.0873704003558183e-05,0.010946689656941079
1851,2.0068323980619122e-05,0.010581052939717969
1852,1.844899155306242e-05,0.011040723956141033
1853,1.8903622064196193e-05,0.011011936761743842
1854,1.5858215556363574e-05,0.010862147462777576
1855,1.7626573814292594e-05,0.010567384156567312
1856,1.476887897903604e-05,0.01059311645497617
1857,1.918819543789141e-05,0.010805020721531227
1858,2.618603205822486e-05,0.010319450224766083
1859,1.68410658564729e-05,0.01108819968747901
1860,1.6905531174415957e-05,0.01031585881072614
1861,1.4070392717258074e-05,0.011404950359607475
1862,1.6584317745582666e-05,0.010651033635833982
1863,1.8613117572385817e-05,0.009622203222917099
1864,2.0925834663406326e-05,0.010790456213024362
1865,4.1145057548419575e-05,0.010493035512644123
1866,4.231638546722631e-05,0.010893652711216121
1867,2.0601876894943415e-05,0.011592559909927304
1868,3.433048938556264e-05,0.010892831554298687
1869,4.601483451551758e-05,0.010412443645723295
1870,5.041887585927422e-05,0.011077693222384704
1871,2.995629450500322e-05,0.010305521090662009
1872,1.9930100340085725e-05,0.01113476485084764
1873,1.7499188349271814e-05,0.010966263210390046
1874,1.7475831039822273e-05,0.010161330898929583
1875,2.08444816962583e-05,0.010825794695315567
1876,3.098433019962007e-05,0.01044997227056856
1877,1.8990887413868527e-05,0.010851720949820084
1878,1.5905806746256226e-05,0.010757280310768395
1879,1.602697126751688e-05,0.010496574369591404
1880,1.7856059275800363e-05,0.010934686683096558
1881,1.488676322575581e-05,0.010966908290154405
1882,1.2880764188594185e-05,0.010457185741067368
1883,1.8239123710372952e-05,0.010671569432039358
1884,1.9158640194897696e-05,0.010597858180384539
1885,1.5695538907796922e-05,0.010932479892470683
1886,1.6051760758273305e-05,0.011021709954638404
1887,2.0056425516183177e-05,0.01037509290348978
1888,2.334847989307794e-05,0.01037023583024043
1889,2.2635357284646793e-05,0.011024178806365583
1890,2.0791127947935214e-05,0.010596578249065151
1891,4.980075573257636e-05,0.01335765853556886
1892,7.645072225083519e-05,0.012067978817708137
1893,6.329735988401808e-05,0.011128171142844255
1894,9.736446306002714e-05,0.009171376153908409
1895,0.00012987311638426035,0.01295369706383487
1896,9.120609975070693e-05,0.01051232343463347
1897,3.188421663556558e-05,0.011193668497018298
1898,2.973275538048862e-05,0.011535321185310856
1899,2.750434444654578e-05,0.010608996659495502
1900,2.35148313853036e-05,0.011349300453602745
1901,2.1547674623434433e-05,0.010453116216789387
1902,2.014498798719918e-05,0.010766725761173239
1903,1.7989325048498964e-05,0.011145817268400164
1904,1.670554365773569e-05,0.010265017075366095
1905,2.0349044158744316e-05,0.011168550961373145
1906,4.125313328889509e-05,0.011781733485799261
1907,8.196700728149153e-05,0.00943436668450503
1908,4.7496194262445594e-05,0.010817151399579837
1909,4.074719909112901e-05,0.010915052089894637
1910,3.3121583752896794e-05,0.009802712585058129
1911,2.735899167115955e-05,0.010879562527747357
1912,2.616562705952674e-05,0.011317343945337231
1913,2.772236196809293e-05,0.01041216436877019
1914,1.5718563736299986e-05,0.011105026371711702
1915,2.3996973808001107e-05,0.010786073464813114
1916,1.6957026067151066e-05,0.010654143492108461
1917,2.0266227875254116e-05,0.011256321616557955
1918,1.9363472347322386e-05,0.010478787336563855
1919,1.7597278080453786e-05,0.010935668975158392
1920,1.4296210065367631e-05,0.011206088173720572
1921,1.81529559995397e-05,0.01131488045007644
1922,1.6714473046401204e-05,0.011648652044380878
1923,2.1060199772667452e-05,0.010708491543950567
1924,1.5533651094301604e-05,0.011369748381429423
1925,1.86962739462615e-05,0.010622460705538591
1926,1.5223424755580102e-05,0.010963841589243963
1927,1.732041973809828e-05,0.011341882550990895
1928,2.0827616875370344e-05,0.011344373985928925
1929,3.588173218910621e-05,0.010842841128105222
1930,2.0816276689098837e-05,0.009734085605790218
1931,2.0965557632734998e-05,0.011321170172485255
1932,1.7738843659268848e-05,0.011068683486617012
1933,1.6364379636494656e-05,0.011336234773983035
1934,1.6241470135961814e-05,0.011083545525454812
1935,1.4596992938701684e-05,0.010950565745247996
1936,1.4995516054720308e-05,0.011083652547217514
1937,1.704622039445288e-05,0.010505209690537195
1938,2.0124268363967227e-05,0.011360017269610138
1939,1.879827116984719e-05,0.011079767492888441
1940,2.1568196825683116e-05,0.010620667411243184
1941,2.7503574589597216e-05,0.012342936741950654
1942,2.336163185342836e-05,0.010586396302232704
1943,2.158704913502637e-05,0.011589108028160463
1944,2.2851822116839078e-05,0.010605760561356767
1945,1.8527591601014136e-05,0.010898552418343331
1946,2.686678071768256e-05,0.010175968193563452
1947,3.001944326873248e-05,0.012103453458270482
1948,5.414944989752257e-05,0.012041543705704792
1949,6.2507275530758e-05,0.010105445196754053
1950,8.79344079294242e-05,0.011865265125528587
1951,4.523696188698523e-05,0.00943479572874848
1952,3.132040454450665e-05,0.010983012374272646
1953,3.45929558534408e-05,0.011776720034775505
1954,3.696877411130117e-05,0.01190367500755217
1955,3.249951939020927e-05,0.012555018208964526
1956,2.180509836762212e-05,0.010865935963191832
1957,1.4831636569094069e-05,0.011160166951833151
1958,1.7935548445772535e-05,0.011222871496990236
1959,1.5726897133087428e-05,0.010588868164419257
1960,2.586533676852317e-05,0.01081018033028956
1961,7.374691776931285e-05,0.011739868804137086
1962,4.985683608538238e-05,0.01052487508818638
1963,4.4073700943651296e-05,0.010822198405447934
1964,3.8133908310555854e-05,0.010592235429266914
1965,3.0097108659295676e-05,0.012467463097769266
1966,2.7525017988712836e-05,0.0112785197228019
1967,2.1555524350939475e-05,0.00991590612715012
1968,2.729070965870051e-05,0.010774143565751133
1969,1.9271732768781172e-05,0.01123884627976787
1970,1.882680401953015e-05,0.011603269320286332
1971,1.5996744999332198e-05,0.010978703909929385
1972,1.9855193932016847e-05,0.01124069793694462
1973,2.559961285442114e-05,0.010867348076960845
1974,2.4727570416871458e-05,0.01067798608935803
1975,1.875049626202478e-05,0.010648044274183132
1976,2.4159216718544484e-05,0.010784486986762076
1977,3.7011265825033964e-05,0.010134336124691699
1978,3.788139705041734e-05,0.011406869774586275
1979,3.134395155939274e-05,0.01097149337908765
1980,3.980799616935352e-05,0.011343173421265786
1981,3.1027871470238705e-05,0.013068123943885864
1982,2.4565777615255986e-05,0.010381508305429192
1983,2.6556135586967382e-05,0.010659377789124846
1984,3.151685208043394e-05,0.01062008413507968
1985,2.4035672443763662e-05,0.011797145988018802
1986,2.6081067577858145e-05,0.011903167410878933
1987,4.266322503099218e-05,0.010976764196475522
1988,2.9261494879998888e-05,0.01229725492987455
1989,2.4777969156275503e-05,0.011209232784393761
1990,1.692137405674051e-05,0.011031666664373978
1991,1.5296490588904513e-05,0.011774375042142836
1992,1.7777253318248162e-05,0.011088024871151524
1993,1.6437434411879318e-05,0.011714707055178127
1994,1.774152897269232e-05,0.010975151190708517
1995,1.3796999519399833e-05,0.012246262430545617
1996,2.5816471437186315e-05,0.011559578078139943
1997,2.8265419374899162e-05,0.010556969914193215
1998,2.1765456646486808e-05,0.01162071331888873
1999,2.0268668231437913e-05,0.011973177131853606
2000,2.491343269260445e-05,0.01118267324823908
2001,2.2503617825956703e-05,0.010887459647563989
2002,1.87922346109796e-05,0.011270323361144865
2003,1.8976814014119252e-05,0.010934975888710795
2004,2.243025846837554e-05,0.010899000901903152
2005,2.4257992360314045e-05,0.010839215530169725
2006,3.482314544574668e-05,0.01029436763958755
2007,2.194879064821483e-05,0.010758853016410306
2008,2.5692547690899422e-05,0.010443353320183287
2009,2.9893077832336228e-05,0.01134029493465671
2010,3.3139760610841525e-05,0.0108007645092861
2011,3.155151595516751e-05,0.010042861558780161
2012,2.7819797469419428e-05,0.011899509970970147
2013,2.137495406107822e-05,0.011521787096729927
2014,2.3743417235285353e-05,0.011842555625157224
2015,3.8848946860525754e-05,0.011714287132177263
2016,4.04959531200196e-05,0.011206296979237283
2017,3.186438613435409e-05,0.01116972145412052
2018,2.4997910198483927e-05,0.011265378055974232
2019,1.8446755590654598e-05,0.011017044739285756
2020,1.8166224496477904e-05,0.010630093389653672
2021,1.9356878268202612e-05,0.010840050287936864
2022,1.9318329153369027e-05,0.010949278577116498
2023,1.4879662194289267e-05,0.010834755386873993
2024,1.90616465867303e-05,0.010600973783899643
2025,1.6209204962554697e-05,0.011620695751748587
2026,2.1409474963244673e-05,0.011574015206499406
2027,1.9944875748478808e-05,0.010943195024200263
2028,1.5420885150282024e-05,0.011122393048755085
2029,2.164660909329541e-05,0.010857595961366654
2030,1.4788517122118113e-05,0.011551600170174712
2031,2.3844834383150253e-05,0.011163483670645813
2032,2.0025480747184096e-05,0.011690542325159611
2033,2.1054683141604377e-05,0.012336794197101864
2034,2.751155934674898e-05,0.01136678010933319
2035,2.674680751321527e-05,0.012079441730662832
2036,2.88197565775287e-05,0.010376195175496981
2037,3.6898285300897746e-05,0.011610349972476388
2038,1.994191631335222e-05,0.011431386206865485
2039,1.910827680452106e-05,0.010539225226387991
2040,2.2600592092203443e-05,0.011579721564241844
2041,2.2959844136494213e-05,0.011326159123189704
2042,2.737583599810023e-05,0.010145600371836134
2043,2.4013142289428895e-05,0.011846560731595545
2044,2.8946178887660304e-05,0.012507805881248406
2045,2.4678718273207777e-05,0.011138383492457065
2046,1.9852635159622877e-05,0.009275061829963275
2047,3.661962570428538e-05,0.011669906262003364
2048,1.990562868741108e-05,0.01130473772635716
2049,1.466152471039095e-05,0.010966679906439885
2050,1.275985520502824e-05,0.011473771729315931
2051,1.694616172850753e-05,0.011322362826352841
2052,1.7023096794825203e-05,0.01091340913883906
2053,1.3900184209584646e-05,0.012262560203889309
2054,2.401364739246977e-05,0.011372670874391732
2055,2.0034852423123083e-05,0.011408514867411458
2056,2.417105303417581e-05,0.011070754238791024
2057,1.9651369226873307e-05,0.01183733071353047
2058,1.7523402493679897e-05,0.011400327405059025
2059,2.8424569366810224e-05,0.011803742063814524
2060,3.711428313787716e-05,0.01246536362436954
2061,3.283446264200999e-05,0.010979981542897154
2062,5.462055172150334e-05,0.013979551142724285
2063,7.318534189835191e-05,0.0143048030171783
2064,0.00010075301834149286,0.012816435112808531
2065,0.0001332077469366292,0.018215646645958313
2066,0.0002733129047555849,0.01118382147774754
2067,0.0001732575105658422,0.013514674478346667
2068,0.0001071670941504029,0.01219443032349193
2069,4.6082814030038814e-05,0.011736096457540118
2070,2.5901135813910514e-05,0.011946193449068488
2071,2.4625262206730743e-05,0.012322999259228246
2072,1.65705255009622e-05,0.012021678744962341
2073,2.4327986223700768e-05,0.010855087855209907
2074,4.7674983215983956e-05,0.01015462089678523
2075,4.953949567910361e-05,0.010467131842712038
2076,7.718310832084777e-05,0.012865712429119045
2077,4.8169982740849567e-05,0.011294876678699725
2078,4.390769184586437e-05,0.01440072699030589
2079,5.629052053942966e-05,0.012870943492376491
2080,3.869621662791663e-05,0.012402186917729284
2081,2.458174858475104e-05,0.012040872859349202
2082,2.395935868359326e-05,0.011469699766443313
2083,2.6074982209441562e-05,0.011761847296620758
2084,2.0173140607463818e-05,0.011814117505166092
2085,2.7911402321478816e-05,0.011257978564683805
2086,2.1286539837698607e-05,0.01232101466528505
2087,2.5147426761880827e-05,0.012783237602234933
2088,2.0746745970730748e-05,0.011724042491061471
2089,2.3714393197830456e-05,0.01179357798094725
2090,1.7541212340195974e-05,0.011128884770128637
2091,1.6190528792018693e-05,0.012170456325341212
2092,1.821798869059421e-05,0.011886645339930441
2093,1.471761997891008e-05,0.011605527299614242
2094,2.079147964953639e-05,0.012502842513321523
2095,2.2140237221416706e-05,0.011130156036335648
2096,2.6291505613092643e-05,0.01064233415711083
2097,1.6782254897407255e-05,0.01116653605723721
2098,2.0147217461878124e-05,0.010805372687938967
2099,1.8181024097430053e-05,0.011464194194495417
2100,1.7228160929031824e-05,0.011413290669150346
2101,1.8973625083162914e-05,0.011403410756764444
2102,2.2281701300623052e-05,0.01268770808778834
2103,2.7000340560334733e-05,0.011651868082321527
2104,2.939075420727022e-05,0.011376853969645256
2105,1.7952725223343198e-05,0.011838367211561628
2106,1.9623667200600417e-05,0.012150042667189798
2107,2.406774274277268e-05,0.011778075708217962
2108,1.7765542846367074e-05,0.011902959685097312
2109,2.5990873715879086e-05,0.011321879917897328
2110,2.753804910753388e-05,0.01034322581308409
2111,3.175601274657917e-05,0.010883207590869295
2112,2.5115025709965267e-05,0.010904622822455322
2113,2.8943541580398838e-05,0.011862359371864133
2114,2.6897155961099392e-05,0.011604538049864752
2115,1.75170646495341e-05,0.011089018716242665
2116,2.3373450191381076e-05,0.012471371248625872
2117,3.5756138337698455e-05,0.012330376815421191
2118,8.409953831384579e-05,0.012580852001110277
2119,9.327974124365332e-05,0.010688220630045871
2120,4.205532089448146e-05,0.010078014541765925
2121,3.074908017879352e-05,0.01130167510338694
2122,4.096893583967661e-05,0.010959981711940807
2123,3.472982255819564e-05,0.011732585062354542
2124,3.431678802977937e-05,0.011139828052742091
2125,2.910340196346321e-05,0.011157710472808072
2126,2.6508461329891966e-05,0.012334756457862275
2127,3.7991568509217664e-05,0.011294751869220482
2128,2.3115206962150598e-05,0.01179911399652299
2129,2.099614782006635e-05,0.01005377195236322
2130,2.9982983687659725e-05,0.010536064126948167
2131,2.26440415038572e-05,0.012586172441380066
2132,1.9708816883697484e-05,0.011379644032349886
2133,1.9445496112287703e-05,0.011378645069069333
2134,2.0410632350831294e-05,0.011135814624310236
2135,1.673906531323155e-05,0.01063612720531504
2136,2.5005790181846047e-05,0.010906175955345756
2137,3.088861849391833e-05,0.011221768466581464
2138,1.7075726282200777e-05,0.0114455237897516
2139,2.3826927341967046e-05,0.01225167478445634
2140,2.5632361454578736e-05,0.011046594188532285
2141,1.6223689332643213e-05,0.010605542856535454
2142,1.4397648919839412e-05,0.011334228835869254
2143,1.3730807768297382e-05,0.010805483104127366
2144,1.649972324836805e-05,0.01179912997469611
2145,1.6099439441556267e-05,0.011167665031242963
2146,1.591532836755505e-05,0.01100464878407748
2147,1.536127507885491e-05,0.01120857293962648
2148,1.3461983689921908e-05,0.010294458191645773
2149,1.335321509638258e-05,0.011137930325052718
2150,1.4764151880323576e-05,0.011398100306427008
2151,1.4511401908142337e-05,0.010687023683107998
2152,1.5945115471064734e-05,0.011549383253458213
2153,1.7569620922586182e-05,0.01153243094279665
2154,2.232697722016989e-05,0.011461097244663458
2155,2.6349388523764598e-05,0.012080204402156479
2156,2.3803015210432932e-05,0.011213151838804721
2157,2.9007184518074307e-05,0.01168830803328613
2158,1.9459176534534588e-05,0.011140830086391659
2159,1.3564664019819853e-05,0.01164474772910277
2160,1.1989861635205064e-05,0.01088910734101215
2161,1.6592904952024886e-05,0.011092182423113382
2162,1.6190166176481093e-05,0.011414010381347865
2163,1.838081055514825e-05,0.010840648895521698
2164,2.4568860923560956e-05,0.010247198043783245
2165,2.5868043788553526e-05,0.011573183668875381
2166,1.7960289126979964e-05,0.012014410751245437
2167,1.7259561658041397e-05,0.010827493286087063
2168,1.6997986009907132e-05,0.011153857919458322
2169,2.0696312700844523e-05,0.010916834363539577
2170,2.242285506023715e-05,0.01099244559630316
2171,2.4258967338634346e-05,0.010964676007977006
2172,1.914154472615337e-05,0.012054046184336495
2173,1.5126052009388028e-05,0.011726644290447757
2174,1.796247828072713e-05,0.010736439520035657
2175,1.6877505246763272e-05,0.011159975422077884
2176,1.63481547133415e-05,0.012252792894393641
2177,2.159384263601775e-05,0.011095825946285274
2178,2.1030859231056334e-05,0.01140952903003982
2179,1.8489151383012844e-05,0.011476922266958662
2180,1.587933687308881e-05,0.011243817265750024
2181,1.7341485909128095e-05,0.010709627142056213
2182,1.8912723680841738e-05,0.012592626065669353
2183,3.387955390887025e-05,0.011204314013747009
2184,2.4464404729466573e-05,0.011530485821136256
2185,2.3703600284837496e-05,0.012573718915731585
2186,2.481210273496496e-05,0.010020334423350834
2187,2.903292770497501e-05,0.010676025231886242
2188,1.763093102150985e-05,0.01049557718862262
2189,2.597460964655814e-05,0.010873062676363433
2190,5.901558482340382e-05,0.011637368672445678
2191,4.0170844476961066e-05,0.010976093916538341
2192,4.213911743136123e-05,0.01272871699837739
2193,3.437204844279525e-05,0.012500065749195235
2194,2.1396376056751856e-05,0.010956856494290177
2195,2.3926030432145733e-05,0.011486798539833977
2196,1.8492613647443554e-05,0.011251826535049848
2197,1.9163360290500955e-05,0.01160723976082882
2198,1.4573677920755776e-05,0.012417679815961603
2199,3.627298507732727e-05,0.010828539096663177
2200,8.590225334046409e-05,0.011942326140246894
2201,7.219620238174684e-05,0.013935991857004794
2202,3.241919112042524e-05,0.012804942728396048
2203,2.3345101605324697e-05,0.011687138632528092
2204,3.539902760773354e-05,0.01140149327931784
2205,3.3169580759325376e-05,0.01310340705877769
2206,3.040500705537852e-05,0.012390323649078869
2207,2.957118837609111e-05,0.01102367779566792
2208,2.303190291665184e-05,0.012068456989217397
2209,2.7478836212443033e-05,0.0091657035960952
2210,7.604458557276909e-05,0.012339821036316846
2211,7.634321858252709e-05,0.013554299165826966
2212,8.613726264835956e-05,0.010632883909850092
2213,6.928991060703993e-05,0.011040932330036024
2214,0.00014864976595466335,0.01272261274395761
2215,0.00011278647022360626,0.012185710132372572
2216,6.303105571229632e-05,0.011961610271589972
2217,5.353459613009666e-05,0.011982526014727808
2218,0.00011353379571422313,0.011945637506677917
2219,9.308260972223555e-05,0.010204538470134139
2220,5.791330841020681e-05,0.009908048165090687
2221,6.066451545242065e-05,0.01334433786690845
2222,4.623587186263952e-05,0.01023787357000231
2223,3.982260095654055e-05,0.011622340268624283
2224,4.3469201045809314e-05,0.010730784585187484
2225,3.626955428141324e-05,0.00934303735862132
2226,4.07791758334497e-05,0.009359506029657454
2227,4.010173737090857e-05,0.011512831547869402
2228,5.110570151979725e-05,0.011131801334759819
2229,2.540672321629245e-05,0.011240533685137392
2230,2.3519026459932017e-05,0.012773086423087016
2231,4.314946515175203e-05,0.011543516423662154
2232,5.0227616641980905e-05,0.011735035049353252
2233,2.5054979535828654e-05,0.011345703996260437
2234,5.038303364320503e-05,0.010695307531900573
2235,4.67583935460425e-05,0.011646396677930191
2236,4.714734338146324e-05,0.011415639216875472
2237,4.5858866603036104e-05,0.012533850106002208
2238,2.2593293397221715e-05,0.011758922757199633
2239,2.336014693658702e-05,0.011589107051905658
2240,1.917553945531836e-05,0.01183056046271272
2241,1.8645285793657727e-05,0.011733618096519283
2242,1.675084155673782e-05,0.012255852682548658
2243,1.6952579153439727e-05,0.011724832680141717
2244,1.7165652995269435e-05,0.011043403674821145
2245,1.764502837128627e-05,0.011961121414379593
2246,1.5977119558859462e-05,0.011543964147458823
2247,2.1731405013269978e-05,0.011049658316051402
2248,2.5330486460006794e-05,0.012152642346591804
2249,2.5888681314730395e-05,0.01140438483439778
2250,2.2056653627563112e-05,0.012479018455382154
2251,1.5868659860037346e-05,0.012145013993671327
2252,1.9960299444695313e-05,0.011945333740298162
2253,2.145696210694344e-05,0.011005739632405732
2254,1.8638633506877036e-05,0.011320956772988477
2255,1.6859917438220387e-05,0.011772747908593619
2256,1.472764912856898e-05,0.011769763327459668
2257,1.2843207847860565e-05,0.011668201636697292
2258,1.6179009677822856e-05,0.011869214565019336
2259,1.5642175761361916e-05,0.011288560197105882
2260,2.1328456690146898e-05,0.012188873324565024
2261,2.6883644932240713e-05,0.011727107190445327
2262,2.0470981326070614e-05,0.013037191697107682
2263,4.505125361902174e-05,0.01033934621325536
2264,4.3643545359373094e-05,0.01178087070529834
2265,2.4790810372602815e-05,0.013000625975386442
2266,2.2480614643427543e-05,0.01008012699104889
2267,2.1540544306238493e-05,0.012673241462101015
2268,1.8714795745230126e-05,0.012303295828489184
2269,1.8675124556466473e-05,0.011587861343967722
2270,1.8997012314988145e-05,0.01196686648464168
2271,1.5060132909638924e-05,0.012343308144951598
2272,1.6057792951566322e-05,0.012190670534772309
2273,1.884576849988662e-05,0.011238816019953692
2274,1.5261714482524744e-05,0.012280008494200413
2275,1.3213796228228602e-05,0.011607391713459415
2276,1.569134304493976e-05,0.011261357586798176
2277,1.686743883813809e-05,0.011719130483396047
2278,1.4396438200492411e-05,0.01157627736588624
2279,1.5731199770622576e-05,0.011923571704064457
2280,1.4762479743997876e-05,0.012169606896520357
2281,1.533005934106768e-05,0.01130590846282784
2282,1.444567903187514e-05,0.01166582462917033
2283,1.750377226320173e-05,0.011159322529551928
2284,2.1549445530884744e-05,0.011505117004040128
2285,2.1723094262900608e-05,0.012021726427588895
2286,3.035374550866739e-05,0.012426802324817368
2287,2.0100607677401665e-05,0.01252255085665101
2288,2.228220934436346e-05,0.011951598483110554
2289,1.7155654980645825e-05,0.011373073186681808
2290,2.6014246395789085e-05,0.011848350913312874
2291,2.823613588892234e-05,0.01158082635517706
2292,3.5899949337666234e-05,0.012114714417192671
2293,2.2039096863106047e-05,0.012095577848737526
2294,1.6655604167681303e-05,0.01206309448284974
2295,1.8713973607494456e-05,0.011282478245410916
2296,1.5861022984609007e-05,0.011665016856610949
2297,1.713205718563889e-05,0.011932188142581205
2298,1.8280611220689026e-05,0.011495877795291749
2299,1.4663790640649191e-05,0.011530895889001457
2300,1.5866658456313112e-05,0.011860829829755757
2301,1.6836192541328878e-05,0.01266971491658461
2302,2.239406106430882e-05,0.01176643022472224
2303,2.0882333774352447e-05,0.010688985431054879
2304,3.126097096052642e-05,0.01158547230413434
2305,2.5515696203607757e-05,0.011873556404478021
2306,2.7038501502829605e-05,0.010797182250528307
2307,9.367055778663295e-05,0.0197064520693139
2308,0.0004786415627071013,0.011310421965528845
2309,0.0003302461382797143,0.011314780741374483
2310,0.0002922401918719212,0.011938783242122122
2311,8.204057739931158e-05,0.014806557686356773
2312,4.4089384755352515e-05,0.011406387689888303
2313,3.599347182898782e-05,0.01215435008175279
2314,3.403275113669224e-05,0.012333818022379575
2315,2.2537424835415248e-05,0.011352286706760265
2316,1.892711370601319e-05,0.011227324474276159
2317,1.809615338667451e-05,0.012106589435147698
2318,1.6113558073508707e-05,0.011852115719464788
2319,1.4636864610414099e-05,0.011372193195775412
2320,2.016733033087803e-05,0.011617806580799975
2321,2.2183035556129958e-05,0.010511664284273373
2322,3.502705997865026e-05,0.012272845543866531
2323,3.6305849183312e-05,0.010707787673767896
2324,2.7451219527089658e-05,0.012658582685776708
2325,2.9034674298600294e-05,0.01105169985002201
2326,2.902088842044274e-05,0.012206587929561821
2327,2.7359605519450268e-05,0.011247621044483885
2328,2.1831118768507925e-05,0.013296287705609847
2329,1.5337742297560908e-05,0.011815736364377173
2330,1.917350321794705e-05,0.01225634722028211
2331,2.1573361846094485e-05,0.012117121676364315
2332,2.0829119451567144e-05,0.011238460603295362
2333,1.4683054011281153e-05,0.012133433513495832
2334,1.4041660930767345e-05,0.011591171159556038
2335,1.682355305092642e-05,0.011470576023889912
2336,2.0413491802173668e-05,0.012499727748541368
2337,1.8647634594041543e-05,0.013152281944340432
2338,2.7787815997726285e-05,0.011485000706021811
2339,2.1108714887911142e-05,0.01197518103303965
2340,2.0392950864334126e-05,0.01202399288004602
2341,2.3145968558916744e-05,0.012002782237155047
2342,1.676614920143038e-05,0.012128978610931956
2343,1.8757621061619525e-05,0.011212459885193938
2344,1.915229204314528e-05,0.012556112586515166
2345,2.5691185146570206e-05,0.011272875774564624
2346,2.480383815660995e-05,0.012478543343349245
2347,1.4769054056766132e-05,0.011366254798468877
2348,1.3812904762744438e-05,0.011503573206160762
2349,1.4754948521537396e-05,0.012114034491803562
2350,1.3455893986247247e-05,0.011171858177700063
2351,2.2655428134991478e-05,0.011219200667277066
2352,1.9515608194827412e-05,0.011845038742186469
2353,2.1108489151326162e-05,0.011622713946829937
2354,1.7107165634418684e-05,0.011759079856612878
2355,1.4198704290417178e-05,0.011557596289057132
2356,2.0413763801722478e-05,0.011814487021013398
2357,1.71207683403433e-05,0.011846414949657798
2358,1.7261111679545138e-05,0.01141035335944497
2359,2.8147202344068015e-05,0.011557930093313082
2360,3.441849039518274e-05,0.01334696068368547
2361,5.0335234118392694e-05,0.012126101140063583
2362,4.159569665110515e-05,0.011477194315269154
2363,3.0052076666227853e-05,0.01203925495869235
2364,1.890414423542097e-05,0.01203780947253108
2365,1.98195434071143e-05,0.011651244960801556
2366,1.977600671428566e-05,0.01136549030381598
2367,1.8219151267355e-05,0.01234063091932943
2368,1.9483306095935406e-05,0.011437681830373773
2369,2.519678898048975e-05,0.012260494546757804
2370,2.853510668501258e-05,0.012849748310257206
2371,3.857497467834037e-05,0.011252917789129747
2372,4.3788235052488746e-05,0.011894060346455864
2373,2.0681199627385163e-05,0.011812806260167506
2374,1.570794681053182e-05,0.011339448346097392
