epoch,train_mse,validation_mse
1,2.5644156614939373,1.0491651814929612
2,2.7633142471313477,0.9671661542448047
3,2.7539432048797607,0.8859083911809176
4,1.9684819857279459,0.8213948536312251
5,2.212434911727905,0.7652517958566194
6,3.1119498729705812,0.7135630953382319
7,1.571296223004659,0.6732110574724167
8,2.33360006014506,0.6366566284083006
9,2.128618510564168,0.6030304956389224
10,1.967884620030721,0.5787705698116558
11,1.5228634834289552,0.5616383090263276
12,1.8783740361531576,0.5524814545404254
13,1.448706865310669,0.5395697932543717
14,1.6117170492808024,0.5277682035926758
15,1.486750602722168,0.5215162292240173
16,1.0818935632705688,0.5155548807673567
17,1.2363448937733967,0.5106384829273374
18,1.4828893184661864,0.5040215267909793
19,1.30089683731397,0.5067348651529298
20,1.1985602219899496,0.5118452289442378
21,1.1781914710998536,0.5176778520186116
22,1.4592593570550283,0.5236356891985015
23,1.2366791089375815,0.5098001914700185
24,1.1113224665323893,0.4908257934052174
25,1.4756812890370687,0.4988702437070411
26,0.9330411354700724,0.5038353279819638
27,1.0146202246348064,0.49864459976436587
28,0.9000090996424357,0.48625466954989693
29,1.1316472967465718,0.4639025889043733
30,0.9308130820592244,0.44635477826351255
31,0.8435469071070353,0.42523986617411214
32,0.8071801702181498,0.3990580254183041
33,0.8655800739924113,0.37615887058062814
34,0.8906975030899048,0.3711245895370724
35,0.8414175669352214,0.3354251879876054
36,0.7613939881324768,0.32051032288806647
37,0.7940624634424845,0.3014257001125906
38,0.7866223136583964,0.28788421379299617
39,0.6948658744494121,0.27924641849487786
40,0.9521458307902019,0.2725315898891509
41,0.5592820445696512,0.26818419183333086
42,0.9361122409502666,0.2704748889123361
43,0.9066364328066508,0.2934946284050078
44,1.0218746066093445,0.31009425962065146
45,0.5342759291330973,0.30932544605938467
46,0.7796895821889241,0.2952384075780553
47,0.6736896355946859,0.28132883347864224
48,0.6641974806785583,0.26386104442003205
49,0.7697040359179179,0.25128267787572905
50,0.70393172899882,0.223903923522769
51,0.3980397125085195,0.19553388244523776
52,0.657715113957723,0.18135533769299664
53,0.5424671808878581,0.1850936335372174
54,0.5443443775177002,0.19375275251433605
55,0.42220390141010283,0.1966650260715034
56,0.5341566562652588,0.18633452621031935
57,0.37173561652501425,0.18640225844120417
58,0.4748396317164103,0.18772219062790158
59,0.42509652773539225,0.16838423755225235
60,0.41814534266789755,0.14936717511631373
61,0.42979510823885597,0.12829273434605185
62,0.48262548446655273,0.11522391849146114
63,0.3940465788046519,0.11127105906723052
64,0.33129156231880186,0.11281680415465137
65,0.5594401697317759,0.11854301592496437
66,0.4811381618181864,0.11146172693395238
67,0.4145789196093877,0.09961609788766997
68,0.357545663913091,0.09135003845522723
69,0.5874981125195821,0.07590645768745678
70,0.5362727920214335,0.06656637576621348
71,0.5584216346343358,0.057533734837385615
72,0.4219675739606222,0.050687055330811526
73,0.47557262778282167,0.04877880608706962
74,0.45465354323387147,0.04663742455382516
75,0.42113489508628843,0.046288490882070044
76,0.3733932276566823,0.04293155981095757
77,0.5338940183321635,0.042375737786527694
78,0.671757173538208,0.04281206452471065
79,0.3694898764292399,0.04309206400213279
80,0.290103143453598,0.04454445434132899
81,0.4044907222191493,0.044316830597524566
82,0.3562839855750402,0.04288683159966168
83,0.3982430597146352,0.043417609348071845
84,0.3300941030184428,0.043096552184951585
85,0.3910168210665385,0.03998429885530096
86,0.3564152538776398,0.0359106586556735
87,0.40344511667887367,0.03642962124990666
88,0.368234250942866,0.03764485711539824
89,0.3874396413564682,0.037832612362433606
90,0.35084582567214967,0.03566512189746842
91,0.2983257035414378,0.031596351282920425
92,0.38317649960517886,0.026375723364726295
93,0.36028469204902647,0.02469679228521473
94,0.2758515854676565,0.023579331628215596
95,0.38311266104380287,0.022982821425819023
96,0.3790502647558848,0.021572688678792848
97,0.2940330664316813,0.01993065943032151
98,0.3499552031358083,0.0192996660892771
99,0.36183076202869413,0.018983036353927486
100,0.32420997818311054,0.018443383129797583
101,0.4959780623515447,0.019003848940332045
102,0.32964890201886493,0.019499317591635906
103,0.3161250551541646,0.01943548026313184
104,0.3251963754494985,0.020504099634058012
105,0.3579130172729492,0.022709887383109705
106,0.24423980414867402,0.025461982591004354
107,0.4670753796895345,0.024146705114202003
108,0.3824124197165171,0.023875644826513574
109,0.35906005700429283,0.024554927690379966
110,0.3259290516376495,0.024388794845894096
111,0.3329624116420746,0.023720545488901026
112,0.2971797039111455,0.0212233186035791
113,0.37372525334358214,0.019146185252800818
114,0.3774471879005432,0.018233653988439853
115,0.41924068530400593,0.019709097776987303
116,0.3563537319501241,0.021232568996217775
117,0.33997192680835725,0.021449804614026714
118,0.2843036343653997,0.023510658651531683
119,0.2938187082608541,0.026333647970784836
120,0.2631611704826355,0.02582240869533124
121,0.3631190021832784,0.023702105382589374
122,0.3024701108535131,0.02576303064060493
123,0.32364799578984577,0.026263648666089445
124,0.26313936710357666,0.024869628250598907
125,0.39037898381551106,0.022290297739911737
126,0.3307958245277405,0.018148244604263016
127,0.36109105348587034,0.01591201563820419
128,0.24807257056236268,0.015791080215593844
129,0.29139732917149863,0.016100857795516805
130,0.29505931536356605,0.015104365084085643
131,0.27257255216439563,0.01535666959660905
132,0.33277339140574136,0.014502997724632696
133,0.30812307124336563,0.013289838984854314
134,0.39003361066182457,0.013907469639473953
135,0.24242598017056782,0.015052134754121538
136,0.3197235882282257,0.014925706579797263
137,0.2556820531686147,0.015688804966419584
138,0.2673884153366089,0.015140866235587892
139,0.26389635652303695,0.014814173393904811
140,0.36710193355878196,0.015632473790328803
141,0.28464551965395607,0.01562202234539812
142,0.28055778543154397,0.016360172954219297
143,0.30318758090337117,0.017130818305991766
144,0.2867583125829697,0.016285524688895762
145,0.24326701362927755,0.01495766553177139
146,0.25955923994382224,0.015379955372443115
147,0.31312323609987897,0.015391962474402715
148,0.29505524734656013,0.01567430825405351
149,0.2601811905701955,0.016400690329825784
150,0.29735237658023833,0.016279163271716728
151,0.40033806562423707,0.016669145183945733
152,0.3099513530731201,0.01930118787769727
153,0.3091433569788933,0.023030916096891944
154,0.2891462961832682,0.022244941105875445
155,0.3035316288471222,0.018198980333826203
156,0.44845988154411315,0.01837550084597952
157,0.35125288168589275,0.016074730904670213
158,0.2468793660402298,0.01655748559851346
159,0.3137934744358063,0.018781503589134517
160,0.22227989733219147,0.020468199640277802
161,0.21109192272027333,0.02087315155823869
162,0.3398431678613027,0.0209589947279044
163,0.29308258096377054,0.021394595401141588
164,0.23202220698197681,0.0224837999145581
165,0.25313626130421957,0.02298956502258308
166,0.14382263471682866,0.02323521439015396
167,0.25609374344348906,0.024237887244524917
168,0.257438321908315,0.022076855611613416
169,0.21382174889246622,0.018264388533558433
170,0.28823105866710347,0.015473094108829818
171,0.2433042824268341,0.014125696310084167
172,0.2965750793615977,0.013036445545868611
173,0.29479158322016397,0.01575914894296663
174,0.25557734767595924,0.017917655056386483
175,0.20004020829995472,0.01880112652644867
176,0.21999164670705795,0.019898223067362476
177,0.26489894141753517,0.017332245265757006
178,0.2401741365591685,0.014509765313952927
179,0.2764958212773005,0.013973361467869263
180,0.3330387512842814,0.01262306963922236
181,0.26157898008823394,0.009694427116150697
182,0.2894978036483129,0.008357290025455804
183,0.18219563166300456,0.00864188861666526
184,0.26030603249867756,0.009783773026685781
185,0.2918879767258962,0.010483776072524195
186,0.3521722714106242,0.011970502925728719
187,0.2557208259900411,0.01423910347466159
188,0.33623762627442677,0.015524087576415595
189,0.24872917135556538,0.01332146915658487
190,0.2682193209727605,0.010610511251468592
191,0.3204406797885895,0.009132235741800093
192,0.18622464835643768,0.008732503269043729
193,0.23582231998443604,0.00864306737954809
194,0.2575489769379298,0.008951681963072753
195,0.3041434605916341,0.008942650950066452
196,0.2070135181148847,0.008741088107037614
197,0.27826439241568246,0.010094597844010967
198,0.2736478179693222,0.01023520919765661
199,0.21680257469415665,0.009567555245452039
200,0.2804314136505127,0.0086979899357447
201,0.29816327095031736,0.008341662318071746
202,0.20046976606051128,0.00958082070354167
203,0.24255084494749704,0.010258867409021601
204,0.27785342137018837,0.009984576278989474
205,0.3696855773528417,0.010258628385449489
206,0.17796526650587718,0.010264307700508223
207,0.2078110893567403,0.010165869830337565
208,0.29317012429237366,0.010512042768651576
209,0.2922670116027196,0.00979169722147814
210,0.25267229676246644,0.008702322807690994
211,0.160703581571579,0.008673063461030797
212,0.28996823032697044,0.007875562143167408
213,0.23968021074930826,0.007661452454580801
214,0.21571099013090134,0.007754127205327505
215,0.20994613468647003,0.007278066036826748
216,0.34279241363207497,0.007548665088843408
217,0.2082491894563039,0.007207267318199586
218,0.20432924727598825,0.006918920083044786
219,0.29491242865721384,0.006501337256663897
220,0.19793663322925567,0.00628127265853558
221,0.2256843626499176,0.005940740373476929
222,0.2060872236887614,0.005788561769790478
223,0.18096130192279816,0.005948718587728584
224,0.26517696380615235,0.006178189318363122
225,0.18773933947086335,0.0064582749889562216
226,0.303645666440328,0.006626369360115702
227,0.26622734318176905,0.0074906938921982845
228,0.19433155059814453,0.008742830994736961
229,0.2572688718636831,0.008228114692450274
230,0.26673144896825157,0.00850710336221602
231,0.2129278083642324,0.009023233463503713
232,0.2001960441470146,0.009512578085886212
233,0.1869173472126325,0.009176375454394366
234,0.2809385101000468,0.008753985492879247
235,0.22340720196564992,0.011068234880139508
236,0.17294689118862153,0.012758947608215132
237,0.20322256783644357,0.01100944777525316
238,0.22545781234900156,0.009595647314930057
239,0.23561535676320394,0.009328428531197582
240,0.21273404384652775,0.009918756035017216
241,0.24149821897347767,0.01002395669306357
242,0.2298055350780487,0.012475206179353665
243,0.19996333469947178,0.013889941482210722
244,0.25039723217487336,0.014130785709290992
245,0.23088468511899313,0.013587906282013796
246,0.24726194143295288,0.012973374518470502
247,0.1855582853158315,0.011696905704347168
248,0.20975104173024495,0.00861516932949541
249,0.22136186013619105,0.007170413991099033
250,0.25215021272500354,0.0057614889952874795
251,0.20875111520290374,0.005605305337867751
252,0.22925448119640351,0.006281975535749215
253,0.23215733418862025,0.006264514245796861
254,0.22908156116803488,0.007402057348801864
255,0.3321878552436829,0.0070193822378307345
256,0.17779964531461398,0.006627273166508187
257,0.22983854015668234,0.0068763174285276195
258,0.21441413934032122,0.00775885931766174
259,0.1836816002925237,0.009565015873453748
260,0.15982955594857534,0.010416535132630604
261,0.21598099172115326,0.0127570868330443
262,0.18551643987496694,0.014141199391657911
263,0.227841434131066,0.015632542158205677
264,0.22034786840279896,0.01703802625260015
265,0.24629872143268586,0.015137104302879394
266,0.2925403912862142,0.012561209690500431
267,0.186923627803723,0.011341329487993962
268,0.1794318785270055,0.010684483801931377
269,0.23668199082215627,0.011275616804445823
270,0.23832425971825918,0.010274677273384698
271,0.213496599594752,0.009777253398334417
272,0.1484651545683543,0.011093252052472332
273,0.21928224762280782,0.014831931704259295
274,0.1910767396291097,0.017735127667625118
275,0.19016478459040323,0.01779319086354079
276,0.261269278327624,0.015912458887250406
277,0.20111029346783957,0.015575140186651485
278,0.18045449753602347,0.014676271299794904
279,0.1570785457889239,0.014762920906811248
280,0.1788481483856837,0.014494458976106381
281,0.18332052926222484,0.014563622598455646
282,0.14798578023910522,0.015676707645335537
283,0.21762627214193345,0.017691589818578067
284,0.16765318314234415,0.02058062026291851
285,0.20591888725757598,0.018432258078315125
286,0.19768203149239222,0.017573604257557336
287,0.22505267759164174,0.017648763573310508
288,0.20086577137311298,0.018182375314315474
289,0.1905954122543335,0.01774893162816059
290,0.1825031856695811,0.017398921332842723
291,0.17867878923813502,0.016167955385066393
292,0.15281895399093628,0.013513790883534537
293,0.20995860993862153,0.011603669402754212
294,0.16958733995755512,0.009080425579482175
295,0.22254795630772908,0.00702658742592912
296,0.18738243381182354,0.005499657045492506
297,0.19713203907012938,0.004614727581231525
298,0.1558827062447866,0.0044141100654488535
299,0.17569191455841066,0.00425744812656469
300,0.16575905978679656,0.004355689130749143
301,0.15299956798553466,0.004322050198890621
302,0.23007232447465262,0.0043445013277415975
303,0.2042387269437313,0.0049162685841791275
304,0.21746519108613332,0.006365454315728559
305,0.20426384806632997,0.008573291830601185
306,0.2506229057908058,0.009938495673649893
307,0.19422651330629984,0.009923820559844726
308,0.19742382963498434,0.009381650353041221
309,0.17858466903368633,0.009456765962632622
310,0.2097880760828654,0.012846470656474745
311,0.1876117169857025,0.01470426427508433
312,0.12723353306452434,0.01684351635026181
313,0.17258074382940927,0.016310923666817936
314,0.15248690843582152,0.017343017103986478
315,0.15813704927762348,0.01729676237432506
316,0.17068789402643839,0.012215175841912979
317,0.20855900943279265,0.010273263877712366
318,0.17556942527492841,0.008379957228019012
319,0.2612346117695173,0.00964282750790044
320,0.11630287418762843,0.009010592702864192
321,0.2000509689251582,0.008259001723307324
322,0.25677795658508934,0.009365078340482525
323,0.19093245665232342,0.009573266628806986
324,0.1792755241195361,0.010315002836873682
325,0.13912402875721455,0.01179518062973351
326,0.1722755526502927,0.013198353071499058
327,0.20722798779606819,0.01538288286762444
328,0.15467434823513032,0.017675623503022306
329,0.17717793186505634,0.018720429038672937
330,0.16159186114867527,0.015714670568117945
331,0.09518660406271616,0.014619791029593137
332,0.16834810872872671,0.014681204434806906
333,0.11751894851525625,0.017567634142524616
334,0.14688727955023448,0.017148074510646618
335,0.13850367367267608,0.015857053627296697
336,0.14177336543798447,0.014694437311272922
337,0.13217930595080057,0.012478106853178166
338,0.1407817820707957,0.011191321536898613
339,0.12596125155687332,0.010348484572756477
340,0.17617419163386028,0.012599922577285861
341,0.13585976461569468,0.013792473800832362
342,0.1415832663575808,0.015402763641960039
343,0.12587270190318425,0.014635780620880015
344,0.18620344797770183,0.011722616858663052
345,0.1537969450155894,0.01105949469644019
346,0.1128313422203064,0.011096440761636092
347,0.15970290203889212,0.010077382782547493
348,0.10776075820128123,0.010524597737615504
349,0.1692608286937078,0.010871094299524318
350,0.1757642964522044,0.011148509840796314
351,0.10783396710952123,0.010942442093308516
352,0.1299150546391805,0.01162201522548837
353,0.11689773822824161,0.012387867664962303
354,0.11338171660900116,0.012296115385559131
355,0.14750905136267345,0.010570814393050089
356,0.11976755062739054,0.008198581723950979
357,0.11147432178258895,0.007910047991450612
358,0.1400018721818924,0.007689002666651733
359,0.11805605987707773,0.009065665458659018
360,0.1436867482960224,0.010010813040233503
361,0.179142963886261,0.01004430396467682
362,0.12363996356725693,0.010053682962329839
363,0.14071663816769917,0.009535881309352052
364,0.1390347922841708,0.01004082026825411
365,0.131104543308417,0.010529192831865914
366,0.1611124535401662,0.011396057346439737
367,0.1407546356320381,0.01112478134024331
368,0.15817079097032546,0.00882918735247428
369,0.1489598383506139,0.008456268831794187
370,0.12716711262861888,0.009910161687633184
371,0.10876658807198207,0.011438975968640151
372,0.14570571382840475,0.013043851936309357
373,0.07151675770680109,0.012933325836449627
374,0.08618987103303273,0.013355970852018341
375,0.13448429455359776,0.013754366640382864
376,0.13204723596572876,0.013065601721053987
377,0.12144282013177872,0.010901641635972214
378,0.11040311393638452,0.009271141647647215
379,0.16893564288814863,0.008971980802245497
380,0.13089363873004914,0.00761685909439377
381,0.15793468157450358,0.0052335000189945215
382,0.14362171838680904,0.004937527546343782
383,0.21074183583259581,0.005300139053174713
384,0.11359883571664492,0.005938021070140553
385,0.13627489109834034,0.007110117109653752
386,0.133382248878479,0.008718347169576198
387,0.122544793287913,0.009237463571365893
388,0.17212222417195638,0.010150995457500924
389,0.18201462229092916,0.013651537100278487
390,0.10238462363680204,0.013458301951214084
391,0.125245809306701,0.012023063119882204
392,0.10448870857556661,0.010240877501842544
393,0.09777280191580455,0.009871137739107834
394,0.12387673854827881,0.010940550159164302
395,0.1101350982983907,0.013262920345612399
396,0.11579801738262177,0.01316503378907292
397,0.1528676415483157,0.013070756906834175
398,0.13665284266074498,0.012634430571979894
399,0.09901498158772787,0.011367380494383846
400,0.1267282490928968,0.010447532730543708
401,0.11517768998940786,0.011229201491306148
402,0.1126000257829825,0.012095020988618765
403,0.18229711651802064,0.011198081655471813
404,0.15192409443358582,0.009879809510930785
405,0.10637471030155818,0.008711630907496364
406,0.11249568313360214,0.007869801949709654
407,0.14195280522108078,0.007304632093933389
408,0.1449507753054301,0.006968242347269781
409,0.10141576925913492,0.006490872732884302
410,0.13864815930525462,0.006380810574665079
411,0.17611619184414545,0.006449530858135833
412,0.12049724037448566,0.007613976742690942
413,0.13810478349526722,0.008465223601014595
414,0.10434832920630772,0.00858460497257747
415,0.15501781751712163,0.009106313597088255
416,0.1176513700435559,0.011058912297168115
417,0.11962142884731293,0.011763833961852892
418,0.11513174573580424,0.014250157782294619
419,0.10176945080359777,0.01556762016019014
420,0.11752520377437274,0.01664714579741786
421,0.19350980818271638,0.015078210205895694
422,0.1161656215786934,0.015574776985513883
423,0.10689794160425663,0.015336583493145432
424,0.16972459852695465,0.015975617209640074
425,0.11485720773537954,0.016504271425248133
426,0.12764833060403666,0.014789383565112361
427,0.1020304098725319,0.01352330260565431
428,0.09517247068385283,0.01258688365791257
429,0.16583111534516018,0.008958313166801854
430,0.10329056282838185,0.00656317258767021
431,0.12382735759019851,0.005108921629134712
432,0.09905654390652975,0.004696767949535856
433,0.09981587678194045,0.004783720522385648
434,0.09275841265916825,0.00417699519357842
435,0.1506721131503582,0.0037400547807346883
436,0.15475670595963795,0.0036974302875166795
437,0.09627486641208331,0.0036303069637070857
438,0.09374668300151826,0.003602921299881111
439,0.11708623319864273,0.003568833998650107
440,0.13180602292219798,0.003512401358585614
441,0.10552623023589452,0.0035265991881335756
442,0.12913077423969904,0.0035165467585517667
443,0.1511234978834788,0.0038328020417270816
444,0.12577262843648593,0.004268717675242485
445,0.10466950436433156,0.004291433892322807
446,0.13356972734133402,0.004227974040499764
447,0.11595832904179891,0.004500279989548203
448,0.11973178188006083,0.005672468811156243
449,0.11349664479494095,0.008349031246611922
450,0.09731675734122594,0.01067492467769253
451,0.1307909940679868,0.010057869726630647
452,0.10053966045379639,0.009656341922447437
453,0.07812578876813253,0.007842924152537593
454,0.15581636627515158,0.008639206420483552
455,0.13343577533960344,0.008948071229117593
456,0.10861143817504247,0.010666046254923494
457,0.11612405503789584,0.011810645959743364
458,0.10380707035462061,0.012053999507169086
459,0.11751068830490112,0.014351114806697124
460,0.1017860064903895,0.015895975431002032
461,0.15534551541010538,0.014512067250027431
462,0.15027685364087423,0.013706710160247923
463,0.0852608675758044,0.014403223566065623
464,0.09459283041457335,0.014145863792441022
465,0.10760418126980463,0.013497976615555643
466,0.0938162495692571,0.014225326258483835
467,0.08270887757341067,0.013867008888463336
468,0.11637262205282847,0.016043546470248794
469,0.11287028789520263,0.01715641439430357
470,0.07596943229436874,0.0178468283705824
471,0.11000072360038757,0.018568314494579796
472,0.09370144655307135,0.018719846500069137
473,0.10561908880869547,0.016458995405613908
474,0.12433229982852936,0.01484588957501678
475,0.08841428856054942,0.015569216975076931
476,0.08852305846909682,0.016009752557972285
477,0.08685878813266754,0.016482587507742598
478,0.08668550848960876,0.015155723318457603
479,0.10734620690345764,0.01599039826688804
480,0.08370777269204457,0.01643365539434388
481,0.08480721414089203,0.016359688904811077
482,0.12249157081047694,0.017986535864669508
483,0.12189066310723623,0.01759437382162556
484,0.10182900130748748,0.01364293247167989
485,0.0695331131418546,0.013265732749123273
486,0.11119848291079203,0.012536901137314913
487,0.07600900083780289,0.01062982249271682
488,0.07377537687619527,0.010090772927863392
489,0.06278975456953048,0.009998070164106962
490,0.07231146891911824,0.009531623632537099
491,0.09996955518921216,0.008354709725680315
492,0.10933479517698289,0.008036590085958872
493,0.09570399448275566,0.007660186596537434
494,0.10685316572586695,0.0068280441745177025
495,0.09014352361361186,0.006914715447617094
496,0.07389408970872562,0.0072115358390559365
497,0.09570367311437925,0.007420480383310731
498,0.06786136229832967,0.007143385327003133
499,0.10694307486216227,0.007590660095713505
500,0.0687339186668396,0.007890043490544313
501,0.07733507876594861,0.008414982319406168
502,0.10304113825162252,0.006561289772420652
503,0.07747583289941153,0.004455554621719469
504,0.08746933117508889,0.0037335878628577423
505,0.09320805569489797,0.003564246492020375
506,0.07695692256093026,0.003568226576958761
507,0.10385416292895873,0.003343208491761883
508,0.07089907911916574,0.003350721770717843
509,0.07763598722716172,0.003470851784007345
510,0.0747676153977712,0.003937945714015074
511,0.08635243624448777,0.003978681551681201
512,0.10263670459389687,0.005194958908058058
513,0.0734955295920372,0.005493902148473568
514,0.08054873098929723,0.005398182970229683
515,0.07290849685668946,0.005040405499638887
516,0.08203660150369009,0.004397740552759194
517,0.09116550410787265,0.0037038519347863874
518,0.09615147560834884,0.003501447904433351
519,0.06773760293920834,0.004431131712021673
520,0.07568324704964956,0.005782637492144906
521,0.10895364731550217,0.007220250939378354
522,0.07126438071330389,0.008177963767464705
523,0.09404839103420576,0.009606672714897029
524,0.07162165343761444,0.008521984397309033
525,0.07527520308891932,0.009671760781660793
526,0.06962252246836821,0.010079602798901674
527,0.07801718264818192,0.009854756215015265
528,0.08965652287006379,0.009634420510352128
529,0.09821340243021646,0.009048084911750996
530,0.07392011185487112,0.007709516293009904
531,0.06348251476883889,0.006196533425117102
532,0.11164524058500926,0.004538305285276743
533,0.08870778704682986,0.0037559091579169035
534,0.0896003507077694,0.003866763097989395
535,0.14654269615809123,0.005194775877505776
536,0.07234982227285704,0.007889156171128037
537,0.06592355271180471,0.010829699497053943
538,0.09189130912224451,0.00965209817147161
539,0.04923711555699507,0.00825105549576949
540,0.06974337324500084,0.006768766999626019
541,0.08521718233823776,0.006023920353824698
542,0.07530879825353623,0.005886201160101909
543,0.07521890507390101,0.006514339946122385
544,0.06003475363055865,0.005786067996848756
545,0.12329933991034826,0.005182873021341919
546,0.060670805039505164,0.004867798604775132
547,0.05598165690898895,0.004500504317290084
548,0.044708332419395445,0.0040774425733687844
549,0.07223989566167195,0.005017179924276049
550,0.06360515095293522,0.005705735803853105
551,0.068498461941878,0.007290704832155639
552,0.07817242046197255,0.008936182801120393
553,0.06343793993194898,0.010143198960233392
554,0.059570931394894916,0.011941796286016937
555,0.0516708105802536,0.014112170199005623
556,0.04815998027722041,0.013782699233082335
557,0.07641365776459376,0.013198687115640153
558,0.08678663422664007,0.013799441582339955
559,0.06298216208815574,0.01290317714272991
560,0.054993067185084024,0.01175934448838234
561,0.06431562503178914,0.010302915164511504
562,0.062395038455724715,0.008802365386990581
563,0.062023092557986576,0.007616222630746252
564,0.07862588067849477,0.006806476980330437
565,0.06614894618590673,0.007600993651339388
566,0.06786655485630036,0.008669902775876634
567,0.06531266421079636,0.009777923349261754
568,0.06699852868914605,0.011993344044532832
569,0.08972878207763037,0.012229974066295961
570,0.06878070185581843,0.01220065856161784
571,0.07672610680262247,0.014357098312241825
572,0.06122567392885685,0.01250608488330691
573,0.08549998129407564,0.009995818944779907
574,0.07366029794017474,0.008215958124217321
575,0.061065665384133654,0.008339234158455387
576,0.052044161781668666,0.008804724258407363
577,0.06366894766688347,0.009152517155340807
578,0.0664503609140714,0.010515393454610831
579,0.042852159092823666,0.010665816144915078
580,0.05662342955668767,0.0086282836639975
581,0.052611448367436725,0.007351111862661801
582,0.04432075371344884,0.007112838617547994
583,0.05721192508935928,0.006051740136114866
584,0.06894570291042328,0.005676380629966578
585,0.05761722400784493,0.0063096454704371025
586,0.060361032684644066,0.007055958930960321
587,0.04875614121556282,0.006210746008932121
588,0.05974370514353116,0.006108193606959553
589,0.04253767703970273,0.005604294169048859
590,0.07022847260038058,0.005626329598493698
591,0.04897254159053167,0.006564649144612898
592,0.05960209543506304,0.006764992594894931
593,0.06411206920941671,0.006530033200832568
594,0.06963422372937203,0.0065613733897880305
595,0.051002593835194905,0.006489122590768759
596,0.050472650801142056,0.006491376002737153
597,0.0665647695461909,0.0057034106103806045
598,0.06976928835113844,0.004496741482592005
599,0.07338008085886637,0.004529157767116319
600,0.0499236506720384,0.004147884934612616
601,0.05574372460444768,0.0035616979791276804
602,0.03811118975281715,0.002838422490217848
603,0.05595622609059016,0.00261250961989927
604,0.03731679022312164,0.002483812756387253
605,0.057951147109270094,0.002586338264816331
606,0.04785185294846694,0.002873070835040545
607,0.05979573602477709,0.0029215106463763773
608,0.03791652768850327,0.002432444654441783
609,0.051466925690571465,0.0022332805830354648
610,0.05356329282124837,0.002421999900183809
611,0.04593533792843421,0.0024935295961166577
612,0.04462647388378779,0.002888491049071583
613,0.049664715925852455,0.003005022351725364
614,0.06150076041618983,0.0031473266903135014
615,0.04564355090260506,0.0034461463911561515
616,0.049480507522821425,0.004414992568295772
617,0.06821019897858302,0.004887513501026969
618,0.06084309617678325,0.004049555691853752
619,0.06454344540834427,0.002946039284102795
620,0.050413182874520616,0.002809576915694386
621,0.08251741230487823,0.0024422840279431676
622,0.07073314661780992,0.003074709555192843
623,0.052917419373989104,0.004211387758355911
624,0.05361569374799728,0.0038867939674244152
625,0.040019764999548596,0.003185622337252254
626,0.053006268789370856,0.0024826118647392225
627,0.04697435398896535,0.0024713953135637786
628,0.06372962271173795,0.002227959565004319
629,0.05320572853088379,0.0024769367626318196
630,0.06495685254534085,0.002457052654418068
631,0.03584996499121189,0.0023877966239696413
632,0.05149796108404795,0.0026061639187886843
633,0.0333173247675101,0.0031431281249823533
634,0.04901702388500174,0.0037424763385939786
635,0.04863453134894371,0.004200045785712679
636,0.0440974622964859,0.004512029633981975
637,0.03290389385074377,0.004570979863317229
638,0.0405044029156367,0.004525434849123786
639,0.04142246978978316,0.004375489083976727
640,0.06026185030738513,0.004094239097000576
641,0.04321113526821137,0.004221980390322256
642,0.043106567052503424,0.004858108721380159
643,0.03769244650999705,0.005162480243254365
644,0.04140555361906687,0.00635022223435753
645,0.054315849641958874,0.008155050313496214
646,0.04844512070218722,0.007078222871765377
647,0.04107865331073602,0.0049313393487470355
648,0.045810576031605404,0.004269354492719249
649,0.04696747213602066,0.003729836237946833
650,0.037234436720609665,0.0036533276117810113
651,0.052217559640606245,0.004463795308522352
652,0.040185291692614554,0.005127825059260674
653,0.027505310128132503,0.005611247023728888
654,0.051026444012920065,0.005491242824694303
655,0.04184007197618485,0.0061525609124246546
656,0.040995216866334276,0.007263092778799102
657,0.035208739588658014,0.006836233601912739
658,0.034157978184521195,0.006226079399132822
659,0.047890042513608934,0.004846748312949899
660,0.0469334676861763,0.004288217918140682
661,0.03731392572323481,0.0033171157073962876
662,0.06084953521688779,0.0031779426751350325
663,0.03944663939376672,0.0030649795442614265
664,0.049391406650344534,0.002872710068541484
665,0.04157720506191254,0.0029337091892077697
666,0.03224377427250147,0.004012469869605669
667,0.045430023595690726,0.0040620344793644006
668,0.044910216331481935,0.0036197070098357405
669,0.02638800342877706,0.0033590146523760998
670,0.04475031780699889,0.0030449374476227706
671,0.03229753399888675,0.003232890615371738
672,0.04341126040865977,0.003791601199099398
673,0.0451970748603344,0.003725993461672246
674,0.04933606783548991,0.00409093343718784
675,0.03920459225773811,0.004346628754040387
676,0.03243078390757243,0.004869893343576531
677,0.032924532890319824,0.004246561659690667
678,0.051218847806255026,0.004209666692571143
679,0.029473268985748292,0.00469834791995057
680,0.03450119172533353,0.0037924740463495255
681,0.0339445727566878,0.0034222632617227676
682,0.03914170724650224,0.0035759787346551736
683,0.03184659505883853,0.004188817423423679
684,0.031037615363796553,0.004760221413182696
685,0.03446770409742991,0.004123954714723225
686,0.04401300599177679,0.0034953466741236175
687,0.03258485769232114,0.0027480869293652886
688,0.029028188437223434,0.0022281001021308222
689,0.03521155385921399,0.001818436126437361
690,0.020528734227021537,0.0019559923322929993
691,0.030411499738693237,0.0017408340102369627
692,0.029618553817272186,0.0018199889729987448
693,0.03720966378847758,0.0017973785866125245
694,0.026106199249625206,0.0015502356640869884
695,0.03539421608050664,0.0015706339801522338
696,0.03905746762951215,0.0019099355297617791
697,0.03277796506881714,0.002257771548030414
698,0.03811292027433713,0.002436425472705031
699,0.020039596905310948,0.002604716230095841
700,0.02899515467385451,0.002322475321400236
701,0.03026823662221432,0.0018983720792604126
702,0.037731693436702095,0.0020165519374532727
703,0.028581919521093367,0.002089370049418896
704,0.03526975798110167,0.002783266240804214
705,0.02918223589658737,0.003760045533633138
706,0.0272337448472778,0.003900306075664721
707,0.02629666750629743,0.003959825640089634
708,0.03173690140247345,0.003100960563105626
709,0.027358517795801163,0.0023650271143382928
710,0.025225877420355876,0.002396730168935234
711,0.03626160454005003,0.002083445325361814
712,0.027925193309783936,0.0022308075851870802
713,0.03832620487858852,0.0029580762562173325
714,0.02925681502868732,0.0029873792192070033
715,0.029681395863493283,0.003862060786144236
716,0.03567778368790944,0.0035255334824030324
717,0.025504866366585097,0.0035798318398104407
718,0.0391662634909153,0.003963174481736863
719,0.02948068641126156,0.003932119218823243
720,0.0289160812428842,0.0037440799477356157
721,0.042661370957891145,0.004082665382701111
722,0.027453352883458137,0.004523540539007018
723,0.028100941516458987,0.0035567467658245188
724,0.03451760907967885,0.0021665727089005193
725,0.028033239177117746,0.0017679059698327085
726,0.033018725862105684,0.002235297340987705
727,0.02862603000054757,0.0022645882297835248
728,0.028493318582574527,0.0018126027737414157
729,0.026374609271685282,0.0018539534199718884
730,0.024991513912876448,0.0016261692815203602
731,0.029682158119976522,0.0016524756178773177
732,0.029116994142532347,0.0015980224070087897
733,0.024315561105807623,0.0020708485367143246
734,0.019445717955629032,0.002123703435796687
735,0.022685919143259525,0.0020205026518142835
736,0.024061446140209834,0.0020728100505547496
737,0.031674363339940705,0.0026913625884830484
738,0.023764505858222644,0.002561401865467077
739,0.02867860309779644,0.0025691953726024843
740,0.030667588859796525,0.0021979340597781845
741,0.02396347982188066,0.002114699119481984
742,0.03376001889506976,0.00178291012192013
743,0.02501716067393621,0.001541258033005682
744,0.029033425822854043,0.0015375880124854056
745,0.03311142474412918,0.001633432260201144
746,0.018647953992088635,0.0017783836100441148
747,0.04010996669530868,0.0021823067933057004
748,0.0266633547997723,0.0019950280515990387
749,0.022305614283929267,0.0019173754074823435
750,0.026627963595092296,0.0021322787699003623
751,0.021923793603976567,0.0023587816413198634
752,0.02060365875562032,0.0023202008850080526
753,0.026968392295142016,0.0026380290317635133
754,0.020692988112568856,0.0028460253594721867
755,0.017682387493550777,0.0031449324268055714
756,0.018846415759374697,0.003554793437722865
757,0.014393324901660284,0.0028650872739339906
758,0.019858511413137117,0.002730551023608235
759,0.01819422209324936,0.002802617004595873
760,0.01875218187148372,0.002674310572636057
761,0.020919178674618403,0.002557294316751164
762,0.019517379129926363,0.002547584657417977
763,0.027509263313064972,0.0028840968363339037
764,0.029135103399554888,0.00314639278460206
765,0.020209020438293614,0.002565846087293714
766,0.02704343671600024,0.002067116606159238
767,0.028038267542918525,0.0015001517489523165
768,0.02611865314344565,0.0013320731607771765
769,0.028215356760968764,0.0013622052978548244
770,0.02166948268810908,0.0016029985891068427
771,0.02357708519945542,0.0019507381595729842
772,0.02082579992711544,0.0014626272994379594
773,0.02079004223148028,0.0012278462518153228
774,0.016887655419607957,0.0013001630931550007
775,0.0265954175653557,0.001496552275200411
776,0.0171202194566528,0.0015598311818637483
777,0.01403289611140887,0.001364426239114988
778,0.02043940592557192,0.0013272265370157877
779,0.025487997382879258,0.0011933415204169243
780,0.022477125686903795,0.0017645230689122685
781,0.020282192900776864,0.0028843151196456095
782,0.013658110362788042,0.0033726284691081273
783,0.0217264158030351,0.0025823762325027327
784,0.021261656532684962,0.0015173326640602525
785,0.018137931854774556,0.0012748642608259371
786,0.020762941737969717,0.0013578611675385884
787,0.018507782742381094,0.0011820176705226713
788,0.020007532214124997,0.0009497609239265939
789,0.022435137008627256,0.0009399455911344684
790,0.014320676773786544,0.0010667584304278213
791,0.017094595295687517,0.001153526890827673
792,0.01942513305693865,0.0010031087160768948
793,0.017715582406769195,0.0008666037548517655
794,0.018047670274972914,0.0008789860568051483
795,0.020321575428048768,0.0009498022676364878
796,0.017955722225209077,0.0010440949273596363
797,0.016190812985102335,0.0010910936380098537
798,0.020232086007793745,0.0011585281541255691
799,0.011447822147359451,0.0010335613417945158
800,0.01333405344436566,0.0009140123901467067
801,0.01038227000584205,0.0010495035204207744
802,0.015297695435583592,0.0016728115064553975
803,0.01456502228975296,0.0019108162685040767
804,0.01840558766076962,0.002348718651401715
805,0.014687003195285797,0.002636672525600655
806,0.014477974611024062,0.002918058713003406
807,0.01770177378008763,0.0022785056081754485
808,0.019809908419847488,0.0012314455509442454
809,0.016680041514337062,0.0010221738346043873
810,0.012451712973415852,0.001021555205474802
811,0.014020856718222301,0.0010447537996084767
812,0.0154588021337986,0.0010346749499978085
813,0.014478694833815097,0.0010307206682127583
814,0.015916147703925767,0.0010003632673978582
815,0.018785534985363485,0.0010217868145023597
816,0.01715990131100019,0.0010899019223183217
817,0.015295840178926786,0.0011219409985126795
818,0.018610442616045476,0.0013667304232885225
819,0.012487896345555782,0.001492901272543772
820,0.013162708391125004,0.0014654143904079134
821,0.012356123017768065,0.0012694051155571159
822,0.016530781735976538,0.0011234484373694505
823,0.020290416727463404,0.0009373711690436829
824,0.0161443034807841,0.0009415431345623229
825,0.018581677166124185,0.0009404575882693129
826,0.014844647298256556,0.0009516211998779336
827,0.02025330103933811,0.0009702108841660748
828,0.01668298654258251,0.001002949751021183
829,0.016244068493445715,0.0009614058618966036
830,0.0169809906433026,0.0010257034415462123
831,0.010246726435919602,0.001066967884035539
832,0.011595011378328005,0.0010331707168565274
833,0.01628446908046802,0.0009729437951688214
834,0.01404940706367294,0.0009344479791614175
835,0.017227816581726074,0.0009200933003682629
836,0.01732033776740233,0.0009682992298850849
837,0.015603268829484781,0.0010726487508784304
838,0.015033773332834243,0.0011098042004888393
839,0.019525775065024693,0.0009070653626493611
840,0.019838775042444468,0.0008564704272774137
841,0.014310175677140553,0.0008737907636549515
842,0.014462931221351028,0.0009785112048321454
843,0.01725862789899111,0.0009658469399849804
844,0.018020129281406602,0.0008948955388283267
845,0.011351592652499676,0.0008989202799315048
846,0.013840456539765001,0.0009547725702451696
847,0.015272633514056604,0.0010203209433633116
848,0.014258789891997973,0.0009138762938178614
849,0.017805782457192738,0.0008400899345948046
850,0.014670901062587897,0.0010408593591955293
851,0.013436817501982053,0.0011187289336395605
852,0.013566759725411734,0.0009491117024889553
853,0.015006646482894818,0.0011435035752741195
854,0.011046872870065273,0.001703967750952469
855,0.01212704780821999,0.0020343388126444393
856,0.01190989992270867,0.001836404307034072
857,0.016135366385181746,0.0014861772473036188
858,0.01077448457169036,0.001254345149197799
859,0.01054023189159731,0.0011144245742805536
860,0.010907428711652756,0.0010443298841870618
861,0.009783620635668436,0.0010420224225097226
862,0.012616145672897499,0.000984064010925239
863,0.013328048897286256,0.0008406220783120183
864,0.0134829663981994,0.0007768983600475994
865,0.009637190867215395,0.0007803217587189558
866,0.013995222002267837,0.0008710322188448131
867,0.01406950168311596,0.0010072680059123756
868,0.012186922940115134,0.00147971086750379
869,0.01272474496314923,0.0016583631889469277
870,0.012693612401684125,0.0014245469264290113
871,0.01770450013379256,0.0010036752077083537
872,0.008840492197001974,0.0008704786587187536
873,0.014282182541986306,0.0010149487166841492
874,0.010106298342968027,0.0010493032507759732
875,0.01499892830227812,0.0009222298106141975
876,0.009480565786361694,0.0010655700796518446
877,0.011203038816650709,0.0012002135219059767
878,0.0129547202338775,0.001073649507859267
879,0.010584177728742362,0.00122434447160152
880,0.00905910525470972,0.0012174779572157468
881,0.011171386390924454,0.0009241864863438459
882,0.006869586712370316,0.0008028318523887662
883,0.011138159688562155,0.0008117467000911848
884,0.011292797047644854,0.0009113039388724669
885,0.007353411118189494,0.0012050123851357658
886,0.013846571277827024,0.0016333311044530372
887,0.011128634649018447,0.001626899361419748
888,0.009096124861389398,0.002081001841089153
889,0.012243465644617875,0.001827284034642237
890,0.012280091394980748,0.0011875589147180789
891,0.010652498109266162,0.0009523803261878688
892,0.00780183852960666,0.0009174990879305763
893,0.009132504649460315,0.0009235236248346119
894,0.00560210607945919,0.0010024750835306239
895,0.01090952530503273,0.0009571790491692781
896,0.010797401890158653,0.001009009680875731
897,0.010621462979664405,0.0010958071766003204
898,0.011346145781377952,0.0009145972614110573
899,0.013870481277505557,0.0008226316875968804
900,0.010242812459667523,0.0009006821004101845
901,0.008555709399903815,0.0010325069925161152
902,0.010627049921701352,0.0009079354821601663
903,0.009617625083774329,0.0008489550522154593
904,0.00947796336064736,0.0008283553605598551
905,0.013868928576509157,0.000766751247799156
906,0.010877623657385508,0.0006869861163569277
907,0.00827172709008058,0.0006977915108445885
908,0.010649962164461613,0.0008120016143547268
909,0.006350991937021415,0.0008565786154390731
910,0.008514740038663149,0.0009208077071674579
911,0.012555050912002723,0.001053292019655708
912,0.013314835587516427,0.0010825705487193084
913,0.010305974446237088,0.0008076870966130706
914,0.009121909008050958,0.0006799700874014846
915,0.008290134370326996,0.000727686540206084
916,0.012288439211746056,0.0007521408665274439
917,0.009018924863388142,0.0007499673553157183
918,0.010334215685725212,0.0006504212286977343
919,0.0077538436899582544,0.0006362860502222462
920,0.006908685985642175,0.0006364305676055034
921,0.008525408136968811,0.0006713397290115795
922,0.006933583381275336,0.0006947863510604508
923,0.010603210516273975,0.0006698108452150422
924,0.006079724865655104,0.0007606578269408737
925,0.009817037669320901,0.0007864918065253704
926,0.005481356599678596,0.0007783482990165307
927,0.006788963824510575,0.0008725719077248624
928,0.006550269310052196,0.0012011622751542316
929,0.007443027198314666,0.0012951029508601962
930,0.006724603908757369,0.0012341969344933613
931,0.006741349577593306,0.0011604554826525721
932,0.008107876234377424,0.0009992857235410493
933,0.008453926102568706,0.0007638948502965037
934,0.008604764690001805,0.0006688944258640968
935,0.005230631151547035,0.0006860981052090583
936,0.007215415282795827,0.0006844650472305334
937,0.009229117880264918,0.0007355718592256967
938,0.0066317161234716576,0.0007314729998364869
939,0.0069572046088675656,0.0007456133212467039
940,0.011139100541671117,0.0007107843561042981
941,0.0077520148324159285,0.0006851777058520069
942,0.005797205368677775,0.0006603007455765247
943,0.008101387911786636,0.0006252863273316972
944,0.004223787342198193,0.0006392273091019946
945,0.00816015542174379,0.0006492296735642434
946,0.006470411410555243,0.0006427117099748983
947,0.006459435106565555,0.0006802037518011318
948,0.006361439420531193,0.0006722135280944612
949,0.0076995023836692175,0.000649727342304715
950,0.00680985312598447,0.0006561939547606289
951,0.006443579029291868,0.0007010807850432269
952,0.004757585764552156,0.0007079501552280409
953,0.005324728166063626,0.0006795336103095906
954,0.006427299293378989,0.0006787853720262197
955,0.006652939630051454,0.0006696474380636731
956,0.008836004510521888,0.0007059762675331641
957,0.008683408206949631,0.0006884780821736946
958,0.006848763472711046,0.0006110190729916613
959,0.007191317683706681,0.0006517590068035033
960,0.005609737786774834,0.0007000000417272846
961,0.008840783794100086,0.0006066301510317295
962,0.00920327076067527,0.0005861687956803149
963,0.00727776246300588,0.000581834334298037
964,0.0058134078358610475,0.0006171376430649516
965,0.006936740906288226,0.0006739015391464968
966,0.004052757316579421,0.0006619355914354375
967,0.006029850275566181,0.0006195078189924197
968,0.004697135385746757,0.0006146103236904482
969,0.007341750897467136,0.0006645388686850733
970,0.010250737673292558,0.0006920152479474704
971,0.006436598797639211,0.0006624944426722487
972,0.007463143564139804,0.0006057966112116338
973,0.008562634699046612,0.0006085375342504054
974,0.00552202791441232,0.000608668648510502
975,0.005747274061044057,0.0006198887945568522
976,0.00546390563249588,0.0006791286124191503
977,0.006701801996678114,0.0007382576912091531
978,0.006102455252160629,0.0007796969872488691
979,0.005357983009889722,0.0010561772684500677
980,0.0058644268661737445,0.0010021445474323383
981,0.008829715040822824,0.0008145932951029096
982,0.0062641180120408535,0.0006640467370629281
983,0.003173236467409879,0.0005556166786301742
984,0.004943487878578404,0.0005363796941976292
985,0.0059289415987829365,0.0005606120810296302
986,0.005019361999196311,0.000606694767550899
987,0.004002771126882483,0.0005740167906642598
988,0.004769423604011535,0.0005802173330402735
989,0.0047562182803327835,0.0006169629889159045
990,0.005679622696091732,0.0006342957775506344
991,0.0031455501060311994,0.0006070333756653108
992,0.004769242279386769,0.0006372397673851627
993,0.006244658740858237,0.0005953408136971178
994,0.009482436859980226,0.0005778092088330882
995,0.004455611016601324,0.0005701444332678546
996,0.003836708314095934,0.0005375110324997318
997,0.0056566830103596056,0.0005410025049947197
998,0.00842856460561355,0.0005394417761793401
999,0.005149288025374214,0.0005264276566390257
1000,0.004134639181817571,0.0005278808982696741
1001,0.004505045556773742,0.0005340031500437599
1002,0.0035490778585275016,0.0005366646927287067
1003,0.00565853143731753,0.0005421830963844219
1004,0.003103832877241075,0.0005485995432815877
1005,0.0036024211595455805,0.0005536714849059055
1006,0.004633927360797921,0.0005679528240935674
1007,0.008009588997811078,0.0005742823193182043
1008,0.00548206123833855,0.0006978898018132895
1009,0.004707498506953319,0.0009104603132431021
1010,0.004650742009592553,0.0010268261576416044
1011,0.006157087503621975,0.0011258450543918596
1012,0.004744465369731188,0.0010333682312336787
1013,0.004461837327107787,0.0008802371467170342
1014,0.004209670641769966,0.0009605156864574927
1015,0.0038876764321078856,0.0008006031041979555
1016,0.00445778681896627,0.0006420900075839407
1017,0.005095092564200362,0.0005910233374479718
1018,0.004752676794305443,0.0006438054588502346
1019,0.005390066498269637,0.0006474145155539369
1020,0.00437943081681927,0.0005669073730168175
1021,0.003959500347264111,0.0005516359557564495
1022,0.0043383565770151716,0.0005312660034364603
1023,0.0062311854291086394,0.0005528546095620831
1024,0.0058550227743883925,0.0005748875353130256
1025,0.004558547725901007,0.0005631466024993198
1026,0.0038642026328792175,0.0005406758521308716
1027,0.0027746638050302865,0.0005408673723721895
1028,0.004344544404496749,0.0005680624953394125
1029,0.003602434772377213,0.000608355666838007
1030,0.004027962932984034,0.0006689578684332861
1031,0.004100855734820167,0.000765608079359302
1032,0.0033772848779335617,0.0007822399277892697
1033,0.0033412900054827334,0.0008638216889331366
1034,0.004144291098540028,0.0007493789488812689
1035,0.004150402825325727,0.0005966777658671155
1036,0.003757824399508536,0.0005448525446085773
1037,0.0038703930874665576,0.000589517903547206
1038,0.00490804323926568,0.0005769767826212218
1039,0.003910327268143495,0.0005752212973174045
1040,0.002336134947836399,0.000594987315593258
1041,0.004894015348205964,0.0005559828840507795
1042,0.003655192271495859,0.0005203195697239299
1043,0.003856221850340565,0.0005250701430532348
1044,0.0029480487729112307,0.0005167048243671934
1045,0.0042858529680718975,0.0005162556820244741
1046,0.0044446849574645364,0.0005044664450090169
1047,0.004488954273983836,0.000501377680977141
1048,0.004835290469539662,0.0005492485779398084
1049,0.0032633034512400626,0.0005502375222029399
1050,0.0035098455070207515,0.0005137804086919595
1051,0.004304623130398492,0.0005426742952302333
1052,0.0018936136970296503,0.0005942913441227632
1053,0.003022039394515256,0.0006304444485310993
1054,0.0022288935957476496,0.0006006617900204119
1055,0.0030473435219998163,0.0005849557693847859
1056,0.0033109630768497784,0.0005815109142008802
1057,0.0064430712722241875,0.0006413408025721543
1058,0.004631479317322373,0.0007096416049721233
1059,0.0033448591983566683,0.0006947385976329357
1060,0.0025959127272168797,0.0006616433367855466
1061,0.0033356319802502793,0.0007214910535446156
1062,0.0037480773714681464,0.0010526821926588148
1063,0.0032306505755210916,0.0012539992224439745
1064,0.0035279290284961464,0.0012215341828162158
1065,0.004042734019458294,0.0009229122885634874
1066,0.003778127363572518,0.0007128384512918818
1067,0.004001475890011837,0.0007074762224659734
1068,0.0029481250249470273,0.0006805270716390301
1069,0.003865502580689887,0.0006259183828374298
1070,0.0034018248319625855,0.0006043861221841089
1071,0.0034066473909964163,0.0007040407701109456
1072,0.002922913738681624,0.0008307486423291266
1073,0.003442576512073477,0.0008862332397829888
1074,0.001855780362772445,0.0009278835660931985
1075,0.0028010153056432802,0.0009686862921532919
1076,0.0027941605774685742,0.0009001781870647678
1077,0.003050153236836195,0.0009465373146868362
1078,0.00419209466005365,0.0008207298375255479
1079,0.002924932799457262,0.0006938525322021725
1080,0.0026160571879396835,0.0006984751579887051
1081,0.0045710854232311245,0.000662089649983865
1082,0.002463824534788728,0.0006106401815200151
1083,0.0034345223568379877,0.0006325420348100203
1084,0.0044754173917074995,0.000810324416521526
1085,0.004270907926062743,0.0010108132516657273
1086,0.002828045313556989,0.0013425645453298068
1087,0.002972355547050635,0.0015219002952945866
1088,0.0028307571386297545,0.0014524019147291428
1089,0.002812537675102552,0.001305166809768306
1090,0.002193813018190364,0.0009488613760890806
1091,0.0036166420672088862,0.0007187267022911371
1092,0.0031073768283628547,0.0006241602158562581
1093,0.0022847522554608683,0.0006430578247578008
1094,0.003030977367113034,0.000671897969239824
1095,0.002079356089234352,0.0006162544417261021
1096,0.0022588824310029545,0.000593152828629158
1097,0.0024885679905613262,0.0005835886489747525
1098,0.002320451894775033,0.0006012792779704718
1099,0.00331363493266205,0.0006949522383107738
1100,0.002717997118209799,0.0008827702148714815
1101,0.0024031712984045345,0.0009532577319686689
1102,0.003816782170906663,0.0007793684939186522
1103,0.0022817525391777356,0.0006102436175386561
1104,0.002634129300713539,0.0005752775031160269
1105,0.002594185535175105,0.000652842631097883
1106,0.001563934562727809,0.0007021985379759017
1107,0.00324877699992309,0.0008379861673039538
1108,0.0020609745290130375,0.0008892794863841547
1109,0.0032523160955558223,0.0008145008152754112
1110,0.002366755537999173,0.0009032912835603448
1111,0.0032719158645098407,0.0011097300668452374
1112,0.001873006485402584,0.0009837253436292192
1113,0.0025817030109465122,0.0007431008275524955
1114,0.0027332069352269174,0.000609944230788864
1115,0.0034319504629820585,0.0006060050827942378
1116,0.0025724414580812057,0.0006316207215468598
1117,0.0023134924238547684,0.0005705304735791173
1118,0.0035023458224410814,0.0006471356396713682
1119,0.0023470600756506127,0.0007619640783509459
1120,0.002872742844435076,0.0009202784537814382
1121,0.0021916692533219856,0.001056096407467514
1122,0.0025936108470583957,0.0011396844391014399
1123,0.0015173086120436588,0.001100609445665765
1124,0.0026723721995949743,0.0008847459455893382
1125,0.0026575868328412374,0.000631639809076359
1126,0.0016838895855471492,0.0005421519690141903
1127,0.0017646401771344244,0.0005166283166989332
1128,0.0029593832946072022,0.0005792136811449626
1129,0.001570547791197896,0.000586266272360327
1130,0.002405138461229702,0.0006042394347536546
1131,0.002436681161634624,0.000636378692749037
1132,0.0028713514873137075,0.0006992195097648898
1133,0.0025848688014472525,0.0007492293787966152
1134,0.0017581830810134609,0.0006860007612606672
1135,0.0023909071926027535,0.000700021074171816
1136,0.0017687024703870217,0.0008161140497641887
1137,0.003041636369501551,0.0010402724467672585
1138,0.0019037374838565787,0.0011878250511436481
1139,0.0027286726205299297,0.0009844342084403524
1140,0.0017710421273174385,0.0007402864738558163
1141,0.0015815535793080927,0.0006112435046128753
1142,0.0022140835877507924,0.0005615763472783651
1143,0.0020941398882617555,0.0005517871663690266
1144,0.002371401122460763,0.0006064321514857038
1145,0.0025354772883777817,0.0007021827430750324
1146,0.0016467329347506165,0.0007954491623200652
1147,0.001908353646285832,0.000799440015217392
1148,0.0016766977962106467,0.0008955159037571958
1149,0.0018981984350830317,0.000899259369970688
1150,0.0016865479449431101,0.0008991723041431465
1151,0.0014121485718836388,0.0007734499334570343
1152,0.0021224713030581674,0.0007363408803939819
1153,0.0018179670752336583,0.0006571264376526507
1154,0.0017690586081395546,0.0006009233695194565
1155,0.0014828510698862373,0.0005991584772618092
1156,0.0022403389448300004,0.0006467918519345002
1157,0.00212425965971003,0.0007082049122564201
1158,0.0020509066836287577,0.000760933536005859
1159,0.001770743386199077,0.0008003424012512849
1160,0.0021333336209257443,0.0007777580272729002
1161,0.0022578471534264585,0.0007311753895661728
1162,0.001671804782624046,0.0006968362832544591
1163,0.0016522807340758543,0.000686151458603132
1164,0.0016713631649812064,0.0007419781951879071
1165,0.001887733411664764,0.0007449406892149232
1166,0.002254213827351729,0.0007490757747377291
1167,0.0015070991435398658,0.0006934475299432933
1168,0.0012974245784183344,0.000681107278498931
1169,0.0013966531589782486,0.0007610341028024362
1170,0.0016529106224576632,0.0008326153775977749
1171,0.0015850910334847868,0.0009372584484187578
1172,0.0014000198105350136,0.0009184691456410536
1173,0.0012937923039620122,0.0008083987003925631
1174,0.001273617388991018,0.0007714268363696911
1175,0.0019181923707947135,0.0008798520856236261
1176,0.0012369128060527145,0.0009159013586793476
1177,0.0017669749135772387,0.0009910467293436133
1178,0.001705279597081244,0.0010507438454674337
1179,0.0021517733267198006,0.0010926611721515656
1180,0.002020289624730746,0.0010988258006872508
1181,0.0014302649768069386,0.0009771273489748164
1182,0.0021788915153592827,0.0007612687209254409
1183,0.0015266052912920713,0.0006975601321841612
1184,0.001754786524300774,0.000729709676206552
1185,0.0016498895536642521,0.0007807048478559774
1186,0.001743746642023325,0.0007768104134281496
1187,0.0012609170827393731,0.0007948416127551963
1188,0.0015575079518991212,0.0008303215030551426
1189,0.0012846494481588402,0.0008393548828674348
1190,0.002178204044078787,0.0009446468407757521
1191,0.0011716041015461087,0.0011340754824382523
1192,0.0015831301376844447,0.001233333862921971
1193,0.0015503378429760535,0.0012850362109020352
1194,0.0012469139415770768,0.0011538794671192647
1195,0.0019196472446007344,0.0009583069587229039
1196,0.0017014025555302699,0.0007989270457682588
1197,0.0013979910251994928,0.0008087827032065298
1198,0.0017464276170358062,0.0009365571629784004
1199,0.0012236575751254956,0.0010202841431738471
1200,0.0017337274155579507,0.0009888278478096554
1201,0.0015932386585821709,0.0010396312412578525
1202,0.0014634737356876333,0.0011781718747829652
1203,0.0016852121644963822,0.0011462178282938369
1204,0.001189686016490062,0.0010324683889204006
1205,0.0011134220442424218,0.0009968587587858865
1206,0.0016342027112841607,0.0010701396647386076
1207,0.001296362622330586,0.0011038788123144292
1208,0.0015070863611375293,0.0010304926164946921
1209,0.0012470385835816463,0.000928545558612471
1210,0.001070926742007335,0.0009306935734650868
1211,0.0011983029156302412,0.0009452922537365533
1212,0.0014684727570662896,0.0010041486761554724
1213,0.0013621662898610036,0.0010286694223897194
1214,0.0012754322960972786,0.0009803049519335426
1215,0.0010759636876173317,0.000963517630612111
1216,0.001283678497808675,0.0008923761046117567
1217,0.0014034162042662502,0.0009188076873551908
1218,0.0009663441606486838,0.0008145442001492255
1219,0.001442546583712101,0.0008325421097358381
1220,0.0013029768674944838,0.0008340027507790547
1221,0.0015868655793989698,0.000884433916777255
1222,0.001053652559251835,0.0010059375424070034
1223,0.0011156613899705311,0.0010464985820090795
1224,0.0009692499608111878,0.0011151794776848452
1225,0.0011795041228954992,0.001131365969905439
1226,0.0018144730478525163,0.001070687581242363
1227,0.001808064291253686,0.0010949005262823556
1228,0.00117821521901836,0.0011819496940579412
1229,0.0011921219062060117,0.0012079427700753757
1230,0.0014668547781184315,0.0012066503702552888
1231,0.0014210196367154518,0.0012481407345800596
1232,0.001443084143102169,0.0011635247996538936
1233,0.0011601135445137819,0.000982063590534266
1234,0.0014658909640274942,0.0008581497084980053
1235,0.0013365364905136327,0.0008348994824199344
1236,0.0012462369554365675,0.0009366051957568549
1237,0.0015801133898397286,0.0009626363006266435
1238,0.0013149472031121453,0.0010276025832139366
1239,0.001159784054228415,0.0010937024155396997
1240,0.001477920621012648,0.001033887042531993
1241,0.0009969527212282021,0.0010200351720499828
1242,0.0013952115667052567,0.001036424277804968
1243,0.0009459970906997721,0.0009778977901579475
1244,0.0007690897832314174,0.0009756079915265633
1245,0.0012156173354014755,0.0009636338378530084
1246,0.001303465012460947,0.000906649748721402
1247,0.001374195128058394,0.0008924463516335905
1248,0.001340785661401848,0.0009686310031253287
1249,0.0011150914477184414,0.001068338056050945
1250,0.001253421410607795,0.0010546626006143066
1251,0.001062874385388568,0.0009686202690826626
1252,0.0012846638914197684,0.0009426660643245174
1253,0.001215680525638163,0.0009799277479577019
1254,0.001330125005915761,0.001019757349176083
1255,0.001005026084991793,0.000983018682917624
1256,0.001167580213708182,0.0010184118713024916
1257,0.0009750136562312643,0.000986656865222365
1258,0.0009741786983795464,0.0010629418584716132
1259,0.0008525369844088952,0.0011082625513397686
1260,0.0012058449210599065,0.001088314629196534
1261,0.0010382255733323595,0.0009671725107239573
1262,0.0010487940007199844,0.0008885074694692267
1263,0.0009931824596909186,0.0008590501415961253
1264,0.0011054625967517496,0.0009907326233888588
1265,0.0013016547697285812,0.0010765322986403553
1266,0.001343392658357819,0.0012512109503626646
1267,0.0011770910893877347,0.0012582294348678661
1268,0.001092797207335631,0.0012313730879063448
1269,0.0008058143313974143,0.0011932593577827408
1270,0.0010126918942357102,0.001232435383217952
1271,0.0009915768401697277,0.0011779946287888594
1272,0.001444261323194951,0.00115566769446151
1273,0.001307833567261696,0.001093782833777368
1274,0.001160192380969723,0.001030529621900536
1275,0.001224714214913547,0.0010442276247850377
1276,0.0008348297521782418,0.0008803187543159629
1277,0.0011811516790961225,0.0007869703814343322
1278,0.0014364941899354259,0.0008502179137101089
1279,0.0010470181897593042,0.0009263711963142232
1280,0.001332456114081045,0.0009246100689922496
1281,0.001262751646572724,0.0009719775247160257
1282,0.0012352465807149808,0.0009722547425969145
1283,0.0010750109019378822,0.0009791717010249538
1284,0.0010259744439584514,0.001025392895740435
1285,0.0011150157932812968,0.0010900613370600823
1286,0.0011292102630250157,0.0011054698880175202
1287,0.0011578407293806473,0.0011272323753237432
1288,0.0010239010133470097,0.0011916021723850211
1289,0.0009891567286103963,0.001119506952360155
1290,0.0010802530140305558,0.0010634529556507084
1291,0.0014552761800587176,0.0010773765906786884
1292,0.0012984912687291701,0.0010748262985565472
1293,0.0011736597244938216,0.0009135953370687061
1294,0.0009292112236532073,0.0008171826865025392
1295,0.0009926181752234696,0.0007981012087667317
1296,0.0009803688464065394,0.0007780622576334052
1297,0.0006449370722596844,0.0007777609165728562
1298,0.0010519515800600252,0.0008323338308085607
1299,0.001016158478644987,0.0008771133633865792
1300,0.0010139548840622107,0.0008770070684061745
1301,0.0007493612977365653,0.0009279642849940601
1302,0.0008807834625865022,0.000960520215655171
1303,0.001212739455513656,0.0009344714257396817
1304,0.0009449369953169177,0.0009893308917067827
1305,0.0011047787421072522,0.001006319541869113
1306,0.0007517107257929941,0.0010360877371510477
1307,0.0010202022618614136,0.00102455256044806
1308,0.0009231385154028734,0.0009244918964407224
1309,0.0011734888811285296,0.0009115964218270122
1310,0.0010334984263560424,0.0008444456148921974
1311,0.0006582734116818756,0.0007956418076779429
1312,0.0009904076345264913,0.0007534922613014328
1313,0.0010615169303491712,0.0007635905938113006
1314,0.0009737506547632317,0.0007665928042545093
1315,0.0012791577105720838,0.0008102435074145282
1316,0.0008866056062591573,0.0008141874816034019
1317,0.0009676846617367119,0.0008485943581322281
1318,0.000731847380908827,0.0008673134496376857
1319,0.0009181298509550591,0.0008849434813073887
1320,0.0011274813286339244,0.0008781361540295478
1321,0.0007138979194375376,0.0007784326412297023
1322,0.000817006667299817,0.0007873611922529857
1323,0.0010854647824695954,0.0008846343885447214
1324,0.001135342374133567,0.0008914542813440712
1325,0.000922781287226826,0.0010207624854813293
1326,0.0010443952671873073,0.0011745364910292285
1327,0.0007433124856712918,0.0012056886376153062
1328,0.0007886846433393657,0.0010908750072854945
1329,0.0005875066621229052,0.0009742295873666725
1330,0.000812590754746149,0.0009422476291583162
1331,0.0010486889902191858,0.0010099314688521578
1332,0.0007652209955267608,0.0010560739484769622
1333,0.000719735383366545,0.0011180927349056491
1334,0.0010169897209076832,0.0009770124745518557
1335,0.0011488439903284112,0.0009212568548955317
1336,0.0010317081158670285,0.0010879802559759085
1337,0.0008418472910610338,0.001215171304029068
1338,0.0007949774153530598,0.0012028576915269703
1339,0.0008316123314822713,0.0011580029541927235
1340,0.0007420736675461133,0.0010532118686232862
1341,0.0008195188439761599,0.0010822946535731395
1342,0.0009183016683285435,0.0012210938354448129
1343,0.0008555874694138766,0.0015272463673696392
1344,0.0010027212478841345,0.001550433224096425
1345,0.0008113989645304779,0.001289670803404494
1346,0.0009959012968465686,0.0010034128442391987
1347,0.0010848267547165355,0.0008860914326294905
1348,0.001032333685240398,0.0008718425034010035
1349,0.0008614609211993714,0.0009253311445789896
1350,0.0010396011872217058,0.0008465538257879652
1351,0.0008707118375847737,0.0008423492306931399
1352,0.0012572626350447536,0.0009535730836590327
1353,0.0007398369702665756,0.0011906386595989364
1354,0.0008614787831902504,0.0011431280286124665
1355,0.0009584316401742398,0.0009932137895595488
1356,0.000998211787858357,0.0009399585867681958
1357,0.0008955311573420961,0.001080799234140019
1358,0.0010291220853105188,0.0010787201339496285
1359,0.0010071608645375817,0.000977642703104735
1360,0.0007976818383516123,0.001049384871666415
1361,0.0009453182845997314,0.0009866919355672292
1362,0.0011731060144181053,0.0010029167334703127
1363,0.0006906203770389159,0.0009539959041079081
1364,0.0010645265070100625,0.0009543768452905764
1365,0.0009278681129217148,0.0009268035628194884
1366,0.0010101741179823875,0.0009246464565718971
1367,0.001130137072565655,0.0009119619054382476
1368,0.0005952044196116427,0.0008999335416409326
1369,0.0008409243251662702,0.0008491969495043745
1370,0.0008097519089157383,0.0008587040186779001
1371,0.0010479270635793607,0.0009337737569658775
1372,0.0010861556162126361,0.0010709091072249423
1373,0.0010520663539258142,0.0010799132168337
1374,0.0008612313424237073,0.001125869109280642
1375,0.0010523177372912566,0.0011675349137870463
1376,0.0008306267322041094,0.001375865058764434
1377,0.0009499937800380091,0.0012806974448571643
1378,0.0011856389231979848,0.0012775277576819943
1379,0.0006944999331608415,0.0012177605668676826
1380,0.0006573288856695096,0.0010812238571930705
1381,0.000861850338211904,0.0010186368975363027
1382,0.0009577679292609294,0.0009239398082351591
1383,0.0010776893177535385,0.0009936088664955862
1384,0.0010559027626489599,0.0010333838982610252
1385,0.0009249094175174833,0.0010822893470511074
1386,0.0007252918129476408,0.0011932903018002728
1387,0.0008436892104024689,0.0010741006218146268
1388,0.0009587738779373467,0.0010391085392128178
1389,0.000863161050559332,0.0010748302846354998
1390,0.0010017013836962482,0.0009989617218256115
1391,0.0010919719041946033,0.000872764894995457
1392,0.0007653423701412976,0.0007875760060214387
1393,0.000859291998979946,0.0008448639015601142
1394,0.0009123791474848986,0.0008662918098564223
1395,0.0007350979993740718,0.0008760155682767353
1396,0.0008112064252297084,0.0008563391504970592
1397,0.0007047697358454267,0.0008092647460545963
1398,0.0008276016606638829,0.0008160603135516207
1399,0.0006641741570395728,0.000923663842506472
1400,0.0006855352238441507,0.0010484236280624499
1401,0.0010689338610973208,0.0010137438029784152
1402,0.0005861898069269955,0.0009564737730666878
1403,0.000988915997246901,0.0009215357676735075
1404,0.0009122957941144705,0.0009091543867876093
1405,0.0007486910753262539,0.0009204645413817383
1406,0.0008604877744801343,0.0009690856031237508
1407,0.0007938456100722153,0.0009866954060271382
1408,0.0010493827789711456,0.0010788945818510582
1409,0.0010437817467997472,0.0010926986368021041
1410,0.0008286947520294537,0.0011152224899379638
1411,0.0008524337084963918,0.0009819538768850208
1412,0.0009810492939626178,0.0009469586299864326
1413,0.0007730779238045215,0.0009019877587437747
1414,0.0008970684003240119,0.0007739944876662976
1415,0.001086341329695036,0.0007663291143840106
1416,0.0010251737044503291,0.0007860834965130358
1417,0.0006602104559230308,0.0008465355687488721
1418,0.0008535836396428446,0.0008553771639433433
1419,0.00071104853025948,0.0008042471521849356
1420,0.0005666907217043142,0.0007604462058855382
1421,0.0011140199222912392,0.0007496481435006763
1422,0.0008494643184045951,0.000726010283275588
1423,0.0009222866501659155,0.0007550249065961835
1424,0.0006569538304271798,0.0008453723358533044
1425,0.0008069570952405533,0.0009784741944992754
1426,0.0008136858794993411,0.0009385093713846556
1427,0.0007999405963346363,0.0008326872017263896
1428,0.0005427390375795463,0.0007714674616503844
1429,0.000653390147878478,0.0007657657306839338
1430,0.0011130455415695906,0.0008061650111963313
1431,0.0009342572962244351,0.0008279674156664277
1432,0.0006519573274999857,0.0007970856734566156
1433,0.0008222646623228987,0.0008095983447008363
1434,0.0009903753952433666,0.0008361511698770006
1435,0.0007688342942856252,0.0009161744424413273
1436,0.0006958080766101678,0.0009171046984865968
1437,0.0011261284817010164,0.0009178415996821846
1438,0.0006464233815980454,0.000916156940726842
1439,0.0007471038533064226,0.0008976581138852016
1440,0.0008553759233715634,0.0009922302487548294
1441,0.0007817271864041686,0.000970037251630226
1442,0.0006751990644261241,0.00076675920849886
1443,0.0009712238796055316,0.000667667729545414
1444,0.0010208355301680665,0.000706690743081565
1445,0.0006094383308663965,0.0007707571792306276
1446,0.0006144997450367858,0.0007772663650359577
1447,0.000626377392715464,0.0008175283611759427
1448,0.0007846218611424168,0.0007703425637703008
1449,0.0006553017301484942,0.0007542537925874917
1450,0.0006493841220314305,0.0007083738469298724
1451,0.0008353297986711065,0.000787551417180491
1452,0.0008096643180275957,0.0008151862352323814
1453,0.0007911831140518189,0.0007400471459538859
1454,0.0005778633562537531,0.0007101786552055732
1455,0.0008286386262625455,0.0007157339077391552
1456,0.0009091170271858573,0.000848270518664916
1457,0.00083365987908716,0.0009113703400637279
1458,0.0010196797316893934,0.0008980527920758454
1459,0.0008666499129806955,0.0008412750449772249
1460,0.0007125569701505204,0.000816468051341399
1461,0.0008972233743406832,0.0008656445704583871
1462,0.0008396388147957623,0.0009321016965316623
1463,0.0006590995471924543,0.0009408120197009325
1464,0.0006692532876816889,0.0008842263551333582
1465,0.0005209724321806182,0.0008445839250027606
1466,0.0009127594375361998,0.0008501435101112923
1467,0.0007704664021730423,0.0008642606828618413
1468,0.0006827223425110181,0.000866667187853357
1469,0.0009283918266495069,0.0007857957393788975
1470,0.0006381421854409079,0.0007542287962929177
1471,0.00100878769881092,0.0007785605234607292
1472,0.000808478546484063,0.000915693563746479
1473,0.0008868740328277151,0.0010593383143083963
1474,0.0009673622359211246,0.001109201171413416
1475,0.0009375195872659485,0.001038054529555494
1476,0.0006223897061621149,0.0010156699508523906
1477,0.0007312024477869272,0.0009102403148678755
1478,0.0006442676434138169,0.0006947749157758855
1479,0.0008010178532761832,0.0006618631199757591
1480,0.000811588135547936,0.0007046663782588668
1481,0.0005884826532565057,0.0007560163572261946
1482,0.0008370842280176779,0.0007142721566254287
1483,0.0007188529435855647,0.0005921766906243375
1484,0.0005265647584261993,0.0005872487328858592
1485,0.0006874949302679549,0.0006521021769433392
1486,0.0007925362093374133,0.0007950355505981432
1487,0.0005490944546181709,0.0008666940289182867
1488,0.000667023037870725,0.0007625286747870131
1489,0.0009727886761538684,0.0006661877649337581
1490,0.0009358621454642464,0.0006870885089032469
1491,0.0007564018208843967,0.0007450089370098522
1492,0.000687685616624852,0.0007948121647203825
1493,0.0007715343323070556,0.0008617413356738884
1494,0.0009502789859349529,0.0008949771991886902
1495,0.0005651527550071478,0.000875650643367379
1496,0.0006810402769284944,0.0008092147575904006
1497,0.0006291216355748475,0.0007941801056053167
1498,0.0006207342395403733,0.0008659852241481266
1499,0.0005803188192658127,0.0007835339345074603
1500,0.000800904183415696,0.0007823146137181581
1501,0.0007402170449495316,0.0008192957996750089
1502,0.0006469963739315669,0.0008396773258092131
1503,0.0006666890830577661,0.0007879418113789572
1504,0.000690200534882024,0.0008663711285651258
1505,0.0006205668478893738,0.0009444921866873293
1506,0.0007655868287353466,0.001016987232385042
1507,0.0007331891451030969,0.0009068214329047583
1508,0.0008693080705900987,0.0008131437921185252
1509,0.0007057100379218658,0.0007295202478531778
1510,0.0006910745054483413,0.0006516429730397686
1511,0.0005138501951781412,0.0006598693558828919
1512,0.0007096615464737018,0.0006703226515421952
1513,0.000864494278600129,0.0007378345178476879
1514,0.0006540319455477099,0.0008193024261817923
1515,0.0004626135652263959,0.0007484774618578239
1516,0.0005537726489516596,0.0006444612779199901
1517,0.0007031958996473501,0.0006717352863899836
1518,0.0005680157861206681,0.0006389757091230823
1519,0.0006848314777016639,0.0007540681706484788
1520,0.0007435595383867621,0.0009756917326425122
1521,0.0009476984889867405,0.0010433814856847087
1522,0.0007143560525340338,0.0008793432360852328
1523,0.0006191992782987654,0.0007525642359387276
1524,0.0008509241277351975,0.0007412125811156794
1525,0.000470215478950801,0.0006926040335624354
1526,0.0007172361249104143,0.0007209754649799053
1527,0.0006396998767741024,0.0006665609241646575
1528,0.000666491916247954,0.0006367550511096465
1529,0.0008655734787074228,0.0007080587661113795
1530,0.0008496090536937118,0.0008607381995122029
1531,0.000729045687088122,0.0008787914242514768
1532,0.0007009252556599676,0.0007583035346795255
1533,0.0006798722897656262,0.0006543378369501374
1534,0.0008464736863970756,0.0006645212791434775
1535,0.0006227337289601564,0.0007592952603063597
1536,0.0005025317834224552,0.0007823618778804918
1537,0.0006807822035625577,0.0007740679452760424
1538,0.0007710934306184451,0.0007877180304224272
1539,0.000649378658272326,0.0006779868240050209
1540,0.0005874755326658488,0.0006736539855166742
1541,0.0006659839496326943,0.0008077007025392272
1542,0.0007557761195736627,0.0007744829434402815
1543,0.00046921451576054096,0.0007109577202890801
1544,0.0007516633331154783,0.0007557278420174802
1545,0.0005687931242088477,0.0007730406373519245
1546,0.0006717405087935428,0.0007621241934179497
1547,0.0006457360558367024,0.0008888233519034592
1548,0.0008504445315338672,0.0009080948831520858
1549,0.0006218286658016344,0.000917049294418296
1550,0.0007704596772479514,0.0008619786675572101
1551,0.0006825265086566408,0.0008110891881868184
1552,0.000828316268355896,0.0007174522079725376
1553,0.001025164620174716,0.0007483909968983411
1554,0.0006145319629771014,0.0008421768929340004
1555,0.0005942604271695018,0.0007970547890217285
1556,0.0005662087816745043,0.0007886148450206819
1557,0.000500606953088815,0.0007706981149546098
1558,0.0007270296569913626,0.0008156746561734343
1559,0.000638112926390022,0.0008642166865784235
1560,0.0009198148269206286,0.0008365230063731805
1561,0.000659308722242713,0.0008599255463167087
1562,0.0005919451825320721,0.0007971302559415949
1563,0.0007626013985524575,0.0007102795877479252
1564,0.000574141088873148,0.0006560846163128598
1565,0.0007692902368338157,0.0006713752995069161
1566,0.0007822859954709808,0.0007056393628521991
1567,0.0005951638779758165,0.0007411163088528248
1568,0.0006850131961982697,0.0006726442741809457
1569,0.0005955600645393133,0.0006237955696103494
1570,0.0006781360406118135,0.000678889687158402
1571,0.0008402246011731525,0.0008947250151852747
1572,0.0007285167288500815,0.0008828783830385802
1573,0.0006742531162065765,0.0007068802264343038
1574,0.0008000981140260895,0.0005981300079344413
1575,0.0008191846000651519,0.0005202645032142296
1576,0.0006756860452393691,0.0005568122350533794
1577,0.0004920821714525422,0.0006018332059047822
1578,0.0006549811262326936,0.0007128182878373118
1579,0.0007415268337354064,0.0008482819204915344
1580,0.0007316253264434636,0.000773247686126746
1581,0.0007231967640109361,0.0005706624702209475
1582,0.0009268735613053044,0.0004890402008992011
1583,0.0007089371172090372,0.0005470857461437759
1584,0.0007974008292270204,0.0006114289620121222
1585,0.0006705225872186323,0.0006611256829946939
1586,0.0006569306657183916,0.0006350869575046062
1587,0.0008933916649160286,0.0005828306602779776
1588,0.0006560121740524968,0.0006407355380017222
1589,0.0006872577592730522,0.0006632412440972183
1590,0.000688516591132308,0.0006520652448699817
1591,0.0005762924013348917,0.0006341631107186298
1592,0.0008050906316687663,0.0007217130610007998
1593,0.0007561270690833529,0.0007384207317840278
1594,0.0005321060268518826,0.000634662754738366
1595,0.0007888751647745569,0.0005641177630759629
1596,0.000910561599691088,0.0006027872361129106
1597,0.0005873468394080798,0.0006578154816094229
1598,0.0006149482602874438,0.0007206219941465639
1599,0.0005619975039735436,0.0006399263130999574
1600,0.0007413052119469891,0.0005325857931693034
1601,0.0005853621075705936,0.0004889566550309968
1602,0.0007473599282093347,0.0004990589866821661
1603,0.0005943782976828516,0.0005223633878219022
1604,0.000520146176374207,0.0005425645616437183
1605,0.0007097811748584111,0.0005705923879680436
1606,0.0005463436032490184,0.0005568499190138844
1607,0.0005103943636640907,0.0005739107535506679
1608,0.0005473149882163853,0.0005785288544936384
1609,0.0007649374427273869,0.0006055694919512203
1610,0.0006849710907166202,0.0007280909275731409
1611,0.0008762232959270477,0.0008526957533358941
1612,0.0008683026768267155,0.0007789295077815241
1613,0.0005987586337141693,0.0006298442604020238
1614,0.0007825022020066778,0.0005648748075596871
1615,0.0005615078068027893,0.0005480224714893115
1616,0.0005429542507044971,0.0005305473310927911
1617,0.0005937296780757606,0.0005715895718234906
1618,0.0006217575709645946,0.0006303014229125101
1619,0.0007648498751223088,0.0006953318187174952
1620,0.0005350933022176226,0.0007546502555075182
1621,0.0007308628836957116,0.0008077645476350165
1622,0.0006161073843638103,0.000838713346445185
1623,0.0007151241647079587,0.0008023487084075868
1624,0.0007984829639705519,0.0006250920109670815
1625,0.00044417462680333605,0.0005133684367531778
1626,0.0005379451904445887,0.0006158432394346795
1627,0.0005738069885410368,0.0008020293087639853
1628,0.0005853312633310755,0.0007280507872035126
1629,0.0006807377600731949,0.0006790579114233943
1630,0.0007389314007014037,0.0006292694927501221
1631,0.0008569430812106778,0.0006304289806472856
1632,0.0005172328402598699,0.0006082080438454437
1633,0.0006689216650556773,0.0007410668598407307
1634,0.0006171085794145862,0.0009171341488130508
1635,0.0005961181285480658,0.0011111102621511036
1636,0.0007480806089006364,0.0009709603618830442
1637,0.0006798520994683106,0.0007401343272800931
1638,0.0008712102814267079,0.0006358968359821542
1639,0.000640999712049961,0.0006590508553382801
1640,0.0007810137545069058,0.0007436860611251606
1641,0.0005969915771856904,0.0007688987956155003
1642,0.0004993170344581207,0.0006064036063571262
1643,0.000713974895188585,0.0005149112603678478
1644,0.0008866910745079318,0.0006057537769473444
1645,0.0005895266018342227,0.0007561225825407374
1646,0.000702806655317545,0.0008827127955347945
1647,0.0005921052574800949,0.0008844325514180278
1648,0.0006612793542444706,0.0008435114740584721
1649,0.0006257996583978336,0.0008927716838753246
1650,0.0006949348297591011,0.0008028256408980219
1651,0.000766338089791437,0.0006472522646782729
1652,0.0005981541316335399,0.0005599626048475387
1653,0.000545486759316797,0.0005717210106800977
1654,0.0005955847213044762,0.0006743503906800756
1655,0.0006938860712883373,0.0007123923447995088
1656,0.0006268969387747348,0.0006871300031739016
1657,0.0006898974495319029,0.0006991232242105221
1658,0.0009300336823798716,0.0007382338824425274
1659,0.0006213299355295021,0.0007471781513675696
1660,0.0006022163899615407,0.000794194847268353
1661,0.0004614603511678676,0.0007736524745755954
1662,0.0005624204369572302,0.0008261545839000816
1663,0.0008252499431061248,0.0007603682979105378
1664,0.0004616304669373979,0.0006764463009679411
1665,0.0006785766706646731,0.0005650323362815685
1666,0.0005609210832820585,0.0005736377440378305
1667,0.0007747999130515382,0.0005631058451198922
1668,0.0006135038585246851,0.000589989799470824
1669,0.0005904752567100028,0.0006401804248311036
1670,0.0009206113560746113,0.0005981369736039732
1671,0.0007747304587004086,0.0006614613963665045
1672,0.0005268923899469277,0.0007199188987687817
1673,0.0007363161304965616,0.0006600601812201281
1674,0.0005283236387185752,0.0006255676757221617
1675,0.0008070057209503527,0.0006473879004447303
1676,0.0007941780107406279,0.0006884642675936985
1677,0.0008212548273149878,0.0008452807101201061
1678,0.0006405287732680639,0.0007836823851258795
1679,0.0006378122333747645,0.0006385850820939724
1680,0.0007560725595491627,0.0005934980911510725
1681,0.0008243744921249648,0.000705314481146927
1682,0.0010526358926047882,0.0007390915118267862
1683,0.0005891426544015606,0.0007488536579703076
1684,0.0005292929107478509,0.0007032183229035926
1685,0.000698796190166225,0.0006681882274909107
1686,0.0007420955342240631,0.0006896659092955643
1687,0.0006145287266311546,0.0008870321041794391
1688,0.0005544858829428752,0.00088139663759333
1689,0.000657155275500069,0.000817312853498839
1690,0.0006559692051572104,0.0007540093790776441
1691,0.0006272334838286042,0.0006551361215616188
1692,0.0006012933057111999,0.0005691685740410636
1693,0.000689447198722822,0.00056851355956618
1694,0.000623725998836259,0.0006928829541319879
1695,0.000655775119472916,0.0007171054456866984
1696,0.0007043906836770475,0.0006480883874776443
1697,0.00047062140656635166,0.0005213761437266303
1698,0.00044779203017242253,0.0005301153883117977
1699,0.0008372036235717435,0.0007188386878724701
1700,0.0005785146941586088,0.0007561942370879779
1701,0.0005197974814412494,0.000683458038884413
1702,0.0005569749065519621,0.0007083120446021515
1703,0.0007225155519942442,0.0007739277683953777
1704,0.0007919634246112158,0.0006932313210242905
1705,0.0005852272113164266,0.0006762385399513474
1706,0.00048129380641815566,0.000810952403391968
1707,0.0004463324226283779,0.0007218774527267325
1708,0.0008434581492717067,0.00065408503878715
1709,0.0006612413194185744,0.0006056891893601324
1710,0.000655141150734077,0.0005853910514292871
1711,0.0008089806108425061,0.0006578033588327995
1712,0.0004842030524741858,0.0007034131059034427
1713,0.000663641836338987,0.0007539085139095138
1714,0.0006489364372100681,0.000760441025862045
1715,0.0005133385226751367,0.000653663277534372
1716,0.0007592140774553021,0.0005790996443164923
1717,0.0006548183349271616,0.0006318895304832226
1718,0.0007136712956707925,0.0006921588884131235
1719,0.0007111437405304363,0.0008320070520835364
1720,0.0005704931478248909,0.0008376041261339927
1721,0.0007192668970674276,0.0006942834854529305
1722,0.0007267148854831854,0.00056458770445966
1723,0.0006919640426834424,0.0005864679545721435
1724,0.0006772441430560624,0.0005345959883223573
1725,0.0006076683561938505,0.0005312372981222332
1726,0.0006441221300822993,0.0005733153508246443
1727,0.0004915362223982811,0.000595093140099931
1728,0.0005455108650494367,0.0006939024125009511
1729,0.0005792339914478361,0.0007088670175243902
1730,0.0008802788603740433,0.0005913252679183785
1731,0.0005892610235605389,0.000529416882401831
1732,0.000710779381915927,0.0005705933511444169
1733,0.00046420606086030605,0.0005549177108974174
1734,0.0005961363077706968,0.0005949702861858165
1735,0.0006035842389489214,0.0007311555040875582
1736,0.0004877877654507756,0.0007482457050767647
1737,0.0006453540253763397,0.0006463851346121001
1738,0.0006600934391220411,0.0005534219882802994
1739,0.000722048517006139,0.0005062483670464973
1740,0.0007231532518441479,0.0005486720671517936
1741,0.0006162423174828291,0.0005581381617986604
1742,0.0005434667691588402,0.0005534535629572127
1743,0.0005750725123410424,0.0005460869386612518
1744,0.000607673575480779,0.0005732625182058046
1745,0.00050481158735541,0.0005899287474261024
1746,0.0005122133132924015,0.0005347293274070129
1747,0.0005409788049291819,0.0004455974957113719
1748,0.0006756215492108216,0.00047791736176618793
1749,0.0005595659061024586,0.0004965370247327524
1750,0.0005185915273614228,0.0004472836187956341
1751,0.0005719630086484054,0.0004327111073364467
1752,0.0005661710766920199,0.000518898896948163
1753,0.0004375174350570887,0.0005148296504772789
1754,0.0005567502579651773,0.0004924558956491373
1755,0.0005971988760090122,0.0005342895935076898
1756,0.0005511686535707365,0.0005085253554092001
1757,0.0006244302630269279,0.0005496443697530043
1758,0.0004656075849197805,0.000666474000418808
1759,0.0005492807598784566,0.0006626412635907442
1760,0.0008091075423484047,0.0006263120215400819
1761,0.0006571086957895508,0.0005795101178663335
1762,0.0005747715981366734,0.0005171064557379303
1763,0.0007349145598709583,0.0005800855038027594
1764,0.0007190889135623972,0.0006211688027049848
1765,0.0005156357384597262,0.0005963807050175378
1766,0.0006300248942958812,0.0005971752359223824
1767,0.00044180634431540967,0.000504207852577028
1768,0.0006934878319346656,0.0005247176454794835
1769,0.0007192713518937428,0.0006449717696477461
1770,0.000598149288756152,0.000725771965070327
1771,0.0005524921095153937,0.0005862655578269146
1772,0.0006305275484919548,0.0005431725963488162
1773,0.0006661157511795561,0.0006464846289210667
1774,0.0006600041369286676,0.0006778113114075574
1775,0.0007975672177659969,0.0005869436197855517
1776,0.0005330870723507056,0.00047349126177187277
1777,0.0004865423795611908,0.000433797842646971
1778,0.0007547825206226359,0.0004939453501719981
1779,0.0005334866941363241,0.0005211597904342953
1780,0.0005588509414034585,0.0005524222925580363
1781,0.00048143356883277496,0.0005450533951841676
1782,0.0005108974951629837,0.0004813089085867496
1783,0.00045150828761203834,0.0005147085173557857
1784,0.0006478694151155651,0.0005496464959367758
1785,0.0005620437596614163,0.0005473748640538611
1786,0.000677449923629562,0.0005361377126372266
1787,0.0004877211487231155,0.0005517172442444813
1788,0.000589109134549896,0.000598853473243575
1789,0.0007378045042666296,0.0007440663134407868
1790,0.0006786083026478688,0.0007110425508507769
1791,0.0007351022136087219,0.0006781254865698457
1792,0.00043265760953848563,0.0005640652082039146
1793,0.00047951799739773076,0.0005222033758787071
1794,0.0007328693793776135,0.0006078935606867134
1795,0.00035656538093462584,0.0006661641491232367
1796,0.0005322282357762257,0.0006449411606680104
1797,0.0004938222894755503,0.0005376016758712317
1798,0.0007430163386743516,0.0005691275568898973
1799,0.0006472276213268439,0.0006342669343942498
1800,0.0007021081342827529,0.0005790001449659173
1801,0.0006991331155101458,0.000514103505782431
1802,0.0006736778557145347,0.0005163318087075522
1803,0.0006590387318283319,0.0005195577719201165
1804,0.0007367089429559807,0.0005183812633237443
1805,0.0006582944110656778,0.0005440649275821964
1806,0.0006557248998433352,0.0005980092797457702
1807,0.00044256195154351494,0.0005713904869566694
1808,0.0006754073702419798,0.0005538196843319139
1809,0.000572014506906271,0.0005246232374659263
1810,0.0006513969351847966,0.0004882189455739127
1811,0.0004951181937940419,0.00045666365479082454
1812,0.0005556458743133893,0.0005453816137467255
1813,0.0007364514497263978,0.0006701720270738886
1814,0.0004224405352336665,0.0005645457832564372
1815,0.0005428682741088172,0.0005057113862497453
1816,0.00040259004842179514,0.0005245368268183161
1817,0.0005853777683417623,0.0005762200627483311
1818,0.000704161209675173,0.0006851502052530295
1819,0.0005606242261516551,0.0008138658549438605
1820,0.000610525122222801,0.0007989891460092049
1821,0.0004987192379000287,0.0006046084367200791
1822,0.0006392016424797475,0.0005117635436055404
1823,0.0005837421126974125,0.000517394609096658
1824,0.0007441643470277389,0.0005893358258589164
1825,0.0007983983862989893,0.0006975514542010766
1826,0.0005724039336200803,0.0006679054390910397
1827,0.0008362410396027068,0.0006155533176172143
1828,0.0005563915086289247,0.0005178581091380993
1829,0.0005009317692990105,0.0004207587933376813
1830,0.0004742984155503412,0.00043586369646955134
1831,0.0006165144538196424,0.0004714050458095176
1832,0.0005959740141406655,0.0005824295015580307
1833,0.000585472583770752,0.0006793978620379225
1834,0.00045667516921336454,0.0006399593085937906
1835,0.0004950215166900307,0.0006138743570543767
1836,0.0007138503133319318,0.0005534028565221444
1837,0.00041752448693538704,0.0005262986821943791
1838,0.0005437821770707766,0.0005560853169299662
1839,0.0006701515677074592,0.0005711097014503275
1840,0.0005881399401308347,0.00042722067785610655
1841,0.0005908798368182034,0.0004068794565167146
1842,0.0006608156516449526,0.00047082896665193315
1843,0.000717745713579158,0.0006107026140487892
1844,0.0005595509661361575,0.000523867719214571
1845,0.0006240280461497604,0.00042663650027124255
1846,0.0005786331215252479,0.0004381680742866822
1847,0.0007213856287611027,0.0004942825146103791
1848,0.000655808284257849,0.0005253465182980244
1849,0.0005050615582149476,0.0005697036500264868
1850,0.0005783976948199172,0.0005478683591446303
1851,0.0003715883620316163,0.0004749291025993128
1852,0.0006372091185767204,0.0004790755468659015
1853,0.000459989895656084,0.0005250540607806852
1854,0.000684064463712275,0.0005449284753564188
1855,0.000453021633438766,0.00046543948059923597
1856,0.0004574035779417803,0.0005400959119534369
1857,0.00041884874056753084,0.000676105663548847
1858,0.0005716597583765785,0.0007248319626793148
1859,0.0005877140560187399,0.0006628880342816948
1860,0.0005570321305034061,0.0006150839232480315
1861,0.0006045728339813649,0.0006430658718523401
1862,0.0005371064277521024,0.0006490991616760945
1863,0.0006994161522015929,0.0006175913025742383
1864,0.0006656596475901703,0.0007336835718831033
1865,0.0005452690180391073,0.0007754698524977572
1866,0.0004452744615264237,0.000658321686595033
1867,0.0007435792513812582,0.0005878986851275554
1868,0.00048289702584346136,0.0005613714176978124
1869,0.0006256964950201412,0.0005903477096695482
1870,0.0004796757750834028,0.000574668565963021
1871,0.0004487904797618588,0.0005727369951516918
1872,0.0005202139106889566,0.0005279841216823716
1873,0.0004779901821166277,0.0005390522728846445
1874,0.00041449952404946087,0.00048196465799064324
1875,0.0005865930375875905,0.0005897655487280544
1876,0.0005428891784201066,0.0006281419461923028
1877,0.00042793107762311897,0.0006797130386469754
1878,0.00044823824622047446,0.0006418963518419017
1879,0.0008078907703747973,0.0006547923480329199
1880,0.00044113776530139146,0.0005500869922647913
1881,0.0006356828244558226,0.0004878979355947474
1882,0.0005420516633118192,0.0004913336666132228
1883,0.0005054209963418543,0.0005210871060239518
1884,0.0006116226121472816,0.0006414132892139491
1885,0.00046815379367520413,0.0005516127789096071
1886,0.0007622774321741114,0.00046058179463230543
1887,0.0005261315731331706,0.0005367624921280539
1888,0.0005118056278054912,0.0006570350942495242
1889,0.0006980382876160244,0.0006958157498770811
1890,0.0005964786473972102,0.0005848616907945064
1891,0.000849807281823208,0.000546411240581555
1892,0.0007354517409112304,0.000616833819699745
1893,0.00042222499323543163,0.0005668234664444467
1894,0.0006324505792387451,0.000499584059658145
1895,0.0003938819126536449,0.0005073791019633177
1896,0.0005353777242513995,0.0006197916694887452
1897,0.00048094461963046344,0.0006126759584817126
1898,0.0007268729464461406,0.0005730588716000143
1899,0.0004210641840472817,0.0005411844822948461
1900,0.0005608611895392339,0.0005264713160334317
1901,0.000561649779168268,0.00048567440203119687
1902,0.0006140479876194149,0.00046956871464797184
1903,0.000665943935746327,0.0004103547260055216
1904,0.0005920441898827751,0.00042766041725536617
1905,0.0006387708980279664,0.0005000337397342357
1906,0.0005370942856340359,0.0005890811389260816
1907,0.0007008983714816471,0.0006347253130781868
1908,0.0005219920615976056,0.0006426794217958108
1909,0.0007135278157268961,0.000572510431456475
1910,0.0006595889048185199,0.0005205728527979823
1911,0.0005577453712855156,0.000551057387763033
1912,0.0005367814369189243,0.0006403778473421286
1913,0.00044103909361486635,0.00047352075151453805
1914,0.0006091706648779412,0.000455542312848829
1915,0.0003910671298702558,0.000557789891155246
1916,0.0006328516406938434,0.0006747185674268664
1917,0.00058313812672471,0.0006445846932859519
1918,0.0006793497285495202,0.0005447419042200378
1919,0.0006392105598933995,0.00050766989024994
1920,0.0005511749458188812,0.0004999329747107818
1921,0.0006325942153731982,0.000531584802212003
1922,0.000617914580895255,0.0005108619557499269
1923,0.00060840881196782,0.0004928868713579691
1924,0.0005009171203710139,0.0004189082063408202
1925,0.00047162329234803717,0.0004502037644576956
1926,0.000563627330120653,0.0005016448008314538
1927,0.0008539671970841785,0.0005274509161336743
1928,0.0005446831268879275,0.0005955182242309894
1929,0.0006950520173025627,0.0007008641099329949
1930,0.0005119914615837237,0.0006980753946484719
1931,0.0005170127667952328,0.0006233231805257616
1932,0.0005215956169801454,0.0005194393970167602
1933,0.0004327759224300583,0.0005413029195308158
1934,0.000633513341502597,0.0005657227323060547
1935,0.0005055844744977851,0.0006336265020842451
1936,0.0006032244845603903,0.0006297747760380465
1937,0.0006590665318071843,0.0006119983786841722
1938,0.0006034787414440265,0.0005371753838166272
1939,0.0005703456661043068,0.0004871033806276808
1940,0.00048718374455347657,0.0005240930160910889
1941,0.0005285462519774834,0.0005383127207196809
1942,0.00035204739833716303,0.000530743745052967
1943,0.0005237456624551366,0.0004977194051987925
1944,0.0007109648509261508,0.0004419239600442027
1945,0.0004501802245310197,0.00046024334320879184
1946,0.0005508702151322116,0.0004492288024080404
1947,0.0004614233796019107,0.00039527659541853947
1948,0.0003781753475777805,0.00043567324054471444
1949,0.000614428921835497,0.0005284604253467378
1950,0.0005905578359185408,0.0005485271823255154
1951,0.0005193703613864879,0.0005171798219112312
1952,0.0007027525687590241,0.0005384182496047689
1953,0.000683416094398126,0.0005924442400752501
1954,0.0006136382978487139,0.0004905740972003335
1955,0.0005518890180004139,0.0005152917936385616
1956,0.00043847056610199313,0.0005382532707606186
1957,0.0004362024929529677,0.0005185475575693655
1958,0.00040909142214028783,0.00046457014918349334
1959,0.0007713262360387793,0.00038946334968823355
1960,0.0005615244619548321,0.00044916121620963527
1961,0.0006953962981545677,0.00050458528411274
1962,0.0005801488218518595,0.000556942270738696
1963,0.0006845942077537378,0.0005487628124368297
1964,0.0004562345255787174,0.0005004250602136681
1965,0.0006691306208570798,0.0004391938571242513
1966,0.0006139162365191926,0.0004565667454519962
1967,0.0005735972352946798,0.0005775785933461363
1968,0.0005806464129515613,0.0007691822407994508
1969,0.00045186604062716167,0.0007422016750229156
1970,0.0004010043921880424,0.000656056744468171
1971,0.0003722035442478955,0.0004959074362349792
1972,0.0006439761064636211,0.0004017793036736988
1973,0.0005653486354276538,0.00044056532357262054
1974,0.00045637305981169145,0.00039231475863393074
1975,0.0005057812241526942,0.00040420787269157896
1976,0.00041858103941194713,0.0004610280764351533
1977,0.0004392319882754236,0.0005540776040815697
1978,0.00040349598275497557,0.0005156988968731703
1979,0.0004700493533164263,0.0005638240277400519
1980,0.0004603292676620185,0.0006308712025803667
1981,0.0006323984824120998,0.0005558225150700424
1982,0.0005590781259040038,0.000490803724818489
1983,0.0005909118646134933,0.0005342642163425156
1984,0.000500742489627252,0.0006110745442730528
1985,0.0003370035148691386,0.0006651021879327696
1986,0.0006843241746537388,0.0005957059256043139
1987,0.0004948159679770469,0.0006242728738048239
1988,0.00040788513724692165,0.0005623909730031559
1989,0.0007422906540644666,0.0005963567271278658
1990,0.000498268580607449,0.0006066160487363071
1991,0.0003663004492409527,0.0004958756747893901
1992,0.0005362789602562164,0.0004825201884689411
1993,0.0005284677104403575,0.0004884544262702862
1994,0.000493365580526491,0.00046049291772151907
1995,0.0005064186872914434,0.00046780407561656585
1996,0.0004006634020091345,0.000451536613102181
1997,0.000505516988535722,0.000566016754784482
1998,0.000484107865486294,0.0007864959766230304
1999,0.0007824315340258181,0.0006857799003120717
2000,0.00043866919974486034,0.0005167602248834519
2001,0.00036543442013983924,0.00048563615776466457
2002,0.0004869886615779251,0.0005189072419559275
2003,0.0004049245539742211,0.0005543806400392058
2004,0.0006490285818775495,0.0006282650563117909
2005,0.0005806605913676322,0.0006539373347851059
2006,0.0005848663665043811,0.0005875112929777425
2007,0.00043152288417331875,0.0005290829175514881
2008,0.0005428732780274004,0.0005173368732844604
2009,0.0004398412478622049,0.0004999244798297487
2010,0.0005398705213641127,0.0005700919918319959
2011,0.0005221275690322121,0.0006513300839459567
2012,0.00040430936545211203,0.0006560002931203018
2013,0.0005187778287411977,0.0006302183848717727
2014,0.0005171729911429187,0.0005111968549019767
2015,0.0005809963215142489,0.0005131720674799858
2016,0.0006100557278841734,0.0005430566361467317
2017,0.0004473192694907387,0.0004880324777905045
2018,0.0005259120836853981,0.00044461442400540015
2019,0.0006963057404694458,0.0004912397244901169
2020,0.0004008877595576147,0.0005504523638148213
2021,0.0004189083197464546,0.0006112171535006188
2022,0.000528688383443902,0.0005842893871141406
2023,0.00036838640614102284,0.0006317680226785578
2024,0.0005049587110988796,0.0006756990493502556
2025,0.0005067588315190127,0.0007198583650930719
2026,0.00041275454180625577,0.0006000336926929125
2027,0.00041047539367961385,0.0005455553416148063
2028,0.0005823229847010225,0.000583469040424189
2029,0.0004859900946030393,0.0006421993657997919
2030,0.000667206085442255,0.000723563981431309
2031,0.0004137307444276909,0.000679544245596887
2032,0.00047130205202847717,0.0005869046809228767
2033,0.0005096201881921539,0.000427079188094775
2034,0.000511022893867145,0.0004250781565233625
2035,0.0006308824017954369,0.0005626411009469898
2036,0.0006850811972981319,0.0005924282788013028
2037,0.00034238117514178156,0.0005020434460804365
2038,0.0006724410845587651,0.0004637563432929817
2039,0.0004385355607761691,0.0005817541787969168
2040,0.0006131948961410671,0.000576785332468287
2041,0.0006822140062771116,0.0005166658840149524
2042,0.000468706824661543,0.000554076659467482
2043,0.0004657760786358267,0.0005188338906782878
2044,0.00044379941343019403,0.0005893674319313003
2045,0.00041281578208630286,0.0005577035504026617
2046,0.0005844725392914067,0.0005598051847494024
2047,0.0003799932465578119,0.00045795389267755306
2048,0.0004202831381311019,0.0005179401636068658
2049,0.0006156376145857697,0.0006330861938259322
2050,0.0005544654656356821,0.0006808982602885272
2051,0.0003885748873775204,0.0006437293197922995
2052,0.0006492103217169643,0.000636557610723828
2053,0.0005051420497087141,0.0006349896393371673
2054,0.00030841521414307256,0.0005515198036294988
2055,0.0005420371696042517,0.0005741189087293748
2056,0.00041307931145032246,0.0006122166308295715
2057,0.00032505092385690657,0.0007261234834262236
2058,0.00042599734636799744,0.0007897236743780572
2059,0.000461293978150934,0.000751248739593787
2060,0.00036353580265616376,0.0007020631629980984
2061,0.0004771815399484088,0.0006045786825221354
2062,0.0005313143657986075,0.0006739101345159524
2063,0.0004718522677042832,0.0007117115058312852
2064,0.00041071443314043184,0.0006222759351027968
2065,0.0004304197539264957,0.0006349682393135489
2066,0.0005463015598555406,0.0005427749300885242
2067,0.0003998862036193411,0.00045835386111958346
2068,0.000493882109488671,0.0004979067717634845
2069,0.0005499286208457004,0.000554117518037147
2070,0.00039287378118994337,0.0006523613444910803
2071,0.000491793422649304,0.0007219757698201318
2072,0.0004253681322249273,0.0005941305279284422
2073,0.0003175986329248796,0.0005139558155302281
2074,0.0005695332093940427,0.000496116929044067
2075,0.0005661096084319676,0.0005551035535213809
2076,0.0005845121884097656,0.0006521180421975624
2077,0.0005259631822506586,0.0006359069528861163
2078,0.000373215606668964,0.0005985565245697847
2079,0.0005018292072539528,0.000511724846969234
2080,0.0005421948172928144,0.0004450063499361717
2081,0.000568424192412446,0.00044373814433659096
2082,0.000523349658275644,0.0004978228308165108
2083,0.00044628998342280586,0.0004867987318136766
2084,0.0004626927121231953,0.00044384538370191936
2085,0.0005319383228197694,0.00042953555459361966
2086,0.0005112306166362639,0.00039098593640126523
2087,0.0005891207450379928,0.0003923623541674364
2088,0.000546608706160138,0.0004414515913552128
2089,0.00038181292087150116,0.0006179308959220602
2090,0.0006254633190110326,0.0006183452609061138
2091,0.0005275610291088621,0.0004877308800662538
2092,0.0005335687271629771,0.00043414186963107524
2093,0.00043563588988035915,0.0004609024707194946
2094,0.00033364654518663883,0.0005075885166274751
2095,0.0004727776899623374,0.0004963375303498286
2096,0.0004496998929729064,0.0005187941802203596
2097,0.0005500474750685195,0.0004864946091602608
2098,0.00033982027089223265,0.00048312372605932336
2099,0.0005761564670441051,0.0004951410954836462
2100,0.00039795558550395074,0.0004807647792475782
2101,0.0004902713776876529,0.0005462217753327737
2102,0.0003503413482879599,0.0005425635469054408
2103,0.0005453573869696508,0.0005199103730760045
2104,0.0004302371972395728,0.0004319672944394534
2105,0.00046341316968513034,0.0004010013965559815
2106,0.00037658233777619897,0.00045382615346571534
2107,0.0004998543920616309,0.0006182889527857568
2108,0.00042140802834182977,0.0006875097659951824
2109,0.0004473438952118158,0.0005497518935108806
2110,0.00040942523434447746,0.0005607776500570668
2111,0.00041777438406522075,0.0006329379771839768
2112,0.00041131096659228204,0.0006275319152394324
2113,0.000435278743195037,0.00045486232316246125
2114,0.00031970603934799633,0.00046535054273082047
2115,0.000542027282062918,0.0005069856261962834
2116,0.0004796206184740489,0.00047219580215379945
2117,0.00034324476049126435,0.000421180468653952
2118,0.0005175199029811968,0.0005302299751339143
2119,0.000394069473259151,0.0005975172476381004
2120,0.0005084168631583452,0.0006107638679870119
2121,0.0005428972692849735,0.0005541490523811928
2122,0.0005303349753376096,0.0005136433469523918
2123,0.0006788277494100233,0.0006172656440029405
2124,0.0006249250494875014,0.0006509920757256565
2125,0.000499487747826303,0.0006501758869876718
2126,0.0005385321526167294,0.0005728974640479414
2127,0.0004196227605765065,0.0005116040032818972
2128,0.0005222681909799575,0.0005372832272583105
2129,0.0006034698453731835,0.0005648311256893038
2130,0.0004678417288232595,0.0005435264815107047
2131,0.0004510095847460131,0.000576154349049128
2132,0.0004986826524448891,0.0006573078140990413
2133,0.0006011991509391616,0.0005918593424570373
2134,0.00046184861857909707,0.0005143746668582885
2135,0.00045144475103976826,0.0004731379962694927
2136,0.00044938651262782514,0.0004740770391507558
2137,0.0005243512142139177,0.0004673337833827552
2138,0.00043792079862517614,0.0004248261246848558
2139,0.0004491657232089589,0.00041247283289113675
2140,0.0005037125743304689,0.0004380385221374463
2141,0.000523664786790808,0.00042467414677385093
2142,0.0005189624770234029,0.0004966205921423747
2143,0.0005685515090590343,0.0005116585578391783
2144,0.0005254776333458722,0.00046734273636266294
2145,0.0004351875085073213,0.0005467838007777078
2146,0.0005431544346113999,0.000600161487841612
2147,0.00060514843207784,0.0005058217974742655
2148,0.0005257607554085553,0.000425644167588921
2149,0.0005625396346052488,0.00043242944035070443
2150,0.00035961554773772755,0.000489434902922903
2151,0.000671681222350647,0.0006712594653450422
2152,0.0006503900163806975,0.0007061615155910795
2153,0.0004520469199633226,0.0005515461703249085
2154,0.0004643404371260355,0.0005871417366635553
2155,0.0004704025554625938,0.0007863312697965711
2156,0.0005639673792757094,0.000721363329665926
2157,0.0003315948648378253,0.0005422888514329129
2158,0.0005594943456041316,0.000516259945621054
2159,0.0004959690617397427,0.0006328557771960581
2160,0.0004114752421931674,0.000703526101181445
2161,0.00040911281345567353,0.000520526682664677
2162,0.0005143226978058616,0.0005418527660539417
2163,0.00033022740390151737,0.0008125528264662442
2164,0.0004880720439056555,0.0008383023261099937
2165,0.0003951356397010386,0.0006700408815472262
2166,0.0005497628105028222,0.0006293710898681302
2167,0.0003771167655941099,0.0006543726946307919
2168,0.0004901081721376007,0.0006344399802702091
2169,0.00045210578634093205,0.000677010669614973
2170,0.0005298704064140718,0.0006122018149173928
2171,0.0005572430246199171,0.0005611631415205033
2172,0.0006441244777912895,0.0005535233026099076
2173,0.0005535911729869743,0.0004628516873894773
2174,0.0003387755830772221,0.0005538678722544096
2175,0.00044414116418920455,0.000661994414459034
2176,0.0005535440111998468,0.000602925253581021
2177,0.0005776226190694918,0.0005167548189042356
2178,0.0005018466152250766,0.0005011651050812734
2179,0.000506258193248262,0.0006300711323228466
2180,0.00046775643907797835,0.000618705326163276
2181,0.00045385951913582784,0.0006253168529530209
2182,0.0004932476430743311,0.0005449422925718012
2183,0.0005078665853943676,0.0006222256448295876
2184,0.000336924228273953,0.0006518162428089748
2185,0.0005234722882354011,0.0006627865033920884
2186,0.0004511597740929574,0.0006507943223017877
2187,0.0005002838675864041,0.0006309077583664046
2188,0.0004403012668869148,0.0006058851287216242
2189,0.000515359149236853,0.0005587998793211099
2190,0.0005647772612671057,0.0005612391799754338
2191,0.0003915468192038437,0.000608223873579244
2192,0.0004079917484583954,0.0006686179783180591
2193,0.0003253347298596054,0.0007110848852367265
2194,0.00035332487314008174,0.0006480650136643272
2195,0.00033358344226144256,0.00050876756825697
2196,0.0006024861145609369,0.0004848774875913871
2197,0.000553813223571827,0.0005655940560217008
2198,0.00034603261738084254,0.0006242324199388171
2199,0.0003683425524892906,0.000628629315499671
2200,0.0006060917163267732,0.000646392242363324
2201,0.0004220343466537694,0.0006868325010690046
2202,0.0005349854473024607,0.0006329439361359719
2203,0.0005241327608625095,0.0006542587721551673
2204,0.0004916633576309929,0.0007885407528557675
2205,0.0005515529327870657,0.0007348396695277647
2206,0.0004899517244969805,0.0006142944962842258
2207,0.0005115556026188036,0.0005541461772894062
2208,0.0004107355877446632,0.0005013211534035898
2209,0.0004046877264045179,0.000592857198679717
2210,0.00043415267330904804,0.0006170096203563808
2211,0.0006027235009241849,0.0005219921737351991
2212,0.0005713650452283521,0.0005042115457843637
2213,0.0006006409608138104,0.0005893487328348138
2214,0.00035287861537653954,0.0006446011926370167
2215,0.000604923430364579,0.0005856937498283228
2216,0.0004342898833177363,0.00048500330207546747
2217,0.00033493452550222475,0.0005085127548255965
2218,0.0005758527957368642,0.0005771945469910059
2219,0.0004898400414579859,0.0006225677156696228
2220,0.00036901384398030737,0.0006198676932771786
2221,0.00046030881737048427,0.0006305175106037467
2222,0.0003177031661228587,0.000603178829068362
2223,0.00048664106871001425,0.0006351595472702097
2224,0.0005310770735377446,0.0005992001608219438
2225,0.0003685895741606752,0.0006035910905558821
2226,0.0004329969000536948,0.0006227008883812003
2227,0.0005357822791362802,0.0007337562677516477
2228,0.0004949176412386199,0.0007134125756803812
2229,0.0007186826919981589,0.0008522426683408039
2230,0.0004366083381076654,0.0009362842444436786
2231,0.00044326994296473764,0.0008208824784080608
2232,0.0003465576970484108,0.0006978833098257855
2233,0.00034916076498727003,0.0006237129633146243
2234,0.0004739949576711903,0.0005877999887677042
2235,0.0004996527248295024,0.0006504253938970134
2236,0.0006476876869176824,0.0007066152885365556
2237,0.0005046133631064246,0.0006961904522984868
2238,0.00044282016654809315,0.0006571985010285019
2239,0.0004210183125299712,0.0006986495075787703
2240,0.0003690893102126817,0.0006096805477932858
2241,0.0004584988773179551,0.0005284724083333093
2242,0.00031654700190604973,0.0005555469373160401
2243,0.0004036514418354879,0.000576756510051246
2244,0.0005569613926733534,0.0005295236542725598
2245,0.0005110077909193933,0.0005762200659566273
2246,0.0005538473332611223,0.0006600076467436775
2247,0.0005111718472714226,0.0006799453069221258
2248,0.0003644683243085941,0.0007177722332339118
2249,0.0003461584293593963,0.0007308388233604643
2250,0.0003512937983032316,0.0005558864277692174
2251,0.000396790219626079,0.00045178900495736207
2252,0.0004992492060409859,0.0004588370610167837
2253,0.0004052122278759877,0.000530656163148054
2254,0.0005809590647307535,0.0005813508393521619
2255,0.0005881161933454375,0.00047140852131103496
2256,0.0005037235328927636,0.0005495369559938572
2257,0.0003291654924396425,0.0006995679919266941
2258,0.0003694504441227764,0.0007349295726350296
2259,0.0005457675550132989,0.0007919029190157371
2260,0.00045284425723366437,0.0006607865931202224
2261,0.00033196439035236834,0.0005309680159621703
2262,0.0005922192251697803,0.0004586308580863576
2263,0.00041146351820013177,0.0004825379149933294
2264,0.00037831107038073243,0.00040865773756761016
2265,0.00032883132031808295,0.00041702208528570154
2266,0.00038581326274046056,0.0003838226487667586
2267,0.00046955185922949264,0.00036175317047567175
2268,0.0004410917890102913,0.00044761351369299344
2269,0.00035535085674685737,0.000589752560513512
2270,0.0003692216317479809,0.0005788719810923107
2271,0.00030822744496011487,0.000497186790434937
2272,0.0004398826626129448,0.0005348172574120713
2273,0.0004212474062417944,0.0005088346406696437
2274,0.0005235822269848237,0.0004489932107962815
2275,0.00037755253094170864,0.0005072675676059389
2276,0.00037980303168296816,0.0005747299745869567
2277,0.0006112835059563319,0.0005972826863477725
2278,0.00031749742726484934,0.000660984081401321
2279,0.0006003089423757046,0.0006199346389621496
2280,0.0005691255908459425,0.0005707135181104046
2281,0.0004457632312551141,0.0006317702744442119
2282,0.0003361258442358424,0.0008213258163699161
2283,0.00028857372623557843,0.0006784185298304183
2284,0.0004550490101488928,0.0005611782681790921
2285,0.00029179052410957713,0.0005232532812084446
2286,0.0004582696109234045,0.0005853669869156159
2287,0.00048735857999417933,0.0005682329060583133
2288,0.0004721065595125159,0.000594464336947252
2289,0.0003768473048694432,0.0005904670060414264
2290,0.0005088821402750909,0.0006337218705242075
2291,0.0005258096925293405,0.0006719573619078815
2292,0.0004507695557549596,0.0007103279480017633
2293,0.0003901888383552432,0.0006153073696250932
2294,0.0004705971009874096,0.0006036378610989182
2295,0.000501391389601243,0.0006724856690756654
2296,0.00035778427651772895,0.0006677190998686463
2297,0.000385867878018568,0.0006342995022680229
2298,0.0003678133924646924,0.0006453595940008994
2299,0.00035751902032643557,0.0006118711958617324
2300,0.0004831639816984534,0.0006415073225443347
2301,0.00036025460770664115,0.0007326820103073947
2302,0.0005519646685570479,0.0007171441035942857
2303,0.0004608338834562649,0.000663830761203733
2304,0.0004510729748290032,0.0006272372309353173
2305,0.0005533200940893342,0.0005746180641714219
2306,0.0004410686437040567,0.0005312259164620485
2307,0.00035281688518201313,0.0004718989836451722
2308,0.000405626332697769,0.0005681636687331488
2309,0.0006248919642530381,0.0005937455759171074
2310,0.00043523605757703383,0.0005629762620335137
2311,0.0004242813272867352,0.0005165080979418772
2312,0.0006095307723929485,0.0005582142765652094
2313,0.0004635012669799229,0.0005970296239586709
2314,0.00046045611379668115,0.000622322055965838
2315,0.0004951635142788291,0.0006583737205772654
2316,0.00043230297645398724,0.0006546374702804142
2317,0.0003870865902475392,0.0006128637084378091
2318,0.00044143704775099953,0.0005610257393577848
2319,0.0005184720930022497,0.0005123733252279577
2320,0.000360651285154745,0.0006568116216331823
2321,0.0005748596779691676,0.0006551972635532179
2322,0.0004569554391006629,0.0004779162796536886
2323,0.000504130608169362,0.0004634578415746324
2324,0.00034161887403267124,0.0005603875446052649
2325,0.0004919867147691548,0.0007171970051914952
2326,0.0005246684731294711,0.0007193911528236812
2327,0.0004362750216387212,0.0006597841852417905
2328,0.0003472273936495185,0.0005944118725949913
2329,0.0003090427800392111,0.0006281110250911726
2330,0.0003812820912571624,0.0006079823475360401
2331,0.0004121244050717602,0.0005647531860896687
2332,0.0005306991244045397,0.0006401795095500103
2333,0.0004687414232951899,0.0008243891842732954
2334,0.0003590203394802908,0.0007213955391271729
2335,0.0005192862319139143,0.0006956344680754306
2336,0.0005045890478262057,0.000642526260252646
2337,0.00042029545487215123,0.000559191659045237
2338,0.0003866340169527878,0.0006753902650423583
2339,0.00040902445713679,0.0007835194327791522
2340,0.00046766058076173065,0.000709521808335191
2341,0.0003555016708560288,0.0006170803841430782
2342,0.0005501842436691126,0.0006098875172773567
2343,0.0003447838923117767,0.0006328510917085186
2344,0.0004485817354482909,0.0006265940378863716
2345,0.00038051030909021694,0.0005767071783711298
2346,0.00045581573552529636,0.0005551203347441894
2347,0.00038235424629723034,0.0005818457213435762
2348,0.0003494303401870032,0.0007014997600482439
2349,0.0003123081832503279,0.0006977750298266453
2350,0.0003396366616167749,0.0006891018917278101
2351,0.000475690932944417,0.0006247635043453514
2352,0.0004958884635319313,0.0005596619572373121
2353,0.0006080617662519216,0.0006073243333041433
2354,0.0005112197133712471,0.0005936908556742402
2355,0.0004761345587515583,0.0005381317017691605
2356,0.0005778141261544078,0.0004953185935581733
2357,0.0004874991970912864,0.00044441520072351114
2358,0.00045717726461589334,0.00048634579440021494
2359,0.0005195123182299236,0.0005069648147804487
2360,0.0004274486273061484,0.0004080802919049784
2361,0.00034478970143633585,0.0004291646847112735
2362,0.00037818750715814533,0.0005636647894545862
2363,0.0004817508898365001,0.0007259038027869097
2364,0.0003791291150264442,0.0008259008368834721
2365,0.0005557616532314569,0.0008077210729289067
2366,0.00032407175943565867,0.0006417207970782587
2367,0.00036707177059724927,0.0005447645593749902
2368,0.0004517462279181927,0.0005084933414248617
2369,0.00031421215874919046,0.0006778130709288979
2370,0.00043285958430108924,0.0006922434403113727
2371,0.000367330719018355,0.0006979390865147817
2372,0.00030844371552423886,0.000667985774829661
2373,0.0005121639677478621,0.0006817916177183859
2374,0.0003710576333105564,0.0006380177590644031
2375,0.0003378644158753256,0.0005989330330328268
2376,0.00043861371814273297,0.000595536308480412
2377,0.000407219713088125,0.0006811507781839189
2378,0.0004284330934751779,0.0006865332788589785
2379,0.0005348260320412616,0.0006025220619470585
2380,0.00047854112150768436,0.0007154369560862327
2381,0.00036439090326894074,0.0008210912869333869
2382,0.0004561468551401049,0.0007974031954448245
2383,0.0005902931482220689,0.0008065894426682626
2384,0.000332979050775369,0.0006893657030552391
2385,0.00029012507681424417,0.0005817088512997106
2386,0.00035172875698966284,0.000620533464252802
2387,0.0005573000603665908,0.0006628861741573499
2388,0.00028052670725931726,0.0006223247756844195
2389,0.000342503993306309,0.0006123317046252292
2390,0.000381322552372391,0.0006416899658094241
2391,0.000414300105573299,0.0006203717917871228
2392,0.0005177041166462004,0.0006371862525450374
2393,0.0004884603976582487,0.000494644046746429
2394,0.0005302030496144046,0.0005879565614172969
2395,0.00029526461148634555,0.0007262296030961534
2396,0.00039565548455963533,0.0007073473594129437
2397,0.0005037756209882598,0.0005990573733047707
2398,0.00028855903268170855,0.00050606063015275
2399,0.0003264257354506602,0.0004944790779854956
2400,0.0005455869754465918,0.0006185690386543475
2401,0.00030455451924353837,0.0006013412553795034
2402,0.0004144077383292218,0.0006181206237928077
2403,0.0006240988150238991,0.0005789467043749342
2404,0.0005068954856445392,0.0006041744304316735
2405,0.00035924673041639227,0.0005304941299782084
2406,0.0005816654573815564,0.0005204288653780039
2407,0.00046628835067773856,0.0005301173320810098
2408,0.0006044382035421829,0.0005675565032471763
2409,0.0005077406987159823,0.0005696122727070855
2410,0.00039570724087146424,0.0005904573064451436
2411,0.0004991118524534007,0.0006915026123903135
2412,0.0003890865870441,0.0006306881921945183
2413,0.00035736191008860864,0.0005952748135428905
2414,0.0004029088120053833,0.0006558910025078363
2415,0.0004946774143415193,0.0005950203026080225
2416,0.00037814753207688533,0.0005400637348043168
2417,0.0004092021302009622,0.000637034161885335
2418,0.0004040274245198816,0.0007170016256777027
2419,0.00046098514382417004,0.000844963612658243
2420,0.0005357009843767931,0.0006857753390314307
2421,0.00045838606505033873,0.0005183641003136795
2422,0.00043267629419763885,0.0005330971985740044
2423,0.00054455966843913,0.0005280763817415756
2424,0.0003944326968242725,0.0004759109810482359
2425,0.0003458753344602883,0.0004354676941692037
2426,0.0004479394759982824,0.0005500053807700742
2427,0.0003017413546331227,0.000563558429277018
2428,0.0004942752527616297,0.0005181016314290758
2429,0.000517366616986692,0.0005070138779949162
2430,0.0003270161289644117,0.0005144812143774425
2431,0.0003100349005156507,0.000543979616692715
2432,0.0004370773172316452,0.0006740405661966946
2433,0.0004927527508698404,0.000593076571895499
2434,0.000552284310106188,0.0006100744683676817
2435,0.00043180810171179474,0.0005638607549407761
2436,0.0004571890128621211,0.0004506554806560982
2437,0.0004089509544428438,0.0004123138269779866
2438,0.0003602892315636078,0.0005259638275001492
2439,0.0004428009851835668,0.0007182282036331695
2440,0.0005154862243216485,0.000741791517719421
2441,0.0004729123553261161,0.0007119607304105549
2442,0.00039995892827088633,0.000667959498424875
2443,0.0005074723555784052,0.0006732154994154363
2444,0.0002875920404524853,0.0005892139477251963
2445,0.00048309559351764617,0.0005713133700558637
2446,0.00035537965401696663,0.0005646624197215428
2447,0.00035143441054970027,0.0005861189776452215
2448,0.0006556527533878883,0.0006427055167026935
2449,0.0003863144898787141,0.000677063564337262
2450,0.00045642828724036614,0.0007040237198495783
2451,0.0003656250269462665,0.0007062052196903727
2452,0.00045595824097593627,0.000714846645613883
2453,0.00047281817824114115,0.0007498483883957635
2454,0.00034254598431289197,0.0007458408986489604
2455,0.00040864758387518425,0.000710092705865134
2456,0.00045094904489815233,0.0006444179031293928
2457,0.00040156258813415965,0.0006096525648040477
2458,0.00034547906640606624,0.0006194420071322412
2459,0.00045367599232122303,0.0006311113962639621
2460,0.00048376407163838546,0.0006940698285044472
2461,0.0003265400785797586,0.0005977040153972101
2462,0.0004898727134180565,0.0006562190732596017
2463,0.00038066580309532584,0.0006084068683819391
2464,0.0003967195361231764,0.0005714301905396769
2465,0.0003924243637205412,0.0005666064254308897
2466,0.0004261665376058469,0.000710833755846128
2467,0.0004877221906402459,0.0007331484970435002
2468,0.00040002542664296925,0.0007015389761993823
2469,0.0005108689559468379,0.0006179240837924212
2470,0.0004655065626138821,0.0005613223896600218
2471,0.0005443511559860781,0.00057950723269133
2472,0.0005745268407432983,0.0005126121491982095
2473,0.00044334831181913614,0.0004976251995370643
2474,0.0003378769227614005,0.0005419212931998104
2475,0.0004396720847580582,0.0006201167281086403
2476,0.00046605249711622796,0.000575154346017915
2477,0.000451538471194605,0.0005208572758248032
2478,0.00037691588319527605,0.0005691372876524866
2479,0.00033883916912600396,0.0006006708889778
2480,0.0005163875762567234,0.0006195013842171454
2481,0.0003264002172121157,0.0006068749999532138
2482,0.0005040261584023635,0.0005779976202138355
2483,0.00034250193857587874,0.0006003435985295205
2484,0.00043851924128830434,0.0007187801790900353
2485,0.0002736680549181377,0.0007877692426224862
2486,0.00043458420938501753,0.0007017154331817695
2487,0.00044165272653723755,0.0005670118578306333
2488,0.0003310188903318097,0.0005032907322133473
2489,0.000453263201052323,0.0005911662704842971
2490,0.0003948921783982466,0.0006640205509487656
2491,0.00028722273418679833,0.0005913847401063508
2492,0.00044289222569204867,0.0004979061896868754
2493,0.0005110995397747804,0.0005217262948899875
2494,0.0003395947744138539,0.0005148924157522091
2495,0.00047810937588413556,0.0005025495117343229
2496,0.0004836233992440005,0.000548648485945039
2497,0.0002706323536889007,0.0004914965962727121
2498,0.0003101091356559967,0.0004976561146799299
2499,0.0005165585045081874,0.0004812369377931624
2500,0.00045794978505000474,0.0005388684093211521
2501,0.0004380906621615092,0.0006587840728993403
2502,0.00025846526065530874,0.0007004262274497841
2503,0.0005705461682130893,0.0006522374813386246
2504,0.0005807923657509188,0.0006282706676219686
2505,0.0004962223800248466,0.0005841734956612619
2506,0.0005416820019794007,0.0004784592079442346
2507,0.0004919998502979676,0.00045310500890060555
2508,0.0004230574481577302,0.0004871854845958755
2509,0.00040976574236992744,0.0005163233012224981
2510,0.0005862111245126774,0.000535765215232015
2511,0.00046652798579695324,0.000612820882953366
2512,0.0005116143768342833,0.0006036226462121818
2513,0.0004967767822866638,0.0004797860712828628
2514,0.0003812824395330002,0.0004829657850713711
2515,0.0004979864131504049,0.0005444886784369904
2516,0.0003332125983433798,0.000572950176813999
2517,0.000335188516570876,0.0005474431031405574
2518,0.0006116998343107601,0.0005272832180292704
2519,0.0004696550575317815,0.0006505978295091891
2520,0.0003999122069217265,0.0005793130427679619
2521,0.00030561495999184747,0.0005512365899012079
2522,0.0003814455160560707,0.0005291314593032296
2523,0.0002897039754316211,0.0006053385244110437
2524,0.0003965568457109233,0.0006299237276090118
2525,0.00047312550013884903,0.0006025780114257254
2526,0.000497713799510772,0.0005595392770295244
2527,0.00046466248265157145,0.0005368080185396289
2528,0.0005236906600960841,0.0006604849890939613
2529,0.00029528841550927607,0.0006520692685318333
2530,0.0003734375990461558,0.0006507493076134678
2531,0.00039851333713158965,0.0007592914509128662
2532,0.00037503735705589255,0.0006799576270089697
2533,0.0006149622087832541,0.0005935152674526504
2534,0.0003878538836337005,0.00046415707347621245
2535,0.0005766778641069929,0.0005847312141976166
2536,0.00043508530361577866,0.0006972469370418016
2537,0.0003004923133024325,0.0005943647131606144
2538,0.00039125783368945124,0.0005226438742691989
2539,0.0005497296748217195,0.0005087375294373143
2540,0.0004221433133352548,0.0005390379318003139
2541,0.0005806253718522688,0.0005457676121209726
2542,0.00022758105769753455,0.0005366556116335798
2543,0.0003621108471027886,0.0006068962365828865
2544,0.0005260033319549014,0.0006619747679984916
2545,0.0004177958243720544,0.000600370840631484
2546,0.0004385343267737577,0.0005403724604462251
2547,0.00047652523304956657,0.000591295656260455
2548,0.00047190299374051393,0.0006176684735577524
2549,0.00031239273618363466,0.00064620118052882
2550,0.00035646328275712826,0.0007055285120910899
2551,0.0004963332379702478,0.000637233267835246
2552,0.00045193507491300504,0.0005437553407419033
2553,0.0003707352327182889,0.000513766707318989
2554,0.00038482334348373116,0.0005396548702150554
2555,0.0005159878773459543,0.000602021930266289
2556,0.00033653221131923296,0.0005827529367800127
2557,0.000514899151554952,0.00047993045492743063
2558,0.0003600692939168463,0.0004373561958947373
2559,0.0004930922819767148,0.0004891656244294645
2560,0.0004473514234026273,0.0005156033583935056
2561,0.00036079914425499735,0.0005124990045052667
2562,0.00033877062572476764,0.0005529824979823288
2563,0.00034853301379674423,0.0007280129742236646
2564,0.00034000695450231433,0.0006274083891872492
2565,0.000303250517269286,0.0005304608535292874
2566,0.0005560153896415917,0.0005201337181625697
2567,0.00025335592411768936,0.0004940844300445023
2568,0.0003894114663125947,0.00048753751902914363
2569,0.00027948115991118053,0.000507202224006627
2570,0.00034177504615702975,0.0005321319837867481
2571,0.0004240630990049491,0.0005311229507765168
2572,0.00038935511838644743,0.000605503442755893
2573,0.0003901268898819884,0.0006712155332275498
2574,0.0005218107738376906,0.0007064584246194944
2575,0.00035023393381076556,0.0006350086478050798
2576,0.0003841150280398627,0.0005544723436881708
2577,0.00034171997152346496,0.0005155001158778387
2578,0.0005048333958256989,0.0005852196669924682
2579,0.0005742495957141121,0.0006334844082465587
2580,0.00045721405185759065,0.0006082573984419619
2581,0.00045006580573196214,0.000599641993176192
2582,0.0005441006816302737,0.0006845743023225759
2583,0.0005469982051484597,0.0007404941959145266
2584,0.0005725213365318874,0.0006943330165057436
2585,0.00042256066032374896,0.0005317372114096922
2586,0.0004008905962109566,0.0004598669869106586
2587,0.0005068800858377168,0.0005419410705130078
2588,0.000378476339392364,0.0006190411545754242
2589,0.00039540345508915685,0.0007007680058765305
2590,0.0003439320484176278,0.0007126349664758891
2591,0.000370059662964195,0.0006531368249909966
2592,0.0004017551934036116,0.0005866114754141785
2593,0.0003295496591211607,0.0005674444851245526
2594,0.0005319457578783234,0.0006317630016948939
2595,0.0005156291959186395,0.0006181109347380698
2596,0.0003479600040009245,0.0005817085643863584
2597,0.00026204424211755394,0.0005416785477748595
2598,0.0004767227267924075,0.0005612514611043945
2599,0.00037761055670368175,0.000609591925712889
2600,0.0004604198484836767,0.0006923474216518381
2601,0.0005325725078970815,0.0006328203598968685
2602,0.00037106952319542564,0.0005692130680687315
2603,0.0005091795843327418,0.0005175024282469553
2604,0.0002932609990239143,0.0005556591506864084
2605,0.0004725712623136739,0.0006678830483913657
2606,0.00042578240778918066,0.0006972841459452944
2607,0.0005277429164076845,0.0005381237360278482
2608,0.0003588766325265169,0.00048813024397360117
2609,0.0005343188143645724,0.0005041280200825931
2610,0.00034593115366684894,0.000495996899347327
2611,0.0004590138385538012,0.0005480904674329832
2612,0.00028740386575615653,0.0005370468633638065
2613,0.00033583084781033297,0.0005942791501907118
2614,0.00030795136117376385,0.0005958539930604926
2615,0.00039405536954291166,0.0005517108118396223
2616,0.00040301888366229833,0.0005680488969756686
2617,0.0003767738797857116,0.0005899319268477069
2618,0.000356717641504171,0.0006091618735350552
2619,0.00047613435696500044,0.000646351051047503
2620,0.00027327897453991075,0.0005660725456816475
2621,0.00041316852245169383,0.0005433443238441723
2622,0.0004947086029763644,0.0005866759282529471
2623,0.000296475268745174,0.0006096245973979629
2624,0.0003941649842696885,0.0006694183531345608
2625,0.0003039319320426633,0.0005962122176722514
2626,0.00024928308460706223,0.0005454407463136209
2627,0.00044814582409647606,0.0005896781254046428
2628,0.0004336885331819455,0.00059822848521349
2629,0.0003282368464473014,0.0005838282011709667
2630,0.0004011693138939639,0.0005392301477048194
2631,0.00038203117631686233,0.0005512485451589331
2632,0.0005448379068790625,0.0005548079926648917
2633,0.0005033653190669914,0.0005235533224506758
2634,0.00033228664542548356,0.0004885444540427778
2635,0.0004762795870192349,0.0004885566991929874
2636,0.00029807755296739437,0.0005065605750648437
2637,0.0004537234994738052,0.0004962421756597074
2638,0.0004282264562789351,0.0005044284605285461
2639,0.0005271457795364161,0.00043786202069723935
2640,0.00035398063676742215,0.00046610878482570975
2641,0.0003751078455631311,0.0005982761698917992
2642,0.0003703327248028169,0.00062027317059307
2643,0.00036041650067393977,0.0004371917348466887
2644,0.00033106491027865557,0.00039413956261613944
2645,0.00041908931840832037,0.000444336751004769
2646,0.0004541520960628986,0.000565057988901894
2647,0.00043482372129801663,0.000577418021326078
2648,0.00039075953730692466,0.0005210730128950901
2649,0.00041532093309797346,0.0004989641400486759
2650,0.0004773066941803942,0.0005590676675609306
2651,0.00031257510806123416,0.0006242829150846595
2652,0.0002564834333801021,0.0006124241154743578
2653,0.0003770558590379854,0.0005971612848752127
2654,0.00041246426214153567,0.0005656559979103095
2655,0.00031581950606778263,0.0005752331348994057
2656,0.0004176725206586222,0.0007327866229947334
2657,0.0005153283302206547,0.0008046042176850844
2658,0.0004944433186513682,0.000861356508556944
2659,0.00032254284208950895,0.0006389523857258495
2660,0.00037033393358190854,0.0005567473231990799
2661,0.00036411512216242653,0.0005986080193290795
2662,0.0005361395228343706,0.0006030008488327382
2663,0.0004004656822265436,0.0005782952341507739
2664,0.000299238420848269,0.0005700703019158929
2665,0.0004243166467252498,0.0006377263215561141
2666,0.0002700656909534397,0.0006840268313136744
2667,0.00033641177772854763,0.0006767627737286875
2668,0.0004846299726826449,0.0005989647589579928
2669,0.000535593331248189,0.0005433316783444208
2670,0.0002996681452107926,0.0005939418993574956
2671,0.0002996714843902737,0.0006292199699472138
2672,0.00044044574606232344,0.0006771428867125898
2673,0.0005101454521839817,0.0006257812641506033
2674,0.00026667672985543806,0.0005816289917639215
2675,0.00028817523076819876,0.0005692434630092732
2676,0.00029638829873874785,0.0006140607650259759
2677,0.0005185381034001087,0.0007309650967454933
2678,0.00043914623480911054,0.0006875668301276393
2679,0.0005314880632795394,0.0006302683366697252
2680,0.0003085824195295572,0.0006181803416446086
2681,0.0003135918212744097,0.0005911186607426224
2682,0.0003781966477011641,0.0005390291002773365
2683,0.00040461690223310144,0.0005169856283212389
2684,0.000480585607389609,0.0004903418348834476
2685,0.00041768081525030235,0.0004560768896004361
2686,0.0004610679946684589,0.0004625108244729881
2687,0.0002823648431027929,0.0004913374980064622
2688,0.0005347439961042255,0.000519360769466739
2689,0.0003415894248367598,0.0006359399403592088
2690,0.00047222750339036187,0.0005908381802535902
2691,0.00037006052443757655,0.0005281542883415919
2692,0.0004568810303074618,0.0005382801920329551
2693,0.00033582803249980014,0.0005104694227636682
2694,0.0003485020890366286,0.0005110280832787243
2695,0.0003182599825474123,0.0005492709563792074
2696,0.00040155512591203053,0.0005082031200900234
2697,0.0004285344941308722,0.0005673422985966867
2698,0.0004023919289465994,0.0005620336723807231
2699,0.00043572624369213976,0.000554016170937084
2700,0.0003607104047356794,0.000544891279515275
2701,0.0004722127535690864,0.0005710364810253427
2702,0.00040151427189509076,0.0005580321221069734
2703,0.0003496987783970932,0.0004996465474154478
2704,0.0004763338346189509,0.0005119468654252911
2705,0.00041920239649092156,0.0006051555784202848
2706,0.0004184992789911727,0.0005294633027822454
2707,0.00045242659592380127,0.0005278273407226853
2708,0.0004395921704902624,0.0005737089819648839
2709,0.0003661006883097192,0.0005840517089639856
2710,0.0002616339091521998,0.000498622699638858
2711,0.00026595098703789216,0.0004383485808264552
2712,0.0005316426938710114,0.0005461463549332033
2713,0.00028522847957598667,0.0008270868868383718
2714,0.0004703556371775145,0.0007553699920888931
2715,0.0003992068697698414,0.0006719725085037402
2716,0.00048271552465545633,0.0006659995841493052
2717,0.000277597150610139,0.000639539814231492
2718,0.00034407502971589565,0.0005966682311543446
2719,0.0003898963220611525,0.0006266854108516567
2720,0.00036657739547081293,0.0005748614556097433
2721,0.000353963952511549,0.0006333040068930704
2722,0.00028171155815167974,0.0005954515560636459
2723,0.00028644573564330736,0.0005044409511134204
2724,0.0003420847177039832,0.0004950104293681124
2725,0.0004092837916687131,0.0006023932467893088
2726,0.00028530791751109065,0.0006199942481902054
2727,0.000447366440979143,0.0005406377714229967
2728,0.0004225985418694715,0.0005048833110032412
2729,0.000356879368579636,0.0005646446068023192
2730,0.0004507921888337781,0.0005320013382959759
2731,0.00046675935348806284,0.0005597225541622914
2732,0.00038109017768874767,0.0005671294962008315
2733,0.0004243300771728779,0.0005388420756253612
2734,0.00048416516898820797,0.0005754607841445822
2735,0.0005028334562666714,0.0007014943018196312
2736,0.00040880272669407226,0.0007757150341653977
2737,0.00040591763875757656,0.0005599268625937696
2738,0.0004159557865932584,0.000431845483107045
2739,0.00029468193727855884,0.00046937591334397896
2740,0.00029627278660579275,0.00048258401374204275
2741,0.00048796308886570234,0.0005280666136252511
2742,0.00028021042429221175,0.0005787155489202618
2743,0.000337249250151217,0.0004772019820511488
2744,0.0003438798982339601,0.0005102550547192328
2745,0.00032479385263286533,0.0006120855980516067
2746,0.000478455393264691,0.000630289824463163
2747,0.0003198855556547642,0.000552460612448695
2748,0.0002590402727946639,0.000534072804116226
2749,0.00038451613703121743,0.0005282109253123168
2750,0.00042621564934961496,0.0005676858722943607
2751,0.0003650390562446167,0.0006018945001758724
2752,0.00044387021916918455,0.0006478766697150927
2753,0.0003329181985463947,0.0007246731148893381
2754,0.0004047702415846288,0.0006931777438515519
2755,0.00042734974801229934,0.0006397900173411243
2756,0.0004593390583371123,0.0006343059555268077
2757,0.00032549894822295753,0.0006171392559213197
2758,0.0004722188246281197,0.0005713438768284469
2759,0.0005718011661277463,0.0005778578553700776
2760,0.0006729260717596238,0.000559277333159689
2761,0.00047450397396460177,0.0005819501662828526
2762,0.0003010377947551509,0.0006423271948647663
2763,0.00027901818587755165,0.0006702691275355091
2764,0.0004436685141020765,0.0005629598953684162
2765,0.00043618782316722594,0.0005482303777958933
2766,0.000445641625750189,0.0006128945823311512
2767,0.0002581015578471124,0.0005945532975029054
2768,0.0003638603404397145,0.0005383175959550285
2769,0.00043549801145369805,0.0004745342179318875
2770,0.0004941200187507396,0.0005720334705497013
2771,0.0003619465375474344,0.0006196707054902982
2772,0.0004301941740171363,0.0005924570246775612
2773,0.00046013094446000955,0.0005455077046026131
2774,0.0003101203901072343,0.0005150007101886825
2775,0.0003398139999868969,0.0005113358488379736
2776,0.0002702906883011262,0.0005876962219247609
2777,0.0002917604360845871,0.0007630581124209043
2778,0.0003504564131920536,0.0007686206995780895
2779,0.00038955203296306233,0.0006145925804657319
2780,0.0003099478354367117,0.0005078600196160493
2781,0.0003451300416296969,0.0005787294257182892
2782,0.0004498610777469973,0.0006488128354420929
2783,0.000375663364926974,0.0005907679657730472
2784,0.000376119699406748,0.0005817609370730114
2785,0.00031306705883859344,0.0006152385718365177
2786,0.0002943463584718605,0.0006979305776547435
2787,0.0004868810744180034,0.0006334279800442554
2788,0.00027568129492768395,0.0005886356041979367
2789,0.0004144599777646363,0.0006294486192641707
2790,0.0005155680390695731,0.000665150218877912
2791,0.00025354404545699556,0.0006582031560893075
2792,0.00040776825432355205,0.0005422672540990738
2793,0.0002461206381364415,0.00045826511941556854
2794,0.000445831217803061,0.0004798228406497666
2795,0.0002791784257472803,0.0005329019927665386
2796,0.00027371438821622483,0.0005732542490513306
2797,0.00035671148119339097,0.0006173765291386526
2798,0.00036663896947478254,0.0005931037058320454
2799,0.00033582353110735613,0.0006028854042496972
2800,0.00035884514024170735,0.0005804782524323604
2801,0.00036424757175457977,0.0006500999539481901
2802,0.00028517316289556526,0.000851926792552328
2803,0.00029429165103162327,0.0008404053734820776
2804,0.0004892741174747547,0.0008478991432467432
2805,0.0004699685125766943,0.0007224432321074675
2806,0.000559983627560238,0.0007197358943411978
2807,0.0004324386090350648,0.0008256000081190883
2808,0.0004533299904627105,0.0008214466637238772
2809,0.00027231466374360024,0.0007160434423300518
2810,0.0004091489128768444,0.0006296977883857477
2811,0.0003838007624532717,0.0006035324213586337
2812,0.0003682968090288341,0.000654538146469478
2813,0.0003147219445963856,0.0007017492926239557
2814,0.00032001646080364785,0.0006436847776401876
2815,0.0003534934677494069,0.0005665357145810808
2816,0.0004043461434775963,0.0005201762901916073
2817,0.00040094252326525746,0.0005165289617216904
2818,0.0003823426532714317,0.0005204261085348512
2819,0.0004195871947255606,0.000626575276457272
2820,0.0003623207837032775,0.0005646285820499385
2821,0.0005073396508426716,0.0005137709319576856
2822,0.00044887227510722976,0.0005216856714426063
2823,0.00035570337204262616,0.00054422693668982
2824,0.00042985573042339336,0.00055735562029698
2825,0.0003916322952136397,0.0005117738532364427
2826,0.00042342185624875126,0.0005519640108104795
2827,0.0003873749034634481,0.0006545332991921409
2828,0.00022808558035952348,0.000682246373090013
2829,0.000399691402950945,0.0005750253220917437
2830,0.0002652894797696111,0.0005846539130489393
2831,0.00036639219033531847,0.0005596249236442941
2832,0.0003738011330521355,0.0005842083208006257
2833,0.00028562501926595967,0.0005900477445097713
2834,0.0004440322557153801,0.000682355360747645
2835,0.00024074596003629268,0.0006935377472344288
2836,0.00034824777200507623,0.0005616042634662916
2837,0.00046432610834017395,0.0005131770307143168
2838,0.00048624006061193846,0.0005265817611742267
2839,0.00041017338323096433,0.0006237980982061387
2840,0.00040754898024412495,0.0005552296824184958
2841,0.0004532997535231213,0.0005424521424840608
2842,0.00029149531037546693,0.000503889950978621
2843,0.0004627732734661549,0.00048694314204127066
2844,0.00026229402186193814,0.0005941774185534244
2845,0.0003622321703005582,0.0006848873092066937
2846,0.0005001072733042141,0.0006005755116004408
2847,0.0003415812796447426,0.0005718864102693875
2848,0.00022295123781077564,0.0005557654007506652
2849,0.0004225154872983694,0.0006850171480401177
2850,0.0004088592657353729,0.000752615334473433
2851,0.00042186715290881693,0.0006621945168141011
2852,0.0004996927028211455,0.0006147538069782295
2853,0.00026308703866864864,0.0006497136645356384
2854,0.0002755905229908725,0.0006975450706081538
2855,0.00026057795233403646,0.0006883855327949163
2856,0.00036599109104524055,0.0005652654542969026
2857,0.0005154222133569419,0.00047236606506190784
2858,0.0003268917789682746,0.0004607593778412657
2859,0.0003622640001898011,0.0005478115901754304
2860,0.000288297994605576,0.0006003785015846507
2861,0.0004169978356609742,0.0006736456975707506
2862,0.00032648137227321664,0.0006229045304037103
2863,0.0005684656362670164,0.0006107314137785923
2864,0.0005106910034858932,0.000597579400128443
2865,0.0004528493576799519,0.0006514954986600719
2866,0.0004781116459829112,0.0007521508274852907
2867,0.0004912891337880865,0.0007665472911344474
2868,0.00040230117350195844,0.0006826350503916464
2869,0.0003231029200833291,0.0006218363322852928
2870,0.0004011954287610327,0.0005710407583717638
2871,0.00046008254090944923,0.0005384890440994449
2872,0.0003735804775108894,0.000557826083716313
2873,0.0002598127447223912,0.0005169395365620281
2874,0.0003101938811596483,0.0005966891739957445
2875,0.00032845585180136063,0.0007224159652557899
2876,0.0003895629468994836,0.0007296063351503566
2877,0.00035715673196439943,0.0006794480301667093
2878,0.00038102583688062925,0.0006022858855087222
2879,0.00025375895832742873,0.0006142056521438943
2880,0.000359532079892233,0.0007078072586001491
2881,0.0004165845321646581,0.0007105425960846304
2882,0.0003504118872418379,0.0006561905455474895
2883,0.0003378003825976824,0.0006068261793088608
2884,0.00026071931254894785,0.0005375362577936135
2885,0.00033997358016980194,0.00048210463206115083
2886,0.0002466151733339454,0.0005280354418186838
2887,0.00044007404358126223,0.0006603690824016753
2888,0.0003121022639485697,0.0006839484599690268
2889,0.0003691752266604453,0.0005947722215572094
2890,0.00029793987438703575,0.0006371065868820086
2891,0.0003433454364615803,0.000645079440987251
2892,0.0005064790583370874,0.0005539345681505997
2893,0.00036229900045630834,0.0005653246478214273
2894,0.00033411950377436973,0.0006387187346750064
2895,0.0004014680385201549,0.0006582836893673135
2896,0.00038467900400670867,0.0006772111363408309
2897,0.0002838573146921893,0.0006396447564566903
2898,0.0003004537720698863,0.0005045401676755956
2899,0.0002492777401736627,0.00048566324518091507
2900,0.000415583331293116,0.0006500705210382016
2901,0.00030635569128207863,0.0007151578283524068
2902,0.0004151864675804973,0.0006702876701129703
2903,0.0004559798554206888,0.0006174021052181956
2904,0.00031132592121139167,0.0005996831331592728
2905,0.00040503792891589306,0.0005855825775500944
2906,0.0004310984125671287,0.0006804283493836447
2907,0.000301788760892426,0.0007335706733123172
2908,0.00039173474651761354,0.0007024231636310069
2909,0.00043074467297022544,0.0006144379437937746
2910,0.00029619721074899036,0.0006568081091216758
2911,0.0002518611756386235,0.0008191527944520175
2912,0.0003814644704107195,0.0006961560822788655
2913,0.0004200882443304484,0.0005885246860626058
2914,0.00034656463540159164,0.0006499066440146563
2915,0.00045241178789486486,0.000679197341229356
2916,0.00032965408366483946,0.000680064794416796
2917,0.0003761149224980424,0.0007139538872187708
2918,0.0003976294169357667,0.0007320218600376737
2919,0.0005028528355372449,0.000671533580803437
2920,0.000253950001206249,0.0006456413484127151
2921,0.00036545045052965484,0.0007157189868698556
2922,0.0003933412915406128,0.0006866418040636194
2923,0.0003242821713987117,0.0007307021149918143
2924,0.00029242096934467554,0.0007417252916094708
2925,0.00028977722395211457,0.0006006947662644675
2926,0.0004772038955707103,0.0006176915599993892
2927,0.00046424194200274843,0.0007176455761137323
2928,0.00042371329036541285,0.0006640756023336407
2929,0.0002861748158466071,0.0007024853101630849
2930,0.0003167431898570309,0.0006636761263650879
2931,0.00042320606395757445,0.0006734510933188354
2932,0.0003519426352189233,0.0006144295265993441
2933,0.0004728080976443986,0.0006919628418028706
2934,0.00032299179195736846,0.0006915470346896432
2935,0.0003569635310365508,0.0006595296399323197
2936,0.00039678231017508856,0.0006469540984560479
2937,0.00047678175227095686,0.0005785514732115117
2938,0.0004434497832941512,0.0006117997569578341
2939,0.0003110350779024884,0.0007210931851616584
2940,0.00044764846097677946,0.0006937770847612478
2941,0.0004203210963169113,0.0006207366864468286
2942,0.0003188679499241213,0.0005359667283207853
2943,0.00031599539991778635,0.000610011068308418
2944,0.00033849170431494714,0.0006825681968306111
2945,0.0003050142511104544,0.0006888182907123265
2946,0.0003081330447457731,0.0005179246466819519
2947,0.00042145640957945337,0.000512541513514199
2948,0.00040456578329515954,0.0006756947736079827
2949,0.0004089454509085044,0.0007414113185698475
2950,0.0002873316795254747,0.0006823544702162658
2951,0.0002688061271328479,0.0006300883297075143
2952,0.00044100554853988193,0.0006481865196356799
2953,0.00036169777352673313,0.0006851888991393677
2954,0.00040200310953271884,0.0006867818008213649
2955,0.0002658263547345996,0.0006184545854348543
2956,0.0002782345060647155,0.0005208355620756423
2957,0.00040790113562252375,0.0005441650718003218
2958,0.00046036791754886506,0.0007230652620883908
2959,0.00039891918325641505,0.0006735005304144006
2960,0.00035447329088735083,0.0006002046522596397
2961,0.0005174519785214216,0.0006037831009002622
2962,0.00041463997137422364,0.0005533323512324609
2963,0.00031701652139114834,0.000489833752586191
2964,0.0003583327566351121,0.0004991268375650137
2965,0.0004250582113551597,0.0005409088733745372
2966,0.0004119833810060906,0.0005376005625924257
2967,0.0003146274907824894,0.0005354515119184425
2968,0.0003028595820069313,0.0005516532882333066
2969,0.0002342642149111877,0.0006028483534693777
2970,0.0003991348280881842,0.0007456830935552716
2971,0.00036389543674886227,0.0008543712232723891
2972,0.000282176107672664,0.0007529177709379945
2973,0.0005108437423283855,0.0005707980140926331
2974,0.00043607223584937553,0.0005416938314108016
2975,0.00032543077250011263,0.0006475663820912284
2976,0.00035565768484957516,0.0007138815855123397
2977,0.0003177966495665411,0.0006981107001156202
2978,0.0002811909323402991,0.000586277159484558
2979,0.00044027667803068956,0.0005725555178731328
2980,0.0002504625105454276,0.0005864379148358317
2981,0.00033915435002806283,0.0006834472837586572
2982,0.0002788726065773517,0.0008121092517779568
2983,0.0003145093408723672,0.0008314255034683023
2984,0.00046327830059453843,0.0007049740799959368
2985,0.0004152637741450841,0.0006598307811618438
2986,0.00029948235314805063,0.0006592033351184873
2987,0.0003475623632160326,0.0006513573205479839
2988,0.0003891134634613991,0.0007406825989880782
2989,0.0003537804373384764,0.0008245598557808503
2990,0.0003542979015037417,0.0008528811786521783
2991,0.00040464578778482975,0.0008053517410912969
2992,0.0004065898596309125,0.0006270138189328585
2993,0.0004248945042490959,0.0005634433578875825
2994,0.0003805606373740981,0.0006421614872790345
2995,0.0003453728209327286,0.0006532912522070404
2996,0.0004015986225567758,0.0006013638935763183
2997,0.0002938213738768051,0.0006401271712379603
2998,0.00039959619753062727,0.0007537792172781595
2999,0.00037452425652494034,0.0006538446878970373
3000,0.0004590538213960826,0.0005802249753165726
3001,0.0003712647322875758,0.0005610434977359718
3002,0.0004298144699229548,0.0005917197724026958
3003,0.0003992716781795025,0.0005618525723061399
3004,0.00043967940922205647,0.0005482265885688335
3005,0.0004000652426232894,0.0006683041936512596
3006,0.00027904127685663603,0.0007745441164836053
3007,0.0004319878586102277,0.0007344299595524359
3008,0.0004292319237720221,0.0006399777164228085
3009,0.00045317370968405156,0.0005658134377165515
3010,0.00034389893795984486,0.0005255197211513369
3011,0.00042153541774799425,0.0005283090785534422
3012,0.000472767426011463,0.0006799694003104636
3013,0.0005087579600512981,0.0007210501041593338
3014,0.00048633243228929737,0.0005936727139046489
3015,0.0002766890722947816,0.0005536839724830021
3016,0.0003746466187294573,0.0006092792559290437
3017,0.00035032135589669147,0.0006628834365639747
3018,0.0004585617241294434,0.0006546566549754576
3019,0.00035745941762191553,0.0006756860543753746
3020,0.00027534055795210103,0.0006501142056585532
3021,0.0004787679295986891,0.0006799334000180087
3022,0.00039075387952228386,0.0007091487416865553
3023,0.00026841658885435514,0.0006673363253738233
3024,0.0003230200168521454,0.0006491155730281758
3025,0.00035780821247802426,0.0005859992800071454
3026,0.0004163182010718932,0.0007015123521527789
3027,0.0003450818311345453,0.0007779585590813397
3028,0.00042121189180761577,0.0006147673537800689
3029,0.0004252179467584938,0.0005569734578992526
3030,0.0004782048539103319,0.0005730315117077447
3031,0.0003153552146007617,0.0005661149176504961
3032,0.00033547488274052737,0.000569845135433702
3033,0.0003817920640964682,0.0005619885403604254
3034,0.00036510720625907805,0.0006602453306229331
3035,0.00041338801577997704,0.0006826010914922758
3036,0.0003730665562519183,0.0005901373902658426
3037,0.0004055388950898002,0.0006499582421269238
3038,0.0002586985850939527,0.0009488986771165092
3039,0.00023288149968720974,0.0008751488933303049
3040,0.0003417367949926605,0.0005677506338170634
3041,0.00026319427997805177,0.0005191816528067433
3042,0.00041364933519313734,0.0005650217832784777
3043,0.00028830998150321344,0.0006128264229935338
3044,0.00035019808371240894,0.0007029453074324906
3045,0.0003887280171814685,0.0007223010564582261
3046,0.0003139151551295072,0.0007174412278077147
3047,0.00027628606573368113,0.0006445327294279095
3048,0.0003776589078673472,0.0007802218127277071
3049,0.00045498119046290714,0.0007876379453892431
3050,0.0003623171243816614,0.0007437202354387095
3051,0.0004171118431258947,0.0006992812878012246
3052,0.0002632559946505353,0.0006508473297727742
3053,0.0004425417922902852,0.0006866057794797784
3054,0.0003293705037018905,0.0007468945210190915
3055,0.0004275599290849641,0.000680520211614111
3056,0.0005293674456576506,0.0006056110568043929
3057,0.00042771159011560184,0.0006309443072775217
3058,0.00042062819896576307,0.0006488265444920581
3059,0.00024062648590188472,0.0005674810938474788
3060,0.00038826514889175694,0.0005266389724299839
3061,0.0004242003429681063,0.0005577769624087666
3062,0.0004002281125091637,0.0006646873249753019
3063,0.00030505179117123283,0.0006601511451276386
3064,0.0002679957387348016,0.0006127760334923042
3065,0.0002498522071012606,0.0006408392686367505
3066,0.00029222694768880805,0.0005800546823879777
3067,0.00029303181217983366,0.0005898846340398708
3068,0.0002962100130389445,0.0007103081461680158
3069,0.0003137684427201748,0.0006935753081338553
3070,0.0005069065101755162,0.0005782216060429987
3071,0.00039973742871855696,0.0006864667397109777
3072,0.00045290250369968513,0.0007752085935991756
3073,0.0003716687458412101,0.0007595991565457244
3074,0.00040368517317498724,0.0006610443325177949
3075,0.0004093700845260173,0.0005834140626009642
3076,0.00046694533278544744,0.0005864135184926604
3077,0.00037368652313792455,0.00068587379981067
3078,0.0003219969570636749,0.000723926332141236
3079,0.00031415737563899405,0.0006837463318040286
3080,0.00039887089321079353,0.0006399769734730577
3081,0.00029911005209820964,0.000704699409043959
3082,0.00046108280851816136,0.0006978409080656143
3083,0.00042290164080138005,0.0007358131326155693
3084,0.0003218011154482762,0.0006965286012254949
3085,0.0003003354776107396,0.0007420442242168007
3086,0.0002889719733502716,0.0007746444738242687
3087,0.0003330960200401023,0.0007336456273631083
3088,0.00035891507383591185,0.0006898757094136021
3089,0.00038107558405802897,0.0007027955395792882
3090,0.00031012936815386636,0.0007577086244269795
3091,0.0003459864296019077,0.0007275591460496598
3092,0.00039905984206901245,0.0007024121014254652
3093,0.0003807619107343877,0.0006683230987661995
3094,0.0002869953226763755,0.000696533708833158
3095,0.00033187838659311334,0.0006398412950820927
3096,0.0003087330852091933,0.0006777873683508163
3097,0.0003562079781355957,0.0006790937953005273
3098,0.00041387867531739175,0.0006919516948066417
3099,0.00025655752785193423,0.0006093234222521638
3100,0.00036189606374440093,0.0006328780308556487
3101,0.0003625643643317744,0.0006318268958317835
3102,0.0003781235592517381,0.0005723812973024104
3103,0.0003138111652030299,0.0005933095146003583
3104,0.0003000773324553544,0.0005680969425873083
3105,0.00025895081732111674,0.0005961305541573019
3106,0.0003100259229540825,0.0006181836108985086
3107,0.000377031981285351,0.0006779114560840108
3108,0.00037385609272557,0.0006463947851672828
3109,0.00040163098795649904,0.0006784367114745491
3110,0.00032939214142970743,0.000604706584461268
3111,0.00038375604587296647,0.0005389619293241344
3112,0.0004208922095131129,0.000609857311626295
3113,0.0003244232138968073,0.0007601692648347848
3114,0.00028692009897592167,0.0007088002574622748
3115,0.00031458568604042134,0.0005440317187366612
3116,0.00039844529431623716,0.0005792484350143162
3117,0.00026222727610729634,0.0005924326608756806
3118,0.00021093326601355025,0.0006543905561327875
3119,0.00037569076909373204,0.0006794091676156528
3120,0.0003312032873509452,0.000713738981326382
3121,0.0003815476093829299,0.000681387828424661
3122,0.0003152188272603477,0.0006854639399620727
3123,0.0002503289501570786,0.0006538159136044404
3124,0.00026340066785148034,0.0006066986907816191
3125,0.00034569029424649973,0.0006016557747461488
3126,0.0003371246032960092,0.000613434296137998
3127,0.00022770483434821168,0.0006262048616946682
3128,0.0002544775081332773,0.0006761320914310499
3129,0.00040468861407134683,0.0007928176026784
3130,0.0003838697293152412,0.0007772533773943254
3131,0.0003591020678868517,0.0007775004812897601
3132,0.00037360699110043546,0.000719774765600487
3133,0.00022261528162440905,0.0006970081851436339
3134,0.000369369537414362,0.0006343136925624288
3135,0.0002791145137355973,0.0006716333436926343
3136,0.0003739787129840503,0.0007454648822010678
3137,0.000245874555548653,0.0007330210238702478
3138,0.00026031236823958657,0.0007215745432676352
3139,0.0003622190027575319,0.0006973434640204637
3140,0.0004275328887160867,0.0006953962720145919
3141,0.00032948568308105073,0.0007022383895988656
3142,0.000289970559727711,0.0006618202685957818
3143,0.0003583498415537179,0.000613315641883702
3144,0.00034413263589764637,0.0006350311973154193
3145,0.000407465974179407,0.0007100961749500588
3146,0.0003949001315049827,0.0007553812974374595
3147,0.0002857386076357216,0.0007336851567814611
3148,0.00034946924036679167,0.0006727484979769435
3149,0.00044615287139701347,0.0006214668071374121
3150,0.0002478172469030445,0.0006510705098612454
3151,0.0002811767510138452,0.0006796102709591565
3152,0.00033443599046828845,0.0006708108295693877
3153,0.00027499540398518243,0.0007464235110435723
3154,0.00038389602365593116,0.0006878891731539052
3155,0.00031713034647206463,0.0006509073336212713
3156,0.00036642566168059907,0.0006510748740608298
3157,0.0003927354409825057,0.0006737026814958007
3158,0.0002735457936068997,0.0007354574663909225
3159,0.0003319160818743209,0.0006734626216439926
3160,0.00020380597658610592,0.0006840983644039847
3161,0.00022483371625033519,0.0007887626658963758
3162,0.0002502117791057875,0.0007971466196275602
3163,0.0003254448563287345,0.0006864804478442869
3164,0.00030935639321493603,0.0006938526937628062
3165,0.00027022400754503904,0.0007011074784549144
3166,0.00028166355720410743,0.0007375011703652131
3167,0.00031563872277426224,0.000838930813932982
3168,0.00027814505544180673,0.0008360579422873071
3169,0.00037076629038589694,0.0006795693124739791
3170,0.0003294669702881947,0.0007374142035365281
3171,0.0002758570209455987,0.0006875366895591591
3172,0.00023071360774338246,0.0006875888074154225
3173,0.0003433427821922426,0.00062177855911936
3174,0.0002570859738625586,0.0006738910987775216
3175,0.00027701117117734006,0.000753100937613704
3176,0.00032985189172904936,0.0007547641014423603
3177,0.0003366979993491744,0.0007420080016352471
3178,0.0004012775820835183,0.0007252479884150167
3179,0.0003773040759066741,0.0007747111426791044
3180,0.00039444058978309234,0.0008290745556266524
3181,0.0003433098376262933,0.0007964014414859217
3182,0.00041407882429969807,0.0006608206533100896
3183,0.00028658876835834234,0.0006612672683174216
3184,0.0002472151032028099,0.0006553119160308261
3185,0.0003247388037076841,0.0007522251428559598
3186,0.0003655435109976679,0.0007838535106073567
3187,0.00026451630789476135,0.0007854259369425535
3188,0.00037812789087183775,0.0008652664420348923
3189,0.0002731884946115315,0.0008033552650714249
3190,0.00036572490741188326,0.0007032261653546625
3191,0.0002861186706771453,0.0006452029076859531
3192,0.00033839262614492326,0.0007108850642950751
3193,0.0005194294576843579,0.0006355273832501037
3194,0.0003849815771294137,0.0005670898148467339
3195,0.0003545106320719545,0.0006028262716828017
3196,0.000351039064116776,0.0006569148867215052
3197,0.00039416264820223054,0.0007338448433117487
3198,0.000204734979585434,0.0007188908034370934
3199,0.0004682439573419591,0.0006777741753782226
3200,0.00032784214708954097,0.0007277420336035938
3201,0.00030804842244833706,0.000688556179781921
3202,0.00028640428208746014,0.0006848079011240226
3203,0.00033627279723683995,0.0006494405949818278
3204,0.0003786302967152248,0.0006363101199995286
3205,0.00022138004230024913,0.0006284447603191682
3206,0.00032989322401893637,0.0007398667044966943
3207,0.0004715108526094506,0.0007057550805987512
3208,0.00038183094875421375,0.0005844316464082491
3209,0.0004134525738966962,0.0005356590962495772
3210,0.00025673402900186677,0.00058369795167562
3211,0.000228793560139214,0.0006965095939034024
3212,0.0003747639905971785,0.0008485446666646016
3213,0.0004900020159160097,0.0008857780632078941
3214,0.00024091193142036598,0.0009318920857031045
3215,0.00024589490494690834,0.0007710195550746394
3216,0.000356751245756944,0.0006836135573795168
3217,0.00039863200994053234,0.0006332002602165609
3218,0.00026668909122236074,0.0006411634183921448
3219,0.00034755544911604377,0.0006112246751220618
3220,0.00025165302795358,0.0006029490756391598
3221,0.0003627702574400852,0.0006455258506636216
3222,0.0003435942887639006,0.000720498174535272
3223,0.00041855535625169674,0.0007798073865568603
3224,0.00040715243764376886,0.0008048144082986112
3225,0.00033886205249776443,0.0007276056063046136
3226,0.00035342649983552594,0.0006758272487442852
3227,0.00029051896611539024,0.0006899149377104335
3228,0.0003819903921491156,0.0006945833360306978
3229,0.00035139692190568896,0.0007416080173808993
3230,0.0002208953505032696,0.0007338962617594251
3231,0.000438628630945459,0.0006365107072656607
3232,0.00026451839754978816,0.0006271270410832399
3233,0.0002942944304474319,0.0006928157559082675
3234,0.0002702932649602493,0.0005999727744799782
3235,0.00033957724420664214,0.0006398886325769126
3236,0.00025706939438047507,0.0007637938132553589
3237,0.0003583531962552418,0.0007405229862486049
3238,0.00024578224983997645,0.0006554937494302711
3239,0.00026835492462851107,0.0007409124023750365
3240,0.0003494983597192913,0.0008020130220771306
3241,0.00029813328486246365,0.0007273883395644975
3242,0.0003763264995844414,0.0007371229466094863
3243,0.00036590812863626827,0.0007775367432875251
3244,0.0002259846223751083,0.0007248873071649706
3245,0.0002741492867547398,0.0007299502021779754
3246,0.00041938445841272675,0.0006919749141634097
3247,0.0003404990090833356,0.0007228719695713225
3248,0.00031698450717764594,0.0008213615904774839
3249,0.0003668814606498927,0.0008753555034851934
3250,0.00021269848754551884,0.0008263830356776538
3251,0.0004849971718310068,0.0008040426815053316
3252,0.00046659229944149655,0.0007125048441665731
3253,0.00030921334012721976,0.000676566873783407
3254,0.0002496018843279065,0.0007777146286492448
3255,0.0002674738992936909,0.0007746046698674208
3256,0.000388279512602215,0.0006841240903567963
3257,0.00036701876767134917,0.0006493310174560101
3258,0.0002605591299167524,0.0007660706114119256
3259,0.00024626390465224784,0.0007563784354601026
3260,0.0003565418281747649,0.0006163683655767108
3261,0.00029091819111878674,0.0006315128260849439
3262,0.00019773569850561518,0.0006019343900692275
3263,0.00029502321073474985,0.0006573658787616067
3264,0.00033559927445215486,0.0007590943416690557
3265,0.00028358304407447574,0.0007587867242643448
3266,0.0003471980899727593,0.0006944336144686273
3267,0.0003735850293499728,0.0006530525182982482
