epoch,train_mse,validation_mse
1,6.11207160949707,2.949654954236265
2,6.173847770690918,2.6802403626048674
3,5.4828358809153235,2.4311136224758116
4,4.8218242486317955,2.2328055349405944
5,4.706927315394084,2.0573052657166806
6,4.227689822514852,1.9063104838132858
7,4.124347718556722,1.769856025618831
8,3.972902202606201,1.6441587081223021
9,3.6823532581329346,1.5387266394425565
10,3.390782531102498,1.4470435886636495
11,3.25299604733785,1.3686973359875791
12,3.002419598897298,1.307514229158717
13,2.842069419225057,1.2422571928482355
14,2.6285334746042888,1.18598480487433
15,2.5730616728464764,1.1465240960984717
16,2.3339659929275514,1.1113819195998935
17,2.3159571329752606,1.080581460881421
18,2.1075064659118654,1.051442930078882
19,1.949123873313268,1.0234463881319902
20,1.8525216261545816,1.002707435390142
21,1.6598504702250163,0.9814856869029248
22,1.6368099530537923,0.9635350436676205
23,1.6758761723836264,0.9498587123990998
24,1.5504319190979003,0.9318674305292565
25,1.2707411448160808,0.9196011569556288
26,1.2758954366048176,0.9044718019605622
27,1.2861165046691894,0.8901299505721866
28,1.2792698701222738,0.8724178549811596
29,1.1638977805773416,0.8496062211164339
30,1.1381258726119996,0.8300963823250899
31,0.9999599615732829,0.8096088293030506
32,0.8824549992879231,0.7907956078296571
33,0.9284783840179444,0.7645061579276258
34,0.8989255547523498,0.742853279188862
35,0.7946886618932089,0.7085936881425813
36,0.7219460884730021,0.6856984144120705
37,0.7287380496660868,0.6596516506878409
38,0.6273151397705078,0.6353097520475313
39,0.6199836532274882,0.6131961317512933
40,0.627691674232483,0.5894424760435509
41,0.5163887739181519,0.5677926638933617
42,0.45786317189534503,0.5467569030175997
43,0.45974244078000387,0.5222329380005364
44,0.45394537448883054,0.5037416013207022
45,0.390699557463328,0.4850896188593286
46,0.40567969481150307,0.46384031988504365
47,0.3734219312667847,0.43961900237977036
48,0.3271593501170476,0.41680047784264634
49,0.2919575095176697,0.3997092918148191
50,0.29998456239700316,0.3837337012835375
51,0.27651022672653197,0.3674310389466173
52,0.24790756901105246,0.35255009616453814
53,0.23026392062505086,0.33528693853400826
54,0.2082773268222809,0.31873395499282
55,0.19254279310504596,0.30410048271727375
56,0.20084776679674785,0.2911223994465325
57,0.1705815851688385,0.28062960341220766
58,0.14155192573865255,0.26875085835381757
59,0.15640286554892857,0.2549255302571875
60,0.14043322702248892,0.24467148062751048
61,0.11766913135846456,0.23269861490707697
62,0.12699630359808603,0.21973699354749965
63,0.10470372190078099,0.2079332109511368
64,0.09599184195200602,0.19770554611532706
65,0.10119917392730712,0.18766442762585137
66,0.09667812486489614,0.17949168266743187
67,0.08740077515443166,0.1713345902641927
68,0.07464927484591802,0.16214206803032732
69,0.06888380895058314,0.15313420239395983
70,0.058464612315098446,0.1456589379648524
71,0.058513888716697694,0.14043824797070872
72,0.05165093367298444,0.13472245152541032
73,0.055767657111088435,0.12825594420038808
74,0.05561276202400525,0.12200317725421876
75,0.049679075926542283,0.11656611641560953
76,0.04612512017289797,0.11048558536242312
77,0.044835806886355085,0.10593333505974041
78,0.036919990181922914,0.10144177120266937
79,0.03675209954380989,0.09624018883845938
80,0.03533528372645378,0.09311444171535688
81,0.037491453687349956,0.08856396400553035
82,0.03531409228841464,0.08474533928660896
83,0.03127890850106875,0.08153045787586002
84,0.031355199466149015,0.07859000874551263
85,0.030090764661629996,0.07630815615100185
86,0.028304634739955266,0.07370236281334884
87,0.02333560201028983,0.07032506138555647
88,0.026834440355499586,0.06793812172502045
89,0.0248154083887736,0.0654560827364133
90,0.021516753608981767,0.06402691312896924
91,0.023151776194572447,0.06211235693941905
92,0.022304745142658552,0.05916847209409466
93,0.02060521344343821,0.05687384732712911
94,0.02139315561701854,0.055191633093544815
95,0.016985198482871056,0.05334036512755033
96,0.01904267109930515,0.05180737376213074
97,0.015696500055491926,0.050342042175099605
98,0.01500871330499649,0.04955272244538848
99,0.01814977650841077,0.04873668442032938
100,0.018297872319817544,0.04740172891518262
101,0.018009623636802037,0.046127462686281505
102,0.017178983613848686,0.044067099338441384
103,0.014615009042123954,0.043108776695732993
104,0.016749180853366852,0.042088726623438474
105,0.013638946041464806,0.04116446033530817
106,0.015311084936062496,0.039952032458711796
107,0.013521758218606314,0.03881952320555533
108,0.015430914424359798,0.03799715153432972
109,0.013935608975589275,0.03702189416925269
110,0.014283262317379315,0.03649109064447364
111,0.011843321782847246,0.03624170729670468
112,0.014189985829095047,0.03535035991762567
113,0.013404591629902521,0.03496158622410588
114,0.010500449066360792,0.034007215007083626
115,0.013874897360801696,0.032942628407278865
116,0.010108339476088683,0.03275756235784433
117,0.011443952346841495,0.032440438558618855
118,0.010592525700728099,0.03192073508627771
119,0.01308631965269645,0.03169627896488065
120,0.009443958041568596,0.03146534160468874
121,0.011073311666647594,0.030967406169548045
122,0.010854987489680449,0.03052568220804761
123,0.011520289815962315,0.030178675886360914
124,0.009332195110619067,0.030150350535244452
125,0.01087582738449176,0.03017086666957365
126,0.008255277822415034,0.029037601571148774
127,0.010790552074710528,0.02841021333212458
128,0.008677474875003099,0.027726698263482317
129,0.008745173923671246,0.027422392557514465
130,0.009880952537059784,0.027581764856265404
131,0.011375932519634565,0.027496281706940705
132,0.007929952877263228,0.02717267576326418
133,0.009750409020731847,0.02656632275357256
134,0.007347331941127777,0.026129749485320874
135,0.00735632920016845,0.026009274529307846
136,0.009185056077937286,0.025753357576015663
137,0.008798397829135258,0.02577857824691432
138,0.008248719914505879,0.025627206341825484
139,0.007655621661494176,0.025460842052679948
140,0.008771573069194953,0.02526101657724756
141,0.006165277833739917,0.025093199118722494
142,0.00669848012427489,0.02494224539855275
143,0.008150006892780464,0.02465938219404596
144,0.007113262017567953,0.024362055785536005
145,0.008276769270499548,0.024262295637598744
146,0.006508518584693471,0.024230340141876357
147,0.00783491786569357,0.024211007056713807
148,0.006438907887786627,0.0240890134408278
149,0.008160104881972075,0.023929025668020205
150,0.007344034438331922,0.02395821921710717
151,0.007237601807961861,0.023795880067233714
152,0.006484058561424414,0.02364881533426306
153,0.007494809695829948,0.023222009621800738
154,0.007642531751965483,0.023156563554089297
155,0.00738235708946983,0.023228844710695373
156,0.007639774059255918,0.0229144908756377
157,0.006856930783639351,0.022898137655134834
158,0.006958713723967473,0.022656825437544163
159,0.007310235872864723,0.02268223094962002
160,0.006846079851190249,0.02254919865944122
161,0.004768972999105851,0.02252024993177606
162,0.005234032458004852,0.022420802413977273
163,0.006223873173197111,0.022343459644989207
164,0.004778733694305023,0.022253884996679855
165,0.005757668955872456,0.022305824341047116
166,0.005750352299461762,0.02224285673445428
167,0.006923525997747978,0.022100212351294366
168,0.006189107351625959,0.02210827064462094
169,0.006130086040745179,0.022066490474894028
170,0.004343674300859372,0.02190436874690473
171,0.005714410465831558,0.021850535202877757
172,0.0045654726835588615,0.021810910277669942
173,0.0058776858805989225,0.021783921434030698
174,0.005696633652163049,0.02171218019770825
175,0.004609868147720893,0.021796618129024063
176,0.005721538669119278,0.02186415950844695
177,0.004255673366909226,0.021862511919980034
178,0.00558379174520572,0.021707386799581993
179,0.004126407625153661,0.021663097189886012
180,0.0036795189914604026,0.021689566315195752
181,0.00563843723696967,0.02182158807798575
182,0.0042149238598843414,0.021804000173996047
183,0.0037646752937386435,0.021786771159193766
184,0.003699876709530751,0.021772201582752754
185,0.003963601682335139,0.0217982485558559
186,0.0055642725434154276,0.02172010216227637
187,0.004056604610135158,0.02180405672250946
188,0.00528514472146829,0.021874093442355965
189,0.0052336478916307294,0.021873383130144884
190,0.003536319484313329,0.02181914124700175
191,0.004488224132607381,0.0217586178900894
192,0.005151864979416132,0.021760270636580065
193,0.0033113118726760147,0.021777418057991587
194,0.005144523642957211,0.02178722049391968
195,0.004639835096895695,0.021801111804446074
196,0.005089006433263421,0.021892558938207646
197,0.004308068053796887,0.021774033201843734
198,0.005199432217826446,0.021772002808632344
199,0.0049732357263565065,0.021661130044110646
200,0.004648111310477058,0.021660950044023356
201,0.0035276340475926798,0.02167176361760403
202,0.0028005750384181736,0.02160268160881196
203,0.003011170852308472,0.021617403052248588
204,0.004795427558322748,0.021574067014203533
205,0.004503092736316224,0.021596607007819603
206,0.003943327457333604,0.02154563344450389
207,0.004417800406614939,0.021469445858796045
208,0.004356252246846755,0.021394981942176233
209,0.0031810713776697715,0.02145924537046629
210,0.004537589382380247,0.021576133679495905
211,0.003015448913599054,0.021619131654779626
212,0.003804646416877707,0.02169070689476968
213,0.0027297083754092453,0.021709452262221592
214,0.003648372118671735,0.021650807763354516
215,0.0029616300482302902,0.021652136474671797
216,0.0042050372498730814,0.021571102321118585
217,0.0038479455125828583,0.021602220561971346
218,0.004268514458090067,0.021582521608202006
219,0.0028730197188754874,0.021642838377417543
220,0.003912540835638841,0.02158557421593802
221,0.003843270040427645,0.021537273330247308
222,0.0026498654546837012,0.021522526832766772
223,0.0028527569957077503,0.021603595371922756
224,0.0037994221318513157,0.021592454784953103
225,0.0036800097208470107,0.021571833328673923
226,0.002559200068935752,0.021643364767169975
227,0.003940716510017713,0.021668907623430055
228,0.003419104249527057,0.02165737833945066
229,0.0034264479608585438,0.02166096337036941
230,0.0032682668728133044,0.021649922884076717
231,0.003351202638198932,0.021694964641250494
232,0.002526497949535648,0.021716850444923823
233,0.003941356235494216,0.02171421340688711
234,0.002651813152867059,0.021813317284530658
235,0.0024298098559180897,0.02178099933703701
236,0.0036298799173285563,0.021791499661736366
237,0.0021211190770069758,0.02172952584049657
238,0.0036024436509857574,0.021744698744384557
239,0.0033509251195937397,0.021778814402944224
240,0.0022062153245011964,0.021763657808201168
241,0.002572116022929549,0.02181475816705213
242,0.003614840532342593,0.021889771540157907
243,0.002286787889897823,0.021963424065817645
244,0.0031135452988867956,0.02193235981234122
245,0.001987887142846982,0.021827792702976058
246,0.003412778543618818,0.021782662625989224
247,0.0032642734857896965,0.02171483659735463
248,0.003262276613774399,0.02173013821075575
249,0.003120076671863596,0.021697587513284187
250,0.00218379064463079,0.02166764921963391
251,0.0018026119563728572,0.021626121837528437
252,0.0031620757343868416,0.021646700803131805
253,0.0021701663344477614,0.021682767472486562
254,0.003079923145317783,0.02171171089179638
255,0.0018689326010644437,0.02174137764075023
256,0.002188644418492913,0.021793798587512313
257,0.0019884906864414613,0.02181383239941334
258,0.0032935837206120294,0.021883902534123832
259,0.002832471753936261,0.021857050295156524
260,0.003137865616008639,0.021848214401562854
261,0.0018068553026144704,0.021845271572558663
262,0.0032161925453692676,0.02181808949323503
263,0.0032134872395545243,0.021807197719724395
264,0.0034113974776118993,0.021837539868209306
265,0.003247773554176092,0.021858609189814703
266,0.002021831072246035,0.021868672658227326
267,0.0019465461994210879,0.02192227754331245
268,0.002177201025187969,0.02202207478144624
269,0.0019890240083138147,0.02206482633940993
270,0.0019905199607213337,0.022030231297221474
271,0.0030666033504530787,0.02203621057881497
272,0.001880325850409766,0.02201401619020644
273,0.0015974816090116898,0.022041472855691364
274,0.0017281803535297512,0.022068439044175655
275,0.002999199352537592,0.022076794173656485
276,0.0017284974455833435,0.02209155642478837
277,0.0016548657479385535,0.022027859478954255
278,0.0018014864064753056,0.022012230236171267
279,0.0028774627950042485,0.022049537573860387
280,0.0017810293085252246,0.02200830096422922
281,0.003014772905347248,0.02200134905187164
282,0.0018698175592968861,0.022074351431875246
283,0.0026937286524722974,0.02206676953112868
284,0.0028138106921687723,0.02201248277858721
285,0.0029925753207256395,0.021987792746141904
286,0.002882039810841282,0.02200261168328561
287,0.0015205232775770128,0.02203868315958484
288,0.0014769464420775573,0.02207424554709844
289,0.002862451458349824,0.02208366189298667
290,0.002718083894190689,0.02205678037419094
291,0.0014799719055493673,0.02200495705785831
292,0.0014534188356871405,0.021947191151841655
293,0.003045340410123269,0.0219257566454549
294,0.0017352083154643576,0.02196383490557159
295,0.001766690033643196,0.021956980529087265
296,0.001885121517504255,0.02201669977420545
297,0.0016445432246352234,0.022047150949764206
298,0.0017894833503911893,0.022078784050669258
299,0.0016150729730725288,0.022111846757392715
300,0.0028768840556343397,0.02211455403511801
301,0.001540424379830559,0.022100284845956903
302,0.0028348890754083794,0.02209150996499174
303,0.001521322891737024,0.022067002908099355
304,0.0029632690362632274,0.02207561709925415
305,0.0014875275703767935,0.022055848714286886
306,0.002513980178628117,0.022012920800860473
307,0.0017919906259824833,0.022011875061274278
308,0.0012915034235144655,0.02195741190743728
309,0.0027356493519619107,0.02198026405178069
310,0.00275930956316491,0.02196878485572268
311,0.001726549599940578,0.022019542900361413
312,0.0027697480594118438,0.02203830292697732
313,0.0015715619781985879,0.022050969614317333
314,0.0017860787144551675,0.022094284624271973
315,0.002553318852248291,0.02213953571819414
316,0.0016891936461130778,0.022163178955065452
317,0.001229611481539905,0.022177230489740924
318,0.0027897111295411984,0.022130927045308932
319,0.0015936727713172635,0.022089609362947658
320,0.0014511530908445517,0.022068846486802175
321,0.0015814735476548474,0.02209715270547299
322,0.0014333766458245615,0.02211683044415407
323,0.002556342383225759,0.02209793621908844
324,0.00248620598965014,0.022071691002608754
325,0.0014435964714114866,0.02208612463620352
326,0.002534332681292047,0.022077569829696043
327,0.001240576613539209,0.0220326767669712
328,0.0026256478469197948,0.022014332546551867
329,0.0027742580976337196,0.021992815922447076
330,0.0014394085621461273,0.022020556432319673
331,0.002545390084075431,0.0220312163175091
332,0.0015017750556580722,0.021989589575384782
333,0.001352495428485175,0.022011089017688053
334,0.002494644233956933,0.021975308458694793
335,0.0013886336237192154,0.021984873482532155
336,0.001311197861408194,0.02197012525257163
337,0.002609263484676679,0.021966119579178846
338,0.0014075741016616424,0.02204256066979151
339,0.0015148976352065801,0.022086289740629553
340,0.0023899331882906456,0.022074617610466998
341,0.0015334137016907335,0.022125141629142555
342,0.002479155904923876,0.02214059366397266
343,0.0025824814142348866,0.022070243866659525
344,0.0026497999477821093,0.02204497787720106
345,0.0013571945329507193,0.02208787860260822
346,0.002448650872490058,0.02207440220362206
347,0.0014989242423325776,0.022046594286528158
348,0.002537700301036239,0.02203491257547628
349,0.001340084196999669,0.02202981628668238
350,0.0024208015102582673,0.022040089013010966
351,0.0014784163019309442,0.02207251091847035
352,0.0022942019859328866,0.02206602088344379
353,0.002664131042547524,0.02202629525669095
354,0.0013723297277465462,0.021960821501382694
355,0.0016085868623728554,0.02196979902934019
356,0.0025579535479967794,0.02197237978286044
357,0.0022895115350062647,0.02196809258605317
358,0.0013491931293780604,0.021940876047794274
359,0.0015097214995572965,0.021944743555449828
360,0.001306967445028325,0.021993106652755202
361,0.001439905888400972,0.02205156216647212
362,0.0024199058845018346,0.022047769461619102
363,0.0014554647728800773,0.022095804036719593
364,0.002451630390714854,0.022053456322590665
365,0.0014506401610560715,0.022046417012576043
366,0.0014002035721205174,0.022028650384484313
367,0.0024278112687170506,0.02202131635854094
368,0.002291560685262084,0.02199337257468325
369,0.00154872618149966,0.02196822148623077
370,0.0024387504206970336,0.021992202199203528
371,0.00144731558393687,0.02204091550312995
372,0.0015600094261268775,0.02211239293041661
373,0.0024695542252932984,0.022058181318007117
374,0.0013680873593936364,0.02196833958819978
375,0.002249530357463906,0.02195441478672694
376,0.0022368737185994784,0.021955463734609406
377,0.0012274571306382617,0.02193007082128384
378,0.0012393260762716333,0.02191275665096528
379,0.002335631746488313,0.021881766290968562
380,0.001336215859434257,0.02190345245978142
381,0.0012667463975958525,0.021912624498491916
382,0.002239293248082201,0.02188282084145297
383,0.002335987286642194,0.021896819037744614
384,0.0025644115793208282,0.02186200634657046
385,0.0014193356696826716,0.02182762654806216
386,0.002536803763359785,0.021831480852203575
387,0.0013502680968182782,0.02186113250199852
388,0.002487900371973713,0.021873821566746696
389,0.0013588083287080128,0.021834446095282168
390,0.0013753167314765355,0.021857078722494795
391,0.002166948711965233,0.02183125567013823
392,0.0024315614563723406,0.02179251319736125
393,0.00244923677140226,0.021803264454828473
394,0.0013550468332444627,0.02181418223937196
395,0.0021743614071359236,0.021809845484470524
396,0.0021085592762877543,0.02174683767700876
397,0.0021969279274344443,0.02169799064396052
398,0.0013703425880521535,0.021727870504452487
399,0.00233775843710949,0.021749958700287765
400,0.0023807593466093143,0.02171774754139382
401,0.0020941027440130712,0.021641224050733047
402,0.0013334972939143578,0.021611577028217983
403,0.0022727960254997014,0.02162959056312409
404,0.0023889429479216537,0.021661544698987185
405,0.0024326620895105105,0.02168346274512138
406,0.0022190914877379935,0.021700961324642963
407,0.001371876352156202,0.021660183618710502
408,0.0012144566668818395,0.021656642843947166
409,0.0013204354249561827,0.02168723268757068
410,0.0023752062193428476,0.021730842446453694
411,0.0023737044112446407,0.021739370273939504
412,0.002358508420487245,0.02169951371936582
413,0.002278830041177571,0.021646929413490876
414,0.002072784684908887,0.021626023788327776
415,0.00211391905710722,0.021543665994398706
416,0.0021557794806237023,0.021490288861682565
417,0.001985634510250141,0.021483110608606356
418,0.0011098442055905858,0.02143180990723644
419,0.0021091650628174345,0.02143263557236495
420,0.0020785196373860042,0.021427394081581765
421,0.0022072113119065762,0.021434822061106446
422,0.0011820459039881825,0.021476787349986513
423,0.0012573183979839087,0.0215047790822903
424,0.0010871623060666024,0.021472489783965695
425,0.0014277182403020562,0.02146918630946105
426,0.001215428354529043,0.021497156449014277
427,0.002314937262174984,0.021482353663350655
428,0.0020377947638432186,0.021372971135946946
429,0.0019270425584788124,0.021331929202066866
430,0.001993820583447814,0.02121172402802063
431,0.002219683025032282,0.021250435910150994
432,0.002227253484306857,0.021220535703560733
433,0.0011583180477221808,0.02126796910993931
434,0.002092838929578041,0.0212803100140428
435,0.0021247875527478756,0.02130130494350758
436,0.0019709944492205976,0.02123076932534106
437,0.0018890604958869516,0.021247510402280047
438,0.0011929799569770695,0.021253107166959075
439,0.002083121845498681,0.021258414686312826
440,0.0020438724740718802,0.021240029579365816
441,0.0020620511456703144,0.021221969621329325
442,0.001240230231390645,0.021323575733566847
443,0.0022132480749860405,0.02133365468980055
444,0.001081759265313546,0.021347212825175814
445,0.0020919688045978545,0.021282045713325187
446,0.0011673937920325746,0.021267796235936363
447,0.0019781872862949966,0.021260419677151
448,0.0011224886344280093,0.021229540621201824
449,0.0019615666785587865,0.021204482096680036
450,0.0020408234869440395,0.02110420319244383
451,0.0010740177628273766,0.02103272711814154
452,0.0012483062125587215,0.021098982388755
453,0.001984626481619974,0.021200571700519935
454,0.0019734761832902827,0.021231035687264026
455,0.0011137680461009343,0.021263295102600506
456,0.001139335233407716,0.02127165766799544
457,0.0021388491072381536,0.021220234846036266
458,0.0012543804245069624,0.02118562421519456
459,0.0009684670406083266,0.02119910775676487
460,0.0018754194218975802,0.021142010980351702
461,0.0019237256996954481,0.021128651473348536
462,0.001191725997099032,0.021037404242111004
463,0.0020798786000038186,0.0210275129950422
464,0.0018659967347048223,0.020915593874941425
465,0.001978493675900002,0.020799850990013108
466,0.0020493712916504593,0.020846641534484747
467,0.0020205350127071144,0.020874319620078473
468,0.0012498599166671435,0.02100251620180729
469,0.0020625091817540425,0.02107499690917064
470,0.001934453616073976,0.021006820151421027
471,0.001247247401624918,0.020970636062089383
472,0.0010481311784436306,0.021046500763027217
473,0.0018665895292845865,0.020927192012625415
474,0.001110987140176197,0.02097655230707775
475,0.0020046672085300087,0.02098521098171867
476,0.0020377590786665677,0.02097993148270789
477,0.0011424287610376875,0.0209616031057722
478,0.0020249196716273826,0.0209530138769957
479,0.0018897299848807355,0.021013859175438954
480,0.001261850989734133,0.021032633567888905
481,0.0020553116609031957,0.02084158448223758
482,0.0020014101561779776,0.02072752652117821
483,0.0010496821952983737,0.020779552194839856
484,0.0018148404662497342,0.02079077794649235
485,0.0019843323001017175,0.0206918058198268
486,0.0009059973293915391,0.020662244101326298
487,0.001844191395988067,0.020678998433112158
488,0.0010919627035036682,0.020737621955221563
489,0.0010624889517202973,0.020834729816089935
490,0.0009509071862945954,0.02074420255586857
491,0.0010169407119974493,0.02068062749229313
492,0.0011155718471854924,0.02062817485489714
493,0.0012059612742935618,0.0206774641121701
494,0.001971244109639277,0.020626545297055262
495,0.0010417209394897023,0.020622026981917892
496,0.0019461790332570672,0.020601847091704373
497,0.001734307548031211,0.020565038282922873
498,0.0017724238821150114,0.020454800130403416
499,0.001020891102962196,0.02044291429104298
500,0.0019588519586250185,0.02044554734529238
501,0.0010785967654859026,0.02044835548085256
502,0.0019483947738384206,0.020503224013006593
503,0.001076706638559699,0.020523219684681553
504,0.0011769443284720183,0.02056764669745691
505,0.0018843204559137424,0.020508084717521986
506,0.0009995702576513091,0.020459146810856862
507,0.0017706957180052996,0.020432711241576147
508,0.0018551099812611938,0.020467233983433152
509,0.0009006502339616417,0.020492972644764608
510,0.001794772498154392,0.020433401248938457
511,0.0018109406150567035,0.0203768986123284
512,0.0009824517260616024,0.02033288837007181
513,0.0010535541417387624,0.020325469615773892
514,0.001893995531524221,0.0202827112397223
515,0.0019649961109583576,0.02029819247554841
516,0.0010546120659758647,0.020391124285992206
517,0.0010350463950696092,0.02038677665954969
518,0.0010564957046881318,0.020441480369607763
519,0.0018126447646257778,0.020434465097982114
520,0.0009486424930704137,0.020424106744976026
521,0.0018467795530644556,0.020339197845850872
522,0.0018380264829223356,0.020254057876061736
523,0.0009739149827510118,0.02026624810390585
524,0.0016784878292431433,0.02016935960983667
525,0.0009160705221196015,0.020017982101229233
526,0.0009267571071783702,0.019983801910081717
527,0.0017200615014492844,0.019957764653532994
528,0.0010179215110838412,0.02000678704655546
529,0.0019073273132865628,0.020044941961119965
530,0.0017578187864273787,0.020162524435463854
531,0.0017230854098064204,0.0200390870440898
532,0.0009889336147656043,0.019951803272399378
533,0.001788541868639489,0.019970323142456257
534,0.0018190954656650622,0.01999302163690798
535,0.0009350384585559368,0.020015487946041927
536,0.0017102779471315443,0.019994330445788508
537,0.0009456949851786097,0.020004159844238457
538,0.0010054680751636624,0.020039981451090864
539,0.001006128095711271,0.020043907892398946
540,0.0008922685403376818,0.020055887942004393
541,0.0017238192066239813,0.01990379799362712
542,0.001600555427527676,0.019798134387595447
543,0.00085098873047779,0.01974925601224261
544,0.0009611999033950269,0.019784627753625234
545,0.00176330505637452,0.01977147392957933
546,0.0016860422251435618,0.01972197562338799
547,0.0007626414124388247,0.019731571626534144
548,0.000787449802737683,0.019779597211071826
549,0.0009636505894983808,0.019825748483261723
550,0.0016467485926114022,0.01983296306525159
551,0.0009453176132713755,0.019756876951538202
552,0.0009946044961300989,0.019758242981757705
553,0.0017574203045417865,0.019683973753722165
554,0.0016467809832344453,0.019717817524756032
555,0.0008712401574787994,0.019734326258712395
556,0.0007503966374012331,0.019684083532453992
557,0.0008424775713744263,0.019613128507465827
558,0.0017084387325060864,0.019637732942566627
559,0.0017903057897153,0.019528630138264867
560,0.0016121089380855362,0.019557308984964383
561,0.001514825706059734,0.01955258905682273
562,0.0015219644526951015,0.01954594542690384
563,0.001666238826389114,0.01947006663146216
564,0.000721864573036631,0.019510913324931007
565,0.0016807176327953736,0.019526150972237737
566,0.0015579309974176189,0.019437854082917604
567,0.0016965493094176054,0.019462180961891423
568,0.0014121050170312324,0.0194943992450364
569,0.001630327629391104,0.019390414850273
570,0.0008733054079736272,0.019580423853939443
571,0.0016100630319366852,0.019533137497528802
572,0.0015643124391014377,0.01950248710693806
573,0.0015182024818689874,0.01953074899245435
574,0.0007807649904862046,0.019455867467492116
575,0.0016068547576044998,0.019340487395039224
576,0.0014651833878209194,0.0192462804866588
577,0.0008416898626213272,0.019223260971915533
578,0.000696385089152803,0.019230807801400584
579,0.0007258701759080092,0.019211660300594145
580,0.0015040053753182293,0.019194115481273397
581,0.0015267756457130115,0.019216937379632877
582,0.0008674227632582187,0.019141601266588752
583,0.0009162563481368124,0.01898085732951643
584,0.0014246054536973436,0.01895857545158525
585,0.0014499679518242678,0.018994766287505627
586,0.0014446270302869379,0.019060863526611346
587,0.001642655162140727,0.01898673929890075
588,0.0009702405737092097,0.018860592389493946
589,0.001440095086582005,0.019008782655587347
590,0.0007893137905436257,0.019058506517839715
591,0.0007821182759168247,0.01923676604390379
592,0.0008151148174268504,0.01903533926013652
593,0.0006952541657180215,0.018919933279316258
594,0.0013958415520998338,0.01887461691214813
595,0.0014621913859931132,0.01884900472735561
596,0.0015429533319547772,0.018818104243653967
597,0.0008951736187251905,0.018985841489272324
598,0.0008710925156871478,0.018989397484193166
599,0.0014547801731775204,0.018871663468266565
600,0.0009304867843942095,0.018806126584687572
601,0.0014491086515287558,0.018765975757846682
602,0.0007596255706933638,0.01881406042636849
603,0.0006561767620344957,0.018909544515328145
604,0.0006741268599095444,0.01895701671092529
605,0.0008276420955856641,0.018814772184146202
606,0.000829461597216626,0.01879236723230345
607,0.0008419790499222775,0.01878136928801931
608,0.0014332825900055467,0.018827725414509378
609,0.0007344291661866009,0.018692100970587863
610,0.0013318945459711055,0.01869601127874898
611,0.0008398751611821354,0.0187711289269835
612,0.0013237310495848456,0.01883986563693116
613,0.0013759033987298607,0.01884117580979593
614,0.000829365251896282,0.018753258313426353
615,0.00142838212971886,0.0186850576272865
616,0.0006815979742289831,0.018544310894538098
617,0.0014329403832865257,0.018571289212215604
618,0.001409251953009516,0.01855341725667396
619,0.0007835976934681336,0.018682930009864915
620,0.001304970208245019,0.018691666013612523
621,0.0007958922457570831,0.01849189223941621
622,0.0014509590303835769,0.018474603431137996
623,0.0008304110184932748,0.018631132249903724
624,0.0008032692790341874,0.018700215939843043
625,0.0013796437492904563,0.018699143521898373
626,0.001470932523564746,0.018597900090137804
627,0.0008469953725580126,0.018457770486926938
628,0.001292103265101711,0.01846095773677422
629,0.00073190326608407,0.018582998697946624
630,0.0007538940873928369,0.018464649792789944
631,0.0012700729343729715,0.018466100749361704
632,0.0014133485266938806,0.01841678740236703
633,0.00137094435437272,0.01830441537716492
634,0.0013212505572785934,0.01837318857735771
635,0.001426600757986307,0.01837793794115932
636,0.0007302496892710526,0.018383650365835568
637,0.0014084357263830802,0.01848340658544321
638,0.0013863595163760086,0.018310398494047444
639,0.0007398610391343634,0.018213205479496106
640,0.0007330187441160281,0.01830641480940064
641,0.0008107479554989065,0.018232290941019226
642,0.001234546924630801,0.018232330628560754
643,0.0012207707428994279,0.01818699412429192
644,0.0012643550018159053,0.018234305149750916
645,0.0006950343493372201,0.01825322849881344
646,0.0006523032168236872,0.01827692610439001
647,0.0013643822555119793,0.017965061626741736
648,0.0006626333090631912,0.01784503399797781
649,0.0011334306715677183,0.017878398335883467
650,0.0006363646980995934,0.018060372559368376
651,0.0008011690069300432,0.018007088738574286
652,0.0012378493362727265,0.01809795836984055
653,0.0013048705218049387,0.018030481977666928
654,0.0006956054479815066,0.017969229537260344
655,0.0006602858387244245,0.017974710165280995
656,0.0007046131378350158,0.018069933795582825
657,0.0005580757317754129,0.018029750977444838
658,0.0005810178583487869,0.01776483363845921
659,0.0006405873534580072,0.017645916578865897
660,0.001342492934782058,0.01779026788930724
661,0.0006806673540268093,0.01784145504265554
662,0.0012656726292334497,0.017901956899399597
663,0.0004940848196080575,0.01800996259470859
664,0.0012243170329990485,0.01793814800665017
665,0.0006533098251869281,0.017938984433321033
666,0.0006249394073771934,0.017777931524484647
667,0.001211022634136801,0.0177808443935016
668,0.0005588367309731742,0.017763212004192466
669,0.0012754123269890746,0.017713191856696144
670,0.0012003308899390201,0.017722998071080586
671,0.001270206163947781,0.017603526320895107
672,0.0007056438344685982,0.01771570512599598
673,0.001262900762958452,0.017655498157512016
674,0.0007004658187118669,0.017648186230313355
675,0.0011512354792406162,0.01760248481625999
676,0.0006164974300190806,0.017721054529199216
677,0.001119494412948067,0.01768418229515041
678,0.0005326238208605597,0.01767535279981616
679,0.0004560053853007654,0.01760611769662598
680,0.000517046843500187,0.01747700798244575
681,0.0011780907671588162,0.017381219472002794
682,0.001195737444019566,0.017393183579125743
683,0.0007222667103633284,0.017491446796980663
684,0.001078588795886996,0.017510891015692726
685,0.0011966998029189805,0.01738820721461313
686,0.0006522512800681094,0.017600010739507402
687,0.0006288165498214463,0.017545067763880012
688,0.0010293444405154635,0.017419262701190832
689,0.0011877904723708828,0.01729428069666028
690,0.0006010176497511565,0.017320767976343632
691,0.0011864696474124987,0.01726682081921246
692,0.0005925108290587862,0.017219933138529615
693,0.0010787124784352878,0.01726690723054756
694,0.0005029196327086538,0.017463754440885125
695,0.0012018886550019185,0.0172734396150849
696,0.0010229743435047566,0.01714548684187292
697,0.0010334647493436932,0.017091081114705857
698,0.0010778877728929122,0.017174211493876622
699,0.0006148410340150197,0.01737721672640952
700,0.0005466453129580865,0.01729864155961655
701,0.0005529838022387897,0.017067196206959682
702,0.0005805572184423605,0.017009034103853262
703,0.00117390959446008,0.017129182030894155
704,0.0010426912961217264,0.01696710457922671
705,0.0010518167905199031,0.016982917866383597
706,0.0010843562961478407,0.017110255682532948
707,0.0005076034110970795,0.01697353338896055
708,0.0010418331017717718,0.016840757142136415
709,0.0010142803541384638,0.017001267925902144
710,0.0011236633086809888,0.0171604139206007
711,0.0009765592345502228,0.017048656669130007
712,0.0010461295139975845,0.016908293465284382
713,0.000993808162941908,0.01680760389179226
714,0.001039744863131394,0.016842577633939274
715,0.0005322730576153845,0.016874959646526168
716,0.00044236872151183585,0.01695242866426413
717,0.0009359288495033979,0.016802681474323112
718,0.0005483614552455644,0.016875889940612662
719,0.0009638916662273307,0.016902165731239156
720,0.0004529840914377322,0.016738863335555697
721,0.0006321886437945067,0.016669633156641966
722,0.0009651812841184437,0.0166371819768541
723,0.0005305605746495228,0.016534523627772107
724,0.0010780383774545044,0.01658042798764769
725,0.0011288418027106673,0.016674604908541196
726,0.0005689285753760487,0.016512658546026064
727,0.001025106063267837,0.016525532533304663
728,0.0010608926531858742,0.01667044256395829
729,0.0009313708132443328,0.016687720810525178
730,0.0005109507862168053,0.0166269091588599
731,0.0004988483318205302,0.01662335767572027
732,0.000562089099548757,0.01645331721254221
733,0.0004552786801165591,0.016397379584405132
734,0.0009666776827846964,0.016649867098147825
735,0.0009786932263523341,0.01640992568013823
736,0.0009367500955704599,0.016243373931158246
737,0.0009030469809658825,0.016281402288518085
738,0.0009429783793166279,0.01636256717556105
739,0.0009768177580554039,0.0164086676705042
740,0.0005216392125779142,0.016493952305122152
741,0.0009745529290133467,0.016517854951996737
742,0.0008988457712500046,0.016397619454967458
743,0.0008151639718562365,0.01631233094656092
744,0.0004655374446883798,0.016519912107898965
745,0.0004239845050809284,0.01641918431534835
746,0.0009771684417501092,0.01637950430323524
747,0.0008669694516963016,0.016087157406118206
748,0.0009894391890460004,0.0161909889631472
749,0.0008635774875680606,0.016361964602522025
750,0.000467161894387876,0.0164129400908155
751,0.0008028883564596375,0.016172337587776146
752,0.0008836377373275657,0.016203511656650644
753,0.0004719813237898052,0.01605959374853593
754,0.0005575857692747376,0.01614179726924718
755,0.0008549296277730415,0.01614102540449716
756,0.00047220565223445493,0.015959210132842693
757,0.0008089326263871043,0.016094538401518987
758,0.0005501929088495671,0.016139097907763765
759,0.0009153119618228327,0.015976817202277657
760,0.0004136886544680844,0.015843241184025886
761,0.0008213202779491743,0.0158555784416715
762,0.00042270138898553946,0.016079638525476957
763,0.00046242827083915473,0.015849084822519673
764,0.0009007132418143252,0.015613116617277852
765,0.0009361679316498339,0.015610818677823844
766,0.00035749131347984076,0.016056632656992715
767,0.00037223752588033676,0.01606490777706449
768,0.00047481720491002004,0.015765425008464985
769,0.0005329530530919631,0.015973418864868874
770,0.0009632041367391745,0.015870899959342686
771,0.00038178143246720233,0.015820361499667285
772,0.0003806056910737728,0.015874706986030256
773,0.0008470464885855715,0.01562096437395323
774,0.00034314290581581494,0.015737575433018992
775,0.0004402254397670428,0.015841615663137375
776,0.0008998649078421295,0.01579702254678086
777,0.0009435794141609222,0.015604521388070672
778,0.00038010934755826987,0.015660077107952922
779,0.000861137630029892,0.015790208320749382
780,0.00043133239960297943,0.01573190016866346
781,0.0004926608797783653,0.015756239670908122
782,0.0007959541243811448,0.015712081022032604
783,0.0004663952645690491,0.015634482827286904
784,0.00037624047060186663,0.015590000481484092
785,0.0009298620861954987,0.015527700624010694
786,0.0008625532151199877,0.015386775363324664
787,0.000861573641304858,0.015595763848405185
788,0.00029956844615905236,0.015842796081501083
789,0.00035923103569075466,0.01586021865373404
790,0.0007455403955342869,0.015500933390228063
791,0.0004337718977088419,0.015629863419650693
792,0.0003422793505402903,0.015684211834729834
793,0.0004370076775861283,0.01545361232005177
794,0.0008480466436594725,0.015426987686788473
795,0.0007914360069359342,0.015624964664741529
796,0.0007696017622947693,0.015399316292784111
797,0.0007067133168069025,0.015559867598248397
798,0.00043923622385288276,0.015711368730761052
799,0.0008329667754878756,0.015479885128796042
800,0.0004346626315964386,0.015467976257535005
801,0.00044818260551740725,0.015391328367477973
802,0.0007389437096814315,0.015179538179929624
803,0.000492752343416214,0.015104437828078632
804,0.0007951553619932383,0.015303580214152127
805,0.0007670186382407944,0.015258453022798626
806,0.0007130944926757365,0.015039754367807485
807,0.0007346255200294157,0.015342774453543597
808,0.0004467430446917812,0.015579463357626512
809,0.0003474429113945613,0.015531541205810632
810,0.0007445075238744418,0.015067017065199811
811,0.0008064749417826533,0.014778985207401745
812,0.00046699765759209794,0.015356797423382385
813,0.0003973325035379579,0.015424739130347321
814,0.0006846479140222072,0.015086186640917904
815,0.0003348982669801141,0.015130903919256753
816,0.0007265928861064215,0.014983613095356254
817,0.00030624035086172324,0.015041135251522064
818,0.0007491312775528058,0.015178570461525457
819,0.0007256611172730724,0.015033753464130436
820,0.0007474522921256721,0.015126617602439319
821,0.0003854296305992951,0.015163395084499374
822,0.00032935213530436156,0.015073195417910286
823,0.0006486014443604897,0.014993037175988471
824,0.0003063008164948163,0.014954295222955485
825,0.000722968547779601,0.014904867666113505
826,0.0007072252434833596,0.014853045284770078
827,0.0006919761028257199,0.014747905243356807
828,0.00038337303946415585,0.015020722878077545
829,0.0003969137544724314,0.014956102565326911
830,0.0007394545575759063,0.01483834490975673
831,0.0006134929019026459,0.01485091384305934
832,0.00031529403931926934,0.0148366785032572
833,0.0007201032179485386,0.014388076590711441
834,0.0005988447684406613,0.014520188175713804
835,0.0006946715021816393,0.015009541875741437
836,0.0003636736083232487,0.014646521613632483
837,0.0007015919012095159,0.014483548240648129
838,0.0002908276549230019,0.01482976180882611
839,0.0007023908217282345,0.01463948656331865
840,0.00032927737726519505,0.014460633649109446
841,0.0007157572040644784,0.014697945343081172
842,0.0006774043450908114,0.01473717282408863
843,0.00039186173914155614,0.014580006836766862
844,0.0006242859109382455,0.014651248552359816
845,0.0004340868385042995,0.014597317812538991
846,0.0006608089005264143,0.014704137277884746
847,0.0006898209957095484,0.014523563175058858
848,0.0006537990013991172,0.014524599001009575
849,0.0004131836186085517,0.014652205887800597
850,0.00030183941513920826,0.014730022494189851
851,0.0003015314461663365,0.014623012354296786
852,0.0006842864929543187,0.014489834429696202
853,0.0003553951275534928,0.01437468954919302
854,0.00027788233807465683,0.01443232152992346
855,0.00032674232691836855,0.014438517078185293
856,0.0006837030159658752,0.014241634110010809
857,0.0003144674274759988,0.014285527324619315
858,0.000587049681538095,0.01430931691938322
859,0.0006419571907220719,0.014241646114538797
860,0.00032595489950229724,0.014442483548947617
861,0.00031549529958283527,0.014312414515682855
862,0.0006520861585158855,0.014165522492175378
863,0.00032227214445204784,0.014337145408072809
864,0.0006135435794324925,0.014156435216652361
865,0.000299431593157351,0.013981187648293892
866,0.00032412341630940015,0.014203774528284594
867,0.0002735687041422352,0.014069045503352454
868,0.000656968144661126,0.014032451135260382
869,0.0006812984162631134,0.01411927169405188
870,0.00023392024061953028,0.014087739288733582
871,0.000665150216082111,0.014193840844622689
872,0.00034925752552226184,0.01416625819850977
873,0.0006293369190340551,0.01396873365816345
874,0.0006156711489893496,0.014130175197093682
875,0.00026761913128818077,0.014142889952961736
876,0.00020057299310186256,0.014119803812904798
877,0.000614355113551331,0.013953053737132569
878,0.0001935021592847382,0.013928047534423022
879,0.0002518092767180254,0.014002873913355642
880,0.00023717430449323728,0.014019002333122093
881,0.000685534710646607,0.013669434654357748
882,0.0003365638229297474,0.013909817413852265
883,0.0003564496107477074,0.013922912662658165
884,0.0003461192400815586,0.013755168213039695
885,0.0006822209979873151,0.013883769224346506
886,0.0002375750676340734,0.013847802710668074
887,0.0005911537315114401,0.013812760860974512
888,0.00022772446585198243,0.013998976026801026
889,0.0002720589992046977,0.013790829720408253
890,0.0003860285544457535,0.013624640313659127
891,0.0006282529425031195,0.013539240426955906
892,0.0005189695414931824,0.013801950124444396
893,0.0004927339352434501,0.013866011347570347
894,0.00035058148205280304,0.013853562993041467
895,0.0005481976317241788,0.013821095804771862
896,0.00022073733465125163,0.013686746956531222
897,0.0002912833394172291,0.013670058113405496
898,0.0003738150369220724,0.013586869832736947
899,0.00025748097298977277,0.013537203198240146
900,0.0005119441862916574,0.013746103045427952
901,0.0002183756073160718,0.013709802036613636
902,0.0002631057031976525,0.013609260823907638
903,0.0005659669627978777,0.013593764706170113
904,0.00031867639918345956,0.013426619273881743
905,0.00033849382404393204,0.01373832393437624
906,0.0005386135861044749,0.013364581146468152
907,0.0005677633598679677,0.013489962845131404
908,0.0003295939047044764,0.01386131119445025
909,0.0005276334205215487,0.013676491347838222
910,0.000623293305397965,0.01365729793631215
911,0.0005484945722855628,0.013453460622058199
912,0.0004570835328195244,0.013741750271961563
913,0.0005403514029846216,0.013456333462537566
914,0.0003071153526737665,0.01378779855050792
915,0.0005404984884080477,0.013480737295705737
916,0.0005749185336753726,0.013499341526538075
917,0.0003292942439050724,0.013628344414535705
918,0.0002058376723046725,0.013243796380867404
919,0.0005429287120932713,0.013250934998651482
920,0.0005067103382316418,0.013194427342432749
921,0.000497241960450386,0.013534540025422013
922,0.0002730971318669617,0.01336135245918289
923,0.0005568467391033967,0.013288289499212437
924,0.0003443495030902947,0.01342577085734939
925,0.0006105708365794271,0.013394003717492766
926,0.0005238167160617498,0.013396274626592364
927,0.0002780505242602279,0.013358211735131468
928,0.00043042337347287685,0.013108869712968452
929,0.00025938485656903747,0.013124256859548156
930,0.0002489065673823158,0.013160809922200723
931,0.0005098277955160787,0.012910888601813143
932,0.00028720202778155605,0.013192290614366414
933,0.0001978275851191332,0.01307023993938956
934,0.00017653972317930312,0.013034295012961751
935,0.00058756740327226,0.012788290621742136
936,0.00019119683202006854,0.013009180983997823
937,0.0005811530844463656,0.012955148004941408
938,0.0004557955098183205,0.013364457145817285
939,0.00024333883872410902,0.013317153767103285
940,0.00019404186653749396,0.012850557086351291
941,0.0001393345941323787,0.013110902536235104
942,0.0003445915043509255,0.012834833165828697
943,0.00014947938713400316,0.012981843976963928
944,0.0006209175383749729,0.012757788921933709
945,0.00047646307793911544,0.012837341652017116
946,0.0005013936238052945,0.01323917894220845
947,0.000494955194638654,0.013022546084436376
948,0.0003011281020008028,0.013047100165785532
949,0.0005991378537146374,0.012929182584896155
950,0.0005184255128066677,0.013010785456629485
951,0.00029405814323884747,0.012926966861242385
952,0.0004196759551026238,0.012674211908505834
953,0.000332188892934937,0.012591881675675041
954,0.00046498123847413806,0.012465367866423362
955,0.00022278677303499232,0.012808977534598488
956,0.0002257163927424699,0.012670112499695888
957,0.00038878716853408456,0.01253900396193957
958,0.0002487109130015597,0.012771670123576884
959,0.00038815123140617893,0.012494348306722176
960,0.0004554093825087572,0.012866457011257335
961,0.00043179702042834834,0.012811237605156626
962,0.00037065864792869735,0.01285176738311984
963,0.00043904523918172347,0.012766086965740666
964,0.0002872294448025059,0.012702901662496014
965,0.00043534195671478905,0.012741692028719727
966,0.00032100758398883044,0.012412938393843104
967,0.00026353927775441357,0.012386464486338608
968,0.00027294450846966357,0.01273113684765408
969,0.0005452044919366017,0.012486630719793066
970,0.0005102411611005664,0.012742857890584923
971,0.00018352789144652584,0.012951995139780242
972,0.00019680318776712133,0.012521782304218963
973,0.00038727579230908306,0.012494032421537975
974,0.00020681816822616385,0.012355459671592208
975,0.0005173755188783009,0.012378687965756972
976,0.00022450773443172996,0.012536683590994694
977,0.0002731311280513182,0.012555765319894266
978,0.000209384112774084,0.012152919631018706
979,0.000275526505720336,0.01246192004883618
980,0.00022241324525869763,0.012273738292727883
981,0.0004501907615728366,0.012440985105345099
982,0.0004278236287063919,0.012523101417230457
983,0.0002669016180637603,0.012428778309859043
984,0.00039946592102448145,0.012324722305922879
985,0.00024335232155863195,0.012478547409088828
986,0.0004986398775751392,0.012188646558298193
987,0.0001904017182823736,0.012768871462573921
988,0.00044283800137539706,0.012490073042943722
989,0.00045233843557070943,0.012148530267391676
990,0.0004447197949048132,0.012422682865940797
991,0.00026781580818351357,0.012204421989392401
992,0.00024877883940159035,0.01254136330360092
993,0.00046072584239785405,0.012177663147596158
994,0.00039790479252890993,0.012064160453705631
995,0.0004305917721164102,0.012410074747424192
996,0.0001740679334034212,0.012237313001849286
997,0.00027642422646749764,0.011891438985082109
998,0.00024303759370620053,0.012025818428552644
999,0.0004116441074681158,0.012287057815192957
1000,0.0003781435880227946,0.012319869708313834
1001,0.0003886017599143088,0.011969407393384403
1002,0.00024994484653385977,0.012297581886784651
1003,0.0004914127983890163,0.011957359473646333
1004,0.0004069125464108462,0.011903999851811238
1005,0.00044259579056718696,0.01208796512929532
1006,0.00020484488923102617,0.012122973220378865
1007,0.00020966832137977084,0.011984455549546818
1008,0.00023329921047358462,0.011892537557974633
1009,0.00042839269735850394,0.01179294700561986
1010,0.0004632745263127921,0.011871410200123007
1011,0.0003569489092721293,0.012183831234675223
1012,0.00024602507958964757,0.012074564702764858
1013,0.0003839195233013015,0.011726617780110733
1014,0.0004381592807476409,0.011962507200596018
1015,0.0002275670485687442,0.01194380059486299
1016,0.0004381960012930601,0.01182041259841832
1017,0.0003968791468651034,0.01220473191356213
1018,0.0003779516535966347,0.011875186166836051
1019,0.00017336225003721967,0.012025341510728706
1020,0.00044974869185049706,0.011744823870542423
1021,0.0004418497051422795,0.011774512345161964
1022,0.0003467278249445371,0.012052816544168107
1023,0.00024161174951586872,0.011668102350085974
1024,0.00022552917362190784,0.011562107264716912
1025,0.00016028119765299683,0.011840404630968655
1026,0.00038801647291014283,0.011495134548474778
1027,0.0001702531759898799,0.011413664403041517
1028,0.0003381804606760852,0.011571917923050016
1029,0.00044710907871679714,0.011654078953085453
1030,0.00036499167205571815,0.011854693139573252
1031,0.0001945384865393862,0.011654817671551713
1032,0.00019923770450986923,0.01173837100316983
1033,0.00017375454675250997,0.011151190801325627
1034,0.00026233669414068574,0.011083874816632294
1035,0.00020257951594733944,0.011843107063249926
1036,0.00032044098334154113,0.011150907079769871
1037,0.00025215276691596954,0.01154264233507744
1038,0.0003657651264802553,0.011549131743111245
1039,0.00019170122880799074,0.011499296767475803
1040,0.00024337949483500173,0.01149079960946903
1041,0.00044118492223788053,0.011472548370975562
1042,0.0004239882318264184,0.011787312642458504
1043,0.0002712934733911728,0.011677844462710925
1044,0.000375569587534604,0.011402011946151694
1045,0.00029828173962111274,0.011289339928748452
1046,0.00032111379065706086,0.011358795694889515
1047,0.00020326514447030302,0.011551749632202499
1048,0.0002090008432181397,0.01120011599672093
1049,0.00011597605431840445,0.011514498692695198
1050,0.0003973568224561556,0.011112457421776934
1051,0.00027252056849344324,0.011117157150485267
1052,0.00022899323957972228,0.011458373199561684
1053,0.00024845756706781685,0.011151772422356692
1054,0.00027990989983663896,0.011690697706062493
1055,0.00013249965462212762,0.011409798409701803
1056,0.0003864366124616936,0.011286769689273411
1057,0.00035571202364129324,0.011439060579662718
1058,0.00024363229361673195,0.01124743495033834
1059,0.0003586122974714575,0.011628766270999716
1060,0.0002909860466994966,0.011584930246563877
1061,0.0002112548931715234,0.011171274646148673
1062,0.0003427850412360082,0.011312358994330243
1063,0.0003555150848114863,0.011339754546354488
1064,0.00030300335226153644,0.011487691135211723
1065,0.00027520980074768886,0.01116867462635099
1066,0.00011515266717954849,0.011290355303185427
1067,0.00027617990781436674,0.0110120519740859
1068,0.00027136589584794517,0.011134507085057341
1069,0.00038493105676025153,0.011210097176000827
1070,0.00014077603506545226,0.011278786711160123
1071,0.0003988344775279984,0.011188884377552886
1072,0.000297625562234316,0.011328050382728652
1073,0.0003670949585891018,0.011303073680761644
1074,0.0003448946037678979,0.01131569114917024
1075,0.00027436068582270914,0.011171080179395169
1076,0.00021018286643084138,0.011052117833325008
1077,0.0004044700919621391,0.011297867776400695
1078,0.000270242866827175,0.011222671193078043
1079,0.0003248798663359291,0.011255949858473394
1080,0.0003406374302964347,0.011169529783972136
1081,0.0003453217296434256,0.011266375572867984
1082,0.00020432560710711793,0.011118439601836946
1083,0.0002058010368879574,0.010870162923783651
1084,0.0003009905791259371,0.010840384549035976
1085,0.0003156847229547566,0.011252928521542803
1086,0.0002405221127749731,0.011399619812952486
1087,0.0002903506470223268,0.010964142237459933
1088,0.00015259476931532844,0.01108312860908588
1089,0.00025378826503583694,0.010847967971431635
1090,0.0002756777103058994,0.01120357555300584
1091,0.00024411395521989714,0.010947527014650404
1092,0.00025907556700985877,0.011160036171309826
1093,0.00020330726498893152,0.011044449473577222
1094,0.0003423822311257633,0.01085200545370696
1095,0.00023305584472836925,0.011323827384846417
1096,0.0002891602106198358,0.011129916761085157
1097,0.00023893066099844873,0.011176381784483908
1098,0.0002316973511672889,0.010727816668346407
1099,0.00034057578595820815,0.010954437256739365
1100,0.000241221732236833,0.011027545323522072
1101,0.00023884540350991302,0.010765136342393015
1102,0.00024371978773463828,0.010916931593174658
1103,0.0002668005453112225,0.011047429324487063
1104,0.00021272981224077132,0.011123602069533013
1105,0.00019714951728625843,0.010701099095323423
1106,0.0003170797303027939,0.01109419693789027
1107,0.00021791304170619695,0.010615666875410386
1108,0.00020367159207429115,0.010869247505191977
1109,0.00027531276282388717,0.010789033106168893
1110,0.00016201484419677096,0.0108531097676165
1111,0.00027356974702949326,0.010741387305077253
1112,0.00031728110116091557,0.011126167258233066
1113,0.0003843070027263214,0.011473530140800738
1114,0.0002116565388860181,0.011130424779216488
1115,0.00033989633860376976,0.010643813364926404
1116,0.00016035220129803445,0.010804619948108366
1117,0.00026115496633186315,0.010670802211315613
1118,0.0003272135763836559,0.011142987992585176
1119,0.0001589992389199324,0.010988807705355676
1120,0.00028653956396738065,0.010515136295914884
1121,0.0002820475482925152,0.010916687529827431
1122,0.00033049819564136366,0.010606972378766618
1123,0.00021288741894143944,0.011000783252346468
1124,0.00016226605639531045,0.010608318490966216
1125,0.000317478578411586,0.010669149935069516
1126,0.00019594458232556158,0.01062542845964373
1127,0.00029937754916318224,0.010911734694043013
1128,0.00029820961208315566,0.010767940835161941
1129,0.00015790732383417586,0.010725263715171672
1130,0.00024770396509363006,0.010431814473122358
1131,0.00025343168090330437,0.010585719158535633
1132,0.0002918624959420413,0.010486727136766582
1133,0.00028226634991976123,0.010986102293942153
1134,0.00018404550331373078,0.010642617504574417
1135,0.00026695575215853753,0.01054803107491159
1136,0.0003256728135359784,0.010419047848270165
1137,0.0003004522858342777,0.010898211327432765
1138,0.0002806801900684756,0.01103926077851747
1139,0.00023756471394638842,0.010547177218942074
1140,0.0003303143962208802,0.01017977220856944
1141,0.0002679178148052112,0.010680127613921099
1142,0.00022358274436555802,0.0105503548219008
1143,0.0002917880240905409,0.010628144880096743
1144,0.00023458955959843782,0.010474337046731293
1145,0.0002942773217606979,0.010356887738682388
1146,0.00029794097451182704,0.010721308424863525
1147,0.00020102085472899488,0.010453264925658233
1148,0.00022420183280094836,0.010914987495799703
1149,0.00020230029864857593,0.010363712430176303
1150,0.0002902093508358424,0.010488013802902905
1151,0.00019555592274021668,0.010430409452019949
1152,0.0002145463865114531,0.010213444407251993
1153,0.0003503592413229247,0.010561646636956789
1154,0.000315176127818025,0.0106232758120113
1155,0.0002030407481167155,0.010435685390738521
1156,0.00024793343909550457,0.010579740881597199
1157,0.0003343145008936214,0.01007039725274493
1158,0.00020221575687173754,0.010717505446129193
1159,0.0001626999626751058,0.010360136052490924
1160,0.0002043071884448485,0.010406130913821027
1161,0.0003491867115371861,0.010195845160559993
1162,0.0002584955412506436,0.010788072593598149
1163,0.00015924509837835407,0.010395925921043308
1164,0.0002807273772001887,0.010572675505550359
1165,0.00023663017733876283,0.010335833525402457
1166,0.0002464436867740005,0.010646587369714196
1167,0.00016423487055969115,0.010178043138543804
1168,0.00033426569716539235,0.010013320782097188
1169,0.00019041144259972497,0.010516987970524182
1170,0.00027981119601463436,0.010328209495142572
1171,0.00022158362359429398,0.010686596741855849
1172,0.00016296005099623775,0.010377960880910317
1173,0.00015507607264832283,0.010021559881251745
1174,0.0002560628277327245,0.010505417189524165
1175,0.0002880322135752067,0.010208778537985847
1176,0.00014559248678172783,0.010371069757517164
1177,0.00024899321942939423,0.010210645920413685
1178,0.0002455276010247568,0.010511725070321654
1179,0.00021634291964195047,0.010066240967258694
1180,0.0003036661556204005,0.010522358599815547
1181,0.00032342258152008677,0.010450513620941541
1182,0.00027222089702263477,0.010618101618450693
1183,0.00021569074306171387,0.00990274005595184
1184,0.00017741983610903845,0.010409498939246644
1185,0.00028619424071318157,0.009760553171256865
1186,0.00019925997670119008,0.010353530489465617
1187,0.00018693870806600897,0.010117348195530299
1188,0.00021983602358280525,0.010016699460899735
1189,0.00023172590905839267,0.009908996856089418
1190,0.0002693263129913248,0.010024915847150007
1191,0.0001486533714341931,0.010047010021416222
1192,0.00020516520598903298,0.009913185006374215
1193,0.00025767908664420247,0.010156385879230312
1194,0.00015365006741679583,0.010043234139035536
1195,0.0001508907686608533,0.010335243596717364
1196,0.00023169525302364492,0.009633531558371376
1197,0.00019976022085756994,0.010156001990998354
1198,0.0002757881200523116,0.010274592068368994
1199,0.00019319743247857938,0.010160686756212881
1200,0.0002615127545141149,0.01011702036631741
1201,0.00014792058088157015,0.00977439098206796
1202,0.0001357191285933368,0.009958387840187221
1203,0.000268009933643043,0.009768795108378638
1204,0.00023654178767174017,0.009992855282016391
1205,0.00014480014942819253,0.010127396810447841
1206,0.0002527182009847214,0.010029743737211144
1207,0.0002695615163247567,0.01016666559047821
1208,0.00023892760121574003,0.010183460038800643
1209,0.00020335960968319948,0.00996567315319333
1210,0.00016482319091058647,0.009982501952285608
1211,0.000316737163423871,0.009893671460963023
1212,0.00021328474200951557,0.010468574545133537
1213,0.00021453193561076961,0.010167984053580544
1214,0.0002535110232808317,0.010065526463179372
1215,0.00014153436495689675,0.009810943799973356
1216,0.00032124555873451753,0.010051127526850447
1217,0.00021512851186950382,0.009898757488708797
1218,0.00021783577831229194,0.009949451517753713
1219,0.00017596530863860002,0.01001525971319849
1220,0.00017824558599386365,0.01009399368699024
1221,9.973955081174305e-05,0.009675423704513063
1222,0.00022212103601001825,0.010048021342400022
1223,0.0001371245933114551,0.009804392875150197
1224,0.00012536577802772322,0.01004505163337302
1225,0.0002533204121088299,0.009697270168974174
1226,0.00026712564770908407,0.010335439181791282
1227,0.0003117339093781387,0.00992229646145124
1228,0.00010204947175225243,0.009861618001747318
1229,0.0003532107259767751,0.009431612402875357
1230,0.0002622084551452038,0.010081787967658419
1231,0.000237988979400446,0.009925562217391617
1232,0.0002476172240373368,0.010063691600042534
1233,0.00013997072140530992,0.009906770060146888
1234,0.00018048871255208117,0.00956308697790318
1235,0.00024775228012003937,0.009701059661864296
1236,0.00025785593558490895,0.009918369235485558
1237,0.00021790630804995696,0.010112639967586816
1238,0.00018465432222001255,0.009756802155922248
1239,0.0002102607303337815,0.00972998401106108
1240,0.00011156479886267334,0.009768180398813149
1241,0.0001593103307338121,0.009920813634580984
1242,0.00024628630271763543,0.009497908701181529
1243,0.00021711902130239953,0.009801494038304475
1244,0.00020268134345921378,0.009546483749538426
1245,0.00021971668805538988,0.00960848304465061
1246,0.00016047685057856141,0.00958247489743228
1247,0.00015666143978402639,0.01008797601950685
1248,0.0002491969023443138,0.009440997851953849
1249,0.0002438708315215384,0.009833031718978497
1250,0.00021045661172441516,0.009717395063489676
1251,0.0001914456152007915,0.009450631469165482
1252,0.0002564352248252059,0.009889230421766287
1253,0.00025361837761010974,0.009632940607614757
1254,0.0001916034205351025,0.009815387710136927
1255,0.0001822470352635719,0.008994585568613307
1256,0.0002092761535701963,0.009963161766705081
1257,0.0001309057396914189,0.00923610340224535
1258,0.0002503242610449282,0.010085459967239165
1259,0.00021670907226507553,0.009464039710189004
1260,0.0002473357866013733,0.010176802523375496
1261,0.00017666596007378152,0.009449953141834909
1262,0.00012688046554103493,0.009825598155184993
1263,0.0001235345679257686,0.009240317039235722
1264,0.00026134861994554136,0.009765180487801709
1265,0.0002329303097212687,0.009517805482165551
1266,0.00023016273189568892,0.009728133047776899
1267,0.00021900295881399263,0.00978777233848539
1268,0.00017919256861205214,0.009538042839381873
1269,0.000148259463943153,0.0093443185956342
1270,0.00022253676045996446,0.009598034551352497
1271,0.0002772108739009127,0.009562779355456862
1272,0.00019584738377792139,0.010173757641216901
1273,0.0002019219570987237,0.009284075797814142
1274,0.00021674327629928787,0.009854699815000137
1275,0.0001935772190336138,0.009106573931080855
1276,0.00018270612684621786,0.00974236382538174
1277,0.00024545362660622537,0.009175490870279825
1278,0.0002817650286791225,0.00971698384790674
1279,0.00021934669105879342,0.009826167741438418
1280,0.00019353286406840198,0.009048041313754644
1281,0.0002554633111382524,0.009548835588369782
1282,0.0001938109873056722,0.009454587349800144
1283,0.0002811249200021848,0.00996436217367121
1284,0.0002056070567050483,0.009492540952023558
1285,0.00026457171770744026,0.009727512735609465
1286,0.0002295367075324369,0.00919976107424169
1287,0.00017303425023177017,0.009668725000063735
1288,0.0002391497924691066,0.009504694365126293
1289,0.00017260926203258956,0.009569990932648107
1290,0.00018723797620623372,0.009572572929153996
1291,8.004108191623042e-05,0.009198030583399136
1292,0.00020421471757193406,0.009498322184571601
1293,0.0002796122678167497,0.009659100052585282
1294,0.00019802097958745434,0.009763696661776327
1295,0.00023273787179884192,0.009476391521583158
1296,0.00023197993965974698,0.009224381371159253
1297,0.00017526383453514427,0.009406033800694887
1298,0.00024081693554762752,0.009031350951729796
1299,0.00013103208232981463,0.009619325307733196
1300,0.0002500650327419862,0.009496614567964799
1301,0.0001955237312358804,0.00937086611978827
1302,0.00014162376658835758,0.009684499628167219
1303,0.00017902098722212637,0.009102974200665246
1304,0.00013120898802299052,0.00956070689689808
1305,8.670990622097937e-05,0.009316665435752531
1306,0.000159277294005733,0.00917129646106733
1307,0.00011321872952976264,0.009161383430583505
1308,0.00025854196816605204,0.009251374864994775
1309,0.00023726271465420722,0.00988743352285755
1310,0.0002501596298922474,0.00940293683047135
1311,0.0001698419238285472,0.009379165023418628
1312,0.00022509094220974173,0.008988427218255095
1313,0.00020747742261543559,0.009648532316997999
1314,0.00015186920597140368,0.009438020976509635
1315,0.0002280424387815098,0.009179800646159593
1316,0.0001213934820649835,0.009366766615646092
1317,0.00021929177455604076,0.008843221650348874
1318,0.00014917997759766877,0.009512630254616888
1319,0.00026775006457076717,0.009500787072763668
1320,0.00018613177332251022,0.009277822394803988
1321,0.00019694739166880025,0.009354149944728284
1322,0.0002139560975289593,0.009320381337659448
1323,0.0001943440681012968,0.009437373952984105
1324,0.0002523517585359514,0.009221148812835376
1325,8.296202528678502e-05,0.00945328226254329
1326,0.00025361157992544273,0.008937323726273663
1327,0.0001238626478880178,0.009413620193056233
1328,0.00022116981320626414,0.009118481913185495
1329,0.00011497569891313711,0.009274912814749039
1330,0.00017859710011786472,0.009552126519352668
1331,0.00012914222443214385,0.009134102279071028
1332,0.00019513090082909912,0.009250816544444542
1333,0.00012061351105027521,0.00944121618293167
1334,0.00018713120565128823,0.00891973637961086
1335,0.0001982831764811029,0.009404992868053162
1336,0.00019718841673845114,0.009279988036952971
1337,0.00016824787987085681,0.009424181028056568
1338,0.00015971222358833378,0.009391139807751563
1339,0.00019788057155286273,0.009162378666086459
1340,0.00012799769998916115,0.009242963766327172
1341,0.00020639013770657282,0.009539350709606579
1342,0.0002670768466487061,0.008990449339562044
1343,0.0001430316692373405,0.010326764077006832
1344,0.0002331721674030026,0.009103446491209305
1345,0.00018087920907419174,0.009581108218220275
1346,0.00020576278281320509,0.009180931664093978
1347,0.00023827426775824279,0.00960466240378698
1348,0.00021950000227661804,0.009591773394348585
1349,0.00013385201382334344,0.009099125143463217
1350,0.00017442839792541537,0.00900402859469333
1351,0.0001847284635005053,0.009423677699537728
1352,0.00019368251378182322,0.009221053374271223
1353,0.0002093174320179969,0.009219079480073817
1354,0.00021779557137051596,0.009264898886097463
1355,0.00017110368304808313,0.00948306461282837
1356,0.00022590617008972914,0.009135379230486244
1357,0.000200024727867761,0.010168226868442194
1358,0.00020072170736966654,0.008990866921321438
1359,0.00023613526524665456,0.009700703038650704
1360,0.00022277989895277037,0.008917929408485143
1361,0.00024708145259258647,0.00947014326009694
1362,0.00011150230178221439,0.009129503334865091
1363,0.00017798297776607796,0.008993533465600624
1364,0.0001562810420485524,0.009000338593820534
1365,0.00015451790798882333,0.009162611012735704
1366,0.0001762443091138266,0.009150390227244594
1367,0.00021155313819084162,0.009038978344284174
1368,0.00018369310613100727,0.00920973770599079
1369,0.00014213542211412764,0.009138624084834743
1370,0.0002012954959354829,0.008844597241291262
1371,0.00014968380031253522,0.009119343793562313
1372,0.00011916797229787335,0.009001191184804665
1373,0.000165103780454956,0.009014666516803146
1374,0.00018551765970187262,0.009175408301566998
1375,0.00016371317833545617,0.009109499398618937
1376,0.00015400426442890118,0.008872337787830102
1377,0.00013202353123536643,0.009423418168535851
1378,0.0001492324498637269,0.008805958834645434
1379,0.00021389227731560823,0.009132662788033485
1380,0.00012358186662216516,0.009084692151527705
1381,0.00017921682350182286,0.008690186363725564
1382,0.0002479245299279379,0.009263660744067252
1383,0.0002281426597619429,0.00925152167846544
1384,0.00019460665644146501,0.009228882528328168
1385,0.00014371558014924328,0.008756776763800912
1386,0.00017364599649833206,0.009171322431767315
1387,0.00021294830706513796,0.008689979723779353
1388,0.00016061265050666408,0.009150838310734963
1389,0.00017560786412407954,0.009181925491613197
1390,0.0002193710356853747,0.008759277636243954
1391,0.0001611460621158282,0.009247728938779494
1392,0.00018849701931079229,0.008968795044714307
1393,0.0001612615921961454,0.009146603124993524
1394,0.00019370733195197924,0.009043618301516326
1395,0.00019194193785854926,0.008601628137591083
1396,0.0002348629292100668,0.009135761554902934
1397,0.00020341972752551857,0.009449212250893745
1398,0.00019573158545730014,0.008545914235869496
1399,0.000139424418254445,0.008815584110286762
1400,0.00017603868909645825,0.008767702616751194
1401,0.00021186011193397765,0.008762928418903134
1402,9.157297511895498e-05,0.008990755803355082
1403,0.00015314596676034852,0.008684300821215853
1404,0.00020818145179267352,0.009103464848163911
1405,0.00016330297560974334,0.009020200039546086
1406,0.00015163377950860497,0.008643683830760127
1407,0.0001922786303718264,0.00857203137532874
1408,0.000122473988449201,0.009223065493027056
1409,0.00020975484415733565,0.008648166634641059
1410,0.00019768739584833384,0.009236964617129854
1411,0.0001964956924590903,0.008784399602532857
1412,0.00018965604540426283,0.008744290934538278
1413,8.546210738131776e-05,0.009102778303928263
1414,0.00020662808965425937,0.008639742356292375
1415,0.0001629993372868436,0.0087641784847956
1416,0.00016750601692668474,0.008876675490553923
1417,0.00015857266310680037,0.008355149771930196
1418,0.00017567326552428615,0.008822711309286083
1419,0.00019256388623034582,0.008810333060614002
1420,0.0001274178013166723,0.008536627616982644
1421,0.00019380211112244675,0.00863558613863869
1422,0.00018574053732057412,0.008692189216921766
1423,0.0001389474229654297,0.008697087847165705
1424,7.006236701272428e-05,0.008408056716911319
1425,0.0002413820669365426,0.00867880065742088
1426,0.00024000668733303125,0.00913162913730764
1427,0.000189256202429533,0.008754524658984087
1428,0.00018802552222041413,0.00856640416116813
1429,0.00016134227577519294,0.008593182944817337
1430,0.00019810506055364385,0.008648518736906878
1431,0.00021301813200504208,0.00864510279970141
1432,0.00017953341690978656,0.008797147963929363
1433,0.00018976291127425308,0.008971611664843136
1434,0.0002268643496790901,0.008518268588901036
1435,0.00014433993734807397,0.008633011838377226
1436,0.00014844437973806634,0.008843784411181145
1437,0.000190923128684517,0.00878581876763854
1438,0.00016265855762564267,0.008641684090527962
1439,0.000182130824153622,0.008800335074444925
1440,0.00016518703681261588,0.008773309831309506
1441,0.00022234005979650343,0.008734356263637777
1442,0.00017782773841948558,0.008663060057424302
1443,0.00015603768745980535,0.008733554086904592
1444,0.00021551422687480227,0.008762370329350233
1445,0.00022575729332553843,0.008994989538946606
1446,0.00014894699803941574,0.008802409540480517
1447,0.0001391041655248652,0.00848622193494005
1448,0.00013383538122676935,0.00861574695115601
1449,0.00017504349404286282,0.008808348782536552
1450,7.347110634630857e-05,0.008957528725530453
1451,0.000201527761722294,0.00868731579838658
1452,0.00012426909221782505,0.008602391877101632
1453,0.00018944696785183623,0.00879803112172705
1454,0.00015713548734008024,0.008792906761257432
1455,0.0001528373376155893,0.00840677746468935
1456,0.00016377579886466264,0.009103554484295093
1457,0.00019267908840750654,0.00821047569680079
1458,0.00019288866606075316,0.009946280445052883
1459,0.0002143748269494002,0.008430514949388568
1460,0.00014394557947525755,0.00964635049586925
1461,0.00021518326102523133,0.008181866594795577
1462,0.00019918837109192584,0.008980243598792965
1463,0.00010759685222486345,0.00864999665050056
1464,6.642888814288502e-05,0.008399097989569969
1465,0.00014210363491050279,0.008390528065570462
1466,0.0001204015522186334,0.008473820570035009
1467,0.0002064548849981899,0.008619567665352127
1468,0.00019297960000888754,0.009202887571790792
1469,0.00014487577548910242,0.008679159200112299
1470,0.00019401820512333264,0.008209473409462632
1471,0.0001221424841787666,0.008577073993909312
1472,0.0001536356391928469,0.008855437121068047
1473,0.00021499817715569708,0.008430518663678993
1474,0.00016894196160137652,0.008952673566784329
1475,0.00016714786130857343,0.008614238641246802
1476,0.0001509983199260508,0.008714025671498513
1477,0.00011352940321861146,0.00846623981694185
1478,0.00017457643189118245,0.008780690621379324
1479,0.00017096656374633313,0.008597086337725008
1480,0.00017680348391877488,0.008931983159635011
1481,0.00013827540545510904,0.008199223113708257
1482,0.00017866226456438503,0.00845478510293435
1483,0.00014821288787061348,0.008593840220224434
1484,0.00017596171140515555,0.008563174647975742
1485,0.0001354110116759936,0.00894271205436057
1486,0.00015018813234443467,0.008384241167030583
1487,9.408909318153746e-05,0.008936972247333978
1488,0.00013970292663240496,0.008152873631141434
1489,0.0001270430293516256,0.008578864076563457
1490,0.00019843588961521164,0.008142629741896383
1491,0.00015740094822831453,0.008715274952733375
1492,0.00011411419982323422,0.008573859658708253
1493,0.00024213314075799037,0.00840198042652181
1494,0.00017501936623981845,0.008609197916477684
1495,0.00011424744916439522,0.008527508441828133
1496,0.00018046414188575,0.008489089559646338
1497,0.00020470232411753386,0.008747924553729065
1498,0.0001411229988055614,0.008360030747378084
1499,0.000174652928156623,0.008681736274175053
1500,0.00019560098298825322,0.008021231095387242
1501,0.00015880529244896024,0.008575827983303332
1502,0.00014796787242327508,0.008079913295402126
1503,0.00018371760670561345,0.008518275797484428
1504,9.96635473711649e-05,0.008164240399331559
1505,0.00010875070389981071,0.00831872879666841
1506,0.0001533482097632562,0.008516937292613618
1507,0.00020566249440889806,0.008508345390868
1508,0.00015939117923456555,0.00869334398174849
1509,0.00013032791709216934,0.008374929180603445
1510,0.00020636578168099125,0.008099635137157061
1511,0.00012799167404106508,0.008413429515010963
1512,0.00017765706743375632,0.008499628900894968
1513,0.00015557673056415904,0.008634251478223467
1514,0.00010603278691026693,0.008416269401704349
1515,0.00015907846439707404,0.008179278723440889
1516,0.0001336766950165232,0.008427628062988125
1517,0.00012199055733314405,0.008849903783489635
1518,0.00017752218797492485,0.008406059218819921
1519,0.00014159882800110306,0.008406621649656006
1520,0.00022339199592048923,0.008693903735948829
1521,0.00021353127716186766,0.00870523116676005
1522,0.00012586200415777663,0.008076248353156517
1523,0.00012028730804255852,0.008178155154253788
1524,0.00014121836866252125,0.008114316832552862
1525,0.00010880474583245814,0.00880402798478411
1526,0.00011777342151617632,0.008568729849634912
1527,0.0001304915640503168,0.008050597402978484
1528,0.00019975719042122364,0.009051709472546427
1529,0.00016262689508342494,0.007790808928910438
1530,0.00015246412755611042,0.0085309387228679
1531,0.00023166944592958316,0.008612303272271015
1532,0.00010412638075649739,0.008231797976067334
1533,0.00015435810625300897,0.008203976838959483
1534,0.0001132047938881442,0.008235421838370834
1535,7.667807949474081e-05,0.008620489146707095
1536,0.0001418028676804776,0.008125028527143785
1537,0.00017178799947335696,0.008390260504661348
1538,0.00015019763668533415,0.008372021254196059
1539,0.00014229292452606993,0.008333319050120556
1540,0.00013355661018673952,0.0081567821059904
1541,0.00014524249612198523,0.008229910616036944
1542,0.0001116709150664974,0.007843647801177942
1543,0.00013612932671094313,0.008255054965233944
1544,0.0002001644684545075,0.008368438234420742
1545,0.00015755732068403934,0.008033670041358142
1546,0.00012523548793978988,0.008095446651376138
1547,0.00013883645685079196,0.008254629198652436
1548,0.00010795566655967075,0.007963635735067092
1549,9.018715451626728e-05,0.008195882388133936
1550,0.00014117488268918047,0.008141476653633625
1551,0.0001408609765348956,0.008229030734368079
1552,0.00017138296243501827,0.008158640085360196
1553,0.00020031025317924407,0.008224368077064828
1554,0.00018602604383583337,0.008479185994553167
1555,0.0001287110600969754,0.008298942822904333
1556,0.00015352059757181753,0.008253013282486303
1557,0.00010128647785071129,0.00762076813115291
1558,0.0001491204525033633,0.008118269286727108
1559,0.00014864953991491347,0.008142659202306054
1560,0.00015163397668705632,0.008344851052901876
1561,0.00011916267976630479,0.008118279978603595
1562,0.00011498249781046373,0.0075943545102853125
1563,0.00015408907250578826,0.00859840884878058
1564,0.00015379125446391602,0.008369107895684758
1565,0.00013885796846201023,0.008057735033523966
1566,0.00019261544512119144,0.0084895624991829
1567,0.00018207184233081836,0.008483922101674587
1568,0.000205553529788934,0.008262944039265354
1569,0.00015194061609993998,0.008149603933579927
1570,0.00017757015981866668,0.008373396425309964
1571,0.00014641820477360548,0.00807699647468082
1572,0.0001624257376533933,0.008571180760655113
1573,0.0001550416190487643,0.007813388239738978
1574,0.00023115033545764163,0.00893195624844589
1575,0.00024748930154601113,0.008034652284177856
1576,0.00020904501628441114,0.007693765279800286
1577,0.00018465427347109654,0.00802078748517853
1578,0.00013676327847254773,0.008317770513405246
1579,0.00014504862726122763,0.008357852492041476
1580,0.0001405032225496446,0.00811341699344788
1581,0.00013421393911509463,0.00837185330263625
1582,0.00013170738723905135,0.008093066720702634
1583,0.00013392283071880228,0.00807461196989349
1584,0.00013087339078386625,0.008387056604673074
1585,0.00017735197422249864,0.007982507903554191
1586,0.0001332990209145161,0.008597464003695512
1587,0.00016266913395763066,0.008055767781416498
1588,0.0001449226556966702,0.008240386306520874
1589,0.00013316540668408076,0.008213108310138616
1590,0.00011668989027384669,0.008278560808192439
1591,0.00016668382983577127,0.007887362266018048
1592,0.00016502285507158376,0.008179578237147548
1593,0.00017585632352468868,0.00827746050006996
1594,0.00014592954770099216,0.008371989514062724
1595,0.00016279408543293055,0.008219910389560414
1596,0.00013795568374916912,0.008173033334754817
1597,0.00014156229250753918,0.00789955563982582
1598,0.00014955811833109085,0.008415590223716938
1599,0.00017591880775095584,0.008105148850962168
1600,0.00016052670835051686,0.007961870125296899
1601,0.0001459364279677781,0.008040461430736766
1602,0.00013602031055294598,0.008234623071598255
1603,9.925644202060843e-05,0.007925053537771927
1604,0.0001429999004661416,0.008165237534145905
1605,0.00017197959411229628,0.00771070198581268
1606,0.00014654488089339187,0.008385591516931227
1607,0.00017463387581907833,0.008220738635075785
1608,0.00018338151858188212,0.008108541519769768
1609,0.00018769680051870333,0.007559789882745506
1610,0.00015369551256299018,0.008589064027732752
1611,0.000202593426850702,0.008052969778572597
1612,0.00016148249414982274,0.008320991976523962
1613,0.00018193977242238665,0.007829117348534972
1614,0.00012191156420158223,0.00821101476482343
1615,0.00010390267828673435,0.008029237000902337
1616,0.0001597671514900867,0.0074507447590274134
1617,7.805187390961995e-05,0.008212741699040406
1618,0.00020664017259453734,0.007814370152562505
1619,0.00015292001990019344,0.008493386205344454
1620,0.00013777196678953866,0.007556639828051873
1621,0.00015602799103362486,0.007731008196733598
1622,0.00010254828424270576,0.007611227445451059
1623,0.00019382177658068637,0.007920691578494987
1624,0.00016344101362240812,0.007959711297569195
1625,9.95220267213881e-05,0.007878993146532164
1626,0.00018470344512024894,0.00786275156282299
1627,0.00012156766909659685,0.008224936174668782
1628,0.00015082181247028832,0.007845442694443183
1629,9.988862972628945e-05,0.008138176977751762
1630,0.0001614732037220771,0.007736778720905345
1631,0.0001186814076694039,0.007688620919728373
1632,8.617349303676746e-05,0.0075972031977936975
1633,0.0001761814258012843,0.007973062640833339
1634,0.00015285248858466123,0.00784537366199065
1635,0.00012303833888533216,0.008092386875389598
1636,0.00019157489684099951,0.0075484728660639815
1637,0.00012567181584017818,0.008261575919069996
1638,0.0001495805064526697,0.007864275556717685
1639,0.00012903698273779204,0.007569234312225984
1640,0.00010357395658502355,0.007371369900555885
1641,0.0001690082014344322,0.008176832426867382
1642,0.00012448928706968823,0.007914243084488539
1643,0.00018373415550740902,0.007880968023384885
1644,0.00011690437919848288,0.007691407869533291
1645,8.120902439259225e-05,0.007640759277296817
1646,0.00013462562201311813,0.007678062801696654
1647,0.00016005771152170686,0.007881699437935522
1648,9.910937369568273e-05,0.008004741427877287
1649,0.00013865245661387842,0.007353872915099221
1650,0.00014675683099388455,0.008035665707970699
1651,0.0001318385443786004,0.007766813905103
1652,0.0001768993447816077,0.0076028925979025955
1653,0.00015715745539637282,0.0077048955617223195
1654,7.481920886978818e-05,0.007832918906452383
1655,9.21929074441626e-05,0.007264131739713604
1656,0.00018446601073568065,0.008039260767106935
1657,0.00015365833096439018,0.007721698869525741
1658,0.00018290994048584253,0.00841095573892157
1659,0.0002201334335647213,0.007241255024862366
1660,0.00019327564271710192,0.007493305001701192
1661,0.00018482618518949795,0.007973641070984597
1662,0.00018717575003392994,0.008146802667440393
1663,0.00012072690563703266,0.007824975878044258
1664,0.00010726467274556247,0.0076871963280187115
1665,0.00019616339219889292,0.0080220194819464
1666,0.00011052251938963309,0.007663180435619016
1667,0.00016216813965002074,0.007645988184225371
1668,0.00016941663052421062,0.007883893344257995
1669,0.00018093385345612962,0.007947769102193122
1670,0.00013641643308801577,0.007648741219588738
1671,0.00010075176881703858,0.0078005124521478425
1672,0.00010750762836930032,0.007580705489376633
1673,0.00016428904685502252,0.007728912280029141
1674,0.00016396388382418082,0.007894227141881083
1675,0.0001577519500036336,0.0078090343323690215
1676,0.00010095649971238647,0.007851493658541929
1677,0.0001661827918724157,0.007946978170996693
1678,0.00013343903095422622,0.008010764428465737
1679,0.00019248643511673435,0.0075588002030950365
1680,0.0001729876506336344,0.007976507678202639
1681,0.00020354417404936005,0.008188847633900018
1682,0.00017147879261756316,0.008010739486253872
1683,0.00014409923848385613,0.007496753108035039
1684,0.00010021309281000867,0.007718021534089967
1685,0.00015755224061043312,0.007645619593150034
1686,0.00017225190191917742,0.007847746289665187
1687,0.00013075064489385114,0.00814775312612728
1688,0.00016227852708349625,0.007683781577882863
1689,0.00016221962093065183,0.007927315940303126
1690,0.00011558323700834686,0.008045320707101991
1691,0.0001419153365228946,0.007579237796498213
1692,0.0001302412308480901,0.008144370531369969
1693,0.00020917808481802543,0.008435706063503707
1694,0.00014329409120061125,0.007548779423355939
1695,0.00010381962250297269,0.007702206030458681
1696,0.00019199030842476835,0.008015820479724468
1697,0.00015720646406407467,0.0077881276136352205
1698,0.00011148492582530404,0.007712782488945197
1699,0.00014314336755584615,0.007555771633747994
1700,0.00015701523419314373,0.008000513140889487
1701,0.00011095411585605082,0.0075232905471389454
1702,0.00019572721406196553,0.007595756435840148
1703,0.00013245837811458235,0.00770509242461481
1704,0.00017292096939248343,0.008013723236618666
1705,0.00013580918166553602,0.008422937321175975
1706,0.0001306288066795484,0.007663045408512194
1707,8.677992591401562e-05,0.007455862647905124
1708,0.00014760442330346752,0.007859248847619989
1709,0.0001127893934608437,0.00820774555858958
1710,0.00012474482937250287,0.007550094014503003
1711,0.00012644807914815223,0.007627837539569834
1712,0.00012035181668276587,0.007563647155935957
1713,0.00011746318050427362,0.00766416032996586
1714,0.0001312306194449775,0.00790887286035916
1715,0.00013583217514678836,0.007539463196477787
1716,0.00016748584360660364,0.007602655425975759
1717,0.00016385510680265724,0.008104650976546989
1718,0.0001609699097267973,0.007440124973874744
1719,0.00011372511653462425,0.00752013849505172
1720,0.00016480026533827186,0.008091759569136294
1721,0.00014037119593316068,0.007857306768721718
1722,0.0001497996228863485,0.007692849263548851
1723,0.00013303897115595948,0.007508870802717064
1724,8.506500089424662e-05,0.007468892606048602
1725,0.00013567384351820995,0.007452375295857979
1726,4.955827074203019e-05,0.007522460685558911
1727,0.00016759058659469397,0.007405973017567725
1728,0.00010404026664521856,0.007753243556202162
1729,0.00016750718047357319,0.0073107691155379914
1730,0.00011121396964881569,0.007925775356766746
1731,0.00013918925542384387,0.007056041359424767
1732,0.00017354747202868263,0.008369916639342083
1733,0.0001558254851261154,0.0069737376743289605
1734,0.00015059083428544304,0.008115195405236848
1735,0.00012757887598127126,0.007134669670270477
1736,0.00017047470804148663,0.0076806922149881135
1737,0.0001837457394382606,0.007183663989783917
1738,0.0001451555222350483,0.007627510502347796
1739,0.00017471384004844973,0.007575208284547479
1740,0.00011710257895174437,0.007382306818461676
1741,0.000138731807237491,0.007620314037148643
1742,0.0001375331407568107,0.007578261823606069
1743,0.00016874917734336728,0.007294973614258971
1744,0.00015078186309741188,0.007676316403204531
1745,0.0001293403523353239,0.0073253589766613374
1746,8.848570723785087e-05,0.007429371364268027
1747,7.759848279723277e-05,0.00759131946109646
1748,0.00017415487454854883,0.007622626690766004
1749,9.957491298943448e-05,0.007458438308484207
1750,0.00011700579076811361,0.00759050057922292
1751,0.00011918384479940869,0.007307960842479402
1752,0.00012190514535177499,0.007699877969685971
1753,0.00012785901890310925,0.007301735523061489
1754,0.0001262211793800816,0.007509520699042739
1755,0.00013842850724662034,0.007490920988241519
1756,7.431404398327383e-05,0.007363544536871821
1757,0.0001213533258123789,0.00746902622517169
1758,0.00012551684437009196,0.007125027430075126
1759,0.000125172261808378,0.008061609656263994
1760,0.00015283724011775726,0.007266922355226175
1761,0.00013977760233198447,0.007369558073902928
1762,0.00017711143106377374,0.007586215853720434
1763,0.00011404638304763163,0.007390370335811236
1764,0.00012961153382396636,0.007174577582334205
1765,0.000130825551362553,0.007456047984764097
1766,0.00011514203094217615,0.007214130061920586
1767,9.539062521071173e-05,0.007016452891004133
1768,0.0001563560392241925,0.00784767480699096
1769,8.99322915453619e-05,0.007315497355916955
1770,0.00015152582006218532,0.007595209580824131
1771,8.518511191747772e-05,0.007206368208752843
1772,6.62422241778889e-05,0.007056231734225541
1773,0.00017705284335534088,0.0072141322609785155
1774,0.00014555467835937938,0.007919353777616043
1775,0.00016146664129337295,0.006952273645658251
1776,9.411454326861228e-05,0.00723286894494741
1777,8.86215395439649e-05,0.0070008011278146366
1778,0.00018525428943879282,0.0072768159581010974
1779,0.00016078696741412085,0.007084440622354058
1780,0.00017878869645452747,0.007648163486096099
1781,0.00011110748091596179,0.007371606140243491
1782,8.87151278827029e-05,0.007041993660954978
1783,0.00015706285970130314,0.007479546162644474
1784,0.00010745000035967678,0.0072778412681732945
1785,0.00016328999433123196,0.007066228360993656
1786,0.00018128367761770884,0.007109443288604457
1787,0.00010087246434219803,0.007295304425354079
1788,0.00012239448600060617,0.0071116711882009045
1789,0.00011086458859305518,0.007223275013443992
1790,0.0001251377218674558,0.007273457854560863
1791,0.00012434661912266164,0.007252123199520618
1792,9.917931844635556e-05,0.007229306632432882
1793,0.00012953510110188897,0.007325619048490299
1794,0.0001434128651453648,0.00724234199334728
1795,0.00016645224386593326,0.0072304179871777495
1796,0.00011489488921749096,0.007520145175641212
1797,0.00010909304110100493,0.007005625430083885
1798,0.0001897980898017219,0.006754628156667473
1799,0.00012668172760944192,0.007828259063283289
1800,0.00012912546202035932,0.006963686032154722
1801,0.00018703808455029504,0.007229588344678518
1802,0.00019196008797734977,0.007420904930739656
1803,0.00014182028632300596,0.007917542681537978
1804,0.00016785945917945354,0.007022105362706297
1805,0.0001168144735856913,0.007181547860812953
1806,0.00014540850437091044,0.007029081929445736
1807,0.00013758079633892825,0.007627735501081925
1808,0.00011740765573146443,0.007633408663545068
1809,0.00014770802663406358,0.007233353238186147
1810,0.00012963944269965091,0.0074154729808233386
1811,9.729462253744714e-05,0.006676295053536498
1812,7.835139986127615e-05,0.007475745152887397
1813,0.00016999439200541625,0.006814616175889089
1814,0.00014164795235653097,0.008028796003163448
1815,0.0001098912568219627,0.007148891520561782
1816,0.00020085136711713857,0.006988957496799939
1817,0.0002006900171788099,0.006760586456461685
1818,0.0001658975432898539,0.007950032181216506
1819,0.0001944019677466713,0.006682544891671168
1820,0.00011265472955225656,0.007327331970702475
1821,0.00010656677914084866,0.006893713049238592
1822,0.0001496753000537865,0.007412540682364167
1823,0.00010867919748610196,0.007267061771282296
1824,0.00010592442704364658,0.007121403987600109
1825,0.00012624625863585,0.007005149768078773
1826,8.035232895053923e-05,0.006842658031863842
1827,0.00015660739882150665,0.007267607020316865
1828,9.571911893241728e-05,0.00688983944398681
1829,0.00012353794008959084,0.007183626801963514
1830,0.00010756021220004186,0.006787353978074324
1831,0.00010730640569818206,0.007125589978243188
1832,0.0001497266229610735,0.007020152624931157
1833,0.00013154509845965853,0.007527403401460234
1834,0.0001188366365871237,0.006876629542588718
1835,0.0001260106239593976,0.0070801921753491474
1836,0.00011629018845269457,0.006893295167732661
1837,9.032915501544873e-05,0.006816818595196553
1838,0.00013732830363248164,0.007098870575574674
1839,0.00012312268251359152,0.006845584970634929
1840,0.00013443727269380664,0.007107256926361501
1841,0.00012620779137553957,0.007487510136643967
1842,8.912560685227314e-05,0.006956465435984332
1843,0.0001883450187354659,0.006856088006802959
1844,0.0001681272202404216,0.007113549238672172
1845,0.0001614758133655414,0.006904284357951265
1846,9.538251227543999e-05,0.007167887659450098
1847,0.00018037292999603476,0.0066158623914931
1848,0.00010457158059580251,0.006928515984442114
1849,0.00016077535450070474,0.007737193626945648
1850,0.0001443955775660773,0.006903156872809403
1851,0.0001063160721969325,0.00684333404188785
1852,0.00015179860056377948,0.007540193562373871
1853,0.00015468704320179918,0.0064427957422738
1854,0.00012208208596954743,0.007585989399336454
1855,9.955922917773327e-05,0.0069729039045857396
1856,0.00014336049838069206,0.007114229327815724
1857,7.596675992923943e-05,0.007341597916734383
1858,0.00011294927050281937,0.006709604027248391
1859,7.938735507195815e-05,0.006962908297139183
1860,0.00015017507854887905,0.006974934680959371
1861,0.0001404690391306455,0.007184958639078018
1862,8.511268970323727e-05,0.007001559404054965
1863,0.0001119296284741722,0.006715265363014824
1864,0.00011422289486896867,0.006976706338826362
1865,0.00013489144960961616,0.007910576407012976
1866,0.00015822722052689643,0.006751897944665448
1867,0.00017499235594489921,0.007065355807073473
1868,0.00011642167907363424,0.007276331815193957
1869,0.00013301095362597455,0.006524323373042986
1870,0.0001424823967681732,0.006819926834789904
1871,0.00013338705721253064,0.007176923732397946
1872,0.0001320407580351457,0.006558310881249724
1873,0.00015059410070534797,0.007292436747481738
1874,0.00013219311634505478,0.0068570921164533985
1875,0.00017562297580298036,0.006928039168367001
1876,0.00014481101801114467,0.007047277180419311
1877,0.00014955079920279482,0.0072977058589458466
1878,8.510399081084567e-05,0.006846156095953908
1879,0.0001039387730997987,0.006881283280828337
1880,8.126341563183815e-05,0.0071104017826985185
1881,0.0001385833209496923,0.006801984338896481
1882,8.201776205775483e-05,0.007076172735615391
1883,0.00014651455567218363,0.0071370472478878315
1884,0.00016321885826376577,0.007019095452810366
1885,7.265777045783277e-05,0.006902392850052125
1886,0.00010634813758467013,0.00722292312017576
1887,0.00011614826859537667,0.006694742973424553
1888,9.110826552690317e-05,0.007179844669821694
1889,0.0001260880822277007,0.006835237277422365
1890,0.00012276604369011087,0.007240836127243173
1891,0.00018184220728774866,0.007425867072416572
1892,0.00011133878142572939,0.006767169785077178
1893,9.50823288197474e-05,0.0069648411718937825
1894,0.00011073593074494663,0.006813639594337309
1895,9.551216741480555e-05,0.007196437120144292
1896,0.0001234669655483837,0.0074980788218869466
1897,0.0001368069099650408,0.006722048538238338
1898,0.00011688234759882713,0.007508034328380086
1899,0.00011973376628399516,0.006956447596023754
1900,0.00012138781651932125,0.006682525426479365
1901,0.00010446202747213343,0.007412108226026606
1902,0.00013751560497136475,0.00706335304737619
1903,0.00015574018567955742,0.00684816089796093
1904,0.00013109183516159343,0.007373107837395757
1905,0.00011040664539905266,0.006789658024291119
1906,0.0001185368014072689,0.007117053603856113
1907,0.00011281224797130563,0.006873563205177976
1908,0.00013154743161673346,0.0069775278350030345
1909,0.00014925744277813162,0.00749095246987784
1910,9.984618639767481e-05,0.006672682521102114
1911,0.00014726680383319034,0.007463325944355154
1912,0.000118234941510309,0.006861225483704388
1913,0.00013914259980083444,0.006966599604246888
1914,7.628769841782438e-05,0.007058998868676034
1915,8.368737447502402e-05,0.006951662088473012
1916,0.00013180318516485082,0.0069766065663122755
1917,0.00011610805498397288,0.006711080353193748
1918,0.00013188871865471203,0.006945330516699203
1919,0.00013705688009698255,0.00683424179900555
1920,0.00012481871041624497,0.007344011961680463
1921,0.00014604144598706625,0.006645318693628051
1922,0.00013313240294034282,0.00695395835227971
1923,0.00011857681529363618,0.007012467904705701
1924,0.00010545994664425961,0.006924739105656274
1925,0.00011553322110557929,0.00699152897009406
1926,0.00016264282991566384,0.006898354599619005
1927,0.00014173980816849506,0.0070813515949554335
1928,0.00015541993780061604,0.006937984663142463
1929,8.393516521512842e-05,0.007152908322159347
1930,5.7285451475763693e-05,0.006625266581605093
1931,6.483370622542376e-05,0.006961412276838004
1932,0.00010451611936635648,0.00683676204864141
1933,8.44487107921547e-05,0.007073221959203012
1934,0.00012327198443623882,0.0070256200934371614
1935,9.746548797314365e-05,0.0070315761267992225
1936,0.00013235409242042805,0.006729224703172002
1937,0.00014124262185456852,0.006848202937641951
1938,0.00015893833333393558,0.0073960119139725765
1939,0.0001275754989668106,0.006778402022071418
1940,0.00014501883318492523,0.007030429450545724
1941,0.00016109587716831204,0.006764306702401753
1942,0.0001179781048752678,0.0070753543487361336
1943,0.0001008098253805656,0.00660546892047603
1944,9.942288452293723e-05,0.006997017061528493
1945,9.59507737813207e-05,0.0070410084170032675
1946,0.00018734768188248077,0.006609976902149442
1947,0.0001627814102297028,0.006659360419166839
1948,0.00011578312138832795,0.006977215130615422
1949,7.280872111247542e-05,0.006650512998622996
1950,0.00010869818312736849,0.007101206917418387
1951,0.0001473416862912321,0.00660054259667701
1952,0.0001671697080989058,0.007046964940776329
1953,0.00011182385230010064,0.007041993979951294
1954,0.0001435153050503383,0.006914200473899447
1955,0.0001015894992936713,0.006961026327963185
1956,9.199548439937643e-05,0.006739299086208536
1957,0.00013070549199862096,0.006747982010069325
1958,0.00013911140073711673,0.007408564576629814
1959,0.00022443762912492579,0.0067023807150260436
1960,0.0003005911217769608,0.007943373114809277
1961,0.00028047491214238106,0.006239372860607288
1962,0.00014220117785347005,0.007428285093816716
1963,0.00022641890391241759,0.0062534130457055385
1964,0.00014184328416983288,0.006874363436766966
1965,0.00012287180446340546,0.006774315216365879
1966,0.00012708919045204917,0.006813331978307582
1967,0.00015070869339979255,0.006496272191009301
1968,0.00013587094751225473,0.0072084249539931455
1969,0.00012415922101354225,0.006341490851014882
1970,0.00014448955480474978,0.006791540975205776
1971,0.00012737828898631658,0.0067422003246931815
1972,9.37066193728242e-05,0.006748958769452384
1973,0.00012939225586402852,0.006782411341005423
1974,0.00011738309355375046,0.00614618807325257
1975,0.00010483990457335798,0.006728343452935613
1976,0.00013385098621559639,0.006493015685045403
1977,0.00013005127984797583,0.006801532342201318
1978,5.794257037147569e-05,0.0065950742064733205
1979,0.00012402860544777166,0.0062810120871290565
1980,0.00011775365564972162,0.006504715905216794
1981,0.00017756071514061963,0.006939965496426375
1982,0.00012178774195490406,0.0064237748999625265
1983,0.00012530056313456346,0.006753423535375027
1984,0.00010404824788565748,0.006956241042243214
1985,9.91373020951869e-05,0.006525732018603525
1986,0.00014554867242016673,0.00698747109497098
1987,9.692739622551017e-05,0.006839983524593312
1988,0.00010727926661881307,0.006648147299035093
1989,0.00010835282931414743,0.00675160531504593
1990,0.0001188976132349732,0.006663537657577691
1991,0.00011599329615516277,0.0062577354223980735
1992,0.00016401353059336543,0.00728684167678314
1993,0.00012137341303362822,0.006489395548948857
1994,0.00013832791494981697,0.0062862527474218345
1995,0.00011578706859533364,0.006553162231227368
1996,0.00012680970733830083,0.006855340984349293
1997,0.00013698295806534587,0.006736949073356085
1998,0.00013154541375115514,0.006048258368336544
1999,0.00011435609582501153,0.006751972221307398
2000,9.514515938159699e-05,0.00672535248848749
2001,0.00011971135681960731,0.006505515009318809
2002,7.415037010408318e-05,0.006562606734040332
2003,0.00010822579109420379,0.006600465401860438
2004,0.00010159232915611938,0.00638630464178048
2005,0.00014038501782730843,0.007275412190984201
2006,0.000143168448509338,0.006839182402014615
2007,0.00014296318598402044,0.006111619104429581
2008,0.0001349551583795498,0.00659216781638152
2009,8.913578143013487e-05,0.006601182434077221
2010,0.00015730736558907665,0.006754364902666938
2011,0.00013521133417574067,0.006613457780771368
2012,0.00014754089643247424,0.006923699476499492
2013,0.0001546997014277925,0.006202122443135623
2014,0.00011056157921605821,0.006332512277611128
2015,9.860455684247426e-05,0.006087498959359222
2016,7.598936742094035e-05,0.006541338905061441
2017,8.377663204252409e-05,0.006488079648816914
2018,0.00012817511499937004,0.006283675398362258
2019,0.00013391348087073615,0.006516175287753696
2020,0.00010183223494095728,0.006428231564937086
2021,8.086160863361632e-05,0.0062726789665606434
2022,0.00011436399678738477,0.006385751358255392
2023,0.00011465270072221755,0.006511790027995924
2024,9.940091016081472e-05,0.006587705585929587
2025,8.150778182122545e-05,0.006085581801589725
2026,9.86359482340049e-05,0.006581114627068906
2027,0.00011348607476975303,0.006286597251525428
2028,7.539769358118064e-05,0.0062943290915398855
2029,6.997001207006784e-05,0.006346770652063836
2030,0.00010529330587208582,0.00655405704614039
2031,0.00011267840066769471,0.006373965182326969
2032,9.147619360495203e-05,0.006590582182865561
2033,5.9838345987373034e-05,0.006225452994869098
2034,0.00011294230813897835,0.006511656131126045
2035,7.944701404388373e-05,0.006314352375645865
2036,7.688169183287149e-05,0.00616427522984986
2037,8.189667714759707e-05,0.006531963652865154
2038,0.00010585285296353202,0.006258895079876612
2039,9.985228656053854e-05,0.006456226979448336
2040,0.00012700165389105677,0.006255008459025187
2041,0.00012811532275615415,0.006426952746293442
2042,0.0001246397010011909,0.006306460291315897
2043,7.88794226536993e-05,0.006483204296137404
2044,8.542844686113919e-05,0.006108596013935913
2045,0.00012012174714376063,0.006377035502608367
2046,0.00012492986910122756,0.006516296497186807
2047,8.410309771231065e-05,0.006382669490857387
2048,0.00013349185052599448,0.006339685606410888
2049,8.974787003050248e-05,0.006465053570816132
2050,0.00013354641384163795,0.0065402465755134585
2051,0.00016100370654991518,0.0066664063052721614
2052,0.0001974757170197942,0.00614667776605393
2053,0.0001738267756688098,0.007569085843274443
2054,0.00016429297902504915,0.005913059048420625
2055,0.00021453509252751247,0.006951927757403982
2056,0.00011737045812575768,0.006081467108456345
2057,9.707240775848428e-05,0.006399882044349834
2058,6.56670395983383e-05,0.006497566467224378
2059,7.426258501557944e-05,0.006167020153723599
2060,0.00011450247863346401,0.006403435342468497
2061,0.0001034197262924863,0.006630667840959285
2062,8.774213638389483e-05,0.0060707955139021825
2063,0.00011435478991188575,0.006336126749689771
2064,6.27812324334324e-05,0.006242479040932761
2065,0.00011555417731869965,0.006116136647284207
2066,0.00014239624724723398,0.00617506362747137
2067,7.656906236661599e-05,0.006302288632590588
2068,8.088300819508731e-05,0.006184232382719794
2069,0.00013473148089057456,0.006636399502579974
2070,0.00011468330970577275,0.0060285344906884615
2071,0.00016991615363319093,0.006230476769750688
2072,0.00010942750329074139,0.0060608137195460555
2073,0.00011799406493082643,0.0064555857106896606
2074,0.00015225213113202092,0.006309584772221627
2075,0.0001410344769586421,0.006613278981503539
2076,0.00013083090161671861,0.006420340522845078
2077,0.00012451618725511555,0.006183038843340996
2078,0.00010470892642236626,0.006180944622450281
2079,7.438204787225307e-05,0.006461515113359361
2080,0.00012082193109866543,0.005977424985901489
2081,0.00013830095655672874,0.006478961502150523
2082,0.00015198700518036882,0.006927450854829916
2083,8.672755405617258e-05,0.006077360134025464
2084,0.00012246179952247379,0.006122682500249288
2085,5.7268098559385786e-05,0.006554159585122518
2086,7.456481350042547e-05,0.006043121980422536
2087,9.177136113673139e-05,0.00631328664470728
2088,0.00013014261445884283,0.006327729696026585
2089,0.00013040306124215324,0.0063530457605732475
2090,0.00013185537973186,0.006145710366646078
2091,0.0001228977552576301,0.006668958119960047
2092,0.00012306270994789277,0.006070733904530566
2093,0.00014098163665039466,0.00619039077157756
2094,8.374052122235298e-05,0.006471726086401329
2095,0.00010694425824719171,0.0062112910489691055
2096,6.42753194066851e-05,0.006356666832575648
2097,0.00010960321839471968,0.00612463334237966
2098,7.890078413765877e-05,0.00599073815273165
2099,0.0001488724699205098,0.0063586874560665665
2100,0.0001304406119743362,0.006162998693679848
2101,0.00012665165753181402,0.006517057472062627
2102,0.00010724950140380921,0.005993004301636237
2103,0.00012905975866791172,0.006083393645450825
2104,7.314748581848108e-05,0.006426050929044645
2105,0.00012529139979354417,0.006033708498167886
2106,7.90466873998715e-05,0.006370534863704302
2107,5.431562579663781e-05,0.006275747723026773
2108,9.774830929624538e-05,0.006133387978078695
2109,0.00010839042903777832,0.006219937266253932
2110,7.056554386508651e-05,0.006144618886838278
2111,7.574073291228463e-05,0.006255627749121096
2112,6.795800945837981e-05,0.00605166527647965
2113,7.038184800573314e-05,0.005980573750401693
2114,7.543343575283264e-05,0.006060548574942362
2115,0.00011929690881515854,0.006224272655337814
2116,0.00010149587081590047,0.005944042603162623
2117,5.914607415130983e-05,0.006016544961025865
2118,0.00011985913273141099,0.00585189325217979
2119,9.583227826321187e-05,0.0060584003969249645
2120,0.00012191455377129993,0.006089653333971702
2121,9.114189645818745e-05,0.006077208934813796
2122,0.00012998025728544842,0.006028692326031801
2123,7.607799295025567e-05,0.006140272536381023
2124,0.00014238444855436684,0.0060384131502360106
2125,0.00010533721482109589,0.0060901989643352
2126,0.00010091861331602558,0.006189904006117383
2127,0.00017465376634694015,0.00585863345823302
2128,0.00013967800041427835,0.00606124763336678
2129,0.0001471475145081058,0.0059265679346148185
2130,0.00013434754121893395,0.006216404206068145
2131,9.20395662736458e-05,0.006275210949394295
2132,0.00011824665901561578,0.0059424020967805595
2133,0.00013840455649187787,0.005833920452094776
2134,0.00013496654767853518,0.006568116599723227
2135,0.0001144760133077701,0.006361904627401528
2136,8.805088703714622e-05,0.0059330400989728235
2137,0.00012489211464223143,0.00636192109237799
2138,0.00013395499360437194,0.00620697753588251
2139,8.179214613240523e-05,0.0059570467927287825
2140,0.00011350297621296098,0.005916254745253663
2141,8.700771262131942e-05,0.005973870535087808
2142,0.0001254017814062536,0.006151384835344131
2143,7.388244775938802e-05,0.006140297841588695
2144,0.00010638647290761583,0.005712354616225352
2145,0.00011629056486223514,0.006424269121961566
2146,0.00015320488115927827,0.0058309076093577255
2147,7.386356786203881e-05,0.006171959433997945
2148,7.398574707622174e-05,0.005876038628667007
2149,0.00011977438734902534,0.006368392880448675
2150,5.805175060231704e-05,0.00605218214217544
2151,0.00012708469294011592,0.00573934231129453
2152,9.09548660274595e-05,0.006171988741326051
2153,0.00014221392739273143,0.006351202251536288
2154,0.00010373877618500653,0.006049812179220121
2155,9.959030042712887e-05,0.005892264670472387
2156,0.0001240904190732787,0.006597514942611062
2157,0.00012936929318433006,0.006181541975591273
2158,0.00012930467734501388,0.0062312103283598905
2159,9.807993883441668e-05,0.006150045285485391
2160,9.963993700997283e-05,0.006100036610856535
2161,0.00010111248496590027,0.0063623522855634764
2162,0.00012626289268761562,0.0059856885290653335
2163,0.00010573554900474846,0.006184443609613016
2164,9.024299385297733e-05,0.0059804725754038085
2165,0.0001165643751543636,0.005943357685074855
2166,0.00010362404233698423,0.006073556224426885
2167,0.00011107586809278776,0.006049065027517948
2168,0.0001128386085232099,0.005771149377939914
2169,0.0001465472540682337,0.006299073883060982
2170,0.00011380862318522607,0.005957872522481549
2171,0.00014771312611022342,0.006052187834609681
2172,0.00015190101597302905,0.006070391863481853
2173,0.00012382660982742286,0.005983906592733747
2174,0.0001045861422123077,0.006056645714611871
2175,8.57554829660027e-05,0.006187410060844318
2176,0.0001380941745689294,0.006037452494666919
2177,0.00013198120868764817,0.006207034171478251
2178,0.00010519486410582128,0.005991994347386649
2179,0.0001038540748898716,0.0061238692087069975
2180,6.59846370278198e-05,0.005840592696808103
2181,6.833513374052322e-05,0.0058188458009051
2182,9.909463745619481e-05,0.006008383885803302
2183,0.00011369267667760141,0.006139157501262004
2184,0.00010821106200940752,0.006084969617411729
2185,0.00011981760180788115,0.006034204402689155
2186,9.145817239186727e-05,0.005761805405715612
2187,9.274356416426599e-05,0.0065236658950548945
2188,0.00013629619619071794,0.0060369614300897385
2189,0.00012569049552742703,0.0063477486819322184
2190,0.0001157911242141078,0.005701899617419058
2191,0.00012042560168386747,0.006572471920576856
2192,0.00011746179758726309,0.005771661465107573
2193,0.0001165667560902269,0.005969146883947496
2194,0.00010908126423601062,0.006023812047242532
2195,0.00012220372542894135,0.006362018697917109
2196,0.00010063139973984411,0.005709141166514065
2197,7.765577126216764e-05,0.005928305712873189
2198,9.953184295833732e-05,0.006140439151456271
2199,9.466684568906202e-05,0.006131781930631892
2200,0.00011391159690295656,0.005749929113328222
2201,7.359646406257525e-05,0.006108150129961803
2202,8.165393422435349e-05,0.005801877314884831
2203,0.00011749041465615543,0.006109863944996999
2204,8.460275421384722e-05,0.005765444891505296
2205,0.00011815454975779478,0.006217046759978641
2206,0.00014531405225473766,0.005504044958511294
2207,7.922786123041685e-05,0.005860005785879774
2208,9.509565716143697e-05,0.006021223617644292
2209,0.00014115165831753984,0.006055805584650457
2210,0.00011511381138310147,0.006252150050379101
2211,0.00012312150126187287,0.006225472200647232
2212,0.00010365425114287064,0.006265971477796126
2213,0.0001603979953263964,0.005991045376432576
2214,9.822854844969698e-05,0.0060463050393182345
2215,7.807295381401976e-05,0.005778860552401436
2216,0.00011634084527637849,0.006047211108934574
2217,8.662685650051571e-05,0.006048735894820118
2218,8.381220565449136e-05,0.0060908581243871935
2219,8.503330561021964e-05,0.005676442550542933
2220,8.865084916275616e-05,0.006053949158096056
2221,9.999660105677321e-05,0.005975603622817031
2222,9.81706558377482e-05,0.005819685608661902
2223,6.560298206750303e-05,0.005812903791006039
2224,0.00012295326256814103,0.00577776017782139
2225,0.00011158115036475162,0.006244031805911754
2226,0.00013337469645193777,0.006014358708781638
2227,0.00012373089824298708,0.006171308305686501
2228,8.172568705049344e-05,0.005899892544271205
2229,0.00012317315837814629,0.005968802199720984
2230,0.0001171503351846089,0.005819430207653983
2231,0.0001186518032530633,0.006361852000342814
2232,0.00010853079244649659,0.006113906288299505
2233,8.434512856183573e-05,0.0059991529409399655
2234,9.667275056320553e-05,0.00602169749033674
2235,7.90082776802592e-05,0.005722115419926049
2236,0.0001332640652738822,0.006059289255406795
2237,0.00013441161669713135,0.005829886552111399
2238,0.00015791368205100297,0.005587506353649802
2239,9.655002747119093e-05,0.00634438364113879
2240,0.00017576540388593762,0.0054659432572070656
2241,0.0001201337620538349,0.0058240096147106155
2242,8.945028336408238e-05,0.006221075131609214
2243,8.621785624806459e-05,0.0057867537674266755
2244,0.00013954168777369585,0.0058547328712096015
2245,0.0001523970388613331,0.005987285673948313
2246,0.00015997460480624188,0.0062728185558647625
2247,0.00013323259627213703,0.005709219413193485
2248,0.00011164401015169763,0.005940384680669256
2249,0.0001318568380762978,0.005998332137755287
2250,9.656592944035462e-05,0.005764055536513576
2251,8.100121995084919e-05,0.005765780944039855
2252,0.0001281203875502494,0.005816354322811868
2253,8.861343279325714e-05,0.006365976630028073
2254,0.0001095902276574634,0.005787374508130826
2255,0.00011813432623360616,0.005924529110917484
2256,7.654954145740097e-05,0.005900811675319991
2257,9.913856532269467e-05,0.005764930561280216
2258,7.041961653158069e-05,0.005726980510182444
2259,0.00013434596457955194,0.00598287008204094
2260,0.00011832673990284093,0.005668437361394561
2261,7.561340704948331e-05,0.005792087246480537
2262,0.0001520674607794111,0.005954196414448262
2263,7.475791790056974e-05,0.005830838551238824
2264,9.322454995223477e-05,0.00562968147977248
2265,8.657207533057469e-05,0.005910126514380842
2266,7.477638064301573e-05,0.005743721372623906
2267,8.352781563492802e-05,0.005454529908221714
2268,9.691310115158557e-05,0.006206182511816696
2269,9.820697729689224e-05,0.005604749265874875
2270,0.00010968842204116906,0.005643483051043884
2271,7.334007823374122e-05,0.0055414183123961205
2272,0.00012048210070740122,0.00583254347471007
2273,8.713066587612654e-05,0.005628571970256295
2274,0.00011098704368729765,0.006247595942571876
2275,0.00011109562037745491,0.005847592791359079
2276,6.57840408772851e-05,0.005859969313967768
2277,0.00010536499248701148,0.005401166489597146
2278,9.908081507698322e-05,0.005721410466944726
2279,8.863008551998063e-05,0.005741589205838212
2280,0.00010677243408281356,0.005662848360792507
2281,6.450513465097174e-05,0.005753315491125163
2282,0.00011351856980278778,0.005599877493654004
2283,6.143618690354438e-05,0.005656756551873936
2284,6.104164373634072e-05,0.0056752221352662745
2285,7.407754856103566e-05,0.00570126851437628
2286,0.00012186290235452665,0.005718532528940911
2287,0.00015265531255863606,0.005996082845239306
2288,9.41343581265149e-05,0.0055841503859182275
2289,0.00010717154412607973,0.005470049740310289
2290,0.0001306112700452407,0.005812991597491691
2291,0.0001261828607918384,0.006070042865013513
2292,0.00010230961512813034,0.005634153405695743
2293,0.00011684346730665615,0.005671660943822128
2294,0.00010609288947307504,0.005417903384751105
2295,8.231837370355303e-05,0.005699509328531879
2296,0.00011533879005583003,0.005573316401615005
2297,9.802511134087884e-05,0.005879701932848204
2298,6.161618924428088e-05,0.005465430772668998
2299,0.00011968301696470007,0.0060579406471527
2300,0.00012965230683524472,0.005830770862604103
2301,0.0001216534074046649,0.005611067856423645
2302,8.586505585602329e-05,0.005870788526816631
2303,0.00010042688494043735,0.005560497580990782
2304,0.00013719103008043022,0.0060868637680303395
2305,0.00011071983414391676,0.005854094955578857
2306,9.370298648718745e-05,0.005620869142406686
2307,7.065897346668256e-05,0.00546578733950824
2308,0.00011778006240395674,0.005823823726024684
2309,7.43294708324053e-05,0.005858036357630778
2310,7.945109440091377e-05,0.0056806044134230715
2311,4.956512808954964e-05,0.005550743961123764
2312,0.000100852687319275,0.005708697801052527
2313,0.00010868754616240039,0.006111655780297565
2314,9.520134432629371e-05,0.005788389290866303
2315,9.963054253603332e-05,0.005726182349319533
2316,9.331245043237383e-05,0.005758173864584152
2317,0.0001232742445912057,0.005236178587968131
2318,0.0001021877799454766,0.006180489758454908
2319,0.000178460669121705,0.005311975641520767
2320,0.00010135638779805353,0.0055991508342567685
2321,0.0001418995059793815,0.0054455040990719645
2322,0.00012377456926818315,0.005762430179248175
2323,0.00010415848810225725,0.005818569781552032
2324,9.775751993098916e-05,0.005802440022551051
2325,9.837628992196794e-05,0.005516636292596795
2326,0.00011141521026729606,0.005677974594969625
2327,9.940901703278845e-05,0.005745200539286446
2328,0.0001221740385517478,0.0054738482957207195
2329,9.382724553385439e-05,0.005720898998519919
2330,7.30136502776683e-05,0.00590643000708321
2331,9.544757922412828e-05,0.005415795597808773
2332,0.0001146937909652479,0.005867671512991307
2333,0.00013002021393428246,0.006072353725651587
2334,0.00011507726691585655,0.005503953909354768
2335,0.00013454051804728806,0.0056167145871087966
2336,0.00013171690904224912,0.006093297998868223
2337,9.462876332690939e-05,0.0055260251223029
2338,0.00013075711710068086,0.005418287529188435
2339,0.00010967241299416249,0.005990515156891051
2340,9.476244437488883e-05,0.0058682221702967335
2341,0.0001076413983052286,0.005464915903450144
2342,0.00011666439750115387,0.005442219352767634
2343,0.00010680270497687161,0.005812573668319644
2344,0.0001032038092186364,0.005458321338006127
2345,0.00012202929550160964,0.005874434294450412
2346,0.00013951876026112585,0.005517703421435898
2347,9.069957183479952e-05,0.0058051079628974435
2348,0.00011194037069799379,0.005397862147935849
2349,8.087473543127999e-05,0.005821002539115276
2350,5.248000840462434e-05,0.005772518666871772
2351,8.886116702342406e-05,0.005605401711421102
2352,0.00011503158384584822,0.005578577400672829
2353,0.00012011859895816694,0.005841948403646861
2354,0.00010901047450412686,0.005496223935193756
2355,0.00011649848541613513,0.005784872620491179
2356,8.12493698807278e-05,0.00554721453410434
2357,0.00013418982562143355,0.005559422818239866
2358,0.00015449905476998537,0.005977487338222857
2359,8.718328560159231e-05,0.005689549671420021
2360,0.0001459422186599113,0.005779535009151721
2361,9.239768727032545e-05,0.005577150898193574
2362,9.296714342781343e-05,0.005557602784765048
2363,0.00012976679863641039,0.005392299559862008
2364,0.0001820087058149511,0.006478850245769099
2365,0.00011151631091100474,0.005586460029237031
2366,0.00012573576689950034,0.005709668133759827
2367,0.00011146524799793648,0.00562896156558899
2368,9.129210084211082e-05,0.005707522113550836
2369,4.9466348718851806e-05,0.005426747461791906
2370,7.528220788420489e-05,0.005588759006345718
2371,0.0001058343118832757,0.005440190382664804
2372,0.00011839131232894336,0.005675829871828983
2373,0.00011083362211744922,0.005469867609455946
2374,0.00010751994753566881,0.005333286012966538
2375,0.00012354766367934645,0.0058906740585972705
2376,0.000118698592268629,0.005546961665358834
2377,9.548168503291284e-05,0.005722224028546392
2378,0.00015226670705790942,0.005760733155519005
2379,6.549203584048277e-05,0.005701254554620878
2380,0.00011437459470471367,0.005492841784097988
2381,7.307693849725183e-05,0.005468894874193068
2382,6.684696066561931e-05,0.005777990036666041
2383,0.00012413524770333122,0.005547081610264887
2384,9.257942219846882e-05,0.0061387915061566775
2385,0.00011327499475252504,0.005279911310763986
2386,8.764743203452478e-05,0.005626401370831245
2387,0.00014933691709302367,0.0060032898758164074
2388,0.00010973487260343973,0.005440768701442349
2389,7.211197904932002e-05,0.005514748010410392
2390,9.611958497165081e-05,0.005632350488023202
2391,9.492928244677993e-05,0.005583114348219957
2392,0.00011691300799914946,0.006080754196608629
2393,0.00010891696559459282,0.005625980566109083
2394,0.00014108821293727183,0.005641511478736322
2395,8.585517498431728e-05,0.005795832626213591
2396,7.761004138349866e-05,0.005362639677578833
2397,0.00013974318377828847,0.005501171515330555
2398,0.00012075204067514278,0.005824115165824613
2399,0.00010170984314754606,0.005695755276315677
2400,0.0001130584770483741,0.0057439633432453075
2401,7.20880581260038e-05,0.005614713432476306
2402,9.902489352195213e-05,0.005579874320982362
2403,0.00011452272883616388,0.005879327357841993
2404,8.797652141462701e-05,0.005553682446094802
2405,6.189965545975914e-05,0.005698322067330555
2406,0.0001489242210179024,0.005636061126949251
2407,0.0001299752213526517,0.005705608837819827
2408,0.00014681807757976155,0.005850439962718313
2409,0.00015622894522190716,0.00498171741835861
2410,0.00011812483644462191,0.005841610526050052
2411,0.00015533442977660645,0.005283300583819147
2412,0.00011856450437335298,0.005786342895589769
2413,0.00012517396971816196,0.005481041735038161
2414,8.547023511103664e-05,0.005898325212710486
2415,0.00013497115699768377,0.005766682218628254
2416,8.012971714682256e-05,0.005930537772254916
2417,7.022046193014831e-05,0.0054246255789707435
2418,0.00012223882464847217,0.00554060543416156
2419,0.00012119486042744635,0.005561034311082097
2420,8.404311229242012e-05,0.00582825888578934
2421,0.00010295558895450086,0.005428207912628986
2422,0.00010486188354358698,0.005643566924616636
2423,0.00010523857611891193,0.005331314158328904
2424,0.00010799991626602908,0.006060330252214445
2425,0.0001043340831529349,0.005563249679531638
2426,0.00012336839621032898,0.005635213838362201
2427,0.0001230802372447215,0.0065236476975984465
2428,0.00015840913498929392,0.005208440976562052
2429,0.00012173801612031336,0.005624866938057143
2430,0.0001266431548477461,0.005598839284397486
2431,0.00012428293557604776,0.006153197813317121
2432,0.00015880516445273922,0.005362492966773648
2433,0.00014704753945504005,0.006276796652576116
2434,0.0001257087615764855,0.005360683734715719
2435,0.00019130734775292998,0.005869096335698301
2436,0.0001204201762448065,0.0057223579057081655
2437,0.00011680473107844591,0.006153223431104515
2438,0.00013376177909473578,0.005673960570839975
2439,8.852269747876562e-05,0.005275257607815626
2440,0.00010041953840603432,0.005806437787035201
2441,6.382765714079142e-05,0.005415666405676212
2442,0.00010096239154033053,0.0055926701019144084
2443,7.745503874806066e-05,0.005524332329858182
2444,0.00011055224167648703,0.005775176349836659
2445,0.0001300760011266296,0.005469237161822265
2446,9.73652323106459e-05,0.0054732538850457355
2447,0.00010473435831954702,0.005694933985469965
2448,0.000123147770743041,0.0053948670062859815
2449,9.770698306965642e-05,0.005426059521947379
2450,9.84173248677204e-05,0.00551305611170535
2451,9.163271206489299e-05,0.005632355713879499
2452,0.00013197191728977486,0.005576930318658394
2453,6.0426530641658856e-05,0.005452525060381887
2454,4.3110810535533045e-05,0.005400714663400014
2455,0.00011199092647681633,0.00529830948647669
2456,8.023504657709661e-05,0.0055502674993362245
2457,0.00010404383259204527,0.005533641931146208
2458,9.710844727427078e-05,0.005377337566620897
2459,8.072097395294501e-05,0.005529572600572128
2460,0.00011167573708614024,0.005427010526044632
2461,8.951374111347832e-05,0.005484435869578829
2462,9.929516721361628e-05,0.005258170673788679
2463,9.167403938287559e-05,0.005523749848087061
2464,0.00011854653130285441,0.005562440739709913
2465,0.00012105663784799011,0.005518325491749689
2466,0.00010458617519664889,0.005205852937459301
2467,0.0001349144350873151,0.0055949869235669535
2468,0.0001432874754148846,0.005446869703963047
2469,0.00016807824285933748,0.005778381369978659
2470,0.0001535235278424807,0.0053939519117322315
2471,0.00012796792240502933,0.005899780893727668
2472,7.792482429067605e-05,0.0053321630987302054
2473,0.00010955108567335022,0.005761762563960524
2474,0.00012867780848561475,0.005499151056837731
2475,0.00010375276979175396,0.005620195540438194
2476,0.00011014898918801919,0.005587943099937805
2477,6.872615025107127e-05,0.00565250248347563
2478,8.478904007157932e-05,0.005454167929903318
2479,8.820812072372065e-05,0.005490311144623818
2480,9.667157525351892e-05,0.005910044194998469
2481,7.728165461837003e-05,0.00556931352539824
2482,9.329571136428664e-05,0.005380342521532402
2483,9.620336786611005e-05,0.005328761077280648
2484,9.824845813758051e-05,0.005367988255791601
2485,0.00011730387923307717,0.005966277738050448
2486,7.629958951535324e-05,0.0053815726991962845
2487,6.57435174313529e-05,0.005304439768825811
2488,9.17500554351136e-05,0.005673094570094089
2489,8.738052177553376e-05,0.005354240707187789
2490,4.8740477844451864e-05,0.005339211166476992
2491,0.00010690454982977826,0.005374551428056608
2492,8.689251723505246e-05,0.005274464190189588
2493,0.00010443975867625946,0.005464865945235599
2494,0.00013215544264918815,0.00554361456352484
2495,0.00011749535721416275,0.005709197265866
2496,8.905285940272734e-05,0.005187439705670525
2497,0.00010021744286253428,0.005686907442359943
2498,0.00012569140914517145,0.005340782026705281
2499,0.00011576630034445164,0.005476328674483839
2500,7.868610603812461e-05,0.005281695252280741
2501,0.00011421715510853877,0.005503635171536855
2502,5.48698021399711e-05,0.005650364163177689
2503,7.388630425945546e-05,0.005252178749674564
2504,0.00011437632177451936,0.00500586314225848
2505,0.00012995036910676088,0.005596867760672696
2506,0.00010536955087445677,0.005427672782560854
2507,9.514301442929234e-05,0.005323839355553464
2508,7.910736167104915e-05,0.005318018069718121
2509,7.06498093980675e-05,0.005598941526383044
2510,0.00011698228530197715,0.005586648660557946
2511,0.0001071828542383931,0.005427378668875147
2512,6.349630421027541e-05,0.005509621874377953
2513,0.0001294449728447944,0.0053894485009643505
2514,0.00011570710072798344,0.00554230200918758
2515,7.062385593599174e-05,0.005323110728553958
2516,0.00012032340406828249,0.005334478178736204
2517,9.55856439153043e-05,0.00522702410551316
2518,0.00010431227904822057,0.005919959627121218
2519,8.499696171687295e-05,0.005351852617358539
2520,0.0001237517994013615,0.005481240773155522
2521,0.00010348771490195455,0.00518300689667038
2522,0.00013380010689919194,0.005411226829462575
2523,0.00012840554166662816,0.005658116862617844
2524,0.00010573757584400786,0.005302043628464563
2525,0.00010435599348663042,0.0055320243549159195
2526,0.00011764706408333344,0.00536690018823605
2527,9.859417914412916e-05,0.005380734984165307
2528,8.374069669419744e-05,0.005402060454769984
2529,9.432856289398236e-05,0.005404073657929956
2530,5.65790178370662e-05,0.00510591427625091
2531,0.00011868356644602802,0.005646899500201772
2532,9.205920553843802e-05,0.005506865946048005
2533,9.930534918870157e-05,0.005303960333864285
2534,5.126842612905117e-05,0.005129248876395951
2535,8.631807965381692e-05,0.005304525168172604
2536,8.502385183722557e-05,0.005225999016355078
2537,0.00013032501192355994,0.0053584159372051755
2538,0.00011680376822672163,0.004934472840382006
2539,0.0001350879266586465,0.005946688240349997
2540,0.00012871013896074147,0.0054498536899084534
2541,0.00010359739778020109,0.005058622564735463
2542,6.629366156024238e-05,0.00544854859073507
2543,0.00010521478034206667,0.005008975898216325
2544,0.00010949091180615748,0.0054568417725981925
2545,7.895431760213493e-05,0.005028852208436826
2546,8.357016243583833e-05,0.0052263263354488596
2547,0.00010097401924819375,0.005335979984970544
2548,0.00011387699487386271,0.005120699486867561
2549,7.004055393432888e-05,0.005428846965829922
2550,8.362354613685359e-05,0.005086834673993436
2551,0.0001299733808991732,0.005342344770402332
2552,0.00011377629950099314,0.0053355254628878876
2553,0.00012716320585847522,0.005076506044477312
2554,7.22629997956877e-05,0.005409205651394729
2555,5.5253324535442513e-05,0.004984427553759228
2556,6.794775933182488e-05,0.004902912461011868
2557,0.00014834118458869247,0.005629580561438296
2558,0.00013316144638035135,0.004795505337996452
2559,0.00020723762184691926,0.005099309004722236
2560,0.00013149663815662885,0.005010862796252051
2561,0.00010219178463254745,0.005313314154641483
2562,6.625598689424805e-05,0.00538517811562954
2563,7.630670200645303e-05,0.004968636763634116
2564,9.605967012854914e-05,0.005227749594340585
2565,0.000127242003994373,0.005113776274553434
2566,9.253019015886821e-05,0.005243382835577381
2567,8.303037660274034e-05,0.005213051740131451
2568,0.00010771838448514851,0.005212700448189605
2569,7.893514945559825e-05,0.005315229648680199
2570,7.038864472027247e-05,0.004941115115483211
2571,0.0001130887959637524,0.005101711634091857
2572,9.321391407866031e-05,0.005151574631903585
2573,9.657149736691887e-05,0.005236671924019071
2574,6.98874646332115e-05,0.005128165915989735
2575,0.0001308149085768188,0.005087711934484248
2576,0.00011431156841960426,0.005152148477857801
2577,9.639730803125227e-05,0.005050993894820843
2578,0.0001324770166926707,0.004955592353720086
2579,0.000173512003190505,0.005652731266166047
2580,0.00013502374980210637,0.0051288518818154
2581,0.00011479969883415227,0.005378467692648919
2582,7.051955083928382e-05,0.004891537855870611
2583,9.050345397554338e-05,0.005292965874706549
2584,0.00010810814565047622,0.0053159914503798
2585,5.344795778607174e-05,0.005083136337508601
2586,9.45754184310014e-05,0.005181023724538486
2587,0.00010431957052787766,0.005065085315952209
2588,5.6897714481844254e-05,0.00527854797551335
2589,0.00012303392359171993,0.004945443195151532
2590,0.00010578215321099075,0.005266174740033356
2591,9.144195622260062e-05,0.005221883406107292
2592,0.00010894121975676777,0.00519909511373459
2593,0.00010026377276517451,0.005093300123387347
2594,9.332639262235412e-05,0.005228705916876399
2595,0.00012622896513979261,0.005197368158892853
2596,0.00011411588736033688,0.005663837933194215
2597,0.00010059036552168739,0.0049475693674648075
2598,0.00016000373483014604,0.005476508465573544
2599,0.00012261518495506606,0.005030269256983627
2600,9.960542399009379e-05,0.00527004221743926
2601,0.00011857214121846482,0.005245284167279702
2602,0.0001274277704699974,0.005287079166210308
2603,0.00010076345764294577,0.0051320143659071135
2604,6.654157969023799e-05,0.005393758075179782
2605,0.00010333866903238232,0.004981798249549841
2606,7.857023229007609e-05,0.005281769038053361
2607,0.0001275246938651738,0.005024885304554505
2608,8.667887050251011e-05,0.005370108011970663
2609,9.845436919325342e-05,0.004969691004976263
2610,9.673587822665771e-05,0.0053665374761344645
2611,8.761111506222126e-05,0.005605752319537514
2612,6.975649836628387e-05,0.004887045772221878
2613,0.00013330762570452255,0.00534328843804267
2614,8.229160788080966e-05,0.0050694007741830015
2615,8.078673915103233e-05,0.005085308705163225
2616,9.741743197082542e-05,0.004982657068753688
2617,9.98674456544298e-05,0.00529163165978618
2618,9.173355841388306e-05,0.005051745174912824
2619,9.734491419900829e-05,0.005498978296500139
2620,6.504719713120721e-05,0.005069996519050906
2621,6.826959943282418e-05,0.005088085065757137
2622,7.136642816476523e-05,0.00521784484767773
2623,0.00012590220752220678,0.005102006422436437
2624,8.084764491892808e-05,0.0049920230478279325
2625,8.54644689146274e-05,0.004953637642155248
2626,7.011487517350664e-05,0.005015987329969667
2627,8.089465894348299e-05,0.005168738823538045
2628,8.973224757937714e-05,0.004890646467876334
2629,0.00010499976536569496,0.00512114906588232
2630,0.00010609988530632108,0.0051233751981658495
2631,8.1618166101786e-05,0.004943758158992213
2632,0.00010518777113854109,0.005089462561281692
2633,0.00011120283246176162,0.004884341827458079
2634,8.327585383085533e-05,0.005310957809528849
2635,0.00013100822689011694,0.005035814971252396
2636,5.8940508703623586e-05,0.0052706049131889515
2637,9.273421795417865e-05,0.004898510530488346
2638,0.00010932737350231037,0.00537132996768786
2639,8.906533985282294e-05,0.005002709036403314
2640,9.627146646380424e-05,0.004981957068006824
2641,9.246139452443459e-05,0.004966434433471455
2642,0.00010272451909258962,0.005462174663158853
2643,7.772983614510547e-05,0.004792144523904197
2644,5.6177123769884926e-05,0.0053131381035085735
2645,9.365769607635835e-05,0.004898287773436654
2646,0.00010448731651801306,0.005096776135940486
2647,7.484155194106278e-05,0.005032943023596047
2648,8.536734045871223e-05,0.004981211853198942
2649,0.00011529745194517697,0.005060354231189438
2650,9.425684183952398e-05,0.00505231554467803
2651,7.093549841859688e-05,0.004983943378310797
2652,0.00012727862243385366,0.005168123142775442
2653,0.00011543174914550037,0.005005632051428061
2654,7.955475133106424e-05,0.005123573008880724
2655,0.00011352402531580688,0.004971117437102165
2656,8.874848984608737e-05,0.005194432659470659
2657,0.00011738493340089917,0.004876197557749711
2658,7.26709558875882e-05,0.00503927264564238
2659,0.00010941834067731785,0.005135632492235209
2660,0.00010944759754541641,0.005033728139067993
2661,0.00010598360895528459,0.005182418254053763
2662,8.875909115886315e-05,0.004838923039098131
2663,0.00012076920077864391,0.005353172993522108
2664,0.00011136193303779388,0.004922136419643391
2665,0.00013175428563651318,0.005365493656026097
2666,7.190117867139634e-05,0.004949867832162748
2667,7.725951484947776e-05,0.005001185724042415
2668,6.408909527332677e-05,0.004963871283643681
2669,6.000485203306501e-05,0.005018207138242919
2670,7.493264080646137e-05,0.004985796030533801
2671,8.057745071710087e-05,0.0051281087789831195
2672,5.973553658501866e-05,0.0049718257285449215
2673,6.519763155665714e-05,0.00492634207943425
2674,0.0001236013468466505,0.00506720791651508
2675,6.534011008625384e-05,0.00494208839294816
2676,7.76842309278436e-05,0.004956793839361254
2677,0.00010237858902352551,0.005199371098254727
2678,9.967686977082242e-05,0.00496031467708407
2679,0.00012953295808983966,0.004927324028465692
2680,0.00013522040875007708,0.005364064569035032
2681,0.00012078379271163915,0.004896114142171628
2682,0.00010373104238775947,0.004849090271603727
2683,8.64963866964293e-05,0.00513461898136004
2684,0.00010692711681864845,0.005064589929341625
2685,0.00010855539100399862,0.004886907370445707
2686,0.00011513153513078577,0.005206335320386771
2687,5.094663295797849e-05,0.004914107550518573
2688,8.864443031294892e-05,0.004968922852912522
2689,0.0001008786088884032,0.005036077345721424
2690,0.00010233102560353776,0.004993237556401992
2691,6.79187602751578e-05,0.004954051106295541
2692,9.016905156992532e-05,0.0052742661988934665
2693,6.99867411943463e-05,0.004907554643426648
2694,0.00010970124324861293,0.004943428915378997
2695,0.00013042323820021314,0.005492151828526746
2696,0.00013119273838431886,0.004817805026555214
2697,0.00010262456865651378,0.005119306222337672
2698,9.821729484732108e-05,0.005086992163299106
2699,9.517451326246373e-05,0.005128011490607004
2700,8.651342407877868e-05,0.0047286022633248135
2701,6.781454042841991e-05,0.005179531952938226
2702,0.00011012311151716858,0.005028543597835255
2703,0.00011795196769526228,0.004940982396058064
2704,9.781958821501273e-05,0.005094060695392821
2705,6.133183293665449e-05,0.004969052190793399
2706,8.600341679994017e-05,0.0049884897238743585
2707,8.91458476568611e-05,0.0050201438753279
2708,0.0001212484659239029,0.004586996345855955
2709,0.00010138728539459408,0.005125289187055286
2710,0.00015360320636924977,0.004706243976151321
2711,0.00015009502773561206,0.005029442631887037
2712,0.00014565319846345423,0.004704709778957832
2713,0.00012161285097439153,0.0051877876197347255
2714,0.00011770674245781265,0.005115753522795427
2715,0.00012426426377108631,0.005252592896265308
2716,9.124086257846405e-05,0.004830688143270017
2717,8.477329162512129e-05,0.004952980333290202
2718,7.539062959646495e-05,0.005055276453348361
2719,5.289846012601629e-05,0.00489698166502493
2720,6.825665138118589e-05,0.004853957857914621
2721,0.00010454156605798441,0.005463343703987327
2722,0.00012536603971966543,0.004917411659349225
2723,9.898618275959355e-05,0.005017516868716971
2724,0.00011409271877103796,0.005114571835779709
2725,0.00011633682831112916,0.004896812038734467
2726,8.19306793952516e-05,0.005255605127134426
2727,0.00013016540518340965,0.004898850101378094
2728,0.00012901240164258827,0.005340622804002968
2729,0.00010206188453594222,0.005035011241703815
2730,0.00013893175637349486,0.00487754023890561
2731,9.38143139743867e-05,0.00524823259063593
2732,0.00010658591272658669,0.005184646259523987
2733,8.732711139600725e-05,0.004873046681732233
2734,0.00011714633728843182,0.005005278776759121
2735,6.949826638447121e-05,0.0052241799751604635
2736,7.684234442422167e-05,0.004804768449696529
2737,8.056777442106977e-05,0.004846938819978313
2738,0.00012644057108749014,0.004937639966878424
2739,7.574325669944907e-05,0.005128915458330958
2740,6.85539477368972e-05,0.004921564826829814
2741,0.00011615691473707557,0.004686076283421895
2742,5.7303181286746015e-05,0.00511570702816587
2743,7.792275040022409e-05,0.004776081428716443
2744,0.00010589373317391922,0.004944194635325002
2745,8.394305477850139e-05,0.004846776482249486
2746,9.293471011915245e-05,0.005095714302623542
2747,8.249504959773427e-05,0.0048078102500573915
2748,7.683845421221727e-05,0.004718670013313013
2749,7.748551045854886e-05,0.004899522401007464
2750,7.091389464524885e-05,0.004927967817570251
2751,0.0001196552252319331,0.004758800975758377
2752,0.00010679340448405128,0.004977368482702052
2753,0.00014136643755288485,0.004968064292664017
2754,0.00010508035187134131,0.0049331239200065165
2755,0.00011328311132577559,0.004940993029268561
2756,0.00010305622175413495,0.005158886483936446
2757,0.00010750142197745542,0.005226493505101035
2758,0.0001342948269060192,0.004724538221397972
2759,0.0001331780770366701,0.005054365257332908
2760,0.00012056057894369588,0.004742034386447448
2761,9.830344545965393e-05,0.004954474514320962
2762,9.399616598481468e-05,0.0050155597896586485
2763,7.870738772908226e-05,0.005051388948840478
2764,0.00011944643241198112,0.0050918802144152555
2765,0.00012222852286261816,0.005129804924555768
2766,7.569660228909925e-05,0.0047574112999370305
2767,7.883598979484911e-05,0.004988972566046525
2768,9.368565273083125e-05,0.004909745144371794
2769,0.0001104805460878803,0.0049752158252155685
2770,6.705376945319586e-05,0.0049624509548431076
2771,9.033852232581315e-05,0.00482037266868526
2772,5.019274443232765e-05,0.004890435043443728
2773,6.942898277581358e-05,0.004974428627559343
2774,0.00010740997919735188,0.004829224335867545
2775,7.533981261076406e-05,0.005132509221315501
2776,0.0001036917521560099,0.004781386284267632
2777,0.00010032074545354893,0.004913738392033123
2778,0.0001052551810668471,0.00481251917053454
2779,0.0001174986275145784,0.005266989733451816
2780,6.752994656077742e-05,0.004829928475545763
2781,8.473682076631424e-05,0.0047825516220347175
2782,0.00010403663181932644,0.004923624132290541
2783,0.0001329145811420555,0.004885388594615735
2784,0.00010228191774028042,0.004976009362465225
2785,7.56284983557028e-05,0.004930774239441893
2786,0.00010376344125688775,0.005080650349726944
2787,0.00010101510888489429,0.004967597447057057
2788,9.494006735621952e-05,0.004916469827771011
2789,0.00010788189538288862,0.005455449025520659
2790,9.563707790221088e-05,0.004865468327528027
2791,8.103506503781925e-05,0.004906965737729737
2792,7.892266670144939e-05,0.005106167011622955
2793,8.26626222988125e-05,0.004932780149686114
2794,7.19764742825646e-05,0.004856480809852598
2795,8.089183635699253e-05,0.00492580295320395
2796,0.00011421063124240997,0.005021340720626841
2797,7.565780348765354e-05,0.0050432355464876105
2798,0.00010309962187117586,0.004668102728470603
2799,9.555544432563087e-05,0.005213464025452029
2800,0.00011551615049635681,0.00475739821146323
2801,9.02165532655393e-05,0.0049793351254623945
2802,9.580311574003038e-05,0.004827298612176169
2803,9.095686109503732e-05,0.004914958932891664
2804,7.268205905954043e-05,0.005412815963688094
2805,7.329216023208574e-05,0.005229902090724763
2806,8.155566926385897e-05,0.004748713754036823
2807,0.00011623641245629793,0.004714416544407782
2808,7.749498302776677e-05,0.005215765582030918
2809,0.0001149137436489885,0.004736431706128422
2810,7.10609985011009e-05,0.005068020527544395
2811,9.462946666947877e-05,0.005014530316134548
2812,9.959689826549341e-05,0.004977571605897222
2813,9.355525423112946e-05,0.004998076601250933
2814,0.0001055888014282876,0.005089313954144247
2815,0.00010625308714224957,0.005029161845234875
2816,7.951994836427426e-05,0.004929468219029153
2817,9.21053535421379e-05,0.0050251052071391715
2818,0.00011396620987701075,0.004922241243161628
2819,5.823306055390276e-05,0.00497792246403158
2820,5.2253342679856966e-05,0.004929008128260827
2821,7.353938126470893e-05,0.005015643297027298
2822,0.00012309877201914786,0.005102337073116732
2823,9.210413239391831e-05,0.004877425942205142
2824,6.873953874067714e-05,0.004829738373450172
2825,7.29751603406233e-05,0.0049642654141323185
2826,0.0001521457120058282,0.004846772255548313
2827,0.0001130709123875325,0.005062658196740497
2828,9.853367009782232e-05,0.004723295981227603
2829,9.306254093341218e-05,0.004857539993804315
2830,7.731694446799035e-05,0.004913433548429702
2831,7.317042181966826e-05,0.004946149825155149
2832,0.00010662764616427012,0.00484495155016459
2833,5.8203749601185944e-05,0.004724039362952495
2834,7.735291910648812e-05,0.004957144448394323
2835,9.668976150957557e-05,0.00480709571687424
2836,7.617729958534862e-05,0.004982250672948408
2837,8.316153932052354e-05,0.004842136534642223
2838,9.515188576187938e-05,0.004906851823045689
2839,8.791263511132759e-05,0.004960002137465388
2840,8.935148992653316e-05,0.004933542717710196
2841,8.679448316494624e-05,0.004572264423894542
2842,9.293038723020193e-05,0.005334928232120482
2843,8.778486990195234e-05,0.0048055848983065115
2844,0.00011364414798057018,0.004867962429549281
2845,0.0001120349775495318,0.004862731217230692
2846,0.00010909209716677044,0.004767700936278607
2847,0.00011955352238146588,0.00463267199064451
2848,0.00011596808762988075,0.004866707501483817
2849,9.049564784315104e-05,0.00519484284106554
2850,9.112419647863134e-05,0.004729666908713439
2851,6.80866172236468e-05,0.00488375868386127
2852,0.00012399345675172905,0.0049776348897703285
2853,6.1877198095317e-05,0.0050079351443225355
2854,8.401267211108157e-05,0.00471231645279322
2855,5.9682439314201474e-05,0.0047477148111183635
2856,0.00011612754606176168,0.004841641023366411
2857,8.050187146485162e-05,0.00476164470049076
2858,6.286271382123232e-05,0.004912199700016558
2859,0.00013430386910234421,0.004945799718449611
2860,8.614598142836864e-05,0.00464324159162691
2861,7.775299406299988e-05,0.005178454535551311
2862,7.671572190398971e-05,0.004918938344087833
2863,0.00013867153223448743,0.00468581170714497
2864,0.00010886681751192858,0.00520428101436829
2865,0.0001139837688242551,0.004662730380678256
2866,0.00010178686400953059,0.004829813754662696
2867,7.297623281677564e-05,0.004860057653199266
2868,0.00011506768678373191,0.004799853337517991
2869,4.509100302432974e-05,0.0048439340252524575
2870,6.65764539007796e-05,0.004806205386471913
2871,0.00010014742486722147,0.004960693113733171
2872,0.00010359026928199455,0.004592297937882345
2873,9.886008580603326e-05,0.004953597820781934
2874,7.416451577834475e-05,0.004784954343757438
2875,8.540633437708796e-05,0.004758248125811613
2876,8.679078309796751e-05,0.004679681460087107
2877,4.714792121376377e-05,0.004717701245795965
2878,0.00010969189655346175,0.005009850472446502
2879,0.00013119508560824518,0.0045643116479948545
2880,0.00010079760001341735,0.0048471638248998705
2881,0.00011486649915847617,0.004877614128718695
2882,7.565761285756404e-05,0.005152076278358522
2883,8.300395372013251e-05,0.004691269207016132
2884,0.00010534826518172243,0.004775173752660328
2885,7.829274012086293e-05,0.004618850240564546
2886,9.387458255029438e-05,0.004836232554512172
2887,8.140784581579888e-05,0.00482022404756881
2888,8.270002945209853e-05,0.004998931157087365
2889,0.00010553034080658108,0.0045967335976828914
2890,8.970402802030245e-05,0.0051306538452489635
2891,9.914398979162797e-05,0.0048274944442889
2892,5.8013258725016687e-05,0.004768512717963335
2893,0.00010051787127546656,0.004745946411734564
2894,4.599745104011769e-05,0.004907672317317269
2895,0.00010564430134157495,0.004784395056593371
2896,8.158556386964241e-05,0.004983847155089043
2897,0.00010318273222461963,0.004738633851814047
2898,8.883385744411499e-05,0.004778762049624682
2899,6.942333905802419e-05,0.004584405592076231
2900,9.85889564617537e-05,0.0050390642906326475
2901,9.203456623557334e-05,0.004841007027815382
2902,9.113406267715617e-05,0.0048259575402100135
2903,9.403039439348504e-05,0.0045739079139921375
2904,8.222563410527073e-05,0.004848867704299843
2905,9.955719773036738e-05,0.00481204272983009
2906,9.119388754091536e-05,0.004720002597960548
2907,8.942413405748084e-05,0.004678046509557528
2908,6.143724288752613e-05,0.004802301312030447
2909,8.944292555194504e-05,0.0051114090505664745
2910,6.581251752019549e-05,0.004701218031773959
2911,9.772625271580182e-05,0.004707448671463745
2912,7.324372927541845e-05,0.0048422311848821484
2913,8.377981648663991e-05,0.004840302625744361
2914,0.00010984759549804342,0.004761027764367659
2915,7.119968759070617e-05,0.004641747007725804
2916,6.167971296235918e-05,0.004921061524894001
2917,9.73235341613569e-05,0.004837778733317249
2918,0.00011747175813070498,0.004813239128717522
2919,7.82928026940984e-05,0.005210290490612974
2920,9.022329177241773e-05,0.004416699148622877
2921,0.00014250837290698352,0.005005392744609221
2922,5.8658619309426285e-05,0.004775579063832305
2923,9.151541792865222e-05,0.004939840696788738
2924,9.825539721835715e-05,0.004827263306938185
2925,9.326520812464878e-05,0.004926793448678328
2926,8.495583412392686e-05,0.005172026926636931
2927,0.00013113437695816781,0.004615442321120622
2928,0.00012884898290697796,0.004802554972766803
2929,0.00010546016710577533,0.004807913921568103
2930,7.24176992662251e-05,0.004888673173859496
2931,9.169563709292561e-05,0.004981457923106321
2932,0.0001412098538518573,0.0048527174865768295
2933,0.00015584577777190135,0.004792407523761834
2934,0.00010289037842691566,0.005028472963984557
2935,8.634428450022824e-05,0.0044945760081910825
2936,9.338439000809255e-05,0.0049914399512097475
2937,8.732039350434206e-05,0.004811190238303145
2938,0.00010125769695150666,0.004982474403030525
2939,4.5487422661002104e-05,0.004721863701294257
2940,4.1364940989296885e-05,0.004791713720297543
2941,0.0001008746367006097,0.0051463554818623174
2942,7.54465518790918e-05,0.00480716242308281
2943,5.299200565787032e-05,0.004613981685806506
2944,0.00012107396760256961,0.0047977296232179865
2945,0.00010007288534931528,0.00495379224720257
2946,6.125323367693151e-05,0.004875983364557422
2947,9.088596283011915e-05,0.004585731391406317
2948,0.0001429250100045465,0.004976834414350822
2949,0.00012907922209706157,0.004695633580306853
2950,0.00010082133715817084,0.00484344748208138
2951,0.0001256393666456764,0.004963498903570447
2952,7.994479795646233e-05,0.0047658708926902596
2953,0.00010373227463181442,0.004938965793479029
2954,6.623544759349897e-05,0.004604881691680414
2955,0.00011552781870705076,0.004639166790907689
2956,8.744128366136769e-05,0.004672605811075608
2957,7.872769468425152e-05,0.004853008325967028
2958,9.296708012698218e-05,0.004750425198370239
2959,9.911389879562194e-05,0.004636740972201787
2960,8.157395635256156e-05,0.004755716593972752
2961,6.648152605824483e-05,0.004670150174464165
2962,0.00010550232327659615,0.0046801254002920055
2963,0.0001102466820157133,0.004853921003069538
2964,0.000131976189489554,0.004878333790821764
2965,9.768739546416328e-05,0.004389493240366184
2966,0.00015465621642457943,0.004789936729783823
2967,0.0001121112266749454,0.004775560532942209
2968,7.618612677712614e-05,0.005132670701283404
2969,0.00010749697830760851,0.004493348626786564
2970,7.743394138136258e-05,0.004860319632589523
2971,0.00011185184533436162,0.004682546599967933
2972,5.8754476170482425e-05,0.004699636897435192
2973,6.970076040791658e-05,0.004821290357375708
2974,0.00012123208968356873,0.004550829189682863
2975,0.00013191442036865434,0.004947965315224119
2976,6.783103235648013e-05,0.0045956771767617565
2977,0.00013000115868635475,0.004760135742505704
2978,8.325516973854974e-05,0.004590643726575269
2979,0.00011866671775351278,0.004990369873488043
2980,7.53593138748935e-05,0.0048380994790703
2981,6.0404796022339725e-05,0.004749707558639641
2982,8.48589084246972e-05,0.0047621229568617345
2983,9.884519725649928e-05,0.004647027361289209
2984,9.437744253470252e-05,0.004851953414320124
2985,0.00010890697958529927,0.005085511114741639
2986,8.732459367214082e-05,0.004470766315742682
2987,0.0001098104325744013,0.004865179907651545
2988,0.00010425251020933502,0.004716501596904411
2989,6.535720628259393e-05,0.004823994515720373
2990,5.031630789744668e-05,0.004549006378281803
2991,6.169985426822678e-05,0.004907809140153346
2992,7.808691128351105e-05,0.004752843747535119
2993,0.00011038668793238079,0.00483671805315365
2994,4.850406918800824e-05,0.004462654675553208
2995,7.769206131342798e-05,0.004715299270460455
2996,0.00011774071366138135,0.004718435980704078
2997,8.954893079741548e-05,0.00484722307113212
2998,9.241749163872252e-05,0.004735926525505979
2999,0.00010373895396090424,0.004659116609154019
3000,9.905008046189323e-05,0.004973649516413868
3001,0.00010024913111313556,0.004691088419979599
3002,8.054032878135331e-05,0.004720355984919858
3003,9.497106172299634e-05,0.004489523956302818
3004,0.00015486452515081812,0.004700747699207281
3005,0.00013810150703648106,0.00485578316766182
3006,0.0001422407411155291,0.004832563260900165
3007,0.00015551615215372294,0.00460424069150197
3008,0.0001085460001680379,0.005041733457464871
3009,9.82609099689095e-05,0.004609546795080409
3010,0.00011716209895287951,0.004664477394934099
3011,7.63304303594244e-05,0.004619883950185544
3012,9.306960734344709e-05,0.004677618389461542
3013,6.49681816867087e-05,0.004657666683591183
3014,5.5529303123573e-05,0.004684420840129051
3015,5.0145189258425184e-05,0.004644925162969817
3016,8.589684051306298e-05,0.004696982125311679
3017,0.00010887323442148045,0.004648090349363647
3018,0.00010458615579409525,0.0046816034513841
3019,0.00012129191636631731,0.004600870503455503
3020,0.00011160569871814611,0.004761938669344806
3021,0.00011017375897305707,0.004607745256516936
3022,8.222892089785698e-05,0.004632325936933818
3023,7.8017116660097e-05,0.004898466448497584
3024,9.076779970200733e-05,0.004714247428694755
3025,0.00010930989325667421,0.004516611224971712
3026,0.00011531693841485928,0.004968198740444197
3027,8.367996852030047e-05,0.004665276561827054
3028,8.775684060916926e-05,0.004565190594445357
3029,8.979204624968892e-05,0.00462301566098692
3030,0.00010730523984724035,0.005189522943188121
3031,0.0001172567677713232,0.00457416780798982
3032,9.649456418022358e-05,0.004747320993209448
3033,4.971031618576186e-05,0.004747533991998868
3034,8.642779745666e-05,0.004685852282467907
3035,9.20706195756793e-05,0.0048887194306168
3036,7.065821094632459e-05,0.00450432334323487
3037,5.669109765828277e-05,0.004599065034499934
3038,9.440995842548242e-05,0.004980137014365572
3039,8.557719484088011e-05,0.004789363805985621
3040,4.488323381034813e-05,0.004783755500148248
3041,9.624652630009223e-05,0.00447810587874709
3042,9.103527190745808e-05,0.004743569011719326
3043,6.292017606028822e-05,0.004859817118061281
3044,9.070830419659615e-05,0.004386900003823474
3045,7.303962411242537e-05,0.004954471021861307
3046,9.902042996448776e-05,0.004506565981515221
3047,7.508416989973435e-05,0.004684817443297457
3048,0.00011495368235046045,0.004875421991542451
3049,0.00010290169448126107,0.004602133290013518
3050,8.179711827930684e-05,0.004923438803681473
3051,8.971211888516942e-05,0.004700056768543138
3052,8.102308347588406e-05,0.004712865113621709
3053,0.0001148654036417914,0.0046266943049492444
3054,0.00013645233266288415,0.005196196698092335
3055,9.32121605728753e-05,0.004540740756600303
3056,0.00015616152644118604,0.00488078565149766
3057,0.00012966738310448515,0.004560960046067012
3058,0.00013512097939383239,0.004930450993509391
3059,0.00012438393702420095,0.004581826872386654
3060,7.392836705548689e-05,0.004821042473405952
3061,8.562495349906385e-05,0.004735487805199113
3062,8.738329888728913e-05,0.004749654090548975
3063,8.012190761898333e-05,0.004724033480312118
3064,5.1916862988340046e-05,0.004649670851438885
3065,7.905631452255572e-05,0.004588483617133204
3066,8.854805200826376e-05,0.0047419936667511785
3067,7.68500148600045e-05,0.004614194076394618
3068,9.231214304842676e-05,0.004637492926035986
3069,5.700219844584353e-05,0.004736208935556053
3070,0.0001341204872005619,0.004502398136308358
3071,0.00012023455807745147,0.00510921653022799
3072,0.00011920491912557434,0.004456008071772842
3073,0.00010573488495235021,0.004887021205839005
3074,0.00011486647708807141,0.004515894843580744
3075,0.00014732001776186128,0.00473623780449339
3076,0.00013247108193657672,0.0047189068167441065
3077,9.41154983593151e-05,0.00489400409704705
3078,6.195868578894685e-05,0.004493498984966281
3079,7.341223196514572e-05,0.004530817220550339
3080,0.00013233459515807529,0.004460945320278993
3081,9.983286945498548e-05,0.004922853591191898
3082,0.00010322804664610885,0.004431684248472058
3083,8.73135578634295e-05,0.004603735072947085
3084,7.72663862638486e-05,0.004409108339812548
3085,9.07375101329914e-05,0.004822413996228669
3086,7.841910652738686e-05,0.0046798667437800276
3087,7.807414961765365e-05,0.004638484070502867
3088,5.2364537744627644e-05,0.004532546081578388
3089,8.622218265372795e-05,0.004505007293562984
3090,0.00011255214146027962,0.004859265391018212
3091,0.000105296476976946,0.004608041185181676
3092,6.976191555925955e-05,0.004572859049525376
3093,0.00010496572370660336,0.004737722073263657
3094,9.509558294666931e-05,0.004529986179004768
3095,0.00010325661229823405,0.004806018222717378
3096,0.00010983162161816532,0.0044396577877777186
3097,5.907975864829496e-05,0.004730945252300072
3098,8.158573570350806e-05,0.004494320974303923
3099,8.041603189970678e-05,0.004576251465794227
3100,0.00012043937046352463,0.004462431185864147
3101,8.502956552547403e-05,0.00468986635288869
3102,5.9468773057839525e-05,0.004412267860126
3103,0.00011283460019816024,0.0045953434323672
3104,4.5444284720967215e-05,0.004685816752420019
3105,7.641729583459285e-05,0.004486342509346831
3106,8.429507555168433e-05,0.004525708573857527
3107,0.00011840598454000428,0.004678965308776814
3108,0.00012970478007143054,0.004547117177147683
3109,8.944587583149162e-05,0.004562712613654535
3110,5.6875795902063446e-05,0.004466198744320157
3111,0.0001095934883778682,0.004536997880713325
3112,9.787713934201747e-05,0.004706121953644269
3113,7.454320705922631e-05,0.004497729014058957
3114,9.314181637212945e-05,0.004615129157717479
3115,0.00010405633620393928,0.004941289811798437
3116,0.0001118329154754368,0.004555370700343945
3117,6.662181306940814e-05,0.0045089969616823305
3118,0.00012463942111935468,0.004439647108046924
3119,8.057837015561139e-05,0.004756833497924349
3120,9.223178931279108e-05,0.004464734562463677
3121,9.421914825603986e-05,0.004666571568158698
3122,6.809030758934872e-05,0.004682973845344858
3123,8.0970790925979e-05,0.004701953839628011
3124,9.271360977436416e-05,0.004510259049977579
3125,9.4921804460076e-05,0.004718132345482531
3126,6.47945242235437e-05,0.004560239416891782
3127,0.00010276993537748543,0.0046292415973143725
3128,0.00011862017223999526,0.004544783005716396
3129,7.545223876756305e-05,0.004354224562063799
3130,7.265627403588345e-05,0.004669808091936765
3131,0.000129316713961695,0.004531484737068298
3132,0.00012248094426468015,0.0047750848535206315
3133,7.059854203059027e-05,0.004570811508887073
3134,7.087519637328417e-05,0.004592001427828488
3135,5.925444056629203e-05,0.004599611185065757
3136,4.283085969897608e-05,0.004633096316242664
3137,0.00010512778159560791,0.004618445169098133
3138,7.061684494450068e-05,0.004604425458430026
3139,0.0001297037951493015,0.0045997613851222995
3140,0.0001076182342027702,0.004770199516623127
3141,8.415419749023083e-05,0.004604872602577079
3142,7.21380065442645e-05,0.004577731082076574
3143,7.542746316175908e-05,0.004665151223316642
3144,9.852753428276628e-05,0.004960802182973194
3145,0.00010855182675489535,0.004259541991907429
3146,0.00011985159653704613,0.004651547285845489
3147,0.00011790523349191062,0.004516100126188468
3148,0.00010702930885599926,0.004998233524979804
3149,9.549457536195405e-05,0.004486117765443091
3150,8.3853389514843e-05,0.0044401200404794025
3151,8.276572480099275e-05,0.004757216156233014
3152,9.080166225127566e-05,0.004769032476396542
3153,8.541448805772233e-05,0.004659894537354827
3154,9.6465572702679e-05,0.004536828710000933
3155,0.00010080620668304619,0.004687654932018545
3156,5.440390280758341e-05,0.0045204705927212995
3157,9.46802426672851e-05,0.004802188011964299
3158,7.653084794583265e-05,0.004502560079875072
3159,5.2429277517755205e-05,0.004632469414693017
3160,3.863451420329511e-05,0.004489656547854442
3161,7.902152719907463e-05,0.004561819312140698
3162,7.811783458843517e-05,0.0045780092727587245
3163,5.4009045804074655e-05,0.004696813525217695
3164,7.778537352957453e-05,0.004447005031901727
3165,8.185394738878434e-05,0.00461034626676151
3166,9.35584038112817e-05,0.00443108639552434
3167,9.373090069857426e-05,0.004584016598757415
3168,6.087006962237259e-05,0.0047810948967170995
3169,0.00011926764297337892,0.004644948239786565
3170,6.65547112779071e-05,0.004537676142961315
3171,8.930391243969401e-05,0.00461117460119252
3172,6.068807949001591e-05,0.004485108096502707
3173,7.062216803509122e-05,0.004722271481250215
3174,9.093822178935322e-05,0.004451144079670427
3175,0.00010264977245242335,0.004445979756204132
3176,8.548410842195154e-05,0.004772523546400737
3177,0.00010207377684613069,0.004562650467580785
3178,7.411267069983296e-05,0.004269018608849408
3179,0.00010166111751459539,0.0044479769962568454
3180,9.37052918743575e-05,0.004406126523133749
3181,8.429092583052503e-05,0.00453171677342946
3182,6.769672909285873e-05,0.004430498041425223
3183,8.740814203823296e-05,0.00466592550712205
3184,7.785534180584363e-05,0.004262515207602254
3185,0.00011895040709835788,0.004662166992165735
3186,8.470937282254454e-05,0.004351962429716978
3187,9.057890638359822e-05,0.004623260952424126
3188,0.00011363365629222245,0.0042568678627575305
3189,7.013513022684492e-05,0.004673226923483798
3190,0.00010259479070858409,0.004359181023223003
3191,0.00010022974808331734,0.004868963223654689
3192,9.731408633039488e-05,0.0044093883796191705
3193,0.00011998386083481213,0.004695419480613484
3194,0.00010190088590510035,0.004260776875225285
3195,0.0001347085655046006,0.0047781953155466425
3196,0.00011401932327620064,0.004561994150537616
3197,0.00012582347432423072,0.0044507086150967845
3198,5.871112928919805e-05,0.004590035363019804
3199,8.150170469889417e-05,0.004376078843538774
3200,0.00010704851859676031,0.004535960613091763
3201,0.00011071184004928606,0.004779414468129554
3202,0.00011022669301989178,0.00438868516495114
3203,0.00011627379596272173,0.0049355871779257505
3204,0.00011135041519689063,0.004485245182189915
3205,0.00011610144138103351,0.004435917745503839
3206,0.00010457898958217507,0.004675541849491575
3207,0.00011948609705238292,0.004501238426809588
3208,6.212644523960383e-05,0.004577120481421951
3209,5.7468795178768534e-05,0.004558948055643031
3210,9.205161525945489e-05,0.004412757361117076
3211,6.724653285345994e-05,0.004526005676529539
3212,0.00010309974895790219,0.004480195584648296
3213,0.00010139672594959848,0.004496677282062821
3214,6.70342160447035e-05,0.0044460517219561116
3215,0.00010590556873163829,0.004436472917111282
3216,8.84510955074802e-05,0.004707775045943439
3217,0.00012893257808173076,0.004242146049450174
3218,0.00010664406484769036,0.004528838374576803
3219,6.654653043369763e-05,0.004236390671645123
3220,0.00010637686209520325,0.004767790697075016
3221,8.671800169395283e-05,0.004359801243724829
3222,6.248465773145047e-05,0.004344086921278857
3223,9.21932563263302e-05,0.004631231313454002
3224,9.530897320170576e-05,0.004397378648231613
3225,0.0001041819710129251,0.004509182132168226
3226,9.664067947596777e-05,0.004406615670983071
3227,8.545631232360998e-05,0.00428707446874574
3228,6.554119415037954e-05,0.004578648183648805
3229,0.00012163998871983495,0.004343792396014571
3230,8.709963124905092e-05,0.004313406902988713
3231,0.00011288422004630168,0.004631979733808186
3232,9.799761658844849e-05,0.00444573175444407
3233,0.00010639003642912334,0.004451246443112916
3234,0.00010009767380931104,0.004460648951161008
3235,8.974575199924098e-05,0.004813033002098714
3236,9.448125686806937e-05,0.004411570679700721
3237,6.61767056347647e-05,0.004515494899659264
3238,6.0028963343938815e-05,0.004473191410290282
3239,6.326014457348113e-05,0.004305655174745672
3240,7.9240913328249e-05,0.0045048112304529216
3241,7.959046173103465e-05,0.004573206333388523
3242,7.854966388549655e-05,0.004397402121502114
3243,9.30186555099984e-05,0.004672283956627031
3244,7.586106075905264e-05,0.004252645321370022
3245,8.966543585605298e-05,0.004356305978185769
3246,6.982643293061604e-05,0.004348609376493401
3247,4.984602152641552e-05,0.0044148767387171784
3248,8.858900813114208e-05,0.004382839160797179
3249,5.671998078469187e-05,0.004526021860092585
3250,7.546472382576515e-05,0.0044072462437403075
3251,5.107590647336717e-05,0.004454409704528984
3252,8.60928218268479e-05,0.004310778947180416
3253,8.627968879106144e-05,0.004506989809827454
3254,5.197320739777448e-05,0.0043974146226285335
3255,7.286371134493189e-05,0.004407795845287096
3256,6.839282056413746e-05,0.004385584627102151
3257,8.860895492640945e-05,0.004443354016182739
3258,7.424607805054015e-05,0.00424937034799446
3259,9.981675927216808e-05,0.004563801288494738
3260,7.666471028642264e-05,0.004371450328236944
3261,8.707486849743873e-05,0.004455908605880214
3262,5.0425764978475245e-05,0.004247939362608659
3263,0.00010677647951524704,0.004267033212909871
3264,9.783285568119027e-05,0.004470912195599132
3265,6.614141796793168e-05,0.004470037900032402
3266,4.1226648924445423e-05,0.004337412696130075
3267,8.703905647659364e-05,0.004280655251130257
3268,7.857778594673921e-05,0.0045172300805726385
3269,0.0001229260461210894,0.004642721751382149
3270,8.133718171544994e-05,0.00419651539941267
3271,6.798968849276813e-05,0.004366214965070473
3272,7.96465038244302e-05,0.004362429945003681
3273,7.647534876014106e-05,0.004469550273832169
3274,9.361463744426147e-05,0.004355020593763806
3275,4.8848393877657754e-05,0.004501403000033424
3276,0.00011949144997439969,0.0042881818211410105
3277,8.760106623716032e-05,0.004472365122293966
3278,0.00010660387439808498,0.0044897654475130905
3279,0.00011165165633428842,0.004401114262369146
3280,8.536516616004519e-05,0.004511150521845887
3281,4.922519122677234e-05,0.004550993615554235
3282,4.8159597887812804e-05,0.004315550169562848
3283,0.00010043141519417986,0.004615538388740007
3284,9.113859123317525e-05,0.004658261257201785
3285,0.00010568146196116383,0.004460240194507999
3286,9.186536990455352e-05,0.00437559392101564
3287,7.935726850215967e-05,0.004400923417323804
3288,8.543131698388607e-05,0.004306235250065426
3289,0.00011597609263844789,0.004648957329098223
3290,9.199294921321173e-05,0.0042742070179124635
3291,9.334168474500378e-05,0.0044407987720553035
3292,4.2059819800973246e-05,0.00441042511283024
3293,3.6640743686196706e-05,0.004407283102022851
3294,6.948319678485859e-05,0.004404198652404676
3295,7.298235019940573e-05,0.004513362603395898
3296,0.00011514110034719731,0.004244255297083965
3297,0.00010326792689738796,0.004467184762846253
3298,9.721001236660717e-05,0.004169202265769654
3299,5.5128313882354026e-05,0.00441191386427789
3300,0.00010227350115504426,0.0043951924858196805
3301,7.003874197835103e-05,0.004045122939227956
3302,0.0001382792875422941,0.0047556438490631075
3303,0.00014138859284382004,0.0043026657152176635
3304,8.144473589103049e-05,0.004664451561274197
3305,0.0001028946045456299,0.003969936496871487
3306,6.129357534518931e-05,0.0044308325661232655
3307,7.178954571524324e-05,0.004195445290524659
3308,0.0001218733622711928,0.004519465389270995
3309,6.35773273340116e-05,0.004247655007185224
3310,0.00011246119368782578,0.004270325870414477
3311,5.8648087239513795e-05,0.004434016154617013
3312,9.770804608706385e-05,0.0042512875928462845
3313,6.378903502384977e-05,0.004557405937624376
3314,8.929912437452003e-05,0.004229768932848347
3315,7.588728179446965e-05,0.004421910889791398
3316,9.676852229555759e-05,0.004211975086029384
3317,0.00010657465293964682,0.004617908723857694
3318,8.944296738870132e-05,0.004406980122668727
3319,6.029138627733725e-05,0.004380106949339086
3320,6.529468664666638e-05,0.004265134472594281
3321,7.905310873563091e-05,0.004514219153188463
3322,9.258813467264797e-05,0.004281088482958858
3323,0.00011938789490765582,0.004757819592762064
3324,0.00012277887338617196,0.0044231946941274474
3325,0.00011459008019301108,0.0046367484647194
3326,6.736981934712579e-05,0.004393383816359418
3327,6.094009149819613e-05,0.004442510686404123
3328,7.256858346712154e-05,0.004412786962691782
3329,0.00010574047713210652,0.0044680002354466775
3330,7.353725571495791e-05,0.0043484031307093034
3331,8.07548442632348e-05,0.004505612498550771
3332,5.722350154731733e-05,0.004388561151008759
3333,4.1025640530278904e-05,0.004607779351539734
3334,5.431488922719533e-05,0.004311404107541843
3335,7.80252925324021e-05,0.004458512026013616
3336,8.461190591333435e-05,0.004389685142545147
3337,9.884750907076522e-05,0.004364025459155499
3338,8.541741335648112e-05,0.004654492399614949
3339,0.00010659685600937034,0.004470904230316148
3340,6.0665863323568676e-05,0.004389750690558764
3341,9.701813372278897e-05,0.004452252470866198
3342,8.104339940473437e-05,0.0045091344105945095
3343,0.00011863831217245509,0.004840605221248752
3344,8.947177896819387e-05,0.004689878386749674
3345,9.356194314023015e-05,0.004361134306637673
3346,5.568830917278926e-05,0.004623904191764203
3347,0.00011675015945608417,0.004729053166907604
3348,0.00010849437664243548,0.004493662849844132
3349,9.252552796776095e-05,0.004596645180245964
3350,0.00011590106781416883,0.004431985925257895
3351,8.369047985373375e-05,0.004569044146012133
3352,8.261535828448056e-05,0.00431696180800548
3353,7.105419548073163e-05,0.004479946912354313
3354,9.533537377137691e-05,0.004499666617842259
3355,8.954526516996945e-05,0.004541540796608173
3356,7.625074928607016e-05,0.004484455530187042
3357,0.00011107546888524666,0.004382895262440754
3358,0.00010353379936229127,0.004315676662601589
3359,0.00011963313942639312,0.00461531214885355
3360,9.97116912913043e-05,0.004349721760413881
3361,6.203311349963769e-05,0.004439487360788172
3362,8.21607478428632e-05,0.004488065822313972
3363,7.746666330300892e-05,0.004315964763481756
3364,9.539138409309089e-05,0.004339954372143417
3365,7.991081674845191e-05,0.004193523787576192
3366,6.947433648747392e-05,0.004492529697934401
3367,9.100254319491797e-05,0.0042108849404145065
3368,0.00011103393917437643,0.004510904969849191
3369,6.998714246340872e-05,0.004240357800566511
3370,7.166753736479829e-05,0.004169951777402898
3371,6.048722558868273e-05,0.004326355146742829
3372,9.881538680929225e-05,0.004356552576087048
3373,7.763239882478956e-05,0.0043661392983195815
3374,0.00010203480196651072,0.004410233156110241
3375,8.748047451566284e-05,0.004373510718330976
3376,0.00010476775642018766,0.00425714054227418
3377,0.00010607742927580451,0.004509561029666169
3378,9.812367788981646e-05,0.004148959690030283
3379,9.686762229345428e-05,0.004439293955980734
3380,0.00011524273819910984,0.004329768666955385
3381,8.303835881330693e-05,0.004226437657539857
3382,7.837767837675832e-05,0.004526444900538919
3383,9.618442539552538e-05,0.004209548312397014
3384,0.00010469762734525527,0.004341763903489556
3385,6.788306479090048e-05,0.004237081038794942
3386,9.085531831563761e-05,0.0043000495787728285
3387,5.816003103973344e-05,0.004332532910272611
3388,9.371729029226117e-05,0.004376266743826468
3389,5.8167333675858876e-05,0.004460528735841412
3390,7.140375479745369e-05,0.003932787099941157
3391,0.00010664067910208057,0.004412122748198178
3392,0.00011142929239819448,0.004328667922275449
3393,7.160903611899508e-05,0.004446865165309144
3394,0.00010673729023740937,0.004197491517594803
3395,8.82918410449444e-05,0.00448709236564276
3396,9.438985119534967e-05,0.004458043113805529
3397,9.569951192437051e-05,0.004220698635629195
3398,9.663158877325865e-05,0.004288637554126344
3399,8.593096132851012e-05,0.004381890108489879
3400,9.140251204371452e-05,0.004327273893941883
3401,6.975075763572628e-05,0.0042515258901976195
3402,9.550648622583443e-05,0.0043702123722879176
3403,7.218424725579098e-05,0.0044778635281717445
3404,8.453327124395098e-05,0.004166920925123896
3405,8.09006203780882e-05,0.004139403568756745
3406,0.0001111389574361965,0.004712948628781935
3407,0.00013056418538326398,0.004138659542393467
3408,9.4069113159397e-05,0.004416487111405682
3409,0.000107960456807632,0.004226601175463384
3410,5.958399099957508e-05,0.004219285025688504
3411,4.9309354411282885e-05,0.004249911384994354
3412,0.00011047260971584668,0.004188890986448873
3413,7.797516288216381e-05,0.004451803832798903
3414,7.506528781959787e-05,0.004232348445216267
3415,4.330332691703613e-05,0.004161579535328087
3416,9.861605212790892e-05,0.004329553796125092
3417,0.00010864100307420207,0.004361505986843992
3418,9.024085544903452e-05,0.004286506423162017
3419,8.170218740512306e-05,0.004261987681654612
3420,5.460511007792472e-05,0.004145415726220455
3421,6.604399265294584e-05,0.004352536513543445
3422,0.00010638144643356402,0.004472053540122556
3423,0.00011303907643499164,0.004272756285233951
3424,5.723033512670857e-05,0.00424865132892563
3425,6.999427302313658e-05,0.004308545903997554
3426,6.17344957087577e-05,0.004224659718287097
3427,8.34141358306321e-05,0.004363523603702976
3428,7.160860247192128e-05,0.00408964584981216
3429,9.615589612318823e-05,0.004200543801292894
3430,6.260414053637457e-05,0.004303627721708649
3431,0.00011165295242487143,0.004333910773376253
3432,7.1328923998711e-05,0.004321837388474025
3433,0.00010345910510901982,0.0042395820982358235
3434,0.00010144311163458042,0.004404156154395616
3435,0.00010044390771023852,0.004355723045190694
3436,3.8833462410063174e-05,0.004335364556457026
3437,0.00010066074319183826,0.004206854281497855
3438,9.601504449771406e-05,0.004356632020148471
3439,9.523594308120664e-05,0.004374469400339533
3440,6.373980092272783e-05,0.004421220639973556
3441,8.140147062173734e-05,0.004158556636415539
3442,0.0001076973939537614,0.0043347324430300874
3443,8.178692126724248e-05,0.004369694854162164
3444,6.918963323793529e-05,0.004201699817355165
3445,0.00010941356401114414,0.004374296092299935
3446,5.890694713646857e-05,0.004305937268778565
3447,5.913458444410935e-05,0.004139636686313751
3448,7.900150412751828e-05,0.004202527608667449
3449,5.274413924780674e-05,0.004255117330146499
3450,4.278456326574087e-05,0.004234208766871506
3451,5.837997790270795e-05,0.004219777070400195
3452,8.315839901721726e-05,0.00417979008345828
3453,8.917135552716597e-05,0.004277319989971978
3454,9.821725628474572e-05,0.0041570285606513345
3455,9.209424921815904e-05,0.004234768306115994
3456,7.23578811933597e-05,0.004192954346154428
3457,9.584305880707688e-05,0.00422060102688178
3458,9.008938844393319e-05,0.0046500682933476025
3459,0.00010775539679646803,0.0042262503649951435
3460,0.0001080852993860996,0.004195140695793364
3461,8.819257539774602e-05,0.00427395581014777
3462,9.40054106952933e-05,0.004350424914686816
3463,7.76622638416787e-05,0.004065527025643208
3464,7.726968857847775e-05,0.004313937029947974
3465,9.701507272742068e-05,0.004492540367123649
3466,9.205950603548747e-05,0.004348774578543307
3467,9.142870997796611e-05,0.004185689738346631
3468,9.741108612312624e-05,0.004338264721079077
3469,7.333436490929065e-05,0.004191169474919246
3470,8.771770480962005e-05,0.004456843506850991
3471,7.010533627180849e-05,0.004125572218766847
3472,7.228730270677866e-05,0.004297595674412208
3473,7.176230780411666e-05,0.004133636018675642
3474,6.459042839802956e-05,0.004244503217719965
3475,9.084105913643725e-05,0.0040857828090216704
3476,6.07916692388244e-05,0.004415822182378666
3477,8.72721274693807e-05,0.00393784073672778
3478,9.00753601551211e-05,0.004221408047684006
3479,4.7932857463213925e-05,0.004034195937249282
3480,0.00010236582262829567,0.004127883665835646
3481,9.728162064372251e-05,0.00434489615580551
3482,6.160043897883346e-05,0.004172304350934101
3483,8.282935571817992e-05,0.003997584744851567
3484,8.587729632078359e-05,0.0041936043293332665
3485,9.445025110229228e-05,0.004321581486971888
3486,8.05252243784101e-05,0.0042018877744755346
3487,9.666510644213607e-05,0.003983246080951369
3488,0.00011429590922489297,0.004599544384670774
3489,8.782982962050786e-05,0.004093404131479503
3490,0.00012326138579131415,0.004045038771408603
3491,7.983703138355243e-05,0.004276533156228215
3492,9.876520719747835e-05,0.004153475026952059
3493,9.411881231547644e-05,0.004271221772481607
3494,0.0001038418267853558,0.004239017974335965
3495,6.238890321886477e-05,0.004358881080750464
3496,9.591584166628309e-05,0.004095634878668054
3497,7.85052456194535e-05,0.004328189137681409
3498,0.0001087355769413989,0.004051814362907225
3499,9.918843643390574e-05,0.004313025828432585
3500,0.00014285724731356216,0.0038380163761156457
3501,0.00010856860996379206,0.004592718969935214
3502,7.032206679771965e-05,0.004075832294637528
3503,0.00010231778142042459,0.004383787020076594
3504,8.18451525750182e-05,0.004202131805739798
3505,8.536509267287329e-05,0.00414810936181168
3506,6.494997724075802e-05,0.004259421576985972
3507,8.460003142924203e-05,0.004082608155862201
3508,8.537530302419328e-05,0.004222300753829722
3509,7.953720778459683e-05,0.004173580029114025
3510,4.429594458391269e-05,0.004164771564620158
3511,0.00011632282015246649,0.004113452771438403
3512,5.316707295908903e-05,0.00421806712846609
3513,5.58787027936584e-05,0.004136738462252616
3514,5.05641256798602e-05,0.004140611343804424
3515,8.550371045809394e-05,0.004053212020740529
3516,5.3031311351029825e-05,0.004328869708986058
3517,0.00010362075045122765,0.0041651253931785336
3518,8.493962019808047e-05,0.0041636035827586175
3519,5.335155049882208e-05,0.004174374907202359
3520,7.899703390042608e-05,0.004102797934044827
3521,0.00012159865630868201,0.004752172091169151
3522,0.00012999735675596943,0.004028605815806008
3523,8.283454735646956e-05,0.004340253237774229
3524,0.00011496774483627329,0.0041208885996015816
3525,9.465154580539093e-05,0.004259729945590338
3526,8.940101348950217e-05,0.004260178361597698
3527,9.16543558560079e-05,0.004243287788823203
3528,9.054709516931325e-05,0.004041757071610745
3529,8.784849245178824e-05,0.004360259075165089
3530,0.00011422485889246066,0.004198755026706971
3531,7.779032821417787e-05,0.004097225517584524
3532,0.00011687481091939844,0.0041120624065208505
3533,6.144449628967172e-05,0.004191951673591553
3534,7.06876503196933e-05,0.0040940168005685635
3535,9.325238643214107e-05,0.004203281016776514
3536,9.72542099286026e-05,0.00430128194976554
3537,7.808453228790313e-05,0.004142433137717239
3538,6.964601464763595e-05,0.004063819135185404
3539,0.00010986535125994124,0.004099170722050857
3540,5.232112647111838e-05,0.004261400773122129
3541,9.990069969110967e-05,0.004176591828238131
3542,5.598398305058557e-05,0.004243925064628005
3543,7.495452785709252e-05,0.004073452934582431
3544,9.052111320973684e-05,0.004182810818604157
3545,3.893198396932955e-05,0.004038664144069675
3546,8.384954708162695e-05,0.0040724593962682045
3547,9.77009630635924e-05,0.004280050731801216
3548,6.480908050434663e-05,0.004114599889749294
3549,0.00011089084000559524,0.004221972305644817
3550,9.878434721031227e-05,0.004175325414013689
3551,7.286820279356713e-05,0.004041935107304062
3552,9.997656792014217e-05,0.004404106287388351
3553,7.28400602383772e-05,0.004132045654755995
3554,6.748805123303706e-05,0.00441617941241858
3555,6.858189274983791e-05,0.00408607767436536
3556,0.00011520487363062179,0.003987695310470157
3557,7.892684394998166e-05,0.0043416633527344605
3558,0.00010406882720417343,0.004099208874880945
3559,9.423839680190819e-05,0.004136229071428809
3560,7.312240183334021e-05,0.0039963051266546585
3561,0.00010066557521592283,0.004511440260790464
3562,9.102502638900963e-05,0.004238761604422572
3563,5.269323610264109e-05,0.004064492679633728
3564,5.6440014062294117e-05,0.004259523073959303
3565,7.569224010997763e-05,0.00407280810598988
3566,7.064007222652435e-05,0.0042117195805226725
3567,0.00010367976089279789,0.004300568158844647
3568,8.809343125903979e-05,0.0041381022283316065
3569,6.575056080085536e-05,0.004213306262922349
3570,0.00010239550392725505,0.003962610440336051
3571,0.0001227527677353161,0.004452695630996774
3572,0.00010789965357010563,0.0042098111392358155
3573,8.21878847394449e-05,0.004171277290507125
3574,0.0001248552172910422,0.0039039863187335724
3575,0.0001331223616337714,0.004500190774162161
3576,8.022011849485958e-05,0.004411549796900294
3577,0.00010914619463922767,0.004057746264152229
3578,8.874092612434955e-05,0.004293273101784435
3579,8.421668583954063e-05,0.004169470637919396
3580,7.194186788789617e-05,0.0042216100658502755
3581,7.213283873473605e-05,0.004122132609605672
3582,8.155395856495792e-05,0.0044504772352905375
3583,6.687282172303336e-05,0.004005381562490398
3584,0.0001191041970741935,0.004195143486781955
3585,0.00011099427986967687,0.004145436392690048
3586,9.140478578046895e-05,0.004139730899308728
3587,9.107817750191316e-05,0.004189634821689357
3588,7.253130534081719e-05,0.004009896897578862
3589,0.0001082091569211722,0.004244040742729182
3590,7.455207669408992e-05,0.004224521732443621
3591,7.017755657822515e-05,0.004073163669090718
3592,6.903228859300725e-05,0.004082647239327372
3593,4.415456520897957e-05,0.004334356071148801
3594,8.345994477470716e-05,0.004224071860328082
3595,5.1145861167848734e-05,0.004038114961434713
3596,8.19843112064215e-05,0.0041916825039510245
3597,0.0001086135662869007,0.004026075888344446
3598,7.487605641169164e-05,0.0040759530141179666
3599,0.00010509592369392825,0.004085290013110324
3600,9.809822707514589e-05,0.004143334418263902
3601,8.040626271395012e-05,0.004185516714470417
3602,9.52182846958749e-05,0.004088649576196197
3603,9.617085864495796e-05,0.004127555192442699
3604,8.50818601369004e-05,0.00412469146237892
3605,8.648310613352805e-05,0.004010391522219082
3606,0.00010037460281940488,0.004453258845573804
3607,7.27415817285267e-05,0.00414825016156015
3608,0.00010967084720808392,0.004183866696864894
3609,0.0001042248909167635,0.004284958758457439
3610,9.975793800549581e-05,0.00414144900796099
3611,9.344435384264215e-05,0.004169781792929073
3612,6.652202015781465e-05,0.004138140637137905
3613,3.5697077692020684e-05,0.0040907693342085725
3614,0.00010577316716080532,0.004089262839507561
3615,5.4713576901121996e-05,0.003992630309960622
3616,8.046434862383952e-05,0.0041501213749229
3617,7.24268134945305e-05,0.003913101672348897
3618,7.749893823832584e-05,0.004168205990778708
3619,7.713408316097532e-05,0.004121166930302948
3620,8.797566066884125e-05,0.00398575210523073
3621,5.640925640667168e-05,0.00410287626918156
3622,4.887093879612318e-05,0.003998467807317021
3623,5.949152182438411e-05,0.0039542715998337145
3624,9.033749035249153e-05,0.0041232269821508865
3625,0.00010901355902509143,0.003922035984555626
3626,9.384154345752904e-05,0.004008294102427821
3627,0.00010558081485214643,0.004436005989463604
3628,7.88069596940962e-05,0.003775412666860704
3629,0.00012225029301286364,0.004168111796346016
3630,8.589053274287532e-05,0.0038840463889146764
3631,8.525559023837559e-05,0.004051464466803421
3632,0.0001131297637281629,0.00409537677146223
3633,7.220307379611768e-05,0.004097675883777689
3634,7.682645906849453e-05,0.00418529621147602
3635,5.338258379197214e-05,0.0039376889228982135
3636,8.118930551669716e-05,0.004186758944099241
3637,9.560640100971795e-05,0.004005661810836278
3638,0.0001145381604146678,0.004434191849629035
3639,7.235945619565124e-05,0.003999044173617121
3640,9.119853105706473e-05,0.0040959599753291765
3641,8.129262957178677e-05,0.004120202621401061
3642,5.769564886577427e-05,0.004166659652246309
3643,8.66509687815172e-05,0.004270367336727122
3644,0.0001019560329344434,0.004125216091693357
3645,7.823436050481783e-05,0.004148722263960549
3646,0.00010623872149153612,0.003925036035357116
3647,8.62381874564259e-05,0.004129962528153785
3648,4.964253203070257e-05,0.004094862254010147
3649,7.495948229916394e-05,0.004210585878848458
3650,8.00137160695158e-05,0.004040690058270308
3651,6.689494718254233e-05,0.004200759256949765
3652,0.00011912075715372338,0.004073526447420705
3653,7.564681606406035e-05,0.004044946606223303
3654,4.5266549326091386e-05,0.004095244210389421
3655,5.8606444023704775e-05,0.003979263167670656
3656,7.750097738608019e-05,0.004164483071869518
3657,7.361270230224667e-05,0.004210927314216667
3658,5.078850420735155e-05,0.004019385635005823
3659,7.859748487438386e-05,0.004080857512335784
3660,9.773023339221254e-05,0.004170915517061362
3661,8.906930064161619e-05,0.004275422638619509
3662,9.870774811133742e-05,0.003919526090383471
3663,8.675533917994472e-05,0.004174810524857566
3664,9.136178002033072e-05,0.004050300861745486
3665,4.4729128179218e-05,0.004222525656544127
3666,8.124017598068653e-05,0.004104997026807386
3667,6.49089476307078e-05,0.00399314267991668
3668,7.253572900178066e-05,0.0041534085620532
3669,4.204230002263406e-05,0.004009662463703728
3670,0.00010299374298483599,0.004138965341152521
3671,7.822098790105277e-05,0.004039534756283122
3672,7.535372581817986e-05,0.004119637140850206
3673,0.00010443991098630552,0.004011399654843881
3674,0.00012118851761139619,0.004545903812331243
3675,7.821069981825227e-05,0.003914414662097793
3676,8.712849473037446e-05,0.004020456781090186
3677,0.00010163182184138956,0.004284972183802348
3678,0.00012702483036264312,0.00395452143651008
3679,0.00014856474008411168,0.0045206429515635286
3680,0.00013041175455631067,0.003933827652170609
3681,0.0001527006330434233,0.004726554945433938
3682,9.433386730961502e-05,0.003987725470975907
3683,8.45676894338491e-05,0.004274259320245762
3684,0.0001479725785126599,0.0036153448314779975
3685,0.0001641636602774573,0.00432900101355255
3686,9.690674924058839e-05,0.004058715905242519
3687,8.032021141843871e-05,0.00421710790517212
3688,0.00010474480999012788,0.004040820870592486
3689,8.456062544913342e-05,0.0039796509475659905
3690,0.00011192102877733608,0.004178600831738284
3691,5.2564674842869866e-05,0.0040599202327466916
3692,4.428667452884838e-05,0.003907651108355943
3693,7.302306839847006e-05,0.004058918257988256
3694,4.958736450741223e-05,0.004159082821753668
3695,0.00010247650716337376,0.003935792394932066
3696,4.502820071744888e-05,0.004057041791957018
3697,0.00010466693541578327,0.003939153254398797
3698,0.00011282649841935685,0.004083319375791961
3699,7.868395769037307e-05,0.003935849898142784
3700,5.938770506569805e-05,0.0038753646010199314
3701,0.0001010310302566116,0.003904564108142233
3702,0.00010387769871158525,0.004222929589523691
3703,0.0001317216747944864,0.003869199921609834
3704,0.00010888401569294122,0.0040424803132557965
3705,0.00010595960799643459,0.003994874711199773
3706,4.714224827087795e-05,0.004039718978488305
3707,0.00012810594125767238,0.0039009716894338273
3708,6.320470662709946e-05,0.004016674618469551
3709,4.5955847963341514e-05,0.003836142411638843
3710,6.778862722664295e-05,0.0040210009828451874
3711,5.522141024509134e-05,0.003970352901873641
3712,4.658547768485732e-05,0.004002490678323638
3713,6.15958073467482e-05,0.0038260588382084773
3714,0.00010544206549335892,0.004124009970293241
3715,8.396174913893144e-05,0.003954686898431983
3716,7.02790821378585e-05,0.003976283678610802
3717,7.818070589564741e-05,0.0038370113933502924
3718,8.147795864109261e-05,0.004089903001862351
3719,7.409011474616516e-05,0.0038313232591434374
3720,6.551435678071963e-05,0.004242473283753268
3721,8.312460692347182e-05,0.004043625052156675
3722,8.295061525132041e-05,0.004084115516115714
3723,9.338700911030174e-05,0.0038902444488141596
3724,0.0001012392701037849,0.003977241730189141
3725,9.285463493142742e-05,0.004026518944205393
3726,5.463632387545658e-05,0.003931434733855472
3727,4.446681511277954e-05,0.0039709841098735385
3728,8.866359833821964e-05,0.0039314705068172195
3729,5.727673618215097e-05,0.004100585094649403
3730,8.453925038338639e-05,0.004169906136638478
3731,6.043626466028703e-05,0.0038400810174313996
3732,0.00010760540293025163,0.0040518699296819794
3733,9.480542757955845e-05,0.004062697631453611
3734,0.00010324789206303345,0.004236543179841668
3735,7.018270916887559e-05,0.004135639071015377
3736,0.00010563390193662296,0.0038698789366616274
3737,8.39527182203407e-05,0.004065977145026724
3738,8.794212141462291e-05,0.004082712853111062
3739,6.093225753526591e-05,0.004001061878475089
3740,5.78596372482328e-05,0.004087385580568817
3741,0.00010244104293330261,0.004025745486307112
3742,6.49113961723439e-05,0.004126112839375718
3743,7.945753992923225e-05,0.003943365516405054
3744,7.10861771949567e-05,0.004142466537456402
3745,3.928846684478534e-05,0.003921240400412949
3746,8.039988727735666e-05,0.003893602864017461
3747,7.02405251407375e-05,0.004147586181730501
3748,6.450642455699077e-05,0.004030931143797788
3749,6.243828599205396e-05,0.003975143654759621
3750,7.875772692689982e-05,0.004050104346494813
3751,9.950111295135382e-05,0.003912128076345961
3752,8.764035131510657e-05,0.004118082286353685
3753,6.650730041049732e-05,0.003953514279665675
3754,7.539440072529639e-05,0.004084914079848971
3755,3.903506440110505e-05,0.0038743628405298537
3756,7.670469300743813e-05,0.003968573425159474
3757,7.516519884423664e-05,0.004105463513314328
3758,8.909604418173936e-05,0.004072472859196013
3759,3.865103711480818e-05,0.003968595704027107
3760,6.0014068852372776e-05,0.004039948028383967
3761,7.143349739635596e-05,0.004052725581151587
3762,9.12146087406048e-05,0.004043006255680065
3763,9.467888303333893e-05,0.00391290929786289
3764,8.855291404567349e-05,0.004109674489022944
3765,0.00010181964874694434,0.0037564010497761935
3766,6.033347660074166e-05,0.003991777124066698
3767,7.537058687982305e-05,0.004038956019739569
3768,8.924686565781788e-05,0.0039568588414456785
3769,8.233025182562415e-05,0.004018249989562396
3770,6.977785402947726e-05,0.003992746881113981
3771,3.781614880911851e-05,0.00397644203163566
3772,7.078867262559167e-05,0.0038873004822397796
3773,4.444597822536404e-05,0.004032740400605432
3774,3.697271289032263e-05,0.003952298979329928
3775,0.00011536841714890519,0.004111745676408911
3776,0.00010761613569532831,0.003970609573825211
3777,8.799386438719617e-05,0.003941381419367179
3778,4.9594456504564734e-05,0.0038621592157571686
3779,4.2708576681131184e-05,0.004119560273509018
3780,8.795524651456314e-05,0.003997070648832115
3781,7.798278529662639e-05,0.004011865108508587
3782,0.00010489714356178107,0.003863799988427823
3783,8.863379431810851e-05,0.004008163418437493
3784,5.332483682044161e-05,0.004040294338070868
3785,9.52397092381337e-05,0.003896749988619942
3786,7.358851095583911e-05,0.003911426080038815
3787,8.616603736300021e-05,0.0038768498054668893
3788,8.182117283771125e-05,0.004091729680635402
3789,8.443350307061337e-05,0.0037592075431470092
3790,8.468407128627101e-05,0.003947924674987265
3791,0.00010095488008422156,0.004157889979950145
3792,7.870304592264196e-05,0.003949084924167301
3793,5.435861227548836e-05,0.004023900706097337
3794,0.00010616290067749408,0.0037240436874462044
3795,8.369967545149848e-05,0.004205227735100358
3796,6.617674419734006e-05,0.003989538246597068
3797,5.883192012940223e-05,0.003915777422834232
3798,7.37236989759064e-05,0.003912838952758855
3799,7.73987905025327e-05,0.0040294012406796925
3800,0.0001077222829432382,0.0041203863250080675
3801,0.00011198631412601874,0.004080183031294113
3802,0.00010172099258246211,0.003861272400501734
3803,6.224147776568619e-05,0.0042121882411086655
3804,9.459809928860826e-05,0.004014105214068197
3805,7.731553705525585e-05,0.003940456413927921
3806,0.0001212901494000107,0.004039841495989639
3807,8.354019228136167e-05,0.004064725677108788
3808,6.5865842528486e-05,0.0038490870391847346
3809,8.676590805407613e-05,0.003994753358997478
3810,0.0001007957386415607,0.004180694244596667
3811,5.2724463360694546e-05,0.004039014686416013
3812,0.00010802284426366289,0.0038281688805830876
3813,6.411537312184616e-05,0.00392875703478848
3814,9.587090219914292e-05,0.003952605742182011
3815,4.072845901343195e-05,0.004012293891805246
3816,9.885334099332491e-05,0.003792838976987982
3817,6.073118323305001e-05,0.0040830453600199145
3818,7.995349224074744e-05,0.004021374833234769
3819,8.575439751439262e-05,0.004077056049063113
3820,9.681188603281044e-05,0.003976738425045032
3821,3.779589751502499e-05,0.004053266253093199
3822,7.410080700841112e-05,0.0037851170178385468
3823,4.6687815605158296e-05,0.004172644143883784
3824,0.00010514495540216254,0.003973744807335893
3825,6.1015847738114344e-05,0.003956109935034609
3826,8.309140078684625e-05,0.003963258567973825
3827,8.128497623450433e-05,0.0038463767752231017
3828,7.887047055798272e-05,0.003966705261282329
3829,3.745058553856021e-05,0.003772233808999808
3830,7.162288554051581e-05,0.0038740195901826114
3831,5.555003954214044e-05,0.003886976731229779
3832,0.00010492649841277549,0.003982812200359428
3833,9.833218233931499e-05,0.0037300263570005615
3834,5.8053690493882945e-05,0.003937437727966705
3835,9.200740411567192e-05,0.0037239069620048347
3836,9.318968235068799e-05,0.004069017413999027
3837,0.0001186181150842458,0.0036856945847916437
3838,7.079356655594892e-05,0.003903282025973789
3839,5.8643825711139166e-05,0.003942793307140265
3840,4.1432220556695634e-05,0.0038413127946601375
3841,8.145659667206928e-05,0.0038569539466388816
3842,6.817201234904739e-05,0.003915104039717378
3843,7.556954321141044e-05,0.0038274845381553366
3844,4.6289738141543545e-05,0.003940924315522682
3845,7.698181749825987e-05,0.003966035590164261
3846,0.00011927453985360141,0.004101711818508393
3847,9.087297851995875e-05,0.0040011116510667785
3848,0.00010716009031360348,0.003728492073183073
3849,7.94028923943794e-05,0.004001430090054811
3850,5.941354611422866e-05,0.003883813316273818
3851,7.62118209725789e-05,0.0038001184492907304
3852,8.430422409825648e-05,0.004151563868467424
3853,6.063223287734824e-05,0.003811583740592707
3854,0.0001096819401330625,0.004023575808808912
3855,9.200162409494321e-05,0.0039044522449344864
3856,8.929002021128933e-05,0.003949821832237809
3857,0.00011924805245750273,0.004222627256182939
3858,9.845101424919752e-05,0.003836016708528476
3859,7.872821758307207e-05,0.0039657705610592325
3860,5.191063864913303e-05,0.0037671417799066955
3861,6.440200158976949e-05,0.003943184054480484
3862,8.498153268495419e-05,0.0038951408190425396
3863,5.832305614603683e-05,0.0038657093083295296
3864,0.00010338042096312469,0.0037904899396867617
3865,7.724257241837525e-05,0.003916933409334343
3866,7.547567365691066e-05,0.0036188746565553234
3867,7.397332428809023e-05,0.0038269965207721217
3868,4.641222840291448e-05,0.0038273082046923557
3869,9.646910948504228e-05,0.003962453804208024
3870,7.556649422137222e-05,0.004118582629782009
3871,8.890902026905678e-05,0.0037379703584391123
3872,8.778644654133435e-05,0.0041622040283638894
3873,7.421325159763607e-05,0.0035963267762595275
3874,6.380576172280902e-05,0.0038917209315077056
3875,8.71055022192498e-05,0.003664651352134863
3876,9.13085858580113e-05,0.004079239671650218
3877,7.896007785651212e-05,0.0037877185661602383
3878,9.12463304606111e-05,0.0037281099490557366
3879,5.17380724583442e-05,0.0038779536275904422
3880,7.21772497248215e-05,0.00377336423271189
3881,6.0974693769821894e-05,0.0038565523188201873
3882,0.00010367285794927738,0.0037504242619455564
3883,9.298389437996472e-05,0.003922776359877747
3884,7.506065085181036e-05,0.0037826381368914574
3885,9.096306481903109e-05,0.003784968917382749
3886,5.521189001835107e-05,0.00392449218284808
3887,6.975022445961561e-05,0.003880925799443159
3888,5.53181487096784e-05,0.0037990826201317173
3889,5.511918401073975e-05,0.003751874179487652
3890,7.976428502540026e-05,0.0038470521754416544
3891,6.55815323019245e-05,0.0038122211566458887
3892,6.782561455717465e-05,0.0036871699500814316
3893,7.045010897854809e-05,0.0038681621225569104
3894,4.3078836218531556e-05,0.003683966053301454
3895,6.65412542730337e-05,0.003823638560001071
3896,5.4236098852319024e-05,0.0037646646479394022
3897,6.0396413997902226e-05,0.00385669247278445
3898,7.4887964243923e-05,0.0036457612983127104
3899,9.327991477524241e-05,0.0037720844554751526
3900,7.208991761823806e-05,0.0038069397317406933
3901,8.342575626253771e-05,0.0037928757048761984
3902,8.972628032400583e-05,0.0040242701620376835
3903,6.693899558740668e-05,0.003836065657275516
3904,7.303165693883784e-05,0.003839812518324791
3905,0.00010253845369637324,0.003986206151339717
3906,5.964433148619719e-05,0.003913496556787158
3907,7.239012920763343e-05,0.003800511070505137
3908,8.079414971386237e-05,0.004056891851772474
3909,8.213551918743179e-05,0.003763164149314957
3910,9.677797340070052e-05,0.0038512863226117583
3911,8.8229564911065e-05,0.003913551565318361
3912,7.657602084994626e-05,0.0037201271258573247
3913,0.00010341258251476878,0.0038611847404518905
3914,6.639262185975288e-05,0.0038416795909228755
3915,6.527867529560656e-05,0.004052184274654806
3916,0.00010784554251586087,0.003788368058698912
3917,5.2001421136083084e-05,0.00403774471831596
3918,0.00011158369185674626,0.00395340805251782
3919,6.305462387293423e-05,0.003749841527177358
3920,0.0001048280665903197,0.003918348149741142
3921,9.050848517896762e-05,0.003859290884309045
3922,0.00010000424760316188,0.003908619875643828
3923,5.4473094739175094e-05,0.003968948516701385
3924,0.00012379284453345463,0.0037243327934397604
3925,0.00010094501776620745,0.0038836076828159803
3926,8.342371002072469e-05,0.00385085771439641
3927,8.465417122351936e-05,0.003910967761166687
3928,8.356712945290686e-05,0.0037609998965874225
3929,0.00010604900598991663,0.003946690727575264
3930,0.00010496848941935848,0.004147522010305148
3931,6.516680320297988e-05,0.0037091923048023106
3932,9.865520817887348e-05,0.0040941967836977166
3933,9.025761780018608e-05,0.003868988429573841
3934,5.644803677569143e-05,0.003958091637079318
3935,7.477651937127424e-05,0.003692768268492513
3936,7.984647018020042e-05,0.003972360318871288
3937,0.00010030260333830181,0.0037501959983116443
3938,8.497501864136817e-05,0.003874764238726201
3939,7.573047745002744e-05,0.003955170683614088
3940,0.00010290708063015093,0.003953455544240024
3941,7.317901739346174e-05,0.003715487133333914
3942,0.00010202409272703032,0.003963531856150109
3943,6.098684971220791e-05,0.003711824187336079
3944,8.116166148586975e-05,0.0038323647472787445
3945,7.570672290360866e-05,0.0038645166785027246
3946,7.613198128334868e-05,0.003829220846555687
3947,7.508864946430549e-05,0.003639092502059547
3948,0.00010122713113863332,0.0038963575301119895
3949,8.529202508119245e-05,0.0038524898269587733
3950,7.225788770786797e-05,0.003824774867957678
3951,6.74750897208772e-05,0.0037436293947737754
3952,6.113124206118907e-05,0.003894611613780964
3953,9.886543703032657e-05,0.003759679315322057
3954,9.272104337772664e-05,0.003694014872174974
3955,8.90625849327383e-05,0.0040255519430846065
3956,0.00013248550130811053,0.0035631729610260633
3957,0.00012082136624182264,0.004046540118398247
3958,7.731550019040394e-05,0.0037172947103692967
3959,9.536115309553377e-05,0.003964714994690726
3960,7.366530808212701e-05,0.003701517164549519
3961,0.00010157460613603083,0.0038054692320613646
3962,0.00010732246446423232,0.003937911922176273
3963,9.779847581133556e-05,0.0037280831066158226
3964,8.0358962683628e-05,0.003848154507082425
3965,0.00010379861778346822,0.003868896262555229
3966,8.782930356877235e-05,0.0037169726382149017
3967,5.4260940184273444e-05,0.003854756642272329
3968,6.822821269452106e-05,0.0038834408724929873
3969,5.925455019072008e-05,0.003694674313182055
3970,0.00011250724467875746,0.003915453637220464
3971,5.53935472756469e-05,0.0038819082755518447
3972,4.517305448340873e-05,0.003647575142067366
3973,6.637716905970592e-05,0.003911042686801139
3974,7.329291202040622e-05,0.0037820861930592266
3975,7.171879903277538e-05,0.0037706387501968966
3976,7.025540793013837e-05,0.0038491956977628346
3977,9.318054799223319e-05,0.0037007888815252066
3978,9.478423229059748e-05,0.003974157401111241
3979,0.00010739093583348829,0.003704980814162143
3980,5.090656619965254e-05,0.0037817838258021987
3981,6.90054418858684e-05,0.0036594455728974694
3982,5.569396950401521e-05,0.004023728620418619
3983,9.318525917478837e-05,0.003610408797999477
3984,0.00011917521139063562,0.0038676428916592765
3985,0.00010691958013921976,0.003633228849296964
3986,5.3097867294127354e-05,0.0038457304660018212
3987,7.311769877560437e-05,0.0037651203153838265
3988,6.870709500314357e-05,0.0037886647417716035
3989,7.411688760233422e-05,0.003904411190887913
3990,6.660969556833151e-05,0.0036670064377620462
3991,6.231301498094884e-05,0.004000482555959139
3992,0.00010095586282356331,0.003933017894920827
3993,9.061018281499855e-05,0.0037922706408242833
3994,6.161555756989401e-05,0.003911969038349848
3995,7.799837961404894e-05,0.003745921995851952
3996,8.322276941422994e-05,0.0039522993409507505
3997,0.00011404053899847592,0.0035682473007193584
3998,0.00014222269965102896,0.0042743666379851854
3999,0.00010022104737193634,0.0035366128816628666
4000,9.304260796246429e-05,0.003955074211520209
4001,0.00014227997647443165,0.0036210636262264924
4002,6.198106772596172e-05,0.0041253936369756725
4003,7.668929902138188e-05,0.00378875873293581
4004,7.306747284019366e-05,0.003916664060258387
4005,6.210510424959163e-05,0.0038905536747211224
4006,8.376551149922307e-05,0.003849462238892062
4007,8.206058021945259e-05,0.004018308458241128
4008,9.226592131502305e-05,0.00374628950137733
4009,7.89582480744381e-05,0.003897370143122531
4010,6.377352365234401e-05,0.0036375873216141865
4011,9.741047955079315e-05,0.003936420794756071
4012,8.253770799152942e-05,0.003876391743945955
4013,7.864117651479319e-05,0.0039502476872766284
4014,7.693317578135368e-05,0.00380542671663584
4015,4.669166955864057e-05,0.003928377647337863
4016,4.260367216678181e-05,0.0038247157250784016
4017,5.1416170026641336e-05,0.00392858786476358
4018,9.759548690150648e-05,0.0038248298719056007
4019,9.712370665511116e-05,0.004039972815680955
4020,4.84678108477965e-05,0.00383174680237563
4021,0.00011118552332239536,0.003798802110997183
4022,4.919216911124143e-05,0.0040239892424703905
4023,6.233174087052854e-05,0.003839943838474436
4024,0.00010438744405594965,0.003941191482040518
4025,5.3099560803578544e-05,0.0037122685196406143
4026,5.404597516947736e-05,0.0037508795489777083
4027,5.352275523667534e-05,0.0037806707770768992
4028,8.568693034855338e-05,0.003952288528075661
4029,7.44485315711548e-05,0.0039044689340333593
4030,6.869184520231404e-05,0.003567669869723224
4031,5.681629966905651e-05,0.0038253559483908206
4032,9.154888830380515e-05,0.003821539696247324
4033,9.51818825948673e-05,0.0038907520425337273
4034,0.0001461280058720149,0.003792341241217035
4035,0.0001077581342542544,0.0038361408262821573
4036,0.00015093297018514324,0.004021133159609937
4037,0.000144431805529166,0.003733144500604501
4038,7.60623071982991e-05,0.003742148058844628
4039,6.740780033093567e-05,0.0038107637280238955
4040,6.760185206076131e-05,0.003740082771744667
4041,4.9132372320552044e-05,0.003824141430191872
4042,3.718418641559159e-05,0.003616543611837918
4043,7.844522503243448e-05,0.0038115899559792396
4044,5.3323507502985496e-05,0.0039038718254103756
4045,9.080657279506947e-05,0.0037528992177713223
4046,7.80066620791331e-05,0.003870658648904325
4047,4.5603495042693494e-05,0.0038065624402241973
4048,8.399306292024751e-05,0.0037362105151231392
4049,4.5070194028085096e-05,0.0038566527698889346
4050,9.113352910693114e-05,0.003924478561797099
4051,5.732465554804852e-05,0.0038829928009191483
4052,0.0001018664018677858,0.00401345104268774
4053,8.56743909632011e-05,0.003917709103415126
4054,9.491161933207574e-05,0.0038239896511952356
4055,4.789031178612883e-05,0.0038200073213661163
4056,8.01302909773464e-05,0.003837147919189801
4057,7.446814803794648e-05,0.0038593426813356814
4058,9.646050433123795e-05,0.0038446104726900794
4059,6.2455522614376e-05,0.00374863909852625
4060,7.151079432029897e-05,0.0038511075609268283
4061,9.169911063509062e-05,0.003688424846293097
4062,9.981131152017041e-05,0.0038593614313065802
4063,7.075002577039413e-05,0.0038049936848674262
4064,7.973238389240578e-05,0.0038096080396661726
4065,5.177541255155423e-05,0.003756931274359327
4066,8.448071821476333e-05,0.0038436085879931035
4067,8.3901732917487e-05,0.003776161425460981
4068,7.292556244162066e-05,0.0039078023524837585
4069,4.75055329540434e-05,0.0036231449522870027
4070,0.0001007534790308758,0.003930121995728668
4071,5.3952837091249725e-05,0.0038615870857831294
4072,8.388031104307932e-05,0.0037946233876034853
4073,8.608421242873495e-05,0.0038678579238210402
4074,7.67752512426038e-05,0.0038359965579070916
4075,7.58927451291432e-05,0.003949837232289073
4076,8.159165766604322e-05,0.003892766581490768
4077,3.895870225581651e-05,0.0039043785329526803
4078,7.076004767441191e-05,0.003741841296680037
4079,6.505169518883728e-05,0.0038877562179750816
4080,6.29293842697128e-05,0.003781652269613614
4081,7.237079807964619e-05,0.0038579055887287645
4082,9.947565837743847e-05,0.00373746521494124
4083,0.00010335828774259426,0.003974106068370908
4084,6.0863952118476545e-05,0.0037401563746444003
4085,6.592153367819264e-05,0.0038261862144453496
4086,6.81233118181505e-05,0.0037300944132143705
4087,4.599065929748273e-05,0.003769280689156167
4088,5.994976478784035e-05,0.003707295665920778
4089,9.262766737568502e-05,0.004047265638391979
4090,8.807361955405213e-05,0.003841373619144988
4091,7.032304977959333e-05,0.003690592328629156
4092,0.00010057420513476245,0.003735024694676005
4093,6.97979320345136e-05,0.004041248590338931
4094,9.31454017215098e-05,0.004067142209859462
4095,6.004081127078583e-05,0.003900432169958069
4096,4.735919428640045e-05,0.0038359500151530905
4097,0.00010908509696794984,0.0037275004795547136
4098,7.857557235790106e-05,0.003932635693794381
4099,7.34857074348838e-05,0.003713630338512933
4100,4.905137223734831e-05,0.003866291027442794
4101,8.753367255849298e-05,0.0037897796359547507
4102,8.973657434883838e-05,0.004015055500882069
4103,4.130008625603902e-05,0.003783704058952835
4104,0.00010523969613132066,0.003807287044707671
4105,9.120049799093977e-05,0.003907092348039957
4106,7.391438193735667e-05,0.003759428954089251
4107,0.00011589107586284323,0.004024269228881797
4108,0.00013494821566079434,0.003842081800130687
4109,5.7177592134394216e-05,0.003939161687405545
4110,8.334342419402674e-05,0.0037902575916625323
4111,7.630804587582437e-05,0.0037403217229009496
4112,8.606768193809936e-05,0.004067879872108758
4113,0.0001165715565245288,0.0037721200226476107
4114,9.876588943977064e-05,0.0038429724169880388
4115,0.0001331051959520361,0.004012616931260967
4116,6.480942514220563e-05,0.0037722511622160088
4117,7.005464770675947e-05,0.003946324266350322
4118,5.469559788859139e-05,0.003961990083252469
4119,8.357930316075605e-05,0.003949818937896245
4120,6.116846707300283e-05,0.0038933111331792268
4121,7.197349235260238e-05,0.003935653564619179
4122,7.524424412016135e-05,0.0038551455659252836
4123,4.154955956134169e-05,0.003810989236877131
4124,7.553057609281193e-05,0.0038605846116762962
4125,5.817973118003768e-05,0.004006495996741358
4126,4.394606294226833e-05,0.003754737097164983
4127,0.000106305796361994,0.003767539705809822
4128,6.621185633169565e-05,0.0040627028529557924
4129,7.745792415031853e-05,0.003787997935891269
4130,7.992980875618136e-05,0.0039585234132580695
4131,3.802506956465853e-05,0.0037894208725783828
4132,7.609045060235076e-05,0.003826189126203379
4133,6.743716257915367e-05,0.004075040210287754
4134,8.326408982005281e-05,0.0039017825008380983
4135,4.5389755784223476e-05,0.003846246527331903
4136,8.434574525987652e-05,0.0037789775890950845
4137,0.0001211971704227229,0.003931739453710322
4138,7.190568964385116e-05,0.003855294793638892
4139,4.2570201427831006e-05,0.003712061285701265
4140,4.832563196638754e-05,0.003859789920127474
4141,7.683267370642474e-05,0.0038908385272013154
4142,7.153477830191453e-05,0.0038867414572393505
4143,4.2593174778933944e-05,0.0037034787943469377
4144,7.046965256449767e-05,0.0038182653796558423
4145,7.596221621497534e-05,0.003822707718670896
4146,0.00010105548414382307,0.0038165323496759523
4147,3.645677340197532e-05,0.0038679110937693164
4148,4.242536754948863e-05,0.003805103404245772
4149,6.6025029324616e-05,0.0038626431893120984
4150,6.312394349758202e-05,0.0038065914688888555
4151,8.971019997261465e-05,0.0037313343042243772
4152,6.756396178388968e-05,0.003935800360673379
4153,5.586534995624485e-05,0.0037975290993697884
4154,6.387705216184258e-05,0.003659792932843071
4155,9.944883058778941e-05,0.004016867363972105
4156,0.00011793912757032862,0.003950269373067779
4157,7.325736393492359e-05,0.003769369824334803
4158,0.00011175047451009354,0.0038724577129547167
4159,8.770734542243494e-05,0.00376135661307077
4160,9.79388341268835e-05,0.003754715778036263
4161,0.00010389575618319213,0.004064315393765083
4162,9.729250111073876e-05,0.003560456613218045
4163,9.403370107368877e-05,0.00417847584889043
4164,9.160211266134866e-05,0.003928512178304583
4165,7.985669387077602e-05,0.003921574879965679
4166,8.941481670869204e-05,0.003959536920466614
4167,5.265960838490476e-05,0.0038660841409160983
4168,6.508861479233019e-05,0.0038192713840343936
4169,8.543414490607878e-05,0.004119218181815057
4170,0.00012688944310260315,0.003281829289278001
4171,0.00023502115509472788,0.004065999252021342
4172,0.00012210127315483987,0.0035700321433090377
4173,0.00013067291026042465,0.0040093781282175625
4174,0.00010262828266907794,0.004130412627370867
4175,3.789957772823982e-05,0.0037055811308522335
4176,5.8424312252706535e-05,0.0036501936893176845
4177,6.510643897854607e-05,0.0039269500205799295
4178,6.849958226666786e-05,0.0038049773972639155
4179,4.843772379293417e-05,0.0037186355339216552
4180,7.90921893591682e-05,0.0038409249599946032
4181,5.255827357662686e-05,0.003666311289792455
4182,0.00010319007730383115,0.003891526689793269
4183,4.6240073546262767e-05,0.0037768516862786952
4184,7.845809620145398e-05,0.003840189864382324
4185,0.00010602541054443767,0.003929669265708644
4186,9.420986292146457e-05,0.003906580724241946
4187,7.72179742246711e-05,0.0037740826845997725
4188,7.091226531580711e-05,0.0037973067671881887
4189,6.37786111231738e-05,0.0039837631629779935
4190,6.477919220439313e-05,0.0038196045165610182
4191,5.708892955832804e-05,0.003724473972225518
4192,3.252363057981711e-05,0.0037191247156872524
4193,7.086888751170287e-05,0.0036939914115084937
4194,0.0001422130085605507,0.004002392679768226
4195,0.00010403305932413787,0.003853644657784736
4196,8.631655364297331e-05,0.003881923050443664
4197,5.2685345144709574e-05,0.003792641713975115
4198,3.8236644710802164e-05,0.00380781041064087
4199,9.125601269867426e-05,0.0037437066170900295
4200,7.533303069067188e-05,0.003891868744362659
4201,0.0001018313846240441,0.003619082745047301
4202,4.4363318496228504e-05,0.0038325708108774468
4203,5.74809848330915e-05,0.003730410416647205
4204,8.13980179373175e-05,0.003856196268058316
4205,8.030925819184631e-05,0.003685389089216588
4206,8.035358090031271e-05,0.0036182739097243687
4207,6.668922918227812e-05,0.0037743493128113274
4208,9.531171187215174e-05,0.003744723763652366
4209,8.009347147890367e-05,0.003796016611342179
4210,3.737776302538502e-05,0.0036631017477860247
4211,8.138467649890421e-05,0.0038362992361396933
4212,6.22439857882758e-05,0.003745504586194737
4213,3.943022226546115e-05,0.0037679511102239097
4214,3.3153842438575035e-05,0.003701971696715391
4215,6.61714083738237e-05,0.0037305847059671336
4216,6.852240324709177e-05,0.0037519050483393857
4217,7.986817678708272e-05,0.0037970337031343147
4218,8.500286833926415e-05,0.0037144237274934692
4219,6.078871695838946e-05,0.003829851472020648
4220,9.009472548010914e-05,0.0037817008998226667
4221,7.116034248610958e-05,0.0038027622082498014
4222,4.008760333817918e-05,0.0037040358833697307
4223,8.270856269518845e-05,0.003910710818801574
4224,5.083326759631745e-05,0.003837019778232596
4225,6.523556633813617e-05,0.0038048739301675093
4226,3.518916297859202e-05,0.0037554588448897915
4227,8.279142275569029e-05,0.0038456640235610363
4228,9.568796873888156e-05,0.0038972712052238036
4229,9.205837801952536e-05,0.00368773882959302
4230,8.716856464161538e-05,0.00381484347731095
4231,9.002467510678495e-05,0.0037240577184716166
4232,8.690076235022086e-05,0.0037637202382659702
4233,7.904180868839224e-05,0.0038603861453231627
4234,8.272637884753446e-05,0.0037596662479313456
4235,4.5538019427719216e-05,0.0037326906100978827
4236,9.720814268803224e-05,0.0037388423582406963
4237,8.197939120388279e-05,0.0038624160027490766
4238,7.635343572474085e-05,0.003668868677749291
4239,0.00010825301384708534,0.003964624330988081
4240,4.978518263669685e-05,0.0037081695613671297
4241,6.839650207742427e-05,0.0037664507002859397
4242,8.446903666481376e-05,0.0037717742641001765
4243,4.465072779566981e-05,0.0037656616195889674
4244,4.5614680614865696e-05,0.0037705359061974593
4245,8.730404248732762e-05,0.0037514995510862246
4246,6.847194526926614e-05,0.0037882570424813806
4247,8.92220342696722e-05,0.003639596132158236
4248,5.719665023207199e-05,0.0038863749437650125
4249,5.85475752207761e-05,0.0036786529434914518
4250,7.44903364344888e-05,0.003843041663479764
4251,9.475955545591811e-05,0.0036959260075140423
4252,8.252422558143734e-05,0.003829930526044909
4253,8.648434438024803e-05,0.003651624141667977
4254,7.49568234217198e-05,0.0038005198603202625
4255,6.937771540833637e-05,0.003686538676540624
4256,7.235781473961349e-05,0.0037821307792108303
4257,7.772018989271601e-05,0.0036240559257841925
4258,7.34939373311742e-05,0.0038210457313703153
4259,4.572438532098507e-05,0.0037215845718957838
4260,9.55896481173113e-05,0.0037832921011076402
4261,9.472692800045479e-05,0.0037467067579529797
4262,9.629122456923748e-05,0.0038669607579143437
4263,9.73679251425589e-05,0.003768391133328225
4264,0.00010496412014617817,0.003900251866457617
4265,0.00014951928848555934,0.0036615195020017633
4266,0.00010341641900595278,0.003923068252047451
4267,8.13441399562483e-05,0.0035799058657469537
4268,9.924286471990248e-05,0.0037444721958709982
4269,9.872576605024127e-05,0.003849975986582205
4270,7.658349325841603e-05,0.0037939879281527005
4271,4.213702656367483e-05,0.0036154994447752248
4272,9.531929420821446e-05,0.003757049547743023
4273,6.887257901932268e-05,0.003832568302218927
4274,4.068054246696799e-05,0.0037915715503169032
4275,8.351979631697759e-05,0.0036695132409699086
4276,8.685601181544674e-05,0.0037569213992234055
4277,7.218635631337142e-05,0.0039049870197983886
4278,6.194953845503429e-05,0.0036092814613559
4279,9.155019991643105e-05,0.0037982926853404445
4280,0.00010491764211716751,0.0037233028572335046
4281,9.717579378047958e-05,0.003909166450850578
4282,6.476861938911801e-05,0.003652513777015833
4283,4.762900031588894e-05,0.003588620801529605
4284,0.00010389209625524623,0.003718398635616658
4285,9.448417573973225e-05,0.003943134949443583
4286,0.00011410887479238833,0.0037591724379692137
4287,5.337104230420664e-05,0.0036813190635880382
4288,6.524509420463195e-05,0.0035125017532800125
4289,7.464010607994472e-05,0.004017660296457915
4290,9.778484624500076e-05,0.0033778180487409938
4291,0.00017421525650812935,0.004218854248435713
4292,0.00016157748468685894,0.0033062493270923066
4293,0.0001303325431460204,0.0038025110628177212
4294,0.00011038945643425299,0.003672368066178224
4295,8.829805058970426e-05,0.0038576554782013958
4296,0.00011198812959870945,0.0035615448315635206
4297,6.073253292318744e-05,0.0038046713876739645
4298,8.673579395690467e-05,0.003519306605586445
4299,0.0001223463397764135,0.003917072905597871
4300,7.163624231907307e-05,0.003702691751605589
4301,7.787667952167492e-05,0.0037744753988547706
4302,5.7195258462646356e-05,0.0036299849501040976
4303,7.582896820773991e-05,0.003699380972956153
4304,9.554614225635306e-05,0.0038954379395893446
4305,9.255476519077395e-05,0.003757359762951057
4306,6.369514994730707e-05,0.0036748752307777448
4307,4.724733911037523e-05,0.0036565657777484417
4308,9.337352576039848e-05,0.0037525379150284556
4309,9.358128542468573e-05,0.0037574435457748572
4310,7.936340407468378e-05,0.003746133207849513
4311,8.24971437396016e-05,0.0037836122315552997
4312,4.480884393463687e-05,0.0035798531465643033
4313,9.753806649920686e-05,0.0037551431487659066
4314,5.316761914097394e-05,0.003917121746408658
4315,8.895990285964216e-05,0.003803550733682355
4316,5.433211445051711e-05,0.0037388105255250974
4317,6.770167832049386e-05,0.003799171605895413
4318,0.00010193713278567884,0.0037174297241846055
4319,8.622506769218792e-05,0.0037967280977896935
4320,4.9195635074283925e-05,0.0036910534960100444
4321,7.445523369824514e-05,0.0036164666315188676
4322,8.062904647279842e-05,0.003857940260328235
4323,0.00010729919304139913,0.003847936610141256
4324,4.2288781211633854e-05,0.0036477546471603743
4325,0.00011410639453970361,0.0036994063040593594
4326,6.765560174244456e-05,0.0038288158087763846
4327,7.4730576792111e-05,0.00380370160381449
4328,7.019709786012147e-05,0.0037085879580337757
4329,3.575556596236614e-05,0.0037817020096640123
4330,8.531239363946952e-05,0.0037097421879916798
4331,5.987664056495608e-05,0.003648620914882342
4332,5.341745733555096e-05,0.003728545083862355
4333,7.315435505006462e-05,0.0036855877728172114
4334,5.948182127516096e-05,0.0036756539722816563
4335,6.94327311066445e-05,0.0037221313858914417
4336,9.161038560705493e-05,0.0036786937165829373
4337,6.540964647380557e-05,0.0037209062395236036
4338,8.847933325644893e-05,0.0037394264542431697
4339,6.92580767160204e-05,0.0037805884359239446
4340,6.452620194371168e-05,0.0036165882724678274
4341,9.200150646696178e-05,0.003607783203497236
4342,7.798531708734421e-05,0.003950889877503826
4343,0.00010411609558407993,0.0035521287175892726
4344,5.578458343128053e-05,0.0038314320295535793
4345,8.13944967376301e-05,0.003668293124293967
4346,7.67883590015117e-05,0.0037391467164747242
4347,8.778290042149214e-05,0.0038463846380697693
4348,0.0001142268145486014,0.003977239832252733
4349,0.00012668620577945452,0.0035358445671218354
4350,7.860550285840873e-05,0.003621057792398052
4351,0.00011381661776492062,0.0038679510776199197
4352,0.00012301836298623433,0.003746528242161043
4353,7.83921631712777e-05,0.003967950193900761
4354,9.110853522239873e-05,0.003609494312563691
4355,4.872350770407744e-05,0.0038504141523121437
4356,4.828141585070019e-05,0.0035976588132050564
4357,7.134435387949149e-05,0.0035869620041921735
4358,6.9082346696329e-05,0.0036821896975720667
4359,5.073633462113018e-05,0.0035990379314400313
4360,7.651382014349414e-05,0.0036356161993847586
4361,7.836266607531191e-05,0.003676258796169679
4362,7.66708707184686e-05,0.0037238083378316497
4363,7.029839252936654e-05,0.003686081294032679
4364,3.80821707949508e-05,0.0037292387988693337
4365,7.525060476230768e-05,0.003620310265554379
4366,9.559924874338321e-05,0.0036969711036076696
4367,0.00011482854412558178,0.0038421513543896906
4368,8.17860874424999e-05,0.0035533678431914546
4369,8.306540985358879e-05,0.0037129821565632863
4370,7.718846512337526e-05,0.003677851677456079
4371,9.748046716898292e-05,0.0035756173063304247
4372,4.937808165171494e-05,0.0038302672433842885
4373,0.00010258345513041907,0.003628210505373468
4374,4.399838811271669e-05,0.0035471881544547465
4375,5.552068178076297e-05,0.0035728791666283146
4376,4.6446795749943703e-05,0.0037902604218381713
4377,7.205202685630259e-05,0.0036789648391592398
4378,5.70705740149909e-05,0.003619304029032676
4379,7.95621865108842e-05,0.0035275234098318875
4380,0.00010435113314694414,0.003891506846480834
4381,5.081309245724697e-05,0.003630319466323071
4382,7.899439248528021e-05,0.003577348981492632
4383,9.556342023036753e-05,0.003797612414469825
4384,8.443409193811627e-05,0.0036365142693435114
4385,5.676343304609569e-05,0.0038500742498220595
4386,3.588097279134672e-05,0.003675558433801992
4387,9.522345377869594e-05,0.0037429530458161827
4388,9.59907275197717e-05,0.00377575408779158
4389,7.384765728299195e-05,0.0036579492500997844
4390,7.486174242027725e-05,0.0036592837248921512
4391,7.440763353467143e-05,0.0035705189367272253
4392,9.186166559326618e-05,0.003794604062660062
4393,7.705779444222571e-05,0.0038312532252441417
4394,6.676049318533235e-05,0.0035777314656366428
4395,6.393159013290036e-05,0.0036125307165702264
4396,6.110857696815705e-05,0.0037031100346068815
4397,6.904786011242928e-05,0.0037006644502751472
4398,0.00010485840587837932,0.003630812139173339
4399,8.33659162405335e-05,0.0035971788740826872
4400,6.773523000447312e-05,0.0037677797253287625
4401,6.98090990529939e-05,0.0035435115193442157
4402,0.00010851953920791857,0.003682484761371798
4403,9.505907898225512e-05,0.0036869308165105898
4404,0.00010133382941906651,0.0034867929971655904
4405,0.0001358277993858792,0.003831832225555481
4406,8.921806171808081e-05,0.003729769895421561
4407,4.934796743327752e-05,0.003616892556681877
4408,8.174200387050708e-05,0.003702426603335271
4409,4.3103823433436146e-05,0.0035640041402992097
4410,0.00010802384786074981,0.003789664511284681
4411,0.00011504513677209615,0.0037546930635278296
4412,6.985292032671472e-05,0.0036399538544424643
4413,7.948630621588867e-05,0.0035865112312328746
4414,5.909342386682207e-05,0.00363493435209485
4415,0.0001044263214377376,0.0038273478372345174
4416,4.663931104005314e-05,0.003654576354480429
4417,7.687357216733896e-05,0.003569441109595043
4418,9.786546506802551e-05,0.0038352353073469563
4419,0.00011559694685274735,0.0034901166103750935
4420,0.00013570123022266974,0.0038710026671801966
4421,0.0001492315169646948,0.0033333044949236993
4422,0.00012568392169972262,0.004392446835496001
4423,0.00013698563307116274,0.0036086124522926827
4424,7.543803124766176e-05,0.0035956547445228954
4425,4.775832943172039e-05,0.0035393065983781546
4426,4.670696277268386e-05,0.0036145159282618914
4427,4.21621047280496e-05,0.003784299291409992
4428,8.254474062899439e-05,0.0036356139659522264
4429,9.316957269523603e-05,0.0036619741728118674
4430,0.00010719126730691641,0.0039044932084612723
4431,9.397588097878421e-05,0.003616964641599146
4432,0.00010025354398142856,0.003658691881312512
4433,5.5570340191479775e-05,0.003603237887796777
4434,7.723179296590388e-05,0.0037116823827033846
4435,7.30493954809693e-05,0.0036832589656572907
4436,8.694997159182094e-05,0.003611225721208144
4437,8.520066961258029e-05,0.0037815337585868298
4438,6.895879778312519e-05,0.003591599970447325
4439,6.228739706178506e-05,0.0035855388206954106
4440,5.4936306817883936e-05,0.00354854301430329
4441,4.3650427445148426e-05,0.0036295007645724504
4442,2.9807011560478714e-05,0.003446166866502952
4443,0.00010308895022414314,0.0037048568084696674
4444,0.00010214941818655158,0.0036370352434918402
4445,8.634059183047309e-05,0.0037220650880531534
4446,9.589250645755479e-05,0.003449153562083723
4447,8.589108983869664e-05,0.003578896780028998
4448,9.654176465119235e-05,0.0037841699640706592
4449,7.096738651550065e-05,0.003546032400097786
4450,4.249033760667468e-05,0.0036063435126286675
4451,5.930850323541866e-05,0.0036262812786808925
4452,8.57159161872308e-05,0.0038355531085715227
4453,6.59043379224992e-05,0.003566328856423057
4454,5.645885685225949e-05,0.0036551375987052214
4455,9.314114722656087e-05,0.0037801096630172702
4456,0.00010272280220912459,0.0038435647922282026
4457,9.611184456540893e-05,0.0036265396986956025
4458,8.409528503155646e-05,0.0037947377970526507
4459,0.0001182937373717626,0.0036316677262478573
4460,0.0001178847897487382,0.003601167425256604
4461,7.796949454738447e-05,0.0036102515364828426
4462,8.817033522063866e-05,0.003859330785431437
4463,7.983494142536074e-05,0.0035723977672728145
4464,9.563129048425859e-05,0.003853866597179206
4465,8.209352866591264e-05,0.003595726615859298
4466,6.73447912655926e-05,0.0035995350037811426
4467,6.685189606893497e-05,0.0036578627718487884
4468,8.661783213028684e-05,0.0037285667288623103
4469,5.7773458684096114e-05,0.0035976322384287172
4470,8.828738961407604e-05,0.0037430869963104418
4471,8.346570733313759e-05,0.0036041045728264247
4472,6.033648229883208e-05,0.0036069393464122114
4473,9.508437312130505e-05,0.0037286179410623696
4474,5.423900317206668e-05,0.0037282121523125756
4475,7.252783519409908e-05,0.0035885460638096483
4476,6.83719823427964e-05,0.0035942772020197172
4477,5.2531808372198914e-05,0.0036226965894456953
4478,9.36389517543527e-05,0.0034983838930374056
4479,6.353291537379846e-05,0.0036492749235563448
4480,8.453390667758261e-05,0.0035955193874198854
4481,5.430597278367107e-05,0.0035552090122346128
4482,4.307056612257535e-05,0.0037033334479843246
4483,5.193022734601982e-05,0.003539477408071613
4484,6.916005580327085e-05,0.0037035538148552944
4485,7.535983871396942e-05,0.0035299385662234616
4486,9.882295659432808e-05,0.0036225155762242755
4487,8.94509090964372e-05,0.003560892420964807
4488,8.800979109461575e-05,0.003749835936491942
4489,7.950511596087987e-05,0.0034445280440181026
4490,9.816105690939973e-05,0.0036462221464681195
4491,8.183428532599161e-05,0.003454230945762687
4492,0.00012553539272630587,0.003534933717831544
4493,4.7104669041194334e-05,0.003545175368831618
4494,9.761718926408018e-05,0.0036187390943505163
4495,8.7578969275152e-05,0.0037088004714538026
4496,6.707336360705085e-05,0.003649832446157463
4497,6.597419414902105e-05,0.0034650091721683623
4498,6.27707754271493e-05,0.003560475766517618
4499,9.580564316517363e-05,0.0035968761502464456
4500,7.198405413267513e-05,0.003529013448952162
4501,6.94472112324244e-05,0.003585427063590605
4502,8.215091074816882e-05,0.0035899600727248965
4503,3.302763513299093e-05,0.003574511390106063
4504,6.234750399016775e-05,0.003555024907819736
4505,7.835185072811631e-05,0.0036025725994405784
4506,9.249775757780299e-05,0.0037415289067054595
4507,5.382114468375221e-05,0.003576615725379936
4508,6.99054204839437e-05,0.0034219928069304175
4509,5.7573007749548805e-05,0.0037854188096647216
4510,7.432111257609601e-05,0.0034955343104143607
4511,5.987103201429515e-05,0.003533989042098685
4512,3.3315957019415994e-05,0.003436048890970002
4513,8.139333682872044e-05,0.0036895528766161608
4514,6.62329736466442e-05,0.003611724533591654
4515,6.404476419750912e-05,0.0034253878397940414
4516,4.756793641718105e-05,0.00357337550656122
4517,7.957280856013919e-05,0.0034804783720710115
4518,3.6847489172942e-05,0.0035575988583769064
4519,9.117307563428767e-05,0.0035685875602469845
4520,8.174398705402079e-05,0.0036698683070139886
4521,5.706408410333097e-05,0.003480271609292886
4522,6.728353425084303e-05,0.0035085745632930797
4523,9.928146561530108e-05,0.003445479326778803
4524,5.9137971402378756e-05,0.003680434420807507
4525,6.986312873777934e-05,0.0034779359102542476
4526,7.117771680592947e-05,0.003535865055301821
4527,5.9548545686993747e-05,0.0036184941991379
4528,5.850169806459841e-05,0.003567873907282831
4529,8.51478940603556e-05,0.0035566389498825177
4530,8.600283351067143e-05,0.00360412899621095
4531,7.439263451184767e-05,0.0033362953420398448
4532,6.629250395538596e-05,0.003574147570454772
4533,5.655720281841544e-05,0.0035038979657133675
4534,5.6042460952691425e-05,0.003481227599311708
4535,6.727574203371963e-05,0.0035586182961211076
4536,6.900443646979208e-05,0.003614038367174551
4537,9.12409902108872e-05,0.0034884827094167235
4538,4.70528299047146e-05,0.003659400474335118
4539,6.069407694061132e-05,0.003473133523398497
4540,6.927497051947284e-05,0.003585032334525549
4541,8.977174972339223e-05,0.0035064981670089534
4542,9.6717948326841e-05,0.0036712870360205434
4543,9.455295621592086e-05,0.0035993943836972646
4544,5.159394659131067e-05,0.00346618306691993
4545,7.626778266664283e-05,0.0035267971102221625
4546,6.160900605512628e-05,0.00346412110155243
4547,5.275988223729655e-05,0.003725232417359728
4548,6.445405670092441e-05,0.0034749495707943625
4549,0.00010306949861842441,0.0035167357964096518
4550,7.685162854613737e-05,0.003696161797123514
4551,0.0001034791384881828,0.0034703672554171608
4552,8.275166085998838e-05,0.0035038543503005497
4553,6.0416740598157046e-05,0.003690020711753356
4554,8.403709774332432e-05,0.0035943023202295496
4555,6.758724654597851e-05,0.003606576573123833
4556,7.01868484611623e-05,0.0036806246906511604
4557,5.918747738178354e-05,0.003456070880757601
4558,8.740864698969138e-05,0.003640877093027133
4559,8.441102278690474e-05,0.0035206233240631006
4560,0.00012788502523714367,0.0034777584823039104
4561,4.942888675335174e-05,0.0034821788435728533
4562,9.79986070888117e-05,0.003438011048302993
4563,7.832823782033908e-05,0.0036978276744833232
4564,6.476840765875143e-05,0.0034891825740401613
4565,5.2072748743133465e-05,0.0034879514222000323
4566,5.93352703920876e-05,0.003532268271018846
4567,6.127404825141032e-05,0.0034908440613048517
4568,0.00010771480277374698,0.0035949652069468254
4569,6.377114162508709e-05,0.003463202449456444
4570,7.25353330684205e-05,0.0035826288677906016
4571,9.090378201411416e-05,0.003577327771904314
4572,6.483232088309403e-05,0.0036210275037896152
4573,9.209509007632733e-05,0.0036886348861166988
4574,4.5323023853901154e-05,0.0035838159580355673
4575,0.00010707609738650111,0.0036159085735906005
4576,7.271116361759292e-05,0.003571557439772016
4577,0.00010402200617439424,0.003581843217908163
4578,9.59813686980245e-05,0.003655779630350917
4579,8.681309215414027e-05,0.003633997478709358
4580,8.013779697648715e-05,0.0036374417653373316
4581,6.473879705784688e-05,0.00367492298535108
4582,7.154431865880421e-05,0.0037108754306503637
4583,8.713586303201736e-05,0.003605497469548063
4584,9.652529212568576e-05,0.0038345061711449998
4585,8.199902295018547e-05,0.003612032768364233
4586,0.0001098846240590016,0.0037036164284236436
4587,0.00010736582771642134,0.003773065604265838
4588,8.860960733727551e-05,0.003654099479739327
4589,5.589620292691204e-05,0.0036440062802743285
4590,3.666903224560277e-05,0.003629139678160418
4591,6.0898287968787676e-05,0.0036412805724911038
4592,4.459476258489303e-05,0.003721021951770219
4593,7.306162442546337e-05,0.0035680724210729164
4594,9.602331107695742e-05,0.003553009819785705
4595,5.1938586329924875e-05,0.003715379004124699
4596,3.939506180662041e-05,0.003431809327279137
4597,9.986331351683476e-05,0.0037356355235779906
4598,8.055642125934051e-05,0.0036230328085824965
4599,9.993007212566833e-05,0.003673105398202168
4600,7.309611986177818e-05,0.0035103249375517736
4601,5.937483244148704e-05,0.003490949334672058
4602,7.13456505764043e-05,0.0037033853921342613
4603,5.495466496843922e-05,0.0034436151971050546
4604,7.625063578113138e-05,0.003607991873836658
4605,7.40103062222867e-05,0.0037004208782555783
4606,6.692794789463127e-05,0.0034399189476169443
4607,7.311882945941761e-05,0.0036440002860310744
4608,9.818633019070452e-05,0.0035192446368856457
4609,5.17649309282812e-05,0.0036595756596863624
4610,0.00010598813775383556,0.0035501378721293562
4611,9.99315976514481e-05,0.003555271209870267
4612,9.216324469889514e-05,0.0036312105680914876
4613,7.117919473481985e-05,0.0035056691812938006
4614,8.810038780211471e-05,0.0035380585585247843
4615,0.00010141147189036322,0.0037098696329777576
4616,7.524606965792676e-05,0.00343250461733042
4617,0.0001289062781628066,0.0039037898192952176
4618,9.328171023904966e-05,0.003357206071602313
4619,0.00010819766018054603,0.003567519525522513
4620,0.00011387537815608085,0.0035671262770861855
4621,6.386082707952786e-05,0.003528894365244494
4622,7.092749122724247e-05,0.0035940944494433904
4623,7.73913901260433e-05,0.0035138377575130446
4624,7.145533309085294e-05,0.003461911600160112
4625,4.839435526567589e-05,0.003546426796875014
4626,9.015944427422558e-05,0.00351054701696546
4627,4.719246147336283e-05,0.0035106782099290743
4628,6.644256039483783e-05,0.0035886130502858146
4629,6.473365259201576e-05,0.003489005370212235
4630,5.972741567651004e-05,0.0036706288102702567
4631,3.919828219901926e-05,0.003423016660436108
4632,7.465175003744662e-05,0.0035083785508282657
4633,5.906269361730665e-05,0.0035534731305376663
4634,5.861308260743196e-05,0.00347638965559588
4635,6.832427316112444e-05,0.003480105829520488
4636,4.776872917015377e-05,0.0034694551347248903
4637,9.255961267626845e-05,0.0034574672797929467
4638,4.0653857286088166e-05,0.003539011446121112
4639,7.472732346892977e-05,0.003436962423541796
4640,5.075484817401351e-05,0.003548206691355188
4641,6.472053137258626e-05,0.0034230408661148153
4642,6.347094264735157e-05,0.0034966099873005494
4643,6.853023599736237e-05,0.003603568212147509
4644,7.238425896503032e-05,0.003390635977917182
4645,9.36621817042275e-05,0.0036047364907764545
4646,7.399300484394189e-05,0.003345721374691178
4647,6.571643631711291e-05,0.0036225648682590163
4648,9.606481568577388e-05,0.0032880636991742323
4649,0.00011563673251657747,0.003876675333732402
4650,0.0001423759400495328,0.0033048186978273915
4651,0.00012093005158628026,0.0036373868248678423
4652,7.675074860647631e-05,0.0034747731745404403
4653,6.937249975938661e-05,0.003582634595057773
4654,9.753261607935808e-05,0.0036072548896836955
4655,9.307779085550767e-05,0.003590209515926641
4656,7.239210244733841e-05,0.0035000683262661893
4657,9.344471133469294e-05,0.003433270884978431
4658,7.254433997635108e-05,0.003450664105883792
4659,8.112503516410167e-05,0.003526479576890335
4660,6.5311628713971e-05,0.0036418912785611754
4661,9.748830937799842e-05,0.0035030290889590393
4662,3.373410406008285e-05,0.003520838178393585
4663,6.627255279454403e-05,0.003418949548857228
4664,4.68142592580989e-05,0.003573326332316785
4665,3.963495764764957e-05,0.003507257821441694
4666,3.9837474954159306e-05,0.0034085831753396263
4667,8.218682341976091e-05,0.0037011055527419938
4668,6.994835542476116e-05,0.003519788411020587
4669,5.75106593411571e-05,0.003644145765767147
4670,8.46566919790348e-05,0.0032905893997054575
4671,5.3995117195881906e-05,0.003545642337270492
4672,3.884339045422773e-05,0.0033127261916043485
4673,0.00011236872887820937,0.0036060447762463624
4674,0.00010621728385255362,0.003577209071129722
4675,8.668906351279777e-05,0.003510681607973153
4676,9.578573881299234e-05,0.0034787391090589596
4677,9.629669220885262e-05,0.0036579985923214458
4678,8.317517228230523e-05,0.0034550466637977757
4679,6.649208298767917e-05,0.0036777896684224124
4680,8.671020162485851e-05,0.0036949328551120235
4681,7.868934286913524e-05,0.003492440327114653
4682,5.0794122459289306e-05,0.0035861071958169927
4683,8.386005623227296e-05,0.0036251217754297398
4684,8.155572092315803e-05,0.003524656879612956
4685,8.699625686858781e-05,0.003710982692473766
4686,8.254660595715298e-05,0.0034756679812035576
4687,7.441624050746517e-05,0.0037212930968045952
4688,8.010518092002409e-05,0.003453212947626855
4689,0.0001016869253362529,0.0036371631307644753
4690,8.461660278650622e-05,0.0036259166617679784
4691,0.0001085841933672782,0.003561047069438711
4692,7.015755036263727e-05,0.0035046621062609505
4693,4.2262530405423605e-05,0.0035862897689578925
4694,6.587076668438386e-05,0.003616275456477338
4695,9.129115496762097e-05,0.003554204577858758
4696,6.498156508314424e-05,0.0036109659596672648
4697,6.254326860168172e-05,0.00352828273083098
4698,9.757898806128651e-05,0.0036069499631228995
4699,4.387298116247014e-05,0.003576135216097487
4700,0.00011163037124788389,0.003523195443370592
4701,8.00665802671574e-05,0.0035686728592199367
4702,5.4016847570892423e-05,0.0036205993946935014
4703,0.0001203445999029403,0.0036196909555212017
4704,0.0001205719187661695,0.003785748795540197
4705,5.884872577250159e-05,0.0036407061584392843
4706,8.222974768917387e-05,0.0035192687449404807
4707,6.219599842249106e-05,0.0035106349730952167
4708,8.689875564111086e-05,0.003614550587028177
4709,8.509627587045543e-05,0.0035768827005458158
4710,9.690236875030678e-05,0.0035234625619931484
4711,9.845997653125474e-05,0.003780056339299937
4712,9.966129170303853e-05,0.0035390270689198027
4713,8.717388057751425e-05,0.0034722655555086694
4714,8.68730193663699e-05,0.0035584824843566836
4715,7.209023703277731e-05,0.0034774411730944936
4716,9.416747464759585e-05,0.0036974241393324956
4717,8.26141770327619e-05,0.0035039917538382524
4718,7.896659177883217e-05,0.0036536417278189826
4719,6.554684611425425e-05,0.0033320948906888173
4720,8.492136524485734e-05,0.0035709646520366172
4721,4.007234225961535e-05,0.003520191016223824
4722,5.058886223802498e-05,0.003470755658409463
4723,9.027687556226738e-05,0.0035352517136163627
4724,7.988588695297948e-05,0.0035819555935266566
4725,6.33391951851081e-05,0.003339401770779115
4726,8.075581766509761e-05,0.0034740073565122354
4727,3.1616045574385984e-05,0.003434605315083814
4728,3.701056654487426e-05,0.0035365358312196265
4729,9.351885564683471e-05,0.003611708056698663
4730,7.247240088569621e-05,0.0034901199772528657
4731,6.5842201487006e-05,0.0036053335065880103
4732,9.611668768532885e-05,0.0034988231161301297
4733,9.07068014688169e-05,0.003632032017289536
4734,8.808624722102346e-05,0.0034749541467415006
4735,3.7556381509299776e-05,0.0035370137637818423
4736,5.674406323426714e-05,0.0033067384788374172
4737,9.400102765842652e-05,0.003527624678328692
4738,4.416697411215864e-05,0.003647283733892071
4739,5.66802892232469e-05,0.003367439109931047
4740,7.708018310950137e-05,0.0035852174124291797
4741,9.040117159505219e-05,0.0034519619545367673
4742,4.123231119592674e-05,0.0034598021510911475
4743,5.907839719535938e-05,0.003586239167709109
4744,7.693675203578702e-05,0.003298654325955408
4745,0.0001261349258129485,0.003828638389992608
4746,6.185344015345133e-05,0.0033551917826632168
4747,9.214258170686662e-05,0.003543593503688792
4748,0.00010824576190013127,0.0033334705370888992
4749,9.174342509747173e-05,0.003644914210015013
4750,5.137664508462573e-05,0.003348606043700569
4751,5.210249558634435e-05,0.003470875045071965
4752,0.00010481998239508054,0.0035259394652547506
4753,7.515268419714024e-05,0.0033598618048397222
4754,9.846654575085267e-05,0.00340204174707343
4755,4.51000923931133e-05,0.003525879410531841
4756,4.076488670155716e-05,0.0033834235143195106
4757,6.711256379882495e-05,0.003583661906419351
4758,9.758633726354067e-05,0.003479668525218098
4759,5.440589957288467e-05,0.00337036586032931
4760,0.00010036436360678635,0.003531246535905351
4761,5.8173590878141114e-05,0.003447644143020661
4762,4.9411295367463023e-05,0.0035105225133735276
4763,7.673998831402666e-05,0.003342697766286827
4764,4.737522079570529e-05,0.0034406786618614935
4765,6.491610438388306e-05,0.003407719749251498
4766,4.4708270191525416e-05,0.0035244683812071724
4767,6.42989592961385e-05,0.0032757589819027095
4768,9.269924327478899e-05,0.0036110350070154575
4769,0.000107634260833341,0.003440353210225305
4770,6.484535842901095e-05,0.0036145701150109215
4771,0.00010350724357219102,0.0034019351175135575
4772,7.885951454227325e-05,0.003525903659293384
4773,0.00010175256320508197,0.0035698467056178964
4774,0.00010336354607716202,0.003591467553060355
4775,9.724982555781025e-05,0.0037909438072769776
4776,6.012243332709962e-05,0.0034258801595025558
4777,0.00010049044843375062,0.003536864952917585
4778,7.479042888007826e-05,0.003509553706669432
4779,9.014197248689016e-05,0.0036640788568733772
4780,0.00010232364753998505,0.0035546927604692305
4781,8.803724485915155e-05,0.0035771939511168895
4782,6.503711550370402e-05,0.003424747539024184
4783,8.919556688245697e-05,0.0034661355309690695
4784,7.451079630603393e-05,0.00355784502659565
4785,4.5941573747162084e-05,0.0035161830216286867
4786,5.8115854335483165e-05,0.003426572191528976
4787,5.783478912538461e-05,0.0035191674654438034
4788,6.769974000538544e-05,0.003484808184906811
4789,8.447235207616662e-05,0.0035971432949937
4790,6.419939163606613e-05,0.0035797847461461374
4791,9.495315922928664e-05,0.003668516405672935
4792,7.683175960361647e-05,0.0035080288813676775
4793,3.0306309903001723e-05,0.0033849547672136797
4794,0.00011282203304290306,0.003533304402216037
4795,7.68519239500165e-05,0.0037256577441754832
4796,7.775470682342226e-05,0.0034645949105372815
4797,6.547611131585048e-05,0.003333509638428864
4798,9.624667557848928e-05,0.003682055988158356
4799,7.168262200138998e-05,0.00350504211360024
4800,6.68979841672505e-05,0.0033960488760535878
4801,0.00010284030649927444,0.0035038077772968986
4802,9.310147773552065e-05,0.003410849098746819
4803,6.788825679298801e-05,0.003612215893790419
4804,0.00010193930696307991,0.003304731917538218
4805,6.673211755696684e-05,0.00358934165161895
4806,6.452550029886575e-05,0.0033791302148744053
4807,4.2026341301000984e-05,0.0034014264015777874
4808,9.520480889477768e-05,0.0033442199484107825
4809,9.497221957038467e-05,0.0036187187610854077
4810,7.113041817016589e-05,0.003465781385476855
4811,7.831187103874981e-05,0.003542595852797074
4812,0.00010510080173844471,0.0035454684709873433
4813,0.00011674796575486349,0.003428323134343602
4814,9.044059697771445e-05,0.003512059824218548
4815,8.760802023365007e-05,0.0033372993082336085
4816,9.850752248894424e-05,0.0035569795953223527
4817,6.477258987918807e-05,0.003574738391733721
4818,9.253486641682684e-05,0.003340020470548509
4819,4.8874671968709056e-05,0.0035115545606387295
4820,0.00010228604636116263,0.003322321300323334
4821,0.00013889154361095278,0.003649728374068046
4822,9.16487862317202e-05,0.003372483881278418
4823,8.686015832305808e-05,0.00336848929552838
4824,4.11815446568653e-05,0.0034081335908249313
4825,8.835263870423659e-05,0.003385816859338051
4826,9.801006890484132e-05,0.0034009420943600455
4827,5.5347723900922574e-05,0.0035094921979008198
4828,6.83026599290315e-05,0.0033238364097581603
4829,8.921443635093359e-05,0.0034965102461819338
4830,7.070478944418332e-05,0.003460649765778597
4831,0.00010276237371726893,0.0035559354979255216
4832,8.311704732477665e-05,0.0033478442392509988
4833,6.671893837240835e-05,0.003549066422173504
4834,0.00011058303692455714,0.0034121395039232814
4835,9.878525391589695e-05,0.003528204096635202
4836,7.094991524354554e-05,0.0035663380816498198
4837,9.302364038982584e-05,0.00341078329292368
4838,8.209083262045169e-05,0.0035565974363620857
4839,4.366259090602398e-05,0.0032985519845126652
4840,9.00756639263515e-05,0.003422561420840908
4841,8.774748991224139e-05,0.0036913205852996058
4842,5.666586863905347e-05,0.0033063696354524944
4843,5.462088132238326e-05,0.003498327462772626
4844,7.298491909750738e-05,0.003365134226348926
4845,9.036596990578498e-05,0.003526838163581244
4846,8.222428999336747e-05,0.0034544197750813145
4847,5.929793818116498e-05,0.003413471208122654
4848,6.017812205148705e-05,0.0034017756308142946
4849,5.80650475967559e-05,0.003436792796793005
4850,3.2080573024965515e-05,0.0034248246866329683
4851,2.8676643129680694e-05,0.0033994535356393365
4852,4.498623796583464e-05,0.003381763815679991
4853,6.323263830078455e-05,0.00340806983968639
4854,7.097245143086183e-05,0.0034129744648610746
4855,8.701019808844042e-05,0.0033543334492870907
4856,3.2950650832693404e-05,0.0032799591930898447
4857,8.336404692575646e-05,0.0033719395301084762
4858,6.937234199237234e-05,0.003444292507405708
4859,6.496511123259552e-05,0.0032994525892546356
4860,7.338247378356755e-05,0.00338374426511417
4861,7.83829290109376e-05,0.003416796488958726
4862,0.00011079744629872342,0.0032923781041671913
4863,5.7861241414987793e-05,0.003589542306717632
4864,0.00012323504003385703,0.003349272032840339
4865,8.859019095931823e-05,0.0036369153696266332
4866,5.041485637775622e-05,0.0032478518823920713
4867,9.352734390025338e-05,0.0034115467537707816
4868,9.43328850553371e-05,0.0035395528277836915
4869,9.142435137619032e-05,0.0034401568159732354
4870,3.766795816773083e-05,0.003427150948009798
4871,3.662149392766878e-05,0.003357654078551898
4872,2.788447066753482e-05,0.003478054693298722
4873,7.102790077624377e-05,0.0034066391969007977
4874,8.254585045506247e-05,0.003599236714268675
4875,3.364154472365044e-05,0.003266420631071802
4876,6.0822725936304777e-05,0.0035205867387149044
4877,8.023860924974238e-05,0.003440372113277769
4878,5.977386972517706e-05,0.0033470856064314563
4879,6.625073559310598e-05,0.0034647556892632853
4880,8.883935612781594e-05,0.0033896167411498258
4881,4.844225841225125e-05,0.0033427712344381165
4882,8.986986334396837e-05,0.0033880204886315374
4883,3.1283900049553874e-05,0.0033964911910272606
4884,8.318186870989544e-05,0.0035219508755812787
4885,9.640049126270848e-05,0.003467070753227802
4886,6.441839771772113e-05,0.003454733126398953
4887,6.84894361863068e-05,0.0034216281822259265
4888,6.822805808042176e-05,0.00341581101950962
4889,4.920387606640967e-05,0.0035262691167799215
4890,4.4134210111224095e-05,0.0035711786641893306
4891,0.0001176873619745796,0.003304883098875092
4892,6.695931563929966e-05,0.003684382959943646
4893,5.5247926259956635e-05,0.003406548846007039
4894,8.287743682255193e-05,0.0034139823208849027
4895,6.803498981753365e-05,0.0033819803940113927
4896,6.90706020880801e-05,0.0034343301562416387
4897,7.226109276719702e-05,0.0035323470970249084
4898,4.160854477959219e-05,0.0033695917740632873
4899,4.077706168269894e-05,0.0034684811388307406
4900,0.00010089083128453543,0.003472117599884532
4901,6.514639583959555e-05,0.0033558410552044318
4902,7.088380419493964e-05,0.003500248177167703
4903,8.616121473702757e-05,0.0033799359367749707
4904,0.00011022205556704042,0.0034024238120764494
4905,0.00010891687513018648,0.003647680780263691
4906,8.487475400518937e-05,0.0033892307771501815
4907,9.760104100375126e-05,0.0033725589544944994
4908,6.231767365534324e-05,0.003429104358152171
4909,8.701896149432287e-05,0.0034526542028940218
4910,5.654572899705575e-05,0.0034539575109214294
4911,6.718395452480763e-05,0.0033700030052293767
4912,9.185746991230796e-05,0.0034282206352360136
4913,7.804274385610673e-05,0.0035893589777937964
4914,5.230729536075766e-05,0.0033909262159809938
4915,3.690459058513322e-05,0.003362810813022528
4916,8.376338070471926e-05,0.0033757198857708184
4917,6.716221954169062e-05,0.003532923277243825
4918,9.251819695540082e-05,0.0034880556874747177
4919,7.427062470621119e-05,0.0032772610305925815
4920,6.234450702322648e-05,0.0033834588546195897
4921,4.282175335295809e-05,0.0033548828672735004
4922,6.487800941007057e-05,0.003481332550474303
4923,7.875558270219093e-05,0.0034538951847247605
4924,8.855268946111513e-05,0.0035482537089370366
4925,8.630000690269904e-05,0.0035178687397801264
4926,9.037572745000944e-05,0.0033693639882363554
4927,9.377307505928912e-05,0.003567094489286734
4928,7.34523382561747e-05,0.0035282231465818023
4929,7.833724206041855e-05,0.003633036663183781
4930,8.703365322920339e-05,0.0032723766511423497
4931,6.946026866595881e-05,0.0034711920568264846
4932,7.327287942947199e-05,0.003387468292260557
4933,6.775681031285785e-05,0.0034650982321812003
4934,4.843557496011878e-05,0.003514545417379764
4935,8.163960677241752e-05,0.0033843956432143946
4936,4.6482650456406795e-05,0.0034963793231735344
4937,6.110543981776572e-05,0.003420753577975263
4938,3.1645390360305704e-05,0.0033257303339627197
4939,3.171455791743938e-05,0.003474524416997442
4940,7.399225166106286e-05,0.003319720744969338
4941,6.892880034380748e-05,0.0034174668995890856
4942,5.5546410537014404e-05,0.0033564826677091363
4943,5.899013704038225e-05,0.003297855937990954
4944,6.963457284048976e-05,0.003453236582916318
4945,5.5826518412989874e-05,0.0032827391841001516
4946,7.76424848785003e-05,0.0035188811066685114
4947,0.00010061071031183625,0.003414752209324419
4948,5.580562234778578e-05,0.003403273428969936
4949,6.880557824236651e-05,0.0033837937129804437
4950,7.141639022544647e-05,0.0035003138977418263
4951,6.558847817359493e-05,0.003246187105019555
4952,6.484352185604318e-05,0.003345912661564749
4953,8.565195639675949e-05,0.003493259565567407
4954,7.714532500055308e-05,0.0033681975158782102
4955,6.672760015741611e-05,0.0032916555449725897
4956,5.966713603508348e-05,0.0033362141320404898
4957,8.760150255208525e-05,0.0033427935385137914
4958,6.372798937566888e-05,0.0033928252963759883
4959,5.906818235719887e-05,0.0033135472752857864
4960,5.725887652564173e-05,0.003392678283074299
4961,5.702238947075481e-05,0.0033221274410836455
4962,7.579695544942902e-05,0.003172995066123567
4963,0.00011381022147058198,0.0035775964240924874
4964,9.119353489950299e-05,0.0035062203040313504
4965,5.8418311770462124e-05,0.0033681832419389375
4966,6.0405661740029853e-05,0.0032334358983225828
4967,4.023912515549455e-05,0.0033411408497724593
4968,3.932179715775419e-05,0.003345778641633792
4969,6.152449386718218e-05,0.0034134095327518
4970,7.519405723238985e-05,0.0033900139992689995
4971,6.246941193239763e-05,0.003512402689341074
4972,5.988186167087406e-05,0.003422748488346555
4973,8.672004429778705e-05,0.003458543224113546
4974,3.1107133933498215e-05,0.0033495920555809086
4975,6.232718442333862e-05,0.0034049776379077687
4976,6.491416934295557e-05,0.0032895646442101874
4977,7.728843702352606e-05,0.003433973064616792
4978,7.2066847011835e-05,0.003328357275032739
4979,6.215034954948351e-05,0.0034404459105085903
4980,6.164880396681837e-05,0.0035354413571547514
4981,4.3402096465191184e-05,0.0033827644782452515
4982,8.046920872099388e-05,0.0033259581851013973
4983,0.000120107324134248,0.003709760101284744
4984,0.00011464899071143009,0.00327606254264595
4985,7.009007022134029e-05,0.003526154900057696
4986,0.00011602983383151392,0.0035400353120016593
4987,5.435957997785105e-05,0.003602894573512773
4988,7.547079173188346e-05,0.0034676655378984653
4989,0.00012174573494121433,0.0034592994057947375
4990,5.991586585878395e-05,0.0034731334147747516
4991,9.546123910695315e-05,0.0034825885544648378
4992,9.814300331830357e-05,0.0036006140246287017
4993,6.541146261345906e-05,0.0035553892792979857
4994,8.346678829790714e-05,0.0033240394733706855
4995,5.487534266042834e-05,0.0036272232065079953
4996,9.901951016217936e-05,0.0035334954837586466
4997,6.704521268450966e-05,0.003414179129236356
4998,6.769700145620542e-05,0.00352671908124856
4999,4.5425972803059264e-05,0.0033933704638281674
5000,9.614454320399091e-05,0.0034977245652373498
5001,8.920385710856257e-05,0.0035022340690181774
5002,0.00010733299714047462,0.0034046068862740564
5003,7.649429596009819e-05,0.003463530151254138
5004,9.399411489236324e-05,0.0034281393044672203
5005,5.641903147382739e-05,0.0032951940496371485
5006,9.116506613888002e-05,0.0034897570204041077
5007,6.887302079121582e-05,0.003415519298296275
5008,3.248701371679393e-05,0.0034598354158527035
5009,6.121349300277264e-05,0.003469548060276406
5010,8.817930659764291e-05,0.003401869161129658
5011,8.674028892225275e-05,0.0034286462950270887
5012,8.00966841779882e-05,0.0036236310676088573
5013,7.538457599972995e-05,0.003317418377149821
5014,6.412555934124006e-05,0.003425145379449131
5015,6.387263323025157e-05,0.0032615889831790774
5016,6.864326545231355e-05,0.0036780011561042885
5017,8.694436740673458e-05,0.003311610494659642
5018,4.215680067621482e-05,0.003318653513464754
5019,4.7035992732465574e-05,0.0033035373900041688
5020,6.200820571393706e-05,0.0034503961792289035
5021,6.588106383181488e-05,0.003271884118082134
5022,9.63017730100546e-05,0.003477618037988835
5023,6.373749808214294e-05,0.003298240161031543
5024,7.437895195228824e-05,0.003306022122654492
5025,5.1495967515317416e-05,0.0033011132389248357
5026,5.7438283450513455e-05,0.0033674033355943155
5027,8.907729934435338e-05,0.0034000519200184155
5028,3.138004297701021e-05,0.003321218834163284
5029,3.999853361165151e-05,0.0032771910384011373
5030,8.746603198233061e-05,0.0033888526363518292
5031,4.151452279378039e-05,0.003447775012863008
5032,6.600534810180155e-05,0.0032715514975079282
5033,5.192448188608978e-05,0.0034425542366738598
5034,0.00011654501722659915,0.0034319242919927215
5035,6.698977037255342e-05,0.003465261925415202
5036,9.480411172262393e-05,0.003669159191726582
5037,8.313660364365206e-05,0.003438385820619425
5038,6.630934719093299e-05,0.0035428974406672715
5039,0.0001017387871494672,0.0032703111243368253
5040,3.760962063097395e-05,0.0035482594089336897
5041,3.475083564505136e-05,0.003377902364600303
5042,7.517028619380047e-05,0.0036029509822361346
5043,5.56483986050201e-05,0.0033677315942605766
5044,9.88374131945117e-05,0.003555228964858285
5045,8.236192115873564e-05,0.0036223938335264907
5046,8.323188036835442e-05,0.0034276501364514642
5047,9.513906443316955e-05,0.0034178743784235217
5048,9.671157410290713e-05,0.0035127153708122845
5049,8.972820639125227e-05,0.003414612053526844
5050,9.392380500988414e-05,0.003636922263796991
5051,8.599667683787024e-05,0.003363639577823566
5052,8.907729467561391e-05,0.00344690599700612
5053,6.090262625851513e-05,0.003470980114941522
5054,7.927845435915515e-05,0.0033863491133977403
5055,6.606807922556375e-05,0.003540195000365259
5056,7.951411692677842e-05,0.0034006247319845763
5057,4.044390552735422e-05,0.0034674874967052126
5058,4.190651767809565e-05,0.0035541630757965265
5059,9.793459224359443e-05,0.0034962018060783937
5060,8.501753594221857e-05,0.003401117732768556
5061,6.642028777908612e-05,0.0034786593336263655
5062,4.293848542147316e-05,0.0034054342133000375
5063,6.493186144022427e-05,0.0033652331766225105
5064,7.964992146298755e-05,0.003502868054715154
5065,6.191455710601683e-05,0.003477770217793341
5066,5.9269522413766636e-05,0.003496087480961587
5067,7.50170727163398e-05,0.003368410096214131
5068,6.667027288737396e-05,0.0033950783572651035
5069,8.771214803952414e-05,0.0034661672855397377
5070,7.452197066110481e-05,0.0034950095543722203
5071,6.242488883193195e-05,0.0033991789948525216
5072,8.25877342625366e-05,0.003470764747741962
5073,8.458468655589969e-05,0.003397528303046454
5074,7.302192631565655e-05,0.0036252656700382904
5075,6.979126640847729e-05,0.0032699499746755233
5076,8.635804527633203e-05,0.0036955610981878394
5077,0.00010300629558817794,0.003079136905964376
5078,0.0001304831836023368,0.0037717605092174073
5079,0.00014639601577073335,0.0028622095623442273
5080,0.00016987152436437707,0.0037676343120502556
5081,0.00017373756078692775,0.004199880127626376
5082,0.00019968517638820535,0.004309523959073979
5083,0.0001889479123443986,0.0033168157142785004
5084,0.00013232830630537744,0.003463692766958921
5085,9.166104997954486e-05,0.003565703829435089
5086,8.111684025304081e-05,0.003539955212301978
5087,9.301437585236272e-05,0.0034543090586103206
5088,6.118721964109379e-05,0.003421575600541688
5089,5.34070133047256e-05,0.003408182752923673
5090,7.443382904360381e-05,0.003411369651233352
5091,5.8280965458834547e-05,0.003435738900571871
5092,5.748829147099362e-05,0.003489345497283058
5093,8.712734197615645e-05,0.003439168716637843
5094,8.228182814491447e-05,0.00340587249498697
5095,9.310039155631481e-05,0.0033810360102334946
5096,7.163132092197581e-05,0.00345059809289638
5097,6.717017240589484e-05,0.0033499364063737723
5098,5.8224151871399954e-05,0.003371566993745381
5099,7.252796506994249e-05,0.003349056820326492
5100,4.7979120305778146e-05,0.0034752682627794723
5101,7.189545140136033e-05,0.003311703458252385
5102,6.822856412327382e-05,0.0034542824987296426
5103,6.021377679038172e-05,0.0034101457027058434
5104,8.838720847658503e-05,0.0033724416564328698
5105,6.123885153404747e-05,0.0034296575229702973
5106,6.431916766208209e-05,0.0034748858590720323
5107,5.9529849386308344e-05,0.003475973830378695
5108,3.799943782117528e-05,0.0034569388504807406
5109,5.8841711203664694e-05,0.0033712824064079583
5110,6.587829387475116e-05,0.0034560453589899303
5111,7.717436577271049e-05,0.0034297738826052676
5112,7.048077059153001e-05,0.0034146035382502135
5113,5.451603786544486e-05,0.0034570122911323476
5114,5.210451466458229e-05,0.003408329587477428
5115,6.759547880695512e-05,0.0034294281756197375
5116,6.67064995165371e-05,0.0034643354129933524
5117,6.480564479716122e-05,0.00337379103009479
5118,3.7788321909223065e-05,0.00324385233157439
5119,4.781428069691174e-05,0.0034646029221113974
5120,9.392847059643827e-05,0.0032767883390114887
5121,0.00014840326803096105,0.0035189940464888207
5122,8.792243752395735e-05,0.0033627616307573523
5123,5.1354589231777936e-05,0.003504638501450302
5124,7.072683244283932e-05,0.0032682897996040077
5125,6.957353895510702e-05,0.0034295084792753962
5126,6.230304558509184e-05,0.003389784921873654
5127,3.5897022644348906e-05,0.003388908547789269
5128,6.933120239409618e-05,0.0034464055715370777
5129,5.201203390849211e-05,0.0033690165050005113
5130,5.0114741679863076e-05,0.0034771902380349834
5131,5.791444103427542e-05,0.003290665612783371
5132,5.7062377406206605e-05,0.0033686375190452563
5133,5.9143261387362146e-05,0.0034344949847541924
5134,3.68550886681381e-05,0.0032883187064783664
5135,8.377863147567647e-05,0.003253467598706337
5136,5.838330234837485e-05,0.0035009354437283407
5137,5.9613130724756046e-05,0.0032825723013613283
5138,8.99717594923762e-05,0.0033867193902036045
5139,7.236588862724602e-05,0.003339930338964717
5140,9.988905900778869e-05,0.003311364114922508
5141,6.71492454178709e-05,0.0036475853137415285
5142,8.034002845912862e-05,0.00334536053142217
5143,7.214268213526035e-05,0.0032867912338738602
5144,7.415473446599208e-05,0.003484051045778347
5145,8.748248510528355e-05,0.0034603545108560737
5146,8.246236587486541e-05,0.003444042398711652
5147,6.3909630504592e-05,0.0033376525288198408
5148,5.9729395191728446e-05,0.003401425935687336
5149,7.168865079923611e-05,0.003404193255760685
5150,6.0088098325650205e-05,0.0033174627048044108
5151,3.8953311983884004e-05,0.0034790243238474673
5152,6.603744041058234e-05,0.003343148988865932
5153,6.418098273570649e-05,0.0034376676943736134
5154,4.940574193218102e-05,0.0033047137264983627
5155,0.00010390999717249846,0.003678362348160934
5156,9.919059351280642e-05,0.0032660315541081187
5157,6.760690594092012e-05,0.003406772183760355
5158,8.834519600592709e-05,0.003403980979754582
5159,0.00010553834363236092,0.003437993738398792
5160,9.172850113827735e-05,0.0035479531983668936
5161,4.333169781602919e-05,0.0033176821476860545
5162,7.807620349922217e-05,0.0034707844129939543
5163,8.527827400636548e-05,0.0034113983563184153
5164,7.201055656575287e-05,0.0033063734792205908
5165,0.00013489749156481897,0.003592105382525428
5166,7.222147008481747e-05,0.0031803492337509286
5167,7.08096811043409e-05,0.0033882015259151794
5168,6.866344325923516e-05,0.0034895894320692692
5169,7.275526174150097e-05,0.003504303978127244
5170,8.823685639072209e-05,0.003365390731010762
5171,6.358349007011081e-05,0.003529776937298946
5172,9.36006661504507e-05,0.003356716668922601
5173,6.891375875663167e-05,0.0034531591218111553
5174,4.0727305895416065e-05,0.003381729106955949
5175,2.770560701416495e-05,0.003405038210541362
5176,2.9422757991900048e-05,0.0033802753442707728
5177,9.178363858760955e-05,0.00347183685883601
5178,6.727998221928525e-05,0.0035165104708876314
5179,6.961176647261406e-05,0.0034011585528386655
5180,0.00010371788654689832,0.0034015326967873558
5181,8.397517710060735e-05,0.003403200005734794
5182,7.086190040960598e-05,0.0033986293493062404
5183,7.043973079513913e-05,0.003428736157113994
5184,6.888428100258656e-05,0.0034021632243992806
5185,6.352811087708687e-05,0.0034557158956084197
5186,4.061311398497007e-05,0.0035722514148801565
5187,6.303740871468713e-05,0.0035214190459333535
5188,8.643134363713519e-05,0.0034646477333020683
5189,8.569313219292477e-05,0.003458370051968212
5190,4.2987144721943576e-05,0.003363063449854046
5191,7.210634309255208e-05,0.0034254673280841195
5192,4.753662396979052e-05,0.0035634024002713953
5193,7.68334279806974e-05,0.003343296287247662
5194,7.271287613548338e-05,0.0036693309570340013
5195,0.00010933477278740611,0.003137815888516429
5196,5.6571216312780355e-05,0.0034581784383067495
5197,7.998862192835077e-05,0.0033869674510879836
5198,8.398090333988269e-05,0.0035492290814194507
5199,9.774951904546469e-05,0.0033571091168890085
5200,0.00010144889868873482,0.0035837405594065785
5201,9.816347313365744e-05,0.0034818408312276006
5202,8.838128633215092e-05,0.003321994157685847
5203,5.796886325697415e-05,0.003382115380556183
5204,8.608094746402155e-05,0.0035660217459291574
5205,7.766292934926847e-05,0.003358936711859809
5206,6.803752985433676e-05,0.0034160533705432936
5207,9.528916416456923e-05,0.0035911347750504684
5208,6.524748241645283e-05,0.0034165562279009094
5209,5.5015819816617297e-05,0.0033926994857876964
5210,8.05399033803648e-05,0.0034323141270309805
5211,8.963718973973301e-05,0.003573366216710204
5212,0.00010704865029159313,0.0033773038475352567
5213,6.622445531926739e-05,0.0033841112877909594
5214,7.779256714760171e-05,0.0034273787370450266
5215,8.219489221422312e-05,0.003599632336385915
5216,0.00012005870739812962,0.0032625098664159557
5217,9.567714563066451e-05,0.0035093504624756594
5218,7.132580188529876e-05,0.0034181326765229734
5219,6.555091968039051e-05,0.003264646171445511
5220,4.043709438216562e-05,0.003489974255290425
5221,4.267465374141466e-05,0.003430464294900399
5222,9.341920910325523e-05,0.003480848594565003
5223,9.458801105211023e-05,0.0035725624106208403
5224,3.878088221730043e-05,0.003405073668631747
5225,7.600808445810496e-05,0.0034385356725758222
5226,8.125168872841944e-05,0.003467445552585588
5227,9.353207957853252e-05,0.0034603388740783777
5228,6.329760605391735e-05,0.0034476898268679173
5229,5.674369337308841e-05,0.0034655395115626695
5230,6.0387235134840014e-05,0.003372768135411357
5231,6.607122607723188e-05,0.003324078631543327
5232,7.459896187356208e-05,0.0034949209753746594
5233,7.702207440161147e-05,0.0033111265057507227
5234,5.066101402917411e-05,0.0035144520055421986
5235,7.326646967461177e-05,0.003336369254311004
5236,3.301810126383013e-05,0.003465777619624525
5237,2.7655207304633223e-05,0.003340463202600697
5238,8.074317120190244e-05,0.0034358499371849997
5239,3.3201408708312856e-05,0.0034449918701599433
5240,6.517072833958081e-05,0.0033356778813603033
5241,4.135617721961656e-05,0.0034457936797723703
5242,6.283038443749926e-05,0.0032408432347524
5243,6.604677352394598e-05,0.00345241658936812
5244,6.532789581494095e-05,0.003381485317001398
5245,5.269658649922349e-05,0.0034534358573017833
5246,5.866298318627135e-05,0.0033836349859599052
5247,6.36806370797179e-05,0.0033892622530574024
5248,7.778097751725e-05,0.0034732759286700858
5249,9.23384689182664e-05,0.0033207955017619892
5250,9.487404010239212e-05,0.003515362382525446
5251,5.436377565880927e-05,0.0033290542498978924
5252,9.861926846497227e-05,0.0033607878195173217
5253,8.628804498584941e-05,0.0034976015774914482
5254,7.27017167567586e-05,0.0033228988839427054
5255,8.620210258717028e-05,0.00344865961462318
5256,9.774597662423426e-05,0.003368491877519386
5257,0.00011028280144576759,0.003729608670742376
5258,7.907376372410606e-05,0.003481633920867847
5259,6.942072868696414e-05,0.0034623509621262314
5260,3.799679502662912e-05,0.0033013335851710436
5261,8.485077208509513e-05,0.003382304399622619
5262,0.00011469054746460945,0.0035988971495663556
5263,4.6816112080705353e-05,0.00326137819444746
5264,5.3722095375026885e-05,0.0033009287738057923
5265,7.690028978686314e-05,0.0034293257415947305
5266,4.7655956708088826e-05,0.0034137880869620427
5267,9.558352733923433e-05,0.003296289953685505
5268,4.9190100010794895e-05,0.0034624822346097607
5269,8.398881788404347e-05,0.0031659079628068897
5270,5.167115620376232e-05,0.003671512435791706
5271,8.822433786311497e-05,0.0031723924802513574
5272,0.000111963727492063,0.0035471442021708204
5273,7.214193901745602e-05,0.003262851763091336
5274,9.288764728504854e-05,0.003404643507142676
5275,6.016488781218262e-05,0.003407201489550978
5276,3.814998284118095e-05,0.0033483105169895186
5277,8.135002293177726e-05,0.003347113259195343
5278,5.2760143322908944e-05,0.0034330663141541504
5279,8.429297643791263e-05,0.0033353654897815776
5280,4.4747112648716815e-05,0.003290886800978186
5281,9.975656212191097e-05,0.0033624346659511446
5282,5.0100594792941894e-05,0.0034877437347450887
5283,6.434901103299731e-05,0.0033485088758647267
5284,5.992773773565811e-05,0.0033494564301268324
5285,6.68963717544102e-05,0.0033406192227358393
5286,5.266673130487713e-05,0.003228354982309425
5287,6.563123533851468e-05,0.0034029576184932053
5288,5.900286969335866e-05,0.003266504777808065
5289,8.188888774990725e-05,0.0033544076782629248
5290,5.820745615589355e-05,0.003371295657129885
5291,9.320308611980485e-05,0.003356773354934426
5292,4.0048824303084984e-05,0.0034311380389505835
5293,6.1758309675497e-05,0.003392079037038507
5294,8.99634290059718e-05,0.003334633200282715
5295,8.352384841903889e-05,0.0034459659446573515
5296,8.401174175863465e-05,0.003349747425806892
5297,8.040925992342333e-05,0.0032664872740311036
5298,3.876037371810526e-05,0.003444550728506049
5299,7.645157129445578e-05,0.003357888002307924
5300,9.299377828331974e-05,0.0035077555354420596
5301,9.966098320243569e-05,0.0035249937525547045
5302,5.1030650502070786e-05,0.0034709028220427495
5303,4.431426338366388e-05,0.0033426245378411017
5304,8.704096859825464e-05,0.0033921714098464084
5305,3.5127977995822826e-05,0.0034658712725426388
5306,9.29878556538218e-05,0.003320588348946703
5307,8.29247772344388e-05,0.0034358195711191243
5308,5.631362861701443e-05,0.003292918604464952
5309,5.203890523262089e-05,0.00338280791582679
5310,7.884653071717669e-05,0.0033223334494538194
5311,0.00010224330750740289,0.0033355227061529005
5312,5.887166723065699e-05,0.003356452835595426
5313,3.407901167520322e-05,0.003347738384265511
5314,4.281735261126111e-05,0.003170521207076798
5315,9.43619862179427e-05,0.0035970289384814227
5316,6.231808923378897e-05,0.003266338525728623
5317,6.486398500176923e-05,0.003204586887713815
5318,2.6511907344684003e-05,0.0033699616704568796
5319,3.37486785914128e-05,0.003188667448574868
5320,6.484020947633932e-05,0.0033221069689451416
5321,8.434051123913377e-05,0.003391681706503503
5322,9.713699497903387e-05,0.003434265246908144
5323,4.762043827213347e-05,0.0033371887214694493
5324,9.432267846326189e-05,0.0032783867915043624
5325,7.890833973457726e-05,0.0034901028165344413
5326,9.169280189477528e-05,0.0034368529578480194
5327,6.34493920491271e-05,0.0032265453102565773
5328,9.557809389661997e-05,0.0033502572222510133
5329,8.856868056075959e-05,0.003552433450277308
5330,0.00011235917918384075,0.0029761847058186438
5331,0.00016087783102799829,0.003488236969276368
5332,0.00014615416099938254,0.0033234965100180447
5333,7.940914753514031e-05,0.0033934838138520718
5334,7.766900052956771e-05,0.0033027025003363854
5335,9.526431846704023e-05,0.0035023819024978925
5336,4.630093499145005e-05,0.0032192693572256743
5337,6.728501878872824e-05,0.003303341294352816
5338,5.158822483887586e-05,0.0033493055503698082
5339,7.626397885663512e-05,0.0034419084160302684
5340,6.9563475093067e-05,0.0032469108178258296
5341,9.096469924164315e-05,0.003620248626162276
5342,9.755658150728171e-05,0.0033434948562662756
5343,9.196779040697342e-05,0.003402996077715588
5344,7.100291986716911e-05,0.003584822982423169
5345,8.005508231387163e-05,0.003148187548847957
5346,7.783342431745647e-05,0.003445700316975905
5347,6.306108989519998e-05,0.0033502544626578925
5348,7.497804411589944e-05,0.003312654907156999
5349,0.00010462950788981591,0.0034234693478316243
5350,5.960552213461293e-05,0.0034053391652313744
5351,9.638540238180819e-05,0.003542265015118939
5352,8.35659743946356e-05,0.0033698492842968407
5353,9.393049864835727e-05,0.0033806425122375507
5354,7.689935446251184e-05,0.0033719575084841216
5355,8.677328660269267e-05,0.0032455880817311897
5356,8.3224361151224e-05,0.0033632960550003047
5357,5.599146400830553e-05,0.003196088005476961
5358,9.619825165524768e-05,0.0034513754605619957
5359,9.559339717573797e-05,0.0034708446111735396
5360,9.126657338735338e-05,0.0034136977527972575
5361,0.00010233454886474647,0.0035162915839578985
5362,8.186176589030462e-05,0.0033329527588619842
5363,8.432156027993187e-05,0.0033061047145128836
5364,8.037808080795609e-05,0.003505515761482786
5365,6.998212872228275e-05,0.003317293255657735
5366,6.043007379048504e-05,0.0033249297636693096
5367,7.156001362697376e-05,0.0034554717992615748
5368,4.4483397747778026e-05,0.003380384773756634
5369,6.528402270002213e-05,0.003286325190799296
5370,5.9204666619431616e-05,0.0034556169224184328
5371,8.039504076198986e-05,0.0032851860714585
5372,5.2788355363494094e-05,0.003519037512945026
5373,9.48187526470671e-05,0.0033415854286574795
5374,4.8926053326188895e-05,0.003285657932778351
5375,5.1306058230693453e-05,0.0032715118044664656
5376,6.059115282065856e-05,0.0033668457405773675
5377,6.694029422457485e-05,0.0033622123035198944
5378,8.155700149169813e-05,0.003312656040831403
5379,5.860591785070331e-05,0.003434371345724148
5380,9.090968669624999e-05,0.00336514271045925
5381,8.195313009006592e-05,0.003341489545744294
5382,6.105807381876124e-05,0.003329354315202346
5383,7.967540210908434e-05,0.0032899129822278233
5384,4.257444282605623e-05,0.0033892421867683766
5385,5.349413040676154e-05,0.0032956881685123787
5386,4.870020602538716e-05,0.003330746111020035
5387,9.03813352730746e-05,0.0033687928088346687
5388,7.839595200493931e-05,0.0033819650164182025
5389,7.240980588297437e-05,0.0032378830850733017
5390,3.306785220047459e-05,0.0034084040025344456
5391,8.91761223707969e-05,0.003308497140583707
5392,8.31082690031811e-05,0.0033671338160203286
5393,6.293488477240316e-05,0.0033561680860098773
5394,4.18578816606896e-05,0.0034336120845368644
5395,7.15918197480884e-05,0.003243159339579893
5396,5.2451305964495984e-05,0.0034990005408721703
5397,7.13437231752323e-05,0.00324881022867534
5398,8.952654510115583e-05,0.003446034483032257
5399,7.428414586077755e-05,0.0034733945657370803
5400,9.581004220914717e-05,0.0032492253038386896
5401,7.772688695695251e-05,0.003483747468535297
5402,0.00010290830590141317,0.003259487282145607
5403,9.549312768892075e-05,0.0033212377374449114
5404,0.00011377910365505765,0.0034309124196402903
5405,7.760601074551232e-05,0.0034014642028702704
5406,6.061121481858815e-05,0.0033636994650275776
5407,9.239005424509136e-05,0.0032588759470203025
5408,7.158682316609581e-05,0.003395685484939013
5409,0.00010624243489777048,0.0034573742939712935
5410,5.7966573028049124e-05,0.0033198725276325984
5411,6.88229736018305e-05,0.0031857054252507474
5412,6.7383185402529e-05,0.003385292785975525
5413,5.8907178511920696e-05,0.0032661666462975225
5414,5.730084946359663e-05,0.003446798233542679
5415,8.990598131883113e-05,0.0031925472187970976
5416,6.382248393492773e-05,0.0034910737388807634
5417,0.00011751474327562998,0.0030020801318391393
5418,6.650537749616584e-05,0.00340489842323953
5419,9.995773434638977e-05,0.003328555702886317
5420,4.14961826512202e-05,0.003336943468760963
5421,3.156835215728885e-05,0.0033177067782348534
5422,4.8254439267717926e-05,0.003280152757853768
5423,6.0185598097935626e-05,0.003302191763173965
5424,8.12870086519979e-05,0.00335098809116212
5425,9.953979321532339e-05,0.0034151268255801534
5426,5.286456337974717e-05,0.003228130611943037
5427,3.9186811591207515e-05,0.0032917965408854597
5428,8.420649986267866e-05,0.003385438586541224
5429,7.973451089734832e-05,0.003308431247907405
5430,6.665883265668526e-05,0.0033870837428904045
5431,6.311602191999555e-05,0.0032525471151315087
5432,8.230641863823014e-05,0.003294061604469252
5433,6.910824522492476e-05,0.003323391387440763
5434,8.125590805623991e-05,0.0033435779073693623
5435,5.7743661212346824e-05,0.0032642368579239357
5436,6.866230141895357e-05,0.003362607715493728
5437,6.853327092054921e-05,0.0032452945203307695
5438,8.613388830175003e-05,0.0034569003367173213
5439,6.562573459329239e-05,0.003250043800258349
5440,7.9440175856386e-05,0.0033349915651428533
5441,6.694285524038908e-05,0.003333961039985068
5442,9.80318823470346e-05,0.0034372840811384797
5443,8.965838581692272e-05,0.0032874863460938646
5444,5.7969472618424336e-05,0.0033090536273634574
5445,9.124707758019212e-05,0.003244799579215038
5446,5.4519986345743136e-05,0.0033667216262611467
5447,4.8007718093382815e-05,0.003237514007941079
5448,5.7779425211871664e-05,0.003280901802450741
5449,7.9947192959177e-05,0.0033878017155963224
5450,7.764581302277899e-05,0.0031106688648711626
5451,5.9322151658610284e-05,0.003253927313645671
5452,6.715082187535397e-05,0.0032384143161448085
5453,9.630990971345454e-05,0.003346562632597895
5454,5.852548601978924e-05,0.0032402548125915697
5455,6.239772659076456e-05,0.003285050999893858
5456,8.731244403558473e-05,0.0033098000539906734
5457,5.461952666034146e-05,0.003355508745376637
5458,5.075748680004229e-05,0.0031061013748018645
5459,7.259767492845034e-05,0.0034597627137967304
5460,0.00010379892810306047,0.003149937840607604
5461,6.331462306358541e-05,0.0034902474776966367
5462,7.136141060376152e-05,0.0031675330393463666
5463,4.557726933853701e-05,0.0033305815914205796
5464,8.140382130174354e-05,0.0033369135174819626
5465,5.489321896069062e-05,0.003357584362732261
5466,6.261966263991781e-05,0.0032155034567713445
5467,9.35986900003627e-05,0.0033880245045018126
5468,6.279924006472963e-05,0.0032960869812802595
5469,7.808640681711646e-05,0.003366767844060568
5470,4.770440209540538e-05,0.0031047157593086126
5471,3.66694283002289e-05,0.0032633025303215346
5472,9.230293799191713e-05,0.0032433812723286068
5473,5.681409656972391e-05,0.003263043701707378
5474,2.668937959242612e-05,0.0032329878091031145
5475,3.973810986887353e-05,0.003288187406495155
5476,6.196558897499926e-05,0.003219860838726163
5477,7.449077432587122e-05,0.003382888137670894
5478,0.00010058191107115514,0.003146638338432068
5479,5.6648815249597346e-05,0.003352384133618252
5480,8.354820056410972e-05,0.003208132298465261
5481,7.781872761067158e-05,0.00330028457633095
5482,6.493149752107759e-05,0.0030367030967466944
5483,7.99365950418481e-05,0.003362885287662191
5484,7.149658631533384e-05,0.0031147011455815786
5485,9.567502287003057e-05,0.0032951524297846115
5486,8.136042088153772e-05,0.003378341761857682
5487,8.48085037432611e-05,0.0032211844259359707
5488,9.269037933942551e-05,0.003359120892815468
5489,5.8851970364533676e-05,0.0033621416916689417
5490,7.679899814926709e-05,0.0032201763865809274
5491,6.746157911644939e-05,0.003332880429197543
5492,7.102649930554131e-05,0.0032154044308736335
5493,0.00012946760277069794,0.0033148634614144253
5494,0.00012529507851771388,0.003076934194243623
5495,0.00010151556440784286,0.0035120185758408863
5496,9.513363183941693e-05,0.003178256002848777
5497,9.235939287464135e-05,0.0036185874959351275
5498,0.00012490294126716133,0.003288451136698521
5499,0.00010070024533585335,0.003358363056570057
5500,6.590594105849353e-05,0.0032251126583900274
5501,4.688452269571523e-05,0.003383069239120461
5502,7.350298571206319e-05,0.003318163602957575
5503,9.004181241228556e-05,0.0034478523779484464
5504,0.00010280270289513283,0.003187241704628517
5505,8.738662897182319e-05,0.0034596468303645924
5506,6.862208416957098e-05,0.0032860099915030055
5507,8.630751035525464e-05,0.003407653552245378
5508,9.00713877247957e-05,0.003552663733992051
5509,0.0001013692077928378,0.003348337899339862
5510,9.188753113752076e-05,0.0035586394949387173
5511,5.216429053689353e-05,0.003204878134786804
5512,5.4937480611746045e-05,0.003477093471694503
5513,7.163459958974272e-05,0.003361804034527919
5514,6.667353518423625e-05,0.0034114602228120616
5515,6.764357725235944e-05,0.00338008289874392
5516,6.749288513674401e-05,0.003312981155367319
5517,3.661114189223251e-05,0.0032937056999140252
5518,2.9234825099896018e-05,0.0033097049243396193
5519,3.5124522886083774e-05,0.0032449840003345894
5520,6.478024442913011e-05,0.003380130143198148
5521,7.642357910905654e-05,0.0032706251106679614
5522,9.296527917589023e-05,0.0034299794480013917
5523,8.145532604733793e-05,0.003273774616742932
5524,7.987545929305876e-05,0.003291514014190899
5525,9.757539689114007e-05,0.0034838157323717075
5526,9.131151212689777e-05,0.0031991861073124243
5527,7.868840281541148e-05,0.0034146071054173385
5528,9.759923595993314e-05,0.003269308881914815
5529,8.154167517204769e-05,0.003369255290242044
5530,6.184204430610407e-05,0.003316845812222473
5531,8.773683099813448e-05,0.0032579301156132946
5532,9.324135001709995e-05,0.0033122705484513104
5533,9.168003040637511e-05,0.0032298734616011556
5534,8.551314337334285e-05,0.00316651461106967
5535,7.849403482396156e-05,0.003424325835291575
5536,5.2355656710763775e-05,0.0031529273150312735
5537,6.813625586801208e-05,0.0032127504493659875
5538,4.3571303346349545e-05,0.0032946198658951684
5539,8.51844264010045e-05,0.003259432208302658
5540,5.500598805762517e-05,0.003181904385473183
5541,5.108314896157632e-05,0.003194423937825413
5542,5.9411555776023305e-05,0.003354522355604829
5543,4.1730093228882956e-05,0.003205709371350955
5544,5.904187137275585e-05,0.003210173874422468
5545,7.485819087378331e-05,0.0031975781165547376
5546,6.709431157408593e-05,0.0033494909646862195
5547,4.633177062108492e-05,0.003105528388671049
5548,5.391445932521795e-05,0.0031979087209439007
5549,6.063755766566222e-05,0.0032558661132068263
5550,7.10757683312598e-05,0.0033618821542504736
5551,0.00011337907902391938,0.003227202127335637
5552,5.788298294646665e-05,0.0031157316938849296
5553,6.408557286097978e-05,0.0033190290404183013
5554,0.00011154442302843867,0.003237990784370817
5555,6.335023050875558e-05,0.0034027557353045437
5556,0.0001120768663289103,0.0031211857457542572
5557,7.89761084888596e-05,0.003510223948635073
5558,9.58872643726257e-05,0.003181578235803392
5559,9.747842996148393e-05,0.0033200377668070745
5560,9.554838785940471e-05,0.0035261236540019866
5561,6.790332360348353e-05,0.003310960421419343
5562,0.00010131230689391184,0.0032444056251826952
5563,7.305813051061705e-05,0.0033612612739854354
5564,6.646466511786761e-05,0.0033720604902111348
5565,3.718461387810142e-05,0.003244425473536739
5566,5.1465984021585125e-05,0.003235285145397423
5567,6.151710113044828e-05,0.0033711588980014045
5568,6.359899616654729e-05,0.003124803229048115
5569,9.475581973674707e-05,0.0033603332392270055
5570,3.0001344566699117e-05,0.0031262055382235195
5571,6.408454440437102e-05,0.003292848480504197
5572,5.265638028504327e-05,0.0033215158343989784
5573,5.1488195216127984e-05,0.0033912511824769533
5574,5.63310148815314e-05,0.0030411642620442655
5575,7.122062058139515e-05,0.0033047008832300623
5576,6.442969236862458e-05,0.003209895235266331
5577,6.489411559111129e-05,0.0033475187548443557
5578,9.822135301268039e-05,0.0032624192985038704
5579,8.598019339842722e-05,0.003365563014687193
5580,8.498263365860717e-05,0.00312329829976652
5581,6.194611717849815e-05,0.0033348326165207084
5582,7.495909812860191e-05,0.003227838749106328
5583,4.980024605174549e-05,0.003204312590299189
5584,4.3505532084964214e-05,0.0033126663651288023
5585,4.4455210445448754e-05,0.0032538816041320444
5586,9.893859435881799e-05,0.0033276114495027456
5587,8.8804446325715e-05,0.0033053319642730936
5588,5.678132462586897e-05,0.003310137203075065
5589,5.81388039184579e-05,0.0032287287380542663
5590,7.115788236357427e-05,0.0034204983788608447
5591,6.224690866171537e-05,0.003277522775777212
5592,7.701294010378964e-05,0.003236811599597027
5593,4.733597900970684e-05,0.003259585634071937
5594,8.405614959580513e-05,0.00326881517095154
5595,6.555044067984757e-05,0.0035273561686805384
5596,7.128387514967471e-05,0.0032948424893442367
5597,8.953937892025957e-05,0.0033165671858995213
5598,8.267105349659686e-05,0.003335967158310218
5599,0.00010839476611484618,0.0032529439822968653
5600,5.691770541792114e-05,0.0033280587102942844
5601,6.135857559759945e-05,0.003239635270415241
5602,4.403879708358242e-05,0.0034342865215790438
5603,9.77419479265033e-05,0.003217798201220594
5604,7.931652004723825e-05,0.0033984483315015403
5605,4.605423334093454e-05,0.003365644721055814
5606,8.495612952780599e-05,0.0032114476922488824
5607,3.371478499805865e-05,0.003420736261654469
5608,5.414132295603243e-05,0.002943819668785647
5609,0.00010258686240073681,0.0033646453633504794
5610,5.858853789201627e-05,0.0030973635029091728
5611,9.202720951482964e-05,0.0032507430257433367
5612,0.00010964001339743845,0.0035679046154905875
5613,8.129660491249525e-05,0.003239980056848905
5614,4.555411851470126e-05,0.003252861074192127
5615,3.416170414614801e-05,0.0032553544275345297
5616,8.915190010156948e-05,0.0033547602581065587
5617,9.327563899811746e-05,0.0032661695864718908
5618,5.2518834975974946e-05,0.003217496933950859
5619,5.950507802481298e-05,0.003253963805265783
5620,7.15862754683864e-05,0.00335162076970753
5621,4.144600922397028e-05,0.003170541819005354
5622,6.571873236680404e-05,0.003347468325010259
5623,5.5175518840163323e-05,0.0032446113979722573
5624,7.546844717580825e-05,0.0033535167545549515
5625,4.0949854640833415e-05,0.0032710511517879647
5626,3.762349139530367e-05,0.0032351687999706215
5627,8.025708254232692e-05,0.0031560632053260346
5628,9.760871119700217e-05,0.003401467753537586
5629,4.2563370516290885e-05,0.0032250220817697096
5630,7.98660790072366e-05,0.0032725315772484634
5631,6.957839844593158e-05,0.0033683347392929937
5632,9.363327311196675e-05,0.0032996446541400525
5633,5.987750925366223e-05,0.0034220629329536493
5634,3.6411104944515196e-05,0.0032764394688749995
5635,3.505903199159851e-05,0.003271712948142837
5636,4.236721506458707e-05,0.0033435373270048166
5637,5.542669217296255e-05,0.0031963576742367245
5638,0.00010405897094945734,0.0036689954593055333
5639,8.505769170975933e-05,0.0032420513645459816
5640,9.799229689330483e-05,0.0034979699861522264
5641,5.425606347368254e-05,0.0032877712052198143
5642,7.678765953945306e-05,0.003372799799462238
5643,9.05136602644537e-05,0.003291123363557895
5644,5.8657012899251035e-05,0.0034616216059268168
5645,9.745529180994102e-05,0.003325630278201906
5646,8.244453371541264e-05,0.0033387771769111435
5647,6.660792860202491e-05,0.0034215034326670443
5648,3.988849833452453e-05,0.0033378811776784696
5649,3.39177810625794e-05,0.003385706327114929
5650,6.56147771223914e-05,0.003322117515073312
5651,8.017995593642505e-05,0.003372326660323815
5652,6.139528522908222e-05,0.003215256901494572
5653,7.707017624246267e-05,0.0034036277078356094
5654,8.433579205302522e-05,0.003354784085206306
5655,5.472511087039796e-05,0.0033800273594688478
5656,7.537349465565057e-05,0.0032064399767234393
5657,3.449210004570584e-05,0.0033670230731954725
5658,6.061544724313232e-05,0.0033098177195574324
5659,3.8588772198030105e-05,0.0034353893083395566
5660,6.749811558014093e-05,0.003301261977373263
5661,3.762548561401975e-05,0.003341933300784664
5662,2.758309953302766e-05,0.003213661814046158
5663,5.567769452075784e-05,0.003347909858992954
5664,7.181887898089674e-05,0.003308653814523796
5665,6.128918103058823e-05,0.0033311995771148893
5666,6.649624944354097e-05,0.003401533693192512
5667,9.484379285519632e-05,0.0033146900887505745
5668,6.969050385426574e-05,0.003270281195745063
5669,5.783355227322318e-05,0.0032252366471243656
5670,6.590195286359328e-05,0.003488630758539781
5671,7.649870713066775e-05,0.003368882287759334
5672,8.296409614558798e-05,0.0032045142644902646
5673,0.00010582526156213134,0.0032378558635961
5674,4.5773231977364046e-05,0.0033097070958978663
5675,5.240472273726482e-05,0.003116060474128499
5676,8.950297512152852e-05,0.003325004189497036
5677,8.124465372626825e-05,0.0032566704848729896
5678,8.01121716600998e-05,0.003444404441195973
5679,9.456587213207968e-05,0.0029736093894439184
5680,0.0001415189375014355,0.00356760973891786
5681,0.00011630241933744401,0.003095864209229141
5682,9.943327847092101e-05,0.0034179578463759594
5683,0.0001068714421611124,0.00334417497061787
5684,7.180863055206525e-05,0.0033258971534522734
5685,9.455249091843143e-05,0.003364315314225735
5686,6.887334117588277e-05,0.0035298686583643763
5687,0.00013503852969733998,0.0033295813484546383
5688,0.00010281469731125981,0.0034925093669004328
5689,0.00014751645600578436,0.0033227090905310484
5690,8.331247663591057e-05,0.003597549808589287
5691,5.170720614842139e-05,0.003378293369291717
5692,7.40300260076765e-05,0.0033095180933312403
5693,8.442995967925527e-05,0.0034280912194393693
5694,7.056347434020911e-05,0.0034706130931813884
5695,6.165000449982471e-05,0.003250802076040349
5696,4.433885114849545e-05,0.003208646953186592
5697,5.912017131777247e-05,0.003413644616765256
5698,6.37573216711947e-05,0.0032485523361962024
5699,6.787109717455072e-05,0.003323884454453144
5700,9.044634013359125e-05,0.0032667919427823776
5701,8.857501476692657e-05,0.0033022371099209486
5702,5.892617058028312e-05,0.003408406567796478
5703,8.662121448044975e-05,0.003205131381423777
5704,7.448771393683273e-05,0.003390680270738841
5705,7.402382774065093e-05,0.0033773531317784207
5706,8.224968842114322e-05,0.003349151877332552
5707,5.919157313959052e-05,0.003304385833119548
5708,5.3948026106809266e-05,0.003265849427378729
5709,5.916561949561583e-05,0.003323833429021761
5710,6.590193800851315e-05,0.0032970127631272153
5711,5.8318977365464283e-05,0.003271612630218385
5712,8.270651863616271e-05,0.0034633397088499785
5713,7.457240972144063e-05,0.003370081092868968
5714,6.395320112157303e-05,0.0033447787007060284
5715,8.161297567615596e-05,0.003416081202971771
5716,5.703137600600409e-05,0.0032684806565658783
5717,8.179520288346491e-05,0.0034214473947310657
5718,4.649081893148832e-05,0.003324475228295141
5719,9.920311931637116e-05,0.0032866677639668616
5720,7.214898372088404e-05,0.0034544812203714933
5721,4.307001227061846e-05,0.0032091297715257003
5722,9.362163206484789e-05,0.0032463473117521663
5723,6.811086374606627e-05,0.003477309769070817
5724,8.840632678281205e-05,0.0033719949295934965
5725,4.007642540576247e-05,0.0031450979721431775
5726,8.486162550980225e-05,0.003352506549141597
5727,5.6561224179555815e-05,0.0034249714671040145
5728,4.585258690591824e-05,0.003347461372173912
5729,3.0210314253054094e-05,0.0031770181339820774
5730,5.989761424037473e-05,0.0032401286802569945
5731,8.351179306676689e-05,0.003525355542500276
5732,9.220019492204302e-05,0.0031592397027975314
5733,7.756358014982349e-05,0.0032934183110464657
5734,6.653789556973303e-05,0.0031468421106197408
5735,7.398329119799504e-05,0.0035097254992473696
5736,9.690478048772396e-05,0.0032861899583615127
5737,6.281347208035489e-05,0.0032464500698150965
5738,7.197885491526298e-05,0.0032428557080249705
5739,3.670701986872397e-05,0.0032730270937950477
5740,5.412072350736707e-05,0.0032716645411395386
5741,2.344811752360935e-05,0.003363319572728626
5742,9.80611576475591e-05,0.003284267278197478
5743,6.734609244934594e-05,0.003375931047123131
5744,5.1639745652209965e-05,0.003209354699677311
5745,7.318328061955981e-05,0.00340368713602409
5746,3.478419791160074e-05,0.003219091451697521
5747,3.088672522911414e-05,0.003303412956233305
5748,6.989704991913944e-05,0.0032095244419247677
5749,4.6128214550359795e-05,0.003414410185233844
5750,9.553515022465338e-05,0.003265933667155584
5751,6.335658284418362e-05,0.0034668317649469483
5752,0.00010327920608688146,0.0030530948658459124
5753,9.275190774739409e-05,0.003763055468278783
5754,0.00010502505804955338,0.003189167152635577
5755,6.96213319315575e-05,0.0035829138646441268
5756,6.380431077559478e-05,0.0031631322418097553
5757,6.779321471791869e-05,0.0034389053984713834
5758,9.638711975033706e-05,0.003280849853717524
5759,5.568062806560192e-05,0.0034215092066836755
5760,8.172449100432763e-05,0.0032206400568912347
5761,6.95339338562917e-05,0.0033482764574871435
5762,6.470997068390716e-05,0.003302426351505647
5763,3.248301697264348e-05,0.0034021630786509644
5764,6.273645327989167e-05,0.0033229653683205054
5765,3.424691118804428e-05,0.003368612019506496
5766,3.3216325876613456e-05,0.0032945928222492455
5767,5.063592567845869e-05,0.0033559790252355903
5768,8.090922771467983e-05,0.0034082126796821234
5769,5.619259542678871e-05,0.0033968146936234644
5770,3.068306274750891e-05,0.0032698513672313116
5771,3.703455501333034e-05,0.003286380026082501
5772,4.3734684489512195e-05,0.0034226585201567084
5773,3.338851335380847e-05,0.003364070065871365
5774,5.659908741411831e-05,0.003227311705778111
5775,8.261102242007231e-05,0.003414150972769955
5776,5.8064597639410445e-05,0.003305928377383279
5777,3.8346607228353e-05,0.003140803517253087
5778,5.7898265246573526e-05,0.003267871847286395
5779,8.81902046482234e-05,0.0034270183120003544
5780,9.601808754572024e-05,0.0031035714388612337
5781,0.0001041676625997449,0.003437246767965358
5782,8.828694384040621e-05,0.003221373250671318
5783,0.00011019522692852964,0.003268725986731803
5784,6.804363583796657e-05,0.003232921559847598
5785,8.213264494164227e-05,0.003317462471057111
5786,8.564026599439482e-05,0.0034727089943026933
5787,6.801576182624558e-05,0.0032945299533921786
5788,0.00010098921302414965,0.0034299647145882603
5789,9.654992172727361e-05,0.003222984929136404
5790,8.36787582860173e-05,0.003291487988949878
5791,0.00010830767059815116,0.003403432246281098
5792,7.742075249552726e-05,0.0031908678681970993
5793,0.00010246697444623956,0.003355458788537076
5794,7.950782601255924e-05,0.0031572996632298674
5795,5.408578714802085e-05,0.003352519936903607
5796,6.87408130033873e-05,0.0032301126073176908
5797,8.673707358563358e-05,0.0032054701683434154
5798,5.434305033607719e-05,0.0034330274898734855
5799,6.309009246857992e-05,0.003285248131366579
5800,8.010994024516549e-05,0.003346733958827053
5801,6.033315530658001e-05,0.003353928101219706
5802,7.515192191931419e-05,0.0034407830327807917
5803,9.536926469687994e-05,0.0033072752210744254
5804,6.184006221398401e-05,0.0034176642176013176
5805,6.149993156820225e-05,0.0031471540654118457
5806,6.104388691407318e-05,0.00324758091381399
5807,3.867077005755467e-05,0.0032658604941675513
5808,7.693001225561602e-05,0.0032196612881980544
5809,3.6065503930634195e-05,0.0032556934399515626
5810,8.926207901822636e-05,0.003205657018601572
5811,6.88997054870318e-05,0.003348586155930314
5812,6.280099138772736e-05,0.0032188870227257685
5813,8.642818065709434e-05,0.0032925884657370764
5814,7.877844909671694e-05,0.0033461222336645877
5815,3.8798222036954635e-05,0.00330437983635549
5816,4.661264368526948e-05,0.0031896345546527758
5817,5.702319588939038e-05,0.0033356274959840263
5818,4.549333925751853e-05,0.003227297131863137
5819,2.848108269972727e-05,0.0032453590529186167
5820,3.647276413782189e-05,0.00324053218905396
5821,5.895129846370158e-05,0.003146645508515905
5822,3.621906823051783e-05,0.003340990462718077
5823,5.9069046740963435e-05,0.0032054758626109676
5824,6.570056175405625e-05,0.0032632206713296766
5825,6.463879666019541e-05,0.003290441629475012
5826,5.502134178338262e-05,0.003338937431309871
5827,9.111996781333195e-05,0.0034443545265225913
5828,4.768731984465072e-05,0.003267641286512353
5829,7.491454246822589e-05,0.0033974932913675786
5830,7.602579025842716e-05,0.0032863122819900867
5831,6.665340818775196e-05,0.003463215113976809
5832,0.00010036763803024465,0.003262590593108394
5833,5.0111481687054035e-05,0.00337154025351262
5834,9.287510262462698e-05,0.0033281528144363517
5835,4.103217452211538e-05,0.003328154001047644
5836,3.187272874735451e-05,0.0033414779129203437
5837,6.977859059891974e-05,0.00317962130616001
5838,7.549925891604895e-05,0.003495277629983721
5839,6.918589897395578e-05,0.0031657755665030094
5840,7.464960957198249e-05,0.0032926244554879864
5841,3.118659369647503e-05,0.0031752198261729495
5842,7.166770452992448e-05,0.003295370639534667
5843,6.056962041232812e-05,0.0032301967295334036
5844,5.761191981340138e-05,0.0032748400779554665
5845,4.6605604014378815e-05,0.00314930940663816
5846,6.807600778605169e-05,0.0033463017701530666
5847,6.970731507559928e-05,0.0032722172620669593
5848,6.62666444744294e-05,0.003307526170571269
5849,0.00010092408908046006,0.0033294390282029005
5850,6.745630037888381e-05,0.0032599930739484902
5851,4.6928645072815316e-05,0.003099341559183498
5852,4.993056900275406e-05,0.0031497037766031978
5853,5.367514095269144e-05,0.0032303121264503284
5854,5.65782798124322e-05,0.0031776172704774683
5855,8.485002241892895e-05,0.003271281885351678
5856,5.927199308644049e-05,0.0032871988314152585
5857,5.760385647590738e-05,0.003220756047113806
5858,6.160517962901697e-05,0.003222134622917547
5859,6.812942156102509e-05,0.003266726867075804
5860,8.279399504923882e-05,0.003451040133331558
5861,4.739077121485025e-05,0.003446875517733219
5862,8.320706365338992e-05,0.0032977297440112577
5863,9.023686543514486e-05,0.003355683059446279
5864,8.580760210558462e-05,0.0032917612342724914
5865,6.227744124771561e-05,0.003293779314730287
5866,8.186587274394697e-05,0.003245734487748228
5867,5.030772190366406e-05,0.00344424694318207
5868,4.767626145015432e-05,0.0030949865220349254
5869,6.632087315665558e-05,0.003348249260530492
5870,0.00010941098371404223,0.0031690433892736752
5871,7.42070338371074e-05,0.0033735348723872793
5872,9.434884317064038e-05,0.003329091359802529
5873,9.015944791220439e-05,0.00335108293550397
5874,3.404099540299891e-05,0.0032497224114710595
5875,3.480004622057701e-05,0.0032384743635344693
5876,6.327720087332031e-05,0.0032798762031735515
5877,8.183393232078137e-05,0.0033752068246560773
5878,8.098773144714263e-05,0.00325365893187104
5879,7.882419813540765e-05,0.003377442016939112
5880,3.3655802447659273e-05,0.0033613865898086096
5881,5.9057920710377704e-05,0.0031118518125181505
5882,6.40589964556663e-05,0.0033889188363370815
5883,3.2321414134154715e-05,0.0032127686000729756
5884,3.5841362599361064e-05,0.003252831048893148
5885,8.499280217317088e-05,0.0033880565466733255
5886,7.57516645535361e-05,0.003371015210786292
5887,0.0001043135899938837,0.003401159602639038
5888,6.645313357391084e-05,0.0032655819645518156
5889,6.890964577905833e-05,0.00337519609794666
5890,4.234296502545476e-05,0.0030621221684575756
5891,4.9122434332578754e-05,0.00330376213115794
5892,6.434434823556027e-05,0.0032216443929557258
5893,6.436445364670363e-05,0.003328495331229569
5894,8.598547283327207e-05,0.0031491541477858902
5895,3.449258086523817e-05,0.003241615958409164
5896,9.709135241185626e-05,0.0032893339704582834
5897,5.987149961583782e-05,0.003192945643819458
5898,6.38275733156964e-05,0.003311089238181241
5899,7.038473601520916e-05,0.003124112185864438
5900,8.318979222773729e-05,0.003289183705319159
5901,3.474423089452709e-05,0.003274068759761633
5902,8.113847531300659e-05,0.0032825127631741185
5903,6.767860613763333e-05,0.003301522350782074
5904,5.72917975053618e-05,0.0032653984921713042
5905,5.798944536460719e-05,0.003300577872359436
5906,5.5319988556827106e-05,0.003280666267442495
5907,9.013329399749636e-05,0.0032544595869551376
5908,6.895588812767528e-05,0.0031849200347819785
5909,3.7236696516629306e-05,0.0033918886819458384
5910,5.892975605092943e-05,0.0030380188731300665
5911,9.88472865477282e-05,0.0034587096964196103
5912,0.00010099145753580766,0.0031544384933865125
5913,6.489145295442237e-05,0.003264717117875932
5914,4.0483449265593666e-05,0.00312860923320583
5915,7.035602830001153e-05,0.0034042154035464987
5916,9.228091348632007e-05,0.003170820401328814
5917,9.530030741492132e-05,0.0033023942534181135
5918,3.19806880725082e-05,0.003219960365118092
5919,6.296044933454445e-05,0.003234587809598939
5920,7.536695253899477e-05,0.0032676188486048907
5921,3.5710829676342354e-05,0.0032538985650194443
5922,6.91261799147469e-05,0.0033123352451205957
5923,6.081151829372781e-05,0.0032423732909520604
5924,8.194968625806117e-05,0.00334108847387751
5925,7.788751102755971e-05,0.0033270814419379385
5926,3.409979472053237e-05,0.0033273543680350727
5927,6.296514008378533e-05,0.0032090924590400705
5928,7.942138787863466e-05,0.003484671690691937
5929,8.00305169832427e-05,0.003153812756219248
5930,4.210495111086251e-05,0.0033303013371164345
5931,7.755506376270205e-05,0.003283105747073918
5932,3.713357073138468e-05,0.003189486832775938
5933,7.134303499090796e-05,0.0033174408808273564
5934,8.479988828185015e-05,0.0031285842430986846
5935,7.776274239101137e-05,0.0034241001589194408
5936,0.0001025700987156597,0.003360021527577925
5937,9.285438536608127e-05,0.0033598347634854397
5938,6.624140223721042e-05,0.003180975220936138
5939,6.0618653757652886e-05,0.003336970514698526
5940,7.289510225139869e-05,0.003458152314296036
5941,0.00011535245672954867,0.0033337300341745
5942,6.293740989349317e-05,0.003271733324490781
5943,0.00011006147918427208,0.0035669664390784814
5944,0.0001128765092289541,0.0032603550584543142
5945,0.0001141930323986647,0.003192952613155614
5946,9.594231293400905e-05,0.00335282629894782
5947,0.00010383401386206969,0.003228070514137292
5948,0.00011072823593470579,0.003444921651554448
5949,0.00010042680927047816,0.0034613435882635004
5950,8.837625585632244e-05,0.0033029651099276973
5951,6.053221363799821e-05,0.0033186379041867404
5952,5.483638112006398e-05,0.003329530619561496
5953,9.446319260556872e-05,0.0032193044676742423
5954,6.905217754441159e-05,0.0034621377690057234
5955,7.449685945175588e-05,0.003255622033130627
5956,9.885819163173437e-05,0.0031305175887853436
5957,9.401834880312284e-05,0.0034947856063551204
5958,0.00011484290104514608,0.002863742161806174
5959,8.063571440288796e-05,0.0033634231697610307
5960,8.108190158964134e-05,0.003193564567252935
5961,5.2637222446113204e-05,0.0033924170764251136
5962,3.1681458979922655e-05,0.0031414274618993916
5963,5.82318402545449e-05,0.0033667743220690666
5964,9.664197899231416e-05,0.0031306379729988216
5965,8.301011112052948e-05,0.003379208432908324
5966,7.091961330540168e-05,0.0032985894115803043
5967,3.0181394746856918e-05,0.003168125752832623
5968,3.632813574464914e-05,0.003200720339109681
5969,8.823454615291363e-05,0.0033143166721684813
5970,6.477370576855417e-05,0.003167833804288571
5971,3.131315946423759e-05,0.0032649854029433464
5972,6.59974020284911e-05,0.003305188691844856
5973,4.129994728524859e-05,0.0032230108083999443
5974,9.66286880914898e-05,0.0032538520807022684
5975,3.5564870389256004e-05,0.0032233731962344426
5976,5.088463652403637e-05,0.0031911238288235533
5977,8.028937748652728e-05,0.0032342630504964168
5978,6.336331668232257e-05,0.0033322235800355205
5979,5.584103043171732e-05,0.003140298349692992
5980,3.363225017286216e-05,0.003280965024449562
5981,8.315325855316284e-05,0.0032387901286367237
5982,8.219046697680218e-05,0.003340620816571594
5983,5.705197096782892e-05,0.0031867482913493024
5984,6.949659873498604e-05,0.0034573182461812625
5985,7.07307256864927e-05,0.0032940755800369716
5986,9.965253799843291e-05,0.0032147529439204995
5987,9.095753315098894e-05,0.003401387506714604
5988,6.802980036203128e-05,0.0031896069018888897
5989,6.016752231516875e-05,0.0033306756055011878
5990,7.542661890814391e-05,0.003372853382593241
5991,5.6272014383769904e-05,0.003208697240938997
5992,7.801711253705435e-05,0.0034465058864823974
5993,0.00010923066802206449,0.003055620409628948
5994,0.0001050866561854491,0.00356103376371742
5995,0.0001208296453114599,0.003288373088933469
5996,7.705030220677145e-05,0.003422374891183214
5997,6.839448202905866e-05,0.0032250104104462043
5998,8.589229667753292e-05,0.0033653065549415044
5999,9.381492418469861e-05,0.003330425508494496
6000,4.5124539853228876e-05,0.003321139975845095
6001,0.00010056320000633908,0.00326893205285131
6002,8.455803496569085e-05,0.003585320680611217
6003,0.00010197313446648574,0.0034688709507234338
6004,9.917853555331627e-05,0.003019191599249341
6005,8.022230783050569e-05,0.0034247887674645765
6006,7.617209606299487e-05,0.003165941101528235
6007,3.3452366187702866e-05,0.0032957139215065447
6008,3.744364306233668e-05,0.0031892989590712713
6009,5.2977366552416544e-05,0.0031837205921380423
6010,3.509736112998022e-05,0.0033099864275876697
6011,6.09769736911403e-05,0.0030834139718886786
6012,0.00010081464157944235,0.0032620336865001602
6013,8.051498516579159e-05,0.0032184937286858016
6014,2.7794465556022866e-05,0.003199145986192574
6015,6.314611188524092e-05,0.003235456841497308
6016,5.395776194442684e-05,0.00336955612026683
6017,9.32928960537538e-05,0.0033521432402969053
6018,9.568953222090688e-05,0.003177627314278108
6019,8.081920289744933e-05,0.0031928157055288496
6020,9.623653544016027e-05,0.0032904951624190947
6021,5.388617598024818e-05,0.0032569844464544117
6022,6.391897059074836e-05,0.0032716132851691522
6023,5.5437366002782557e-05,0.003289260183769007
6024,8.808766645718909e-05,0.0031512817095206156
6025,5.573585052237225e-05,0.0032314840492455098
6026,3.211415763265298e-05,0.003264982876639197
6027,1.987929560224681e-05,0.00315578543859732
6028,6.970644365840901e-05,0.0031433746919464906
6029,6.0272451082710174e-05,0.0032951004613432887
6030,5.857678540147996e-05,0.003179404415248886
6031,9.678627587466811e-05,0.0032138068771620436
6032,6.578405082109384e-05,0.0031448523342099744
6033,2.5125906298247476e-05,0.0031750128653971112
6034,5.539915885795684e-05,0.003134588911711407
6035,8.984137675724924e-05,0.003274257576705404
6036,6.984213311322189e-05,0.0031670931878859014
6037,4.8400252004891324e-05,0.0031889107034314334
6038,5.070633924333379e-05,0.003110777717780351
6039,3.561816592991818e-05,0.0032678458034830888
6040,3.750793645546461e-05,0.003154787133213162
6041,9.453200497470486e-05,0.0031476344740912904
6042,7.621533853428749e-05,0.0031677260215753527
6043,5.911126378729629e-05,0.0032241378824215557
6044,4.184994383346445e-05,0.003116507512172611
6045,9.897588958362273e-05,0.00319988499798878
6046,5.292905019208168e-05,0.003393652916273586
6047,9.292648355767597e-05,0.003157464749781107
6048,3.585803582003185e-05,0.0032024837688425572
6049,9.21624250622699e-05,0.003215805859319631
6050,8.816149202175438e-05,0.0033486853032849554
6051,8.661705287522636e-05,0.0032126905681202408
6052,5.98770488674442e-05,0.003211755807856171
6053,2.9624244780279697e-05,0.003184889418468994
6054,5.489610181636332e-05,0.0032560246701876625
6055,3.3149340015370396e-05,0.003303644318852251
6056,8.349055557725175e-05,0.0032278566637743765
6057,6.53148378963427e-05,0.0033354006137508224
6058,6.718603872286621e-05,0.0030892069002807754
6059,5.506681773113087e-05,0.003353390466847171
6060,3.1117826589858545e-05,0.003209923276004902
6061,3.853353567440839e-05,0.003155244396784981
6062,3.997020661093605e-05,0.0032241081096613267
6063,6.762128881139991e-05,0.0033851129866359153
6064,6.493372032612872e-05,0.0031692858498477503
6065,0.00010242480772528021,0.00315204097987446
6066,4.121740251624336e-05,0.0033604138178794873
6067,9.293070130903895e-05,0.0031414000967363498
6068,6.390021201999238e-05,0.0034423794321932163
6069,0.00010702279590380688,0.003240426482566757
6070,5.073449174233247e-05,0.00333493840504863
6071,6.680205454661821e-05,0.0032627646718265883
6072,8.382563367680026e-05,0.0032234780176902027
6073,6.989528677271058e-05,0.0033391046197534958
6074,3.9842700789449734e-05,0.0030771539414550845
6075,9.288020325281347e-05,0.0034485087243246106
6076,7.18854263444276e-05,0.003186233492942131
6077,4.180698039514634e-05,0.0032276893694569747
6078,5.961197178597407e-05,0.00326507510186547
6079,6.128161985543556e-05,0.0032597925726188656
